plot_key,lat,lon,gps_acc_m,alt_m,district,block,habitation,site_polygon,n_trees,loreys_h_m,h_top5_m,h_mean_m,h_max_m,dbh_mean_cm,basal_area_cm2,crown_cover_pct,n_species,dominant_sp,sp_dominance,eth_chm,eth_chm_3x3,eth_chm_std_3x3,eth_sd,eth_sd_3x3,ndvi_amplitude,ndvi_mean,meta_chm,meta_chm_3x3,glad_chm,gedi_n_50m,gedi_rh98_50m,vh_iqr,vh_p10,vh_p50,vh_p90,vv_iqr,vv_minus_vh_median,vv_p10,vv_p50,vv_p90,ndvi_seasonal_diff,off_B11,off_B12,off_B4,off_B5,off_B6,off_B7,off_B8,off_B8A,off_nbr,off_ndmi,off_ndre,off_ndvi,on_B11,on_B4,on_B8,on_ndvi,meta_mean_15m,meta_p95_15m,meta_mean_30m,meta_p95_30m
18.55814_82.928984,18.5581,82.929,4.993,881.7831,KORAPUT,POTTANGI,CHAMPAKENDA,,12,12.8487,8.4,4.265,15.0,10.0268,2529.1312,33.0,6,Other,0.3333,20,20.22222137451172,0.4157397096415625,7,6.888888835906982,0.0749250804901041,0.8378095050518318,10,11.0,20,,,0.0,-16.026887893676758,-16.026887893676758,-16.026887893676758,0.0,6.915177345275879,-9.111711502075195,-9.111711502075195,-9.111711502075195,0.1086769625544548,0.1504999995231628,0.0733666643500328,0.0345333330333232,0.1055499985814094,0.2220166623592376,0.2646999955177307,0.263066679239273,0.289083331823349,0.5638561248779297,0.2721850574016571,0.4273183643817901,0.7679211497306824,0.1613000035285949,0.0221999995410442,0.3375999927520752,0.8765981197357178,10.517354681964612,13.0,9.873797913006179,13.000000000000002
18.575806_82.837232,18.5758,82.8372,7.7,915.2,KORAPUT,SEMILIGUDA,HANDAPUR,,13,5.2764,5.4,3.9831,6.0,7.6443,864.5328,28.0,10,Unidentified tree Tangiachina,0.1538,11,8.44444465637207,4.645454435637082,5,4.222222328186035,0.1980666193049283,0.4770229258714081,0,0.0,4,,,0.0,-16.36977767944336,-16.36977767944336,-16.36977767944336,0.0,4.23270320892334,-12.13707447052002,-12.13707447052002,-12.13707447052002,0.3612206280231476,0.3400000035762787,0.2348500043153762,0.1125999987125396,0.1508000046014785,0.1859000027179718,0.2004500031471252,0.2067999988794326,0.2135999947786331,-0.0635118335485458,-0.2435991168022155,0.1565995514392852,0.2949279844760895,0.2685000002384186,0.0582999996840953,0.2808000147342682,0.6561486124992371,0.0,0.0,0.0,0.0
18.576485_82.834653,18.5765,82.8347,7.133,987.6,KORAPUT,SEMILIGUDA,HANDAPUR,,13,4.6784,5.2,3.3177,6.0,6.5866,649.4317,28.0,9,Sunari Cassia fistul,0.1538,12,11.777777671813965,0.4157397096415625,5,5.333333492279053,0.2257188543993497,0.5017597228335444,0,0.0,3,,,0.0,-18.32769012451172,-18.32769012451172,-18.32769012451172,0.0,7.619740962982178,-10.707948684692385,-10.707948684692385,-10.707948684692385,0.3901191353797912,0.2678999900817871,0.1774999946355819,0.0921666696667671,0.1243000030517578,0.1713999956846237,0.1921499967575073,0.1985999941825866,0.2181500047445297,0.0561021007597446,-0.1485530585050583,0.2301021963357925,0.3660438060760498,0.2046000063419342,0.045499999076128,0.3276999890804291,0.7561629414558411,0.0,0.0,0.0,0.0
18.576947_82.837561,18.5769,82.8376,4.99,917.6,KORAPUT,SEMILIGUDA,HANDAPUR,,18,5.8655,6.4,4.1283,7.0,7.6925,1322.0205,33.0,13,Kala Bhalia Anacardium Semecarpus,0.1111,13,13.0,0.0,5,5.0,0.2231817114986743,0.7789447900917089,0,0.0,0,,,0.0,-14.43631362915039,-14.43631362915039,-14.43631362915039,0.0,3.155847787857056,-11.280466079711914,-11.280466079711914,-11.280466079711914,0.323577344417572,0.2383999973535537,0.1462000012397766,0.0612000003457069,0.1123000010848045,0.1608249992132187,0.1829666644334793,0.1975249946117401,0.2171500027179718,0.1493199467658996,-0.0937661305069923,0.2750746309757232,0.5269108414649963,0.1755000054836273,0.0267999991774559,0.3316999971866607,0.8504881262779236,0.0,0.0,0.0,0.0
18.577371_82.836942,18.5774,82.8369,5.124,983.2,KORAPUT,SEMILIGUDA,HANDAPUR,,9,4.9898,5.2,4.2222,6.0,6.7906,437.8352,23.0,8,Sunari Cassia fistula,0.2222,14,14.0,0.0,5,5.111111164093018,0.1905601181096808,0.7863726799778334,0,0.0,5,,,0.0,-15.257874488830566,-15.257874488830566,-15.257874488830566,0.0,6.191279411315918,-9.066595077514648,-9.066595077514648,-9.066595077514648,0.2905466854572296,0.2371499985456466,0.1434500068426132,0.0599999986588954,0.1168999969959259,0.1659000068902969,0.1894000023603439,0.2154666632413864,0.221900001168251,0.2006501108407974,-0.0479066185653209,0.2965600192546844,0.5643755793571472,0.1723500043153762,0.025900000706315,0.3311499953269958,0.8549222946166992,0.0,0.0,0.0,0.0
18.577439_82.833436,18.5774,82.8334,4.874,910.7036,KORAPUT,SEMILIGUDA,HANDAPUR,,36,4.5113,5.0,3.1261,5.0,5.2963,1060.0515,38.0,14,Charkauli Buchanania lanzan,0.2778,14,14.44444465637207,0.4969039949999476,5,5.222222328186035,0.1906938951647362,0.7652553894793088,0,0.0,7,,,0.0,-10.39921760559082,-10.39921760559082,-10.39921760559082,0.0,5.6215009689331055,-4.777716636657715,-4.777716636657715,-4.777716636657715,0.2447069436311721,0.2322500050067901,0.140091672539711,0.0554499998688697,0.1144699975848198,0.1822749972343444,0.2105000019073486,0.229200005531311,0.2347500026226043,0.2412952780723571,-0.0066096000373363,0.3338376879692077,0.6103987097740173,0.1872999966144561,0.0284499991685152,0.3642500042915344,0.8551056981086731,0.0,0.0,0.0,0.0
18.577547_82.836866,18.5775,82.8369,4.939,945.509,KORAPUT,SEMILIGUDA,HANDAPUR,,34,7.76,8.0,3.7462,8.0,9.5587,6891.3295,28.0,14,Charkauli Buchanania lanzan,0.1765,14,14.0,0.0,5,5.0,0.224186657682653,0.7733457414704453,0,0.0,5,,,0.0,-13.825723648071287,-13.825723648071287,-13.825723648071287,0.0,3.777571678161621,-10.048151969909668,-10.048151969909668,-10.048151969909668,0.2793850004673004,0.2320999950170517,0.1412000060081482,0.0560999996960163,0.1117499992251396,0.1616999953985214,0.1835000067949295,0.2124666720628738,0.2142000049352646,0.2015080153942108,-0.0441628545522689,0.3106461763381958,0.5822266340255737,0.1685999929904937,0.0240000002086162,0.3228499889373779,0.8616116642951965,0.0,0.0,0.0,0.0
18.577639_82.837776,18.5776,82.8378,4.657,917.1311,KORAPUT,SEMILIGUDA,HANDAPUR,,34,6.0694,12.2,4.3103,35.0,9.3621,4627.43,33.0,11,Amba Mangifera indica,0.3235,13,13.333333015441896,0.4714045207910317,5,5.0,0.2092405217671346,0.753277509241599,0,0.0,0,,,0.0,-16.623882293701172,-16.623882293701172,-16.623882293701172,0.0,4.964858055114746,-11.65902328491211,-11.65902328491211,-11.65902328491211,0.2557463049888611,0.2355333268642425,0.1428000032901764,0.0554499998688697,0.1094999983906745,0.1637499928474426,0.1856999993324279,0.2093999981880188,0.2160000056028366,0.1890971064567566,-0.0587353892624378,0.3132643401622772,0.5812724232673645,0.1721500009298324,0.026350000873208,0.296999990940094,0.8370187282562256,0.0,0.0,0.0027009350001456368,0.0
18.577673_82.838437,18.5777,82.8384,5.0,920.3,KORAPUT,SEMILIGUDA,HANDAPUR,,10,5.2147,5.4,3.89,6.0,6.7482,560.3846,38.0,7,Sindura Bixa orellana,0.2,13,13.0,0.0,5,5.0,0.240787905443477,0.6566765932042364,0,0.0,0,,,0.0,-15.644953727722168,-15.644953727722168,-15.644953727722168,0.0,4.831237316131592,-10.813716888427734,-10.813716888427734,-10.813716888427734,0.3727168142795563,0.2662000060081482,0.1731999963521957,0.0712999999523162,0.1094999983906745,0.147499993443489,0.1665000021457672,0.177849993109703,0.1972000002861023,0.0132459765300154,-0.1989640742540359,0.237863227725029,0.4276540279388428,0.1992499977350235,0.0322999991476535,0.2912999987602234,0.8003708124160767,0.0,0.0,0.0,0.0
18.577748_82.835758,18.5777,82.8358,3.9,921.8342,KORAPUT,SEMILIGUDA,HANDAPUR,,37,7.231,7.6,3.7397,8.0,8.8783,4683.7708,23.0,13,Amba Mangifera indica,0.1892,14,14.222222328186035,0.4157397096415625,6,6.0,0.2111384658005347,0.7479004174613136,0,0.0,5,,,0.0,-10.415888786315918,-10.415888786315918,-10.415888786315918,0.0,4.463284492492676,-5.952603816986084,-5.952603816986084,-5.952603816986084,0.2749571204185486,0.240349993109703,0.1474000066518783,0.0575250014662742,0.1151833310723304,0.1695999950170517,0.1916999965906143,0.2079750001430511,0.2217333316802978,0.170453742146492,-0.072213239967823,0.2871399521827698,0.5666666626930237,0.1823000013828277,0.0276999995112419,0.3221000134944916,0.8416237831115723,0.0,0.0,0.0,0.0
18.577832_82.83856,18.5778,82.8386,4.657,911.8712,KORAPUT,SEMILIGUDA,HANDAPUR,,35,4.3922,5.0,2.7754,5.0,5.8842,1383.4543,23.0,13,Pitmari Cipadessa baccifera,0.2,13,13.0,0.0,5,5.0,0.2452903674100023,0.6563110248204936,0,0.0,3,,,0.0,-12.315496444702148,-12.315496444702148,-12.315496444702148,0.0,1.797325849533081,-10.518170356750488,-10.518170356750488,-10.518170356750488,0.3563692271709442,0.2694999873638153,0.1777999997138977,0.0671999976038932,0.1102000027894973,0.1458999961614608,0.1658499985933303,0.1835999935865402,0.1955499947071075,0.0160486996173858,-0.1895828694105148,0.249829813838005,0.4641148447990417,0.1976999938488006,0.0280000008642673,0.283950001001358,0.8204840421676636,0.0,0.0,0.0,0.0
18.578127_82.840014,18.5781,82.84,4.858,935.3389,KORAPUT,SEMILIGUDA,HANDAPUR,,29,4.9175,5.2,2.7759,6.0,6.6406,2438.4925,18.0,11,Pitmari Cipadessa baccifera,0.1724,12,11.777777671813965,0.4157397096415625,5,5.0,0.2407784547071366,0.6438512374288954,0,0.0,0,,,0.0,-14.738247871398926,-14.738247871398926,-14.738247871398926,0.0,9.44679069519043,-5.291457176208496,-5.291457176208496,-5.291457176208496,0.3646582961082458,0.2809000015258789,0.1847999989986419,0.0722666680812835,0.1156999990344047,0.1550000011920929,0.1776999980211258,0.1859000027179718,0.2091333270072937,0.0029673590324819,-0.2035132795572281,0.2327586263418197,0.4401549398899078,0.2120999991893768,0.033050000667572,0.3055999875068664,0.8048132061958313,0.0,0.0,0.0,0.0
18.578158_82.833453,18.5782,82.8335,4.836,879.5299,KORAPUT,SEMILIGUDA,HANDAPUR,,34,8.1068,9.0,4.1838,9.0,9.1186,4205.6694,48.0,13,Amba Mangifera indica,0.3824,15,14.777777671813965,0.4157397096415625,5,4.777777671813965,0.188986657899745,0.7446272725029947,3,1.2222222089767456,7,,,0.0,-13.53575038909912,-13.53575038909912,-13.53575038909912,0.0,9.2490816116333,-4.28666877746582,-4.28666877746582,-4.28666877746582,0.2479629665613174,0.2354249954223632,0.1488749980926513,0.0521666668355464,0.1091250032186508,0.1773249953985214,0.2020333260297775,0.1940000057220459,0.2277749925851822,0.1316077262163162,-0.0964662060141563,0.2800000011920929,0.5761678814888,0.1863999962806701,0.0258000008761882,0.2675999999046325,0.8241308927536011,0.954692608586305,4.0,0.30358951947716567,2.0
18.57816_82.833364,18.5782,82.8334,11.214,974.6,KORAPUT,SEMILIGUDA,HANDAPUR,,15,5.7268,6.0,4.2133,8.0,7.4485,943.5501,23.0,8,Jamu Koli Syzygium cumini,0.2,14,14.55555534362793,0.4969039949999476,4,4.55555534362793,0.2302355160356139,0.6469220276029006,0,0.8888888955116272,8,,,0.0,-13.53575038909912,-13.53575038909912,-13.53575038909912,0.0,9.2490816116333,-4.28666877746582,-4.28666877746582,-4.28666877746582,0.355945885181427,0.2694999873638153,0.1760500073432922,0.0790333300828933,0.1238000020384788,0.1738499999046325,0.1959249973297119,0.2040500044822693,0.2245000004768371,0.0736648216843605,-0.1382113844156265,0.244776576757431,0.4416249692440033,0.2082500010728836,0.0350000001490116,0.3107999861240387,0.7975708246231079,0.516403135618161,2.0,0.29717249115037797,2.0
18.578309_82.834858,18.5783,82.8349,4.719,931.9496,KORAPUT,SEMILIGUDA,HANDAPUR,,34,9.8768,10.4,4.39,13.0,11.0753,7998.7296,38.0,12,Amba Mangifera indica,0.2059,13,13.333333015441896,0.4714045207910317,6,6.0,0.2156455026975108,0.7421470297707202,0,0.0,11,,,0.0,-13.530474662780762,-13.530474662780762,-13.530474662780762,0.0,6.112947940826416,-7.4175262451171875,-7.4175262451171875,-7.4175262451171875,0.2940845489501953,0.2263499945402145,0.1384125053882599,0.0639000013470649,0.1133499965071678,0.1831499934196472,0.2095749974250793,0.2138999998569488,0.2379499971866607,0.2142629027366638,-0.028279386460781,0.3072574436664581,0.53995680809021,0.1775999963283538,0.0293000005185604,0.3237999975681305,0.8340413570404053,0.008187028108796509,0.0,0.028893153072264668,0.0
18.578415_82.837159,18.5784,82.8372,4.762,1141.7,KORAPUT,SEMILIGUDA,HANDAPUR,,10,5.686,5.8,3.743,8.0,5.4431,415.9514,28.0,8,Hadjam,0.2,14,13.666666984558104,0.4714045207910317,5,4.888888835906982,0.2324743533197521,0.6850072919233041,0,0.0,4,,,0.0,-11.771434783935549,-11.771434783935549,-11.771434783935549,0.0,2.243381977081299,-9.52805233001709,-9.52805233001709,-9.52805233001709,0.370554506778717,0.2477000057697296,0.1571000069379806,0.068800002336502,0.1094499975442886,0.1451999992132187,0.1644999980926513,0.1755666732788086,0.1915999948978424,0.0555110238492488,-0.1704205423593521,0.2319747358560562,0.4369117319583893,0.1870000064373016,0.0303000006824731,0.2844499945640564,0.8074662685394287,0.0,0.0,0.0,0.0
18.57855_82.839376,18.5785,82.8394,4.933,996.3,KORAPUT,SEMILIGUDA,HANDAPUR,,17,5.491,6.2,3.6359,8.0,6.5909,931.2156,38.0,12,Bija Pterocarpus marsupium,0.1176,12,11.666666984558104,0.4714045207910317,5,5.0,0.2374490342780315,0.6743188124940824,0,0.0,3,,,0.0,-20.27125358581543,-20.27125358581543,-20.27125358581543,0.0,11.25250244140625,-9.018752098083496,-9.018752098083496,-9.018752098083496,0.358547568321228,0.2743250131607055,0.1827999949455261,0.0722000002861023,0.1148499995470047,0.1497000008821487,0.1718000024557113,0.1811333298683166,0.2008000016212463,-0.0045795934274792,-0.2046107351779937,0.2239427864551544,0.4300000071525574,0.2093999981880188,0.0354500003159046,0.2998499870300293,0.7885475754737854,0.0,0.0,0.0,0.0
18.578663_82.834354,18.5787,82.8344,4.509,919.55,KORAPUT,SEMILIGUDA,HANDAPUR,,35,4.5395,5.0,3.0763,5.0,5.0657,935.9106,18.0,16,Pitmari Cipadessa baccifera,0.1714,14,14.0,0.0,5,5.333333492279053,0.2044496194274413,0.7678849873198579,0,0.0,9,,,0.0,-11.003751754760742,-11.003751754760742,-11.003751754760742,0.0,7.082672595977783,-3.921079874038696,-3.921079874038696,-3.921079874038696,0.2785460352897644,0.2392999976873397,0.145699992775917,0.0603500008583068,0.1198333352804184,0.1831333339214325,0.2096000015735626,0.2238000035285949,0.2401999980211258,0.2113667130470276,-0.0334700942039489,0.3025511801242828,0.5752243399620056,0.1817999929189682,0.0271000005304813,0.3435499966144562,0.85377037525177,0.0,0.0,0.0,0.0
18.578716_82.835005,18.5787,82.835,4.754,939.5088,KORAPUT,SEMILIGUDA,HANDAPUR,,34,4.7037,5.4,2.9103,6.0,4.8964,900.2599,23.0,12,Charkauli Buchanania lanzan,0.2353,14,14.0,0.0,5,5.44444465637207,0.2185889856061877,0.7826179145084136,0,0.0,13,,,0.0,-12.318659782409668,-12.318659782409668,-12.318659782409668,0.0,3.892589569091797,-8.426070213317871,-8.426070213317871,-8.426070213317871,0.303288459777832,0.2380000054836273,0.1421499997377395,0.0623333342373371,0.1207500025629997,0.1830500066280365,0.2066999971866607,0.2262666672468185,0.2385749965906143,0.2283193916082382,-0.0252728313207626,0.304067999124527,0.5680295825004578,0.1713500022888183,0.0237000007182359,0.344650000333786,0.8713180422782898,0.0,0.0,0.22101517882089045,0.0
18.578741_82.834651,18.5787,82.8347,6.258,958.8,KORAPUT,SEMILIGUDA,HANDAPUR,,17,5.4319,5.8,3.7147,7.0,6.2164,795.1381,38.0,11,Amba Mangifera indica,0.1765,14,14.0,0.0,6,5.666666507720947,0.2050315054053584,0.7498024613336565,0,0.0,9,,,0.0,-11.52430248260498,-11.52430248260498,-11.52430248260498,0.0,8.931532859802246,-2.592769861221313,-2.592769861221313,-2.592769861221313,0.2943728566169739,0.2463999986648559,0.1506000012159347,0.0638749971985817,0.124449998140335,0.1895499974489212,0.2144500017166137,0.2308499962091446,0.2480500042438507,0.2103814333677292,-0.0325825028121471,0.2994652390480041,0.5665450692176819,0.1815000027418136,0.025000000372529,0.3345000147819519,0.8609179258346558,0.0,0.0,0.0,0.0
18.579554_82.833869,18.5796,82.8339,6.433,949.6,KORAPUT,SEMILIGUDA,HANDAPUR,,13,5.2346,5.2,3.6923,6.0,6.8804,804.6078,23.0,11,Amba Mangifera indica,0.1538,12,12.333333015441896,0.4714045207910317,5,5.0,0.2291827813275254,0.65881760182021,0,0.0,3,,,0.0,-11.647781372070312,-11.647781372070312,-11.647781372070312,0.0,3.034006357192993,-8.613774299621582,-8.613774299621582,-8.613774299621582,0.3412610292434692,0.2773500084877014,0.1795199960470199,0.0747499987483024,0.124049998819828,0.1806749999523162,0.204475000500679,0.2056666612625122,0.2329999953508377,0.0678805112838745,-0.1484075784683227,0.247535765171051,0.4668647944927215,0.2080000042915344,0.0366000011563301,0.3449000120162964,0.8081257939338684,0.0,0.0,0.0,0.0
18.586698_82.830332,18.5867,82.8303,13.718,916.4,KORAPUT,SEMILIGUDA,HATIMUNDA,,5,11.4201,6.6,6.6,12.0,7.4485,404.0148,43.0,4,Amba Mangifera indica,0.4,15,14.777777671813965,0.4157397096415625,6,5.888888835906982,0.1674401301296031,0.8197766972238145,0,0.0,14,,,0.0,-13.694133758544922,-13.694133758544922,-13.694133758544922,0.0,9.617618560791016,-4.0765156745910645,-4.0765156745910645,-4.0765156745910645,0.2361540496349334,0.2021999955177307,0.1130499988794326,0.0461999997496604,0.1030599996447563,0.1924333274364471,0.2244666665792465,0.2391999959945678,0.2517857253551483,0.3581263422966003,0.0838241949677467,0.3977677822113037,0.6762438416481018,0.1589999943971634,0.0176999997347593,0.3864000141620636,0.9123979210853576,0.0,0.0,0.0,0.0
18.587339_82.828831,18.5873,82.8288,7.404,979.6,KORAPUT,SEMILIGUDA,HATIMUNDA,,8,6.8528,7.0,5.775,11.0,8.7933,632.243,43.0,6,Jamu Koli Syzygium cumini,0.25,19,19.0,0.6666666666666666,6,6.55555534362793,0.0763821162584247,0.8426592889088664,7,4.222222328186035,8,,,0.0,-13.512310981750488,-13.512310981750488,-13.512310981750488,0.0,6.088496685028076,-7.423813819885254,-7.423813819885254,-7.423813819885254,0.1027272418141365,0.168500006198883,0.0864999964833259,0.0366000011563301,0.1084000021219253,0.2338999956846237,0.2694999873638153,0.2994000017642975,0.2948000133037567,0.551697313785553,0.2797606289386749,0.4683668613433838,0.7821428775787354,0.1441999971866607,0.0226000007241964,0.3700000047683716,0.8848701119422913,3.0442985483517115,7.0,2.5061992581812595,8.0
18.587424_82.827393,18.5874,82.8274,4.9,976.7,KORAPUT,SEMILIGUDA,HATIMUNDA,,11,4.4811,5.0,4.3636,5.0,7.0607,586.8043,78.0,8,Amba Mangifera indica,0.2727,17,17.0,0.0,6,6.0,0.0899407544764874,0.8165976303143113,0,2.222222328186035,16,,,0.0,-23.100719451904297,-23.100719451904297,-23.100719451904297,0.0,6.64040470123291,-16.46031379699707,-16.46031379699707,-16.46031379699707,0.1535838693380355,0.1780750006437301,0.0934000015258789,0.041733331978321,0.1045999974012374,0.2121250033378601,0.257099986076355,0.2649999856948852,0.2826499938964844,0.4787946343421936,0.196185752749443,0.4339826703071594,0.7278852462768555,0.1604000031948089,0.0212999992072582,0.3380999863147735,0.8814691305160522,0.7522673643995699,2.0,2.415428903604773,6.999999999999999
18.587441_82.81896,18.5874,82.819,4.941,895.4482,KORAPUT,SEMILIGUDA,BILAPUT,,58,5.5957,6.6,3.8943,7.0,7.0577,3153.1777,28.0,14,Amba Mangifera indica,0.2069,16,15.666666984558104,0.4714045207910317,7,6.777777671813965,0.1515721037215568,0.7138720333916381,0,0.0,5,,,0.0,-11.502561569213867,-11.502561569213867,-11.502561569213867,0.0,1.5720487833023071,-9.930512428283691,-9.930512428283691,-9.930512428283691,0.2469723671674728,0.2330666631460189,0.1431999951601028,0.052700001746416,0.1053249984979629,0.1721625030040741,0.1957499980926513,0.2159000039100647,0.2212000042200088,0.2024505734443664,-0.0382359474897384,0.344229131937027,0.607594907283783,0.1718000024557113,0.0241999998688697,0.3086000084877014,0.854567289352417,0.0,0.0,0.0,0.0
18.588535_82.82654,18.5885,82.8265,5.0,990.1,KORAPUT,SEMILIGUDA,HATIMUNDA,,9,11.5573,9.2,6.1111,20.0,6.4016,597.8655,53.0,7,Amba Mangifera indica,0.3333,16,16.33333396911621,0.4714045207910317,7,6.666666507720947,0.0838859906996508,0.8470207686567863,7,6.777777671813965,19,,,0.0,-19.911178588867188,-19.911178588867188,-19.911178588867188,0.0,12.136568069458008,-7.774610042572021,-7.774610042572021,-7.774610042572021,0.1020733267068862,0.1651799976825714,0.0816499963402748,0.03617500141263,0.1050999984145164,0.2273250073194503,0.2669000029563904,0.2840999960899353,0.2920500040054321,0.553520143032074,0.2646901607513428,0.4599177837371826,0.7741003632545471,0.1518000066280365,0.0210999995470047,0.3197000026702881,0.876173734664917,6.4154596867826985,8.0,6.1859918634930855,9.0
18.58884_82.818969,18.5888,82.819,4.213,921.7756,KORAPUT,SEMILIGUDA,BILAPUT,,36,4.5726,5.0,2.825,5.0,5.2433,1152.2022,38.0,14,Charkauli Buchanania lanzan,0.2778,15,15.55555534362793,0.4969039949999476,6,6.0,0.2213902379226851,0.7020175820014072,0,0.0,6,,,0.0,-9.397793769836426,-9.397793769836426,-9.397793769836426,0.0,3.2475476264953613,-6.150245666503906,-6.150245666503906,-6.150245666503906,0.3179548978805542,0.2211000025272369,0.1293999999761581,0.0553000010550022,0.1044500023126602,0.1645500063896179,0.1862500011920929,0.1854999959468841,0.2167000025510788,0.1781518012285232,-0.0875553339719772,0.2795309424400329,0.5406976938247681,0.1638000011444091,0.0214000009000301,0.2813999950885772,0.8586525917053223,0.058171389435836,0.0,0.1257163508699468,1.0
18.589041_82.818128,18.589,82.8181,4.966,920.377,KORAPUT,SEMILIGUDA,BILAPUT,,37,4.7559,5.2,2.7938,6.0,5.9102,1618.367,43.0,13,Pitmari Cipadessa baccifera,0.1892,16,15.333333015441896,0.816496580927726,5,5.666666507720947,0.2210808049132694,0.7372357286845049,0,0.0,6,,,0.0,-15.462075233459473,-15.462075233459473,-15.462075233459473,0.0,7.603068828582764,-7.859006881713867,-7.859006881713867,-7.859006881713867,0.3349327743053436,0.2476000040769577,0.1525333374738693,0.062899999320507,0.1096000000834465,0.1618999987840652,0.1857499927282333,0.1897999942302703,0.212349995970726,0.1088607609272003,-0.132144495844841,0.267869085073471,0.5021765232086182,0.1843000054359436,0.0284000001847744,0.3203000128269195,0.8371092677116394,0.0,0.0,0.0,0.0
18.589244_82.825077,18.5892,82.8251,4.928,810.4,KORAPUT,SEMILIGUDA,HATIMUNDA,,8,9.4601,7.4,5.625,14.0,7.1222,510.9669,68.0,7,Jamu Koli Syzygium cumini,0.25,18,18.11111068725586,0.3142696805273187,8,7.44444465637207,0.0753523415987231,0.8303004946527252,3,2.8888888359069824,19,0.0,16.105714797973633,0.0,-15.50074863433838,-15.50074863433838,-15.50074863433838,0.0,6.026467800140381,-9.474281311035156,-9.474281311035156,-9.474281311035156,0.0923553928732872,0.1822749972343444,0.0892666652798652,0.0416083335876464,0.124449998140335,0.2795666754245758,0.3253499865531921,0.3407999873161316,0.3473666608333587,0.5848705768585205,0.3030636012554168,0.4650188088417053,0.782387912273407,0.1710000038146972,0.0243999995291233,0.365200012922287,0.8747433423995972,2.021627348268795,3.0,2.705317406405463,4.0
18.589309_82.825484,18.5893,82.8255,4.933,952.9,KORAPUT,SEMILIGUDA,HATIMUNDA,,7,18.1125,11.4,8.7143,22.0,7.3211,516.5374,33.0,6,Jamu Koli Syzygium cumini,0.2857,16,16.33333396911621,0.4714045207910317,7,7.333333492279053,0.0816573718241869,0.8352816800714113,2,1.8888888359069824,18,,,0.0,-14.777090072631836,-14.777090072631836,-14.777090072631836,0.0,5.910273551940918,-8.866816520690918,-8.866816520690918,-8.866816520690918,0.0971068739891052,0.1841000020503997,0.0905999988317489,0.0402333326637744,0.121299996972084,0.2590000033378601,0.3005000054836273,0.3113999962806701,0.3273999989032745,0.5492537021636963,0.2569122016429901,0.4393344223499298,0.7711631655693054,0.1687999963760376,0.024100000038743,0.3418000042438507,0.8682700395584106,1.6695507932685878,3.0,1.499051266059953,2.9999999999999982
18.589582_82.817618,18.5896,82.8176,4.832,944.913,KORAPUT,SEMILIGUDA,BILAPUT,,36,5.3314,6.0,3.3153,6.0,6.7641,2027.7136,38.0,14,Amba Mangifera indica,0.1667,17,16.66666603088379,0.4714045207910317,5,5.44444465637207,0.1683090564187925,0.7030941640003566,0,0.0,13,,,0.0,-7.855163097381592,-7.855163097381592,-7.855163097381592,0.0,1.931363701820373,-5.923799514770508,-5.923799514770508,-5.923799514770508,0.2479937523603439,0.2321999967098236,0.1322750002145767,0.0584666654467582,0.1183499991893768,0.2014749944210052,0.2287250012159347,0.225950002670288,0.2579500079154968,0.2614976763725281,-0.0136418202891945,0.3125181496143341,0.588866114616394,0.1659999936819076,0.0265999995172023,0.2994999885559082,0.8368598818778992,0.0,0.0,0.003376325207643999,0.0
18.589732_82.827324,18.5897,82.8273,3.911,863.8452,KORAPUT,SEMILIGUDA,HATIMUNDA,,20,10.7857,23.2,16.45,25.0,13.7828,5373.5483,13.0,12,Gau Koli Diospyros ferrea,0.15,16,15.777777671813965,0.4157397096415625,6,5.888888835906982,0.1692070041876276,0.742783384856063,1,1.0,6,,,0.0,-13.792241096496582,-13.792241096496582,-13.792241096496582,0.0,0.93532532453537,-12.856916427612305,-12.856916427612305,-12.856916427612305,0.2512630820274353,0.2294500023126602,0.1430750042200088,0.0511500015854835,0.1023999974131584,0.1615000069141388,0.18469999730587,0.2125499993562698,0.2132250070571899,0.1953602880239486,-0.0382352955639362,0.34973806142807,0.6120591759681702,0.1912000030279159,0.0266999993473291,0.363999992609024,0.8633222579956055,1.1316589260107446,9.0,0.31978291437060263,2.0
18.590069_82.822561,18.5901,82.8226,6.768,991.4,KORAPUT,SEMILIGUDA,HATIMUNDA,,5,20.8293,8.2,8.2,24.0,5.9842,267.5395,58.0,5,Gambhari Gmelina arborea,0.2,21,21.0,0.0,8,8.0,0.0881168386533129,0.819817868045379,5,4.888888835906982,19,,,0.0,-18.41888236999512,-18.41888236999512,-18.41888236999512,0.0,7.315425395965576,-11.103458404541016,-11.103458404541016,-11.103458404541016,0.1020050644874572,0.1780333369970321,0.0900250002741813,0.0390800014138221,0.1082300022244453,0.248999997973442,0.2928000092506408,0.2966000139713287,0.3128750026226043,0.5343032479286194,0.2498068660497665,0.4653064310550689,0.7671592235565186,0.1582999974489212,0.0227000005543231,0.3242999911308288,0.8691642880439758,5.192453597436021,6.0,5.336770209853348,8.0
18.590157_82.829946,18.5902,82.8299,5.0,948.5,KORAPUT,SEMILIGUDA,HATIMUNDA,,8,5.9001,6.0,4.775,9.0,5.7694,285.2852,13.0,7,Other,0.25,14,14.11111068725586,0.3142696805273589,5,5.222222328186035,0.2263872695675637,0.7454318520281569,0,0.0,8,,,0.0,-10.230133056640623,-10.230133056640623,-10.230133056640623,0.0,3.9549720287323,-6.275161266326904,-6.275161266326904,-6.275161266326904,0.3346557915210724,0.2346999943256378,0.1467999964952469,0.0603000000119209,0.1111000031232833,0.1692499965429306,0.1912000030279159,0.1941999942064285,0.2144999951124191,0.1390029340982437,-0.0944276079535484,0.2721912860870361,0.5261296629905701,0.1776999980211258,0.0237499997019767,0.3174499869346618,0.8607854843139648,0.0,0.0,0.13854475843498384,0.0
18.590763_82.817554,18.5908,82.8176,4.767,931.7679,KORAPUT,SEMILIGUDA,BILAPUT,,37,5.7666,6.8,3.2795,7.0,7.3039,2641.415,28.0,12,Pitmari Cipadessa baccifera,0.2162,16,15.88888931274414,0.7370277311900736,6,6.0,0.1526503420460194,0.7884481787434224,0,0.0,14,,,0.0,-8.240609169006348,-8.240609169006348,-8.240609169006348,0.0,6.126251220703125,-2.114358425140381,-2.114358425140381,-2.114358425140381,0.2014884948730468,0.202124997973442,0.1173999980092048,0.0515000000596046,0.1123000010848045,0.2022500038146972,0.2334250062704086,0.2513499855995178,0.256850004196167,0.3632542490959167,0.1085506379604339,0.3823731541633606,0.6598976254463196,0.1661999970674514,0.0238000005483627,0.319599986076355,0.8613861203193665,0.01806342530912749,0.0,0.10672388975771113,1.0
18.590785_82.824487,18.5908,82.8245,4.887,862.7615,KORAPUT,SEMILIGUDA,HATIMUNDA,,20,11.4038,26.2,17.65,35.0,12.5892,4687.9884,13.0,13,Pitmari Cipadessa baccifera,0.2,20,19.88888931274414,0.5665577237325118,8,7.44444465637207,0.165778385268564,0.7688764946326933,0,0.3333333432674408,10,,,0.0,-11.56898593902588,-11.56898593902588,-11.56898593902588,0.0,1.1111299991607666,-10.457855224609377,-10.457855224609377,-10.457855224609377,0.1583713740110397,0.2332199960947036,0.1366499960422516,0.0483749993145465,0.1066000014543533,0.2201499938964843,0.2690500020980835,0.3398000001907348,0.2972333431243896,0.4263826310634613,0.1859969943761825,0.5224014520645142,0.7507567405700684,0.179299995303154,0.0221999995410442,0.466399997472763,0.9091281294822692,0.7953172569141622,4.0,1.3885037653823185,8.0
18.590802_82.814215,18.5908,82.8142,4.709,898.4081,KORAPUT,SEMILIGUDA,BILAPUT,,21,6.5135,7.0,3.4676,7.0,14.7332,7347.7063,28.0,6,Amba Mangifera indica,0.5238,15,15.333333015441896,0.4714045207910317,6,6.0,0.1624411521525485,0.7683780881342654,0,0.0,6,,,0.0,-13.617497444152832,-13.617497444152832,-13.617497444152832,0.0,7.4763569831848145,-6.141140937805176,-6.141140937805176,-6.141140937805176,0.1212423220276832,0.2025199979543686,0.1128749996423721,0.0365500003099441,0.099650003015995,0.183799996972084,0.2050500065088272,0.2271499931812286,0.2272000014781952,0.3360782265663147,0.0573230609297752,0.3901468813419342,0.7227910757064819,0.1639000028371811,0.0215000007301569,0.2542000114917755,0.8440333604812622,0.09414729677667907,1.0,0.02329975978536943,0.0
18.590809_82.826211,18.5908,82.8262,4.573,852.3204,KORAPUT,SEMILIGUDA,HATIMUNDA,,20,9.8683,23.4,16.15,25.0,12.4459,4458.8849,13.0,14,Gau Koli Diospyros ferrea,0.15,13,13.0,0.6666666666666666,7,7.0,0.222365528809039,0.531372091666703,0,0.0,5,,,0.0,-16.53020477294922,-16.53020477294922,-16.53020477294922,0.0,8.471382141113281,-8.058822631835938,-8.058822631835938,-8.058822631835938,0.3634831309318542,0.290149986743927,0.1936500072479248,0.0780000016093254,0.1261333376169204,0.1778250038623809,0.1962999999523162,0.2108333259820938,0.2253666669130325,0.0424821786582469,-0.1583219617605209,0.2513601779937744,0.4598961472511291,0.2281000018119812,0.0346000008285045,0.3571999967098236,0.8233792781829834,0.0,0.0,0.0,0.0
18.590818_82.825501,18.5908,82.8255,4.911,852.2441,KORAPUT,SEMILIGUDA,HATIMUNDA,,20,8.9778,23.8,15.65,27.0,12.6051,4539.2581,13.0,17,Pijuli Psidium guajava,0.1,12,12.55555534362793,0.4969039949999476,7,7.0,0.1791647603292346,0.4724968657140283,0,0.0,4,,,0.0,-19.41179084777832,-19.41179084777832,-19.41179084777832,0.0,6.986649513244629,-12.425142288208008,-12.425142288208008,-12.425142288208008,0.2954626083374023,0.3086000084877014,0.212675005197525,0.0722000002861023,0.1385499984025955,0.1867250055074691,0.2111166715621948,0.2271499931812286,0.2366999983787536,0.0329108163714408,-0.1520298719406128,0.2422750890254974,0.5176215171813965,0.2603000104427337,0.0309999994933605,0.3007000088691711,0.8130841255187988,0.02455950731167031,0.0,0.006078053327965933,0.0
18.590826_82.820535,18.5908,82.8205,5.818,968.0,KORAPUT,SEMILIGUDA,HATIMUNDA,,18,6.9326,7.8,4.5556,9.0,11.3354,3113.946,13.0,18,Jamu Koli Syzygium cumini,0.0556,21,20.66666603088379,0.4714045207910317,7,7.0,0.1027317616311687,0.8373277502096712,8,7.333333492279053,14,,,0.0,-15.025320053100586,-15.025320053100586,-15.025320053100586,0.0,5.113123416900635,-9.91219711303711,-9.91219711303711,-9.91219711303711,0.1269600838422775,0.1691333353519439,0.0849333330988884,0.0365333333611488,0.1075500026345253,0.2364750057458877,0.2775500118732452,0.2796249985694885,0.2994333207607269,0.5340480208396912,0.2462164163589477,0.4444372653961181,0.7688921689987183,0.1500999927520752,0.0172000005841255,0.3131000101566314,0.895852267742157,7.545063459110075,11.0,7.327980889046027,13.000000000000002
18.590907_82.822339,18.5909,82.8223,4.852,960.4,KORAPUT,SEMILIGUDA,HATIMUNDA,,18,8.5743,9.4,5.3333,12.0,8.0285,1901.5833,13.0,18,Kamini Murraya paniculata,0.0556,21,21.0,0.0,7,7.0,0.1002509039649923,0.8049664121892003,8,7.222222328186035,17,,,0.0,-18.03253746032715,-18.03253746032715,-18.03253746032715,0.0,8.8612642288208,-9.171272277832031,-9.171272277832031,-9.171272277832031,0.1100059822201728,0.1641499996185302,0.080866664648056,0.0364999994635582,0.1003250032663345,0.2304999977350235,0.2727000117301941,0.2642000019550323,0.2949000000953674,0.5312982797622681,0.2335706800222396,0.4495576322078705,0.7572331428527832,0.1486500054597854,0.0200999993830919,0.2827000021934509,0.8672391176223755,7.114650942538084,9.0,5.957679356238918,8.0
18.591008_82.821617,18.591,82.8216,5.4,959.8,KORAPUT,SEMILIGUDA,HATIMUNDA,,18,7.9466,8.4,6.0556,10.0,10.8933,2530.5636,13.0,14,Nimba Azadirachta indica,0.1111,24,23.44444465637207,0.4969039949999985,8,7.44444465637207,0.1166413842483299,0.816110179652589,7,6.222222328186035,17,,,0.0,-18.36031150817871,-18.36031150817871,-18.36031150817871,0.0,11.004799842834473,-7.35551118850708,-7.35551118850708,-7.35551118850708,0.1399858593940735,0.1852666735649109,0.0961999967694282,0.0457249991595745,0.1093000024557113,0.23055000603199,0.2681500017642975,0.2822000086307525,0.2964999973773956,0.4915433526039123,0.2073588073253631,0.4416347444057464,0.7211252450942993,0.1635999977588653,0.0260000005364418,0.3483999967575073,0.8611111044883728,6.970415752581732,9.000000000000002,6.709086936659591,9.999999999999996
18.591102_82.824347,18.5911,82.8243,4.901,856.9961,KORAPUT,SEMILIGUDA,HATIMUNDA,,20,12.1941,23.2,17.2,25.0,12.7324,4834.0131,8.0,15,Gau Koli Diospyros ferrea,0.1,14,15.0,1.9436506316151,7,7.333333492279053,0.2138372247904096,0.6519963363959782,0,0.5555555820465088,5,,,0.0,-16.498689651489258,-16.498689651489258,-16.498689651489258,0.0,4.524173259735107,-11.974516868591309,-11.974516868591309,-11.974516868591309,0.3605336546897888,0.275050014257431,0.1855500042438507,0.0710500031709671,0.1235700026154518,0.1699499934911728,0.1940000057220459,0.2102166712284088,0.2228499948978424,0.0623262859880924,-0.1336035132408142,0.2595869600772857,0.4947854876518249,0.1976999938488006,0.0238000005483627,0.3052000105381012,0.8553191423416138,1.198362717033628,7.000000000000001,1.7189601592095667,9.0
18.591333_82.817649,18.5913,82.8176,4.869,941.2002,KORAPUT,SEMILIGUDA,BILAPUT,,33,5.2401,6.0,3.1767,6.0,6.2119,1503.5367,28.0,12,Amba Mangifera indica,0.2121,16,15.777777671813965,0.6285393610547179,6,6.111111164093018,0.1967574640127027,0.7634995610984293,0,0.0,13,,,0.0,-9.285848617553713,-9.285848617553713,-9.285848617553713,0.0,6.87434196472168,-2.4115066528320312,-2.4115066528320312,-2.4115066528320312,0.2834212481975555,0.1988250017166137,0.1159166693687439,0.0532499998807907,0.1040000021457672,0.1787000000476837,0.2065333276987075,0.2037666738033294,0.2301499992609024,0.2748031914234161,0.0122746368870139,0.3241633176803589,0.5856299996376038,0.1548999994993209,0.0216000005602836,0.3082999885082245,0.8690512180328369,0.016624752528225165,0.0,0.008103277060575972,0.0
18.591473_82.819057,18.5915,82.8191,5.671,965.9,KORAPUT,SEMILIGUDA,HATIMUNDA,,18,6.4491,6.8,4.1667,8.0,10.3804,2430.5347,8.0,17,Pitmari Cipadessa baccifera,0.1111,20,19.88888931274414,0.7370277311900736,7,6.777777671813965,0.1063529303231466,0.8315727190176138,3,4.55555534362793,17,,,0.0,-15.488903999328612,-15.488903999328612,-15.488903999328612,0.0,7.368600368499756,-8.120304107666016,-8.120304107666016,-8.120304107666016,0.1532903164625167,0.1702750027179718,0.0895500034093856,0.043083332479,0.0998999997973442,0.2138999998569488,0.2446999996900558,0.2574999928474426,0.2654750049114227,0.4839360415935516,0.203903928399086,0.4409624934196472,0.7133351564407349,0.1380999982357025,0.0216000005602836,0.3023000061511993,0.8666254878044128,3.627818502862644,5.999999999999999,3.6819092962475533,5.9999999999999964
18.591548_82.816364,18.5915,82.8164,4.772,884.3884,KORAPUT,SEMILIGUDA,BILAPUT,,40,4.9343,5.4,3.07,7.0,8.0373,3817.4905,48.0,14,Charkauli Buchanania lanzan,0.2,15,15.333333015441896,0.4714045207910317,6,6.0,0.1999860347682099,0.7307678001378647,0,0.0,9,,,0.0,-13.48981761932373,-13.48981761932373,-13.48981761932373,0.0,8.28360366821289,-5.20621395111084,-5.20621395111084,-5.20621395111084,0.3153153359889984,0.251800000667572,0.1536000072956085,0.0633499994874,0.1211500018835067,0.1706999987363815,0.1993499994277954,0.2029000073671341,0.2272000014781952,0.1382889151573181,-0.1075434386730194,0.2522758841514587,0.5241314768791199,0.1643999963998794,0.0266999993473291,0.3059000074863434,0.8394467830657959,0.0,0.0,0.0,0.0
18.591818_82.815917,18.5918,82.8159,4.871,903.209,KORAPUT,SEMILIGUDA,BILAPUT,,30,4.7063,5.2,2.784,6.0,7.7137,2407.1389,38.0,15,Charkauli Buchanania lanzan,0.1,15,15.0,0.0,5,5.0,0.2299723205767121,0.728389724740392,0,0.0,10,,,0.0,-11.265058517456056,-11.265058517456056,-11.265058517456056,0.0,6.281814098358154,-4.983244895935059,-4.983244895935059,-4.983244895935059,0.2902915477752685,0.2276999950408935,0.1409000009298324,0.0560000017285347,0.1094999983906745,0.1648000031709671,0.1885000020265579,0.2055999934673309,0.214599996805191,0.186724379658699,-0.0510039217770099,0.3049825429916382,0.571865439414978,0.161200001835823,0.0216000005602836,0.2917999923229217,0.8621569871902466,0.0,0.0,0.0,0.0
18.592142_82.814825,18.5921,82.8148,4.663,896.9866,KORAPUT,SEMILIGUDA,BILAPUT,,24,3.776,4.4,2.3067,5.0,6.7376,1537.2776,33.0,14,Charkauli Buchanania lanzan,0.1667,15,14.55555534362793,0.4969039949999476,5,5.0,0.1806188743342201,0.758894543574388,0,0.0,6,,,0.0,-16.986852645874023,-16.986852645874023,-16.986852645874023,0.0,10.167817115783691,-6.819035530090332,-6.819035530090332,-6.819035530090332,0.2740575075149536,0.2122000008821487,0.1256999969482422,0.0461333319544792,0.0925000011920929,0.1458999961614608,0.164000004529953,0.1643999963998794,0.1916999965906143,0.1334022730588913,-0.1269251257181167,0.2798754274845123,0.5617479681968689,0.1618999987840652,0.0238000005483627,0.2660999894142151,0.8358054757118225,0.0,0.0,0.0,0.0
18.59228_82.828686,18.5923,82.8287,5.657,950.5,KORAPUT,SEMILIGUDA,HATIMUNDA,,20,16.8402,18.2,9.15,30.0,7.0506,1581.4431,13.0,19,Baincha Flacourtia indica,0.1,17,16.55555534362793,0.6849348892187711,6,6.0,0.155448836746341,0.7845663836137671,2,0.8888888955116272,12,,,0.0,-11.616104125976562,-11.616104125976562,-11.616104125976562,0.0,3.053023099899292,-8.563080787658691,-8.563080787658691,-8.563080787658691,0.2364797890186309,0.2471666634082794,0.1542499959468841,0.0544749982655048,0.1224000006914138,0.176949992775917,0.2022749930620193,0.2275000065565109,0.232800006866455,0.1918794959783554,-0.0414325855672359,0.3003715276718139,0.6136182546615601,0.1896499991416931,0.0248499996960163,0.3066999912261963,0.8500980138778687,1.3661437544809585,4.0,0.808749318238381,4.0
18.592398_82.819353,18.5924,82.8194,6.866,928.6,KORAPUT,SEMILIGUDA,HATIMUNDA,,18,6.6089,7.0,4.3889,8.0,13.0684,3814.2278,13.0,18,Jamu Koli Syzygium cumini,0.0556,23,22.66666603088379,0.4714045207910317,7,7.0,0.0837463661726933,0.8137222056676434,3,3.444444417953491,11,,,0.0,-13.1107816696167,-13.1107816696167,-13.1107816696167,0.0,3.4441699981689453,-9.666611671447754,-9.666611671447754,-9.666611671447754,0.1380096971988678,0.1708000004291534,0.0890500023961067,0.0331000015139579,0.0928499996662139,0.1911749988794326,0.2266999930143356,0.2279500067234039,0.2511999905109405,0.4381703436374664,0.1433228850364685,0.4211346507072449,0.7464087605476379,0.1504999995231628,0.0157999992370605,0.2576000094413757,0.8844184279441833,3.0166186904086714,7.0,2.156192455602699,7.0
18.593711_82.815814,18.5937,82.8158,4.944,901.6,KORAPUT,SEMILIGUDA,HATIMUNDA,,8,5.2594,5.4,4.5,7.0,6.4856,349.743,13.0,7,Karanja Pongamia pinnata,0.25,14,13.666666984558104,0.4714045207910317,5,5.0,0.1393973477342509,0.760081367752765,0,0.0,7,,,0.0,-15.729597091674805,-15.729597091674805,-15.729597091674805,0.0,7.565392017364502,-8.164205551147461,-8.164205551147461,-8.164205551147461,0.2663221061229706,0.2387000024318695,0.14614999294281,0.0594250001013278,0.1125999987125396,0.1747999936342239,0.1992666721343994,0.2027000039815902,0.2296749949455261,0.1621040552854538,-0.0815586745738983,0.2857595980167389,0.5465903878211975,0.1861000061035156,0.032600000500679,0.3158999979496002,0.8129124641418457,0.0,0.0,0.0,0.0
18.594241_82.828147,18.5942,82.8281,4.788,881.5291,KORAPUT,SEMILIGUDA,HATIMUNDA,,20,9.2142,24.2,15.75,33.0,10.2655,3021.3179,13.0,17,Kendu Diospyros melanoxylon,0.1,19,18.66666603088379,0.4714045207910317,7,7.0,0.1641909597736569,0.7742915689569264,4,3.3333332538604736,17,,,0.0,-11.068716049194336,-11.068716049194336,-11.068716049194336,0.0,7.697266101837158,-3.371450424194336,-3.371450424194336,-3.371450424194336,0.2138156294822693,0.229200005531311,0.1382499933242797,0.0551499985158443,0.1186750009655952,0.1910499930381775,0.2161500006914138,0.2536500096321106,0.2438749969005584,0.2944628596305847,0.0506368428468704,0.3625192940235138,0.6428108811378479,0.1571999937295913,0.0238000005483627,0.3082000017166137,0.8566265106201172,2.79102505109739,6.000000000000001,3.26355676872081,11.0
18.594449_82.811828,18.5944,82.8118,4.948,913.2,KORAPUT,SEMILIGUDA,HATIMUNDA,,10,6.0619,6.0,4.386,9.0,10.1541,1139.9473,18.0,8,Amba Mangifera indica,0.2,16,16.0,0.6666666666666666,7,6.666666507720947,0.1688828079156554,0.6871157555595199,0,0.0,13,,,0.0,-15.143721580505373,-15.143721580505373,-15.143721580505373,0.0,8.995567321777344,-6.1481547355651855,-6.1481547355651855,-6.1481547355651855,0.263146698474884,0.2529000043869018,0.1524499952793121,0.0678000003099441,0.1318999975919723,0.2053499966859817,0.2308000028133392,0.2377666682004928,0.2585999965667724,0.2186392247676849,-0.0308423917740583,0.2863841354846954,0.5562343001365662,0.1959999948740005,0.0355999991297721,0.358599990606308,0.8193809986114502,0.0,0.0,0.0,0.0
18.594997_82.814868,18.595,82.8149,4.988,903.6,KORAPUT,SEMILIGUDA,HATIMUNDA,,9,6.4361,6.4,4.5556,8.0,7.3919,567.3078,8.0,8,Amba Mangifera indica,0.2222,15,15.55555534362793,0.4969039949999476,6,6.0,0.1650950892424666,0.6823342092315859,0,0.1111111119389534,6,,,0.0,-16.795183181762695,-16.795183181762695,-16.795183181762695,0.0,4.606364727020264,-12.188817977905272,-12.188817977905272,-12.188817977905272,0.2070159465074539,0.2119999974966049,0.122566670179367,0.0582249984145164,0.1004000008106231,0.1627500057220459,0.1873500049114227,0.1996666640043258,0.2140499949455261,0.2392676174640655,-0.0299595147371292,0.3308153748512268,0.5484538078308105,0.163000002503395,0.0379999987781047,0.2727999985218048,0.7554697394371033,3.210375935021991e-05,0.0,0.6076590245891655,5.999999999999998
18.595014_82.827976,18.595,82.828,4.158,903.4822,KORAPUT,SEMILIGUDA,HATIMUNDA,,20,11.2888,18.0,12.4,22.0,10.3769,3236.0975,23.0,16,Kala Bhalia Anacardium Semecarpus,0.1,19,18.22222137451172,1.1331154474650682,6,6.0,0.1449860844089821,0.7351815374872144,3,2.555555582046509,16,,,0.0,-16.669511795043945,-16.669511795043945,-16.669511795043945,0.0,13.637937545776367,-3.0315749645233154,-3.0315749645233154,-3.0315749645233154,0.1679171174764633,0.2097750008106231,0.1168799996376037,0.0484333336353302,0.1206000000238418,0.2133499979972839,0.238999992609024,0.2430000007152557,0.270000010728836,0.3504501581192016,0.0733808204531669,0.3366336524486542,0.6676198244094849,0.152999997138977,0.0254999995231628,0.2845999896526336,0.8355368971824646,1.9685446762974859,5.000000000000001,2.4049710312248442,8.0
18.595431_82.826381,18.5954,82.8264,4.871,938.8,KORAPUT,SEMILIGUDA,HATIMUNDA,,7,4.8442,4.52,4.0857,5.0,6.3662,329.9282,38.0,6,Jamu Koli Syzygium cumini,0.2857,12,12.333333015441896,0.4714045207910317,5,5.111111164093018,0.2625059270456181,0.6772623273644465,0,0.0,6,,,0.0,-11.166611671447754,-11.166611671447754,-11.166611671447754,0.0,6.623196601867676,-4.543415546417236,-4.543415546417236,-4.543415546417236,0.3623682856559753,0.2618499994277954,0.17453333735466,0.0658000037074089,0.1108999997377395,0.1435000002384185,0.1614000052213668,0.1726000010967254,0.1890999972820282,-0.0055694258771836,-0.2054321616888046,0.217636689543724,0.4479865729808807,0.1969999969005584,0.032600000500679,0.3111999928951263,0.8103548288345337,0.0,0.0,0.0,0.0
18.595601_82.827027,18.5956,82.827,4.854,955.9,KORAPUT,SEMILIGUDA,HATIMUNDA,,20,10.0662,13.2,7.85,16.0,5.5386,926.2818,13.0,20,Kanta Sidhu Euphorbia nivulia,0.05,14,14.11111068725586,0.3142696805273589,6,6.0,0.2466474761979324,0.7067166983733463,0,0.0,15,,,0.0,-7.527844429016113,-7.527844429016113,-7.527844429016113,0.0,3.951771020889282,-3.57607364654541,-3.57607364654541,-3.57607364654541,0.345897376537323,0.2334000021219253,0.1421499997377395,0.0685499981045723,0.1146750003099441,0.1600749939680099,0.1826499998569488,0.1951999962329864,0.2138500064611435,0.157255083322525,-0.0891273915767669,0.2598628401756286,0.480189561843872,0.1595000028610229,0.0284000001847744,0.2982000112533569,0.8260869383811951,0.0,0.0,0.00020916707816097117,0.0
18.595819_82.826677,18.5958,82.8267,4.551,898.9935,KORAPUT,SEMILIGUDA,HATIMUNDA,,20,9.3076,15.4,11.25,16.0,11.109,3649.4228,13.0,16,Chandan Santalum album,0.1,15,15.0,0.6666666666666666,6,6.0,0.2173351350367199,0.7045382293099404,0,0.0,15,,,0.0,-11.19658374786377,-11.19658374786377,-11.19658374786377,0.0,2.7671077251434326,-8.429475784301758,-8.429475784301758,-8.429475784301758,0.3116353154182434,0.2120999991893768,0.128150001168251,0.061999998986721,0.1118000000715255,0.1611000001430511,0.186949998140335,0.1987999975681305,0.2141000032424926,0.2160880863666534,-0.0323679745197296,0.2801030278205871,0.5245398879051208,0.1476999968290329,0.02449999935925,0.2745999991893768,0.8361752033233643,0.02327323310684285,0.0,0.02227952798642313,0.0
18.596046_82.825038,18.596,82.825,3.9,862.646,KORAPUT,SEMILIGUDA,HATIMUNDA,,10,1.8869,1.74,1.64,2.1,1.8112,35.3364,0.0,3,Bhalupati Lantana camara,0.6,15,15.0,0.0,6,5.777777671813965,0.2219185702346613,0.566853674254798,0,0.0,4,,,0.0,-14.878551483154297,-14.878551483154297,-14.878551483154297,0.0,3.597304582595825,-11.28124713897705,-11.28124713897705,-11.28124713897705,0.3746603727340698,0.279325008392334,0.1833000034093856,0.0840200036764144,0.1184333339333534,0.1512600034475326,0.1702000051736831,0.1781222224235534,0.1989800035953521,-0.014326118864119,-0.2212337851524353,0.201273888349533,0.3589739203453064,0.2226999998092651,0.0412999987602233,0.2687999904155731,0.7336342930793762,0.0,0.0,0.0,0.0
18.596091_82.825235,18.5961,82.8252,4.987,943.4,KORAPUT,SEMILIGUDA,HATIMUNDA,,9,5.0871,5.4,4.4444,6.0,8.3114,655.7979,48.0,5,Jamu Koli Syzygium cumini,0.3333,15,15.222222328186035,0.4157397096415625,6,6.0,0.233804205020881,0.6456324397998666,0,0.0,12,,,0.0,-15.836949348449709,-15.836949348449709,-15.836949348449709,0.0,7.719103813171387,-8.11784553527832,-8.11784553527832,-8.11784553527832,0.3500463962554931,0.272049993276596,0.1760500073432922,0.0793749988079071,0.12219999730587,0.154799997806549,0.1722999960184097,0.186599999666214,0.2000000029802322,0.0290914103388786,-0.1863076388835907,0.208549216389656,0.4031393826007843,0.2062000036239624,0.0368000008165836,0.2614000141620636,0.7531858086585999,0.0,0.0,0.024342508617139467,0.0
18.596228_82.824514,18.5962,82.8245,4.888,861.2947,KORAPUT,SEMILIGUDA,HATIMUNDA,,9,1.4543,1.54,1.4333,1.6,1.4324,15.1396,0.0,2,Bhalupati Lantana camara,0.6667,13,12.666666984558104,0.4714045207910317,5,5.222222328186035,0.2360363572163319,0.538362755115585,0,0.0,6,,,0.0,-16.497190475463867,-16.497190475463867,-16.497190475463867,0.0,8.354218482971191,-8.142971992492676,-8.142971992492676,-8.142971992492676,0.392297089099884,0.2999666631221771,0.1998916715383529,0.089599996805191,0.1237500011920929,0.1544400006532669,0.1743624955415725,0.1815777719020843,0.1990833282470703,-0.0480087958276271,-0.2458524703979492,0.1893957257270813,0.3391788899898529,0.2644999921321869,0.0452999994158744,0.2921000123023987,0.7314760088920593,0.0,0.0,0.0,0.0
18.596347_82.826101,18.5963,82.8261,4.883,885.8461,KORAPUT,SEMILIGUDA,HATIMUNDA,,20,9.9745,14.6,11.1,16.0,9.1514,2496.1065,13.0,17,Pitmari Cipadessa baccifera,0.1,16,16.33333396911621,0.4714045207910317,5,5.44444465637207,0.2268900364650082,0.7321735206255382,0,0.0,17,,,0.0,-11.933857917785645,-11.933857917785645,-11.933857917785645,0.0,8.448354721069336,-3.4855031967163086,-3.4855031967163086,-3.4855031967163086,0.3381940722465515,0.2387499958276748,0.1457999944686889,0.0614000000059604,0.1137999966740608,0.1565999984741211,0.1763499975204467,0.1881999969482422,0.2092666625976562,0.1269461065530777,-0.1183979362249374,0.2463576197624206,0.5080128312110901,0.1580000072717666,0.0222999993711709,0.2676999866962433,0.8462069034576416,0.0,0.0,0.0,0.0
18.596368_82.824083,18.5964,82.8241,4.245,853.886,KORAPUT,SEMILIGUDA,HATIMUNDA,,10,3.1976,2.808,2.199,4.0,1.9099,42.9718,0.0,3,Bhalupati Lantana camara,0.6,12,11.666666984558104,0.4714045207910317,5,5.111111164093018,0.2211931462674969,0.5861754475125196,0,0.0,4,,,0.0,-15.670082092285156,-15.670082092285156,-15.670082092285156,0.0,6.9000325202941895,-8.770050048828125,-8.770050048828125,-8.770050048828125,0.3171530067920685,0.2824000120162964,0.1843000054359436,0.0737000033259391,0.1170499995350837,0.1508666723966598,0.1674499958753585,0.1757999956607818,0.1912000030279159,-0.023604555055499,-0.2326495051383972,0.200614646077156,0.409218430519104,0.2386000007390976,0.0414000004529953,0.2612000107765198,0.7263714671134949,0.0,0.0,0.0,0.0
18.596488_82.814043,18.5965,82.814,4.966,922.6,KORAPUT,SEMILIGUDA,HATIMUNDA,,9,4.9834,4.8,3.8889,6.0,8.5236,771.3444,18.0,8,Panasa Artocarpus heterophyllus,0.2222,15,14.666666984558104,0.4714045207910317,6,5.777777671813965,0.1651824781139071,0.7739451372045564,0,0.0,6,,,0.0,-13.921446800231934,-13.921446800231934,-13.921446800231934,0.0,1.5132235288619995,-12.40822410583496,-12.40822410583496,-12.40822410583496,0.2681291103363037,0.2063000053167343,0.1207000017166137,0.0529999993741512,0.0995000004768371,0.1643500030040741,0.1871999949216842,0.205866664648056,0.2155199944972992,0.2607941329479217,-0.0010513546876609,0.3483244180679321,0.5905227661132812,0.1722999960184097,0.0281000006943941,0.3695000112056732,0.8586519360542297,0.0,0.0,0.0,0.0
18.596536_82.825133,18.5965,82.8251,4.981,888.0498,KORAPUT,SEMILIGUDA,HATIMUNDA,,19,7.8977,12.6,9.8947,13.0,7.8405,1618.2875,23.0,15,Gau Koli Diospyros ferrea,0.1579,17,16.66666603088379,0.4714045207910317,6,5.888888835906982,0.0849297562861109,0.7837916591208274,5,5.666666507720947,10,,,0.0,-8.559329986572266,-8.559329986572266,-8.559329986572266,0.0,6.655718326568604,-1.903611183166504,-1.903611183166504,-1.903611183166504,0.1352836340665817,0.1830500066280365,0.1003583297133445,0.0431849993765354,0.1050999984145164,0.1969500035047531,0.2264000028371811,0.2716499865055084,0.2394250035285949,0.4604511559009552,0.1948537528514862,0.442070335149765,0.725665807723999,0.1447000056505203,0.0227000005543231,0.3037999868392944,0.8609494566917419,5.317640701326358,10.999999999999998,2.7575252828849632,10.0
18.596726_82.822897,18.5967,82.8229,4.915,874.782,KORAPUT,SEMILIGUDA,HATIMUNDA,,10,1.3019,1.42,1.31,1.5,0.748,4.5065,0.0,2,Pitmari Cipadessa baccifera,0.7,10,10.333333015441896,0.4714045207910317,5,5.111111164093018,0.2098376392784413,0.5816800214339706,0,0.0,3,,,0.0,-19.80319023132324,-19.80319023132324,-19.80319023132324,0.0,7.89749813079834,-11.905692100524902,-11.905692100524902,-11.905692100524902,0.3915828466415405,0.3234249949455261,0.2141750007867813,0.101400002837181,0.1335500031709671,0.159400001168251,0.1772000044584274,0.1857333332300186,0.1998250037431717,-0.0711204633116722,-0.2704299688339233,0.1634389460086822,0.2937079071998596,0.2685000002384186,0.0551999993622303,0.2955999970436096,0.6852907538414001,0.0,0.0,0.0,0.0
18.596943_82.824312,18.5969,82.8243,4.835,881.1345,KORAPUT,SEMILIGUDA,HATIMUNDA,,19,14.1649,24.4,13.2105,45.0,7.5222,1575.0769,8.0,15,Jamu Koli Syzygium cumini,0.1053,14,14.11111068725586,0.5665577237325341,6,6.0,0.186845573762968,0.7515392757784167,0,0.1111111119389534,7,,,0.0,-12.367809295654297,-12.367809295654297,-12.367809295654297,0.0,5.980636119842529,-6.387172698974609,-6.387172698974609,-6.387172698974609,0.2520267069339752,0.2234999984502792,0.13230000436306,0.0544999986886978,0.1115000024437904,0.1747000068426132,0.1985500007867813,0.202000007033348,0.2230000048875808,0.2084953635931015,-0.0505287908017635,0.2886762320995331,0.5750487446784973,0.1680999994277954,0.0251000002026557,0.2651999890804291,0.8270754218101501,0.13507006308084943,1.0,0.06954824752450343,1.0
18.59697_82.823822,18.597,82.8238,5.0,943.5,KORAPUT,SEMILIGUDA,HATIMUNDA,,7,5.2408,5.2,4.5714,6.0,11.1408,903.9205,28.0,5,Kusuma Schleichera oleosa,0.4286,12,12.55555534362793,0.4969039949999476,5,5.333333492279053,0.2546921974444237,0.6428325916025791,0,0.0,6,,,0.0,-13.475332260131836,-13.475332260131836,-13.475332260131836,0.0,2.4374477863311768,-11.037884712219238,-11.037884712219238,-11.037884712219238,0.327353686094284,0.2854599952697754,0.1865333318710327,0.0713249966502189,0.1142999976873397,0.1516000032424926,0.1673250049352646,0.1777999997138977,0.1934500038623809,-0.0239707231521606,-0.2323964983224868,0.2173912972211837,0.4273958802223205,0.2348999977111816,0.0355000011622905,0.2540000081062317,0.754749596118927,0.0,0.0,0.0,0.0
18.597175_82.821483,18.5972,82.8215,4.985,928.7,KORAPUT,SEMILIGUDA,HATIMUNDA,,4,5.876,3.3825,3.3825,7.0,3.8197,67.3225,8.0,4,Kusuma Schleichera oleosa,0.25,13,13.55555534362793,0.6849348892187711,6,6.0,0.1853519000703543,0.6778945110149326,0,0.0,6,,,0.0,-11.840558052062988,-11.840558052062988,-11.840558052062988,0.0,5.570415496826172,-6.270142555236816,-6.270142555236816,-6.270142555236816,0.2575518190860748,0.2299750000238418,0.1425999999046325,0.0513000003993511,0.0979000031948089,0.1461333334445953,0.1659999936819076,0.1754000037908554,0.188850000500679,0.1031446531414985,-0.1346284300088882,0.2835711538791656,0.5474194884300232,0.1907999962568283,0.0306000001728534,0.2831999957561493,0.8049713373184204,0.0,0.0,0.0,0.0
18.59731_82.823396,18.5973,82.8234,4.639,867.0453,KORAPUT,SEMILIGUDA,HATIMUNDA,,11,2.9003,2.24,1.7909,3.5,1.8954,50.7664,0.0,4,Bhalupati Lantana camara,0.4545,13,12.666666984558104,0.4714045207910317,5,5.333333492279053,0.1852250757369212,0.7048491028852953,0,0.0,6,,,0.0,-15.21714687347412,-15.21714687347412,-15.21714687347412,0.0,3.178007841110229,-12.039139747619627,-12.039139747619627,-12.039139747619627,0.2964257895946502,0.261599987745285,0.1622000038623809,0.0626000016927719,0.1152499988675117,0.1578000038862228,0.1770000010728836,0.1938666701316833,0.2069000005722046,0.0889346599578857,-0.1487119495868683,0.2543268501758575,0.5118274092674255,0.2312999963760376,0.0308999996632337,0.2913999855518341,0.8082531690597534,0.0,0.0,0.0,0.0
18.59736_82.822354,18.5974,82.8224,5.583,959.8,KORAPUT,SEMILIGUDA,HATIMUNDA,,7,5.9244,4.2,3.7143,7.0,5.9569,362.1571,23.0,7,Champa Magnolia champaca,0.1429,13,12.666666984558104,0.4714045207910317,6,6.0,0.2042021041250924,0.711626988438559,0,0.0,7,,,0.0,-15.284916877746582,-15.284916877746582,-15.284916877746582,0.0,5.8692626953125,-9.415654182434082,-9.415654182434082,-9.415654182434082,0.301981657743454,0.2617000043392181,0.1608999967575073,0.0636000037193298,0.1181500032544136,0.1650000065565109,0.1843000054359436,0.2003999948501587,0.2149000018835067,0.1093274280428886,-0.1326552629470825,0.2582012116909027,0.5181818008422852,0.2043000012636184,0.032999999821186,0.3339999914169311,0.8201634883880615,0.0,0.0,0.0,0.0
18.597398_82.824837,18.5974,82.8248,4.595,935.7,KORAPUT,SEMILIGUDA,HATIMUNDA,,6,6.4024,5.0,4.3333,9.0,5.6765,198.5458,48.0,5,Charkauli Buchanania lanzan,0.3333,15,15.333333015441896,0.4714045207910317,5,5.0,0.1842483720708503,0.7096255726471136,0,0.0,8,,,0.0,-8.696277618408203,-8.696277618408203,-8.696277618408203,0.0,7.548692226409912,-1.1475847959518433,-1.1475847959518433,-1.1475847959518433,0.3247217833995819,0.2132000029087066,0.1275749951601028,0.0566000007092952,0.1063250005245208,0.1563999950885772,0.1781000047922134,0.1843499988317489,0.2057999968528747,0.182014912366867,-0.0725694894790649,0.2684269249439239,0.5301929712295532,0.1491000056266784,0.0199999995529651,0.2556999921798706,0.8549147844314575,0.020871342432332657,0.0,0.008777050990297589,0.0
18.597412_82.823824,18.5974,82.8238,4.617,870.4716,KORAPUT,SEMILIGUDA,HATIMUNDA,,18,7.0021,25.0,13.2222,41.0,7.162,1325.3628,13.0,16,Kala Bhalia Anacardium Semecarpus,0.1111,13,13.333333015441896,0.4714045207910317,6,5.777777671813965,0.2292367036253945,0.7255123892607652,0,0.0,14,,,0.0,-14.047515869140623,-14.047515869140623,-14.047515869140623,0.0,6.212360382080078,-7.835155487060547,-7.835155487060547,-7.835155487060547,0.3316966593265533,0.2440000027418136,0.1480000019073486,0.0638333335518837,0.1130999997258186,0.1553000062704086,0.1763499975204467,0.1814000010490417,0.2087000012397766,0.1013964787125587,-0.147155612707138,0.2319184988737106,0.4794073700904846,0.1764000058174133,0.0296000000089406,0.2838000059127807,0.8111039996147156,0.001230624354591032,0.0,0.05351046155271814,0.0
18.59743_82.823241,18.5974,82.8232,4.988,882.2477,KORAPUT,SEMILIGUDA,HATIMUNDA,,18,6.6949,36.8,19.6111,41.0,5.3052,758.3733,8.0,16,Pitmari Cipadessa baccifera,0.1667,13,13.0,0.0,6,5.888888835906982,0.2142308153159457,0.680212142803263,0,0.0,6,,,0.0,-13.863402366638184,-13.863402366638184,-13.863402366638184,0.0,2.7240195274353027,-11.13938331604004,-11.13938331604004,-11.13938331604004,0.3224983215332031,0.2718000113964081,0.1685999929904937,0.0694999992847442,0.1162500008940696,0.1526499986648559,0.1715999990701675,0.1863333284854889,0.2025000005960464,0.0499624349176883,-0.1865541338920593,0.2316166311502456,0.4566775262355804,0.2393999993801117,0.0351000018417835,0.2827999889850616,0.7791758179664612,0.0,0.0,0.0,0.0
18.597682_82.819763,18.5977,82.8198,5.0,929.0,KORAPUT,SEMILIGUDA,HATIMUNDA,,27,4.1375,5.014,2.523,5.57,6.378,1776.4079,28.0,9,Bela Aegle marmelos,0.2593,15,14.777777671813965,0.4157397096415625,6,6.0,0.2031563921409426,0.7624782412682841,0,0.0,7,,,0.0,-11.581639289855955,-11.581639289855955,-11.581639289855955,0.0,7.172997951507568,-4.408641815185547,-4.408641815185547,-4.408641815185547,0.2549743950366974,0.2334000021219253,0.1421999931335449,0.0569499991834163,0.1152999997138977,0.1724250018596649,0.1952999979257583,0.2129749953746795,0.2243166714906692,0.1992679685354232,-0.0457574911415576,0.2975401580333709,0.5780309438705444,0.1717000007629394,0.0296999998390674,0.3260000050067901,0.8330053687095642,0.0,0.0,0.0,0.0
18.598169_82.819834,18.5982,82.8198,4.76,945.0,KORAPUT,SEMILIGUDA,HATIMUNDA,,9,23.7542,12.26,7.8111,44.0,5.3759,310.193,18.0,7,Charkauli Buchanania lanzan,0.2222,16,15.777777671813965,0.4157397096415625,6,6.0,0.2207454933744372,0.7315582480630256,0,0.0,8,,,0.0,-9.267740249633787,-9.267740249633787,-9.267740249633787,0.0,4.2115888595581055,-5.056151866912842,-5.056151866912842,-5.056151866912842,0.3009593784809112,0.2450666725635528,0.150299996137619,0.0623500011861324,0.1177999973297119,0.1759999990463256,0.1990749984979629,0.2098000049591064,0.2276500016450882,0.1652318835258484,-0.07753187417984,0.2808302938938141,0.5417968034744263,0.1723999977111816,0.0266999993473291,0.3129000067710876,0.8427562117576599,0.0,0.0,0.0,0.0
18.598548_82.821378,18.5985,82.8214,5.295,961.6,KORAPUT,SEMILIGUDA,HATIMUNDA,,7,6.2033,5.8,5.1429,8.0,7.6394,416.031,28.0,2,Amba Mangifera indica,0.8571,19,19.11111068725586,0.3142696805273187,6,6.333333492279053,0.1045601925463572,0.8214610362215683,2,1.7777777910232544,11,,,0.0,-14.439640998840332,-14.439640998840332,-14.439640998840332,0.0,2.9061267375946045,-11.533514022827148,-11.533514022827148,-11.533514022827148,0.1468686908483505,0.1853999942541122,0.0958200022578239,0.0397999994456768,0.1124999970197677,0.2205124944448471,0.2573499977588653,0.2387666702270507,0.2870500087738037,0.4272336065769195,0.1258153170347213,0.3594610095024109,0.7142515182495117,0.151199996471405,0.0211999993771314,0.2840999960899353,0.8611202239990234,1.530629170077636,5.0,1.1810886636047198,6.0
18.598995_82.819166,18.599,82.8192,6.1,890.7,KORAPUT,SEMILIGUDA,HATIMUNDA,,9,4.6714,4.6,3.4,5.0,6.9215,512.5577,23.0,5,Amba Mangifera indica,0.3333,17,17.0,0.0,7,6.777777671813965,0.2052351677386089,0.7362046635558502,0,0.0,11,,,0.0,-10.473167419433594,-10.473167419433594,-10.473167419433594,0.0,9.041380882263184,-1.4317864179611206,-1.4317864179611206,-1.4317864179611206,0.2642835974693298,0.2469999939203262,0.1471000015735626,0.0612500011920928,0.1240999996662139,0.1992000043392181,0.2259999960660934,0.2319999933242797,0.2515999972820282,0.2239514589309692,-0.0313152410089969,0.3030047714710235,0.582267701625824,0.1859000027179718,0.0296999998390674,0.3574000000953674,0.8465512990951538,0.0,0.0,0.0,0.0
18.602419_82.818844,18.6024,82.8188,4.985,889.4,KORAPUT,SEMILIGUDA,HATIMUNDA,,15,4.9411,4.8,3.3,6.0,5.4113,660.8909,18.0,9,Amba Mangifera indica,0.2,20,19.66666603088379,0.816496580927726,6,6.222222328186035,0.158415844741163,0.7441647605554003,0,0.7777777910232544,10,,,0.0,-9.64121150970459,-9.64121150970459,-9.64121150970459,0.0,5.754787921905518,-3.886423349380493,-3.886423349380493,-3.886423349380493,0.2395022511482238,0.209999993443489,0.1208000034093856,0.0557500012218952,0.1155000030994415,0.1951999962329864,0.2247499972581863,0.2307000011205673,0.2463500052690506,0.3126600384712219,0.0469707287847995,0.3327556252479553,0.610752284526825,0.1601999998092651,0.025000000372529,0.3088999986648559,0.8502545952796936,1.270993836671802,9.0,0.8542789208768337,7.000000000000001
18.604711_82.818115,18.6047,82.8181,15.487,946.3,KORAPUT,SEMILIGUDA,HATIMUNDA,,15,4.7287,5.0,2.7373,7.0,4.1168,367.4888,18.0,10,Akasia Acacia auriculiformis,0.2,11,10.44444465637207,0.6849348892187711,5,5.0,0.2316022534435474,0.3952617350841642,0,0.0,5,,,0.0,-18.22144317626953,-18.22144317626953,-18.22144317626953,0.0,14.585929870605469,-3.635514259338379,-3.635514259338379,-3.635514259338379,0.4493838250637054,0.3051500022411346,0.2167000025510788,0.109866663813591,0.1417800039052963,0.1853999942541122,0.2049999982118606,0.2125999927520752,0.2318000048398971,-0.0095504308119416,-0.1787542253732681,0.1998419761657714,0.3185859024524688,0.2064999938011169,0.0460000000894069,0.3504999876022339,0.7679697275161743,0.0,0.0,0.0,0.0
18.614284_82.839737,18.6143,82.8397,3.7,925.9,KORAPUT,SEMILIGUDA,BARIGUDA,,17,8.784,10.0,5.7341,11.0,7.6582,1046.0459,48.0,5,Other,0.3529,19,18.88888931274414,0.7370277311900736,5,5.0,0.1497400741297371,0.80513470999483,3,2.777777671813965,15,,,0.0,-15.22437572479248,-15.22437572479248,-15.22437572479248,0.0,9.697395324707031,-5.526980876922607,-5.526980876922607,-5.526980876922607,0.1897801607847213,0.1829999983310699,0.1078500002622604,0.0406499989330768,0.0956000015139579,0.1623000055551529,0.1876000016927719,0.2018000036478042,0.2123000025749206,0.303407073020935,0.0488565489649772,0.3570948243141174,0.6646731495857239,0.1342000067234039,0.0200999993830919,0.2560999989509582,0.8544532656669617,2.432267591165897,5.0,1.4282723996494124,4.0
18.614533_82.839458,18.6145,82.8395,4.744,924.6,KORAPUT,SEMILIGUDA,BARIGUDA,,15,7.5788,9.4,5.1473,12.0,6.7057,651.4212,58.0,4,Other,0.4667,18,18.22222137451172,0.4157397096415625,5,5.0,0.1720108416180409,0.7672900237313196,1,0.7777777910232544,15,,,0.0,-10.454559326171877,-10.454559326171877,-10.454559326171877,0.0,2.241174697875977,-8.213384628295898,-8.213384628295898,-8.213384628295898,0.2126565873622894,0.1926999986171722,0.1172666698694229,0.0455200001597404,0.1017500013113021,0.1650999933481216,0.188033327460289,0.1968999952077865,0.2137999981641769,0.2534748017787933,0.0107802879065275,0.3186003565788269,0.6244534254074097,0.1425999999046325,0.0248000007122755,0.2797000110149383,0.8371100425720215,0.33278050920452185,1.0,0.842139615427388,4.0
18.615426_82.839528,18.6154,82.8395,4.85,969.5,KORAPUT,SEMILIGUDA,BARIGUDA,,13,10.696,10.6,4.5569,16.0,6.0724,600.1733,58.0,8,Other,0.3077,22,21.55555534362793,0.4969039949999985,6,6.0,0.1184537206923086,0.8085746321492707,12,12.0,19,0.0,12.133913040161133,0.0,-11.094504356384276,-11.094504356384276,-11.094504356384276,0.0,6.607362270355225,-4.487142562866211,-4.487142562866211,-4.487142562866211,0.1390237063169479,0.1751399934291839,0.0950800031423568,0.0358285717666149,0.0967999994754791,0.1918999999761581,0.2258999943733215,0.2269999980926513,0.2496999949216842,0.4095876812934875,0.1289600580930709,0.4021000564098358,0.7273616790771484,0.1358000040054321,0.0189999993890523,0.2653999924659729,0.8663854002952576,11.505427194282321,14.000000000000004,10.917810540137717,14.000000000000004
18.615788_82.855314,18.6158,82.8553,4.618,840.4939,KORAPUT,SEMILIGUDA,KONDASRIMUNDA,,12,1.2032,1.4,1.1083,2.0,1.6977,29.762,0.0,4,Unidentified shrub22 Indirabuta,0.4167,11,10.666666984558104,0.4714045207910317,5,4.888888835906982,0.2623016857027254,0.5894633891741111,0,0.0,4,,,0.0,-15.37451457977295,-15.37451457977295,-15.37451457977295,0.0,8.139586448669434,-7.234927654266357,-7.234927654266357,-7.234927654266357,0.443975418806076,0.2804999947547912,0.1923999935388565,0.0773999989032745,0.1115000024437904,0.1361999958753585,0.1515000015497207,0.1597333401441574,0.1731999963521957,-0.0927678942680358,-0.2743242084980011,0.1778296679258346,0.3472026884555816,0.2293999940156936,0.0373999997973442,0.3208000063896179,0.7911781072616577,0.0,0.0,0.0,0.0
18.615818_82.85548,18.6158,82.8555,4.509,839.7809,KORAPUT,SEMILIGUDA,KONDASRIMUNDA,,9,1.5178,1.7,1.34,2.0,1.8745,26.9768,0.0,4,Unidentified shrub22 Indirabuta,0.4444,11,10.666666984558104,0.4714045207910317,5,5.0,0.252822034916446,0.6229378162259496,0,0.0,5,,,0.0,-13.135091781616213,-13.135091781616213,-13.135091781616213,0.0,6.076056480407715,-7.059035301208496,-7.059035301208496,-7.059035301208496,0.4249745607376098,0.2872999906539917,0.1941000074148178,0.0760999992489814,0.1111000031232833,0.1434500068426132,0.1597000062465667,0.167600005865097,0.1860000044107437,-0.0732651352882385,-0.2631347477436065,0.2027269452810287,0.3754616379737854,0.2477999925613403,0.0366000011563301,0.3301999866962433,0.8004361987113953,0.0,0.0,0.00498211125567999,0.0
18.615834_82.855468,18.6158,82.8555,4.837,832.5234,KORAPUT,SEMILIGUDA,KONDASRIMUNDA,,7,1.3459,1.6,1.3857,2.0,1.6825,16.4725,0.0,4,Unidentified shrub22 Indirabuta,0.5714,11,10.666666984558104,0.4714045207910317,5,5.0,0.252822034916446,0.6229378162259496,0,0.0,5,,,0.0,-13.135091781616213,-13.135091781616213,-13.135091781616213,0.0,6.076056480407715,-7.059035301208496,-7.059035301208496,-7.059035301208496,0.4249745607376098,0.2872999906539917,0.1941000074148178,0.0760999992489814,0.1111000031232833,0.1434500068426132,0.1597000062465667,0.167600005865097,0.1860000044107437,-0.0732651352882385,-0.2631347477436065,0.2027269452810287,0.3754616379737854,0.2477999925613403,0.0366000011563301,0.3301999866962433,0.8004361987113953,0.0,0.0,0.00498211125567999,0.0
18.616194_82.856297,18.6162,82.8563,4.934,867.9384,KORAPUT,SEMILIGUDA,KONDASRIMUNDA,,9,1.0004,1.2,1.0644,2.0,1.8038,26.4993,0.0,4,Pitmari Cipadessa baccifera,0.4444,10,10.222222328186035,0.4157397096415474,5,5.0,0.2350071510004871,0.6002271016523613,0,0.0,4,,,0.0,-15.822214126586914,-15.822214126586914,-15.822214126586914,0.0,6.483533382415772,-9.3386812210083,-9.3386812210083,-9.3386812210083,0.4196057021617889,0.3041999936103821,0.2051666676998138,0.0888666659593582,0.1254999935626983,0.1633999943733215,0.1816000044345855,0.1907750070095062,0.2074999958276748,-0.0363479480147361,-0.2291529923677444,0.206386849284172,0.3644247055053711,0.2621000111103058,0.0425999984145164,0.3519000113010406,0.7840304374694824,0.0,0.0,0.0,0.0
18.616558_82.841079,18.6166,82.8411,4.586,1000.2,KORAPUT,SEMILIGUDA,BARIGUDA,,17,8.1076,9.4,4.2388,12.0,6.6096,805.4036,63.0,8,Jamu Koli Syzygium cumini,0.2941,17,16.88888931274414,0.3142696805273187,6,5.666666507720947,0.115255416235215,0.8254856447824972,6,5.333333492279053,15,,,0.0,-10.942816734313965,-10.942816734313965,-10.942816734313965,0.0,6.698736190795898,-4.244080066680908,-4.244080066680908,-4.244080066680908,0.1103899851441383,0.1523333340883255,0.0850749984383583,0.0283400006592273,0.0788666680455207,0.1544499993324279,0.178849995136261,0.1871500015258789,0.1972499936819076,0.3749655485153198,0.1025578081607818,0.4070546925067901,0.7369715571403503,0.1116999983787536,0.0175000000745058,0.2117999941110611,0.8473615646362305,6.022762774972182,9.0,4.507179111076985,10.0
18.616631_82.839986,18.6166,82.84,4.94,976.6,KORAPUT,SEMILIGUDA,BARIGUDA,,13,8.6924,9.2,4.7738,11.0,6.3907,604.2317,58.0,8,Other,0.3846,17,17.33333396911621,0.4714045207910317,6,6.0,0.090352974047878,0.8537412178681816,8,8.333333015441895,16,,,0.0,-12.20205307006836,-12.20205307006836,-12.20205307006836,0.0,5.795496940612793,-6.406556129455566,-6.406556129455566,-6.406556129455566,0.1101664826273918,0.1715250015258789,0.0926999971270561,0.0341500006616115,0.0943124964833259,0.1888999938964843,0.2198999971151352,0.2431000024080276,0.2451499998569488,0.4478856325149536,0.1726258695125579,0.4409661889076233,0.7536519169807434,0.1393000036478042,0.0204000007361173,0.2791999876499176,0.8638184070587158,8.59191872719686,11.000000000000002,8.466843445141524,12.999999999999998
18.616679_82.843587,18.6167,82.8436,4.188,971.4,KORAPUT,SEMILIGUDA,BARIGUDA,,13,6.5345,7.2,3.7838,10.0,5.5582,441.5754,68.0,9,Other,0.3077,14,14.333333015441896,0.4714045207910317,5,5.222222328186035,0.1939755418848099,0.7562512434690242,1,0.6666666865348816,6,,,0.0,-12.518911361694336,-12.518911361694336,-12.518911361694336,0.0,3.143495321273804,-9.375415802001951,-9.375415802001951,-9.375415802001951,0.3163709044456482,0.2089666724205017,0.1252499967813491,0.0515500009059906,0.1004500016570091,0.153899997472763,0.1781000047922134,0.1755000054836273,0.2026499956846237,0.1670822948217392,-0.0870469883084297,0.2719695568084717,0.5459150075912476,0.147599995136261,0.0197000000625848,0.266400009393692,0.8622859120368958,1.1962636821775927,6.0,1.2173460080777003,6.0
18.616705_82.856253,18.6167,82.8563,4.971,881.8315,KORAPUT,SEMILIGUDA,KONDASRIMUNDA,,11,1.1313,1.346,1.1464,2.0,1.7073,27.6134,0.0,4,Unidentified shrub22 Indirabuta,0.4545,10,10.11111068725586,0.3142696805273589,5,5.222222328186035,0.227175984948573,0.5529701671921522,0,0.0,5,,,0.0,-10.493408203125,-10.493408203125,-10.493408203125,0.0,7.790779113769531,-2.7026286125183105,-2.7026286125183105,-2.7026286125183105,0.3477590382099151,0.3088499903678894,0.2085999995470047,0.0820000022649765,0.1309999972581863,0.1700000017881393,0.1866499930620193,0.1916666626930236,0.2097499966621399,-0.0423051305115222,-0.2341247349977493,0.1880165338516235,0.4007308185100555,0.2633000016212463,0.0458000004291534,0.3183999955654144,0.7484898567199707,0.0,0.0,0.0,0.0
18.616708_82.839955,18.6167,82.84,4.766,978.3,KORAPUT,SEMILIGUDA,BARIGUDA,,17,7.5212,9.0,4.0329,10.0,6.5722,809.8599,53.0,5,Other,0.5882,17,17.22222137451172,0.4157397096415625,6,6.111111164093018,0.1050479412492295,0.8440378376293318,7,6.44444465637207,16,,,0.0,-13.05776596069336,-13.05776596069336,-13.05776596069336,0.0,4.55602502822876,-8.501740455627441,-8.501740455627441,-8.501740455627441,0.1439346671104431,0.1715250015258789,0.0926999971270561,0.0357999987900257,0.0943124964833259,0.1888999938964843,0.2198999971151352,0.2261500060558319,0.2451499998569488,0.4185353517532348,0.1373609155416488,0.4113975763320923,0.7266653776168823,0.1393000036478042,0.0193000007420778,0.2790000140666961,0.8706000447273254,6.716529619781837,9.000000000000002,6.8826954898664265,11.0
18.616768_82.842999,18.6168,82.843,4.25,974.1,KORAPUT,SEMILIGUDA,BARIGUDA,,18,10.1782,12.4,5.54,15.0,6.9498,906.3078,58.0,6,Other,0.4444,17,16.66666603088379,0.4714045207910317,6,5.777777671813965,0.1773699956395372,0.7909510787979546,5,3.3333332538604736,8,,,0.0,-14.020188331604004,-14.020188331604004,-14.020188331604004,0.0,4.279584884643555,-9.74060344696045,-9.74060344696045,-9.74060344696045,0.2582301497459411,0.2031999975442886,0.1194333359599113,0.0502916648983955,0.1024999991059303,0.1618999987840652,0.1842000037431717,0.1995333284139633,0.2119500041007995,0.2511234283447265,-0.0091044530272483,0.3212669789791107,0.5973848104476929,0.1412000060081482,0.0216000005602836,0.2775999903678894,0.855614960193634,2.6885619516370642,5.999999999999999,1.6027068314134347,5.0
18.616998_82.84222,18.617,82.8422,4.786,988.3,KORAPUT,SEMILIGUDA,BARIGUDA,,14,6.665,8.4,4.46,10.0,6.1616,485.5022,63.0,7,Other,0.3571,16,15.88888931274414,0.3142696805273187,6,6.0,0.1388084309804415,0.8228258254961491,0,0.0,8,,,0.0,-14.219732284545898,-14.219732284545898,-14.219732284545898,0.0,3.926344394683838,-10.29338836669922,-10.29338836669922,-10.29338836669922,0.2103358507156372,0.2017000019550323,0.1186999976634979,0.0431500002741813,0.0976499989628791,0.1622750014066696,0.1904499977827072,0.2117999941110611,0.2174749970436096,0.2816944122314453,0.0244256351143121,0.3688802719116211,0.6615022420883179,0.1469999998807907,0.0189999993890523,0.2775000035762787,0.8718380928039551,0.0,0.0,0.06427154110590888,1.0
18.617277_82.841366,18.6173,82.8414,4.771,999.1,KORAPUT,SEMILIGUDA,BARIGUDA,,17,9.1115,11.4,6.1418,17.0,7.3773,833.6536,58.0,7,Other,0.4706,16,15.88888931274414,0.3142696805273187,6,6.0,0.1523318932789094,0.7927395990625359,5,3.222222328186035,16,,,0.0,-11.97694969177246,-11.97694969177246,-11.97694969177246,0.0,6.156618595123291,-5.82033109664917,-5.82033109664917,-5.82033109664917,0.2054069340229034,0.186049997806549,0.1067999973893165,0.0473500005900859,0.1004000008106231,0.1861999928951263,0.2162999957799911,0.2225999981164932,0.2442999929189682,0.351548284292221,0.0894408449530601,0.3783281743526459,0.6491943001747131,0.1420000046491623,0.0237000007182359,0.3023000061511993,0.8546012043952942,3.1027721903620646,5.0,1.8748944382526653,5.0
18.624624_82.933586,18.6246,82.9336,4.923,856.4443,KORAPUT,SEMILIGUDA,KHASUGUDA,,3,4.5501,3.4333,3.4333,5.0,3.7242,43.7207,48.0,3,Ganga Siuli Nyctanthes arbor tristis,0.3333,12,11.777777671813965,1.1331154474650682,4,4.222222328186035,0.2070048996237771,0.5628318637532166,0,0.0,3,,,0.0,-19.240339279174805,-19.240339279174805,-19.240339279174805,0.0,4.354983806610107,-14.88535499572754,-14.88535499572754,-14.88535499572754,0.3654874861240387,0.2785666584968567,0.194433331489563,0.1015666648745536,0.1368999928236007,0.1923333406448364,0.2155400067567825,0.231533333659172,0.2427999973297119,0.087096020579338,-0.0922041460871696,0.2568533420562744,0.3901731073856354,0.2373999953269958,0.049100000411272,0.3528000116348266,0.7556605935096741,0.004092419127913509,0.0,0.015356127958026756,0.0
18.637046_82.971078,18.637,82.9711,4.97,1122.8314,KORAPUT,SEMILIGUDA,KHASUGUDA,,35,4.4298,6.4,2.33,9.0,13.0689,7792.3056,33.0,25,Jamu Koli Syzygium cumini,0.0857,19,18.66666603088379,0.4714045207910317,6,5.777777671813965,0.1494685302573249,0.7559862262093536,2,2.0,10,,,0.0,-10.664226531982422,-10.664226531982422,-10.664226531982422,0.0,-0.0363958552479743,-10.70062255859375,-10.70062255859375,-10.70062255859375,0.1745558977127075,0.2395499944686889,0.1348749995231628,0.0605666674673557,0.1348499953746795,0.2603333294391632,0.2948000133037567,0.3188500106334686,0.3267500102519989,0.4054768979549408,0.1420128941535949,0.405554324388504,0.6807379722595215,0.2215999960899353,0.0340999998152256,0.4372000098228454,0.855293869972229,1.7111038603285318,7.0,0.8306635519584938,3.0
18.637227_82.968882,18.6372,82.9689,4.777,1066.8932,KORAPUT,SEMILIGUDA,KHASUGUDA,,24,8.2076,7.0,2.8275,13.0,24.2446,48782.8999,38.0,21,Aanla Emblica officinal,0.0833,16,16.33333396911621,1.0540925533894598,7,6.44444465637207,0.1809591998805134,0.7513471688437419,11,2.3333332538604736,13,,,0.0,-14.58539581298828,-14.58539581298828,-14.58539581298828,0.0,7.578853130340576,-7.006542205810547,-7.006542205810547,-7.006542205810547,0.241632878780365,0.2062499970197677,0.1222625002264976,0.0560999996960163,0.1032285690307617,0.192560002207756,0.2170285731554031,0.2386000007390976,0.2454250007867813,0.3223873376846313,0.0727211385965347,0.3960213959217071,0.619273841381073,0.1895000040531158,0.0293000005185604,0.3919999897480011,0.860906720161438,2.2282333684587776,12.0,0.6654949569277562,5.0
18.637924_82.967885,18.6379,82.9679,3.79,1028.8727,KORAPUT,SEMILIGUDA,KHASUGUDA,,24,5.7513,13.8,4.3379,43.0,13.9261,5510.2624,33.0,18,Jamu Koli Syzygium cumini,0.125,15,15.0,0.4714045207910317,5,5.222222328186035,0.2071433663820188,0.5853826460499708,0,0.0,8,,,0.0,-10.29468059539795,-10.29468059539795,-10.29468059539795,0.0,0.4516329169273376,-9.843048095703123,-9.843048095703123,-9.843048095703123,0.3444305956363678,0.2687000036239624,0.1809833347797393,0.0823874995112419,0.1193000003695488,0.1731249988079071,0.1951500028371811,0.2019000053405761,0.2234250009059906,0.054629348218441,-0.1419464498758316,0.2571606338024139,0.4203930795192718,0.2621000111103058,0.0528500005602836,0.3966000080108642,0.7648236751556396,0.0,0.0,0.004388194367226344,0.0
18.6389_82.971745,18.6389,82.9717,4.946,1087.733,KORAPUT,SEMILIGUDA,KHASUGUDA,,26,4.4636,6.8,2.8335,9.0,14.0424,6017.5688,58.0,18,Jamu Koli Syzygium cumini,0.1538,17,16.77777862548828,0.6285393610547179,5,5.0,0.170914210897211,0.7085174570740946,1,0.3333333432674408,11,,,0.0,-9.38247013092041,-9.38247013092041,-9.38247013092041,0.0,7.332908153533935,-2.0495617389678955,-2.0495617389678955,-2.0495617389678955,0.2510625720024109,0.238833338022232,0.1449666619300842,0.0667666643857956,0.1161416694521904,0.190650001168251,0.2174499928951263,0.2221000045537948,0.241616666316986,0.2101344019174575,-0.0363031513988971,0.3132622241973877,0.5377336740493774,0.2002499997615814,0.0361000001430511,0.3057500123977661,0.7887962460517883,0.3800730704011382,3.0,0.21870198345948044,2.0
18.639738_82.971846,18.6397,82.9718,4.868,1074.9956,KORAPUT,SEMILIGUDA,KHASUGUDA,,29,7.9392,8.0,3.2083,10.0,18.1327,17171.2268,63.0,20,Bahada Terminalia bellirica,0.1034,20,20.11111068725586,0.5665577237325118,5,5.111111164093018,0.1712230541055658,0.7541947322099782,4,2.6666667461395264,13,,,0.0,-14.680560111999512,-14.680560111999512,-14.680560111999512,0.0,8.476933479309082,-6.203626155853272,-6.203626155853272,-6.203626155853272,0.2618814706802368,0.2371399998664856,0.1395500004291534,0.0647374987602233,0.1239250004291534,0.2197999954223632,0.2524000108242035,0.2580499947071075,0.2851000130176544,0.2980382442474365,0.0422262176871299,0.3511355519294739,0.5988847017288208,0.190200001001358,0.026350000873208,0.3521499931812286,0.8607661724090576,2.2646770906328726,7.000000000000001,2.176090996696036,8.0
18.639916_82.968455,18.6399,82.9685,4.912,918.2227,KORAPUT,SEMILIGUDA,KHASUGUDA,,15,5.8261,6.2,2.788,7.0,11.6289,3218.2721,28.0,12,Harida Termanalia Chebula,0.1333,18,18.0,0.0,7,7.0,0.2145666476183894,0.7695604790532896,0,0.4444444477558136,12,,,0.0,-8.700353622436523,-8.700353622436523,-8.700353622436523,0.0,1.4124960899353027,-7.287857532501221,-7.287857532501221,-7.287857532501221,0.3245759010314941,0.2457428574562072,0.1545599997043609,0.0696500018239021,0.1188142821192741,0.1946285665035247,0.2214249968528747,0.2311200052499771,0.2536124885082245,0.1985065340995788,-0.0306647010147571,0.3209337294101715,0.5368553996086121,0.209099993109703,0.0288500003516674,0.3875499963760376,0.8614313006401062,0.18739870231988412,1.0,0.6266837156109029,4.0
18.640693_82.972283,18.6407,82.9723,4.657,1078.3094,KORAPUT,SEMILIGUDA,KHASUGUDA,,26,5.5686,7.0,3.2269,9.0,12.0468,4754.2765,43.0,17,Panasa Artocarpus heterophyllus,0.1923,23,22.88888931274414,0.7370277311900736,7,6.44444465637207,0.1847283709128825,0.6911394749917565,2,1.5555555820465088,16,,,0.0,-12.907288551330566,-12.907288551330566,-12.907288551330566,0.0,9.184301376342772,-3.7229866981506343,-3.7229866981506343,-3.7229866981506343,0.3043057322502136,0.2932749986648559,0.1775700002908706,0.095839999616146,0.1631791740655899,0.2791000008583069,0.3169833421707153,0.3009499907493591,0.3590333461761474,0.2578366696834564,0.0129159828647971,0.2968372702598572,0.5169233083724976,0.2649999856948852,0.0447999984025955,0.4564000070095062,0.8212290406227112,1.3372379118528028,3.0,1.2970164029020723,5.000000000000001
18.641832_82.972375,18.6418,82.9724,4.967,1010.9517,KORAPUT,SEMILIGUDA,KHASUGUDA,,26,5.9178,6.8,3.285,9.0,10.4797,3874.4679,38.0,17,Jamu Koli Syzygium cumini,0.1154,22,22.0,0.6666666666666666,6,6.0,0.2305358874537372,0.7408715246678622,0,0.5555555820465088,10,,,0.0,-10.014256477355955,-10.014256477355955,-10.014256477355955,0.0,10.987600326538086,0.973343789577484,0.973343789577484,0.973343789577484,0.3133191466331482,0.2822000086307525,0.1832000017166137,0.0882249996066093,0.1514250040054321,0.2185000032186508,0.2475000023841858,0.2632000148296356,0.2773500084877014,0.1792114675045013,-0.0348368175327777,0.2695809602737427,0.4979014098644256,0.2303999960422516,0.0426499992609024,0.4092000126838684,0.8112205266952515,0.3346527239175204,2.0,0.36753270303145835,2.0
18.641893_82.969522,18.6419,82.9695,4.666,902.677,KORAPUT,SEMILIGUDA,KHASUGUDA,,21,6.3154,8.2,2.971,14.0,13.2174,4616.9257,28.0,18,Jamu Koli Syzygium cumini,0.1429,14,13.88888931274414,0.3142696805273589,5,5.0,0.1881415484966409,0.5954126504845639,0,0.1111111119389534,0,,,0.0,-13.700029373168944,-13.700029373168944,-13.700029373168944,0.0,2.478837490081787,-11.22119140625,-11.22119140625,-11.22119140625,0.3327078521251678,0.2529999911785126,0.1653666645288467,0.0746666640043258,0.1121999993920326,0.1780000030994415,0.2020999938249588,0.2236000001430511,0.2265666723251342,0.1497129201889038,-0.06168694794178,0.3317450881004333,0.4993294477462768,0.2037499994039535,0.0351000018417835,0.3828499913215637,0.8320373296737671,0.413301167181967,3.0,0.11746532231483721,0.0
18.644529_82.974055,18.6445,82.9741,5.0,969.5992,KORAPUT,SEMILIGUDA,KHASUGUDA,,23,10.0486,9.0,3.6817,13.0,10.4932,5376.1601,48.0,13,Chandan Santalum album,0.1739,17,16.33333396911621,0.6666666666666666,6,6.0,0.1360690869662306,0.7635406553042037,1,1.2222222089767456,15,,,0.0,-14.668843269348145,-14.668843269348145,-14.668843269348145,0.0,6.744472026824951,-7.924371242523193,-7.924371242523193,-7.924371242523193,0.1960609853267669,0.2106000036001205,0.1175400018692016,0.0551749989390373,0.1128899976611137,0.2198666632175445,0.2502999901771545,0.2606399953365326,0.2858200073242187,0.3783912360668182,0.1061879321932792,0.3955505490303039,0.6505866050720215,0.1899500042200088,0.033449999988079,0.4027999937534332,0.8466475605964661,0.7552032350722914,2.0,1.777586617612029,5.000000000000001
18.652406_82.811505,18.6524,82.8115,4.8,898.1,KORAPUT,SEMILIGUDA,SAKIAGUDA,,14,6.5734,8.2,4.2721,9.0,6.1388,481.2845,68.0,7,Other,0.2857,23,22.55555534362793,0.8314794192831251,7,7.0,0.1906519689994905,0.7577056650267205,8,7.222222328186035,14,,,0.0,-12.55286693572998,-12.55286693572998,-12.55286693572998,0.0,7.457341194152832,-5.095525741577148,-5.095525741577148,-5.095525741577148,0.319986492395401,0.2199500054121017,0.1332499980926513,0.0573499985039234,0.1027249991893768,0.1606499999761581,0.1883666664361953,0.1952999979257583,0.2193000018596649,0.188860148191452,-0.0593618303537368,0.3106282949447632,0.546012282371521,0.1445000022649765,0.0214000009000301,0.2980000078678131,0.8659987449645996,7.246126197442247,8.0,6.7910867159746084,8.0
18.652437_82.811106,18.6524,82.8111,4.863,904.3,KORAPUT,SEMILIGUDA,SAKIAGUDA,,16,6.6605,7.8,4.2544,10.0,6.0877,605.7437,58.0,7,Kurei Holarrhena antidysenterica,0.375,19,18.66666603088379,0.4714045207910317,7,7.0,0.1221768392413663,0.7879157105848387,3,3.1111111640930176,16,,,0.0,-10.826251029968262,-10.826251029968262,-10.826251029968262,0.0,6.664135456085205,-4.162115573883057,-4.162115573883057,-4.162115573883057,0.237951785326004,0.2013500034809112,0.1160999983549118,0.0524999983608722,0.1030000001192092,0.1830250024795532,0.2138250023126602,0.2356999963521957,0.2409750074148178,0.3399658799171448,0.0785951241850853,0.3917921483516693,0.6356696486473083,0.1535000056028366,0.0211999993771314,0.314300000667572,0.8736214637756348,4.301846423757459,7.000000000000001,4.240007623827639,9.0
18.65244_82.811768,18.6524,82.8118,4.846,948.9,KORAPUT,SEMILIGUDA,SAKIAGUDA,,17,6.6834,8.8,4.5041,9.0,6.6283,696.3029,68.0,10,Other,0.2353,24,23.66666603088379,0.4714045207910317,8,7.222222328186035,0.159104011262059,0.7999951770550386,6,5.55555534362793,15,,,0.0,-13.566079139709473,-13.566079139709473,-13.566079139709473,0.0,3.741024971008301,-9.825054168701172,-9.825054168701172,-9.825054168701172,0.2800992429256439,0.2085999995470047,0.1200999990105629,0.0530500002205371,0.1002999991178512,0.1804250031709671,0.2134000062942505,0.2179750055074691,0.2442999929189682,0.2895067632198334,0.0219773780554533,0.3697274327278137,0.6085231900215149,0.1626999974250793,0.0208999998867511,0.3544000089168548,0.8886224627494812,5.398147207171552,8.0,5.424881473304689,9.000000000000002
18.652644_82.812857,18.6526,82.8129,4.914,943.3,KORAPUT,SEMILIGUDA,SAKIAGUDA,,13,6.1157,7.2,3.6585,8.0,5.5827,422.5564,78.0,3,Other,0.5385,21,21.11111068725586,0.3142696805273187,7,7.0,0.1205990799201341,0.8103697269836528,4,4.888888835906982,15,,,0.0,-8.2166166305542,-8.2166166305542,-8.2166166305542,0.0,5.914832592010498,-2.3017842769622803,-2.3017842769622803,-2.3017842769622803,0.2081530690193176,0.1862500011920929,0.1028333306312561,0.0489000007510185,0.0981666669249534,0.1922000050544738,0.2239499986171722,0.2531000077724457,0.2492333352565765,0.4221764504909515,0.1521565914154052,0.441070407629013,0.6761589646339417,0.156700000166893,0.0197999998927116,0.3224999904632568,0.8843120336532593,3.060535070547586,7.0,4.381526162886884,9.999999999999998
18.652647_82.812143,18.6526,82.8121,4.749,922.8,KORAPUT,SEMILIGUDA,SAKIAGUDA,,16,9.5461,10.6,6.3756,15.0,6.3264,602.7198,58.0,7,Sindura Bixa orellana,0.3125,25,25.0,0.0,8,7.666666507720947,0.1287993827984687,0.7982612859625114,7,7.111111164093018,16,,,0.0,-14.51421070098877,-14.51421070098877,-14.51421070098877,0.0,9.411639213562012,-5.102571964263916,-5.102571964263916,-5.102571964263916,0.2452792972326278,0.2105333358049392,0.1187999993562698,0.0528500005602836,0.1135499998927116,0.2005500048398971,0.2324499934911728,0.2357999980449676,0.2657999992370605,0.3299492299556732,0.0566094107925891,0.3499355912208557,0.6338125467300415,0.1747000068426132,0.0229000002145767,0.3558999896049499,0.8790918588638306,7.166893098984801,8.0,7.026051496806267,9.999999999999996
18.652919_82.810902,18.6529,82.8109,4.45,872.9,KORAPUT,SEMILIGUDA,SAKIAGUDA,,22,8.0934,10.0,4.8968,12.0,6.8292,1069.0438,58.0,11,Other,0.2273,22,22.22222137451172,0.4157397096415625,8,8.0,0.1438057212435648,0.7981328637248736,4,4.222222328186035,14,,,0.0,-8.949604988098145,-8.949604988098145,-8.949604988098145,0.0,8.095606803894043,-0.8539986610412598,-0.8539986610412598,-0.8539986610412598,0.290496289730072,0.1954333335161209,0.1154000014066696,0.0597999989986419,0.1044000014662742,0.1834000051021576,0.2111749947071075,0.2250999957323074,0.2362499982118606,0.3221732676029205,0.0705453380942344,0.3663125932216644,0.5802035927772522,0.146599993109703,0.0218000002205371,0.3154000043869018,0.8706998825073242,4.462439092226801,7.0,3.906132172232847,9.0
18.653207_82.811814,18.6532,82.8118,4.857,931.5,KORAPUT,SEMILIGUDA,KHARAGUDA,,13,7.5104,8.6,4.4515,10.0,4.5053,255.762,78.0,8,Other,0.3846,24,23.77777862548828,0.4157397096415625,7,7.222222328186035,0.1297954943691918,0.7914342022986594,10,10.0,14,,,0.0,-13.08407211303711,-13.08407211303711,-13.08407211303711,0.0,4.245790958404541,-8.838281631469727,-8.838281631469727,-8.838281631469727,0.2292560487985611,0.1863249987363815,0.101400002837181,0.048174999654293,0.094650000333786,0.1847999989986419,0.2161999940872192,0.2263624966144561,0.2494833320379257,0.3812592923641205,0.0970165058970451,0.4103033244609833,0.6490461230278015,0.1541000008583068,0.0205000005662441,0.3163999915122986,0.8783021569252014,9.619730438038186,11.0,8.700255145928121,9.999999999999998
18.653365_82.811206,18.6534,82.8112,4.197,904.0,KORAPUT,SEMILIGUDA,KHARAGUDA,,15,14.6223,16.2,7.6267,30.0,5.6235,484.0698,63.0,10,Other,0.2,23,23.44444465637207,0.4969039949999985,8,8.0,0.1637285756098382,0.7820158138469084,5,4.44444465637207,13,,,0.0,-9.800429344177246,-9.800429344177246,-9.800429344177246,0.0,6.859322547912598,-2.9411063194274902,-2.9411063194274902,-2.9411063194274902,0.2808004021644592,0.2032749950885772,0.117087498307228,0.0570000000298023,0.1090999990701675,0.1831833273172378,0.2100500017404556,0.2238750010728836,0.2406000047922134,0.3131942749023437,0.0482266172766685,0.3446955382823944,0.594125509262085,0.1562999933958053,0.0210999995470047,0.3163000047206878,0.8749259114265442,4.49871366298505,5.0,4.238320583008124,6.0
18.653369_82.81268,18.6534,82.8127,4.238,944.1,KORAPUT,SEMILIGUDA,SAKIAGUDA,,15,9.5812,10.2,4.834,15.0,5.6659,506.8289,63.0,3,Other,0.6,21,20.11111068725586,0.8748897637790772,7,7.0,0.1265044611297434,0.8179187531587696,7,6.888888835906982,14,,,0.0,-10.651594161987305,-10.651594161987305,-10.651594161987305,0.0,2.38464879989624,-8.266944885253906,-8.266944885253906,-8.266944885253906,0.2145143002271652,0.1886000037193298,0.101400002837181,0.0443499982357025,0.0912666693329811,0.1874250024557113,0.2192499935626983,0.2275333404541015,0.247975006699562,0.3834616839885711,0.0935597568750381,0.4274362325668335,0.6737571358680725,0.1580000072717666,0.0190999992191791,0.3228000104427337,0.8882714509963989,6.54347314484987,7.0000000000000036,6.382552804623229,8.0
18.676799_82.963237,18.6768,82.9632,3.9,1324.072,KORAPUT,SEMILIGUDA,BARAKANTI,,13,7.0981,7.8,6.1538,9.0,9.3779,1034.5867,48.0,4,Other,0.6154,16,15.88888931274414,0.5665577237325118,5,5.222222328186035,0.0729050405398507,0.8417152592838341,8,6.888888835906982,14,,,0.0,-18.004610061645508,-18.004610061645508,-18.004610061645508,0.0,10.82353687286377,-7.18107271194458,-7.18107271194458,-7.18107271194458,0.0850008875131607,0.2012999951839447,0.1009000018239021,0.0443000011146068,0.1193000003695488,0.2947333455085754,0.34375,0.3653599917888641,0.3675625026226043,0.5671942830085754,0.2895210385322571,0.5076960921287537,0.7837231159210205,0.193900004029274,0.0267999991774559,0.3815000057220459,0.86872398853302,6.446565130431995,9.0,5.510900141577464,9.0
18.677433_82.964683,18.6774,82.9647,3.9,1260.925,KORAPUT,SEMILIGUDA,BARAKANTI,,16,9.623,10.4,7.3125,11.0,10.166,1710.6769,38.0,5,Other,0.5,18,18.22222137451172,0.4157397096415625,6,6.0,0.1045779752228922,0.8634296737598912,8,8.333333015441895,14,,,0.0,-14.545333862304688,-14.545333862304688,-14.545333862304688,0.0,0.6045846343040466,-13.940749168395996,-13.940749168395996,-13.940749168395996,0.1297790557146072,0.21541428565979,0.1127749979496002,0.0455499999225139,0.1225000023841857,0.272008329629898,0.3093500137329101,0.3235666751861572,0.3414666652679443,0.4830885529518127,0.2006608545780182,0.4507547318935394,0.7531945705413818,0.1969500035047531,0.0243999995291233,0.3925999999046325,0.8829736113548279,7.371553867957323,11.0,7.854123516916908,13.999999999999996
18.678063_82.960975,18.6781,82.961,3.9,1333.637,KORAPUT,SEMILIGUDA,BARAKANTI,,12,9.3374,9.8,7.5,10.0,8.3026,874.636,38.0,6,Other,0.5,15,14.777777671813965,1.1331154474650682,6,6.0,0.0757000205477892,0.8248125258371353,5,4.777777671813965,15,,,0.0,-22.95812225341797,-22.95812225341797,-22.95812225341797,0.0,9.955432891845703,-13.002690315246582,-13.002690315246582,-13.002690315246582,0.1365008354187011,0.2161500006914138,0.1175083369016647,0.0479249991476535,0.1181199997663497,0.256933331489563,0.2983333468437195,0.3280333280563354,0.3278033435344696,0.4725147187709808,0.2055986076593399,0.4704959392547607,0.7450515627861023,0.2133000046014785,0.0278500001877546,0.4424000084400177,0.8815523386001587,4.268476331044515,6.0,3.4023707161770007,7.000000000000001
18.678762_82.958297,18.6788,82.9583,3.9,1302.41,KORAPUT,SEMILIGUDA,BARAKANTI,,13,9.2571,11.4,7.9231,15.0,10.8715,1709.1649,43.0,5,Other,0.4615,13,13.11111068725586,0.3142696805273589,5,5.0,0.1088985521278791,0.7865620001138949,3,3.222222328186035,12,,,0.0,-18.17144203186035,-18.17144203186035,-18.17144203186035,0.0,7.2246479988098145,-10.94679355621338,-10.94679355621338,-10.94679355621338,0.1647475510835647,0.1985999941825866,0.1061666682362556,0.0485199987888336,0.1134999990463256,0.2469666600227356,0.2867000102996826,0.2913999855518341,0.3145999908447265,0.4659176766872406,0.1893877536058426,0.4393677413463592,0.714521050453186,0.1972000002861023,0.0224500000476837,0.3494499921798706,0.8792686462402344,2.827685050992306,4.0,2.9404405848349473,4.999999999999999
18.678843_82.963663,18.6788,82.9637,3.9,1198.23,KORAPUT,SEMILIGUDA,BARAKANTI,,15,9.2189,9.4,6.4667,10.0,8.467,1266.6346,38.0,7,Other,0.3333,15,15.333333015441896,0.4714045207910317,5,5.0,0.0784679345353253,0.8292949880554797,6,3.222222328186035,18,,,0.0,-13.7219820022583,-13.7219820022583,-13.7219820022583,0.0,6.390462875366211,-7.33151912689209,-7.33151912689209,-7.33151912689209,0.1374792605638504,0.2018399983644485,0.1065166667103767,0.045449998229742,0.1125333309173584,0.2428250014781952,0.2791000008583069,0.3095499873161316,0.3100000023841858,0.48798269033432,0.210622027516365,0.4667719602584839,0.7439436912536621,0.1932000070810318,0.0270000007003545,0.4284000098705292,0.8814229369163513,2.80621216334738,6.0,2.809797439474026,5.999999999999998
18.679113_82.96907,18.6791,82.9691,3.9,1200.395,KORAPUT,SEMILIGUDA,BARAKANTI,,11,8.2683,8.4,5.1818,9.0,6.2504,554.3367,38.0,4,Unidentified tree pitipordo,0.6364,11,11.333333015441896,0.4714045207910317,5,5.0,0.1343145897506616,0.814105397474878,2,1.8888888359069824,18,,,0.0,-16.317930221557617,-16.317930221557617,-16.317930221557617,0.0,6.598125457763672,-9.719803810119627,-9.719803810119627,-9.719803810119627,0.2036891728639602,0.2291000038385391,0.1246000006794929,0.0555999986827373,0.1190000027418136,0.2434333264827728,0.2845000028610229,0.2867000102996826,0.3157500028610229,0.3941162228584289,0.1116711869835853,0.4133596122264862,0.6751387715339661,0.2153500020503997,0.0274999998509883,0.4264000058174133,0.8788279294967651,2.9029156327543433,5.0,3.381324965557036,8.0
18.679282_82.97123,18.6793,82.9712,3.9,1139.38,KORAPUT,SEMILIGUDA,BARAKANTI,,11,9.8936,9.0,5.8182,11.0,10.8515,1978.0572,43.0,7,Unidentified tree5 Meluanduni,0.2727,19,19.22222137451172,0.4157397096415625,6,6.0,0.0617767571585179,0.8496246604931957,8,6.777777671813965,14,,,0.0,-17.482789993286133,-17.482789993286133,-17.482789993286133,0.0,8.177332878112793,-9.305458068847656,-9.305458068847656,-9.305458068847656,0.0855472758412361,0.2260250002145767,0.1113499999046325,0.0434285700321197,0.1244200021028518,0.3188500106334686,0.3773399889469147,0.3934000134468078,0.4165333211421966,0.55879145860672,0.2702102661132812,0.5194469094276428,0.8011642098426819,0.2245000004768371,0.0290500000119209,0.4837999939918518,0.8867115378379822,6.814083331996344,9.0,6.739871021361003,9.000000000000004
18.679754_82.975404,18.6798,82.9754,3.9,1230.733,KORAPUT,SEMILIGUDA,BARAKANTI,,19,7.5253,8.4,5.7368,9.0,8.142,1325.9198,38.0,6,Jamu Koli Syzygium cumini,0.2632,16,15.333333015441896,0.6666666666666666,6,5.44444465637207,0.0728440767941888,0.8223165878263415,1,1.7777777910232544,15,0.0,6.4209089279174805,0.0,-15.528796195983888,-15.528796195983888,-15.528796195983888,0.0,10.104940414428713,-5.423855781555176,-5.423855781555176,-5.423855781555176,0.1074316278100013,0.2120999991893768,0.1063363626599311,0.0486857146024704,0.1368499994277954,0.2920750081539154,0.3255749940872192,0.3626999855041504,0.3569583296775818,0.5465751886367798,0.2620041668415069,0.4521068930625915,0.7633087038993835,0.2000000029802322,0.0274999998509883,0.3980000019073486,0.8707402944564819,1.2173682859526405,3.0000000000000004,1.5392026613242573,4.0
18.680077_82.962886,18.6801,82.9629,1.434,1133.864,KORAPUT,SEMILIGUDA,BARAKANTI,,18,6.7946,7.6,5.0556,9.0,6.5784,859.1184,38.0,10,Other,0.3333,15,15.333333015441896,0.4714045207910317,6,6.222222328186035,0.0906189287168471,0.8781885075454524,5,5.44444465637207,19,,,0.0,-17.465126037597656,-17.465126037597656,-17.465126037597656,0.0,8.2758150100708,-9.18931007385254,-9.18931007385254,-9.18931007385254,0.1381366550922393,0.1825333386659622,0.094200000166893,0.0335999988019466,0.0943000018596649,0.2155999988317489,0.2527999877929687,0.2687999904155731,0.2836000025272369,0.4809917211532593,0.1911373734474182,0.4805838465690613,0.7777777910232544,0.1823499947786331,0.0170000009238719,0.3873499929904938,0.9159144163131714,5.130513368983959,6.999999999999999,6.157606840321052,9.0
18.680447_82.973233,18.6804,82.9732,3.9,1145.651,KORAPUT,SEMILIGUDA,BARAKANTI,,18,8.4104,9.0,6.7222,9.0,9.4962,1622.3459,33.0,5,Unidentified tree pitipordo,0.4444,13,12.666666984558104,0.4714045207910317,6,5.44444465637207,0.1070715229031372,0.8211302936270922,2,2.0,16,,,0.0,-14.784878730773926,-14.784878730773926,-14.784878730773926,0.0,7.01585865020752,-7.769020080566406,-7.769020080566406,-7.769020080566406,0.1662987321615219,0.2083166688680648,0.1178750023245811,0.0441749989986419,0.1046666651964187,0.2163249999284744,0.2504999935626983,0.2775799930095672,0.2750687599182129,0.4038512706756592,0.142547458410263,0.452360600233078,0.7254121899604797,0.1985500007867813,0.0234500002115964,0.4096499979496002,0.8917109370231628,1.136815029118114,4.0,0.6412035475040322,3.0
18.681063_82.964409,18.6811,82.9644,3.9,1108.801,KORAPUT,SEMILIGUDA,BARAKANTI,,13,5.3048,5.6,3.9231,6.0,8.0067,971.0839,53.0,5,Jamu Koli Syzygium cumini,0.3077,14,13.666666984558104,0.4714045207910317,5,5.0,0.083717890424829,0.8595820446700826,2,1.2222222089767456,15,,,0.0,-11.540077209472656,-11.540077209472656,-11.540077209472656,0.0,8.380268096923828,-3.159808874130249,-3.159808874130249,-3.159808874130249,0.1202490776777267,0.1674399971961975,0.0850749984383583,0.0344999991357326,0.0874666646122932,0.206725001335144,0.2433999925851822,0.2730666697025299,0.2691999971866607,0.5249086618423462,0.2397844940423965,0.5147929191589355,0.775658369064331,0.1526499986648559,0.0175500009208917,0.3196499943733215,0.895907461643219,1.251005412112007,4.0,1.074929860780266,4.0
18.681071_82.975365,18.6811,82.9754,3.9,1178.106,KORAPUT,SEMILIGUDA,BARAKANTI,,7,3.3096,2.8,2.4286,4.0,1.8644,25.7035,43.0,5,Kudedi Holoptelea integrifolia,0.2857,17,17.22222137451172,0.4157397096415625,6,6.0,0.0921559177437842,0.853748328599304,4,5.333333492279053,20,,,0.0,-11.046809196472168,-11.046809196472168,-11.046809196472168,0.0,10.296186447143556,-0.7506227493286133,-0.7506227493286133,-0.7506227493286133,0.1415683329105377,0.210099995136261,0.1034799963235855,0.0532499998807907,0.12950000166893,0.2976124882698059,0.3454500138759613,0.3638499975204468,0.3801000118255615,0.5571437478065491,0.2678804695606231,0.4750177264213562,0.7446655631065369,0.2037000060081482,0.0269000008702278,0.4460000097751617,0.8862338662147522,4.006786386583384,5.999999999999999,5.546240984582814,8.0
18.681102_82.975437,18.6811,82.9754,3.9,1161.198,KORAPUT,SEMILIGUDA,BARAKANTI,,13,8.2248,9.0,7.0,9.0,8.8392,1005.9388,43.0,4,Jamu Koli Syzygium cumini,0.3846,17,17.22222137451172,0.4157397096415625,6,6.0,0.0921559177437842,0.853748328599304,4,5.333333492279053,20,,,0.0,-11.046809196472168,-11.046809196472168,-11.046809196472168,0.0,10.296186447143556,-0.7506227493286133,-0.7506227493286133,-0.7506227493286133,0.1415683329105377,0.210099995136261,0.1034799963235855,0.0532499998807907,0.12950000166893,0.2976124882698059,0.3454500138759613,0.3638499975204468,0.3801000118255615,0.5571437478065491,0.2678804695606231,0.4750177264213562,0.7446655631065369,0.2037000060081482,0.0269000008702278,0.4460000097751617,0.8862338662147522,4.006786386583384,5.999999999999999,5.546240984582814,8.0
18.681326_82.957064,18.6813,82.9571,3.9,1256.01,KORAPUT,SEMILIGUDA,BARAKANTI,,14,8.5394,9.6,5.9286,10.0,8.6171,1104.9332,38.0,7,Other,0.2857,12,12.0,0.0,5,5.0,0.1066086433984702,0.7678352526460235,1,0.3333333432674408,14,,,0.0,-19.480443954467773,-19.480443954467773,-19.480443954467773,0.0,5.656094551086426,-13.824348449707031,-13.824348449707031,-13.824348449707031,0.1629409939050674,0.2316199988126754,0.1367249935865402,0.0535333342850208,0.1181333363056182,0.209549993276596,0.2398541718721389,0.2638500034809112,0.2744249999523163,0.3173562884330749,0.0650493502616882,0.3814738988876343,0.6626582145690918,0.2105000019073486,0.0342000015079975,0.3580000102519989,0.825599193572998,0.20168880617767226,1.0,0.3831080151176704,2.0
18.681329_82.960893,18.6813,82.9609,0.962,1098.317,KORAPUT,SEMILIGUDA,BARAKANTI,,14,7.5834,7.6,4.4286,9.0,7.3439,1039.043,33.0,6,Unidentified tree6 Modei,0.3571,15,15.11111068725586,0.3142696805273187,6,6.0,0.1294214618228243,0.8331306825423371,0,0.0,15,,,0.0,-17.507282257080078,-17.507282257080078,-17.507282257080078,0.0,8.19817066192627,-9.309110641479492,-9.309110641479492,-9.309110641479492,0.1860026866197586,0.1969600021839141,0.1086999997496604,0.0452999994158744,0.1033499985933303,0.2082999944686889,0.2384500056505203,0.2406000047922134,0.2655999958515167,0.3776123821735382,0.0997348949313163,0.399040549993515,0.683106005191803,0.1849000006914138,0.0267999991774559,0.3826999962329864,0.8691086769104004,0.04924704271749129,0.0,0.11896765280358249,1.0
18.681538_82.974712,18.6815,82.9747,3.9,1140.619,KORAPUT,SEMILIGUDA,BARAKANTI,,16,11.6345,10.2,6.6875,15.0,9.6289,2017.2889,48.0,2,Other,0.875,16,15.666666984558104,0.4714045207910317,7,6.777777671813965,0.0635974926648319,0.8616828428177645,8,7.777777671813965,18,,,0.0,-9.783278465270996,-9.783278465270996,-9.783278465270996,0.0,0.6215875148773193,-9.161690711975098,-9.161690711975098,-9.161690711975098,0.0976486355066299,0.1764499992132187,0.0813833326101303,0.0325428582727909,0.1021749973297119,0.2680999934673309,0.3183999955654144,0.3031400144100189,0.3452999889850616,0.5767053365707397,0.2641631364822387,0.495824247598648,0.8061094880104065,0.1718000024557113,0.017349999397993,0.3431999981403351,0.90375816822052,7.162968667276317,9.999999999999998,5.484816084668408,10.000000000000002
18.681742_82.961581,18.6817,82.9616,1.623,1112.083,KORAPUT,SEMILIGUDA,BARAKANTI,,24,7.1943,8.2,5.0875,9.0,8.475,1914.2361,63.0,9,Sirisa Albizia lebbeck,0.2083,14,13.777777671813965,0.4157397096415625,6,6.0,0.1057034925458326,0.8467968905508103,4,2.222222328186035,14,,,0.0,-12.846410751342772,-12.846410751342772,-12.846410751342772,0.0,5.483726978302002,-7.362683296203613,-7.362683296203613,-7.362683296203613,0.1480562835931778,0.1852999925613403,0.0999249964952468,0.0359166674315929,0.0929000005125999,0.2074999958276748,0.2405833303928375,0.2524999976158142,0.26664999127388,0.43292897939682,0.1534947454929351,0.4620729684829712,0.7509390115737915,0.1689999997615814,0.0188500005751848,0.3544000089168548,0.8989953398704529,2.0856577540106955,5.0,1.6627058112101039,5.000000000000001
18.681765_82.962915,18.6818,82.9629,10.197,1099.556,KORAPUT,SEMILIGUDA,BARAKANTI,,21,4.8528,5.6,3.619,7.0,6.0327,764.262,68.0,6,Other,0.3333,12,12.222222328186035,0.4157397096415625,6,5.888888835906982,0.1196551399224214,0.8607789895794018,2,1.4444444179534912,12,,,0.0,-17.041847229003906,-17.041847229003906,-17.041847229003906,0.0,4.426523208618164,-12.615324020385742,-12.615324020385742,-12.615324020385742,0.1559719145298004,0.1867666691541671,0.0985666662454605,0.0361000001430511,0.0949999988079071,0.2027000039815902,0.2362000048160553,0.2439599931240081,0.2617000043392181,0.4244730472564697,0.1327833533287048,0.439461886882782,0.74219810962677,0.1597999930381775,0.0172499995678663,0.3215500116348266,0.898169994354248,0.9584708103165221,3.0,0.5772372354093919,2.0
18.681858_82.963077,18.6819,82.9631,3.9,1130.134,KORAPUT,SEMILIGUDA,BARAKANTI,,8,6.8602,5.6,4.25,9.0,7.0028,480.0113,53.0,5,Sirisa Albizia lebbeck,0.25,12,12.333333015441896,0.4714045207910317,5,5.55555534362793,0.1331744885637606,0.8390788958107179,2,0.8888888955116272,6,,,0.0,-17.97172737121582,-17.97172737121582,-17.97172737121582,0.0,12.474414825439451,-5.497311592102051,-5.497311592102051,-5.497311592102051,0.1840990334749221,0.2195750027894973,0.1338749974966049,0.0396399982273578,0.1027199998497963,0.1817000061273574,0.2094500064849853,0.2320999950170517,0.2378000020980835,0.2683926522731781,0.0277301147580146,0.3864165842533111,0.7082505226135254,0.1791000068187713,0.017799999564886,0.3129000067710876,0.8923495411872864,0.660583082895736,4.0,0.38569793520472634,2.0
18.681878_82.962774,18.6819,82.9628,3.9,1043.355,KORAPUT,SEMILIGUDA,BARAKANTI,,12,4.9136,5.0,3.5833,6.0,7.9577,862.4606,53.0,7,Jamu Koli Syzygium cumini,0.25,12,12.0,0.0,6,5.777777671813965,0.1273826089086986,0.8319873729087115,2,1.0,12,,,0.0,-18.282299041748047,-18.282299041748047,-18.282299041748047,0.0,5.46744966506958,-12.814849853515623,-12.814849853515623,-12.814849853515623,0.146899327635765,0.1971571445465088,0.1098000034689903,0.0384999997913837,0.096900001168251,0.2018499970436096,0.231000006198883,0.2469333261251449,0.2583714425563812,0.3844141364097595,0.1120857000350952,0.4363548159599304,0.7302347421646118,0.163450002670288,0.0219500008970499,0.3353500068187713,0.8771340847015381,0.4946014599320836,2.0,0.47647716521888744,2.0
18.682446_82.965478,18.6824,82.9655,1.026,1126.695,KORAPUT,SEMILIGUDA,BARAKANTI,,11,7.8139,8.2,5.7273,9.0,6.6556,587.9184,38.0,6,Kunuwa,0.2727,14,13.44444465637207,0.4969039949999476,5,5.222222328186035,0.124312144395317,0.8646172675143731,1,2.555555582046509,17,,,0.0,-14.786050796508787,-14.786050796508787,-14.786050796508787,0.0,7.428300857543945,-7.357749462127685,-7.357749462127685,-7.357749462127685,0.2024563401937484,0.2056166678667068,0.1136666685342788,0.0435750000178813,0.098750002682209,0.2076124995946884,0.2474333345890045,0.2542000114917755,0.2788833379745483,0.3820224702358246,0.1056580543518066,0.4404306411743164,0.7073293328285217,0.1729000061750412,0.0150499995797872,0.3185999989509582,0.9097856879234314,2.3670171235440707,5.0,3.1376384271708977,5.999999999999999
18.68257_82.965576,18.6826,82.9656,3.9,1101.676,KORAPUT,SEMILIGUDA,BARAKANTI,,7,5.5816,4.6,3.8571,6.0,8.9127,657.1508,58.0,4,Pitmari Cipadessa baccifera,0.5714,13,13.333333015441896,0.4714045207910317,6,5.666666507720947,0.1254622499944647,0.8783058636651654,3,3.222222328186035,15,,,0.0,-18.24668502807617,-18.24668502807617,-18.24668502807617,0.0,8.377994537353516,-9.86868953704834,-9.86868953704834,-9.86868953704834,0.2039207220077514,0.2098249942064285,0.1137666702270507,0.0461499989032745,0.1036000028252601,0.2317499965429306,0.2714333236217499,0.2667999863624573,0.3041333258152008,0.4021196365356445,0.1195384189486503,0.4406047463417053,0.7050647139549255,0.1792500019073486,0.0176500007510185,0.3702000081539154,0.908985435962677,2.6916873449131518,4.999999999999999,2.485702147821012,5.000000000000001
18.682588_82.96899,18.6826,82.969,4.47,1055.569,KORAPUT,SEMILIGUDA,BARAKANTI,,8,4.9096,5.0,4.25,6.0,8.2363,524.8134,48.0,4,Sindura Bixa orellana,0.375,16,16.77777862548828,1.0304020550550836,5,5.55555534362793,0.1607699519939191,0.7144251081099743,2,1.3333333730697632,13,,,0.0,-11.942745208740234,-11.942745208740234,-11.942745208740234,0.0,4.8884992599487305,-7.054245948791504,-7.054245948791504,-7.054245948791504,0.1979758888483047,0.215719997882843,0.1247999966144561,0.0518600009381771,0.1088624969124794,0.2005999982357025,0.2264250069856643,0.2311500012874603,0.2532500028610229,0.2987779080867767,0.0345290564000606,0.359655886888504,0.6335111856460571,0.1527000069618225,0.0251000002026557,0.2727999985218048,0.8314870595932007,0.5517016406768057,2.0,0.6817110436747051,2.9999999999999996
18.68293_82.957086,18.6829,82.9571,3.9,1174.246,KORAPUT,SEMILIGUDA,BARAKANTI,,9,8.9559,9.2,6.5556,10.0,8.9834,752.3254,43.0,5,Other,0.5556,10,10.0,0.0,5,5.0,0.1798006537743461,0.811652141513846,0,0.0,13,,,0.0,-17.96113395690918,-17.96113395690918,-17.96113395690918,0.0,10.400360107421877,-7.560774326324463,-7.560774326324463,-7.560774326324463,0.2673883736133575,0.2038999944925308,0.1172285750508308,0.0486333332955837,0.1032200008630752,0.1897000074386596,0.2169999927282333,0.2091999948024749,0.2442999929189682,0.2817505598068237,0.0128298234194517,0.3392228484153747,0.6227537393569946,0.1774500012397766,0.018750000745058,0.3226000070571899,0.8901420831680298,0.019304916069069884,0.0,0.21407321927670028,1.0
18.682982_82.96547,18.683,82.9655,3.9,1098.167,KORAPUT,SEMILIGUDA,BARAKANTI,,11,5.1569,5.4,4.3636,6.0,8.7969,855.617,48.0,7,Jamu Koli Syzygium cumini,0.3636,14,13.11111068725586,0.8748897637790918,6,5.222222328186035,0.1176581539651961,0.7871997710897223,0,0.4444444477558136,8,,,0.0,-13.965116500854492,-13.965116500854492,-13.965116500854492,0.0,2.666480779647827,-11.298636436462402,-11.298636436462402,-11.298636436462402,0.2067151665687561,0.217666670680046,0.12134999781847,0.048259999603033,0.1092199981212616,0.2195000052452087,0.254458338022232,0.2680166661739349,0.2842249870300293,0.3766800761222839,0.1036683693528175,0.4209470748901367,0.6948241591453552,0.1852499991655349,0.0177500005811452,0.3427999913692474,0.9015393257141112,0.23072891598481202,1.0,0.6904771042117982,3.0000000000000004
18.683549_82.961884,18.6835,82.9619,3.9,1043.355,KORAPUT,SEMILIGUDA,BARAKANTI,,9,5.8048,5.6,3.4844,7.0,7.7102,703.9423,48.0,5,Karanja Pongamia pinnata,0.4444,12,12.0,0.0,5,5.0,0.0818024333658117,0.8433438319430148,0,0.4444444477558136,9,,,0.0,-15.388134956359863,-15.388134956359863,-15.388134956359863,0.0,7.274830341339111,-8.11330509185791,-8.11330509185791,-8.11330509185791,0.1145866438746452,0.1979999989271164,0.1049999967217445,0.0364000014960765,0.0999500006437301,0.2166749984025955,0.2567499876022339,0.2846499979496002,0.2878749966621399,0.4610548019409179,0.1795296818017959,0.4802392125129699,0.7732440233230591,0.1811999976634979,0.0211999993771314,0.3567999899387359,0.8878306746482849,0.36505687135362924,2.0,0.2937624050599411,2.0
18.683884_82.961298,18.6839,82.9613,3.9,1097.574,KORAPUT,SEMILIGUDA,BARAKANTI,,13,5.5715,5.6,4.2308,7.0,7.0273,794.2627,53.0,7,Jamu Koli Syzygium cumini,0.3077,13,13.0,0.0,6,5.666666507720947,0.0658114159650058,0.8624903316229172,3,2.777777671813965,11,,,0.0,-15.988099098205566,-15.988099098205566,-15.988099098205566,0.0,4.284099102020264,-11.70400047302246,-11.70400047302246,-11.70400047302246,0.1012879684567451,0.18654166162014,0.0984250009059906,0.0344999991357326,0.0976499989628791,0.2145749926567077,0.2542999982833862,0.289000004529953,0.2824875116348266,0.4919016659259796,0.2154560536146164,0.4948920309543609,0.786707878112793,0.1688999980688095,0.0216000005602836,0.3641000092029571,0.8879958391189575,2.251933093055839,4.999999999999999,1.9539089107234053,5.999999999999999
18.684793_82.959743,18.6848,82.9597,3.9,1062.051,KORAPUT,SEMILIGUDA,BARAKANTI,,10,6.8405,6.4,4.9,8.0,5.8251,385.0754,48.0,6,Kendu Diospyros melanoxylon,0.3,14,14.0,0.0,5,5.0,0.0523224872115692,0.8734019177594625,10,8.777777671813965,18,,,0.0,-14.630620002746582,-14.630620002746582,-14.630620002746582,0.0,4.104773998260498,-10.525845527648926,-10.525845527648926,-10.525845527648926,0.05029758810997,0.1623750030994415,0.0772375017404556,0.0308428574353456,0.0860000029206276,0.2149000018835067,0.2580499947071075,0.2842000126838684,0.2892666757106781,0.5726093649864197,0.2727985084056854,0.5353862643241882,0.8041989803314209,0.1570000052452087,0.0243500005453825,0.3103500008583069,0.8544965386390686,8.298936323819609,10.0,5.9306592525348245,10.0
18.686431_82.9618,18.6864,82.9618,3.9,1024.197,KORAPUT,SEMILIGUDA,BARAKANTI,,4,6.8591,3.7825,3.7825,8.0,7.162,239.6873,63.0,4,Dhatuki Woodfordia fruticosa,0.25,9,9.44444465637207,0.4969039949999476,4,4.55555534362793,0.1752640296080643,0.5355324982936728,0,0.1111111119389534,7,,,0.0,-17.81867218017578,-17.81867218017578,-17.81867218017578,0.0,5.592809200286865,-12.225863456726074,-12.225863456726074,-12.225863456726074,0.3284583687782287,0.2559249997138977,0.1651999950408935,0.0957499966025352,0.1187499985098838,0.181099995970726,0.2026499956846237,0.2050999999046325,0.2271499931812286,0.1077504754066467,-0.1102434769272804,0.2666357755661011,0.3634701669216156,0.2030999958515167,0.050000000745058,0.2745999991893768,0.691928505897522,0.030903908577051213,0.0,0.14341900316679757,1.0
18.686566_82.958633,18.6866,82.9586,3.9,1030.281,KORAPUT,SEMILIGUDA,BARAKANTI,,10,9.5657,8.4,6.2,11.0,8.467,984.2142,58.0,8,Karanja Pongamia pinnata,0.3,12,12.333333015441896,0.4714045207910317,5,5.0,0.1211399331632996,0.7333911672453814,0,0.8888888955116272,7,,,0.0,-17.560054779052734,-17.560054779052734,-17.560054779052734,0.0,7.476132392883301,-10.08392333984375,-10.08392333984375,-10.08392333984375,0.2064615786075592,0.1726000010967254,0.1025499999523162,0.0577500015497207,0.1036999970674514,0.182899996638298,0.2057999968528747,0.2178200036287307,0.2283249944448471,0.3598027229309082,0.1158239841461181,0.3549390435218811,0.5808687210083008,0.1427000015974044,0.0282000005245208,0.2370000034570694,0.7873303294181824,1.053968780247812,6.0,2.2757828989592217,7.000000000000001
18.69107_82.868956,18.6911,82.869,3.9,834.611,KORAPUT,SEMILIGUDA,BARAKANTI,,5,4.4126,2.33,2.33,5.0,6.1115,241.7564,53.0,4,Pijuli Psidium guajava,0.4,15,14.625,0.4841229182759271,6,6.125,0.0961292456906986,0.4745418567488029,1,1.3333333730697632,0,,,0.0,-11.677732467651367,-11.677732467651367,-11.677732467651367,0.0,6.784182548522949,-4.893550395965576,-4.893550395965576,-4.893550395965576,0.0663938745856285,0.2194499969482422,0.1627250015735626,0.0866999998688697,0.1225500032305717,0.1923000067472458,0.220100000500679,0.1803333312273025,0.2369499951601028,0.0513275191187858,-0.0978446677327156,0.1907775253057479,0.3506428599357605,0.1820999979972839,0.0722000002861023,0.1755000054836273,0.4170367419719696,1.6757034232731238,6.0,1.6950463925232162,6.0
20.621695_85.564537,20.6217,85.5645,4.912,78.0701,DHENKANAL,SADAR,MANGALPUR,,40,4.0716,7.8,2.2765,9.0,4.111,2954.764,18.0,16,Jamu Koli Syzygium cumini,0.225,13,13.0,0.0,5,5.0,0.2023173785667502,0.6810183374306782,0,0.0,4,,,4.586572647094727,-16.38907814025879,-14.587672233581545,-11.80250644683838,3.538604259490967,7.064530372619629,-10.701359748840332,-7.523141860961914,-7.162755489349365,0.3459222912788391,0.2562499940395355,0.1631499975919723,0.0825000032782554,0.1279499977827072,0.1896499991416931,0.2143999934196472,0.2215999960899353,0.2461500018835067,0.1519168317317962,-0.0725122913718223,0.2679159045219421,0.4574153125286102,0.2331999987363815,0.0383000001311302,0.3512000143527984,0.8033376336097717,0.0,0.0,0.002832539037276581,0.0
20.741885_84.698598,20.7419,84.6986,4.833,258.9,ANGUL,ATHAMALLIK,KANSAB,,60,12.2307,15.46,3.8882,18.5,7.024,7751.6415,53.0,23,Sidha Lagerstroemia parviflor,0.1,24,23.66666603088379,0.4714045207910317,8,8.0,0.1509771262903815,0.7130101637731413,2,1.2222222089767456,12,,,1.905245304107666,-14.556022644042969,-13.211970329284668,-12.65077781677246,2.050015449523926,5.415866851806641,-8.1078519821167,-7.796103477478027,-6.057836532592773,0.2514631748199463,0.2226999998092651,0.1357199996709823,0.0583500005304813,0.1100125014781951,0.1764714270830154,0.2043000012636184,0.2196333259344101,0.2364666610956192,0.2361405491828918,-0.0069329314865171,0.3325412273406982,0.5801906585693359,0.1774999946355819,0.0284000001847744,0.3089999854564667,0.8316538333892822,0.9004908687849679,2.0,1.3111471324301591,5.0
20.742247_84.697628,20.7422,84.6976,2.1,285.3,ANGUL,ATHAMALLIK,KANSAB,,63,14.1315,14.28,3.0148,25.0,7.3666,11772.532,43.0,23,Marmadi Antidesma acidum,0.2381,25,25.0,0.0,7,7.111111164093018,0.1343522471925995,0.7180518459789774,2,2.8888888359069824,13,,,3.709391832351685,-17.68952751159668,-14.743359565734863,-13.980134963989258,5.15951681137085,6.5646491050720215,-9.25971221923828,-8.1787109375,-4.100195407867432,0.2336758077144622,0.2144999951124191,0.1270499974489212,0.0537250004708766,0.1051499992609024,0.179625004529953,0.2082999944686889,0.2143208384513855,0.2392555624246597,0.2556481957435608,-0.0004178124072495,0.3417239487171173,0.59913569688797,0.1750999987125396,0.0266999993473291,0.2926999926567077,0.8328115344047546,2.2241277381894964,4.0,2.643271729902695,5.000000000000001
20.742487_84.696332,20.7425,84.6963,3.9,311.0,ANGUL,ATHAMALLIK,KANSAB,,66,11.2493,14.5,3.1758,18.5,6.4434,6741.8034,38.0,24,Kurei Holarrhena antidysenterica,0.1364,24,23.44444465637207,0.4969039949999985,8,8.0,0.170676928140894,0.6909573085062173,1,1.6666666269302368,13,,,4.173678874969482,-15.871198654174805,-13.40419578552246,-11.697519302368164,4.406461715698242,5.772376537322998,-11.588005065917969,-7.631819248199463,-7.181543350219727,0.2812867760658264,0.2248666733503341,0.1424999982118606,0.0678666681051254,0.1128999963402748,0.1735499948263168,0.1997749954462051,0.2298000007867813,0.225950002670288,0.234488308429718,0.0108504397794604,0.3411146700382232,0.5440089702606201,0.1614499986171722,0.0287999995052814,0.3009000122547149,0.8252957463264465,1.4122236121887748,2.999999999999999,1.9115862339188923,5.0
20.743825_84.696419,20.7438,84.6964,4.332,286.8,ANGUL,ATHAMALLIK,KANSAB,,57,6.2732,8.42,2.0835,10.5,6.0479,5654.3772,48.0,22,Kurei Holarrhena antidysenterica,0.193,20,20.11111068725586,0.3142696805273187,7,7.333333492279053,0.1347107847186312,0.693639042107279,5,5.888888835906982,9,,,1.5877710580825806,-16.17670440673828,-15.914794921875,-14.588932991027832,2.3752808570861816,5.945611476898193,-11.639101028442385,-9.969183921813965,-9.26382064819336,0.2133794277906417,0.2228333353996276,0.1314333379268646,0.0620499998331069,0.1193500012159347,0.2133000046014785,0.2446949928998947,0.2597000002861023,0.2731428444385528,0.3279359042644501,0.0764023214578628,0.370267778635025,0.6142967939376831,0.1985000073909759,0.032999999821186,0.3499999940395355,0.8276762366294861,5.618905866518885,8.0,6.000805858605119,8.0
20.744313_84.694294,20.7443,84.6943,4.834,336.7,ANGUL,ATHAMALLIK,KANSAB,,50,26.6539,21.8,5.0334,35.5,6.2261,7404.5246,38.0,21,Marmadi Antidesma acidum,0.16,21,21.33333396911621,0.4714045207910317,7,7.222222328186035,0.1427979380697714,0.6996046981192895,1,4.777777671813965,12,,,4.013053894042969,-19.004728317260746,-15.028329849243164,-14.991673469543455,1.1730152368545532,4.245755672454834,-11.838765144348145,-10.782573699951172,-10.66575050354004,0.2175595313310623,0.2281374931335449,0.1320050060749054,0.0613749995827674,0.1167000010609626,0.2259999960660934,0.2671999931335449,0.2610999941825866,0.2934333384037018,0.3283982574939728,0.0673752501606941,0.3822128176689148,0.6193503141403198,0.217299997806549,0.0342000015079975,0.3851999938488006,0.8369098901748657,3.9710423385713307,8.0,5.230057255397732,8.999999999999998
20.744556_84.693554,20.7446,84.6936,4.745,308.2,ANGUL,ATHAMALLIK,KANSAB,,53,24.0924,20.72,2.5585,28.0,5.5194,9080.9832,38.0,23,Kusuma Schleichera oleosa,0.1321,21,21.33333396911621,0.4714045207910317,7,7.44444465637207,0.1177990932854957,0.7119279896005912,4,5.222222328186035,12,,,2.6593921184539795,-16.252986907958984,-14.635236740112305,-13.593595504760742,4.371650695800781,4.127419471740723,-13.894639015197754,-10.507817268371582,-9.522988319396973,0.196699321269989,0.2306499928236007,0.1311500072479248,0.0652500018477439,0.1259749978780746,0.244049996137619,0.2843999862670898,0.2892333269119262,0.3125,0.376045674085617,0.1126855388283729,0.3931961953639984,0.6318585872650146,0.2206999957561493,0.036200001835823,0.3860999941825866,0.8285579085350037,4.110384469217129,8.0,4.557076080979954,8.0
20.745076_84.695402,20.7451,84.6954,4.933,277.9,ANGUL,ATHAMALLIK,KANSAB,,74,7.6336,8.6,2.5516,12.5,5.2607,4557.0039,53.0,19,Karada Gardenia turgida,0.2297,23,23.0,0.0,8,7.888888835906982,0.1298460777641432,0.7133689498924616,2,3.3333332538604736,9,,,2.01614761352539,-17.327247619628906,-15.52213191986084,-15.311100006103516,8.224130630493164,1.903726816177368,-17.074565887451172,-13.61840534210205,-8.850434303283691,0.2223472148180008,0.2306499928236007,0.1306499987840652,0.0696333348751068,0.1249800026416778,0.2396499961614608,0.2812333405017853,0.296999990940094,0.3140000104904175,0.3889863193035126,0.1257462352514267,0.4076496660709381,0.6201472878456116,0.2169999927282333,0.0394000001251697,0.4609000086784363,0.8424944877624512,3.4246309266814805,7.000000000000001,3.744247067535814,7.0
20.745582_84.692273,20.7456,84.6923,4.583,286.0,ANGUL,ATHAMALLIK,KANSAB,,42,16.7904,22.18,8.0543,25.0,9.3068,5536.3639,53.0,16,Karada Gardenia turgida,0.1905,23,23.0,0.0,7,7.0,0.1687504247308085,0.6687793992235362,4,4.666666507720947,14,,,2.3795571327209477,-17.316143035888672,-16.157047271728516,-14.936586380004885,0.7743211984634399,7.77507209777832,-8.434988975524902,-8.381974220275879,-7.660667419433594,0.2814209461212158,0.2381333261728286,0.1451800018548965,0.0703649967908859,0.1298666596412658,0.2171200066804886,0.2506749927997589,0.2382666617631912,0.2823083400726318,0.2427630126476287,0.000279876840068,0.2944585382938385,0.5440195798873901,0.2046999931335449,0.031700000166893,0.3314999938011169,0.825440526008606,4.5851383874849585,7.0,4.524823482392647,6.0
20.746348_84.694433,20.7463,84.6944,4.5,255.8,ANGUL,ATHAMALLIK,KANSAB,,44,20.662,13.92,3.6463,25.0,6.8292,9130.2416,58.0,13,Karada Gardenia turgida,0.3636,20,20.66666603088379,0.6666666666666666,9,8.777777671813965,0.1053181848238659,0.6921780773164037,2,4.333333492279053,12,,,4.895299434661865,-21.023643493652344,-16.938093185424805,-16.128345489501953,3.908315658569336,7.952672481536865,-12.742563247680664,-8.985421180725098,-8.834247589111328,0.2073048502206802,0.2392999976873397,0.1411333382129669,0.064300000667572,0.1309999972581863,0.2268249988555908,0.2635500133037567,0.2643199861049652,0.2940999865531921,0.3038245141506195,0.0496803149580955,0.337245762348175,0.6086665391921997,0.2178999930620193,0.0386000014841556,0.3808999955654144,0.8159713745117188,3.5899854325887777,12.000000000000002,3.0933338383159,13.0
20.747267_84.691992,20.7473,84.692,5.0,292.1,ANGUL,ATHAMALLIK,KANSAB,,67,21.1112,22.08,3.5181,28.5,4.9219,6478.0836,43.0,24,Kurei Holarrhena antidysenterica,0.209,21,21.0,0.0,7,6.777777671813965,0.1526608506534273,0.6629419712212273,4,3.777777671813965,11,,,1.760597825050354,-16.150732040405273,-15.044392585754396,-14.39013385772705,4.900012493133545,3.472867965698242,-12.736948013305664,-11.571524620056152,-7.836935520172119,0.277344673871994,0.2282333374023437,0.1372333317995071,0.0755666643381118,0.1363666653633117,0.2186249941587448,0.2532333433628082,0.2530666589736938,0.2836000025272369,0.2967802584171295,0.0515963695943355,0.2996661961078644,0.5401156544685364,0.1849000006914138,0.0344999991357326,0.3434999883174896,0.817460298538208,3.2789403959528576,5.0,3.6197377718047883,6.999999999999998
20.759342_84.70982,20.7593,84.7098,4.829,217.1,ANGUL,ATHAMALLIK,GHANAJODI,,72,13.6153,16.2,4.2475,18.0,6.8216,7949.0732,38.0,25,Karada Gardenia turgida,0.125,23,23.55555534362793,0.4969039949999985,6,6.0,0.1145582569348104,0.7609242555750292,4,2.8888888359069824,18,,,3.164620876312256,-17.96885108947754,-17.210304260253906,-14.804229736328123,4.7760396003723145,6.858835220336914,-14.9990234375,-10.351469039916992,-10.222983360290527,0.1757519841194152,0.2291249930858612,0.1363199949264526,0.0586571432650089,0.125941663980484,0.206358328461647,0.2354999929666519,0.2531999945640564,0.2643333375453949,0.3000616133213043,0.0499144755303859,0.3356485068798065,0.623820424079895,0.1771000027656555,0.0375000014901161,0.3366999924182892,0.7995724081993103,2.734594029724708,7.0,2.142643527001138,6.0
20.760064_84.721146,20.7601,84.7211,4.82,256.6,ANGUL,ATHAMALLIK,GHANAJODI,,38,12.1093,15.66,4.8561,18.5,7.0196,3169.7298,38.0,14,Kurei Holarrhena antidysenterica,0.2105,26,25.44444465637207,0.4969039949999985,7,7.0,0.2149542799381713,0.706467391687336,0,0.2222222238779068,15,,,5.348361015319824,-19.14145851135254,-15.88511085510254,-13.793096542358398,1.696917176246643,6.436629295349121,-10.250296592712402,-9.448481559753418,-8.55337905883789,0.3747732043266296,0.2504000067710876,0.1772499978542328,0.082166664302349,0.1304499953985214,0.1796285659074783,0.2075666636228561,0.2041666656732559,0.2388499975204467,0.0705702453851699,-0.1017085835337638,0.2203018367290496,0.4260768294334411,0.1766999959945678,0.0328000001609325,0.2966000139713287,0.8008500337600708,0.1129887744816049,1.0,0.37159819414861345,2.0
20.760492_84.717751,20.7605,84.7178,4.94,245.5,ANGUL,ATHAMALLIK,GHANAJODI,,43,33.5731,27.0,5.7926,50.0,8.4093,7425.8513,43.0,13,Kurei Holarrhena antidysenterica,0.2558,24,24.0,0.0,7,7.0,0.2045405666062104,0.7059822068745337,0,0.0,15,,,3.0500519275665283,-16.76128387451172,-15.566518783569336,-13.71123218536377,2.105704069137573,6.140330791473389,-11.021728515625,-9.426188468933104,-8.916024208068848,0.3580958843231201,0.2457000017166137,0.1693000048398971,0.0822800025343895,0.1234999969601631,0.1682818233966827,0.1940499991178512,0.2129333317279815,0.22605000436306,0.1141536608338356,-0.0714441463351249,0.2658278048038482,0.4425725936889648,0.165800005197525,0.0328000001609325,0.2962999939918518,0.800668478012085,0.012360339249618685,0.0,0.01598370289116979,0.0
20.761327_84.711584,20.7613,84.7116,4.92,201.7,ANGUL,ATHAMALLIK,GHANAJODI,,54,7.4375,11.8,3.753,15.0,5.6058,2958.1333,48.0,14,Marmadi Antidesma acidum,0.1481,23,23.0,0.0,6,6.55555534362793,0.1921865692664388,0.6946815271712515,0,0.0,14,,,3.393003225326538,-17.208261489868164,-15.709957122802734,-13.815258979797363,1.2407660484313965,7.446005344390869,-9.403104782104492,-8.263952255249023,-8.162338256835938,0.3180635869503021,0.2702000141143799,0.1775083392858505,0.0815000012516975,0.1324000060558319,0.2022625058889389,0.2313199937343597,0.2454999983310699,0.2630000114440918,0.1607336401939392,-0.0478960648179054,0.2992855310440063,0.5015290379524231,0.1932000070810318,0.0372000001370906,0.3752000033855438,0.8195926547050476,0.0,0.0,0.019076996208891018,0.0
20.76148_84.72302,20.7615,84.723,4.966,248.2,ANGUL,ATHAMALLIK,GHANAJODI,,63,9.6158,14.86,4.0056,20.8,6.6845,4355.0363,43.0,16,Asana Terminalia alata,0.2381,21,20.77777862548828,0.4157397096415625,7,7.0,0.2124190329689459,0.720531755113819,0,0.0,14,,,4.841488838195801,-17.092378616333008,-13.963762283325195,-12.250890731811523,3.835391759872437,4.84901237487793,-11.108057975769045,-9.114749908447266,-7.272665977478027,0.3581397831439972,0.2486999928951263,0.1629000008106231,0.0782999992370605,0.1246333345770835,0.1826999932527542,0.2067166715860366,0.2203499972820282,0.2418600022792816,0.1499021500349044,-0.060441318899393,0.2774530053138733,0.4756403863430023,0.164000004529953,0.0309999994933605,0.3420000076293945,0.8337801694869995,0.0,0.0,0.0,0.0
20.761498_84.715991,20.7615,84.716,4.907,211.7,ANGUL,ATHAMALLIK,GHANAJODI,,188,3.9265,11.76,4.25,12.0,5.3097,8741.4261,38.0,18,Dhauda Anogeissus latifolia,0.1702,21,20.77777862548828,0.4157397096415625,7,7.0,0.1798432578143871,0.7229286218688687,0,0.0,12,0.0,11.0703706741333,1.5778857469558716,-17.680377960205078,-17.619882583618164,-16.102493286132812,4.975179672241211,5.957409381866455,-12.535810470581056,-11.66247272491455,-7.560630321502685,0.2965705692768097,0.2795666754245758,0.1726499944925308,0.0756400004029274,0.1353666633367538,0.1946000009775161,0.2250333279371261,0.2452999949455261,0.2579285800457001,0.1738246232271194,-0.0652864202857017,0.2887915968894958,0.5286346077919006,0.1964000016450882,0.036200001835823,0.3779999911785126,0.8252052068710327,0.0,0.0,0.011449683817902092,0.0
20.76178_84.706629,20.7618,84.7066,4.55,301.4,ANGUL,ATHAMALLIK,GHANAJODI,,53,5.3411,8.2,2.7185,12.0,3.8137,1468.6022,38.0,17,Marmadi Antidesma acidum,0.1887,21,21.88888931274414,0.8748897637790772,7,7.111111164093018,0.1889693324693715,0.6929864366347023,0,0.0,10,,,3.4793879985809326,-19.637365341186523,-17.195682525634766,-16.157978057861328,2.319598197937012,7.187962055206299,-10.547969818115234,-10.007719993591309,-8.228371620178223,0.3528802096843719,0.2942000031471252,0.1968999952077865,0.0805500000715255,0.1360750049352646,0.1765249967575073,0.1994999945163726,0.2013500034809112,0.2340999990701675,0.0111738853156566,-0.1873675733804702,0.193450391292572,0.4285207390785217,0.1985000073909759,0.036200001835823,0.2949999868869781,0.7814009785652161,0.0,0.0,0.0036957617578766743,0.0
20.763036_84.72282,20.763,84.7228,4.204,229.3898,ANGUL,ATHAMALLIK,GHANAJODI,,27,12.3749,12.8,4.4833,17.0,6.2483,2081.5875,68.0,9,Teak_Tectona_grandis,0.2963,20,20.22222137451172,0.4157397096415625,6,6.333333492279053,0.2605445913190987,0.6884117294656809,0,0.0,10,,,2.759873390197754,-16.218442916870117,-14.747406005859377,-13.458569526672363,2.26887321472168,8.367328643798828,-7.4081339836120605,-6.380077362060547,-5.139260768890381,0.4450356364250183,0.2644999921321869,0.1905499994754791,0.0883666649460792,0.1242666691541671,0.1677999943494796,0.1905000060796737,0.2019000053405761,0.2186000049114227,0.0289208814501762,-0.1342195570468902,0.2380173802375793,0.3911345899105072,0.1805000007152557,0.0307999998331069,0.3452000021934509,0.8361701965332031,0.0,0.0,0.010302735076444493,0.0
20.76408_84.715482,20.7641,84.7155,4.925,215.6,ANGUL,ATHAMALLIK,GHANAJODI,,12,2.5771,1.132,0.5825,2.6,3.7932,853.9458,98.0,5,Kendu Diospyros melanoxylon,0.4167,19,19.66666603088379,1.3333333333333333,9,7.44444465637207,0.1913001462658836,0.5265604466050204,0,0.0,7,,,4.3946614265441895,-16.20179557800293,-14.825839042663574,-11.807133674621582,2.109014749526977,6.517664909362793,-8.557989120483398,-8.308174133300781,-6.448974609375,0.3426104784011841,0.3226200044155121,0.2352000027894973,0.124899998307228,0.1587571501731872,0.1974249929189682,0.2205333262681961,0.2440562546253204,0.2532399892807007,0.0184791535139083,-0.1386395692825317,0.2117583751678466,0.3229549527168274,0.2414000034332275,0.0658000037074089,0.3276999890804291,0.6655654311180115,0.0,0.0,0.4729203692362335,2.0
20.764457_84.718917,20.7645,84.7189,3.0,259.5,ANGUL,ATHAMALLIK,GHANAJODI,,49,17.5956,21.2,5.9673,28.5,7.4575,5576.3117,43.0,11,Buduli Butea superba,0.2653,23,22.66666603088379,0.4714045207910317,7,7.0,0.2017347117673597,0.7051268094278552,0,0.0,12,0.0,16.018400192260742,1.1875771284103394,-13.629615783691406,-12.970449447631836,-12.442038536071776,2.301786184310913,6.568432807922363,-6.851601123809815,-6.402016639709473,-4.5498151779174805,0.3785226047039032,0.2804999947547912,0.1829999983310699,0.089066669344902,0.1387200057506561,0.1924333274364471,0.2179999947547912,0.2329999953508377,0.2585999965667724,0.1201923042535781,-0.092502437531948,0.2536317706108093,0.4469054043292999,0.1784999966621399,0.0310999993234872,0.3251999914646148,0.8254280090332031,0.0,0.0,0.0,0.0
20.767532_84.743722,20.7675,84.7437,4.824,226.8679,ANGUL,ATHAMALLIK,KANTAPADA,,18,11.7766,8.6,3.2406,16.0,4.7393,831.7039,48.0,12,Khakada_Casearia_elliptica,0.1667,19,18.88888931274414,0.3142696805273187,7,7.0,0.0862456944805088,0.7631489767048231,2,3.0,14,,,4.06896448135376,-19.29627990722656,-18.44512367248535,-15.22731590270996,0.9999977946281432,8.262341499328613,-10.481220245361328,-10.182782173156738,-9.48122215270996,0.128521591424942,0.1979999989271164,0.1089000031352043,0.0491200014948844,0.1077999994158744,0.2054499983787536,0.2386666685342788,0.2483000010251999,0.2653999924659729,0.3902575671672821,0.1127044558525085,0.394552081823349,0.6696926951408386,0.1671999990940094,0.033900000154972,0.3021000027656555,0.7982142567634583,2.2088146971432194,8.0,3.191947682921733,11.000000000000002
20.802758_84.651615,20.8028,84.6516,3.977,128.5159,ANGUL,ATHAMALLIK,JOGI BANDHA,,20,17.0603,28.4,11.1204,44.0,10.7907,4294.0004,58.0,15,Nimba Azadirachta indica,0.15,21,20.77777862548828,0.4157397096415625,7,7.0,0.2157073782098247,0.7154196373678723,3,3.8888888359069824,11,,,1.462890863418579,-14.939577102661133,-13.977701187133787,-13.476686477661133,1.6638039350509644,5.862300872802734,-8.341733932495117,-8.115400314331055,-6.677929878234863,0.3841908276081085,0.2468000054359436,0.1732999980449676,0.077083334326744,0.122249998152256,0.1660142838954925,0.1871500015258789,0.1972600072622299,0.2187200039625167,0.0646588951349258,-0.1115614995360374,0.234765738248825,0.438052088022232,0.1571999937295913,0.0286500006914138,0.2937000095844269,0.8222429156303406,3.3529439696106373,5.0,3.415073869244387,6.000000000000001
20.803186_84.650445,20.8032,84.6504,4.484,120.5603,ANGUL,ATHAMALLIK,JOGI BANDHA,,19,18.8636,16.4,5.69,26.0,9.1975,4498.5543,78.0,15,Kasi Bridelia squamosa/retusa,0.1053,20,20.44444465637207,0.4969039949999476,7,6.888888835906982,0.2360789742255532,0.6859252262283851,1,2.3333332538604736,6,,,4.154245853424072,-14.51067066192627,-13.169907569885254,-10.35642433166504,2.284621238708496,7.834035396575928,-7.065557956695557,-5.335872173309326,-4.7809367179870605,0.4083635509014129,0.2481749951839447,0.1694999933242797,0.0807249993085861,0.1241333335638046,0.1676200032234192,0.1907999962568283,0.2022999972105026,0.2227199971675872,0.0882194712758064,-0.1018369495868682,0.239456757903099,0.4295556843280792,0.1696500033140182,0.0296000000089406,0.3356499969959259,0.8379192352294922,1.6503653678740073,4.0,1.946903636935715,5.000000000000002
20.803305_84.650996,20.8033,84.651,4.645,115.4308,ANGUL,ATHAMALLIK,JOGI BANDHA,,20,11.2167,11.4,3.8444,13.0,5.8489,1451.8711,68.0,14,Sidha Lagerstroemia parviflora,0.15,20,20.33333396911621,0.4714045207910317,7,6.888888835906982,0.2402456177965817,0.6849944183104985,2,2.777777671813965,12,,,6.450253963470459,-15.576984405517578,-13.518793106079102,-9.12672996520996,1.2612757682800293,4.883569717407227,-8.954997062683105,-8.635223388671875,-7.693721771240234,0.4069104492664337,0.2483333349227905,0.1784500032663345,0.0832233354449272,0.1253750026226043,0.1636500060558319,0.189079999923706,0.2054499983787536,0.2174166738986969,0.0703308135271072,-0.0945017784833908,0.2420464009046554,0.4234082400798797,0.1620000004768371,0.0295499991625547,0.3187499940395355,0.8303186893463135,2.430400717545572,4.0,3.1666847267680716,6.0
20.803378_84.649662,20.8034,84.6497,4.829,108.0541,ANGUL,ATHAMALLIK,JOGI BANDHA,,18,8.1011,10.8,3.5168,15.0,7.3742,2293.5023,93.0,13,Karada Cleistanthus collinus,0.1111,20,20.55555534362793,0.4969039949999476,6,6.0,0.2083679010536152,0.6794819686276001,0,1.1111111640930176,12,,,2.2248103618621826,-16.522192001342773,-14.622045516967772,-14.297382354736328,2.1959714889526367,8.140619277954102,-7.618348121643066,-6.48142671585083,-5.42237663269043,0.3425294756889343,0.2515250146389007,0.1612499952316284,0.0709833353757858,0.1126750037074089,0.1564999967813491,0.1800124943256378,0.2009499967098236,0.2081499993801117,0.1096079498529434,-0.111774131655693,0.2814667224884033,0.4779357612133026,0.177849993109703,0.0314499996602535,0.3188999891281128,0.8204652667045593,0.842064442603663,4.0,1.0953785335960065,4.0
20.80382_84.649267,20.8038,84.6493,4.462,97.6523,ANGUL,ATHAMALLIK,JOGI BANDHA,,17,14.1198,13.8,5.3371,15.0,10.7476,4561.3807,63.0,11,Karada Cleistanthus collinus,0.1765,21,20.88888931274414,0.7370277311900736,6,6.0,0.2065721282387027,0.7137006427901745,2,2.8888888359069824,13,,,1.917049050331116,-16.86237144470215,-15.484750747680664,-14.94532299041748,0.9560496807098388,5.884474277496338,-10.145788192749023,-9.600275993347168,-9.189739227294922,0.3605917990207672,0.2461249977350235,0.1579750031232834,0.0762500017881393,0.1256500035524368,0.169850006699562,0.1950666606426239,0.2066999971866607,0.2267666608095169,0.1336121261119842,-0.087064541876316,0.2438694089651107,0.4610355198383331,0.1588999927043914,0.0296500008553266,0.3027999997138977,0.8216273188591003,2.0726360441926,6.0,3.1162294902190197,6.999999999999997
20.804067_84.651992,20.8041,84.652,3.977,123.3932,ANGUL,ATHAMALLIK,JOGI BANDHA,,19,16.3576,15.8,5.2083,20.0,7.7232,2310.2136,28.0,13,Sidha Lagerstroemia parviflor,0.2105,22,21.44444465637207,0.8314794192831251,6,6.0,0.23613239264055,0.6903535050977216,2,2.777777671813965,12,,,2.8608570098876958,-14.115958213806152,-13.799317359924316,-11.255101203918455,3.724165678024292,5.991628646850586,-9.164575576782228,-7.80768871307373,-5.440409660339356,0.4336608350276947,0.2365500032901764,0.1612499952316284,0.0820333361625671,0.1155999973416328,0.1550000011920929,0.179749995470047,0.1979099959135055,0.2057666629552841,0.10207150131464,-0.0889379903674125,0.2625434696674347,0.4139290153980255,0.1551000028848648,0.0273499991744756,0.3315500020980835,0.8475898504257202,2.5759734093067426,4.999999999999999,2.7682561441300266,5.999999999999999
20.805056_84.651723,20.8051,84.6517,4.269,118.7799,ANGUL,ATHAMALLIK,JOGI BANDHA,,14,12.1941,11.6,4.5246,16.0,8.6398,1840.7861,58.0,12,Dhauda Anogeissus latifolia,0.2143,20,20.22222137451172,0.4157397096415625,6,6.222222328186035,0.1860604143074201,0.7126271924789311,1,1.6666666269302368,14,,,1.7861899137496948,-13.92375373840332,-12.218113899230955,-12.137563705444336,6.305609226226807,3.902369976043701,-10.416783332824709,-8.315743446350098,-4.1111741065979,0.3332895040512085,0.2355999946594238,0.1524749994277954,0.077174998819828,0.1242749989032745,0.181425005197525,0.20762500166893,0.2187000066041946,0.2376250028610229,0.1784198880195617,-0.0372000895440578,0.2753116190433502,0.4783270061016083,0.1716500073671341,0.0336499996483325,0.3235999941825866,0.8116165399551392,1.2423431836527967,3.0,1.6037544453322055,2.9999999999999996
20.805103_84.650732,20.8051,84.6507,4.676,106.1752,ANGUL,ATHAMALLIK,JOGI BANDHA,,11,11.6777,4.198,1.9883,15.0,8.2182,1749.272,88.0,8,Asana Terminalia alata,0.1818,19,19.11111068725586,0.7370277311900736,6,6.222222328186035,0.1722507122147046,0.6020002196150543,0,0.1111111119389534,11,,,3.16978120803833,-16.862518310546875,-14.48796558380127,-13.692737579345703,1.9000662565231323,5.433636665344238,-10.737762451171877,-9.054328918457031,-8.837696075439453,0.335072785615921,0.2804999947547912,0.1846749931573867,0.0994499996304512,0.1458500027656555,0.1882749944925308,0.2122333347797393,0.2267400026321411,0.2447499930858612,0.1022446900606155,-0.1059853360056877,0.217101901769638,0.3902326822280884,0.2043499946594238,0.0466499999165535,0.2930000126361847,0.725305438041687,0.02141500474833808,0.0,0.36941834460663575,2.0
20.805368_84.649812,20.8054,84.6498,4.808,99.4634,ANGUL,ATHAMALLIK,JOGI BANDHA,,6,0.2171,0.592,0.512,0.99,1.3263,14.2444,8.0,6,Kendu Diospyros melanoxylon,0.1667,18,17.66666603088379,1.0540925533894598,6,6.222222328186035,0.1770740853192384,0.6469078684858744,1,0.7777777910232544,13,,,2.6004772186279297,-14.626412391662598,-14.347161293029783,-12.025935173034668,4.593024730682373,8.807738304138184,-9.316709518432615,-5.539422512054443,-4.723684310913086,0.3106007874011993,0.251800000667572,0.1645999997854232,0.0713500007987022,0.1297000050544738,0.1791799962520599,0.2032250016927719,0.196150004863739,0.2305999994277954,0.0874566882848739,-0.1242326125502586,0.2039281874895095,0.4665420651435852,0.1899999976158142,0.0351000018417835,0.2799000144004822,0.7771428823471069,0.7213604322316489,2.0,1.2930698213605014,6.000000000000001
20.806103_84.651004,20.8061,84.651,4.587,91.4365,ANGUL,ATHAMALLIK,JOGI BANDHA,,16,10.6749,9.2,3.6842,13.0,6.9431,1565.3684,43.0,15,Karada Cleistanthus collinus,0.125,20,19.77777862548828,0.4157397096415625,6,6.44444465637207,0.1796491398454656,0.6867305148948858,0,0.5555555820465088,10,,,1.2348477840423584,-17.176939010620117,-16.273439407348633,-15.94209098815918,1.350172758102417,6.027615070343018,-10.268210411071776,-10.245823860168455,-8.918037414550781,0.3345341384410858,0.2459333389997482,0.1533499956130981,0.0732700005173683,0.1147999987006187,0.1687500029802322,0.1934500038623809,0.2013999968767166,0.2238000035285949,0.1354475021362304,-0.0995529070496559,0.2738772928714752,0.4664870500564575,0.1651500016450882,0.032150000333786,0.2910000085830688,0.8010212182998657,0.3117511435641214,2.0,0.4645392246843499,2.0
20.825695_84.645693,20.8257,84.6457,4.958,111.6158,ANGUL,ATHAMALLIK,ANANDA PUR,,5,10.3666,3.03,3.03,12.0,5.8569,337.5676,68.0,4,Kasi Bridelia squamosa/retusa,0.4,13,14.666666984558104,1.632993161855452,9,7.777777671813965,0.1919072747384628,0.5795927764427602,1,0.5555555820465088,4,0.0,11.380000114440918,5.46139669418335,-18.70783424377441,-14.65224266052246,-13.246437072753906,5.3896589279174805,7.621906757354736,-10.531758308410645,-7.030335903167725,-5.142098903656006,0.3565408885478973,0.3212000131607055,0.2226500064134597,0.0988000035285949,0.1536000072956085,0.1912000030279159,0.2167000025510788,0.2161000072956085,0.2474000006914138,-0.014928774908185,-0.1956076622009277,0.1690559983253479,0.3724991977214813,0.2054000049829483,0.0445999987423419,0.2845999896526336,0.7290400862693787,0.6105126554900246,3.0000000000000004,0.811471386800334,4.0
20.825723_84.645635,20.8257,84.6456,4.987,103.8917,ANGUL,ATHAMALLIK,ANANDA PUR,,12,6.7337,6.9,3.0942,12.0,5.7879,653.8754,33.0,7,Asana Terminalia alata,0.3333,17,15.666666984558104,1.563471919941143,6,6.888888835906982,0.1814090980190601,0.6303932287118927,0,1.0,4,0.0,11.380000114440918,3.9445009231567374,-14.879032135009766,-12.945860862731934,-10.934531211853027,3.054651498794556,7.503351211547852,-8.28239917755127,-5.442509651184082,-5.227747917175293,0.3736641108989715,0.2768999934196472,0.1788000017404556,0.0931499972939491,0.1342999935150146,0.1748799979686737,0.2009000033140182,0.2088000029325485,0.2317499965429306,0.0773993805050849,-0.1402100026607513,0.2171378582715988,0.3830104470252991,0.1683000028133392,0.0359999984502792,0.2599000036716461,0.7566745281219482,1.5775260864519258,5.0,1.0530088241436926,4.0
20.825966_84.644815,20.826,84.6448,4.744,111.1501,ANGUL,ATHAMALLIK,ANANDA PUR,,16,11.9611,12.84,5.7225,18.0,6.2269,920.1543,63.0,10,Asana Terminalia alata,0.25,16,15.88888931274414,0.3142696805273187,6,5.666666507720947,0.199022066521687,0.6047001684335146,1,2.1111111640930176,6,,,1.911750078201294,-14.937006950378418,-14.78121280670166,-13.025257110595703,6.7228193283081055,9.594098091125488,-11.313003540039062,-5.187114715576172,-4.590183734893799,0.3737615942955017,0.2885999977588653,0.1908999979496002,0.0930999964475631,0.1362999975681305,0.1809333264827728,0.2067999988794326,0.2209500074386596,0.2403666675090789,0.072963461279869,-0.1327642053365707,0.2369489222764969,0.4071007668972015,0.1718000024557113,0.0370999984443187,0.301499992609024,0.7808623909950256,1.5972231746751835,4.0,1.6022906762115852,4.0
20.826051_84.646594,20.8261,84.6466,4.141,104.8765,ANGUL,ATHAMALLIK,ANANDA PUR,,8,13.974,7.434,4.8162,15.0,10.1859,1849.8579,88.0,6,Asana Terminalia alata,0.25,19,18.66666603088379,0.4714045207910317,7,6.44444465637207,0.172693233176825,0.6725422014294766,3,2.777777671813965,9,,,1.7493828535079956,-14.277972221374512,-13.743703842163086,-12.528590202331545,3.85233473777771,5.578184127807617,-11.961666107177734,-8.165519714355469,-8.109332084655762,0.3167848885059356,0.2883999943733215,0.1903000026941299,0.0811000019311904,0.1416999995708465,0.1835999935865402,0.2106000036001205,0.2267333269119262,0.2428166717290878,0.0873631238937377,-0.1197101101279258,0.230797067284584,0.4730915129184723,0.1953999996185302,0.0357000008225441,0.3041000068187713,0.789876401424408,2.2662407883145455,4.999999999999998,1.9120061613570658,5.000000000000002
20.827024_84.643543,20.827,84.6435,4.873,106.678,ANGUL,ATHAMALLIK,ANANDA PUR,,8,9.7824,7.36,5.0625,16.5,12.812,2251.7241,78.0,7,Asana Terminalia alata,0.25,17,16.88888931274414,0.3142696805273187,6,6.333333492279053,0.1610555647899539,0.6421403750556698,3,2.777777671813965,7,,,0.7481803894042969,-14.529000282287598,-14.19973850250244,-13.7808198928833,1.0413576364517212,2.603969097137451,-12.055073738098145,-11.595769882202148,-11.013715744018556,0.3184408545494079,0.2946000099182129,0.1992000043392181,0.0975666642189025,0.1491249948740005,0.1896499991416931,0.2127249985933303,0.2331500053405761,0.2425500005483627,0.0785243436694145,-0.1164377108216285,0.2198024988174438,0.4099682569503784,0.2012999951839447,0.0478000007569789,0.3041999936103821,0.7284091114997864,2.415703486439865,7.0,1.153840129483632,5.0
20.827087_84.646448,20.8271,84.6464,4.724,112.5081,ANGUL,ATHAMALLIK,ANANDA PUR,,3,1.07,1.07,1.07,2.8,0.6366,0.9549,98.0,3,Telakuruma_Ixora_pavetta,0.3333,19,18.55555534362793,0.4969039949999476,7,6.666666507720947,0.1651709640777228,0.5467036845502353,2,1.8888888359069824,7,,,4.236592769622803,-16.418800354003906,-15.103994369506836,-12.182207107543944,2.054830551147461,6.431429862976074,-10.707859992980955,-8.672564506530762,-8.653029441833496,0.3445844054222107,0.308349996805191,0.2028000056743621,0.1165333315730094,0.1571999937295913,0.1928000003099441,0.219650000333786,0.247649997472763,0.2541500031948089,0.099567100405693,-0.1091726645827293,0.2234160751104354,0.3600292801856994,0.194350004196167,0.0540999993681907,0.3122000098228454,0.7046136856079102,1.8126998027030732,5.0,1.5876030835658879,4.0
20.827346_84.642134,20.8273,84.6421,4.998,89.793,ANGUL,ATHAMALLIK,ANANDA PUR,,10,13.4464,12.6,6.601,15.0,9.5493,1363.7987,48.0,9,Kurei Holarrhena antidysenterica,0.2,14,14.0,0.0,6,6.0,0.2030358240461913,0.6282068374853542,1,0.4444444477558136,8,,,1.2689766883850098,-11.841567993164062,-11.155017852783203,-10.572591781616213,5.370388031005859,2.833433151245117,-9.89682674407959,-8.321584701538086,-4.526438236236572,0.3848648965358734,0.2892000079154968,0.1914499998092651,0.0960333347320556,0.1360166668891906,0.1743499934673309,0.2003833353519439,0.2105000019073486,0.2314833402633667,0.0473939552903175,-0.1574945002794265,0.2149487733840942,0.3734232187271118,0.1710000038146972,0.0401000007987022,0.291700005531311,0.7582881450653076,0.3308240532171363,2.0,0.3475145181690858,2.0
20.828018_84.64283,20.828,84.6428,4.811,110.1271,ANGUL,ATHAMALLIK,ANANDA PUR,,10,18.6453,12.44,6.546,22.0,10.8862,2065.672,58.0,8,Asana Terminalia alata,0.2,14,13.666666984558104,0.4714045207910317,6,6.0,0.1491167719806614,0.674197856711132,2,0.5555555820465088,9,,,4.504027843475342,-17.68902015686035,-14.360427856445312,-13.184991836547852,4.231500148773193,6.984913349151611,-10.66358757019043,-7.375514507293701,-6.432087421417236,0.3357301652431488,0.267549991607666,0.1724500060081482,0.083975002169609,0.1327999979257583,0.1762499958276748,0.201100006699562,0.2175499945878982,0.2318499982357025,0.1156410276889801,-0.1030715331435203,0.2419009506702423,0.4429980814456939,0.1692000031471252,0.0388000011444091,0.3118999898433685,0.7787282466888428,0.5124597773909372,3.0,0.24813136204974506,1.0
20.828198_84.64423,20.8282,84.6442,3.801,107.9487,ANGUL,ATHAMALLIK,ANANDA PUR,,10,11.3558,5.34,2.916,14.0,6.1434,867.9515,88.0,7,Asana Terminalia alata,0.3,13,13.55555534362793,0.4969039949999476,7,7.0,0.2047515352885263,0.6168515531045186,0,0.1111111119389534,5,,,2.766113042831421,-17.43514060974121,-15.406672477722168,-14.669028282165527,2.1338913440704346,5.772101402282715,-11.191596031188965,-9.634571075439451,-9.057703971862791,0.3876441717147827,0.3228000104427337,0.2176750004291534,0.0952000021934509,0.1485999971628189,0.1896750032901764,0.2134166657924652,0.2143000066280365,0.2492399960756302,-0.0078129516914486,-0.2020107954740524,0.1810416132211685,0.3848142027854919,0.2122499942779541,0.0413499996066093,0.3221000134944916,0.7724583745002747,0.0224287628311302,0.0,0.15958557744772728,1.0
20.926499_85.652478,20.9265,85.6525,3.9,14.59,DHENKANAL,KAMAKHYANAGAR,TULASIPASI,,13,42.5351,33.84,13.4615,49.0,6.6355,1008.9628,23.0,5,Sala Shorea robusta,0.3077,17,16.66666603088379,1.0540925533894598,6,6.333333492279053,0.1534716390373706,0.6321772171983187,5,4.55555534362793,6,,,5.032465934753418,-17.74639892578125,-15.028948783874512,-12.713932991027832,4.984668731689453,6.813141345977783,-10.853670120239258,-8.21580696105957,-5.869001388549805,0.2033385783433914,0.2152000069618225,0.1304499953985214,0.0713500007987022,0.127250000834465,0.1987500041723251,0.2243999987840652,0.2344000041484832,0.2502999901771545,0.2849116027355194,0.042704626917839,0.2962809205055237,0.5332788228988647,0.1565500050783157,0.0401000007987022,0.2644000053405761,0.736617386341095,3.5455087010844037,11.0,3.704890040294861,11.0
20.926894_85.66691,20.9269,85.6669,0.665,4.757,DHENKANAL,KAMAKHYANAGAR,TULASIPASI,,6,9.3021,7.6,7.1667,10.0,5.0399,208.8909,8.0,4,Sunari Cassia fistula,0.3333,9,9.777777671813965,1.6178021976178925,7,6.666666507720947,0.0737215249416486,0.4325535703192326,0,0.0,4,,,5.287453651428223,-19.9161434173584,-17.525667190551758,-14.628690719604492,5.912587642669678,7.890708446502685,-13.139227867126465,-9.634958267211914,-7.226640701293945,0.1694757044315338,0.2596000134944916,0.1674000024795532,0.098300002515316,0.1446000039577484,0.1883500069379806,0.2075500041246414,0.2187000066041946,0.2194000035524368,0.1328671276569366,-0.0855111852288246,0.2039636671543121,0.3798107206821441,0.2176000028848648,0.067900002002716,0.2334000021219253,0.549286425113678,0.03091740072430535,0.0,0.13493209564919068,1.0
20.927937_85.652632,20.9279,85.6526,0.68,22.781,DHENKANAL,KAMAKHYANAGAR,TULASIPASI,,15,4.2597,8.4,3.8667,9.0,4.52,268.7331,23.0,5,Sala Shorea robusta,0.6,14,13.777777671813965,0.4157397096415625,6,6.333333492279053,0.1110679070924131,0.640520888834128,0,0.0,3,,,5.933788299560547,-18.83141326904297,-15.274177551269531,-12.897625923156738,5.790616035461426,7.679526329040527,-10.779623031616213,-7.594651222229004,-4.989007472991943,0.1916478425264358,0.2518500089645386,0.155699998140335,0.0803000032901763,0.1325500011444091,0.191550001502037,0.2161999940872192,0.2352000027894973,0.2399999946355819,0.203376829624176,-0.0341854020953178,0.2791298329830169,0.4909667074680328,0.1596000045537948,0.0471000000834465,0.2496999949216842,0.6826145648956299,0.0,0.0,0.021089236636939807,0.0
20.931564_85.663294,20.9316,85.6633,1.024,44.493,DHENKANAL,KAMAKHYANAGAR,TULASIPASI,,8,12.0898,10.6,7.225,15.0,12.1356,1634.6008,23.0,5,Sala Shorea robusta,0.5,13,13.0,0.0,5,5.0,0.1522952172379236,0.7101266584918264,7,5.44444465637207,9,,,4.9874587059021,-16.468875885009766,-13.914111137390137,-11.481416702270508,5.4237871170043945,6.769105911254883,-9.983104705810549,-7.145005226135254,-4.559318065643311,0.3040716052055359,0.2270500063896179,0.1309500038623809,0.0755499973893165,0.1293999999761581,0.1880500018596649,0.2156500071287155,0.2372999936342239,0.2475499957799911,0.2887983620166778,0.0220738667994737,0.2942459881305694,0.5170209407806396,0.1572999954223632,0.0318499989807605,0.3242000043392181,0.8210925459861755,5.234961385381794,8.0,5.193568249296871,8.0
20.931593_85.663369,20.9316,85.6634,1.543,18.106,DHENKANAL,KAMAKHYANAGAR,TULASIPASI,,15,14.8442,19.6,11.7333,25.0,3.8622,236.0268,33.0,12,Ambeda_Spondias_pinnata,0.2,13,13.0,0.0,5,5.0,0.1569051578801914,0.7109374720707818,6,6.111111164093018,9,,,5.019599914550781,-16.227081298828125,-13.778714179992676,-11.207481384277344,5.54198169708252,6.880285263061523,-10.04588222503662,-6.898428916931152,-4.503900051116943,0.2963438332080841,0.2270500063896179,0.1309500038623809,0.0715000033378601,0.1293999999761581,0.1880500018596649,0.2156500071287155,0.2269999980926513,0.2475499957799911,0.2683335542678833,-0.0001101200323319,0.273849606513977,0.5209380388259888,0.1572999954223632,0.0322999991476535,0.3212499916553497,0.8172818422317505,5.638837049923559,8.0,6.143820517837341,9.0
20.934691_85.665477,20.9347,85.6655,4.192,23.4906,DHENKANAL,KAMAKHYANAGAR,TULASIPASI,,19,9.9271,14.0,5.7895,16.0,5.8133,680.1486,18.0,8,Sala Shorea robusta,0.4737,13,13.0,0.0,5,5.55555534362793,0.1331057463122121,0.740513688179398,7,7.666666507720947,11,0.0,10.520000457763672,5.447202205657959,-17.22183609008789,-13.903626441955566,-11.774632453918455,5.148587226867676,6.141754627227783,-10.352397918701172,-7.761871814727783,-5.203810214996338,0.2342219948768615,0.2124499976634979,0.1161499992012977,0.0653999969363212,0.1319999992847442,0.2085999995470047,0.2356999963521957,0.2517000138759613,0.2694999873638153,0.3684926033020019,0.0845631808042526,0.3119624853134155,0.5875118374824524,0.1523000001907348,0.0292000006884336,0.2984000146389007,0.821733832359314,8.391043753294673,11.0,8.384250660016068,11.0
20.935038_85.668127,20.935,85.6681,3.9,53.929,DHENKANAL,KAMAKHYANAGAR,TULASIPASI,,16,5.7309,7.2,3.5688,10.0,9.6687,1680.517,8.0,7,saugan Tectona grandis,0.375,14,14.0,0.0,5,5.0,0.2296282548710784,0.6670713587377933,6,6.222222328186035,0,,,5.541526317596436,-17.729955673217773,-14.852365493774414,-12.18842887878418,6.207119464874268,7.094682693481445,-11.086735725402832,-7.75768232345581,-4.8796162605285645,0.438111662864685,0.2673999965190887,0.1959999948740005,0.0888999998569488,0.1280999928712844,0.1627999991178512,0.1831000000238418,0.1943999975919723,0.2116000056266784,-0.0040983604267239,-0.1580770909786224,0.205581396818161,0.3723967671394348,0.1758999973535537,0.033449999988079,0.319599986076355,0.8105084300041199,6.2811483576440335,9.000000000000002,6.6899716307431385,10.0
20.967839_85.697164,20.9678,85.6972,3.9,-3.2407,DHENKANAL,KANKADAHAD,KANKANA,,17,8.058,13.62,4.9982,45.0,7.4634,1615.9415,28.0,6,Mahula Madhuca indica,0.2941,18,17.66666603088379,0.4714045207910317,6,6.0,0.1284628648515765,0.6872774118938965,4,2.0,3,,,5.363736629486084,-18.321352005004883,-15.722451210021973,-12.95761489868164,5.163271903991699,6.940474987030029,-11.623525619506836,-8.781975746154785,-6.460253715515137,0.2542766630649566,0.2773500084877014,0.1846500039100647,0.0705000013113021,0.1430999934673309,0.1930499970912933,0.2190500050783157,0.2335000038146972,0.2535000145435333,0.1168241053819656,-0.0858373269438743,0.2400424927473068,0.5361841917037964,0.2083999961614608,0.0390999987721443,0.3341000080108642,0.7904608845710754,1.9449044233515855,5.0,2.07296357298509,8.999999999999998
20.968462_85.697621,20.9685,85.6976,3.9,0.3196,DHENKANAL,KANKADAHAD,KANKANA,,16,2.7,3.02,2.0375,3.1,3.2826,197.5909,2.5,6,Mahula Madhuca indica,0.4375,17,16.66666603088379,0.4714045207910317,7,6.55555534362793,0.1375673593251586,0.4584972760031499,0,0.0,3,,,5.342065334320068,-20.404088973999023,-17.456506729125977,-15.062024116516112,5.694349765777588,6.673977851867676,-13.669434547424316,-10.782527923583984,-7.975084781646728,0.2588667273521423,0.2867999970912933,0.1916999965906143,0.1004000008106231,0.1358000040054321,0.1762000024318695,0.1972000002861023,0.2016000002622604,0.218299999833107,0.0251716244965791,-0.1744471788406372,0.1950207501649856,0.3350993394851684,0.2252999991178512,0.0645999982953071,0.253600001335144,0.5939660668373108,0.0,0.0,0.3524654834919347,2.0
20.96877_85.697427,20.9688,85.6974,4.9,-23.303,DHENKANAL,KANKADAHAD,KANKANA,,20,9.76,10.0,5.485,12.0,13.6475,5623.9985,2.5,6,Mahula Madhuca indica,0.6,17,17.22222137451172,0.4157397096415625,6,6.0,0.173473754622927,0.6384915891656747,1,1.3333333730697632,3,,,6.249705314636231,-19.19800567626953,-15.412749290466309,-12.948299407958984,5.615083694458008,6.295019149780273,-11.912078857421877,-9.117730140686035,-6.296995162963867,0.3405795991420746,0.2919999957084656,0.1950999945402145,0.0838000029325485,0.1377999931573867,0.1870000064373016,0.2134999930858612,0.2234999984502792,0.2511999905109405,0.067845195531845,-0.1328807026147842,0.2371990084648132,0.4546046257019043,0.1946000009775161,0.035300001502037,0.3093999922275543,0.7951841950416565,1.1822383607559575,3.0,0.8613733429836403,2.9999999999999996
20.969023_85.695805,20.969,85.6958,4.864,0.0293,DHENKANAL,KANKADAHAD,KANKANA,,16,5.9298,6.26,3.2875,7.0,14.1668,5200.1021,53.0,5,Eucalyptus Eucalyptus spp.,0.4375,16,16.22222137451172,0.4157397096415625,6,6.0,0.1628991449066245,0.6337600058959586,0,0.3333333432674408,0,,,6.86486291885376,-19.720766067504883,-15.621563911437988,-12.855904579162598,5.352945804595947,6.188645839691162,-12.401254653930664,-9.432918548583984,-7.048308849334717,0.3425775170326233,0.3079000115394592,0.212799996137619,0.0938000008463859,0.1376000046730041,0.1886000037193298,0.2187999933958053,0.2272000014781952,0.2520999908447265,0.0327272713184356,-0.1508129388093948,0.2456140369176864,0.4155763387680053,0.1888999938964843,0.0392999984323978,0.2856999933719635,0.7581538558006287,0.12224634778759193,1.0,0.16923281558285067,1.0
20.970158_85.69672,20.9702,85.6967,4.898,-9.1575,DHENKANAL,KANKADAHAD,KANKANA,,11,7.0182,7.0,4.8182,10.0,20.6612,7283.0894,23.0,7,Mahula Madhuca indica,0.4545,17,16.66666603088379,0.4714045207910317,6,6.0,0.1475305348710113,0.7274536507485413,3,2.1111111640930176,3,,,5.315576076507568,-17.173974990844727,-14.273688316345217,-11.858399391174316,5.260406017303467,6.219543933868408,-10.649871826171877,-8.054143905639648,-5.389466285705566,0.2812196910381317,0.2448000013828277,0.1489000022411346,0.0626000016927719,0.1177999973297119,0.1781000047922134,0.2040999978780746,0.2135999947786331,0.2381000071763992,0.1784827560186386,-0.0680628269910812,0.2890766561031341,0.5467053055763245,0.176949992775917,0.0288999993354082,0.3070000112056732,0.8279249668121338,1.7837236756118642,3.0,1.6423449141059736,3.0
20.970671_85.695629,20.9707,85.6956,4.084,-6.993,DHENKANAL,KANKADAHAD,KANKANA,,11,4.0934,4.4,2.9745,5.0,5.1682,401.9188,28.0,5,Kendu Diospyros melanoxylon,0.3636,15,15.0,0.0,6,6.0,0.2141191752708761,0.7163666811169991,0,0.7777777910232544,3,,,6.2078728675842285,-18.198381423950195,-14.916918754577637,-11.990508079528809,5.238267421722412,6.46885871887207,-10.93508243560791,-8.448060035705566,-5.696815013885498,0.332191526889801,0.2686499953269958,0.1814499944448471,0.0743499994277954,0.1198000013828277,0.167600005865097,0.190650001168251,0.2034499943256378,0.225050002336502,0.0571577027440071,-0.1381063312292099,0.2587780356407165,0.4647228121757507,0.1697999984025955,0.0322499983012676,0.2853499948978424,0.7969143390655518,0.43040242848409455,1.0,0.576317845075694,2.0
20.971334_85.696502,20.9713,85.6965,4.63,-2.0902,DHENKANAL,KANKADAHAD,KANKANA,,15,4.3355,5.8,2.9,7.0,12.0958,2507.1678,28.0,8,Kauchia Strychnos nux vomica,0.2,15,15.55555534362793,0.4969039949999476,6,6.0,0.1800511715610928,0.6992953652139865,2,1.7777777910232544,0,,,6.079141616821289,-18.246150970458984,-15.08139419555664,-12.167009353637695,5.94508695602417,7.037487030029297,-11.84171199798584,-8.043907165527344,-5.896624565124512,0.3424115777015686,0.2694000005722046,0.1773000061511993,0.0758000016212463,0.1272000074386596,0.1772000044584274,0.2014999985694885,0.2178000062704086,0.2363000065088272,0.1025056913495063,-0.1059113293886184,0.2626087069511413,0.4836512207984924,0.1796000003814697,0.0313000008463859,0.3285999894142151,0.826062798500061,1.968315370629002,4.0,1.7484332007563388,4.0
20.972437_85.695593,20.9724,85.6956,4.873,-1.6497,DHENKANAL,KANKADAHAD,KANKANA,,10,7.5824,5.7,3.35,10.0,9.0082,1063.2346,18.0,7,Mahula Madhuca indica,0.3,14,14.222222328186035,0.4157397096415625,6,6.0,0.2038247137570369,0.7067825522283322,0,0.7777777910232544,3,,,4.734743118286133,-17.2646541595459,-14.658352851867676,-12.529911994934082,5.307185649871826,6.626568794250488,-10.890896797180176,-8.031784057617188,-5.583711624145508,0.3397687077522278,0.2669999897480011,0.1764000058174133,0.0788000002503395,0.1252000033855438,0.1699000000953674,0.1951999962329864,0.2093999981880188,0.2302999943494796,0.0855365470051765,-0.1209068000316619,0.2516437470912933,0.4531575441360473,0.1754499971866607,0.0342499986290931,0.2965500056743622,0.7929262518882751,0.5230117364335364,2.0,0.840771482783128,2.9999999999999996
21.018825_85.612578,21.0188,85.6126,4.728,57.103,DHENKANAL,KANKADAHAD,BALIKUMA,Balikurma,36,15.2067,17.3,7.4389,22.0,11.5069,7627.9288,73.0,16,Sala Shorea robusta,0.2222,20,20.0,0.0,8,8.0,0.1573720045791189,0.7465850423044537,3,4.44444465637207,11,,,5.312190532684326,-15.978475570678713,-13.078303337097168,-10.666284561157228,4.998288154602051,6.490588188171387,-9.22461223602295,-6.587715148925781,-4.226324081420898,0.2813571691513061,0.200650006532669,0.1165999993681907,0.0612500011920928,0.1152499988675117,0.1866499930620193,0.2160499989986419,0.2202000021934509,0.2425000071525573,0.3076009452342987,0.0464536063373088,0.3128633201122284,0.5647539496421814,0.1506000012159347,0.0276999995112419,0.3323000073432922,0.8461111187934875,3.9551553914156714,6.000000000000001,4.547956170598319,6.999999999999999
21.018991_85.615656,21.019,85.6157,3.9,56.358,DHENKANAL,KANKADAHAD,BALIKUMA,Balikurma,51,17.2155,24.0,9.7961,27.0,14.4619,13441.0336,48.0,18,Asana Terminalia alata,0.2353,20,20.0,0.0,7,7.0,0.1502212150014944,0.7505452736570022,7,6.222222328186035,10,,,5.265859603881836,-16.53865623474121,-13.605843544006348,-11.272796630859377,5.031030178070068,6.393310070037842,-9.682133674621582,-7.212532997131348,-4.651103973388672,0.281147837638855,0.2081499993801117,0.1188500002026557,0.0668999999761581,0.1152499988675117,0.1868000030517578,0.2167499959468841,0.2353499978780746,0.2506499886512756,0.328910231590271,0.0613303259015083,0.3425556123256683,0.5573201179504395,0.1586000025272369,0.0291000008583068,0.3312000036239624,0.8384679555892944,5.565868847104194,8.999999999999998,6.090875432814651,11.000000000000002
21.019655_85.619941,21.0197,85.6199,4.971,64.8121,DHENKANAL,KANKADAHAD,BALIKUMA,Balikurma,41,15.2943,19.0,8.0749,22.0,12.2472,8555.8315,83.0,12,Sala Shorea robusta,0.3415,21,21.0,0.0,7,7.0,0.1089494548103932,0.7798569147514459,10,10.222222328186035,13,0.0,21.300498962402344,5.69786262512207,-17.175647735595703,-13.779139518737791,-11.477785110473633,4.344629287719727,6.941059112548828,-9.007061004638672,-6.838079929351807,-4.662431240081787,0.199392482638359,0.1772000044584274,0.0949999988079071,0.0571000017225742,0.121299996972084,0.2143000066280365,0.2388000041246414,0.2513999938964844,0.2684000134468078,0.4515011608600616,0.1731217950582504,0.3490743339061737,0.6298217177391052,0.1379500031471252,0.0269499998539686,0.2886500060558319,0.8292142152786255,9.921768725402902,13.0,10.038806690044453,14.0
21.019794_85.61085,21.0198,85.6108,3.9,44.464,DHENKANAL,KANKADAHAD,BALIKUMA,Balikurma,30,14.3785,16.5,4.89,21.0,7.0283,2736.1424,73.0,12,Sala Shorea robusta,0.2,20,20.11111068725586,0.3142696805273187,7,7.111111164093018,0.1392349427188761,0.7651302110040383,6,5.888888835906982,11,,,4.98402214050293,-16.27683448791504,-13.45340061187744,-11.29281234741211,5.123444557189941,6.782233715057373,-9.54717254638672,-6.671167373657227,-4.423728466033936,0.2447570413351059,0.193800002336502,0.1098999977111816,0.0588000006973743,0.1146500036120414,0.1868499964475631,0.2133000046014785,0.2361499965190887,0.2457499951124191,0.3648316860198974,0.0984998270869255,0.3463512063026428,0.601288378238678,0.1495999991893768,0.0273000001907348,0.327349990606308,0.8460453748703003,5.4089805121937085,6.999999999999999,5.981666277761626,8.0
21.019849_85.61665,21.0198,85.6167,4.613,70.5288,DHENKANAL,KANKADAHAD,BALIKUMA,Balikurma,55,16.4147,21.5,9.7855,22.0,14.4333,14844.2471,78.0,22,Asana Terminalia alata,0.2182,19,19.22222137451172,0.4157397096415625,8,8.0,0.148634843837474,0.7430853134914565,6,5.666666507720947,10,,,5.008060932159424,-16.572233200073242,-13.856040954589844,-11.56417179107666,4.818836688995361,6.661743640899658,-9.786321640014648,-7.1942973136901855,-4.967484951019287,0.2603813111782074,0.2010000050067901,0.1093000024557113,0.0641999989748001,0.1149000003933906,0.1882999986410141,0.2215999960899353,0.2396000027656555,0.2513999938964844,0.3734594583511352,0.0876078084111213,0.3517630398273468,0.5773535370826721,0.1544000059366226,0.0297999996691942,0.3375000059604645,0.8377348184585571,4.797500632217822,8.0,4.79659238305056,8.0
21.021416_85.610006,21.0214,85.61,3.9,76.934,DHENKANAL,KANKADAHAD,BALIKUMA,Balikurma,21,13.2802,15.62,6.0019,26.0,12.1397,5680.368,58.0,10,Kendu Diospyros melanoxylon,0.2857,22,21.66666603088379,0.4714045207910317,7,7.0,0.155918295700321,0.7434138200792844,5,5.666666507720947,9,,,5.788641929626465,-17.147541046142578,-13.9425630569458,-11.358899116516112,5.531952857971191,6.704526901245117,-10.591704368591309,-7.238036155700684,-5.059751510620117,0.2778642773628235,0.2044499963521957,0.1193500012159347,0.0604999996721744,0.1130499988794326,0.1861000061035156,0.2129500061273574,0.2176000028848648,0.2415000051259994,0.2915862798690796,0.0311574451625347,0.3161953687667846,0.5649046897888184,0.1544000059366226,0.0293000005185604,0.3434000015258789,0.8427689671516418,4.838808077508677,7.0,5.711120322863215,10.0
21.02179_85.618937,21.0218,85.6189,3.9,79.73,DHENKANAL,KANKADAHAD,BALIKUMA,Balikurma,18,13.5938,11.78,5.3167,19.0,8.8649,2592.8306,63.0,7,Sala Shorea robusta,0.3889,21,21.0,0.0,7,7.333333492279053,0.1136875826726925,0.7892717928783507,10,10.11111068725586,11,,,5.720633506774902,-17.36440086364746,-14.099154472351074,-11.643766403198242,5.066776275634766,6.766950130462647,-10.271944999694824,-7.332204341888428,-5.205168724060059,0.1882248669862747,0.1699000000953674,0.0912000015377998,0.0549999997019767,0.1151999980211258,0.1999000012874603,0.2310999929904937,0.2456000000238418,0.2583000063896179,0.4584323167800903,0.1821901351213455,0.3614190816879272,0.6340652108192444,0.1419000029563903,0.0291000008583068,0.2984000146389007,0.8222900629043579,9.44622047078162,11.0,9.659645861496722,11.999999999999998
21.021861_85.613366,21.0219,85.6134,3.9,65.386,DHENKANAL,KANKADAHAD,BALIKUMA,Balikurma,33,16.4918,19.4,6.0115,21.0,8.8355,4212.513,43.0,14,Sala Shorea robusta,0.2424,21,21.55555534362793,0.4969039949999985,8,7.666666507720947,0.1075377091868561,0.7772237107975292,8,8.0,13,,,4.751118183135986,-16.357986450195312,-13.755918502807615,-11.606868743896484,5.079400062561035,6.571523666381836,-9.547043800354004,-7.184394836425781,-4.467643737792969,0.1922478377819061,0.1780000030994415,0.0904000028967857,0.0524000003933906,0.1052000001072883,0.1973000019788742,0.2310999929904937,0.245399996638298,0.2621999979019165,0.4615842700004577,0.1591875255107879,0.3998859226703644,0.6480859518051147,0.1560000032186508,0.0286999996751546,0.3307999968528747,0.8403338193893433,7.500192290469238,9.000000000000002,7.895690965550141,10.0
21.022286_85.61525,21.0223,85.6153,3.9,69.101,DHENKANAL,KANKADAHAD,BALIKUMA,Balikurma,26,15.4248,18.12,5.6477,21.0,8.0814,3005.4032,48.0,15,Kendu Diospyros melanoxylon,0.1923,21,20.66666603088379,0.4714045207910317,7,7.0,0.0981178703285406,0.761156026868189,9,8.88888931274414,14,,,5.441321849822998,-17.5944881439209,-14.351102828979492,-12.153165817260742,4.558786869049072,6.866177082061768,-9.855337142944336,-7.484925270080566,-5.296550750732422,0.196499228477478,0.1844000071287155,0.100500002503395,0.0568000003695488,0.1174999997019767,0.2040999978780746,0.2369000017642974,0.2544000148773193,0.2644999921321869,0.4336432814598083,0.1595259755849838,0.3681097030639648,0.6349614262580872,0.1423999965190887,0.0285000000149011,0.3097000122070312,0.8314606547355652,8.481805968969788,10.999999999999998,8.991480702193499,12.000000000000005
21.023003_85.611504,21.023,85.6115,3.9,56.863,DHENKANAL,KANKADAHAD,BALIKUMA,Balikurma,20,14.3739,17.0,6.714,21.0,11.4432,4437.0409,48.0,9,Sala Shorea robusta,0.25,21,21.77777862548828,0.6285393610547179,8,7.777777671813965,0.1202308437866902,0.7714269434667322,9,9.11111068725586,13,,,5.612898349761963,-16.209802627563477,-13.101812362670898,-10.596903800964355,5.06742000579834,6.685308933258057,-8.920022964477539,-6.416502952575684,-3.85260272026062,0.2386531978845596,0.1777999997138977,0.0957499966025352,0.0551999993622303,0.1027000024914741,0.186499997973442,0.2173999994993209,0.225950002670288,0.2429500073194503,0.4047248959541321,0.1192569658160209,0.3750190138816833,0.6073270440101624,0.1523000001907348,0.0273000001907348,0.3271999955177307,0.8459802269935608,9.178460792784442,11.999999999999998,9.261981609471093,12.0
21.023941_85.616045,21.0239,85.616,3.9,51.181,DHENKANAL,KANKADAHAD,BALIKUMA,Balikurma,29,15.4371,17.0,5.5341,19.0,9.0993,4292.4884,53.0,13,Mahula Madhuca indica,0.1379,20,20.0,0.0,8,7.666666507720947,0.1359898942505662,0.7375726334870203,9,8.777777671813965,13,,,5.076332092285156,-16.61920738220215,-14.021553993225098,-11.542876243591309,5.245043754577637,6.803678035736084,-10.273740768432615,-7.217876434326172,-5.0286970138549805,0.2349392175674438,0.1880500018596649,0.1044000014662742,0.0593999996781349,0.1155499964952468,0.1928499937057495,0.2245499938726425,0.2395499944686889,0.2534500062465668,0.3929350078105926,0.120439663529396,0.3491974174976349,0.6026091575622559,0.1419000029563903,0.0273000001907348,0.3088000118732452,0.8375483751296997,7.382743560971234,11.000000000000002,7.878708002049298,10.999999999999998
21.040585_85.690666,21.0406,85.6907,4.759,25.3214,DHENKANAL,KANKADAHAD,NUA SAHI,Kampulei,16,19.891,18.0,6.4188,25.0,4.9537,731.2374,28.0,7,Sala Shorea robusta,0.375,19,19.22222137451172,0.4157397096415625,6,6.0,0.1507984760313202,0.7364685895212761,7,6.777777671813965,9,,,5.581010818481445,-18.10550117492676,-14.587416648864746,-12.524491310119627,5.45229959487915,7.056272506713867,-10.73569107055664,-7.531144142150879,-5.28339147567749,0.3028821051120758,0.213699996471405,0.1220000013709068,0.0692000016570091,0.1172999963164329,0.1874500066041946,0.2162500023841858,0.2327499985694885,0.2527999877929687,0.3121916949748993,0.0426699519157409,0.3298100233078003,0.5416459441184998,0.1411000043153762,0.0268500000238418,0.3185499906539917,0.844528079032898,6.077558416383978,8.0,6.803524596574468,9.999999999999996
21.041399_85.688028,21.0414,85.688,4.773,119.9,DHENKANAL,KANKADAHAD,NUA SAHI,Kampulei,17,15.8621,14.7,5.7753,21.0,9.334,3162.4286,38.0,10,Khakada_Casearia_elliptica,0.1765,22,22.0,0.0,7,7.111111164093018,0.169600745706824,0.7159259308545438,7,6.333333492279053,9,,,5.664613246917725,-17.354045867919922,-14.309195518493652,-11.689433097839355,5.236728191375732,6.9235148429870605,-10.118541717529297,-7.385680675506592,-4.8818135261535645,0.3376943171024322,0.2509999871253967,0.1512500047683715,0.0760499984025955,0.1210500001907348,0.1793999969959259,0.2080000042915344,0.2289499938488006,0.245399996638298,0.2043661177158355,-0.0459422841668129,0.3082857131958008,0.5013114809989929,0.1437499970197677,0.0285000000149011,0.3255499899387359,0.8390057682991028,5.950085333220961,8.0,6.067377813926026,8.0
21.043315_85.689977,21.0433,85.69,4.645,49.1512,DHENKANAL,KANKADAHAD,NUA SAHI,Kampulei,13,28.1504,28.0,11.6846,45.0,6.2462,1053.8771,38.0,8,Sala Shorea robusta,0.3077,21,21.0,0.0,7,7.222222328186035,0.1789011911079862,0.7343419225822214,5,6.0,9,,,6.261231422424316,-17.283544540405273,-13.325055122375488,-11.02231216430664,5.415745258331299,6.081053733825684,-10.068628311157228,-7.2440009117126465,-4.652883052825928,0.3270286917686462,0.2225999981164932,0.1409000009298324,0.068850003182888,0.1154000014066696,0.1823000013828277,0.210549995303154,0.217299997806549,0.2424000054597854,0.21328866481781,-0.0120481923222541,0.3062819242477417,0.5187838673591614,0.1453499943017959,0.0277999993413686,0.3328000009059906,0.8458125591278076,5.7000105351875225,8.999999999999998,5.519200113658728,9.0
21.043929_85.684979,21.0439,85.685,4.99,53.9468,DHENKANAL,KANKADAHAD,HADI SAHI,Kampulei,11,36.5057,27.6,13.5636,45.0,7.6857,1308.381,28.0,5,Sala Shorea robusta,0.2727,20,20.33333396911621,0.4714045207910317,6,6.0,0.1887501029585345,0.7127663331320948,2,3.222222328186035,6,,,5.36228609085083,-16.59432601928711,-13.479207038879396,-11.232040405273438,5.453117847442627,6.819165229797363,-9.792926788330078,-6.660041332244873,-4.339808464050293,0.3596332371234894,0.2615500092506408,0.1648499965667724,0.0758000016212463,0.121799997985363,0.1779000014066696,0.2025000005960464,0.2124000042676925,0.2392999976873397,0.1260437369346618,-0.103702925145626,0.2710951566696167,0.4739764034748077,0.1444000005722046,0.0275999996811151,0.3041499853134155,0.8336096405982971,2.510964669690312,5.0,3.3412782308677906,6.0
21.044343_85.521868,21.0443,85.5219,4.394,32.6411,DHENKANAL,KANKADAHAD,ADHAPALLI,Adhapalli,19,5.8785,7.8,4.9068,8.0,5.3607,671.6676,13.0,9,Sala Shorea robusta,0.2105,20,20.55555534362793,0.6849348892187711,7,7.0,0.0913920156130851,0.6641588822240758,1,1.7777777910232544,8,,,1.1906485557556152,-16.867170333862305,-16.76934814453125,-15.676521301269531,9.42414379119873,7.125846862792969,-16.659954071044922,-9.64350128173828,-7.235810279846191,0.2162622660398483,0.2602500021457672,0.1599999964237213,0.0725499987602233,0.1428000032901764,0.2094500064849853,0.2300000041723251,0.2390500009059906,0.2617500126361847,0.1980954706668853,-0.0424594432115554,0.2520623207092285,0.5343388915061951,0.1730999946594238,0.0362999998033046,0.2547999918460846,0.7506011724472046,1.8937063452765979,6.999999999999999,2.188316030265705,6.999999999999998
21.044772_85.519605,21.0448,85.5196,4.532,34.2317,DHENKANAL,KANKADAHAD,ADHAPALLI,Adhapalli,25,6.3517,8.2,5.32,9.0,5.3966,771.0592,8.0,12,Arjuna Terminalia arjuna,0.2,23,22.66666603088379,0.4714045207910317,6,6.0,0.1171054683582916,0.6637921081600169,10,7.888888835906982,12,,,4.842250347137451,-16.989818572998047,-15.66286563873291,-12.14756965637207,4.648741245269775,7.370020866394043,-11.287341117858888,-8.292844772338867,-6.638599872589111,0.2298858016729354,0.2205000072717666,0.1343999952077865,0.0735500007867813,0.1306499987840652,0.1986500024795532,0.2253500074148178,0.2304999977350235,0.2560999989509582,0.2633598148822784,0.0221729483455419,0.2764779031276703,0.5161979794502258,0.1500499993562698,0.034850001335144,0.2396499961614608,0.7460837960243225,7.864892199261484,14.0,6.405021303328371,12.0
21.045566_85.52362,21.0456,85.5236,4.945,22.3894,DHENKANAL,KANKADAHAD,ADHAPALLI,Adhapalli,22,6.908,8.4,5.8182,9.0,4.6738,586.1911,8.0,12,Bara Ficus benghalensis,0.1818,22,22.44444465637207,0.4969039949999985,6,6.0,0.137006732342979,0.6864253710417023,12,7.333333492279053,10,,,3.14473032951355,-15.56218147277832,-14.851500511169434,-12.417450904846191,5.7946977615356445,6.546154022216797,-12.384745597839355,-8.305346488952637,-6.590047359466553,0.2734348475933075,0.2188999950885772,0.1312499940395355,0.0702999979257583,0.1321000009775161,0.1914499998092651,0.219650000333786,0.2251999974250793,0.2458000034093856,0.2635713219642639,0.0141859939321875,0.2605653405189514,0.5241962671279907,0.1444000005722046,0.0298999994993209,0.2655999958515167,0.7976311445236206,6.664247225455758,13.0,7.46412418111527,13.999999999999998
21.046197_85.525567,21.0462,85.5256,4.955,27.8369,DHENKANAL,KANKADAHAD,ADHAPALLI,Adhapalli,20,6.3703,8.4,5.55,9.0,5.6936,676.8441,2.5,15,Sala Shorea robusta,0.15,16,16.22222137451172,0.4157397096415625,5,5.44444465637207,0.1121901694585618,0.5177927017563665,2,3.444444417953491,6,,,3.129185199737549,-18.6796817779541,-16.266969680786133,-15.550497055053713,0.7400834560394287,7.129353046417236,-9.83229637145996,-9.137617111206056,-9.092212677001951,0.2221659719944,0.2644999921321869,0.1722500026226043,0.1049999967217445,0.1553000062704086,0.2082500010728836,0.2309000045061111,0.241799995303154,0.2544499933719635,0.1679748892784118,-0.0448350794613361,0.2178292572498321,0.3944636583328247,0.182899996638298,0.0604000017046928,0.2547000050544739,0.6166296601295471,2.344670652374305,7.000000000000001,2.572443357702479,7.000000000000001
21.046237_85.520861,21.0462,85.5209,11.263,42.3455,DHENKANAL,KANKADAHAD,ADHAPALLI,Adhapalli,11,9.3809,10.6,7.2727,23.0,4.5174,282.316,8.0,6,Kendu Diospyros melanoxylon,0.3636,26,25.66666603088379,0.4714045207910317,6,6.0,0.1077686975502991,0.7234251137548263,11,11.333333015441896,12,,,1.190709352493286,-13.410237312316896,-12.61494255065918,-12.219528198242188,8.02372932434082,5.69992208480835,-14.206768989562988,-6.91502046585083,-6.183038711547852,0.2074720710515976,0.2030500024557113,0.1130999997258186,0.0621000006794929,0.1299999952316284,0.2076500058174133,0.232350006699562,0.2464500069618225,0.257099986076355,0.3708802759647369,0.0965517237782478,0.3093372285366058,0.597472071647644,0.1407999992370605,0.0287999995052814,0.2664999961853027,0.8049440979957581,11.99661309777771,17.0,11.000488785946942,16.999999999999996
21.046252_85.683699,21.0463,85.6837,4.645,65.861,DHENKANAL,KANKADAHAD,NUA SAHI,Kampulei,17,26.5972,29.2,13.0882,35.0,7.3998,1730.3182,53.0,8,Sala Shorea robusta,0.3529,19,19.0,0.0,6,6.0,0.1706255804818494,0.7309622596874908,9,7.777777671813965,7,,,5.151815414428711,-16.614831924438477,-13.978452682495115,-11.463016510009766,5.394672393798828,6.47674036026001,-10.37810230255127,-7.501712799072266,-4.9834303855896,0.3117851018905639,0.2478999942541122,0.1523000001907348,0.0707999989390373,0.12219999730587,0.18019999563694,0.2082999944686889,0.2212000042200088,0.2410999983549118,0.1844712197780609,-0.0569174997508525,0.2882935404777527,0.5150684714317322,0.1424999982118606,0.0299500003457069,0.3160000145435333,0.8268535733222961,8.045790951375102,10.999999999999998,7.282009506890347,10.0
21.047075_85.526962,21.0471,85.527,4.802,28.1181,DHENKANAL,KANKADAHAD,ADHAPALLI,Adhapalli,9,7.7994,7.6,6.3333,9.0,5.1683,306.0431,2.5,7,Amba Mangifera indica,0.2222,20,20.33333396911621,0.4714045207910317,7,7.0,0.139323810419497,0.5702651411510332,1,1.5555555820465088,5,,,2.2242677211761475,-16.90622329711914,-15.131001472473145,-14.681955337524414,4.064531326293945,4.424334526062012,-13.044074058532717,-10.706666946411133,-8.97954273223877,0.2707381546497345,0.2688499987125397,0.1740999966859817,0.0975999981164932,0.1347499936819076,0.196150004863739,0.2238499969244003,0.2407000064849853,0.2524000108242035,0.1605593115091323,-0.0552448220551013,0.2821947038173675,0.4229973256587982,0.1814000010490417,0.0527999997138977,0.2919999957084656,0.6937354803085327,1.8881806976327689,5.0,2.080576102186453,5.999999999999999
21.047435_85.691744,21.0474,85.6917,4.347,64.1084,DHENKANAL,KANKADAHAD,NUA SAHI,Kampulei,14,18.9746,20.8,8.6643,28.0,8.5171,1703.6948,38.0,6,Sala Shorea robusta,0.5,21,20.77777862548828,0.4157397096415625,7,7.0,0.1662073219720515,0.7294236513083046,8,7.44444465637207,10,,,5.060215473175049,-16.767372131347656,-13.913277626037598,-11.707157135009766,5.261002540588379,6.946944236755371,-9.788456916809082,-6.966333866119385,-4.527454853057861,0.3137677907943725,0.2195499986410141,0.1329499930143356,0.0768499970436096,0.1261000037193298,0.1941000074148178,0.2242999970912933,0.2462500035762787,0.2563000023365021,0.2987869083881378,0.0573207400739192,0.32268026471138,0.5242958664894104,0.1418000012636184,0.0281000006943941,0.3189499974250793,0.838063657283783,7.116825998788549,11.0,6.361562023435565,10.0
21.047558_85.52488,21.0476,85.5249,4.756,3.2191,DHENKANAL,KANKADAHAD,ADHAPALLI,Adhapalli,12,7.4761,8.2,6.3333,9.0,4.9386,347.7906,8.0,8,Kendu Diospyros melanoxylon,0.3333,17,17.22222137451172,0.6285393610547179,6,6.0,0.1279162328863405,0.6786263115685726,6,5.55555534362793,8,,,3.779641628265381,-16.88953971862793,-16.620908737182617,-13.109898567199709,0.6969711780548096,9.67568588256836,-7.382906436920166,-6.9452223777771,-6.685935020446777,0.2399388700723648,0.2222000062465667,0.1316999942064285,0.0680999979376792,0.1262499988079071,0.1824000030755996,0.2069499939680099,0.21144999563694,0.2263499945402145,0.2324056476354599,-0.0247895773500204,0.2522949278354645,0.5127884149551392,0.1585499942302703,0.0357000008225441,0.2530499994754791,0.7527272701263428,5.509957704118445,10.0,4.560870415265506,11.000000000000002
21.047646_85.527402,21.0476,85.5274,4.654,28.4915,DHENKANAL,KANKADAHAD,ADHAPALLI,Adhapalli,11,6.72,7.4,5.8182,8.0,5.2466,344.5504,2.5,8,Amba Mangifera indica,0.2727,20,20.77777862548828,0.4157397096415625,8,7.666666507720947,0.1502050498511336,0.640671758688157,0,1.5555555820465088,10,,,5.642860412597656,-17.250747680664062,-14.844405174255373,-11.607887268066406,5.423442840576172,7.125594139099121,-11.216375350952148,-7.71881103515625,-5.792932510375977,0.2851098477840423,0.2441000044345855,0.1518500000238418,0.0894000008702278,0.1242000013589859,0.1841000020503997,0.2090000063180923,0.240799993276596,0.2355500012636184,0.2265376299619674,-0.006805527023971,0.3194520473480224,0.4585099816322326,0.1632999926805496,0.0436999984085559,0.2971999943256378,0.7436198592185974,1.1147326836976559,6.0,2.67266276600875,11.000000000000002
21.047655_85.526258,21.0477,85.5263,4.945,12.1804,DHENKANAL,KANKADAHAD,ADHAPALLI,Adhapalli,13,8.1821,8.6,6.8462,9.0,5.0636,382.2565,8.0,10,Kendu Diospyros melanoxylon,0.2308,19,19.33333396911621,0.4714045207910317,7,7.0,0.1300307295717994,0.6675249612530263,0,1.5555555820465088,4,,,5.706044673919678,-21.4578857421875,-19.8623046875,-15.75184154510498,2.1396517753601074,10.469420433044434,-10.358509063720703,-9.39288330078125,-8.218857765197754,0.2673993706703186,0.245399996638298,0.1434500068426132,0.0715499967336654,0.1276499927043914,0.188850000500679,0.2138999998569488,0.21875,0.2416500002145767,0.2078961879014969,-0.0574167817831039,0.2629907727241516,0.5070616602897644,0.1717000007629394,0.0340000018477439,0.2675000131130218,0.774461030960083,1.1995954679771819,7.0,1.7492782392557027,8.0
21.048412_85.523557,21.0484,85.5236,4.921,9.0944,DHENKANAL,KANKADAHAD,ADHAPALLI,Adhapalli,13,6.8378,7.4,5.8462,8.0,4.4801,324.202,2.5,9,Kendu Diospyros melanoxylon,0.2308,17,17.33333396911621,0.4714045207910317,5,5.0,0.1279427937586438,0.7027753867365436,5,4.111111164093018,8,0.0,13.927200317382812,4.011307716369629,-17.877399444580078,-14.22715187072754,-13.86609172821045,1.7094873189926147,5.88041877746582,-9.226256370544434,-8.346733093261719,-7.516768932342529,0.2484702467918396,0.2249999940395355,0.131750002503395,0.067050002515316,0.129950001835823,0.195700004696846,0.220550000667572,0.227850005030632,0.247649997472763,0.2672413885593414,0.0062934746965765,0.2736165523529053,0.5452696084976196,0.1516000032424926,0.0285000000149011,0.2478500008583068,0.7937397956848145,5.39907606892083,10.0,4.477977199771138,10.0
21.048834_85.524919,21.0488,85.5249,4.797,37.5809,DHENKANAL,KANKADAHAD,ADHAPALLI,Adhapalli,11,8.3127,8.6,7.0,9.0,5.3404,350.771,2.5,9,Arjuna Terminalia arjuna,0.1818,15,15.11111068725586,0.3142696805273187,6,6.111111164093018,0.1442187252440717,0.6777974491244939,1,2.0,4,,,4.587120532989502,-16.389110565185547,-12.686861038208008,-11.801990509033203,5.0870561599731445,4.871345043182373,-12.574166297912598,-7.815515995025635,-7.487110137939453,0.2612819671630859,0.2344000041484832,0.1410499960184097,0.0728000029921531,0.1259499937295913,0.186499997973442,0.2126999944448471,0.2312500029802322,0.24269999563694,0.2422777265310287,-0.0067647374235093,0.2947928309440613,0.5211313962936401,0.1642999947071075,0.033900000154972,0.2777000069618225,0.7824133634567261,1.6551573380529476,6.0,1.5952200031541681,5.000000000000002
21.049949_85.690852,21.0499,85.6909,4.502,69.4401,DHENKANAL,KANKADAHAD,NUA SAHI,Kampulei,18,18.0767,21.4,10.3278,25.0,9.5405,2112.8813,63.0,8,Sala Shorea robusta,0.3889,20,20.0,0.0,7,7.0,0.1292338418285267,0.7472667035079805,12,10.44444465637207,12,,,5.584380149841309,-17.18157196044922,-14.453367233276367,-11.59719181060791,5.095064163208008,6.797545909881592,-10.164909362792969,-7.655821323394775,-5.069845676422119,0.2327830195426941,0.1961999982595443,0.1081999987363815,0.0623000003397464,0.1234000027179718,0.2088499963283538,0.2436500042676925,0.2539499998092651,0.2698999941349029,0.4024575352668762,0.1282905638217926,0.3459652960300445,0.6060079336166382,0.1446000039577484,0.0272000003606081,0.3102500140666961,0.8387909531593323,10.495430482762258,12.0,9.297416922228761,12.0
21.050477_85.686889,21.0505,85.6869,4.716,66.809,DHENKANAL,KANKADAHAD,NUA SAHI,Kampulei,13,17.9905,21.6,10.2923,25.0,10.6879,1807.5426,58.0,7,Sala Shorea robusta,0.3077,23,23.22222137451172,0.4157397096415625,8,7.44444465637207,0.1382055991760362,0.751119984477875,10,10.222222328186035,12,,,4.985801696777344,-16.83831024169922,-14.436786651611328,-11.852508544921877,4.843749523162842,7.047515392303467,-9.887993812561035,-7.3892717361450195,-5.044243812561035,0.2783361375331878,0.2073999941349029,0.1185500025749206,0.0685999989509582,0.1272000074386596,0.1960999965667724,0.2266499996185302,0.2431000024080276,0.2544499933719635,0.3443937599658966,0.0792452841997146,0.3129894733428955,0.5598331689834595,0.1460500061511993,0.0270499996840953,0.3072499930858612,0.8381693363189697,9.181197589650662,11.0,9.441188507496921,12.0
21.052047_85.690007,21.052,85.69,4.386,85.0194,DHENKANAL,KANKADAHAD,NUA SAHI,Kampulei,15,18.6093,18.8,7.16,25.0,5.1078,625.2442,83.0,7,Sala Shorea robusta,0.4667,21,20.66666603088379,0.4714045207910317,7,7.111111164093018,0.1303645960259603,0.7435907747927197,5,6.777777671813965,10,,,5.918458938598633,-16.961441040039062,-13.459598541259766,-11.042981147766112,5.001650333404541,6.37879753112793,-9.790444374084473,-7.080801486968994,-4.78879451751709,0.2451580464839935,0.2041500061750412,0.1155000030994415,0.0598499998450279,0.1125999987125396,0.1861000061035156,0.2152500003576278,0.2328500002622604,0.2460500001907348,0.3368738293647766,0.0656750574707984,0.3480966985225677,0.5910488367080688,0.1608999967575073,0.0275500006973743,0.3088499903678894,0.8362069129943848,6.700830164031145,9.000000000000004,7.342968668543419,11.0
21.074972_85.389524,21.075,85.3895,2.142,108.6992,DHENKANAL,KANKADAHAD,MAHABIR ROAD,Mahabirod,28,11.0292,17.0,9.6429,25.0,7.8213,1485.8705,23.0,3,Sala Shorea robusta,0.9286,17,17.44444465637207,0.4969039949999476,6,6.0,0.126842960679866,0.7281388772059826,6,6.777777671813965,9,,,2.8379180431365967,-15.866687774658203,-14.360861778259276,-13.028769493103027,3.157052516937256,5.64284086227417,-10.50224781036377,-8.718021392822266,-7.345195293426514,0.2252224832773208,0.212799996137619,0.1271000057458877,0.0640999972820282,0.1360999941825866,0.2204499989748001,0.2505500018596649,0.2592499852180481,0.2790499925613403,0.3420473635196686,0.098400592803955,0.3114961385726928,0.6035255789756775,0.1472000032663345,0.0276999995112419,0.2958000004291534,0.8287480473518372,6.449887034511088,8.0,6.411351685942337,8.0
21.075714_85.392354,21.0757,85.3924,0.835,117.146,DHENKANAL,KANKADAHAD,KANKADAHAD,Mahabirod,19,15.5566,22.0,11.0647,27.0,7.0782,978.027,58.0,5,Sala Shorea robusta,0.4737,18,17.88888931274414,0.3142696805273187,6,5.777777671813965,0.138744944552016,0.6548518184878404,4,4.55555534362793,8,,,3.5833985805511475,-16.095935821533203,-13.517277717590332,-12.512537002563477,4.141862392425537,3.6102137565612793,-12.572766304016112,-9.907063484191896,-8.430903434753418,0.2563551068305969,0.2513000071048736,0.158500000834465,0.0834000036120414,0.1521500051021576,0.2182500064373016,0.2451999932527542,0.2451999932527542,0.2757999897003174,0.2147634327411651,-0.0122860018163919,0.2341764122247696,0.492391973733902,0.1685999929904937,0.0375999994575977,0.2617000043392181,0.7487470507621765,4.1304993522429285,5.999999999999997,4.055499883370757,7.000000000000003
21.076582_85.388847,21.0766,85.3888,4.7,109.122,DHENKANAL,KANKADAHAD,BURUGI BHUIN,Mahabirod,38,15.4112,22.0,10.5295,30.0,6.2992,1567.8353,13.0,2,Sala Shorea robusta,0.9737,18,18.0,0.0,5,5.0,0.1454674089435758,0.7103240444291001,9,10.0,12,,,2.3998894691467285,-16.997509002685547,-15.746801376342772,-14.597620010375977,3.3090803623199463,7.395188808441162,-9.316522598266602,-8.351612091064453,-6.007442474365234,0.2633839547634125,0.2357500046491623,0.1525000035762787,0.0773499980568885,0.1431999951601028,0.2151499986648559,0.2451999932527542,0.2520000040531158,0.2753500044345855,0.2459826916456222,0.033316247165203,0.2753036320209503,0.5302869081497192,0.1606000065803527,0.032600000500679,0.2833999991416931,0.7936708927154541,9.532762107391871,11.0,8.97636221237912,11.0
21.077312_85.39015,21.0773,85.3902,4.1,107.9461,DHENKANAL,KANKADAHAD,BURUGI BHUIN,Mahabirod,36,13.5677,21.0,11.9333,30.0,7.7013,1864.5797,8.0,3,Sala Shorea robusta,0.9167,20,20.0,0.0,6,5.666666507720947,0.1650973457813031,0.6774656174445635,8,7.55555534362793,11,,,2.9454050064086914,-17.12385368347168,-14.212960243225098,-14.178449630737305,4.0373077392578125,6.163719177246094,-9.17894172668457,-8.049241065979004,-5.141633987426758,0.2859515249729156,0.246749997138977,0.1606999933719635,0.0793500021100044,0.1435000002384185,0.2102500051259994,0.2404000014066696,0.2503499984741211,0.2693000137805938,0.2180999815464019,0.007242003455758,0.2712961733341217,0.5186533331871033,0.1611000001430511,0.0313999988138675,0.2899999916553497,0.8046048283576965,6.7134874657678525,8.999999999999996,6.568157296694367,9.0
21.077442_85.388795,21.0774,85.3888,2.216,100.6617,DHENKANAL,KANKADAHAD,BURUGI BHUIN,Mahabirod,30,22.7777,21.0,11.7047,30.0,12.7324,7779.6528,48.0,4,Sala Shorea robusta,0.8667,20,19.44444465637207,0.4969039949999476,5,5.0,0.1549576989161269,0.6853602847799216,13,11.88888931274414,13,,,1.4817166328430176,-13.807927131652832,-13.142657279968262,-12.326210975646973,5.036377429962158,5.95855712890625,-9.225793838500977,-7.184100151062012,-4.189416408538818,0.2654630541801452,0.2266999930143356,0.139500007033348,0.0734499990940094,0.1386999934911728,0.2116000056266784,0.2346500009298324,0.2500999867916107,0.264849990606308,0.2838808894157409,0.0490771830081939,0.286522626876831,0.5459743738174438,0.153899997472763,0.0305000003427267,0.2930000126361847,0.8114374279975891,11.733547850266476,13.999999999999998,10.151770321460816,14.0
21.077809_85.392112,21.0778,85.3921,1.392,131.205,DHENKANAL,KANKADAHAD,BURUGI BHUIN,Mahabirod,21,29.7226,36.0,21.2524,45.0,15.582,7737.9542,73.0,9,Sala Shorea robusta,0.2381,20,19.77777862548828,0.4157397096415625,6,6.0,0.1280305874731452,0.7353327705729453,12,12.222222328186035,8,,,3.256049871444702,-15.703600883483888,-13.0407133102417,-12.447551727294922,1.9866893291473389,5.691305637359619,-8.239645957946777,-7.34940767288208,-6.252956867218018,0.2819579243659973,0.2161000072956085,0.128600001335144,0.064249999821186,0.1242500022053718,0.1841499954462051,0.2113499939441681,0.2233999967575073,0.2385500073432922,0.2693181931972503,0.0166097842156887,0.2852006256580353,0.553276538848877,0.1456000059843063,0.0260000005364418,0.2896000146865845,0.8352344632148743,12.016932192231733,13.999999999999998,10.951322428639934,14.0
21.078879_85.387094,21.0789,85.3871,1.771,117.236,DHENKANAL,KANKADAHAD,BURUGI BHUIN,Mahabirod,26,20.21,25.4,14.4565,27.0,11.0613,3136.0885,78.0,5,Sala Shorea robusta,0.8077,19,19.55555534362793,0.4969039949999476,6,6.0,0.1340245897124668,0.6544035097714253,11,12.0,12,,,1.2286889553070068,-16.38875961303711,-15.252581596374512,-15.160070419311523,3.0533559322357178,7.200767517089844,-8.653308868408203,-8.051814079284668,-5.599953651428223,0.2750163376331329,0.2383999973535537,0.1541499942541122,0.0813499987125396,0.1383499950170517,0.1986500024795532,0.2261500060558319,0.2384999990463256,0.2565500140190124,0.2148223668336868,0.0002096875687129,0.2657555937767029,0.4913240671157837,0.1554999947547912,0.0370000004768371,0.2797000110149383,0.7663403749465942,11.675700442384674,15.0,11.11145729088483,14.999999999999998
21.078934_85.390421,21.0789,85.3904,1.719,146.113,DHENKANAL,KANKADAHAD,BURUGI BHUIN,Mahabirod,11,45.5165,47.2,34.5455,50.0,12.2115,1620.1973,78.0,5,Dheura_Anogeissus_latifolia,0.3636,21,21.0,0.0,6,6.0,0.2053946025431807,0.7044442475276527,8,8.11111068725586,12,,,3.404533863067627,-15.166666030883787,-13.74140167236328,-11.76213264465332,4.324682712554932,9.003425598144531,-8.65074348449707,-4.73797607421875,-4.326061248779297,0.3664015233516693,0.2238499969244003,0.1450999975204467,0.0740500018000602,0.1190500035881996,0.1651999950408935,0.1863999962806701,0.2045499980449676,0.2157000005245208,0.1700271666049957,-0.0450513549149036,0.2642150819301605,0.4684135019779205,0.1651999950408935,0.0287999995052814,0.3199000060558319,0.8348150253295898,8.450001843298557,12.0,8.833664313320769,12.000000000000002
21.079134_85.389512,21.0791,85.3895,0.841,142.919,DHENKANAL,KANKADAHAD,BURUGI BHUIN,Mahabirod,12,23.8603,26.8,19.25,31.0,20.5045,5807.8026,78.0,7,Sala Shorea robusta,0.3333,20,20.22222137451172,0.6285393610547179,7,6.55555534362793,0.128890523329492,0.7290091201080413,15,14.777777671813965,13,,,2.8643622398376465,-14.974519729614258,-14.057644844055176,-12.11015796661377,3.756525754928589,10.202524185180664,-6.880926132202148,-3.855120897293091,-3.12440037727356,0.219869390130043,0.2161500006914138,0.122649997472763,0.0559000000357627,0.124899998307228,0.1913499981164932,0.2197999954223632,0.2293000072240829,0.2460999935865402,0.3030259907245636,0.029520709067583,0.2947487235069275,0.6079943776130676,0.1564999967813491,0.0277999993413686,0.295199990272522,0.8278637528419495,14.54006656695667,16.0,13.546472354265699,16.0
21.106127_85.565469,21.1061,85.5655,5.486,75.4515,DHENKANAL,KANKADAHAD,BALI SAHI,Kerijoli,22,13.2136,13.6,4.6,18.0,7.162,2082.622,23.0,4,Sala Shorea robusta,0.6364,26,25.77777862548828,0.4157397096415625,9,8.666666984558105,0.1487848417620536,0.6739757473863861,7,4.666666507720947,10,,,5.876595497131348,-17.83783531188965,-14.599748611450195,-11.9612398147583,5.487347602844238,6.926455974578857,-10.777756690979004,-7.673292636871338,-5.290409088134766,0.274424135684967,0.2125000059604644,0.1279000043869018,0.0696000009775161,0.1281999945640564,0.1962999999523162,0.224600002169609,0.2229000031948089,0.2509999871253967,0.2708095908164978,0.0238860826939344,0.2697237133979797,0.5241025686264038,0.1430999934673309,0.0273499991744756,0.2441499978303909,0.7985267043113708,5.534929761378238,11.0,4.4860931431750295,11.0
21.106491_85.565027,21.1065,85.565,4.538,31.4166,DHENKANAL,KANKADAHAD,BALI SAHI,Kerijoli,30,14.1974,17.6,4.5517,20.0,6.4829,2347.615,23.0,3,Sala Shorea robusta,0.5,25,25.66666603088379,0.6666666666666666,9,8.666666984558105,0.1382209676962084,0.6880217375557607,3,6.666666507720947,11,,,4.8610453605651855,-18.010141372680664,-15.47378921508789,-13.149096488952637,5.6183061599731445,7.298254489898682,-11.465764045715332,-8.175535202026367,-5.847457885742188,0.2315560579299926,0.2337999939918518,0.1433999985456466,0.0710000023245811,0.1337999999523162,0.199750006198883,0.2239000052213668,0.2383500039577484,0.2516500055789947,0.2487229853868484,0.0096367681398987,0.2809351086616516,0.5409730076789856,0.1650000065565109,0.0313000008463859,0.2439000010490417,0.7725290656089783,5.979939238533513,11.999999999999998,4.410746624905221,12.0
21.107106_85.56567,21.1071,85.5657,5.372,52.8516,DHENKANAL,KANKADAHAD,BALI SAHI,Kerijoli,25,21.4061,25.0,6.9248,30.0,8.6962,3261.3235,33.0,5,Sala Shorea robusta,0.4,29,29.0,0.6666666666666666,8,8.0,0.1355959717540455,0.6647868374971027,11,9.666666984558104,9,,,5.670226097106934,-18.207801818847656,-15.034048080444336,-12.537575721740724,5.536914348602295,6.921018123626709,-11.162107467651367,-8.113030433654785,-5.625193595886231,0.203544870018959,0.2293999940156936,0.1401000022888183,0.0776000022888183,0.1448000073432922,0.2277999967336654,0.2502000033855438,0.2623000144958496,0.2883000075817108,0.3036779463291168,0.0669107213616371,0.288626879453659,0.5433951020240784,0.1638000011444091,0.0428999997675418,0.2961499989032745,0.7469399571418762,8.476574840462499,13.000000000000004,8.070259142965098,13.000000000000004
21.10777_85.564995,21.1078,85.565,4.909,55.9911,DHENKANAL,KANKADAHAD,BALI SAHI,Kerijoli,28,22.3455,32.2,11.3014,45.0,9.9017,3991.2081,33.0,2,Sala Shorea robusta,0.6786,31,31.0,0.0,8,7.777777671813965,0.1407905591110243,0.6415034912499662,6,4.333333492279053,10,,,6.621877193450928,-19.137592315673828,-15.347318649291992,-12.51571559906006,4.9161882400512695,6.685154438018799,-11.0913724899292,-8.662163734436035,-6.175184726715088,0.2215738296508789,0.2483499944210052,0.1583500057458877,0.0712999999523162,0.1509000062942505,0.2258500009775161,0.2526499927043915,0.2658500075340271,0.2882499992847442,0.2534182071685791,0.0340334512293338,0.2758248448371887,0.5770428776741028,0.1650000065565109,0.0313000008463859,0.2795499861240387,0.7986167073249817,4.210600029485478,7.000000000000002,3.5859274236624845,9.000000000000002
21.108009_85.565539,21.108,85.5655,4.972,57.4966,DHENKANAL,KANKADAHAD,BALI SAHI,Kerijoli,24,30.6359,36.0,12.0812,40.0,9.0718,3448.5693,33.0,9,Sala Shorea robusta,0.375,30,30.33333396911621,0.4714045207910317,8,7.888888835906982,0.127556322579691,0.7191182303650442,14,11.333333015441896,12,,,5.375779628753662,-16.785253524780273,-14.149005889892578,-11.409473419189451,5.84857177734375,7.552541732788086,-9.684764862060549,-6.596464157104492,-3.8361928462982178,0.2331345975399017,0.2009499967098236,0.1134999990463256,0.0709000006318092,0.1395999938249588,0.2259999960660934,0.2495999932289123,0.2669500112533569,0.2797499895095825,0.4033381640911102,0.1410557776689529,0.3132455945014953,0.5802870988845825,0.1435499936342239,0.0281499996781349,0.2736000120639801,0.8134217262268066,12.20208083233294,15.000000000000004,10.128802288799367,15.0
21.108207_85.564337,21.1082,85.5643,4.3,50.6636,DHENKANAL,KANKADAHAD,BALI SAHI,Kerijoli,30,17.4107,20.6,7.4333,25.0,8.1806,3371.2996,33.0,4,Sala Shorea robusta,0.6,28,28.0,0.0,9,8.44444465637207,0.1292628687928521,0.6661619410813326,9,4.888888835906982,8,,,6.79364824295044,-19.39438247680664,-15.784883499145508,-12.600733757019045,5.958664894104004,7.159366607666016,-12.111260414123535,-8.625516891479492,-6.152595520019531,0.257854163646698,0.2690500020980835,0.1732500046491623,0.0812499970197677,0.1536999940872192,0.2343499958515167,0.2617500126361847,0.277999997138977,0.2968499958515167,0.2321329712867736,0.0163604784756898,0.2879314422607422,0.5476687550544739,0.1923999935388565,0.0331000015139579,0.3073000013828277,0.8055229187011719,4.558730927585372,11.0,2.1136073751835385,10.0
21.108502_85.564922,21.1085,85.5649,4.818,41.8352,DHENKANAL,KANKADAHAD,BALI SAHI,Kerijoli,18,18.1281,19.6,7.9444,25.0,10.1505,3050.0453,28.0,3,Sala Shorea robusta,0.6667,31,30.88888931274414,0.3142696805273187,7,7.55555534362793,0.1308069825490653,0.6802541312346353,10,7.0,10,,,5.575381278991699,-18.237016677856445,-15.728595733642578,-12.661635398864746,5.359255790710449,7.332524299621582,-11.01706600189209,-8.39607048034668,-5.657810688018799,0.2348275631666183,0.2371000051498413,0.1426499933004379,0.0810500010848045,0.1422500014305114,0.2231999933719635,0.2493000030517578,0.261350005865097,0.2845500111579895,0.2938118875026703,0.0486508160829544,0.2950941622257232,0.5265771150588989,0.1567499935626983,0.0363500006496906,0.2683500051498413,0.7614046335220337,7.547324084555237,14.999999999999998,5.363479189874079,14.0
21.109137_85.564208,21.1091,85.5642,4.588,48.5725,DHENKANAL,KANKADAHAD,BALI SAHI,Kerijoli,16,17.0837,14.8,6.1219,25.0,7.9776,1800.2811,28.0,2,Sala Shorea robusta,0.5625,32,32.0,1.1547005383792517,8,7.888888835906982,0.1029997476432184,0.6553968460664022,11,4.111111164093018,11,,,5.974600791931152,-19.05406379699707,-16.03548812866211,-13.079462051391602,5.283252716064453,7.392568111419678,-11.64198112487793,-8.642919540405273,-6.358728408813477,0.2217998802661895,0.2468000054359436,0.1533499956130981,0.0765499994158744,0.1389999985694885,0.2096499949693679,0.2440000027418136,0.2506000101566314,0.27114999294281,0.2407476156949997,0.0076397266238927,0.2864476442337036,0.5320189595222473,0.1625999957323074,0.0346500016748905,0.2468499988317489,0.7538188099861145,4.403175957078245,13.0,2.3061311966647122,10.0
21.109653_85.563835,21.1097,85.5638,6.561,63.182,DHENKANAL,KANKADAHAD,BALI SAHI,Kerijoli,18,12.5635,14.8,6.1806,17.0,9.7615,2496.1861,23.0,4,Sala Shorea robusta,0.5556,30,29.66666603088379,0.4714045207910317,8,7.44444465637207,0.1384334969420119,0.5550985798130763,1,1.0,9,,,5.857621669769287,-18.34185791015625,-15.478926658630373,-12.48423671722412,5.260479927062988,7.208287715911865,-11.164026260375977,-8.270638465881348,-5.90354585647583,0.2634961009025574,0.2768499851226806,0.1808499991893768,0.0900000035762786,0.1551499962806701,0.2146999984979629,0.245399996638298,0.2317499965429306,0.2824999988079071,0.1233640313148498,-0.0886747911572456,0.197983980178833,0.440559446811676,0.1899999976158142,0.0405000001192092,0.2331999987363815,0.7040555477142334,1.069426674459134,6.0,3.358040952243227,11.999999999999996
21.110522_85.56385,21.1105,85.5638,6.238,55.5717,DHENKANAL,KANKADAHAD,BALI SAHI,Kerijoli,22,14.2493,15.0,5.1586,23.0,8.551,2706.3502,23.0,4,Sala Shorea robusta,0.6818,25,25.22222137451172,0.4157397096415625,8,8.222222328186035,0.1406807486342632,0.621724430444147,4,4.222222328186035,10,,,6.122059345245361,-16.902448654174805,-13.906061172485352,-10.780389785766602,6.0562825202941895,7.164792537689209,-9.786272048950195,-6.741268634796143,-3.729989767074585,0.2539542913436889,0.2538000047206878,0.1648000031709671,0.0763999968767166,0.1420000046491623,0.2116000056266784,0.2338999956846237,0.229200005531311,0.2644999921321869,0.1634517759084701,-0.0509316772222518,0.2349137961864471,0.5,0.183799996972084,0.0350000001490116,0.2495000064373016,0.753954291343689,5.311168560386676,12.0,5.09636530874942,12.999999999999998
21.154502_85.365229,21.1545,85.3652,8.65,83.6,DHENKANAL,KANKADAHAD,RAIJHARANA,Pangatira,24,12.0675,12.4,7.275,13.0,9.7615,6195.2653,83.0,6,Sala Shorea robusta,0.4167,12,12.777777671813965,0.4157397096415625,5,5.55555534362793,0.1734401887762837,0.7045016567956618,0,0.0,0,,,0.4246716499328613,-15.103249549865724,-14.725319862365724,-14.678577423095703,5.299839019775391,5.784850120544434,-12.63564682006836,-8.940469741821289,-7.335807800292969,0.2740500867366791,0.2321500033140182,0.1425500065088272,0.0658999979496002,0.1261000037193298,0.1951500028371811,0.2206500023603439,0.2353000044822693,0.246749997138977,0.2454677820205688,0.0067386887967586,0.3021582663059234,0.5624169707298279,0.1823499947786331,0.033050000667572,0.3711499869823456,0.8364670872688293,0.0,0.0,0.0,0.0
21.155752_85.365857,21.1558,85.3659,4.706,83.1999,DHENKANAL,KANKADAHAD,RAIJHARANA,Pangatira,27,8.4458,14.0,7.5741,17.0,13.3454,7837.5454,68.0,9,Sala Shorea robusta,0.2222,13,12.777777671813965,0.4157397096415625,6,5.44444465637207,0.152191594298988,0.6716785094455788,0,0.0,6,,,0.4140599966049194,-12.910890579223633,-12.666924476623535,-12.496829986572266,1.5197876691818235,3.836210012435913,-9.636996269226074,-8.83071517944336,-8.117208480834961,0.3070664703845978,0.2259999960660934,0.1374000012874603,0.0733999982476234,0.1254000067710876,0.1978999972343444,0.2239000052213668,0.2391999959945678,0.2500999867916107,0.2703133225440979,0.0283748917281627,0.3121228814125061,0.5303902626037598,0.1757500022649765,0.031700000166893,0.35835000872612,0.8374567627906799,0.0,0.0,0.03321194692340152,0.0
21.156085_85.364999,21.1561,85.365,3.55,95.7,DHENKANAL,KANKADAHAD,RAIJHARANA,Pangatira,26,16.1918,17.4,10.33,20.0,7.9455,2320.3995,8.0,6,Sala Shorea robusta,0.6538,11,11.222222328186035,0.4157397096415625,5,5.111111164093018,0.1336346061880499,0.6116307063259736,0,0.0,6,,,6.22326135635376,-17.503477096557617,-12.489481925964355,-11.2802152633667,4.301177501678467,2.584802627563477,-11.24256420135498,-9.90467929840088,-6.941386699676514,0.3029341995716095,0.2495999932289123,0.1546500027179718,0.0843499973416328,0.1350499987602234,0.1977500021457672,0.2195000052452087,0.2363999933004379,0.2463999986648559,0.2090525478124618,-0.0271604936569929,0.2728496491909027,0.4740452170372009,0.1808999925851822,0.0403500013053417,0.3215000033378601,0.776979386806488,0.0,0.0,0.0,0.0
21.156_85.367028,21.156,85.367,4.95,78.0,DHENKANAL,KANKADAHAD,RAIJHARANA,Pangatira,21,9.7741,11.4,6.9667,13.0,15.3243,7511.8746,88.0,6,Sala Shorea robusta,0.3333,13,13.0,0.0,5,5.0,0.1823151620807113,0.6439867202999747,0,0.0,5,,,4.22272539138794,-16.579437255859375,-14.830414772033691,-12.35671329498291,0.3201777338981628,5.854918956756592,-9.0349702835083,-8.975496292114258,-8.71479320526123,0.3310058712959289,0.2460999935865402,0.1572999954223632,0.0785000026226043,0.1272999942302703,0.1821999996900558,0.2023999989032745,0.2132000029087066,0.2291000038385391,0.1508771926164627,-0.0716307461261749,0.252276062965393,0.4617758095264435,0.1866499930620193,0.0377499982714653,0.3265999853610992,0.79278165102005,0.0,0.0,0.0,0.0
21.157913_85.365213,21.1579,85.3652,4.1,81.9,DHENKANAL,KANKADAHAD,RAIJHARANA,Pangatira,20,9.2464,10.2,7.1225,11.0,10.3371,2851.3603,68.0,6,Asana Terminalia alata,0.3,11,10.666666984558104,1.0540925533894598,5,6.0,0.131612838031867,0.7188252467261752,0,0.0,9,,,2.0795955657958984,-16.025543212890625,-14.905375480651855,-13.94594669342041,7.681203842163086,4.620025157928467,-11.604979515075684,-10.285350799560549,-3.9237759113311768,0.2233444899320602,0.217849999666214,0.1288000047206878,0.0604999996721744,0.1216999962925911,0.2026499956846237,0.2308000028133392,0.2436999976634979,0.2560499906539917,0.3084563612937927,0.0560069344937801,0.3338806927204132,0.6022353768348694,0.1690499931573867,0.0329000018537044,0.3443500101566314,0.8255798816680908,0.0,0.0,0.0,0.0
21.158187_85.36696,21.1582,85.367,3.9,73.8,DHENKANAL,KANKADAHAD,RAIJHARANA,Pangatira,19,10.0648,10.8,6.6816,11.0,20.6231,14345.1523,78.0,6,Sala Shorea robusta,0.3684,9,10.666666984558104,1.4907119849998598,6,6.0,0.1257906927160484,0.528737971770254,0,0.0,6,,,2.5493862628936768,-15.596275329589844,-14.176677703857422,-13.04688835144043,2.780109405517578,6.197812080383301,-10.494586944580078,-7.978866100311279,-7.714478015899658,0.248406633734703,0.2362000048160553,0.1479000002145767,0.069700002670288,0.1262000054121017,0.185599997639656,0.2079000025987625,0.2222000062465667,0.2358999997377395,0.200756549835205,-0.0305410120636224,0.2755453586578369,0.522439181804657,0.1824000030755996,0.0381999984383583,0.295199990272522,0.7708458304405212,0.0,0.0,0.0,0.0
21.158748_85.364022,21.1587,85.364,3.9,80.8,DHENKANAL,KANKADAHAD,RAIJHARANA,Pangatira,24,14.0243,11.8,5.9854,18.0,9.4034,6109.5206,58.0,6,Sala Shorea robusta,0.375,15,14.666666984558104,0.4714045207910317,6,5.777777671813965,0.1375115776791563,0.7100416513873192,0,0.0,7,,,3.579249620437622,-18.68524742126465,-16.601530075073242,-15.105997085571287,4.100253105163574,9.55398178100586,-10.28156280517578,-7.047548770904541,-6.181309700012207,0.2413142323493957,0.2296999990940094,0.1376499980688095,0.0635000020265579,0.1247500032186508,0.1962999999523162,0.2247000038623809,0.2304500043392181,0.249099999666214,0.2521054148674011,0.0016299033304676,0.2975788414478302,0.5679537057876587,0.1844999939203262,0.0355000011622905,0.3367500007152557,0.8092679381370544,0.0,0.0,0.0012243361558189182,0.0
21.15983_85.365755,21.1598,85.3658,3.0,75.1,DHENKANAL,KANKADAHAD,RAIJHARANA,Pangatira,10,12.6559,12.2,8.615,15.0,22.1862,6624.9041,88.0,4,Sala Shorea robusta,0.4,14,12.333333015441896,1.3333333333333333,6,6.333333492279053,0.1710024452311621,0.6254471923334592,0,0.0,5,,,0.9605664610862732,-15.172945976257324,-15.138086318969728,-14.212379455566406,2.638188600540161,6.655958652496338,-10.723307609558104,-8.482128143310547,-8.085119247436523,0.3167036175727844,0.2572999894618988,0.1682000011205673,0.0828000009059906,0.1368999928236007,0.1897000074386596,0.213699996471405,0.2259999960660934,0.2416000068187713,0.1466260850429535,-0.0647630840539932,0.2455221861600875,0.4637305736541748,0.195700004696846,0.0399499982595443,0.3239499926567077,0.7804341912269592,0.0,0.0,0.0,0.0
21.160104_85.363229,21.1601,85.3632,4.86,81.1,DHENKANAL,KANKADAHAD,RAIJHARANA,Pangatira,23,15.978,11.0,5.5848,17.0,7.2727,4239.5097,68.0,7,Sala Shorea robusta,0.3043,16,16.0,0.0,6,6.0,0.1416549242889153,0.7333651947373764,0,0.0,8,,,1.4051111936569214,-14.737595558166504,-13.876792907714844,-13.332484245300291,2.0355985164642334,4.804254055023193,-10.47610855102539,-9.072538375854492,-8.440509796142578,0.2508015632629394,0.2206500023603439,0.1337999999523162,0.062950000166893,0.1211500018835067,0.1949999928474426,0.2240500003099441,0.2434999942779541,0.2495000064373016,0.2907500565052032,0.0492297746241092,0.3355272114276886,0.5891662836074829,0.178299993276596,0.0298500005155801,0.3431999981403351,0.8399678468704224,0.0,0.0,0.0,0.0
21.161816_85.365742,21.1618,85.3657,4.445,66.3,DHENKANAL,KANKADAHAD,RAIJHARANA,Pangatira,6,13.6647,10.8,9.3333,20.0,15.6502,2552.9249,68.0,3,Sala Shorea robusta,0.5,13,13.333333015441896,0.4714045207910317,5,5.222222328186035,0.1591707540783056,0.6792585802261508,0,0.0,5,,,1.2272385358810425,-15.53530979156494,-14.859183311462402,-14.30807113647461,3.1869888305664062,6.2910685539245605,-10.260625839233398,-8.568114280700684,-7.073637008666992,0.2949893474578857,0.2183499932289123,0.1351500004529953,0.0723500028252601,0.123549997806549,0.186599999666214,0.2111999988555908,0.2239000052213668,0.2369499951601028,0.2471800595521927,0.0125494627282023,0.2888185381889343,0.5115611553192139,0.1745000034570694,0.0346999987959861,0.3240500092506408,0.8065505027770996,0.0,0.0,0.039998176750970234,0.0
21.574184_85.390018,21.5742,85.39,4.269,618.8977,KENDUJHAR,BANSPAL,BHANRADI SAHI,,23,0.1607,0.19,0.157,0.19,0.739,10.6077,2.5,8,Kurei Holarrhena antidysenterica,0.3913,13,13.222222328186035,0.4157397096415625,7,7.0,0.2626765659503459,0.5110224521666111,0,0.0,0,,,1.682097554206848,-19.771738052368164,-18.930688858032227,-18.08963966369629,1.71697735786438,6.066689014434815,-13.722488403320312,-12.863999366760254,-12.005511283874512,0.4462359547615051,0.3009000122547149,0.2150000035762787,0.0916000008583068,0.1312000006437301,0.1623000055551529,0.1797000020742416,0.1922000050544738,0.2073000073432922,-0.0559921413660049,-0.2204421013593673,0.1886209100484848,0.3544749915599823,0.2184499949216842,0.0434500016272068,0.3925999999046325,0.800710916519165,0.0,0.0,0.0,0.0
21.574526_85.389458,21.5745,85.3895,4.755,619.8278,KENDUJHAR,BANSPAL,BHANRADI SAHI,,15,2.4403,2.68,1.4467,3.0,1.5067,81.5669,63.0,4,Harida Termanalia Chebula,0.6,14,13.88888931274414,0.8748897637790918,7,6.888888835906982,0.271242511407109,0.4973162820509336,0,0.0,5,,,0.7580225467681885,-17.946178436279297,-17.567167282104492,-17.188156127929688,1.8951547145843504,6.678428649902344,-11.836316108703612,-10.888738632202148,-9.941161155700684,0.4545271098613739,0.2840000092983246,0.2019000053405761,0.0899000018835067,0.1234999969601631,0.1617999970912933,0.1807000041007995,0.1873999983072281,0.2097000032663345,-0.0372463390231132,-0.2049215137958526,0.2055323272943496,0.3516047596931457,0.2128500044345855,0.0420500002801418,0.3917500078678131,0.8061318397521973,0.0,0.0,0.14009225806284034,0.0
21.574774_85.38847,21.5748,85.3885,3.9,614.9226,KENDUJHAR,BANSPAL,BHANRADI SAHI,,12,2.73,3.14,1.8533,4.3,1.9152,52.3333,2.5,10,Khakada_Casearia_elliptica,0.1667,12,11.88888931274414,0.7370277311900908,7,7.111111164093018,0.2496481024837249,0.4763388458479513,0,0.0,0,,,3.0761752128601074,-20.9451904296875,-19.407102584838867,-17.869014739990234,0.7670691013336182,7.795628547668457,-11.99500846862793,-11.61147403717041,-11.22793960571289,0.4409758746623993,0.2802000045776367,0.2092999964952469,0.0864000022411346,0.1234000027179718,0.1600999981164932,0.1768999993801117,0.1814000010490417,0.2017000019550323,-0.0714102908968925,-0.2140381336212158,0.190288707613945,0.3547423481941223,0.2167499959468841,0.0427000001072883,0.3753499984741211,0.7957181930541992,0.0,0.0,0.00038440310379533145,0.0
21.574844_85.390232,21.5748,85.3902,4.804,611.1603,KENDUJHAR,BANSPAL,JAKARBANDHA SAHI,,12,7.952,3.24,1.6417,8.0,4.5359,1572.5304,63.0,8,Sala Shorea robusta,0.25,15,15.0,0.0,6,6.111111164093018,0.2399300025834805,0.6387763244035444,1,1.1111111640930176,6,,,3.711832046508789,-17.020687103271484,-15.16477108001709,-13.308855056762695,1.5045233964920044,3.3156418800354004,-12.601390838623049,-11.849128723144531,-11.096867561340332,0.3693656623363495,0.2718999981880188,0.18019999563694,0.0811000019311904,0.1318999975919723,0.1838999986648559,0.1967999935150146,0.2160000056028366,0.2329999953508377,0.0903584063053131,-0.1145726591348648,0.2417361289262771,0.4540558755397796,0.193800002336502,0.0337000004947185,0.3479999899864197,0.8234215378761292,1.01697299226401,9.0,0.3864589691310728,3.0
21.575176_85.390956,21.5752,85.391,4.132,581.4773,KENDUJHAR,BANSPAL,BHANRADI SAHI,,30,4.0219,4.96,2.1647,6.2,3.9683,727.6564,8.0,13,Other,0.1667,16,15.777777671813965,0.4157397096415625,7,7.333333492279053,0.1621546850670601,0.6907920656059326,0,1.0,9,,,0.8311749696731567,-16.38880157470703,-15.973215103149414,-15.55762767791748,0.9270209074020386,7.171438217163086,-9.265287399291992,-8.801776885986328,-8.338266372680664,0.2775721251964569,0.2728999853134155,0.1803999990224838,0.0653999969363212,0.1218999996781349,0.1856999993324279,0.2113000005483627,0.2414000034332275,0.2442000061273574,0.1446183025836944,-0.0612482987344265,0.3289292454719543,0.5736636519432068,0.2087000012397766,0.0313000008463859,0.3894999921321869,0.8512357473373413,0.11202548586363806,1.0,0.5832454586538811,3.000000000000001
21.57564_85.38927,21.5756,85.3893,4.664,585.4368,KENDUJHAR,BANSPAL,BHANRADI SAHI,,20,7.0206,8.0,3.55,9.0,5.3158,3877.8102,73.0,2,Harida Termanalia Chebula,0.65,14,14.333333015441896,0.4714045207910317,8,8.0,0.2301177649869331,0.6223903982670775,0,0.0,7,,,0.3476675450801849,-16.866384506225586,-16.692550659179688,-16.51871681213379,3.914605140686035,5.951474666595459,-12.698378562927246,-10.74107551574707,-8.783773422241211,0.3983968794345855,0.2730000019073486,0.1852999925613403,0.0769999995827674,0.1181000024080276,0.1565999984741211,0.1775999963283538,0.1777999997138977,0.2087000012397766,-0.0206554662436246,-0.2111801207065582,0.2017573565244674,0.3956044018268585,0.2152999937534332,0.0403500013053417,0.3513999879360199,0.7940012812614441,0.005353375250611442,0.0,0.14736292590947697,1.0
21.575764_85.387851,21.5758,85.3879,4.694,606.0366,KENDUJHAR,BANSPAL,BHANRADI SAHI,,13,18.0982,17.72,8.1115,28.0,5.1444,500.7659,38.0,5,Sala Shorea robusta,0.4615,7,6.55555534362793,0.4969039949999539,8,7.777777671813965,0.1765531739899994,0.7434916106046988,5,6.55555534362793,3,,,3.086452007293701,-17.81138801574707,-16.26816177368164,-14.724935531616213,0.1980682462453842,4.561792850494385,-11.805402755737305,-11.706368446350098,-11.60733413696289,0.3254225850105285,0.2551000118255615,0.1755000054836273,0.0744000002741813,0.1335999965667724,0.2022999972105026,0.2284000068902969,0.2102999985218048,0.2592000067234039,0.0902021750807762,-0.0962612777948379,0.2230299562215805,0.4773445725440979,0.2009000033140182,0.033500000834465,0.3061999976634979,0.8027671575546265,5.0425273963975314,8.0,4.850923828916341,9.000000000000002
21.614841_85.407242,21.6148,85.4072,3.863,480.3118,KENDUJHAR,BANSPAL,BHANRADI SAHI,,18,9.5008,5.06,2.3722,10.5,4.7746,2042.7537,83.0,6,Poka sungha Pogostemon benghalense,0.3889,11,12.222222328186035,1.2272623352430334,9,7.888888835906982,0.1128424066871818,0.3341888750914435,0,0.4444444477558136,0,,,5.511203765869141,-17.306053161621094,-14.550451278686523,-11.794849395751951,2.17289137840271,7.301029682159424,-8.335867881774902,-7.2494215965271,-6.162976264953613,0.2308327555656433,0.2823500037193298,0.2248750030994415,0.1108999997377395,0.1484333276748657,0.1769250035285949,0.1946666687726974,0.1852999925613403,0.2134000062942505,-0.0964832082390785,-0.2075269967317581,0.1104674413800239,0.2511816322803497,0.2330999970436096,0.0755999982357025,0.2162999957799911,0.482014387845993,0.4425689324973108,4.0,0.6935378751093811,5.0
21.6178_85.381345,21.6178,85.3813,4.836,511.9006,KENDUJHAR,BANSPAL,TUNKULSAHI,,17,0.7566,1.024,0.5294,1.2,0.749,8.4352,18.0,5,Kendu Diospyros melanoxylon,0.4118,15,15.222222328186035,0.4157397096415625,8,7.666666507720947,0.1842717168356701,0.4118270444054179,0,0.1111111119389534,6,,,2.075382947921753,-19.184770584106445,-18.14707946777344,-17.10938835144043,4.237504959106445,6.32531213760376,-13.94052028656006,-11.821767807006836,-9.703015327453612,0.3834072351455688,0.3041666746139526,0.2182833403348922,0.1114666685461998,0.1401000022888183,0.1731600016355514,0.190200001001358,0.2075666636228561,0.2157333344221115,-0.0251653548330068,-0.1887701898813247,0.1940556019544601,0.3012224435806274,0.210999995470047,0.0593999996781349,0.3172999918460846,0.6846296787261963,0.28858958281957525,1.0,0.2294255111976631,0.0
21.618997_85.379154,21.619,85.3792,3.79,547.7037,KENDUJHAR,BANSPAL,TUNKULSAHI,,21,14.9753,4.072,1.2348,15.0,4.4715,4982.1068,63.0,10,Putuli Stereospermum colais,0.3333,18,17.88888931274414,0.3142696805273187,6,6.0,0.1357003103937477,0.6975046780771138,0,2.1111111640930176,7,,,3.045748233795166,-18.738601684570312,-17.215726852416992,-15.692852973937988,1.7241942882537842,6.176863193511963,-11.900961875915527,-11.038864135742188,-10.176767349243164,0.2532280385494232,0.2474250048398971,0.1604333370923996,0.0533999986946582,0.1031000018119812,0.1452333331108093,0.1650499999523162,0.189300000667572,0.1932000070810318,0.0825390741229057,-0.1330929100513458,0.294801652431488,0.5599505305290222,0.1701499968767166,0.024949999526143,0.242149993777275,0.8131785988807678,1.9375236096537247,8.0,0.9202324551779835,7.0
21.621938_85.383944,21.6219,85.3839,4.448,470.2953,KENDUJHAR,BANSPAL,TUNKULSAHI,,8,0.8265,0.596,0.5,0.89,1.2732,21.3666,2.5,5,Pijuli Psidium guajava,0.375,13,13.55555534362793,0.4969039949999476,7,7.55555534362793,0.1933478879634872,0.584272833053178,0,0.0,0,,,0.0338743329048156,-17.680471420288086,-17.66353416442871,-17.646596908569336,7.14716100692749,8.661015510559082,-12.576099395751951,-9.002518653869629,-5.428938388824463,0.3549930155277252,0.2824000120162964,0.1973250061273574,0.077633336186409,0.1158000007271766,0.1604000031948089,0.1814000010490417,0.194700002670288,0.2039999961853027,-0.0066960016265511,-0.183818906545639,0.2541062831878662,0.4298653602600097,0.1991000026464462,0.0395000018179416,0.3276999890804291,0.7848584055900574,0.0,0.0,0.0,0.0
21.62195_85.383933,21.622,85.3839,4.801,478.301,KENDUJHAR,BANSPAL,TUNKULSAHI,,19,12.5285,11.5,3.54,35.0,4.0191,1682.4627,23.0,7,Other,0.3158,14,14.11111068725586,0.7370277311900908,8,7.777777671813965,0.206893651633779,0.5628609400363164,0,0.0,3,,,0.2250535637140274,-17.929828643798828,-17.817302703857422,-17.704774856567383,7.81545877456665,7.248326778411865,-14.476704597473145,-10.568975448608398,-6.661245822906494,0.3405016958713531,0.2808000147342682,0.190733328461647,0.0705249980092048,0.1112499982118606,0.1517000049352646,0.1691000014543533,0.1827999949455261,0.1969999969005584,-0.0212386213243007,-0.2113891243934631,0.2433259636163711,0.4432053565979004,0.2010000050067901,0.0381000004708766,0.3142000138759613,0.7837070822715759,0.0,0.0,0.022289094843869872,0.0
