section,measure,slope_per100m,spearman_rho,n_pairs,null,partition,variable,r2_all,k_all,n_all,r2_restricted,k_restricted,n_restricted,null_median,null_p5,null_p95,excess,percentile,n_null,adj_r2,adj_pct,n_null_adj,r2_within_part,within_part_pct,n_null_within_part,loso_pct_angul:KANSAB,loso_n_null_angul:KANSAB,loso_pct_angul:GHANAJODI,loso_n_null_angul:GHANAJODI,loso_pct_angul:JOGI BANDHA,loso_n_null_angul:JOGI BANDHA,loso_pct_angul:ANANDA PUR,loso_n_null_angul:ANANDA PUR,loso_pct_dhenkanal:TULASIPASI,loso_n_null_dhenkanal:TULASIPASI,loso_pct_dhenkanal:KANKANA,loso_n_null_dhenkanal:KANKANA,loso_pct_dhenkanal:Balikurma,loso_n_null_dhenkanal:Balikurma,loso_pct_dhenkanal:Kampulei,loso_n_null_dhenkanal:Kampulei,loso_pct_dhenkanal:Adhapalli,loso_n_null_dhenkanal:Adhapalli,loso_pct_dhenkanal:Mahabirod,loso_n_null_dhenkanal:Mahabirod,loso_pct_dhenkanal:Kerijoli,loso_n_null_dhenkanal:Kerijoli,loso_pct_dhenkanal:Pangatira,loso_n_null_dhenkanal:Pangatira,loso_pct_kendujhar:BHANRADI SAHI,loso_n_null_kendujhar:BHANRADI SAHI,loso_pct_koraput:HANDAPUR,loso_n_null_koraput:HANDAPUR,loso_pct_koraput:HATIMUNDA,loso_n_null_koraput:HATIMUNDA,loso_pct_koraput:BARIGUDA,loso_n_null_koraput:BARIGUDA,loso_pct_koraput:KONDASRIMUNDA,loso_n_null_koraput:KONDASRIMUNDA,loso_pct_koraput:KHASUGUDA,loso_n_null_koraput:KHASUGUDA,loso_pct_koraput:SAKIAGUDA,loso_n_null_koraput:SAKIAGUDA,loso_pct_koraput:BARAKANTI,loso_n_null_koraput:BARAKANTI,subset,band,n_same,n_diff,diff,naive_perm_p_invalid,uninformative,beta_same,beta_dgeo_per100m,within_site_p_0_100,within_site_p_100_200,within_site_p_200_400,within_site_p_400_800,within_site_p_beta,within_site_degenerate,variant,district,field_type,statistic,observed,n,note,part,accepted,n_rotations_requested,cap,draws_inside_part,n_plots,n_plots_forced,sampler,geometric_acceptance,not_estimable,ari_unit_part,site_r2_loreys_h_m,site_r2_loreys_h_tree_m,site_r2_crown_cover_pct,site_r2_sal_ba_frac,site_r2_n_species,site_r2_dbh_mean_cm,site_r2_h_top5_m,arms,excess_diff,inside_own_null_v120,inside_own_null_current,inside_own_null_alphaearth
6.2-dgeo,Bray-Curtis,0.01988591420302154,0.1743412232109642,1886.0,,,,,,,,,,,,,,,,,,,,,,,,,,,,,,,,,,,,,,,,,,,,,,,,,,,,,,,,,,,,,,,,,,,,,,,,,,,,,,,,,,,,,,,,,,,,,,,,,,,,,,,,,,
6.2-dgeo,|dLorey| m,0.2042563184245806,0.1194651051092988,1886.0,,,,,,,,,,,,,,,,,,,,,,,,,,,,,,,,,,,,,,,,,,,,,,,,,,,,,,,,,,,,,,,,,,,,,,,,,,,,,,,,,,,,,,,,,,,,,,,,,,,,,,,,,,
6.1,,,,,rotation,v120 / stands_merged,loreys_h_m,0.8801186139843287,144.0,267.0,0.7377227117772455,61.0,184.0,0.7193151064301395,0.6400275173876557,0.7948505113637259,0.01840760534710595,64.18209104552277,1999.0,,,,,,,,,,,,,,,,,,,,,,,,,,,,,,,,,,,,,,,,,,,,,,,,,,,,,,,,,,,,,,,,,,,,,,,,,,,,,,,,,,,,,,,,,,,
6.1,,,,,rotation,v120 / stands_merged,loreys_h_tree_m,0.8975495687754559,142.0,254.0,0.7598759213920343,59.0,171.0,0.7304563740142787,0.6550568248495701,0.8085294350859761,0.02941954737775565,73.4367183591796,1999.0,,,,,,,,,,,,,,,,,,,,,,,,,,,,,,,,,,,,,,,,,,,,,,,,,,,,,,,,,,,,,,,,,,,,,,,,,,,,,,,,,,,,,,,,,,,
6.1,,,,,rotation,v120 / stands_merged,crown_cover_pct,0.8121106236352611,144.0,267.0,0.7402600114170337,61.0,184.0,0.7429991384193135,0.6862639397076509,0.7957022708301827,-0.002739127002279851,46.87343671835918,1999.0,,,,,,,,,,,,,,,,,,,,,,,,,,,,,,,,,,,,,,,,,,,,,,,,,,,,,,,,,,,,,,,,,,,,,,,,,,,,,,,,,,,,,,,,,,,
6.1,,,,,rotation,v120 / stands_merged,sal_ba_frac,0.8717010609232275,144.0,267.0,0.8303557397050993,61.0,184.0,0.8170419618816801,0.7641826996739801,0.8710277844722292,0.013313777823419248,65.5327663831916,1999.0,,,,,,,,,,,,,,,,,,,,,,,,,,,,,,,,,,,,,,,,,,,,,,,,,,,,,,,,,,,,,,,,,,,,,,,,,,,,,,,,,,,,,,,,,,,
6.1,,,,,rotation,v120 / stands_merged,n_species,0.7812265815355005,144.0,267.0,0.6825960397485957,61.0,184.0,0.6846866530340653,0.6241475826084133,0.7428543825672289,-0.002090613285469556,47.57378689344672,1999.0,,,,,,,,,,,,,,,,,,,,,,,,,,,,,,,,,,,,,,,,,,,,,,,,,,,,,,,,,,,,,,,,,,,,,,,,,,,,,,,,,,,,,,,,,,,
6.1,,,,,rotation,v120 / stands_merged,dbh_mean_cm,0.7220386799113494,142.0,254.0,0.6413943101181365,59.0,171.0,0.6246373458468631,0.5648594587342073,0.6948075408521434,0.016756964271273378,67.53376688344171,1999.0,,,,,,,,,,,,,,,,,,,,,,,,,,,,,,,,,,,,,,,,,,,,,,,,,,,,,,,,,,,,,,,,,,,,,,,,,,,,,,,,,,,,,,,,,,,
6.1,,,,,rotation,v120 / stands_merged,h_top5_m,0.7883003307086512,144.0,267.0,0.6222041524949825,61.0,184.0,0.6940717187227841,0.6306228143933404,0.7620716756511983,-0.07186756622780155,3.1515757878939468,1999.0,,,,,,,,,,,,,,,,,,,,,,,,,,,,,,,,,,,,,,,,,,,,,,,,,,,,,,,,,,,,,,,,,,,,,,,,,,,,,,,,,,,,,,,,,,,
6.1-sens,,,,,,v120 / stands_merged,loreys_h_m,,,,,,,,,,,,,0.6097825711807798,71.03551775887944,1999.0,0.3518329406460434,44.422211105552776,1999.0,33.26663331665833,1999.0,53.726863431715856,1999.0,72.58629314657328,1999.0,72.38619309654827,1999.0,56.07803901950975,1999.0,64.63231615807904,1999.0,61.28064032016008,1999.0,65.93296648324161,1999.0,63.68184092046023,1999.0,79.33966983491746,1999.0,72.43621810905452,1999.0,61.28064032016008,1999.0,54.67733866933467,1999.0,63.881940970485246,1999.0,70.63531765882941,1999.0,64.032016008004,1999.0,64.13206603301651,1999.0,65.03251625812906,1999.0,66.53326663331666,1999.0,66.23311655827914,1999.0,,,,,,,,,,,,,,,,,,,,,,,,,,,,,,,,,,,,,,,,,,,,,
6.1-sens,,,,,,v120 / stands_merged,loreys_h_tree_m,,,,,,,,,,,,,0.6355259521129093,77.5887943971986,1999.0,0.36851094065665135,52.37618809404702,1999.0,38.56928464232116,1999.0,64.63231615807904,1999.0,72.98649324662331,1999.0,75.23761880940471,1999.0,66.78339169584793,1999.0,72.7863931965983,1999.0,71.58579289644823,1999.0,75.33766883441722,1999.0,72.53626813406703,1999.0,83.0415207603802,1999.0,82.89144572286143,1999.0,70.78539269634817,1999.0,69.33466733366683,1999.0,71.43571785892946,1999.0,83.24162081040521,1999.0,72.8864432216108,1999.0,73.4367183591796,1999.0,74.03701850925462,1999.0,75.48774387193596,1999.0,73.98699349674837,1999.0,,,,,,,,,,,,,,,,,,,,,,,,,,,,,,,,,,,,,,,,,,,,,
6.1-sens,,,,,,v120 / stands_merged,crown_cover_pct,,,,,,,,,,,,,0.6135575779619282,57.02851425712856,1999.0,0.3561773941270463,43.471735867933965,1999.0,49.02451225612806,1999.0,46.07303651825913,1999.0,67.48374187093546,1999.0,56.778389194597295,1999.0,47.1735867933967,1999.0,50.87543771885943,1999.0,42.77138569284642,1999.0,48.124062031015505,1999.0,52.676338169084545,1999.0,39.06953476738369,1999.0,47.073536768384194,1999.0,25.862931465732867,1999.0,46.273136568284144,1999.0,46.37318659329665,1999.0,33.216608304152075,1999.0,50.42521260630315,1999.0,50.72536268134067,1999.0,47.97398699349675,1999.0,47.723861930965484,1999.0,47.1735867933967,1999.0,,,,,,,,,,,,,,,,,,,,,,,,,,,,,,,,,,,,,,,,,,,,,
6.1-sens,,,,,,v120 / stands_merged,sal_ba_frac,,,,,,,,,,,,,0.7476024420002698,72.23611805902951,1999.0,0.3011415601095975,63.03151575787894,1999.0,65.38269134567284,1999.0,65.6328164082041,1999.0,66.3831915957979,1999.0,66.93346673336669,1999.0,65.83291645822912,1999.0,79.08954477238619,1999.0,54.87743871935968,1999.0,67.63381690845422,1999.0,63.33166583291646,1999.0,42.87143571785893,1999.0,82.54127063531766,1999.0,68.48424212106053,1999.0,59.02951475737869,1999.0,65.23261630815408,1999.0,65.13256628314157,1999.0,65.48274137068535,1999.0,65.5327663831916,1999.0,65.38269134567284,1999.0,65.13256628314157,1999.0,64.98249124562281,1999.0,,,,,,,,,,,,,,,,,,,,,,,,,,,,,,,,,,,,,,,,,,,,,
6.1-sens,,,,,,v120 / stands_merged,n_species,,,,,,,,,,,,,0.5277648396259595,58.62931465732866,1999.0,0.4372500392163079,56.82841420710355,1999.0,48.42421210605303,1999.0,49.67483741870935,1999.0,53.82691345672836,1999.0,50.3751875937969,1999.0,48.72436218109055,1999.0,47.323661830915455,1999.0,24.562281140570285,1999.0,47.57378689344672,1999.0,40.47023511755878,1999.0,44.122061030515255,1999.0,49.724862431215605,1999.0,47.1735867933967,1999.0,50.22511255627814,1999.0,43.1215607803902,1999.0,68.58429214607304,1999.0,48.22411205602801,1999.0,52.77638819409705,1999.0,43.27163581790895,1999.0,41.070535267633815,1999.0,51.62581290645323,1999.0,,,,,,,,,,,,,,,,,,,,,,,,,,,,,,,,,,,,,,,,,,,,,
6.1-sens,,,,,,v120 / stands_merged,dbh_mean_cm,,,,,,,,,,,,,0.4556877921436001,74.68734367183592,1999.0,0.29670464761215976,33.31665832916458,1999.0,68.03401700850425,1999.0,66.18309154577288,1999.0,70.83541770885442,1999.0,72.63631815907954,1999.0,65.68284142071036,1999.0,67.88394197098549,1999.0,58.82941470735368,1999.0,69.5847923961981,1999.0,71.08554277138569,1999.0,60.03001500750375,1999.0,70.68534267133566,1999.0,64.28214107053527,1999.0,61.330665332666335,1999.0,65.6328164082041,1999.0,64.23211605802902,1999.0,67.983991995998,1999.0,67.53376688344171,1999.0,70.3351675837919,1999.0,66.93346673336669,1999.0,64.93246623311656,1999.0,,,,,,,,,,,,,,,,,,,,,,,,,,,,,,,,,,,,,,,,,,,,,
6.1-sens,,,,,,v120 / stands_merged,h_top5_m,,,,,,,,,,,,,0.43791349517546185,6.003001500750375,1999.0,0.3016077321842414,4.752376188094047,1999.0,1.7508754377188593,1999.0,3.0015007503751874,1999.0,4.252126063031516,1999.0,4.152076038019009,1999.0,2.5012506253126565,1999.0,3.1015507753876936,1999.0,2.351175587793897,1999.0,3.701850925462731,1999.0,3.1015507753876936,1999.0,16.208104052026012,1999.0,6.153076538269135,1999.0,3.0015007503751874,1999.0,1.8009004502251125,1999.0,2.751375687843922,1999.0,13.656828414207103,1999.0,3.0515257628814405,1999.0,3.5017508754377187,1999.0,2.8014007003501753,1999.0,3.551775887943972,1999.0,3.951975987993997,1999.0,,,,,,,,,,,,,,,,,,,,,,,,,,,,,,,,,,,,,,,,,,,,,
6.2,Bray-Curtis,,,,rotation,v120 / stands_merged,,,,,,,,,,,,92.9464732366183,1999.0,,,,,,,,,,,,,,,,,,,,,,,,,,,,,,,,,,,,,,,,,,,,,,,all pairs,0-100,81.0,49.0,0.06928930143864975,0.0569,False,,,,,,,,,,,,,,,,,,,,,,,,,,,,,,,,,,,,,,
6.2,Bray-Curtis,,,,rotation,v120 / stands_merged,,,,,,,,,,,,83.94197098549274,1999.0,,,,,,,,,,,,,,,,,,,,,,,,,,,,,,,,,,,,,,,,,,,,,,,all pairs,100-200,96.0,202.0,0.0545527094162539,0.0477,False,,,,,,,,,,,,,,,,,,,,,,,,,,,,,,,,,,,,,,
6.2,Bray-Curtis,,,,rotation,v120 / stands_merged,,,,,,,,,,,,99.64982491245622,1999.0,,,,,,,,,,,,,,,,,,,,,,,,,,,,,,,,,,,,,,,,,,,,,,,all pairs,200-400,64.0,493.0,0.1624212696827152,0.0001,False,,,,,,,,,,,,,,,,,,,,,,,,,,,,,,,,,,,,,,
6.2,Bray-Curtis,,,,rotation,v120 / stands_merged,,,,,,,,,,,,97.72366331392271,1889.0,,,,,,,,,,,,,,,,,,,,,,,,,,,,,,,,,,,,,,,,,,,,,,,all pairs,400-800,6.0,895.0,0.38997657014858483,0.0002,False,,,,,,,,,,,,,,,,,,,,,,,,,,,,,,,,,,,,,,
6.2,Bray-Curtis,,,1886.0,rotation,v120 / stands_merged,,,,,,,,,,,,99.69984992496248,1999.0,,,,,,,,,,,,,,,,,,,,,,,,,,,,,,,,,,,,,,,,,,,,,,,all pairs,regression,247.0,,,0.0001,,-0.08826421050524513,0.013941336447895228,,,,,,,,,,,,,,,,,,,,,,,,,,,,,,,,,,,,
6.2-sens,Bray-Curtis,,,,,v120 / stands_merged,,,,,,,,,,,,,,,,,,,,,,,,,,,,,,,,,,,,,,,,,,,,,,,,,,,,,,,,,,,,all pairs,,,,,,,,,0.2303,0.745,0.0076,0.0082,0.0384,,,,,,,,,,,,,,,,,,,,,,,,,,,,,,,
6.2,Bray-Curtis,,,,rotation,v120 / stands_merged,,,,,,,,,,,,,615.0,,,,,,,,,,,,,,,,,,,,,,,,,,,,,,,,,,,,,,,,,,,,,,,both > 30 m from boundary,0-100,9.0,0.0,,,True,,,,,,,,,,,,,,,,,,,,,,,,,,,,,,,,,,,,,,
6.2,Bray-Curtis,,,,rotation,v120 / stands_merged,,,,,,,,,,,,91.43002028397567,1972.0,,,,,,,,,,,,,,,,,,,,,,,,,,,,,,,,,,,,,,,,,,,,,,,both > 30 m from boundary,100-200,11.0,14.0,0.23029814959962158,0.0193,False,,,,,,,,,,,,,,,,,,,,,,,,,,,,,,,,,,,,,,
6.2,Bray-Curtis,,,,rotation,v120 / stands_merged,,,,,,,,,,,,70.23668639053254,1690.0,,,,,,,,,,,,,,,,,,,,,,,,,,,,,,,,,,,,,,,,,,,,,,,both > 30 m from boundary,200-400,4.0,27.0,0.11028724862797834,0.1954,False,,,,,,,,,,,,,,,,,,,,,,,,,,,,,,,,,,,,,,
6.2,Bray-Curtis,,,,rotation,v120 / stands_merged,,,,,,,,,,,,,116.0,,,,,,,,,,,,,,,,,,,,,,,,,,,,,,,,,,,,,,,,,,,,,,,both > 30 m from boundary,400-800,0.0,39.0,,,True,,,,,,,,,,,,,,,,,,,,,,,,,,,,,,,,,,,,,,
6.2,Bray-Curtis,,,104.0,rotation,v120 / stands_merged,,,,,,,,,,,,97.84892446223111,1999.0,,,,,,,,,,,,,,,,,,,,,,,,,,,,,,,,,,,,,,,,,,,,,,,both > 30 m from boundary,regression,24.0,,,0.0129,,-0.18734910853450207,-0.0049753488141447205,,,,,,,,,,,,,,,,,,,,,,,,,,,,,,,,,,,,
6.2-sens,Bray-Curtis,,,,,v120 / stands_merged,,,,,,,,,,,,,,,,,,,,,,,,,,,,,,,,,,,,,,,,,,,,,,,,,,,,,,,,,,,,both > 30 m from boundary,,,,,,,,,,0.0886,0.4204,,0.1347,,,,,,,,,,,,,,,,,,,,,,,,,,,,,,,
6.2-sens,Bray-Curtis,,,,,v120 / stands_merged,,,,,,,,,,,,83.69184592296148,1999.0,,,,,,,,,,,,,,,,,,,,,,,,,,,,,,,,,,,,,,,,,,,,,,,all pairs,,247.0,,,,,-0.018095651055314788,,,,,,,,site fixed effects,,,,,,,,,,,,,,,,,,,,,,,,,,,,,
6.2-sens,Bray-Curtis,,,,,v120 / stands_merged,,,,,,,,,,,,95.34767383691846,1999.0,,,,,,,,,,,,,,,,,,,,,,,,,,,,,,,,,,,,,,,,,,,,,,,all pairs,,247.0,,,,,-0.05478692320328663,,,,,,,,stand-weighted (same pair weight 1/pairs in its stand),,,,,,,,,,,,,,,,,,,,,,,,,,,,,
6.2-sens,Bray-Curtis,,,,,v120 / stands_merged,,,,,,,,,,,,99.69984992496248,1999.0,,,,,,,,,,,,,,,,,,,,,,,,,,,,,,,,,,,,,,,,,,,,,,,all pairs,,242.0,,,,,-0.08981090012825393,,,,,,,,drop angul:KANSAB,,,,,,,,,,,,,,,,,,,,,,,,,,,,,
6.2-sens,Bray-Curtis,,,,,v120 / stands_merged,,,,,,,,,,,,99.69984992496248,1999.0,,,,,,,,,,,,,,,,,,,,,,,,,,,,,,,,,,,,,,,,,,,,,,,all pairs,,247.0,,,,,-0.08822071505490318,,,,,,,,drop angul:GHANAJODI,,,,,,,,,,,,,,,,,,,,,,,,,,,,,
6.2-sens,Bray-Curtis,,,,,v120 / stands_merged,,,,,,,,,,,,99.84992496248124,1999.0,,,,,,,,,,,,,,,,,,,,,,,,,,,,,,,,,,,,,,,,,,,,,,,all pairs,,227.0,,,,,-0.09743147149577418,,,,,,,,drop angul:JOGI BANDHA,,,,,,,,,,,,,,,,,,,,,,,,,,,,,
6.2-sens,Bray-Curtis,,,,,v120 / stands_merged,,,,,,,,,,,,99.84992496248124,1999.0,,,,,,,,,,,,,,,,,,,,,,,,,,,,,,,,,,,,,,,,,,,,,,,all pairs,,231.0,,,,,-0.10073831852037243,,,,,,,,drop angul:ANANDA PUR,,,,,,,,,,,,,,,,,,,,,,,,,,,,,
6.2-sens,Bray-Curtis,,,,,v120 / stands_merged,,,,,,,,,,,,99.69984992496248,1999.0,,,,,,,,,,,,,,,,,,,,,,,,,,,,,,,,,,,,,,,,,,,,,,,all pairs,,246.0,,,,,-0.09045980425287332,,,,,,,,drop dhenkanal:TULASIPASI,,,,,,,,,,,,,,,,,,,,,,,,,,,,,
6.2-sens,Bray-Curtis,,,,,v120 / stands_merged,,,,,,,,,,,,99.74987493746873,1999.0,,,,,,,,,,,,,,,,,,,,,,,,,,,,,,,,,,,,,,,,,,,,,,,all pairs,,240.0,,,,,-0.09144246619595359,,,,,,,,drop dhenkanal:KANKANA,,,,,,,,,,,,,,,,,,,,,,,,,,,,,
6.2-sens,Bray-Curtis,,,,,v120 / stands_merged,,,,,,,,,,,,99.49974987493746,1999.0,,,,,,,,,,,,,,,,,,,,,,,,,,,,,,,,,,,,,,,,,,,,,,,all pairs,,242.0,,,,,-0.08609790324366459,,,,,,,,drop dhenkanal:Balikurma,,,,,,,,,,,,,,,,,,,,,,,,,,,,,
6.2-sens,Bray-Curtis,,,,,v120 / stands_merged,,,,,,,,,,,,99.74987493746873,1999.0,,,,,,,,,,,,,,,,,,,,,,,,,,,,,,,,,,,,,,,,,,,,,,,all pairs,,246.0,,,,,-0.08931871946596577,,,,,,,,drop dhenkanal:Kampulei,,,,,,,,,,,,,,,,,,,,,,,,,,,,,
6.2-sens,Bray-Curtis,,,,,v120 / stands_merged,,,,,,,,,,,,99.54977488744372,1999.0,,,,,,,,,,,,,,,,,,,,,,,,,,,,,,,,,,,,,,,,,,,,,,,all pairs,,244.0,,,,,-0.08981196961728771,,,,,,,,drop dhenkanal:Adhapalli,,,,,,,,,,,,,,,,,,,,,,,,,,,,,
6.2-sens,Bray-Curtis,,,,,v120 / stands_merged,,,,,,,,,,,,99.29964982491245,1999.0,,,,,,,,,,,,,,,,,,,,,,,,,,,,,,,,,,,,,,,,,,,,,,,all pairs,,241.0,,,,,-0.08205608514704024,,,,,,,,drop dhenkanal:Mahabirod,,,,,,,,,,,,,,,,,,,,,,,,,,,,,
6.2-sens,Bray-Curtis,,,,,v120 / stands_merged,,,,,,,,,,,,67.78389194597298,1999.0,,,,,,,,,,,,,,,,,,,,,,,,,,,,,,,,,,,,,,,,,,,,,,,all pairs,,211.0,,,,,-0.011335425869134236,,,,,,,,drop dhenkanal:Kerijoli,,,,,,,,,,,,,,,,,,,,,,,,,,,,,
6.2-sens,Bray-Curtis,,,,,v120 / stands_merged,,,,,,,,,,,,99.74987493746873,1999.0,,,,,,,,,,,,,,,,,,,,,,,,,,,,,,,,,,,,,,,,,,,,,,,all pairs,,241.0,,,,,-0.09403319346021433,,,,,,,,drop dhenkanal:Pangatira,,,,,,,,,,,,,,,,,,,,,,,,,,,,,
6.2-sens,Bray-Curtis,,,,,v120 / stands_merged,,,,,,,,,,,,99.54977488744372,1999.0,,,,,,,,,,,,,,,,,,,,,,,,,,,,,,,,,,,,,,,,,,,,,,,all pairs,,243.0,,,,,-0.08696529700024809,,,,,,,,drop kendujhar:BHANRADI SAHI,,,,,,,,,,,,,,,,,,,,,,,,,,,,,
6.2-sens,Bray-Curtis,,,,,v120 / stands_merged,,,,,,,,,,,,99.59979989994997,1999.0,,,,,,,,,,,,,,,,,,,,,,,,,,,,,,,,,,,,,,,,,,,,,,,all pairs,,219.0,,,,,-0.09866915621877335,,,,,,,,drop koraput:HANDAPUR,,,,,,,,,,,,,,,,,,,,,,,,,,,,,
6.2-sens,Bray-Curtis,,,,,v120 / stands_merged,,,,,,,,,,,,99.79989994997499,1999.0,,,,,,,,,,,,,,,,,,,,,,,,,,,,,,,,,,,,,,,,,,,,,,,all pairs,,190.0,,,,,-0.11672802940559024,,,,,,,,drop koraput:HATIMUNDA,,,,,,,,,,,,,,,,,,,,,,,,,,,,,
6.2-sens,Bray-Curtis,,,,,v120 / stands_merged,,,,,,,,,,,,99.69984992496248,1999.0,,,,,,,,,,,,,,,,,,,,,,,,,,,,,,,,,,,,,,,,,,,,,,,all pairs,,240.0,,,,,-0.09482767381875437,,,,,,,,drop koraput:BARIGUDA,,,,,,,,,,,,,,,,,,,,,,,,,,,,,
6.2-sens,Bray-Curtis,,,,,v120 / stands_merged,,,,,,,,,,,,99.69984992496248,1999.0,,,,,,,,,,,,,,,,,,,,,,,,,,,,,,,,,,,,,,,,,,,,,,,all pairs,,241.0,,,,,-0.08832956863945973,,,,,,,,drop koraput:KONDASRIMUNDA,,,,,,,,,,,,,,,,,,,,,,,,,,,,,
6.2-sens,Bray-Curtis,,,,,v120 / stands_merged,,,,,,,,,,,,99.69984992496248,1999.0,,,,,,,,,,,,,,,,,,,,,,,,,,,,,,,,,,,,,,,,,,,,,,,all pairs,,245.0,,,,,-0.08912266828731623,,,,,,,,drop koraput:KHASUGUDA,,,,,,,,,,,,,,,,,,,,,,,,,,,,,
6.2-sens,Bray-Curtis,,,,,v120 / stands_merged,,,,,,,,,,,,99.59979989994997,1999.0,,,,,,,,,,,,,,,,,,,,,,,,,,,,,,,,,,,,,,,,,,,,,,,all pairs,,237.0,,,,,-0.0914342456739663,,,,,,,,drop koraput:SAKIAGUDA,,,,,,,,,,,,,,,,,,,,,,,,,,,,,
6.2-sens,Bray-Curtis,,,,,v120 / stands_merged,,,,,,,,,,,,99.29964982491245,1999.0,,,,,,,,,,,,,,,,,,,,,,,,,,,,,,,,,,,,,,,,,,,,,,,all pairs,,220.0,,,,,-0.08641011223845804,,,,,,,,drop koraput:BARAKANTI,,,,,,,,,,,,,,,,,,,,,,,,,,,,,
6.2,|dLorey| m,,,,rotation,v120 / stands_merged,,,,,,,,,,,,6.453226613306653,1999.0,,,,,,,,,,,,,,,,,,,,,,,,,,,,,,,,,,,,,,,,,,,,,,,all pairs,0-100,81.0,49.0,-0.6778283028254442,0.8371,False,,,,,,,,,,,,,,,,,,,,,,,,,,,,,,,,,,,,,,
6.2,|dLorey| m,,,,rotation,v120 / stands_merged,,,,,,,,,,,,25.862931465732867,1999.0,,,,,,,,,,,,,,,,,,,,,,,,,,,,,,,,,,,,,,,,,,,,,,,all pairs,100-200,96.0,202.0,-0.26875044005381454,0.6864,False,,,,,,,,,,,,,,,,,,,,,,,,,,,,,,,,,,,,,,
6.2,|dLorey| m,,,,rotation,v120 / stands_merged,,,,,,,,,,,,46.17308654327164,1999.0,,,,,,,,,,,,,,,,,,,,,,,,,,,,,,,,,,,,,,,,,,,,,,,all pairs,200-400,64.0,493.0,-0.20605705727780865,0.6493,False,,,,,,,,,,,,,,,,,,,,,,,,,,,,,,,,,,,,,,
6.2,|dLorey| m,,,,rotation,v120 / stands_merged,,,,,,,,,,,,76.01905770248808,1889.0,,,,,,,,,,,,,,,,,,,,,,,,,,,,,,,,,,,,,,,,,,,,,,,all pairs,400-800,6.0,895.0,2.358564890154659,0.0884,False,,,,,,,,,,,,,,,,,,,,,,,,,,,,,,,,,,,,,,
6.2,|dLorey| m,,,1886.0,rotation,v120 / stands_merged,,,,,,,,,,,,22.56128064032016,1999.0,,,,,,,,,,,,,,,,,,,,,,,,,,,,,,,,,,,,,,,,,,,,,,,all pairs,regression,247.0,,,0.7942,,0.3115049619113331,0.2252361182391325,,,,,,,,,,,,,,,,,,,,,,,,,,,,,,,,,,,,
6.2-sens,|dLorey| m,,,,,v120 / stands_merged,,,,,,,,,,,,,,,,,,,,,,,,,,,,,,,,,,,,,,,,,,,,,,,,,,,,,,,,,,,,all pairs,,,,,,,,,0.9159,0.0728,0.0828,0.3279,0.1305,,,,,,,,,,,,,,,,,,,,,,,,,,,,,,,
6.2,|dLorey| m,,,,rotation,v120 / stands_merged,,,,,,,,,,,,,615.0,,,,,,,,,,,,,,,,,,,,,,,,,,,,,,,,,,,,,,,,,,,,,,,both > 30 m from boundary,0-100,9.0,0.0,,,True,,,,,,,,,,,,,,,,,,,,,,,,,,,,,,,,,,,,,,
6.2,|dLorey| m,,,,rotation,v120 / stands_merged,,,,,,,,,,,,36.66328600405679,1972.0,,,,,,,,,,,,,,,,,,,,,,,,,,,,,,,,,,,,,,,,,,,,,,,both > 30 m from boundary,100-200,11.0,14.0,-0.5686818259319479,0.6626,False,,,,,,,,,,,,,,,,,,,,,,,,,,,,,,,,,,,,,,
6.2,|dLorey| m,,,,rotation,v120 / stands_merged,,,,,,,,,,,,28.93491124260355,1690.0,,,,,,,,,,,,,,,,,,,,,,,,,,,,,,,,,,,,,,,,,,,,,,,both > 30 m from boundary,200-400,4.0,27.0,-1.4729602468417538,0.6869,False,,,,,,,,,,,,,,,,,,,,,,,,,,,,,,,,,,,,,,
6.2,|dLorey| m,,,,rotation,v120 / stands_merged,,,,,,,,,,,,,116.0,,,,,,,,,,,,,,,,,,,,,,,,,,,,,,,,,,,,,,,,,,,,,,,both > 30 m from boundary,400-800,0.0,39.0,,,True,,,,,,,,,,,,,,,,,,,,,,,,,,,,,,,,,,,,,,
6.2,|dLorey| m,,,104.0,rotation,v120 / stands_merged,,,,,,,,,,,,17.708854427213605,1999.0,,,,,,,,,,,,,,,,,,,,,,,,,,,,,,,,,,,,,,,,,,,,,,,both > 30 m from boundary,regression,24.0,,,0.7429,,1.3243148237620552,0.6254635935980052,,,,,,,,,,,,,,,,,,,,,,,,,,,,,,,,,,,,
6.2-sens,|dLorey| m,,,,,v120 / stands_merged,,,,,,,,,,,,,,,,,,,,,,,,,,,,,,,,,,,,,,,,,,,,,,,,,,,,,,,,,,,,both > 30 m from boundary,,,,,,,,,,0.0604,0.3012,,0.0474,,,,,,,,,,,,,,,,,,,,,,,,,,,,,,,
6.2-sens,|dLorey| m,,,,,v120 / stands_merged,,,,,,,,,,,,83.79189594797398,1999.0,,,,,,,,,,,,,,,,,,,,,,,,,,,,,,,,,,,,,,,,,,,,,,,all pairs,,247.0,,,,,-0.2531358988679303,,,,,,,,site fixed effects,,,,,,,,,,,,,,,,,,,,,,,,,,,,,
6.2-sens,|dLorey| m,,,,,v120 / stands_merged,,,,,,,,,,,,83.64182091045522,1999.0,,,,,,,,,,,,,,,,,,,,,,,,,,,,,,,,,,,,,,,,,,,,,,,all pairs,,247.0,,,,,-0.1534076421483669,,,,,,,,stand-weighted (same pair weight 1/pairs in its stand),,,,,,,,,,,,,,,,,,,,,,,,,,,,,
6.2-sens,|dLorey| m,,,,,v120 / stands_merged,,,,,,,,,,,,15.807903951975987,1999.0,,,,,,,,,,,,,,,,,,,,,,,,,,,,,,,,,,,,,,,,,,,,,,,all pairs,,242.0,,,,,0.49720777962314244,,,,,,,,drop angul:KANSAB,,,,,,,,,,,,,,,,,,,,,,,,,,,,,
6.2-sens,|dLorey| m,,,,,v120 / stands_merged,,,,,,,,,,,,17.30865432716358,1999.0,,,,,,,,,,,,,,,,,,,,,,,,,,,,,,,,,,,,,,,,,,,,,,,all pairs,,247.0,,,,,0.3872844622363312,,,,,,,,drop angul:GHANAJODI,,,,,,,,,,,,,,,,,,,,,,,,,,,,,
6.2-sens,|dLorey| m,,,,,v120 / stands_merged,,,,,,,,,,,,29.31465732866433,1999.0,,,,,,,,,,,,,,,,,,,,,,,,,,,,,,,,,,,,,,,,,,,,,,,all pairs,,227.0,,,,,0.22585538041075706,,,,,,,,drop angul:JOGI BANDHA,,,,,,,,,,,,,,,,,,,,,,,,,,,,,
6.2-sens,|dLorey| m,,,,,v120 / stands_merged,,,,,,,,,,,,33.76688344172086,1999.0,,,,,,,,,,,,,,,,,,,,,,,,,,,,,,,,,,,,,,,,,,,,,,,all pairs,,231.0,,,,,0.20102792743712955,,,,,,,,drop angul:ANANDA PUR,,,,,,,,,,,,,,,,,,,,,,,,,,,,,
6.2-sens,|dLorey| m,,,,,v120 / stands_merged,,,,,,,,,,,,18.509254627313656,1999.0,,,,,,,,,,,,,,,,,,,,,,,,,,,,,,,,,,,,,,,,,,,,,,,all pairs,,246.0,,,,,0.37237342551938574,,,,,,,,drop dhenkanal:TULASIPASI,,,,,,,,,,,,,,,,,,,,,,,,,,,,,
6.2-sens,|dLorey| m,,,,,v120 / stands_merged,,,,,,,,,,,,22.36118059029515,1999.0,,,,,,,,,,,,,,,,,,,,,,,,,,,,,,,,,,,,,,,,,,,,,,,all pairs,,240.0,,,,,0.30819011020362475,,,,,,,,drop dhenkanal:KANKANA,,,,,,,,,,,,,,,,,,,,,,,,,,,,,
6.2-sens,|dLorey| m,,,,,v120 / stands_merged,,,,,,,,,,,,21.360680340170084,1999.0,,,,,,,,,,,,,,,,,,,,,,,,,,,,,,,,,,,,,,,,,,,,,,,all pairs,,242.0,,,,,0.3245268891933503,,,,,,,,drop dhenkanal:Balikurma,,,,,,,,,,,,,,,,,,,,,,,,,,,,,
6.2-sens,|dLorey| m,,,,,v120 / stands_merged,,,,,,,,,,,,22.411205602801402,1999.0,,,,,,,,,,,,,,,,,,,,,,,,,,,,,,,,,,,,,,,,,,,,,,,all pairs,,246.0,,,,,0.32201135243835693,,,,,,,,drop dhenkanal:Kampulei,,,,,,,,,,,,,,,,,,,,,,,,,,,,,
6.2-sens,|dLorey| m,,,,,v120 / stands_merged,,,,,,,,,,,,26.613306653326664,1999.0,,,,,,,,,,,,,,,,,,,,,,,,,,,,,,,,,,,,,,,,,,,,,,,all pairs,,244.0,,,,,0.24301350217813486,,,,,,,,drop dhenkanal:Adhapalli,,,,,,,,,,,,,,,,,,,,,,,,,,,,,
6.2-sens,|dLorey| m,,,,,v120 / stands_merged,,,,,,,,,,,,9.904952476238119,1999.0,,,,,,,,,,,,,,,,,,,,,,,,,,,,,,,,,,,,,,,,,,,,,,,all pairs,,241.0,,,,,0.5528434974952474,,,,,,,,drop dhenkanal:Mahabirod,,,,,,,,,,,,,,,,,,,,,,,,,,,,,
6.2-sens,|dLorey| m,,,,,v120 / stands_merged,,,,,,,,,,,,64.48224112056027,1999.0,,,,,,,,,,,,,,,,,,,,,,,,,,,,,,,,,,,,,,,,,,,,,,,all pairs,,211.0,,,,,-0.09016063712151166,,,,,,,,drop dhenkanal:Kerijoli,,,,,,,,,,,,,,,,,,,,,,,,,,,,,
6.2-sens,|dLorey| m,,,,,v120 / stands_merged,,,,,,,,,,,,19.009504752376188,1999.0,,,,,,,,,,,,,,,,,,,,,,,,,,,,,,,,,,,,,,,,,,,,,,,all pairs,,241.0,,,,,0.36164789813191023,,,,,,,,drop dhenkanal:Pangatira,,,,,,,,,,,,,,,,,,,,,,,,,,,,,
6.2-sens,|dLorey| m,,,,,v120 / stands_merged,,,,,,,,,,,,16.008004002001,1999.0,,,,,,,,,,,,,,,,,,,,,,,,,,,,,,,,,,,,,,,,,,,,,,,all pairs,,243.0,,,,,0.44122067535547577,,,,,,,,drop kendujhar:BHANRADI SAHI,,,,,,,,,,,,,,,,,,,,,,,,,,,,,
6.2-sens,|dLorey| m,,,,,v120 / stands_merged,,,,,,,,,,,,31.81590795397699,1999.0,,,,,,,,,,,,,,,,,,,,,,,,,,,,,,,,,,,,,,,,,,,,,,,all pairs,,219.0,,,,,0.15511990914762006,,,,,,,,drop koraput:HANDAPUR,,,,,,,,,,,,,,,,,,,,,,,,,,,,,
6.2-sens,|dLorey| m,,,,,v120 / stands_merged,,,,,,,,,,,,16.558279139569784,1999.0,,,,,,,,,,,,,,,,,,,,,,,,,,,,,,,,,,,,,,,,,,,,,,,all pairs,,190.0,,,,,0.2590921702531856,,,,,,,,drop koraput:HATIMUNDA,,,,,,,,,,,,,,,,,,,,,,,,,,,,,
6.2-sens,|dLorey| m,,,,,v120 / stands_merged,,,,,,,,,,,,24.912456228114056,1999.0,,,,,,,,,,,,,,,,,,,,,,,,,,,,,,,,,,,,,,,,,,,,,,,all pairs,,240.0,,,,,0.2759231328045793,,,,,,,,drop koraput:BARIGUDA,,,,,,,,,,,,,,,,,,,,,,,,,,,,,
6.2-sens,|dLorey| m,,,,,v120 / stands_merged,,,,,,,,,,,,23.96198099049525,1999.0,,,,,,,,,,,,,,,,,,,,,,,,,,,,,,,,,,,,,,,,,,,,,,,all pairs,,241.0,,,,,0.3597466373221002,,,,,,,,drop koraput:KONDASRIMUNDA,,,,,,,,,,,,,,,,,,,,,,,,,,,,,
6.2-sens,|dLorey| m,,,,,v120 / stands_merged,,,,,,,,,,,,24.61230615307654,1999.0,,,,,,,,,,,,,,,,,,,,,,,,,,,,,,,,,,,,,,,,,,,,,,,all pairs,,245.0,,,,,0.25256513299222433,,,,,,,,drop koraput:KHASUGUDA,,,,,,,,,,,,,,,,,,,,,,,,,,,,,
6.2-sens,|dLorey| m,,,,,v120 / stands_merged,,,,,,,,,,,,28.714357178589296,1999.0,,,,,,,,,,,,,,,,,,,,,,,,,,,,,,,,,,,,,,,,,,,,,,,all pairs,,237.0,,,,,0.27099699581999154,,,,,,,,drop koraput:SAKIAGUDA,,,,,,,,,,,,,,,,,,,,,,,,,,,,,
6.2-sens,|dLorey| m,,,,,v120 / stands_merged,,,,,,,,,,,,21.210605302651327,1999.0,,,,,,,,,,,,,,,,,,,,,,,,,,,,,,,,,,,,,,,,,,,,,,,all pairs,,220.0,,,,,0.30620421376646756,,,,,,,,drop koraput:BARAKANTI,,,,,,,,,,,,,,,,,,,,,,,,,,,,,
6.3,,,,,rotation,v120 / stands_merged,,,,,,,,-0.0022037305255371946,,,,99.87468671679198,798.0,,,,,,,,,,,,,,,,,,,,,,,,,,,,,,,,,,,,,,,,,,,,,,,,,,,,,,,,,,,,,,,angul,UPGMA k=6,ari,0.07493897549326307,39.0,,,,,,,,,,,,,,,,,,,,,,,,
6.3,,,,,rotation,v120 / stands_merged,,,,,,,,0.08588513783150839,,,,98.7468671679198,798.0,,,,,,,,,,,,,,,,,,,,,,,,,,,,,,,,,,,,,,,,,,,,,,,,,,,,,,,,,,,,,,,angul,UPGMA k=6,nmi,0.14721425718960898,39.0,,,,,,,,,,,,,,,,,,,,,,,,
6.3,,,,,rotation,v120 / stands_merged,,,,,,,,0.28527422137547126,,,,89.03508771929825,798.0,,,,,,,,,,,,,,,,,,,,,,,,,,,,,,,,,,,,,,,,,,,,,,,,,,,,,,,,,,,,,,,angul,UPGMA k=6,cramers_v,0.38554980047802984,39.0,,,,,,,,,,,,,,,,,,,,,,,,
6.3,,,,,rotation,v120 / stands_merged,,,,,,,,-0.00880689367194321,,,,99.16805324459234,601.0,,,,,,,,,,,,,,,,,,,,,,,,,,,,,,,,,,,,,,,,,,,,,,,,,,,,,,,,,,,,,,,dhenkanal,UPGMA k=6,ari,0.01840119446350026,75.0,,,,,,,,,,,,,,,,,,,,,,,,
6.3,,,,,rotation,v120 / stands_merged,,,,,,,,0.0165989129445229,,,,99.00166389351081,601.0,,,,,,,,,,,,,,,,,,,,,,,,,,,,,,,,,,,,,,,,,,,,,,,,,,,,,,,,,,,,,,,dhenkanal,UPGMA k=6,nmi,0.06198966479125021,75.0,,,,,,,,,,,,,,,,,,,,,,,,
6.3,,,,,rotation,v120 / stands_merged,,,,,,,,0.1549968516584257,,,,94.9251247920133,601.0,,,,,,,,,,,,,,,,,,,,,,,,,,,,,,,,,,,,,,,,,,,,,,,,,,,,,,,,,,,,,,,dhenkanal,UPGMA k=6,cramers_v,0.5694947974514993,75.0,,,,,,,,,,,,,,,,,,,,,,,,
6.3,,,,,rotation,v120 / stands_merged,,,,,,,,,,,,,0.0,,,,,,,,,,,,,,,,,,,,,,,,,,,,,,,,,,,,,,,,,,,,,,,,,,,,,,,,,,,,,,,kendujhar,UPGMA k=6,ari,,8.0,NOT ESTIMABLE: < 2 field types,,,,,,,,,,,,,,,,,,,,,,,
6.3,,,,,rotation,v120 / stands_merged,,,,,,,,,,,,,0.0,,,,,,,,,,,,,,,,,,,,,,,,,,,,,,,,,,,,,,,,,,,,,,,,,,,,,,,,,,,,,,,kendujhar,UPGMA k=6,nmi,,8.0,NOT ESTIMABLE: < 2 field types,,,,,,,,,,,,,,,,,,,,,,,
6.3,,,,,rotation,v120 / stands_merged,,,,,,,,,,,,,0.0,,,,,,,,,,,,,,,,,,,,,,,,,,,,,,,,,,,,,,,,,,,,,,,,,,,,,,,,,,,,,,,kendujhar,UPGMA k=6,cramers_v,,8.0,NOT ESTIMABLE: < 2 field types,,,,,,,,,,,,,,,,,,,,,,,
6.3,,,,,rotation,v120 / stands_merged,,,,,,,,0.015507510285731451,,,,,52.0,,,,,,,,,,,,,,,,,,,,,,,,,,,,,,,,,,,,,,,,,,,,,,,,,,,,,,,,,,,,,,,koraput,UPGMA k=6,ari,0.03751705097998264,144.0,,,,,,,,,,,,,,,,,,,,,,,,
6.3,,,,,rotation,v120 / stands_merged,,,,,,,,0.05815328191952766,,,,,52.0,,,,,,,,,,,,,,,,,,,,,,,,,,,,,,,,,,,,,,,,,,,,,,,,,,,,,,,,,,,,,,,koraput,UPGMA k=6,nmi,0.08037887384423319,144.0,,,,,,,,,,,,,,,,,,,,,,,,
6.3,,,,,rotation,v120 / stands_merged,,,,,,,,0.3521390862795899,,,,,52.0,,,,,,,,,,,,,,,,,,,,,,,,,,,,,,,,,,,,,,,,,,,,,,,,,,,,,,,,,,,,,,,koraput,UPGMA k=6,cramers_v,0.4728049441221044,144.0,,,,,,,,,,,,,,,,,,,,,,,,
6.3,,,,,rotation,v120 / stands_merged,,,,,,,,,,,,,52.0,,,,,,,,,,,,,,,,,,,,,,,,,,,,,,,,,,,,,,,,,,,,,,,,,,,,,,,,,,,,,,,weighted mean,UPGMA k=6,ari,0.037616918488826666,,,,,,,,,,,,,,,,,,,,,,,,,
6.3,,,,,rotation,v120 / stands_merged,,,,,,,,,,,,,52.0,,,,,,,,,,,,,,,,,,,,,,,,,,,,,,,,,,,,,,,,,,,,,,,,,,,,,,,,,,,,,,,weighted mean,UPGMA k=6,nmi,0.08513619660196936,,,,,,,,,,,,,,,,,,,,,,,,,
6.3,,,,,rotation,v120 / stands_merged,,,,,,,,,,,,,52.0,,,,,,,,,,,,,,,,,,,,,,,,,,,,,,,,,,,,,,,,,,,,,,,,,,,,,,,,,,,,,,,weighted mean,UPGMA k=6,cramers_v,0.48772272860887067,,,,,,,,,,,,,,,,,,,,,,,,,
6.3,,,,,rotation,v120 / stands_merged,,,,,,,,,,,,,0.0,,,,,,,,,,,,,,,,,,,,,,,,,,,,,,,,,,,,,,,,,,,,,,,,,,,,,,,,,,,,,,,angul,Sal-dominant rule,ari,,39.0,NOT ESTIMABLE: < 2 field types,,,,,,,,,,,,,,,,,,,,,,,
6.3,,,,,rotation,v120 / stands_merged,,,,,,,,,,,,,0.0,,,,,,,,,,,,,,,,,,,,,,,,,,,,,,,,,,,,,,,,,,,,,,,,,,,,,,,,,,,,,,,angul,Sal-dominant rule,nmi,,39.0,NOT ESTIMABLE: < 2 field types,,,,,,,,,,,,,,,,,,,,,,,
6.3,,,,,rotation,v120 / stands_merged,,,,,,,,,,,,,0.0,,,,,,,,,,,,,,,,,,,,,,,,,,,,,,,,,,,,,,,,,,,,,,,,,,,,,,,,,,,,,,,angul,Sal-dominant rule,cramers_v,,39.0,NOT ESTIMABLE: < 2 field types,,,,,,,,,,,,,,,,,,,,,,,
6.3,,,,,rotation,v120 / stands_merged,,,,,,,,0.05144822914077362,,,,57.73710482529118,601.0,,,,,,,,,,,,,,,,,,,,,,,,,,,,,,,,,,,,,,,,,,,,,,,,,,,,,,,,,,,,,,,dhenkanal,Sal-dominant rule,ari,0.05732228961310895,75.0,,,,,,,,,,,,,,,,,,,,,,,,
6.3,,,,,rotation,v120 / stands_merged,,,,,,,,0.05863929254076627,,,,32.945091514143094,601.0,,,,,,,,,,,,,,,,,,,,,,,,,,,,,,,,,,,,,,,,,,,,,,,,,,,,,,,,,,,,,,,dhenkanal,Sal-dominant rule,nmi,0.04810839691049927,75.0,,,,,,,,,,,,,,,,,,,,,,,,
6.3,,,,,rotation,v120 / stands_merged,,,,,,,,0.3477903037536991,,,,28.618968386023294,601.0,,,,,,,,,,,,,,,,,,,,,,,,,,,,,,,,,,,,,,,,,,,,,,,,,,,,,,,,,,,,,,,dhenkanal,Sal-dominant rule,cramers_v,0.3104957723277904,75.0,,,,,,,,,,,,,,,,,,,,,,,,
6.3,,,,,rotation,v120 / stands_merged,,,,,,,,-0.14285714285714285,,,,18.710493046776232,1582.0,,,,,,,,,,,,,,,,,,,,,,,,,,,,,,,,,,,,,,,,,,,,,,,,,,,,,,,,,,,,,,,kendujhar,Sal-dominant rule,ari,-0.16129032258064516,8.0,,,,,,,,,,,,,,,,,,,,,,,,
6.3,,,,,rotation,v120 / stands_merged,,,,,,,,0.10026207123578106,,,,50.18963337547408,1582.0,,,,,,,,,,,,,,,,,,,,,,,,,,,,,,,,,,,,,,,,,,,,,,,,,,,,,,,,,,,,,,,kendujhar,Sal-dominant rule,nmi,0.10026207123578106,8.0,,,,,,,,,,,,,,,,,,,,,,,,
6.3,,,,,rotation,v120 / stands_merged,,,,,,,,0.29277002188455997,,,,49.46270543615676,1582.0,,,,,,,,,,,,,,,,,,,,,,,,,,,,,,,,,,,,,,,,,,,,,,,,,,,,,,,,,,,,,,,kendujhar,Sal-dominant rule,cramers_v,0.29277002188455997,8.0,,,,,,,,,,,,,,,,,,,,,,,,
6.3,,,,,rotation,v120 / stands_merged,,,,,,,,,,,,,0.0,,,,,,,,,,,,,,,,,,,,,,,,,,,,,,,,,,,,,,,,,,,,,,,,,,,,,,,,,,,,,,,koraput,Sal-dominant rule,ari,,144.0,NOT ESTIMABLE: < 2 field types,,,,,,,,,,,,,,,,,,,,,,,
6.3,,,,,rotation,v120 / stands_merged,,,,,,,,,,,,,0.0,,,,,,,,,,,,,,,,,,,,,,,,,,,,,,,,,,,,,,,,,,,,,,,,,,,,,,,,,,,,,,,koraput,Sal-dominant rule,nmi,,144.0,NOT ESTIMABLE: < 2 field types,,,,,,,,,,,,,,,,,,,,,,,
6.3,,,,,rotation,v120 / stands_merged,,,,,,,,,,,,,0.0,,,,,,,,,,,,,,,,,,,,,,,,,,,,,,,,,,,,,,,,,,,,,,,,,,,,,,,,,,,,,,,koraput,Sal-dominant rule,cramers_v,,144.0,NOT ESTIMABLE: < 2 field types,,,,,,,,,,,,,,,,,,,,,,,
6.3,,,,,rotation,v120 / stands_merged,,,,,,,,,,,,43.59400998336106,601.0,,,,,,,,,,,,,,,,,,,,,,,,,,,,,,,,,,,,,,,,,,,,,,,,,,,,,,,,,,,,,,,weighted mean,Sal-dominant rule,ari,0.03625119446190374,,,,,,,,,,,,,,,,,,,,,,,,,
6.3,,,,,rotation,v120 / stands_merged,,,,,,,,,,,,26.788685524126457,601.0,,,,,,,,,,,,,,,,,,,,,,,,,,,,,,,,,,,,,,,,,,,,,,,,,,,,,,,,,,,,,,,weighted mean,Sal-dominant rule,nmi,0.05313525708643004,,,,,,,,,,,,,,,,,,,,,,,,,
6.3,,,,,rotation,v120 / stands_merged,,,,,,,,,,,,25.124792013311147,601.0,,,,,,,,,,,,,,,,,,,,,,,,,,,,,,,,,,,,,,,,,,,,,,,,,,,,,,,,,,,,,,,weighted mean,Sal-dominant rule,cramers_v,0.30878726626097297,,,,,,,,,,,,,,,,,,,,,,,,,
6.3,,,,,rotation,v120 / stands_merged,,,,,,,,0.0015147773774064066,,,,,52.0,,,,,,,,,,,,,,,,,,,,,,,,,,,,,,,,,,,,,,,,,,,,,,,,,2066.0,,,,,,,,,,,,,,,(label only),distant_diff_bc,0.018498902844940046,,,,,,,,,,,,,,,,,,,,,,,,,
6.3,,,,,rotation,v120 / stands_merged,,,,,,,,-0.308933518275321,,,,,52.0,,,,,,,,,,,,,,,,,,,,,,,,,,,,,,,,,,,,,,,,,,,,,,,,,2066.0,,,,,,,,,,,,,,,(label only),distant_diff_lorey,-0.28463699579644963,,,,,,,,,,,,,,,,,,,,,,,,,
6.1,,,,,rotation,v120 / stands_snic,loreys_h_m,0.9255179350312364,210.0,265.0,0.7521458081946388,38.0,93.0,0.7852352029410246,0.668505196092573,0.8566454067995504,-0.033089394746385725,30.265132566283143,1999.0,,,,,,,,,,,,,,,,,,,,,,,,,,,,,,,,,,,,,,,,,,,,,,,,,,,,,,,,,,,,,,,,,,,,,,,,,,,,,,,,,,,,,,,,,,,
6.1,,,,,rotation,v120 / stands_snic,loreys_h_tree_m,0.9331408658063244,204.0,252.0,0.7584641918753621,34.0,82.0,0.7850509478975907,0.6583014048369173,0.8658370307637648,-0.026586756022228597,36.31815907953977,1999.0,,,,,,,,,,,,,,,,,,,,,,,,,,,,,,,,,,,,,,,,,,,,,,,,,,,,,,,,,,,,,,,,,,,,,,,,,,,,,,,,,,,,,,,,,,,
6.1,,,,,rotation,v120 / stands_snic,crown_cover_pct,0.9183731138450566,210.0,265.0,0.7672379588598207,38.0,93.0,0.8064327060392837,0.7196955302875251,0.875090890573258,-0.03919474717946303,20.560280140070034,1999.0,,,,,,,,,,,,,,,,,,,,,,,,,,,,,,,,,,,,,,,,,,,,,,,,,,,,,,,,,,,,,,,,,,,,,,,,,,,,,,,,,,,,,,,,,,,
6.1,,,,,rotation,v120 / stands_snic,sal_ba_frac,0.9559401190130768,210.0,265.0,0.8808546273752975,38.0,93.0,0.8562502572053493,0.7591641052935161,0.927374041050063,0.02460437016994821,69.18459229614807,1999.0,,,,,,,,,,,,,,,,,,,,,,,,,,,,,,,,,,,,,,,,,,,,,,,,,,,,,,,,,,,,,,,,,,,,,,,,,,,,,,,,,,,,,,,,,,,
6.1,,,,,rotation,v120 / stands_snic,n_species,0.8718786307543678,210.0,265.0,0.6010138552554944,38.0,93.0,0.7073476129582268,0.6165926756012793,0.7937953360908921,-0.10633375770273235,2.751375687843922,1999.0,,,,,,,,,,,,,,,,,,,,,,,,,,,,,,,,,,,,,,,,,,,,,,,,,,,,,,,,,,,,,,,,,,,,,,,,,,,,,,,,,,,,,,,,,,,
6.1,,,,,rotation,v120 / stands_snic,dbh_mean_cm,0.8849552411945929,204.0,252.0,0.6003559856976136,34.0,82.0,0.6684452439016275,0.5353843806302688,0.7748815822678334,-0.0680892582040139,23.561780890445224,1999.0,,,,,,,,,,,,,,,,,,,,,,,,,,,,,,,,,,,,,,,,,,,,,,,,,,,,,,,,,,,,,,,,,,,,,,,,,,,,,,,,,,,,,,,,,,,
6.1,,,,,rotation,v120 / stands_snic,h_top5_m,0.8655491238818217,210.0,265.0,0.638974158559583,38.0,93.0,0.7094518082065504,0.5974036187868729,0.8247402652349043,-0.07047764964696746,14.607303651825912,1999.0,,,,,,,,,,,,,,,,,,,,,,,,,,,,,,,,,,,,,,,,,,,,,,,,,,,,,,,,,,,,,,,,,,,,,,,,,,,,,,,,,,,,,,,,,,,
6.2,Bray-Curtis,,,,rotation,v120 / stands_snic,,,,,,,,,,,,87.69384692346173,1999.0,,,,,,,,,,,,,,,,,,,,,,,,,,,,,,,,,,,,,,,,,,,,,,,all pairs,0-100,56.0,74.0,0.04239377996667082,0.1611,False,,,,,,,,,,,,,,,,,,,,,,,,,,,,,,,,,,,,,,
6.2,Bray-Curtis,,,,rotation,v120 / stands_snic,,,,,,,,,,,,6.103051525762881,1999.0,,,,,,,,,,,,,,,,,,,,,,,,,,,,,,,,,,,,,,,,,,,,,,,all pairs,100-200,16.0,279.0,-0.10786155525201158,0.9521,False,,,,,,,,,,,,,,,,,,,,,,,,,,,,,,,,,,,,,,
6.2,Bray-Curtis,,,,rotation,v120 / stands_snic,,,,,,,,,,,,16.968184653774173,1603.0,,,,,,,,,,,,,,,,,,,,,,,,,,,,,,,,,,,,,,,,,,,,,,,all pairs,200-400,4.0,543.0,-0.11963439324403413,0.8509,False,,,,,,,,,,,,,,,,,,,,,,,,,,,,,,,,,,,,,,
6.2,Bray-Curtis,,,,rotation,v120 / stands_snic,,,,,,,,,,,,,13.0,,,,,,,,,,,,,,,,,,,,,,,,,,,,,,,,,,,,,,,,,,,,,,,all pairs,400-800,0.0,895.0,,,True,,,,,,,,,,,,,,,,,,,,,,,,,,,,,,,,,,,,,,
6.2,Bray-Curtis,,,1867.0,rotation,v120 / stands_snic,,,,,,,,,,,,38.669334667333665,1999.0,,,,,,,,,,,,,,,,,,,,,,,,,,,,,,,,,,,,,,,,,,,,,,,all pairs,regression,76.0,,,0.7123,,0.03040234505790207,0.020938282825446707,,,,,,,,,,,,,,,,,,,,,,,,,,,,,,,,,,,,
6.2-sens,Bray-Curtis,,,,,v120 / stands_snic,,,,,,,,,,,,,,,,,,,,,,,,,,,,,,,,,,,,,,,,,,,,,,,,,,,,,,,,,,,,all pairs,,,,,,,,,0.2801,0.8768,0.664,,0.7191,,,,,,,,,,,,,,,,,,,,,,,,,,,,,,,
6.2,Bray-Curtis,,,,rotation,v120 / stands_snic,,,,,,,,,,,,,84.0,,,,,,,,,,,,,,,,,,,,,,,,,,,,,,,,,,,,,,,,,,,,,,,both > 30 m from boundary,0-100,1.0,0.0,,,True,,,,,,,,,,,,,,,,,,,,,,,,,,,,,,,,,,,,,,
6.2,Bray-Curtis,,,,rotation,v120 / stands_snic,,,,,,,,,,,,,80.0,,,,,,,,,,,,,,,,,,,,,,,,,,,,,,,,,,,,,,,,,,,,,,,both > 30 m from boundary,100-200,0.0,1.0,,,True,,,,,,,,,,,,,,,,,,,,,,,,,,,,,,,,,,,,,,
6.2,Bray-Curtis,,,,rotation,v120 / stands_snic,,,,,,,,,,,,,4.0,,,,,,,,,,,,,,,,,,,,,,,,,,,,,,,,,,,,,,,,,,,,,,,both > 30 m from boundary,200-400,0.0,3.0,,,True,,,,,,,,,,,,,,,,,,,,,,,,,,,,,,,,,,,,,,
6.2,Bray-Curtis,,,,rotation,v120 / stands_snic,,,,,,,,,,,,,0.0,,,,,,,,,,,,,,,,,,,,,,,,,,,,,,,,,,,,,,,,,,,,,,,both > 30 m from boundary,400-800,0.0,2.0,,,True,,,,,,,,,,,,,,,,,,,,,,,,,,,,,,,,,,,,,,
6.2,Bray-Curtis,,,7.0,rotation,v120 / stands_snic,,,,,,,,,,,,25.082508250825082,909.0,,,,,,,,,,,,,,,,,,,,,,,,,,,,,,,,,,,,,,,,,,,,,,,both > 30 m from boundary,regression,1.0,,,,,0.2617999913802384,0.04885027090820079,,,,,,,,,,,,,,,,,,,,,,,,,,,,,,,,,,,,
6.2-sens,Bray-Curtis,,,,,v120 / stands_snic,,,,,,,,,,,,,,,,,,,,,,,,,,,,,,,,,,,,,,,,,,,,,,,,,,,,,,,,,,,,both > 30 m from boundary,,,,,,,,,,,,,,beta_same,,,,,,,,,,,,,,,,,,,,,,,,,,,,,,
6.2,|dLorey| m,,,,rotation,v120 / stands_snic,,,,,,,,,,,,5.952976488244122,1999.0,,,,,,,,,,,,,,,,,,,,,,,,,,,,,,,,,,,,,,,,,,,,,,,all pairs,0-100,56.0,74.0,-0.5277939032662005,0.79,False,,,,,,,,,,,,,,,,,,,,,,,,,,,,,,,,,,,,,,
6.2,|dLorey| m,,,,rotation,v120 / stands_snic,,,,,,,,,,,,18.959479739869934,1999.0,,,,,,,,,,,,,,,,,,,,,,,,,,,,,,,,,,,,,,,,,,,,,,,all pairs,100-200,16.0,279.0,-0.9742778156476102,0.819,False,,,,,,,,,,,,,,,,,,,,,,,,,,,,,,,,,,,,,,
6.2,|dLorey| m,,,,rotation,v120 / stands_snic,,,,,,,,,,,,41.42233312538989,1603.0,,,,,,,,,,,,,,,,,,,,,,,,,,,,,,,,,,,,,,,,,,,,,,,all pairs,200-400,4.0,543.0,0.27490497119266166,0.5577,False,,,,,,,,,,,,,,,,,,,,,,,,,,,,,,,,,,,,,,
6.2,|dLorey| m,,,,rotation,v120 / stands_snic,,,,,,,,,,,,,13.0,,,,,,,,,,,,,,,,,,,,,,,,,,,,,,,,,,,,,,,,,,,,,,,all pairs,400-800,0.0,895.0,,,True,,,,,,,,,,,,,,,,,,,,,,,,,,,,,,,,,,,,,,
6.2,|dLorey| m,,,1867.0,rotation,v120 / stands_snic,,,,,,,,,,,,6.4032016008004,1999.0,,,,,,,,,,,,,,,,,,,,,,,,,,,,,,,,,,,,,,,,,,,,,,,all pairs,regression,76.0,,,0.8747,,0.6109597549116084,0.21748172549294184,,,,,,,,,,,,,,,,,,,,,,,,,,,,,,,,,,,,
6.2-sens,|dLorey| m,,,,,v120 / stands_snic,,,,,,,,,,,,,,,,,,,,,,,,,,,,,,,,,,,,,,,,,,,,,,,,,,,,,,,,,,,,all pairs,,,,,,,,,0.986,0.6225,0.1748,,0.8963,,,,,,,,,,,,,,,,,,,,,,,,,,,,,,,
6.2,|dLorey| m,,,,rotation,v120 / stands_snic,,,,,,,,,,,,,84.0,,,,,,,,,,,,,,,,,,,,,,,,,,,,,,,,,,,,,,,,,,,,,,,both > 30 m from boundary,0-100,1.0,0.0,,,True,,,,,,,,,,,,,,,,,,,,,,,,,,,,,,,,,,,,,,
6.2,|dLorey| m,,,,rotation,v120 / stands_snic,,,,,,,,,,,,,80.0,,,,,,,,,,,,,,,,,,,,,,,,,,,,,,,,,,,,,,,,,,,,,,,both > 30 m from boundary,100-200,0.0,1.0,,,True,,,,,,,,,,,,,,,,,,,,,,,,,,,,,,,,,,,,,,
6.2,|dLorey| m,,,,rotation,v120 / stands_snic,,,,,,,,,,,,,4.0,,,,,,,,,,,,,,,,,,,,,,,,,,,,,,,,,,,,,,,,,,,,,,,both > 30 m from boundary,200-400,0.0,3.0,,,True,,,,,,,,,,,,,,,,,,,,,,,,,,,,,,,,,,,,,,
6.2,|dLorey| m,,,,rotation,v120 / stands_snic,,,,,,,,,,,,,0.0,,,,,,,,,,,,,,,,,,,,,,,,,,,,,,,,,,,,,,,,,,,,,,,both > 30 m from boundary,400-800,0.0,2.0,,,True,,,,,,,,,,,,,,,,,,,,,,,,,,,,,,,,,,,,,,
6.2,|dLorey| m,,,7.0,rotation,v120 / stands_snic,,,,,,,,,,,,66.88668866886688,909.0,,,,,,,,,,,,,,,,,,,,,,,,,,,,,,,,,,,,,,,,,,,,,,,both > 30 m from boundary,regression,1.0,,,,,-2.579316255278413,-0.591661965457629,,,,,,,,,,,,,,,,,,,,,,,,,,,,,,,,,,,,
6.2-sens,|dLorey| m,,,,,v120 / stands_snic,,,,,,,,,,,,,,,,,,,,,,,,,,,,,,,,,,,,,,,,,,,,,,,,,,,,,,,,,,,,both > 30 m from boundary,,,,,,,,,,,,,,beta_same,,,,,,,,,,,,,,,,,,,,,,,,,,,,,,
null-failure,,,,,rotation,v120 / stands_dissolved,,,,,,,,,,,,,,,,,,,,,,,,,,,,,,,,,,,,,,,,,,,,,,,,,,,,,,,,,,,,,,,,,,,,,,,,,,,,,,,,,,angul:ANANDA PUR,992.0,1999.0,450200.0,110922.0,9.0,8.0,plain,0.2495,,,,,,,,,,,,,,
null-failure,,,,,rotation,v120 / stands_dissolved,,,,,,,,,,,,,,,,,,,,,,,,,,,,,,,,,,,,,,,,,,,,,,,,,,,,,,,,,,,,,,,,,,,,,,,,,,,,,,,,,,koraput:HATIMUNDA,418.0,1999.0,450200.0,449663.0,59.0,54.0,feasible-region,0.00225,,,,,,,,,,,,,,
6.1,,,,,rotation,v120 / stands_dissolved,loreys_h_m,0.6273031813481479,44.0,252.0,0.578922466339884,33.0,241.0,,,,,,0.0,,,,,,,,,,,,,,,,,,,,,,,,,,,,,,,,,,,,,,,,,,,,,,,,,,,,,,,,,,,,,,,,,,,,,,,,,,,,,,True,,,,,,,,,,,,,
6.1,,,,,rotation,v120 / stands_dissolved,loreys_h_tree_m,0.6462450849438386,42.0,241.0,0.5996449373208514,32.0,231.0,,,,,,0.0,,,,,,,,,,,,,,,,,,,,,,,,,,,,,,,,,,,,,,,,,,,,,,,,,,,,,,,,,,,,,,,,,,,,,,,,,,,,,,True,,,,,,,,,,,,,
6.1,,,,,rotation,v120 / stands_dissolved,crown_cover_pct,0.6245646896636718,44.0,252.0,0.6114322457104564,33.0,241.0,,,,,,0.0,,,,,,,,,,,,,,,,,,,,,,,,,,,,,,,,,,,,,,,,,,,,,,,,,,,,,,,,,,,,,,,,,,,,,,,,,,,,,,True,,,,,,,,,,,,,
6.1,,,,,rotation,v120 / stands_dissolved,sal_ba_frac,0.7104784711074437,44.0,252.0,0.6999898940432514,33.0,241.0,,,,,,0.0,,,,,,,,,,,,,,,,,,,,,,,,,,,,,,,,,,,,,,,,,,,,,,,,,,,,,,,,,,,,,,,,,,,,,,,,,,,,,,True,,,,,,,,,,,,,
6.1,,,,,rotation,v120 / stands_dissolved,n_species,0.5463511671200053,44.0,252.0,0.5270700515250364,33.0,241.0,,,,,,0.0,,,,,,,,,,,,,,,,,,,,,,,,,,,,,,,,,,,,,,,,,,,,,,,,,,,,,,,,,,,,,,,,,,,,,,,,,,,,,,True,,,,,,,,,,,,,
6.1,,,,,rotation,v120 / stands_dissolved,dbh_mean_cm,0.5178270285154929,42.0,241.0,0.5014136987366291,32.0,231.0,,,,,,0.0,,,,,,,,,,,,,,,,,,,,,,,,,,,,,,,,,,,,,,,,,,,,,,,,,,,,,,,,,,,,,,,,,,,,,,,,,,,,,,True,,,,,,,,,,,,,
6.1,,,,,rotation,v120 / stands_dissolved,h_top5_m,0.5959470351365376,44.0,252.0,0.5687073436727893,33.0,241.0,,,,,,0.0,,,,,,,,,,,,,,,,,,,,,,,,,,,,,,,,,,,,,,,,,,,,,,,,,,,,,,,,,,,,,,,,,,,,,,,,,,,,,,True,,,,,,,,,,,,,
dissolved-sens,,,,,,v120 / stands_dissolved,,,,,,,,,,,,,,,,,,,,,,,,,,,,,,,,,,,,,,,,,,,,,,,,,,,,,,,,,,,,,,,,,,,,,,,,,,,,,,,,,,,,,,,,,,,,0.6029081419930945,0.5066064636602615,0.5274234068597254,0.5657585779309359,0.6896041862047848,0.41667755221827396,0.3855246047384112,0.4895427104843151,,,,,
6.2,Bray-Curtis,,,,rotation,v120 / stands_dissolved,,,,,,,,,,,,,0.0,,,,,,,,,,,,,,,,,,,,,,,,,,,,,,,,,,,,,,,,,,,,,,,all pairs,0-100,93.0,24.0,0.10710165825582274,0.0212,False,,,,,,,,,,,,,,,,,,,,,,,,,True,,,,,,,,,,,,,
6.2,Bray-Curtis,,,,rotation,v120 / stands_dissolved,,,,,,,,,,,,,0.0,,,,,,,,,,,,,,,,,,,,,,,,,,,,,,,,,,,,,,,,,,,,,,,all pairs,100-200,203.0,58.0,0.14960700205210054,0.0001,False,,,,,,,,,,,,,,,,,,,,,,,,,True,,,,,,,,,,,,,
6.2,Bray-Curtis,,,,rotation,v120 / stands_dissolved,,,,,,,,,,,,,0.0,,,,,,,,,,,,,,,,,,,,,,,,,,,,,,,,,,,,,,,,,,,,,,,all pairs,200-400,341.0,157.0,0.1183659202760513,0.0001,False,,,,,,,,,,,,,,,,,,,,,,,,,True,,,,,,,,,,,,,
6.2,Bray-Curtis,,,,rotation,v120 / stands_dissolved,,,,,,,,,,,,,0.0,,,,,,,,,,,,,,,,,,,,,,,,,,,,,,,,,,,,,,,,,,,,,,,all pairs,400-800,343.0,428.0,0.06945490962772649,0.0001,False,,,,,,,,,,,,,,,,,,,,,,,,,True,,,,,,,,,,,,,
6.2,Bray-Curtis,,,1647.0,rotation,v120 / stands_dissolved,,,,,,,,,,,,,0.0,,,,,,,,,,,,,,,,,,,,,,,,,,,,,,,,,,,,,,,,,,,,,,,all pairs,regression,980.0,,,0.0001,,-0.09108291328501136,0.012592118751037744,,,,,,,,,,,,,,,,,,,,,,,True,,,,,,,,,,,,,
6.2-sens,Bray-Curtis,,,,,v120 / stands_dissolved,,,,,,,,,,,,,,,,,,,,,,,,,,,,,,,,,,,,,,,,,,,,,,,,,,,,,,,,,,,,all pairs,,,,,,,,,0.0235,0.0002,0.0014,0.0043,0.0001,,,,,,,,,,,,,,,,,,,,,,,,,,,,,,,
6.2,Bray-Curtis,,,,rotation,v120 / stands_dissolved,,,,,,,,,,,,,0.0,,,,,,,,,,,,,,,,,,,,,,,,,,,,,,,,,,,,,,,,,,,,,,,both > 30 m from boundary,0-100,57.0,0.0,,,True,,,,,,,,,,,,,,,,,,,,,,,,,True,,,,,,,,,,,,,
6.2,Bray-Curtis,,,,rotation,v120 / stands_dissolved,,,,,,,,,,,,,0.0,,,,,,,,,,,,,,,,,,,,,,,,,,,,,,,,,,,,,,,,,,,,,,,both > 30 m from boundary,100-200,145.0,5.0,0.20346572497260274,0.0404,False,,,,,,,,,,,,,,,,,,,,,,,,,True,,,,,,,,,,,,,
6.2,Bray-Curtis,,,,rotation,v120 / stands_dissolved,,,,,,,,,,,,,0.0,,,,,,,,,,,,,,,,,,,,,,,,,,,,,,,,,,,,,,,,,,,,,,,both > 30 m from boundary,200-400,229.0,47.0,0.14967202309700733,0.0001,False,,,,,,,,,,,,,,,,,,,,,,,,,True,,,,,,,,,,,,,
6.2,Bray-Curtis,,,,rotation,v120 / stands_dissolved,,,,,,,,,,,,,0.0,,,,,,,,,,,,,,,,,,,,,,,,,,,,,,,,,,,,,,,,,,,,,,,both > 30 m from boundary,400-800,202.0,172.0,0.05927763656930185,0.0047,False,,,,,,,,,,,,,,,,,,,,,,,,,True,,,,,,,,,,,,,
6.2,Bray-Curtis,,,857.0,rotation,v120 / stands_dissolved,,,,,,,,,,,,,0.0,,,,,,,,,,,,,,,,,,,,,,,,,,,,,,,,,,,,,,,,,,,,,,,both > 30 m from boundary,regression,633.0,,,0.0001,,-0.0809067409849061,0.015379198078329692,,,,,,,,,,,,,,,,,,,,,,,True,,,,,,,,,,,,,
6.2-sens,Bray-Curtis,,,,,v120 / stands_dissolved,,,,,,,,,,,,,,,,,,,,,,,,,,,,,,,,,,,,,,,,,,,,,,,,,,,,,,,,,,,,both > 30 m from boundary,,,,,,,,,,0.0277,0.0025,0.0472,0.0004,,,,,,,,,,,,,,,,,,,,,,,,,,,,,,,
6.2,|dLorey| m,,,,rotation,v120 / stands_dissolved,,,,,,,,,,,,,0.0,,,,,,,,,,,,,,,,,,,,,,,,,,,,,,,,,,,,,,,,,,,,,,,all pairs,0-100,93.0,24.0,-1.4006958197694321,0.9647,False,,,,,,,,,,,,,,,,,,,,,,,,,True,,,,,,,,,,,,,
6.2,|dLorey| m,,,,rotation,v120 / stands_dissolved,,,,,,,,,,,,,0.0,,,,,,,,,,,,,,,,,,,,,,,,,,,,,,,,,,,,,,,,,,,,,,,all pairs,100-200,203.0,58.0,-0.348671819878394,0.6819,False,,,,,,,,,,,,,,,,,,,,,,,,,True,,,,,,,,,,,,,
6.2,|dLorey| m,,,,rotation,v120 / stands_dissolved,,,,,,,,,,,,,0.0,,,,,,,,,,,,,,,,,,,,,,,,,,,,,,,,,,,,,,,,,,,,,,,all pairs,200-400,341.0,157.0,-0.42957872111488715,0.8364,False,,,,,,,,,,,,,,,,,,,,,,,,,True,,,,,,,,,,,,,
6.2,|dLorey| m,,,,rotation,v120 / stands_dissolved,,,,,,,,,,,,,0.0,,,,,,,,,,,,,,,,,,,,,,,,,,,,,,,,,,,,,,,,,,,,,,,all pairs,400-800,343.0,428.0,-0.11207613669268213,0.6317,False,,,,,,,,,,,,,,,,,,,,,,,,,True,,,,,,,,,,,,,
6.2,|dLorey| m,,,1647.0,rotation,v120 / stands_dissolved,,,,,,,,,,,,,0.0,,,,,,,,,,,,,,,,,,,,,,,,,,,,,,,,,,,,,,,,,,,,,,,all pairs,regression,980.0,,,0.9452,,0.35466335219205825,0.18901298616299117,,,,,,,,,,,,,,,,,,,,,,,True,,,,,,,,,,,,,
6.2-sens,|dLorey| m,,,,,v120 / stands_dissolved,,,,,,,,,,,,,,,,,,,,,,,,,,,,,,,,,,,,,,,,,,,,,,,,,,,,,,,,,,,,all pairs,,,,,,,,,0.7777,0.9247,0.8712,0.9999,1.0,,,,,,,,,,,,,,,,,,,,,,,,,,,,,,,
6.2,|dLorey| m,,,,rotation,v120 / stands_dissolved,,,,,,,,,,,,,0.0,,,,,,,,,,,,,,,,,,,,,,,,,,,,,,,,,,,,,,,,,,,,,,,both > 30 m from boundary,0-100,57.0,0.0,,,True,,,,,,,,,,,,,,,,,,,,,,,,,True,,,,,,,,,,,,,
6.2,|dLorey| m,,,,rotation,v120 / stands_dissolved,,,,,,,,,,,,,0.0,,,,,,,,,,,,,,,,,,,,,,,,,,,,,,,,,,,,,,,,,,,,,,,both > 30 m from boundary,100-200,145.0,5.0,-2.7212914582098695,0.9714,False,,,,,,,,,,,,,,,,,,,,,,,,,True,,,,,,,,,,,,,
6.2,|dLorey| m,,,,rotation,v120 / stands_dissolved,,,,,,,,,,,,,0.0,,,,,,,,,,,,,,,,,,,,,,,,,,,,,,,,,,,,,,,,,,,,,,,both > 30 m from boundary,200-400,229.0,47.0,-1.8384326152961972,0.992,False,,,,,,,,,,,,,,,,,,,,,,,,,True,,,,,,,,,,,,,
6.2,|dLorey| m,,,,rotation,v120 / stands_dissolved,,,,,,,,,,,,,0.0,,,,,,,,,,,,,,,,,,,,,,,,,,,,,,,,,,,,,,,,,,,,,,,both > 30 m from boundary,400-800,202.0,172.0,-0.175487142402738,0.6197,False,,,,,,,,,,,,,,,,,,,,,,,,,True,,,,,,,,,,,,,
6.2,|dLorey| m,,,857.0,rotation,v120 / stands_dissolved,,,,,,,,,,,,,0.0,,,,,,,,,,,,,,,,,,,,,,,,,,,,,,,,,,,,,,,,,,,,,,,both > 30 m from boundary,regression,633.0,,,0.9795,,0.9455691458400168,0.30655858197339236,,,,,,,,,,,,,,,,,,,,,,,True,,,,,,,,,,,,,
6.2-sens,|dLorey| m,,,,,v120 / stands_dissolved,,,,,,,,,,,,,,,,,,,,,,,,,,,,,,,,,,,,,,,,,,,,,,,,,,,,,,,,,,,,both > 30 m from boundary,,,,,,,,,,0.9215,0.9806,0.9772,0.9989,,,,,,,,,,,,,,,,,,,,,,,,,,,,,,,
6.1,,,,,rotation,current / stands_merged,loreys_h_m,0.8785388815826269,143.0,267.0,0.7388204108065497,59.0,183.0,0.7239757292931903,0.6469193714933902,0.792688669989758,0.014844681513359381,63.03151575787894,1999.0,,,,,,,,,,,,,,,,,,,,,,,,,,,,,,,,,,,,,,,,,,,,,,,,,,,,,,,,,,,,,,,,,,,,,,,,,,,,,,,,,,,,,,,,,,,
6.1,,,,,rotation,current / stands_merged,loreys_h_tree_m,0.8903406546325023,140.0,254.0,0.7492805244946292,54.0,168.0,0.736065703849153,0.6612031779174024,0.8065645606010389,0.013214820645476189,61.830915457728864,1999.0,,,,,,,,,,,,,,,,,,,,,,,,,,,,,,,,,,,,,,,,,,,,,,,,,,,,,,,,,,,,,,,,,,,,,,,,,,,,,,,,,,,,,,,,,,,
6.1,,,,,rotation,current / stands_merged,crown_cover_pct,0.8265140593909569,143.0,267.0,0.7571619155450054,59.0,183.0,0.7424430185885607,0.6923514457170991,0.796856167987589,0.014718896956444794,65.98299149574787,1999.0,,,,,,,,,,,,,,,,,,,,,,,,,,,,,,,,,,,,,,,,,,,,,,,,,,,,,,,,,,,,,,,,,,,,,,,,,,,,,,,,,,,,,,,,,,,
6.1,,,,,rotation,current / stands_merged,sal_ba_frac,0.8904916867430709,143.0,267.0,0.8442246612560675,59.0,183.0,0.816412662953791,0.7610025760745822,0.8709790103933464,0.02781199830227654,79.9399699849925,1999.0,,,,,,,,,,,,,,,,,,,,,,,,,,,,,,,,,,,,,,,,,,,,,,,,,,,,,,,,,,,,,,,,,,,,,,,,,,,,,,,,,,,,,,,,,,,
6.1,,,,,rotation,current / stands_merged,n_species,0.8289309687285803,143.0,267.0,0.7452485946888932,59.0,183.0,0.6734939113083693,0.6107904090675855,0.7320368480090678,0.07175468338052382,98.24912456228114,1999.0,,,,,,,,,,,,,,,,,,,,,,,,,,,,,,,,,,,,,,,,,,,,,,,,,,,,,,,,,,,,,,,,,,,,,,,,,,,,,,,,,,,,,,,,,,,
6.1,,,,,rotation,current / stands_merged,dbh_mean_cm,0.7772969722355689,140.0,254.0,0.6413112025868606,54.0,168.0,0.6227093733150615,0.5617776164833562,0.6920819151249817,0.018601829271799097,67.43371685842922,1999.0,,,,,,,,,,,,,,,,,,,,,,,,,,,,,,,,,,,,,,,,,,,,,,,,,,,,,,,,,,,,,,,,,,,,,,,,,,,,,,,,,,,,,,,,,,,
6.1,,,,,rotation,current / stands_merged,h_top5_m,0.8192047224876156,143.0,267.0,0.706609753549728,59.0,183.0,0.6878353949767387,0.6253379109208419,0.7517830525979344,0.018774358572989258,68.53426713356679,1999.0,,,,,,,,,,,,,,,,,,,,,,,,,,,,,,,,,,,,,,,,,,,,,,,,,,,,,,,,,,,,,,,,,,,,,,,,,,,,,,,,,,,,,,,,,,,
6.1-sens,,,,,,current / stands_merged,loreys_h_m,,,,,,,,,,,,,0.616655764248323,71.43571785892946,1999.0,0.3322580998248307,33.516758379189596,1999.0,69.6848424212106,1999.0,56.528264132066035,1999.0,68.48424212106053,1999.0,72.83641820910455,1999.0,56.0280140070035,1999.0,61.480740370185096,1999.0,58.279139569784896,1999.0,61.980990495247624,1999.0,62.781390695347675,1999.0,65.78289144572287,1999.0,71.78589294647324,1999.0,63.63181590795398,1999.0,52.42621310655328,1999.0,61.480740370185096,1999.0,46.47323661830915,1999.0,63.63181590795398,1999.0,62.931465732866435,1999.0,63.68184092046023,1999.0,66.23311655827914,1999.0,63.53176588294147,1999.0,,,,,,,,,,,,,,,,,,,,,,,,,,,,,,,,,,,,,,,,,,,,,
6.1-sens,,,,,,current / stands_merged,loreys_h_tree_m,,,,,,,,,,,,,0.6327179613210797,72.43621810905452,1999.0,0.3010964488897495,21.010505252626313,1999.0,72.43621810905452,1999.0,55.47773886943472,1999.0,61.78089044522261,1999.0,65.5327663831916,1999.0,55.727863931965985,1999.0,59.27963981990995,1999.0,58.129064532266135,1999.0,59.079539769884946,1999.0,60.8304152076038,1999.0,62.631315657828914,1999.0,73.58679339669835,1999.0,63.23161580790395,1999.0,57.92896448224112,1999.0,57.37868934467234,1999.0,51.82591295647824,1999.0,62.4312156078039,1999.0,61.830915457728864,1999.0,62.68134067033517,1999.0,65.13256628314157,1999.0,59.329664832416206,1999.0,,,,,,,,,,,,,,,,,,,,,,,,,,,,,,,,,,,,,,,,,,,,,
6.1-sens,,,,,,current / stands_merged,crown_cover_pct,,,,,,,,,,,,,0.6435763599128306,76.28814407203602,1999.0,0.42723214261144493,82.34117058529264,1999.0,67.38369184592297,1999.0,66.13306653326663,1999.0,84.04202101050525,1999.0,60.33016508254127,1999.0,66.43321660830415,1999.0,69.6848424212106,1999.0,67.38369184592297,1999.0,62.88144072036018,1999.0,65.28264132066033,1999.0,64.33216608304151,1999.0,66.33316658329164,1999.0,64.73236618309154,1999.0,68.18409204602301,1999.0,65.98299149574787,1999.0,38.21910955477739,1999.0,68.93446723361681,1999.0,68.98449224612307,1999.0,66.43321660830415,1999.0,66.98349174587294,1999.0,65.5327663831916,1999.0,,,,,,,,,,,,,,,,,,,,,,,,,,,,,,,,,,,,,,,,,,,,,
6.1-sens,,,,,,current / stands_merged,sal_ba_frac,,,,,,,,,,,,,0.7713620028113249,85.09254627313656,1999.0,0.2936400980016626,58.87943971985993,1999.0,79.78989494747374,1999.0,79.78989494747374,1999.0,80.7903951975988,1999.0,81.99099549774887,1999.0,79.53976988494247,1999.0,68.83441720860431,1999.0,85.6928464232116,1999.0,82.44122061030515,1999.0,77.53876938469234,1999.0,69.43471735867934,1999.0,87.2936468234117,1999.0,69.48474237118559,1999.0,76.13806903451726,1999.0,79.53976988494247,1999.0,80.34017008504252,1999.0,80.24012006003001,1999.0,79.9399699849925,1999.0,80.04002001000501,1999.0,79.68984492246123,1999.0,79.13956978489244,1999.0,,,,,,,,,,,,,,,,,,,,,,,,,,,,,,,,,,,,,,,,,,,,,
6.1-sens,,,,,,current / stands_merged,n_species,,,,,,,,,,,,,0.6260906793014399,99.49974987493746,1999.0,0.5467154932936531,99.29964982491245,1999.0,97.89894947473736,1999.0,98.74937468734367,1999.0,98.54927463731866,1999.0,98.64932466233117,1999.0,98.3991995997999,1999.0,98.19909954977489,1999.0,95.54777388694347,1999.0,98.69934967483742,1999.0,97.84892446223111,1999.0,97.69884942471235,1999.0,98.4992496248124,1999.0,97.5487743871936,1999.0,98.69934967483742,1999.0,97.99899949974987,1999.0,51.52576288144072,1999.0,97.84892446223111,1999.0,98.79939969984993,1999.0,99.19959979989996,1999.0,97.89894947473736,1999.0,99.49974987493746,1999.0,,,,,,,,,,,,,,,,,,,,,,,,,,,,,,,,,,,,,,,,,,,,,
6.1-sens,,,,,,current / stands_merged,dbh_mean_cm,,,,,,,,,,,,,0.4745523757193484,81.84092046023011,1999.0,0.35355043889636206,75.43771885942971,1999.0,74.03701850925462,1999.0,65.73286643321661,1999.0,67.83391695847924,1999.0,79.38969484742371,1999.0,67.08354177088545,1999.0,67.93396698349174,1999.0,71.43571785892946,1999.0,67.73386693346673,1999.0,65.78289144572287,1999.0,64.98249124562281,1999.0,66.53326663331666,1999.0,55.77788894447224,1999.0,76.88844422211106,1999.0,67.93396698349174,1999.0,38.169084542271136,1999.0,70.03501750875438,1999.0,67.43371685842922,1999.0,75.83791895947974,1999.0,65.78289144572287,1999.0,65.83291645822912,1999.0,,,,,,,,,,,,,,,,,,,,,,,,,,,,,,,,,,,,,,,,,,,,,
6.1-sens,,,,,,current / stands_merged,h_top5_m,,,,,,,,,,,,,0.5693788318229879,79.13956978489244,1999.0,0.41428012795565694,58.379189594797396,1999.0,66.33316658329164,1999.0,66.98349174587294,1999.0,72.93646823411706,1999.0,71.08554277138569,1999.0,66.73336668334167,1999.0,67.983991995998,1999.0,61.830915457728864,1999.0,66.93346673336669,1999.0,68.0840420210105,1999.0,79.13956978489244,1999.0,83.54177088544272,1999.0,69.08454227113556,1999.0,61.830915457728864,1999.0,67.03351675837919,1999.0,38.26913456728364,1999.0,68.48424212106053,1999.0,69.08454227113556,1999.0,68.13406703351676,1999.0,69.5847923961981,1999.0,67.18359179589795,1999.0,,,,,,,,,,,,,,,,,,,,,,,,,,,,,,,,,,,,,,,,,,,,,
6.2,Bray-Curtis,,,,rotation,current / stands_merged,,,,,,,,,,,,97.79889944972486,1999.0,,,,,,,,,,,,,,,,,,,,,,,,,,,,,,,,,,,,,,,,,,,,,,,all pairs,0-100,89.0,41.0,0.09078919565507215,0.0219,False,,,,,,,,,,,,,,,,,,,,,,,,,,,,,,,,,,,,,,
6.2,Bray-Curtis,,,,rotation,current / stands_merged,,,,,,,,,,,,89.14457228614307,1999.0,,,,,,,,,,,,,,,,,,,,,,,,,,,,,,,,,,,,,,,,,,,,,,,all pairs,100-200,115.0,183.0,0.053768604958896016,0.0407,False,,,,,,,,,,,,,,,,,,,,,,,,,,,,,,,,,,,,,,
6.2,Bray-Curtis,,,,rotation,current / stands_merged,,,,,,,,,,,,98.44922461230615,1999.0,,,,,,,,,,,,,,,,,,,,,,,,,,,,,,,,,,,,,,,,,,,,,,,all pairs,200-400,66.0,491.0,0.11142603789844041,0.0002,False,,,,,,,,,,,,,,,,,,,,,,,,,,,,,,,,,,,,,,
6.2,Bray-Curtis,,,,rotation,current / stands_merged,,,,,,,,,,,,67.76482513938166,1973.0,,,,,,,,,,,,,,,,,,,,,,,,,,,,,,,,,,,,,,,,,,,,,,,all pairs,400-800,11.0,890.0,0.06988224492475059,0.1319,False,,,,,,,,,,,,,,,,,,,,,,,,,,,,,,,,,,,,,,
6.2,Bray-Curtis,,,1886.0,rotation,current / stands_merged,,,,,,,,,,,,98.54927463731866,1999.0,,,,,,,,,,,,,,,,,,,,,,,,,,,,,,,,,,,,,,,,,,,,,,,all pairs,regression,281.0,,,0.0001,,-0.061509238140938456,0.015264695769639491,,,,,,,,,,,,,,,,,,,,,,,,,,,,,,,,,,,,
6.2-sens,Bray-Curtis,,,,,current / stands_merged,,,,,,,,,,,,,,,,,,,,,,,,,,,,,,,,,,,,,,,,,,,,,,,,,,,,,,,,,,,,all pairs,,,,,,,,,0.1127,0.3673,0.2116,0.6638,0.1898,,,,,,,,,,,,,,,,,,,,,,,,,,,,,,,
6.2,Bray-Curtis,,,,rotation,current / stands_merged,,,,,,,,,,,,,596.0,,,,,,,,,,,,,,,,,,,,,,,,,,,,,,,,,,,,,,,,,,,,,,,both > 30 m from boundary,0-100,21.0,0.0,,,True,,,,,,,,,,,,,,,,,,,,,,,,,,,,,,,,,,,,,,
6.2,Bray-Curtis,,,,rotation,current / stands_merged,,,,,,,,,,,,73.98989898989899,1980.0,,,,,,,,,,,,,,,,,,,,,,,,,,,,,,,,,,,,,,,,,,,,,,,both > 30 m from boundary,100-200,7.0,6.0,0.09203623601224231,0.2668,False,,,,,,,,,,,,,,,,,,,,,,,,,,,,,,,,,,,,,,
6.2,Bray-Curtis,,,,rotation,current / stands_merged,,,,,,,,,,,,41.740226986128626,1586.0,,,,,,,,,,,,,,,,,,,,,,,,,,,,,,,,,,,,,,,,,,,,,,,both > 30 m from boundary,200-400,7.0,42.0,-0.01246578213933569,0.55,False,,,,,,,,,,,,,,,,,,,,,,,,,,,,,,,,,,,,,,
6.2,Bray-Curtis,,,,rotation,current / stands_merged,,,,,,,,,,,,,102.0,,,,,,,,,,,,,,,,,,,,,,,,,,,,,,,,,,,,,,,,,,,,,,,both > 30 m from boundary,400-800,0.0,34.0,,,True,,,,,,,,,,,,,,,,,,,,,,,,,,,,,,,,,,,,,,
6.2,Bray-Curtis,,,117.0,rotation,current / stands_merged,,,,,,,,,,,,82.99149574787394,1999.0,,,,,,,,,,,,,,,,,,,,,,,,,,,,,,,,,,,,,,,,,,,,,,,both > 30 m from boundary,regression,35.0,,,0.3617,,-0.0907645700614069,0.0059946543601703765,,,,,,,,,,,,,,,,,,,,,,,,,,,,,,,,,,,,
6.2-sens,Bray-Curtis,,,,,current / stands_merged,,,,,,,,,,,,,,,,,,,,,,,,,,,,,,,,,,,,,,,,,,,,,,,,,,,,,,,,,,,,both > 30 m from boundary,,,,,,,,,,0.1205,0.8443,,0.557,,,,,,,,,,,,,,,,,,,,,,,,,,,,,,,
6.2-sens,Bray-Curtis,,,,,current / stands_merged,,,,,,,,,,,,80.09004502251126,1999.0,,,,,,,,,,,,,,,,,,,,,,,,,,,,,,,,,,,,,,,,,,,,,,,all pairs,,281.0,,,,,-0.005504016617657691,,,,,,,,site fixed effects,,,,,,,,,,,,,,,,,,,,,,,,,,,,,
6.2-sens,Bray-Curtis,,,,,current / stands_merged,,,,,,,,,,,,98.34917458729365,1999.0,,,,,,,,,,,,,,,,,,,,,,,,,,,,,,,,,,,,,,,,,,,,,,,all pairs,,281.0,,,,,-0.0599739013707708,,,,,,,,stand-weighted (same pair weight 1/pairs in its stand),,,,,,,,,,,,,,,,,,,,,,,,,,,,,
6.2-sens,Bray-Curtis,,,,,current / stands_merged,,,,,,,,,,,,98.54927463731866,1999.0,,,,,,,,,,,,,,,,,,,,,,,,,,,,,,,,,,,,,,,,,,,,,,,all pairs,,274.0,,,,,-0.06137851601225298,,,,,,,,drop angul:KANSAB,,,,,,,,,,,,,,,,,,,,,,,,,,,,,
6.2-sens,Bray-Curtis,,,,,current / stands_merged,,,,,,,,,,,,98.54927463731866,1999.0,,,,,,,,,,,,,,,,,,,,,,,,,,,,,,,,,,,,,,,,,,,,,,,all pairs,,280.0,,,,,-0.06150669328015661,,,,,,,,drop angul:GHANAJODI,,,,,,,,,,,,,,,,,,,,,,,,,,,,,
6.2-sens,Bray-Curtis,,,,,current / stands_merged,,,,,,,,,,,,99.09954977488745,1999.0,,,,,,,,,,,,,,,,,,,,,,,,,,,,,,,,,,,,,,,,,,,,,,,all pairs,,260.0,,,,,-0.07040114693497622,,,,,,,,drop angul:JOGI BANDHA,,,,,,,,,,,,,,,,,,,,,,,,,,,,,
6.2-sens,Bray-Curtis,,,,,current / stands_merged,,,,,,,,,,,,99.3496748374187,1999.0,,,,,,,,,,,,,,,,,,,,,,,,,,,,,,,,,,,,,,,,,,,,,,,all pairs,,259.0,,,,,-0.07738145659372875,,,,,,,,drop angul:ANANDA PUR,,,,,,,,,,,,,,,,,,,,,,,,,,,,,
6.2-sens,Bray-Curtis,,,,,current / stands_merged,,,,,,,,,,,,98.64932466233117,1999.0,,,,,,,,,,,,,,,,,,,,,,,,,,,,,,,,,,,,,,,,,,,,,,,all pairs,,280.0,,,,,-0.06358043100753719,,,,,,,,drop dhenkanal:TULASIPASI,,,,,,,,,,,,,,,,,,,,,,,,,,,,,
6.2-sens,Bray-Curtis,,,,,current / stands_merged,,,,,,,,,,,,98.44922461230615,1999.0,,,,,,,,,,,,,,,,,,,,,,,,,,,,,,,,,,,,,,,,,,,,,,,all pairs,,276.0,,,,,-0.06278182942527588,,,,,,,,drop dhenkanal:KANKANA,,,,,,,,,,,,,,,,,,,,,,,,,,,,,
6.2-sens,Bray-Curtis,,,,,current / stands_merged,,,,,,,,,,,,98.74937468734367,1999.0,,,,,,,,,,,,,,,,,,,,,,,,,,,,,,,,,,,,,,,,,,,,,,,all pairs,,278.0,,,,,-0.06398198966098588,,,,,,,,drop dhenkanal:Balikurma,,,,,,,,,,,,,,,,,,,,,,,,,,,,,
6.2-sens,Bray-Curtis,,,,,current / stands_merged,,,,,,,,,,,,98.59929964982491,1999.0,,,,,,,,,,,,,,,,,,,,,,,,,,,,,,,,,,,,,,,,,,,,,,,all pairs,,280.0,,,,,-0.061585159967920945,,,,,,,,drop dhenkanal:Kampulei,,,,,,,,,,,,,,,,,,,,,,,,,,,,,
6.2-sens,Bray-Curtis,,,,,current / stands_merged,,,,,,,,,,,,98.69934967483742,1999.0,,,,,,,,,,,,,,,,,,,,,,,,,,,,,,,,,,,,,,,,,,,,,,,all pairs,,277.0,,,,,-0.06501202348280466,,,,,,,,drop dhenkanal:Adhapalli,,,,,,,,,,,,,,,,,,,,,,,,,,,,,
6.2-sens,Bray-Curtis,,,,,current / stands_merged,,,,,,,,,,,,98.04902451225612,1999.0,,,,,,,,,,,,,,,,,,,,,,,,,,,,,,,,,,,,,,,,,,,,,,,all pairs,,276.0,,,,,-0.06074953708448281,,,,,,,,drop dhenkanal:Mahabirod,,,,,,,,,,,,,,,,,,,,,,,,,,,,,
6.2-sens,Bray-Curtis,,,,,current / stands_merged,,,,,,,,,,,,55.67783891945973,1999.0,,,,,,,,,,,,,,,,,,,,,,,,,,,,,,,,,,,,,,,,,,,,,,,all pairs,,245.0,,,,,0.006884041888552544,,,,,,,,drop dhenkanal:Kerijoli,,,,,,,,,,,,,,,,,,,,,,,,,,,,,
6.2-sens,Bray-Curtis,,,,,current / stands_merged,,,,,,,,,,,,98.64932466233117,1999.0,,,,,,,,,,,,,,,,,,,,,,,,,,,,,,,,,,,,,,,,,,,,,,,all pairs,,278.0,,,,,-0.0660687240033892,,,,,,,,drop dhenkanal:Pangatira,,,,,,,,,,,,,,,,,,,,,,,,,,,,,
6.2-sens,Bray-Curtis,,,,,current / stands_merged,,,,,,,,,,,,98.14907453726863,1999.0,,,,,,,,,,,,,,,,,,,,,,,,,,,,,,,,,,,,,,,,,,,,,,,all pairs,,277.0,,,,,-0.059073774885645615,,,,,,,,drop kendujhar:BHANRADI SAHI,,,,,,,,,,,,,,,,,,,,,,,,,,,,,
6.2-sens,Bray-Curtis,,,,,current / stands_merged,,,,,,,,,,,,98.74937468734367,1999.0,,,,,,,,,,,,,,,,,,,,,,,,,,,,,,,,,,,,,,,,,,,,,,,all pairs,,238.0,,,,,-0.07282116323719914,,,,,,,,drop koraput:HANDAPUR,,,,,,,,,,,,,,,,,,,,,,,,,,,,,
6.2-sens,Bray-Curtis,,,,,current / stands_merged,,,,,,,,,,,,96.7983991995998,1999.0,,,,,,,,,,,,,,,,,,,,,,,,,,,,,,,,,,,,,,,,,,,,,,,all pairs,,220.0,,,,,-0.06386353468374097,,,,,,,,drop koraput:HATIMUNDA,,,,,,,,,,,,,,,,,,,,,,,,,,,,,
6.2-sens,Bray-Curtis,,,,,current / stands_merged,,,,,,,,,,,,98.89944972486244,1999.0,,,,,,,,,,,,,,,,,,,,,,,,,,,,,,,,,,,,,,,,,,,,,,,all pairs,,274.0,,,,,-0.06819123407183517,,,,,,,,drop koraput:BARIGUDA,,,,,,,,,,,,,,,,,,,,,,,,,,,,,
6.2-sens,Bray-Curtis,,,,,current / stands_merged,,,,,,,,,,,,98.99949974987494,1999.0,,,,,,,,,,,,,,,,,,,,,,,,,,,,,,,,,,,,,,,,,,,,,,,all pairs,,275.0,,,,,-0.061645748414784596,,,,,,,,drop koraput:KONDASRIMUNDA,,,,,,,,,,,,,,,,,,,,,,,,,,,,,
6.2-sens,Bray-Curtis,,,,,current / stands_merged,,,,,,,,,,,,98.54927463731866,1999.0,,,,,,,,,,,,,,,,,,,,,,,,,,,,,,,,,,,,,,,,,,,,,,,all pairs,,280.0,,,,,-0.06082920418020617,,,,,,,,drop koraput:KHASUGUDA,,,,,,,,,,,,,,,,,,,,,,,,,,,,,
6.2-sens,Bray-Curtis,,,,,current / stands_merged,,,,,,,,,,,,98.59929964982491,1999.0,,,,,,,,,,,,,,,,,,,,,,,,,,,,,,,,,,,,,,,,,,,,,,,all pairs,,259.0,,,,,-0.06476247814007685,,,,,,,,drop koraput:SAKIAGUDA,,,,,,,,,,,,,,,,,,,,,,,,,,,,,
6.2-sens,Bray-Curtis,,,,,current / stands_merged,,,,,,,,,,,,98.4992496248124,1999.0,,,,,,,,,,,,,,,,,,,,,,,,,,,,,,,,,,,,,,,,,,,,,,,all pairs,,253.0,,,,,-0.06529608127163465,,,,,,,,drop koraput:BARAKANTI,,,,,,,,,,,,,,,,,,,,,,,,,,,,,
6.2,|dLorey| m,,,,rotation,current / stands_merged,,,,,,,,,,,,95.49774887443722,1999.0,,,,,,,,,,,,,,,,,,,,,,,,,,,,,,,,,,,,,,,,,,,,,,,all pairs,0-100,89.0,41.0,1.610393745562912,0.0138,False,,,,,,,,,,,,,,,,,,,,,,,,,,,,,,,,,,,,,,
6.2,|dLorey| m,,,,rotation,current / stands_merged,,,,,,,,,,,,54.527263631815906,1999.0,,,,,,,,,,,,,,,,,,,,,,,,,,,,,,,,,,,,,,,,,,,,,,,all pairs,100-200,115.0,183.0,0.19303379490690453,0.3588,False,,,,,,,,,,,,,,,,,,,,,,,,,,,,,,,,,,,,,,
6.2,|dLorey| m,,,,rotation,current / stands_merged,,,,,,,,,,,,39.469734867433715,1999.0,,,,,,,,,,,,,,,,,,,,,,,,,,,,,,,,,,,,,,,,,,,,,,,all pairs,200-400,66.0,491.0,-0.3504454153300314,0.7258,False,,,,,,,,,,,,,,,,,,,,,,,,,,,,,,,,,,,,,,
6.2,|dLorey| m,,,,rotation,current / stands_merged,,,,,,,,,,,,80.33451596553472,1973.0,,,,,,,,,,,,,,,,,,,,,,,,,,,,,,,,,,,,,,,,,,,,,,,all pairs,400-800,11.0,890.0,2.0157621200127056,0.0562,False,,,,,,,,,,,,,,,,,,,,,,,,,,,,,,,,,,,,,,
6.2,|dLorey| m,,,1886.0,rotation,current / stands_merged,,,,,,,,,,,,71.935967983992,1999.0,,,,,,,,,,,,,,,,,,,,,,,,,,,,,,,,,,,,,,,,,,,,,,,all pairs,regression,281.0,,,0.1681,,-0.21145256019107203,0.18836978660472975,,,,,,,,,,,,,,,,,,,,,,,,,,,,,,,,,,,,
6.2-sens,|dLorey| m,,,,,current / stands_merged,,,,,,,,,,,,,,,,,,,,,,,,,,,,,,,,,,,,,,,,,,,,,,,,,,,,,,,,,,,,all pairs,,,,,,,,,0.1739,0.0327,0.0241,0.1761,0.0017,,,,,,,,,,,,,,,,,,,,,,,,,,,,,,,
6.2,|dLorey| m,,,,rotation,current / stands_merged,,,,,,,,,,,,,596.0,,,,,,,,,,,,,,,,,,,,,,,,,,,,,,,,,,,,,,,,,,,,,,,both > 30 m from boundary,0-100,21.0,0.0,,,True,,,,,,,,,,,,,,,,,,,,,,,,,,,,,,,,,,,,,,
6.2,|dLorey| m,,,,rotation,current / stands_merged,,,,,,,,,,,,56.21212121212121,1980.0,,,,,,,,,,,,,,,,,,,,,,,,,,,,,,,,,,,,,,,,,,,,,,,both > 30 m from boundary,100-200,7.0,6.0,0.24354401504339807,0.4392,False,,,,,,,,,,,,,,,,,,,,,,,,,,,,,,,,,,,,,,
6.2,|dLorey| m,,,,rotation,current / stands_merged,,,,,,,,,,,,11.28625472887768,1586.0,,,,,,,,,,,,,,,,,,,,,,,,,,,,,,,,,,,,,,,,,,,,,,,both > 30 m from boundary,200-400,7.0,42.0,-5.106769592481872,0.9868,False,,,,,,,,,,,,,,,,,,,,,,,,,,,,,,,,,,,,,,
6.2,|dLorey| m,,,,rotation,current / stands_merged,,,,,,,,,,,,,102.0,,,,,,,,,,,,,,,,,,,,,,,,,,,,,,,,,,,,,,,,,,,,,,,both > 30 m from boundary,400-800,0.0,34.0,,,True,,,,,,,,,,,,,,,,,,,,,,,,,,,,,,,,,,,,,,
6.2,|dLorey| m,,,117.0,rotation,current / stands_merged,,,,,,,,,,,,11.255627813906953,1999.0,,,,,,,,,,,,,,,,,,,,,,,,,,,,,,,,,,,,,,,,,,,,,,,both > 30 m from boundary,regression,35.0,,,0.9842,,1.692143078833802,0.3381170908231662,,,,,,,,,,,,,,,,,,,,,,,,,,,,,,,,,,,,
6.2-sens,|dLorey| m,,,,,current / stands_merged,,,,,,,,,,,,,,,,,,,,,,,,,,,,,,,,,,,,,,,,,,,,,,,,,,,,,,,,,,,,both > 30 m from boundary,,,,,,,,,,0.0778,0.9806,,0.8928,,,,,,,,,,,,,,,,,,,,,,,,,,,,,,,
6.2-sens,|dLorey| m,,,,,current / stands_merged,,,,,,,,,,,,99.44972486243121,1999.0,,,,,,,,,,,,,,,,,,,,,,,,,,,,,,,,,,,,,,,,,,,,,,,all pairs,,281.0,,,,,-0.7432819147087716,,,,,,,,site fixed effects,,,,,,,,,,,,,,,,,,,,,,,,,,,,,
6.2-sens,|dLorey| m,,,,,current / stands_merged,,,,,,,,,,,,95.44772386193097,1999.0,,,,,,,,,,,,,,,,,,,,,,,,,,,,,,,,,,,,,,,,,,,,,,,all pairs,,281.0,,,,,-0.48172903372533893,,,,,,,,stand-weighted (same pair weight 1/pairs in its stand),,,,,,,,,,,,,,,,,,,,,,,,,,,,,
6.2-sens,|dLorey| m,,,,,current / stands_merged,,,,,,,,,,,,72.83641820910455,1999.0,,,,,,,,,,,,,,,,,,,,,,,,,,,,,,,,,,,,,,,,,,,,,,,all pairs,,274.0,,,,,-0.15528231937095377,,,,,,,,drop angul:KANSAB,,,,,,,,,,,,,,,,,,,,,,,,,,,,,
6.2-sens,|dLorey| m,,,,,current / stands_merged,,,,,,,,,,,,67.53376688344171,1999.0,,,,,,,,,,,,,,,,,,,,,,,,,,,,,,,,,,,,,,,,,,,,,,,all pairs,,280.0,,,,,-0.12861792863206412,,,,,,,,drop angul:GHANAJODI,,,,,,,,,,,,,,,,,,,,,,,,,,,,,
6.2-sens,|dLorey| m,,,,,current / stands_merged,,,,,,,,,,,,77.43871935967984,1999.0,,,,,,,,,,,,,,,,,,,,,,,,,,,,,,,,,,,,,,,,,,,,,,,all pairs,,260.0,,,,,-0.27021525784411854,,,,,,,,drop angul:JOGI BANDHA,,,,,,,,,,,,,,,,,,,,,,,,,,,,,
6.2-sens,|dLorey| m,,,,,current / stands_merged,,,,,,,,,,,,76.03801900950475,1999.0,,,,,,,,,,,,,,,,,,,,,,,,,,,,,,,,,,,,,,,,,,,,,,,all pairs,,259.0,,,,,-0.2595434589828001,,,,,,,,drop angul:ANANDA PUR,,,,,,,,,,,,,,,,,,,,,,,,,,,,,
6.2-sens,|dLorey| m,,,,,current / stands_merged,,,,,,,,,,,,68.7343671835918,1999.0,,,,,,,,,,,,,,,,,,,,,,,,,,,,,,,,,,,,,,,,,,,,,,,all pairs,,280.0,,,,,-0.1499589209026763,,,,,,,,drop dhenkanal:TULASIPASI,,,,,,,,,,,,,,,,,,,,,,,,,,,,,
6.2-sens,|dLorey| m,,,,,current / stands_merged,,,,,,,,,,,,71.88594297148575,1999.0,,,,,,,,,,,,,,,,,,,,,,,,,,,,,,,,,,,,,,,,,,,,,,,all pairs,,276.0,,,,,-0.22580705666541245,,,,,,,,drop dhenkanal:KANKANA,,,,,,,,,,,,,,,,,,,,,,,,,,,,,
6.2-sens,|dLorey| m,,,,,current / stands_merged,,,,,,,,,,,,72.98649324662331,1999.0,,,,,,,,,,,,,,,,,,,,,,,,,,,,,,,,,,,,,,,,,,,,,,,all pairs,,278.0,,,,,-0.24110408950407883,,,,,,,,drop dhenkanal:Balikurma,,,,,,,,,,,,,,,,,,,,,,,,,,,,,
6.2-sens,|dLorey| m,,,,,current / stands_merged,,,,,,,,,,,,70.3351675837919,1999.0,,,,,,,,,,,,,,,,,,,,,,,,,,,,,,,,,,,,,,,,,,,,,,,all pairs,,280.0,,,,,-0.18417259971051364,,,,,,,,drop dhenkanal:Kampulei,,,,,,,,,,,,,,,,,,,,,,,,,,,,,
6.2-sens,|dLorey| m,,,,,current / stands_merged,,,,,,,,,,,,77.28864432216108,1999.0,,,,,,,,,,,,,,,,,,,,,,,,,,,,,,,,,,,,,,,,,,,,,,,all pairs,,277.0,,,,,-0.29973233103413904,,,,,,,,drop dhenkanal:Adhapalli,,,,,,,,,,,,,,,,,,,,,,,,,,,,,
6.2-sens,|dLorey| m,,,,,current / stands_merged,,,,,,,,,,,,51.075537768884445,1999.0,,,,,,,,,,,,,,,,,,,,,,,,,,,,,,,,,,,,,,,,,,,,,,,all pairs,,276.0,,,,,0.10758889695742606,,,,,,,,drop dhenkanal:Mahabirod,,,,,,,,,,,,,,,,,,,,,,,,,,,,,
6.2-sens,|dLorey| m,,,,,current / stands_merged,,,,,,,,,,,,95.74787393696849,1999.0,,,,,,,,,,,,,,,,,,,,,,,,,,,,,,,,,,,,,,,,,,,,,,,all pairs,,245.0,,,,,-0.610708492526602,,,,,,,,drop dhenkanal:Kerijoli,,,,,,,,,,,,,,,,,,,,,,,,,,,,,
6.2-sens,|dLorey| m,,,,,current / stands_merged,,,,,,,,,,,,72.53626813406703,1999.0,,,,,,,,,,,,,,,,,,,,,,,,,,,,,,,,,,,,,,,,,,,,,,,all pairs,,278.0,,,,,-0.23956125746409854,,,,,,,,drop dhenkanal:Pangatira,,,,,,,,,,,,,,,,,,,,,,,,,,,,,
6.2-sens,|dLorey| m,,,,,current / stands_merged,,,,,,,,,,,,64.63231615807904,1999.0,,,,,,,,,,,,,,,,,,,,,,,,,,,,,,,,,,,,,,,,,,,,,,,all pairs,,277.0,,,,,-0.08928681616467937,,,,,,,,drop kendujhar:BHANRADI SAHI,,,,,,,,,,,,,,,,,,,,,,,,,,,,,
6.2-sens,|dLorey| m,,,,,current / stands_merged,,,,,,,,,,,,76.38819409704853,1999.0,,,,,,,,,,,,,,,,,,,,,,,,,,,,,,,,,,,,,,,,,,,,,,,all pairs,,238.0,,,,,-0.310413893555473,,,,,,,,drop koraput:HANDAPUR,,,,,,,,,,,,,,,,,,,,,,,,,,,,,
6.2-sens,|dLorey| m,,,,,current / stands_merged,,,,,,,,,,,,29.31465732866433,1999.0,,,,,,,,,,,,,,,,,,,,,,,,,,,,,,,,,,,,,,,,,,,,,,,all pairs,,220.0,,,,,-0.023949464425740325,,,,,,,,drop koraput:HATIMUNDA,,,,,,,,,,,,,,,,,,,,,,,,,,,,,
6.2-sens,|dLorey| m,,,,,current / stands_merged,,,,,,,,,,,,77.93896948474237,1999.0,,,,,,,,,,,,,,,,,,,,,,,,,,,,,,,,,,,,,,,,,,,,,,,all pairs,,274.0,,,,,-0.2941015060981072,,,,,,,,drop koraput:BARIGUDA,,,,,,,,,,,,,,,,,,,,,,,,,,,,,
6.2-sens,|dLorey| m,,,,,current / stands_merged,,,,,,,,,,,,74.53726863431716,1999.0,,,,,,,,,,,,,,,,,,,,,,,,,,,,,,,,,,,,,,,,,,,,,,,all pairs,,275.0,,,,,-0.18207619862556446,,,,,,,,drop koraput:KONDASRIMUNDA,,,,,,,,,,,,,,,,,,,,,,,,,,,,,
6.2-sens,|dLorey| m,,,,,current / stands_merged,,,,,,,,,,,,74.08704352176088,1999.0,,,,,,,,,,,,,,,,,,,,,,,,,,,,,,,,,,,,,,,,,,,,,,,all pairs,,280.0,,,,,-0.28146978810669865,,,,,,,,drop koraput:KHASUGUDA,,,,,,,,,,,,,,,,,,,,,,,,,,,,,
6.2-sens,|dLorey| m,,,,,current / stands_merged,,,,,,,,,,,,74.68734367183592,1999.0,,,,,,,,,,,,,,,,,,,,,,,,,,,,,,,,,,,,,,,,,,,,,,,all pairs,,259.0,,,,,-0.22778888447961315,,,,,,,,drop koraput:SAKIAGUDA,,,,,,,,,,,,,,,,,,,,,,,,,,,,,
6.2-sens,|dLorey| m,,,,,current / stands_merged,,,,,,,,,,,,68.23411705852926,1999.0,,,,,,,,,,,,,,,,,,,,,,,,,,,,,,,,,,,,,,,,,,,,,,,all pairs,,253.0,,,,,-0.27808557464114586,,,,,,,,drop koraput:BARAKANTI,,,,,,,,,,,,,,,,,,,,,,,,,,,,,
6.3,,,,,rotation,current / stands_merged,,,,,,,,-0.0026445810969324282,,,,89.56422018348624,1744.0,,,,,,,,,,,,,,,,,,,,,,,,,,,,,,,,,,,,,,,,,,,,,,,,,,,,,,,,,,,,,,,angul,UPGMA k=6,ari,0.014650121957706132,39.0,,,,,,,,,,,,,,,,,,,,,,,,
6.3,,,,,rotation,current / stands_merged,,,,,,,,0.08991072048853282,,,,78.38302752293578,1744.0,,,,,,,,,,,,,,,,,,,,,,,,,,,,,,,,,,,,,,,,,,,,,,,,,,,,,,,,,,,,,,,angul,UPGMA k=6,nmi,0.1026670503152263,39.0,,,,,,,,,,,,,,,,,,,,,,,,
6.3,,,,,rotation,current / stands_merged,,,,,,,,0.34002296336514626,,,,38.446100917431195,1744.0,,,,,,,,,,,,,,,,,,,,,,,,,,,,,,,,,,,,,,,,,,,,,,,,,,,,,,,,,,,,,,,angul,UPGMA k=6,cramers_v,0.3236197301304878,39.0,,,,,,,,,,,,,,,,,,,,,,,,
6.3,,,,,rotation,current / stands_merged,,,,,,,,0.005270419769046228,,,,64.125,800.0,,,,,,,,,,,,,,,,,,,,,,,,,,,,,,,,,,,,,,,,,,,,,,,,,,,,,,,,,,,,,,,dhenkanal,UPGMA k=6,ari,0.005957655398653871,75.0,,,,,,,,,,,,,,,,,,,,,,,,
6.3,,,,,rotation,current / stands_merged,,,,,,,,0.031069706282278065,,,,67.75,800.0,,,,,,,,,,,,,,,,,,,,,,,,,,,,,,,,,,,,,,,,,,,,,,,,,,,,,,,,,,,,,,,dhenkanal,UPGMA k=6,nmi,0.03247583918562798,75.0,,,,,,,,,,,,,,,,,,,,,,,,
6.3,,,,,rotation,current / stands_merged,,,,,,,,0.2663568019517165,,,,66.875,800.0,,,,,,,,,,,,,,,,,,,,,,,,,,,,,,,,,,,,,,,,,,,,,,,,,,,,,,,,,,,,,,,dhenkanal,UPGMA k=6,cramers_v,0.28039985489311264,75.0,,,,,,,,,,,,,,,,,,,,,,,,
6.3,,,,,rotation,current / stands_merged,,,,,,,,,,,,,0.0,,,,,,,,,,,,,,,,,,,,,,,,,,,,,,,,,,,,,,,,,,,,,,,,,,,,,,,,,,,,,,,kendujhar,UPGMA k=6,ari,,8.0,NOT ESTIMABLE: < 2 field types,,,,,,,,,,,,,,,,,,,,,,,
6.3,,,,,rotation,current / stands_merged,,,,,,,,,,,,,0.0,,,,,,,,,,,,,,,,,,,,,,,,,,,,,,,,,,,,,,,,,,,,,,,,,,,,,,,,,,,,,,,kendujhar,UPGMA k=6,nmi,,8.0,NOT ESTIMABLE: < 2 field types,,,,,,,,,,,,,,,,,,,,,,,
6.3,,,,,rotation,current / stands_merged,,,,,,,,,,,,,0.0,,,,,,,,,,,,,,,,,,,,,,,,,,,,,,,,,,,,,,,,,,,,,,,,,,,,,,,,,,,,,,,kendujhar,UPGMA k=6,cramers_v,,8.0,NOT ESTIMABLE: < 2 field types,,,,,,,,,,,,,,,,,,,,,,,
6.3,,,,,rotation,current / stands_merged,,,,,,,,0.0138654268255847,,,,,71.0,,,,,,,,,,,,,,,,,,,,,,,,,,,,,,,,,,,,,,,,,,,,,,,,,,,,,,,,,,,,,,,koraput,UPGMA k=6,ari,0.053052707321460696,145.0,,,,,,,,,,,,,,,,,,,,,,,,
6.3,,,,,rotation,current / stands_merged,,,,,,,,0.06054918351425322,,,,,71.0,,,,,,,,,,,,,,,,,,,,,,,,,,,,,,,,,,,,,,,,,,,,,,,,,,,,,,,,,,,,,,,koraput,UPGMA k=6,nmi,0.11060081088375782,145.0,,,,,,,,,,,,,,,,,,,,,,,,
6.3,,,,,rotation,current / stands_merged,,,,,,,,0.34564214799195775,,,,,71.0,,,,,,,,,,,,,,,,,,,,,,,,,,,,,,,,,,,,,,,,,,,,,,,,,,,,,,,,,,,,,,,koraput,UPGMA k=6,cramers_v,0.5243526998449066,145.0,,,,,,,,,,,,,,,,,,,,,,,,
6.3,,,,,rotation,current / stands_merged,,,,,,,,,,,,,71.0,,,,,,,,,,,,,,,,,,,,,,,,,,,,,,,,,,,,,,,,,,,,,,,,,,,,,,,,,,,,,,,weighted mean,UPGMA k=6,ari,0.03363251533923312,,,,,,,,,,,,,,,,,,,,,,,,,
6.3,,,,,rotation,current / stands_merged,,,,,,,,,,,,,71.0,,,,,,,,,,,,,,,,,,,,,,,,,,,,,,,,,,,,,,,,,,,,,,,,,,,,,,,,,,,,,,,weighted mean,UPGMA k=6,nmi,0.08678309065390273,,,,,,,,,,,,,,,,,,,,,,,,,
6.3,,,,,rotation,current / stands_merged,,,,,,,,,,,,,71.0,,,,,,,,,,,,,,,,,,,,,,,,,,,,,,,,,,,,,,,,,,,,,,,,,,,,,,,,,,,,,,,weighted mean,UPGMA k=6,cramers_v,0.42348378405244763,,,,,,,,,,,,,,,,,,,,,,,,,
6.3,,,,,rotation,current / stands_merged,,,,,,,,,,,,,0.0,,,,,,,,,,,,,,,,,,,,,,,,,,,,,,,,,,,,,,,,,,,,,,,,,,,,,,,,,,,,,,,angul,Sal-dominant rule,ari,,39.0,NOT ESTIMABLE: < 2 field types,,,,,,,,,,,,,,,,,,,,,,,
6.3,,,,,rotation,current / stands_merged,,,,,,,,,,,,,0.0,,,,,,,,,,,,,,,,,,,,,,,,,,,,,,,,,,,,,,,,,,,,,,,,,,,,,,,,,,,,,,,angul,Sal-dominant rule,nmi,,39.0,NOT ESTIMABLE: < 2 field types,,,,,,,,,,,,,,,,,,,,,,,
6.3,,,,,rotation,current / stands_merged,,,,,,,,,,,,,0.0,,,,,,,,,,,,,,,,,,,,,,,,,,,,,,,,,,,,,,,,,,,,,,,,,,,,,,,,,,,,,,,angul,Sal-dominant rule,cramers_v,,39.0,NOT ESTIMABLE: < 2 field types,,,,,,,,,,,,,,,,,,,,,,,
6.3,,,,,rotation,current / stands_merged,,,,,,,,-0.004593249631487688,,,,28.5625,800.0,,,,,,,,,,,,,,,,,,,,,,,,,,,,,,,,,,,,,,,,,,,,,,,,,,,,,,,,,,,,,,,dhenkanal,Sal-dominant rule,ari,-0.007400506488564643,75.0,,,,,,,,,,,,,,,,,,,,,,,,
6.3,,,,,rotation,current / stands_merged,,,,,,,,0.02810793305900538,,,,8.75,800.0,,,,,,,,,,,,,,,,,,,,,,,,,,,,,,,,,,,,,,,,,,,,,,,,,,,,,,,,,,,,,,,dhenkanal,Sal-dominant rule,nmi,0.016182005002445918,75.0,,,,,,,,,,,,,,,,,,,,,,,,
6.3,,,,,rotation,current / stands_merged,,,,,,,,0.24300266453307487,,,,8.5,800.0,,,,,,,,,,,,,,,,,,,,,,,,,,,,,,,,,,,,,,,,,,,,,,,,,,,,,,,,,,,,,,,dhenkanal,Sal-dominant rule,cramers_v,0.18751872626468424,75.0,,,,,,,,,,,,,,,,,,,,,,,,
6.3,,,,,rotation,current / stands_merged,,,,,,,,-0.11764705882352941,,,,97.55434782608695,1472.0,,,,,,,,,,,,,,,,,,,,,,,,,,,,,,,,,,,,,,,,,,,,,,,,,,,,,,,,,,,,,,,kendujhar,Sal-dominant rule,ari,0.3548387096774194,8.0,,,,,,,,,,,,,,,,,,,,,,,,
6.3,,,,,rotation,current / stands_merged,,,,,,,,0.12027164214110292,,,,97.62228260869566,1472.0,,,,,,,,,,,,,,,,,,,,,,,,,,,,,,,,,,,,,,,,,,,,,,,,,,,,,,,,,,,,,,,kendujhar,Sal-dominant rule,nmi,0.5900742796993583,8.0,,,,,,,,,,,,,,,,,,,,,,,,
6.3,,,,,rotation,current / stands_merged,,,,,,,,0.3779644730092272,,,,94.1771269177127,1434.0,,,,,,,,,,,,,,,,,,,,,,,,,,,,,,,,,,,,,,,,,,,,,,,,,,,,,,,,,,,,,,,kendujhar,Sal-dominant rule,cramers_v,1.0,8.0,,,,,,,,,,,,,,,,,,,,,,,,
6.3,,,,,rotation,current / stands_merged,,,,,,,,,,,,,0.0,,,,,,,,,,,,,,,,,,,,,,,,,,,,,,,,,,,,,,,,,,,,,,,,,,,,,,,,,,,,,,,koraput,Sal-dominant rule,ari,,145.0,NOT ESTIMABLE: < 2 field types,,,,,,,,,,,,,,,,,,,,,,,
6.3,,,,,rotation,current / stands_merged,,,,,,,,,,,,,0.0,,,,,,,,,,,,,,,,,,,,,,,,,,,,,,,,,,,,,,,,,,,,,,,,,,,,,,,,,,,,,,,koraput,Sal-dominant rule,nmi,,145.0,NOT ESTIMABLE: < 2 field types,,,,,,,,,,,,,,,,,,,,,,,
6.3,,,,,rotation,current / stands_merged,,,,,,,,,,,,,0.0,,,,,,,,,,,,,,,,,,,,,,,,,,,,,,,,,,,,,,,,,,,,,,,,,,,,,,,,,,,,,,,koraput,Sal-dominant rule,cramers_v,,145.0,NOT ESTIMABLE: < 2 field types,,,,,,,,,,,,,,,,,,,,,,,
6.3,,,,,rotation,current / stands_merged,,,,,,,,,,,,95.25,800.0,,,,,,,,,,,,,,,,,,,,,,,,,,,,,,,,,,,,,,,,,,,,,,,,,,,,,,,,,,,,,,,weighted mean,Sal-dominant rule,ari,0.027514116756349478,,,,,,,,,,,,,,,,,,,,,,,,,
6.3,,,,,rotation,current / stands_merged,,,,,,,,,,,,91.125,800.0,,,,,,,,,,,,,,,,,,,,,,,,,,,,,,,,,,,,,,,,,,,,,,,,,,,,,,,,,,,,,,,weighted mean,Sal-dominant rule,nmi,0.07149692304552181,,,,,,,,,,,,,,,,,,,,,,,,,
6.3,,,,,rotation,current / stands_merged,,,,,,,,,,,,54.46998722860792,783.0,,,,,,,,,,,,,,,,,,,,,,,,,,,,,,,,,,,,,,,,,,,,,,,,,,,,,,,,,,,,,,,weighted mean,Sal-dominant rule,cramers_v,0.265830174335558,,,,,,,,,,,,,,,,,,,,,,,,,
6.3,,,,,rotation,current / stands_merged,,,,,,,,-0.0018563000916452799,,,,,71.0,,,,,,,,,,,,,,,,,,,,,,,,,,,,,,,,,,,,,,,,,,,,,,,,,1920.0,,,,,,,,,,,,,,,(label only),distant_diff_bc,0.005678846703710105,,,,,,,,,,,,,,,,,,,,,,,,,
6.3,,,,,rotation,current / stands_merged,,,,,,,,-0.2128917538517312,,,,,71.0,,,,,,,,,,,,,,,,,,,,,,,,,,,,,,,,,,,,,,,,,,,,,,,,,1920.0,,,,,,,,,,,,,,,(label only),distant_diff_lorey,0.34687098951340634,,,,,,,,,,,,,,,,,,,,,,,,,
6.1,,,,,rotation,current / stands_snic,loreys_h_m,0.9368608272371264,211.0,267.0,0.7677531807741289,40.0,96.0,0.7786573477486372,0.6673975084693881,0.8569529914005796,-0.010904166974508245,43.17158579289645,1999.0,,,,,,,,,,,,,,,,,,,,,,,,,,,,,,,,,,,,,,,,,,,,,,,,,,,,,,,,,,,,,,,,,,,,,,,,,,,,,,,,,,,,,,,,,,,
6.1,,,,,rotation,current / stands_snic,loreys_h_tree_m,0.9435863964208597,204.0,254.0,0.7728962667574275,36.0,86.0,0.7762455138201277,0.6519745933345231,0.8670966435491871,-0.0033492470627002335,48.674337168584294,1999.0,,,,,,,,,,,,,,,,,,,,,,,,,,,,,,,,,,,,,,,,,,,,,,,,,,,,,,,,,,,,,,,,,,,,,,,,,,,,,,,,,,,,,,,,,,,
6.1,,,,,rotation,current / stands_snic,crown_cover_pct,0.9353622023193988,211.0,267.0,0.8190293150768087,40.0,96.0,0.8061160292363446,0.721618567086737,0.8753107476139147,0.012913285840464028,59.979989994997496,1999.0,,,,,,,,,,,,,,,,,,,,,,,,,,,,,,,,,,,,,,,,,,,,,,,,,,,,,,,,,,,,,,,,,,,,,,,,,,,,,,,,,,,,,,,,,,,
6.1,,,,,rotation,current / stands_snic,sal_ba_frac,0.9656228123951087,211.0,267.0,0.8913675767997118,40.0,96.0,0.8593762528865676,0.7673899363268618,0.9289080023453965,0.03199132391314419,76.53826913456729,1999.0,,,,,,,,,,,,,,,,,,,,,,,,,,,,,,,,,,,,,,,,,,,,,,,,,,,,,,,,,,,,,,,,,,,,,,,,,,,,,,,,,,,,,,,,,,,
6.1,,,,,rotation,current / stands_snic,n_species,0.9082021785570472,211.0,267.0,0.7433904195906239,40.0,96.0,0.7134002143147471,0.6218156033549548,0.7966730425336349,0.029990205275876813,70.13506753376689,1999.0,,,,,,,,,,,,,,,,,,,,,,,,,,,,,,,,,,,,,,,,,,,,,,,,,,,,,,,,,,,,,,,,,,,,,,,,,,,,,,,,,,,,,,,,,,,
6.1,,,,,rotation,current / stands_snic,dbh_mean_cm,0.8926997601140186,204.0,254.0,0.6561741519769458,36.0,86.0,0.663248346093906,0.535493818651377,0.7728535400639134,-0.007074194116960197,47.1735867933967,1999.0,,,,,,,,,,,,,,,,,,,,,,,,,,,,,,,,,,,,,,,,,,,,,,,,,,,,,,,,,,,,,,,,,,,,,,,,,,,,,,,,,,,,,,,,,,,
6.1,,,,,rotation,current / stands_snic,h_top5_m,0.8763513826043556,211.0,267.0,0.6806908492122337,40.0,96.0,0.6997056214167741,0.5825541620084517,0.8176977974696684,-0.019014772204540398,38.169084542271136,1999.0,,,,,,,,,,,,,,,,,,,,,,,,,,,,,,,,,,,,,,,,,,,,,,,,,,,,,,,,,,,,,,,,,,,,,,,,,,,,,,,,,,,,,,,,,,,
6.2,Bray-Curtis,,,,rotation,current / stands_snic,,,,,,,,,,,,95.44772386193097,1999.0,,,,,,,,,,,,,,,,,,,,,,,,,,,,,,,,,,,,,,,,,,,,,,,all pairs,0-100,47.0,83.0,0.07175315018205275,0.0542,False,,,,,,,,,,,,,,,,,,,,,,,,,,,,,,,,,,,,,,
6.2,Bray-Curtis,,,,rotation,current / stands_snic,,,,,,,,,,,,77.53876938469234,1999.0,,,,,,,,,,,,,,,,,,,,,,,,,,,,,,,,,,,,,,,,,,,,,,,all pairs,100-200,27.0,271.0,0.08204539879538209,0.0657,False,,,,,,,,,,,,,,,,,,,,,,,,,,,,,,,,,,,,,,
6.2,Bray-Curtis,,,,rotation,current / stands_snic,,,,,,,,,,,,90.72966507177034,1672.0,,,,,,,,,,,,,,,,,,,,,,,,,,,,,,,,,,,,,,,,,,,,,,,all pairs,200-400,4.0,553.0,0.31972934815163195,0.0069,False,,,,,,,,,,,,,,,,,,,,,,,,,,,,,,,,,,,,,,
6.2,Bray-Curtis,,,,rotation,current / stands_snic,,,,,,,,,,,,,15.0,,,,,,,,,,,,,,,,,,,,,,,,,,,,,,,,,,,,,,,,,,,,,,,all pairs,400-800,0.0,901.0,,,True,,,,,,,,,,,,,,,,,,,,,,,,,,,,,,,,,,,,,,
6.2,Bray-Curtis,,,1886.0,rotation,current / stands_snic,,,,,,,,,,,,97.49874937468735,1999.0,,,,,,,,,,,,,,,,,,,,,,,,,,,,,,,,,,,,,,,,,,,,,,,all pairs,regression,78.0,,,0.0045,,-0.06496049134481272,0.01814184231856879,,,,,,,,,,,,,,,,,,,,,,,,,,,,,,,,,,,,
6.2-sens,Bray-Curtis,,,,,current / stands_snic,,,,,,,,,,,,,,,,,,,,,,,,,,,,,,,,,,,,,,,,,,,,,,,,,,,,,,,,,,,,all pairs,,,,,,,,,0.0588,0.299,0.3635,,0.091,,,,,,,,,,,,,,,,,,,,,,,,,,,,,,,
6.2,Bray-Curtis,,,,rotation,current / stands_snic,,,,,,,,,,,,,69.0,,,,,,,,,,,,,,,,,,,,,,,,,,,,,,,,,,,,,,,,,,,,,,,both > 30 m from boundary,0-100,1.0,0.0,,,True,,,,,,,,,,,,,,,,,,,,,,,,,,,,,,,,,,,,,,
6.2,Bray-Curtis,,,,rotation,current / stands_snic,,,,,,,,,,,,,61.0,,,,,,,,,,,,,,,,,,,,,,,,,,,,,,,,,,,,,,,,,,,,,,,both > 30 m from boundary,100-200,0.0,0.0,,,True,,,,,,,,,,,,,,,,,,,,,,,,,,,,,,,,,,,,,,
6.2,Bray-Curtis,,,,rotation,current / stands_snic,,,,,,,,,,,,,1.0,,,,,,,,,,,,,,,,,,,,,,,,,,,,,,,,,,,,,,,,,,,,,,,both > 30 m from boundary,200-400,0.0,1.0,,,True,,,,,,,,,,,,,,,,,,,,,,,,,,,,,,,,,,,,,,
6.2,Bray-Curtis,,,,rotation,current / stands_snic,,,,,,,,,,,,,0.0,,,,,,,,,,,,,,,,,,,,,,,,,,,,,,,,,,,,,,,,,,,,,,,both > 30 m from boundary,400-800,0.0,0.0,,,True,,,,,,,,,,,,,,,,,,,,,,,,,,,,,,,,,,,,,,
6.2,Bray-Curtis,,,2.0,rotation,current / stands_snic,,,,,,,,,,,,,766.0,,,,,,,,,,,,,,,,,,,,,,,,,,,,,,,,,,,,,,,,,,,,,,,both > 30 m from boundary,regression,1.0,,,,,,,,,,,,,,,,,,,,,,,,,,,,,,,,,,,,,,,,,,
6.2-sens,Bray-Curtis,,,,,current / stands_snic,,,,,,,,,,,,,,,,,,,,,,,,,,,,,,,,,,,,,,,,,,,,,,,,,,,,,,,,,,,,both > 30 m from boundary,,,,,,,,,,,,,,,,,,,,,,,,,,,,,,,,,,,,,,,,,,,,
6.2,|dLorey| m,,,,rotation,current / stands_snic,,,,,,,,,,,,36.61830915457729,1999.0,,,,,,,,,,,,,,,,,,,,,,,,,,,,,,,,,,,,,,,,,,,,,,,all pairs,0-100,47.0,83.0,0.2735759012560237,0.3521,False,,,,,,,,,,,,,,,,,,,,,,,,,,,,,,,,,,,,,,
6.2,|dLorey| m,,,,rotation,current / stands_snic,,,,,,,,,,,,16.558279139569784,1999.0,,,,,,,,,,,,,,,,,,,,,,,,,,,,,,,,,,,,,,,,,,,,,,,all pairs,100-200,27.0,271.0,-1.140332771483564,0.8948,False,,,,,,,,,,,,,,,,,,,,,,,,,,,,,,,,,,,,,,
6.2,|dLorey| m,,,,rotation,current / stands_snic,,,,,,,,,,,,53.88755980861244,1672.0,,,,,,,,,,,,,,,,,,,,,,,,,,,,,,,,,,,,,,,,,,,,,,,all pairs,200-400,4.0,553.0,1.363231850299925,0.3193,False,,,,,,,,,,,,,,,,,,,,,,,,,,,,,,,,,,,,,,
6.2,|dLorey| m,,,,rotation,current / stands_snic,,,,,,,,,,,,,15.0,,,,,,,,,,,,,,,,,,,,,,,,,,,,,,,,,,,,,,,,,,,,,,,all pairs,400-800,0.0,901.0,,,True,,,,,,,,,,,,,,,,,,,,,,,,,,,,,,,,,,,,,,
6.2,|dLorey| m,,,1886.0,rotation,current / stands_snic,,,,,,,,,,,,19.559779889944974,1999.0,,,,,,,,,,,,,,,,,,,,,,,,,,,,,,,,,,,,,,,,,,,,,,,all pairs,regression,78.0,,,0.7192,,0.3711879997115942,0.21422204591126107,,,,,,,,,,,,,,,,,,,,,,,,,,,,,,,,,,,,
6.2-sens,|dLorey| m,,,,,current / stands_snic,,,,,,,,,,,,,,,,,,,,,,,,,,,,,,,,,,,,,,,,,,,,,,,,,,,,,,,,,,,,all pairs,,,,,,,,,0.7535,0.8418,0.1191,,0.8199,,,,,,,,,,,,,,,,,,,,,,,,,,,,,,,
6.2,|dLorey| m,,,,rotation,current / stands_snic,,,,,,,,,,,,,69.0,,,,,,,,,,,,,,,,,,,,,,,,,,,,,,,,,,,,,,,,,,,,,,,both > 30 m from boundary,0-100,1.0,0.0,,,True,,,,,,,,,,,,,,,,,,,,,,,,,,,,,,,,,,,,,,
6.2,|dLorey| m,,,,rotation,current / stands_snic,,,,,,,,,,,,,61.0,,,,,,,,,,,,,,,,,,,,,,,,,,,,,,,,,,,,,,,,,,,,,,,both > 30 m from boundary,100-200,0.0,0.0,,,True,,,,,,,,,,,,,,,,,,,,,,,,,,,,,,,,,,,,,,
6.2,|dLorey| m,,,,rotation,current / stands_snic,,,,,,,,,,,,,1.0,,,,,,,,,,,,,,,,,,,,,,,,,,,,,,,,,,,,,,,,,,,,,,,both > 30 m from boundary,200-400,0.0,1.0,,,True,,,,,,,,,,,,,,,,,,,,,,,,,,,,,,,,,,,,,,
6.2,|dLorey| m,,,,rotation,current / stands_snic,,,,,,,,,,,,,0.0,,,,,,,,,,,,,,,,,,,,,,,,,,,,,,,,,,,,,,,,,,,,,,,both > 30 m from boundary,400-800,0.0,0.0,,,True,,,,,,,,,,,,,,,,,,,,,,,,,,,,,,,,,,,,,,
6.2,|dLorey| m,,,2.0,rotation,current / stands_snic,,,,,,,,,,,,,766.0,,,,,,,,,,,,,,,,,,,,,,,,,,,,,,,,,,,,,,,,,,,,,,,both > 30 m from boundary,regression,1.0,,,,,,,,,,,,,,,,,,,,,,,,,,,,,,,,,,,,,,,,,,
6.2-sens,|dLorey| m,,,,,current / stands_snic,,,,,,,,,,,,,,,,,,,,,,,,,,,,,,,,,,,,,,,,,,,,,,,,,,,,,,,,,,,,both > 30 m from boundary,,,,,,,,,,,,,,,,,,,,,,,,,,,,,,,,,,,,,,,,,,,,
null-failure,,,,,rotation,current / stands_dissolved,,,,,,,,,,,,,,,,,,,,,,,,,,,,,,,,,,,,,,,,,,,,,,,,,,,,,,,,,,,,,,,,,,,,,,,,,,,,,,,,,,angul:ANANDA PUR,932.0,1999.0,450200.0,110148.0,9.0,8.0,plain,0.2495,,,,,,,,,,,,,,
null-failure,,,,,rotation,current / stands_dissolved,,,,,,,,,,,,,,,,,,,,,,,,,,,,,,,,,,,,,,,,,,,,,,,,,,,,,,,,,,,,,,,,,,,,,,,,,,,,,,,,,,koraput:HATIMUNDA,375.0,1999.0,450200.0,449679.0,59.0,55.0,feasible-region,0.00225,,,,,,,,,,,,,,
6.1,,,,,rotation,current / stands_dissolved,loreys_h_m,0.5850952699463122,51.0,253.0,0.5722211426175158,35.0,237.0,,,,,,0.0,,,,,,,,,,,,,,,,,,,,,,,,,,,,,,,,,,,,,,,,,,,,,,,,,,,,,,,,,,,,,,,,,,,,,,,,,,,,,,True,,,,,,,,,,,,,
6.1,,,,,rotation,current / stands_dissolved,loreys_h_tree_m,0.6098202525651086,50.0,241.0,0.5943771492653639,33.0,224.0,,,,,,0.0,,,,,,,,,,,,,,,,,,,,,,,,,,,,,,,,,,,,,,,,,,,,,,,,,,,,,,,,,,,,,,,,,,,,,,,,,,,,,,True,,,,,,,,,,,,,
6.1,,,,,rotation,current / stands_dissolved,crown_cover_pct,0.6452608526764213,51.0,253.0,0.630403512201895,35.0,237.0,,,,,,0.0,,,,,,,,,,,,,,,,,,,,,,,,,,,,,,,,,,,,,,,,,,,,,,,,,,,,,,,,,,,,,,,,,,,,,,,,,,,,,,True,,,,,,,,,,,,,
6.1,,,,,rotation,current / stands_dissolved,sal_ba_frac,0.722421190717784,51.0,253.0,0.7120496143027029,35.0,237.0,,,,,,0.0,,,,,,,,,,,,,,,,,,,,,,,,,,,,,,,,,,,,,,,,,,,,,,,,,,,,,,,,,,,,,,,,,,,,,,,,,,,,,,True,,,,,,,,,,,,,
6.1,,,,,rotation,current / stands_dissolved,n_species,0.5732396035433476,51.0,253.0,0.5557017724441224,35.0,237.0,,,,,,0.0,,,,,,,,,,,,,,,,,,,,,,,,,,,,,,,,,,,,,,,,,,,,,,,,,,,,,,,,,,,,,,,,,,,,,,,,,,,,,,True,,,,,,,,,,,,,
6.1,,,,,rotation,current / stands_dissolved,dbh_mean_cm,0.569001658534488,50.0,241.0,0.5441763004407514,33.0,224.0,,,,,,0.0,,,,,,,,,,,,,,,,,,,,,,,,,,,,,,,,,,,,,,,,,,,,,,,,,,,,,,,,,,,,,,,,,,,,,,,,,,,,,,True,,,,,,,,,,,,,
6.1,,,,,rotation,current / stands_dissolved,h_top5_m,0.6139654647060797,51.0,253.0,0.5919650134833474,35.0,237.0,,,,,,0.0,,,,,,,,,,,,,,,,,,,,,,,,,,,,,,,,,,,,,,,,,,,,,,,,,,,,,,,,,,,,,,,,,,,,,,,,,,,,,,True,,,,,,,,,,,,,
dissolved-sens,,,,,,current / stands_dissolved,,,,,,,,,,,,,,,,,,,,,,,,,,,,,,,,,,,,,,,,,,,,,,,,,,,,,,,,,,,,,,,,,,,,,,,,,,,,,,,,,,,,,,,,,,,,0.5696508493110446,0.5066064636602615,0.5274234068597254,0.5657585779309359,0.6896041862047848,0.41667755221827396,0.3855246047384112,0.4895427104843151,,,,,
6.2,Bray-Curtis,,,,rotation,current / stands_dissolved,,,,,,,,,,,,,0.0,,,,,,,,,,,,,,,,,,,,,,,,,,,,,,,,,,,,,,,,,,,,,,,all pairs,0-100,101.0,20.0,0.12282972589200791,0.0175,False,,,,,,,,,,,,,,,,,,,,,,,,,True,,,,,,,,,,,,,
6.2,Bray-Curtis,,,,rotation,current / stands_dissolved,,,,,,,,,,,,,0.0,,,,,,,,,,,,,,,,,,,,,,,,,,,,,,,,,,,,,,,,,,,,,,,all pairs,100-200,192.0,75.0,0.09549341810816969,0.0036,False,,,,,,,,,,,,,,,,,,,,,,,,,True,,,,,,,,,,,,,
6.2,Bray-Curtis,,,,rotation,current / stands_dissolved,,,,,,,,,,,,,0.0,,,,,,,,,,,,,,,,,,,,,,,,,,,,,,,,,,,,,,,,,,,,,,,all pairs,200-400,316.0,188.0,0.05415690189467326,0.0053,False,,,,,,,,,,,,,,,,,,,,,,,,,True,,,,,,,,,,,,,
6.2,Bray-Curtis,,,,rotation,current / stands_dissolved,,,,,,,,,,,,,0.0,,,,,,,,,,,,,,,,,,,,,,,,,,,,,,,,,,,,,,,,,,,,,,,all pairs,400-800,313.0,475.0,0.04939954553373238,0.0003,False,,,,,,,,,,,,,,,,,,,,,,,,,True,,,,,,,,,,,,,
6.2,Bray-Curtis,,,1680.0,rotation,current / stands_dissolved,,,,,,,,,,,,,0.0,,,,,,,,,,,,,,,,,,,,,,,,,,,,,,,,,,,,,,,,,,,,,,,all pairs,regression,922.0,,,0.0001,,-0.053768481952968586,0.015195949483507172,,,,,,,,,,,,,,,,,,,,,,,True,,,,,,,,,,,,,
6.2-sens,Bray-Curtis,,,,,current / stands_dissolved,,,,,,,,,,,,,,,,,,,,,,,,,,,,,,,,,,,,,,,,,,,,,,,,,,,,,,,,,,,,all pairs,,,,,,,,,0.4871,0.8466,0.8297,0.5522,0.9124,,,,,,,,,,,,,,,,,,,,,,,,,,,,,,,
6.2,Bray-Curtis,,,,rotation,current / stands_dissolved,,,,,,,,,,,,,0.0,,,,,,,,,,,,,,,,,,,,,,,,,,,,,,,,,,,,,,,,,,,,,,,both > 30 m from boundary,0-100,61.0,0.0,,,True,,,,,,,,,,,,,,,,,,,,,,,,,True,,,,,,,,,,,,,
6.2,Bray-Curtis,,,,rotation,current / stands_dissolved,,,,,,,,,,,,,0.0,,,,,,,,,,,,,,,,,,,,,,,,,,,,,,,,,,,,,,,,,,,,,,,both > 30 m from boundary,100-200,110.0,5.0,0.21587892367518402,0.0492,False,,,,,,,,,,,,,,,,,,,,,,,,,True,,,,,,,,,,,,,
6.2,Bray-Curtis,,,,rotation,current / stands_dissolved,,,,,,,,,,,,,0.0,,,,,,,,,,,,,,,,,,,,,,,,,,,,,,,,,,,,,,,,,,,,,,,both > 30 m from boundary,200-400,222.0,37.0,0.07476042930150961,0.0402,False,,,,,,,,,,,,,,,,,,,,,,,,,True,,,,,,,,,,,,,
6.2,Bray-Curtis,,,,rotation,current / stands_dissolved,,,,,,,,,,,,,0.0,,,,,,,,,,,,,,,,,,,,,,,,,,,,,,,,,,,,,,,,,,,,,,,both > 30 m from boundary,400-800,221.0,105.0,0.02783205368925934,0.1518,False,,,,,,,,,,,,,,,,,,,,,,,,,True,,,,,,,,,,,,,
6.2,Bray-Curtis,,,761.0,rotation,current / stands_dissolved,,,,,,,,,,,,,0.0,,,,,,,,,,,,,,,,,,,,,,,,,,,,,,,,,,,,,,,,,,,,,,,both > 30 m from boundary,regression,614.0,,,0.0369,,-0.04111892632839365,0.026189659605307596,,,,,,,,,,,,,,,,,,,,,,,True,,,,,,,,,,,,,
6.2-sens,Bray-Curtis,,,,,current / stands_dissolved,,,,,,,,,,,,,,,,,,,,,,,,,,,,,,,,,,,,,,,,,,,,,,,,,,,,,,,,,,,,both > 30 m from boundary,,,,,,,,,,0.3583,0.4883,0.3429,0.4287,,,,,,,,,,,,,,,,,,,,,,,,,,,,,,,
6.2,|dLorey| m,,,,rotation,current / stands_dissolved,,,,,,,,,,,,,0.0,,,,,,,,,,,,,,,,,,,,,,,,,,,,,,,,,,,,,,,,,,,,,,,all pairs,0-100,101.0,20.0,0.9722731437181364,0.1456,False,,,,,,,,,,,,,,,,,,,,,,,,,True,,,,,,,,,,,,,
6.2,|dLorey| m,,,,rotation,current / stands_dissolved,,,,,,,,,,,,,0.0,,,,,,,,,,,,,,,,,,,,,,,,,,,,,,,,,,,,,,,,,,,,,,,all pairs,100-200,192.0,75.0,-0.4945497194795916,0.7906,False,,,,,,,,,,,,,,,,,,,,,,,,,True,,,,,,,,,,,,,
6.2,|dLorey| m,,,,rotation,current / stands_dissolved,,,,,,,,,,,,,0.0,,,,,,,,,,,,,,,,,,,,,,,,,,,,,,,,,,,,,,,,,,,,,,,all pairs,200-400,316.0,188.0,-0.780711371260479,0.9705,False,,,,,,,,,,,,,,,,,,,,,,,,,True,,,,,,,,,,,,,
6.2,|dLorey| m,,,,rotation,current / stands_dissolved,,,,,,,,,,,,,0.0,,,,,,,,,,,,,,,,,,,,,,,,,,,,,,,,,,,,,,,,,,,,,,,all pairs,400-800,313.0,475.0,0.7520669035917589,0.0147,False,,,,,,,,,,,,,,,,,,,,,,,,,True,,,,,,,,,,,,,
6.2,|dLorey| m,,,1680.0,rotation,current / stands_dissolved,,,,,,,,,,,,,0.0,,,,,,,,,,,,,,,,,,,,,,,,,,,,,,,,,,,,,,,,,,,,,,,all pairs,regression,922.0,,,0.4361,,-0.049409499273297255,0.1760356533304624,,,,,,,,,,,,,,,,,,,,,,,True,,,,,,,,,,,,,
6.2-sens,|dLorey| m,,,,,current / stands_dissolved,,,,,,,,,,,,,,,,,,,,,,,,,,,,,,,,,,,,,,,,,,,,,,,,,,,,,,,,,,,,all pairs,,,,,,,,,0.302,0.5877,0.85,0.8849,0.9384,,,,,,,,,,,,,,,,,,,,,,,,,,,,,,,
6.2,|dLorey| m,,,,rotation,current / stands_dissolved,,,,,,,,,,,,,0.0,,,,,,,,,,,,,,,,,,,,,,,,,,,,,,,,,,,,,,,,,,,,,,,both > 30 m from boundary,0-100,61.0,0.0,,,True,,,,,,,,,,,,,,,,,,,,,,,,,True,,,,,,,,,,,,,
6.2,|dLorey| m,,,,rotation,current / stands_dissolved,,,,,,,,,,,,,0.0,,,,,,,,,,,,,,,,,,,,,,,,,,,,,,,,,,,,,,,,,,,,,,,both > 30 m from boundary,100-200,110.0,5.0,-0.6027716590548939,0.4956,False,,,,,,,,,,,,,,,,,,,,,,,,,True,,,,,,,,,,,,,
6.2,|dLorey| m,,,,rotation,current / stands_dissolved,,,,,,,,,,,,,0.0,,,,,,,,,,,,,,,,,,,,,,,,,,,,,,,,,,,,,,,,,,,,,,,both > 30 m from boundary,200-400,222.0,37.0,-1.5465809006874194,0.9612,False,,,,,,,,,,,,,,,,,,,,,,,,,True,,,,,,,,,,,,,
6.2,|dLorey| m,,,,rotation,current / stands_dissolved,,,,,,,,,,,,,0.0,,,,,,,,,,,,,,,,,,,,,,,,,,,,,,,,,,,,,,,,,,,,,,,both > 30 m from boundary,400-800,221.0,105.0,1.929291037514564,0.002,False,,,,,,,,,,,,,,,,,,,,,,,,,True,,,,,,,,,,,,,
6.2,|dLorey| m,,,761.0,rotation,current / stands_dissolved,,,,,,,,,,,,,0.0,,,,,,,,,,,,,,,,,,,,,,,,,,,,,,,,,,,,,,,,,,,,,,,both > 30 m from boundary,regression,614.0,,,0.0781,,-0.7696850739669521,0.08822893082257958,,,,,,,,,,,,,,,,,,,,,,,True,,,,,,,,,,,,,
6.2-sens,|dLorey| m,,,,,current / stands_dissolved,,,,,,,,,,,,,,,,,,,,,,,,,,,,,,,,,,,,,,,,,,,,,,,,,,,,,,,,,,,,both > 30 m from boundary,,,,,,,,,,0.7362,0.8926,0.5951,0.818,,,,,,,,,,,,,,,,,,,,,,,,,,,,,,,
6.1,,,,,rotation,alphaearth / stands_merged,loreys_h_m,0.8476970600490037,138.0,267.0,0.7345511736135947,57.0,186.0,0.7223872757352348,0.6342891145270537,0.7932744776282064,0.01216389787835992,60.43021510755378,1999.0,,,,,,,,,,,,,,,,,,,,,,,,,,,,,,,,,,,,,,,,,,,,,,,,,,,,,,,,,,,,,,,,,,,,,,,,,,,,,,,,,,,,,,,,,,,
6.1,,,,,rotation,alphaearth / stands_merged,loreys_h_tree_m,0.8600556343530585,136.0,254.0,0.7453855342836417,55.0,173.0,0.7317470748524968,0.6479411205111026,0.8025640547507309,0.013638459431144945,61.93096548274137,1999.0,,,,,,,,,,,,,,,,,,,,,,,,,,,,,,,,,,,,,,,,,,,,,,,,,,,,,,,,,,,,,,,,,,,,,,,,,,,,,,,,,,,,,,,,,,,
6.1,,,,,rotation,alphaearth / stands_merged,crown_cover_pct,0.8043729377513482,138.0,267.0,0.7247071506305766,57.0,186.0,0.750516832773342,0.696499497232328,0.8067514827869423,-0.025809682142765467,21.710855427713856,1999.0,,,,,,,,,,,,,,,,,,,,,,,,,,,,,,,,,,,,,,,,,,,,,,,,,,,,,,,,,,,,,,,,,,,,,,,,,,,,,,,,,,,,,,,,,,,
6.1,,,,,rotation,alphaearth / stands_merged,sal_ba_frac,0.8970158461365288,138.0,267.0,0.8548628241489296,57.0,186.0,0.819059619573018,0.7575098752073806,0.8750547704265847,0.035803204575911574,84.34217108554277,1999.0,,,,,,,,,,,,,,,,,,,,,,,,,,,,,,,,,,,,,,,,,,,,,,,,,,,,,,,,,,,,,,,,,,,,,,,,,,,,,,,,,,,,,,,,,,,
6.1,,,,,rotation,alphaearth / stands_merged,n_species,0.7932504365596661,138.0,267.0,0.6909292909109834,57.0,186.0,0.6859532082717389,0.6203884935519446,0.7478035454928018,0.004976082639244539,54.777388694347174,1999.0,,,,,,,,,,,,,,,,,,,,,,,,,,,,,,,,,,,,,,,,,,,,,,,,,,,,,,,,,,,,,,,,,,,,,,,,,,,,,,,,,,,,,,,,,,,
6.1,,,,,rotation,alphaearth / stands_merged,dbh_mean_cm,0.7856348494709234,136.0,254.0,0.6364313163924877,55.0,173.0,0.6332707505706313,0.567600620202671,0.7073501503613746,0.0031605658218564203,53.176588294147074,1999.0,,,,,,,,,,,,,,,,,,,,,,,,,,,,,,,,,,,,,,,,,,,,,,,,,,,,,,,,,,,,,,,,,,,,,,,,,,,,,,,,,,,,,,,,,,,
6.1,,,,,rotation,alphaearth / stands_merged,h_top5_m,0.8061870175589351,138.0,267.0,0.7233759864765354,57.0,186.0,0.6968329661359474,0.6309991231023038,0.7582561001464356,0.026543020340588086,74.78739369684843,1999.0,,,,,,,,,,,,,,,,,,,,,,,,,,,,,,,,,,,,,,,,,,,,,,,,,,,,,,,,,,,,,,,,,,,,,,,,,,,,,,,,,,,,,,,,,,,
6.1-sens,,,,,,alphaearth / stands_merged,loreys_h_m,,,,,,,,,,,,,0.6193175745621319,75.08754377188595,1999.0,0.42185929080523366,76.18809404702351,1999.0,65.13256628314157,1999.0,50.675337668834416,1999.0,61.23061530765383,1999.0,62.18109054527264,1999.0,54.07703851925963,1999.0,60.530265132566285,1999.0,60.63031515757879,1999.0,66.13306653326663,1999.0,60.18009004502251,1999.0,50.3751875937969,1999.0,64.48224112056027,1999.0,60.03001500750375,1999.0,52.276138069034516,1999.0,60.8304152076038,1999.0,65.33266633316659,1999.0,60.58029014507254,1999.0,59.67983991995998,1999.0,59.979989994997496,1999.0,61.78089044522261,1999.0,61.63081540770385,1999.0,,,,,,,,,,,,,,,,,,,,,,,,,,,,,,,,,,,,,,,,,,,,,
6.1-sens,,,,,,alphaearth / stands_merged,loreys_h_tree_m,,,,,,,,,,,,,0.628867049972766,73.78689344672337,1999.0,0.42228096614585964,76.28814407203602,1999.0,69.38469234617308,1999.0,51.77588794397199,1999.0,61.23061530765383,1999.0,60.18009004502251,1999.0,55.77788894447224,1999.0,62.03101550775388,1999.0,61.78089044522261,1999.0,67.63381690845422,1999.0,61.330665332666335,1999.0,52.32616308154077,1999.0,66.58329164582291,1999.0,61.93096548274137,1999.0,57.82891445722861,1999.0,61.88094047023512,1999.0,62.88144072036018,1999.0,62.18109054527264,1999.0,61.93096548274137,1999.0,61.43071535767884,1999.0,63.78189094547274,1999.0,61.38069034517259,1999.0,,,,,,,,,,,,,,,,,,,,,,,,,,,,,,,,,,,,,,,,,,,,,
6.1-sens,,,,,,alphaearth / stands_merged,crown_cover_pct,,,,,,,,,,,,,0.6052001772609044,42.12106053026513,1999.0,0.3454032501590688,39.469734867433715,1999.0,22.56128064032016,1999.0,21.11055527763882,1999.0,34.76738369184592,1999.0,28.114057028514257,1999.0,22.211105552776388,1999.0,24.16208104052026,1999.0,25.962981490745374,1999.0,21.710855427713856,1999.0,25.512756378189096,1999.0,14.4072036018009,1999.0,21.31065532766383,1999.0,27.663831915957978,1999.0,20.710355177588795,1999.0,21.360680340170084,1999.0,12.256128064032016,1999.0,20.010005002501252,1999.0,21.510755377688845,1999.0,24.262131065532767,1999.0,21.960980490245124,1999.0,21.46073036518259,1999.0,,,,,,,,,,,,,,,,,,,,,,,,,,,,,,,,,,,,,,,,,,,,,
6.1-sens,,,,,,alphaearth / stands_merged,sal_ba_frac,,,,,,,,,,,,,0.7918575385081548,89.89494747373686,1999.0,0.3996654183243942,87.14357178589295,1999.0,84.44222111055528,1999.0,84.7423711855928,1999.0,85.04252126063031,1999.0,84.39219609804903,1999.0,84.7423711855928,1999.0,88.144072036018,1999.0,77.53876938469234,1999.0,83.24162081040521,1999.0,84.69234617308655,1999.0,71.33566783391696,1999.0,82.69134567283642,1999.0,92.69634817408705,1999.0,80.04002001000501,1999.0,84.39219609804903,1999.0,83.54177088544272,1999.0,84.29214607303652,1999.0,84.29214607303652,1999.0,84.79239619809906,1999.0,84.29214607303652,1999.0,84.24212106053027,1999.0,,,,,,,,,,,,,,,,,,,,,,,,,,,,,,,,,,,,,,,,,,,,,
6.1-sens,,,,,,alphaearth / stands_merged,n_species,,,,,,,,,,,,,0.5567590606087747,75.68784392196098,1999.0,0.4805206073023719,80.39019509754877,1999.0,54.87743871935968,1999.0,58.129064532266135,1999.0,56.62831415707854,1999.0,57.178589294647324,1999.0,55.52776388194097,1999.0,56.82841420710355,1999.0,31.66583291645823,1999.0,54.67733866933467,1999.0,49.17458729364682,1999.0,52.276138069034516,1999.0,54.62731365682841,1999.0,53.12656328164082,1999.0,62.98149074537269,1999.0,55.37768884442221,1999.0,43.221610805402705,1999.0,54.67733866933467,1999.0,54.277138569284645,1999.0,67.43371685842922,1999.0,64.08204102051026,1999.0,56.22811405702851,1999.0,,,,,,,,,,,,,,,,,,,,,,,,,,,,,,,,,,,,,,,,,,,,,
6.1-sens,,,,,,alphaearth / stands_merged,dbh_mean_cm,,,,,,,,,,,,,0.47005242728396524,71.935967983992,1999.0,0.38559092148308827,80.04002001000501,1999.0,59.02951475737869,1999.0,51.82591295647824,1999.0,51.42571285642821,1999.0,51.075537768884445,1999.0,52.17608804402201,1999.0,70.93546773386693,1999.0,55.77788894447224,1999.0,52.676338169084545,1999.0,52.97648824412206,1999.0,46.77338669334667,1999.0,50.17508754377189,1999.0,42.021010505252626,1999.0,71.33566783391696,1999.0,57.02851425712856,1999.0,24.062031015507753,1999.0,51.02551275637819,1999.0,53.176588294147074,1999.0,62.68134067033517,1999.0,51.2256128064032,1999.0,53.076538269134566,1999.0,,,,,,,,,,,,,,,,,,,,,,,,,,,,,,,,,,,,,,,,,,,,,
6.1-sens,,,,,,alphaearth / stands_merged,h_top5_m,,,,,,,,,,,,,0.6032911433965819,89.64482241120561,1999.0,0.4825518437329419,82.54127063531766,1999.0,74.68734367183592,1999.0,73.73686843421712,1999.0,75.73786893446723,1999.0,75.9879939969985,1999.0,72.93646823411706,1999.0,71.98599299649825,1999.0,72.23611805902951,1999.0,78.13906953476739,1999.0,74.83741870935468,1999.0,73.68684342171086,1999.0,84.24212106053027,1999.0,75.38769384692347,1999.0,70.03501750875438,1999.0,74.3871935967984,1999.0,56.128064032016006,1999.0,74.93746873436719,1999.0,74.23711855927964,1999.0,74.18709354677338,1999.0,76.23811905952977,1999.0,75.08754377188595,1999.0,,,,,,,,,,,,,,,,,,,,,,,,,,,,,,,,,,,,,,,,,,,,,
6.2,Bray-Curtis,,,,rotation,alphaearth / stands_merged,,,,,,,,,,,,93.49674837418709,1999.0,,,,,,,,,,,,,,,,,,,,,,,,,,,,,,,,,,,,,,,,,,,,,,,all pairs,0-100,99.0,31.0,0.06133449970148219,0.1108,False,,,,,,,,,,,,,,,,,,,,,,,,,,,,,,,,,,,,,,
6.2,Bray-Curtis,,,,rotation,alphaearth / stands_merged,,,,,,,,,,,,85.84292146073037,1999.0,,,,,,,,,,,,,,,,,,,,,,,,,,,,,,,,,,,,,,,,,,,,,,,all pairs,100-200,131.0,167.0,0.05178285163474061,0.0465,False,,,,,,,,,,,,,,,,,,,,,,,,,,,,,,,,,,,,,,
6.2,Bray-Curtis,,,,rotation,alphaearth / stands_merged,,,,,,,,,,,,83.94197098549274,1999.0,,,,,,,,,,,,,,,,,,,,,,,,,,,,,,,,,,,,,,,,,,,,,,,all pairs,200-400,69.0,488.0,0.05399673520410597,0.0356,False,,,,,,,,,,,,,,,,,,,,,,,,,,,,,,,,,,,,,,
6.2,Bray-Curtis,,,,rotation,alphaearth / stands_merged,,,,,,,,,,,,,1978.0,,,,,,,,,,,,,,,,,,,,,,,,,,,,,,,,,,,,,,,,,,,,,,,all pairs,400-800,3.0,898.0,0.6325435160305787,0.0001,True,,,,,,,,,,,,,,,,,,,,,,,,,,,,,,,,,,,,,,
6.2,Bray-Curtis,,,1886.0,rotation,alphaearth / stands_merged,,,,,,,,,,,,94.79739869934967,1999.0,,,,,,,,,,,,,,,,,,,,,,,,,,,,,,,,,,,,,,,,,,,,,,,all pairs,regression,302.0,,,0.0009,,-0.04471376572486429,0.016124848622083136,,,,,,,,,,,,,,,,,,,,,,,,,,,,,,,,,,,,
6.2-sens,Bray-Curtis,,,,,alphaearth / stands_merged,,,,,,,,,,,,,,,,,,,,,,,,,,,,,,,,,,,,,,,,,,,,,,,,,,,,,,,,,,,,all pairs,,,,,,,,,0.2414,0.3697,0.0541,0.0039,0.0479,,,,,,,,,,,,,,,,,,,,,,,,,,,,,,,
6.2,Bray-Curtis,,,,rotation,alphaearth / stands_merged,,,,,,,,,,,,,960.0,,,,,,,,,,,,,,,,,,,,,,,,,,,,,,,,,,,,,,,,,,,,,,,both > 30 m from boundary,0-100,26.0,2.0,0.16718759742697809,0.107,True,,,,,,,,,,,,,,,,,,,,,,,,,,,,,,,,,,,,,,
6.2,Bray-Curtis,,,,rotation,alphaearth / stands_merged,,,,,,,,,,,,76.89223057644111,1995.0,,,,,,,,,,,,,,,,,,,,,,,,,,,,,,,,,,,,,,,,,,,,,,,both > 30 m from boundary,100-200,24.0,16.0,0.08865204214874811,0.1372,False,,,,,,,,,,,,,,,,,,,,,,,,,,,,,,,,,,,,,,
6.2,Bray-Curtis,,,,rotation,alphaearth / stands_merged,,,,,,,,,,,,90.63690800217746,1837.0,,,,,,,,,,,,,,,,,,,,,,,,,,,,,,,,,,,,,,,,,,,,,,,both > 30 m from boundary,200-400,4.0,42.0,0.23267071295184327,0.0336,False,,,,,,,,,,,,,,,,,,,,,,,,,,,,,,,,,,,,,,
6.2,Bray-Curtis,,,,rotation,alphaearth / stands_merged,,,,,,,,,,,,,432.0,,,,,,,,,,,,,,,,,,,,,,,,,,,,,,,,,,,,,,,,,,,,,,,both > 30 m from boundary,400-800,0.0,78.0,,,True,,,,,,,,,,,,,,,,,,,,,,,,,,,,,,,,,,,,,,
6.2,Bray-Curtis,,,192.0,rotation,alphaearth / stands_merged,,,,,,,,,,,,93.14657328664332,1999.0,,,,,,,,,,,,,,,,,,,,,,,,,,,,,,,,,,,,,,,,,,,,,,,both > 30 m from boundary,regression,54.0,,,0.013,,-0.1049042410775346,0.008554448642649077,,,,,,,,,,,,,,,,,,,,,,,,,,,,,,,,,,,,
6.2-sens,Bray-Curtis,,,,,alphaearth / stands_merged,,,,,,,,,,,,,,,,,,,,,,,,,,,,,,,,,,,,,,,,,,,,,,,,,,,,,,,,,,,,both > 30 m from boundary,,,,,,,,,0.1643,0.0925,0.313,,0.0513,,,,,,,,,,,,,,,,,,,,,,,,,,,,,,,
6.2-sens,Bray-Curtis,,,,,alphaearth / stands_merged,,,,,,,,,,,,81.99099549774887,1999.0,,,,,,,,,,,,,,,,,,,,,,,,,,,,,,,,,,,,,,,,,,,,,,,all pairs,,302.0,,,,,-0.012149682152831498,,,,,,,,site fixed effects,,,,,,,,,,,,,,,,,,,,,,,,,,,,,
6.2-sens,Bray-Curtis,,,,,alphaearth / stands_merged,,,,,,,,,,,,99.84992496248124,1999.0,,,,,,,,,,,,,,,,,,,,,,,,,,,,,,,,,,,,,,,,,,,,,,,all pairs,,302.0,,,,,-0.07769259845162828,,,,,,,,stand-weighted (same pair weight 1/pairs in its stand),,,,,,,,,,,,,,,,,,,,,,,,,,,,,
6.2-sens,Bray-Curtis,,,,,alphaearth / stands_merged,,,,,,,,,,,,93.84692346173087,1999.0,,,,,,,,,,,,,,,,,,,,,,,,,,,,,,,,,,,,,,,,,,,,,,,all pairs,,297.0,,,,,-0.04192489026410796,,,,,,,,drop angul:KANSAB,,,,,,,,,,,,,,,,,,,,,,,,,,,,,
6.2-sens,Bray-Curtis,,,,,alphaearth / stands_merged,,,,,,,,,,,,94.79739869934967,1999.0,,,,,,,,,,,,,,,,,,,,,,,,,,,,,,,,,,,,,,,,,,,,,,,all pairs,,302.0,,,,,-0.04456515125711938,,,,,,,,drop angul:GHANAJODI,,,,,,,,,,,,,,,,,,,,,,,,,,,,,
6.2-sens,Bray-Curtis,,,,,alphaearth / stands_merged,,,,,,,,,,,,94.84742371185592,1999.0,,,,,,,,,,,,,,,,,,,,,,,,,,,,,,,,,,,,,,,,,,,,,,,all pairs,,278.0,,,,,-0.04608741402612655,,,,,,,,drop angul:JOGI BANDHA,,,,,,,,,,,,,,,,,,,,,,,,,,,,,
6.2-sens,Bray-Curtis,,,,,alphaearth / stands_merged,,,,,,,,,,,,95.09754877438719,1999.0,,,,,,,,,,,,,,,,,,,,,,,,,,,,,,,,,,,,,,,,,,,,,,,all pairs,,291.0,,,,,-0.04722987264761163,,,,,,,,drop angul:ANANDA PUR,,,,,,,,,,,,,,,,,,,,,,,,,,,,,
6.2-sens,Bray-Curtis,,,,,alphaearth / stands_merged,,,,,,,,,,,,95.04752376188094,1999.0,,,,,,,,,,,,,,,,,,,,,,,,,,,,,,,,,,,,,,,,,,,,,,,all pairs,,301.0,,,,,-0.046828797807320716,,,,,,,,drop dhenkanal:TULASIPASI,,,,,,,,,,,,,,,,,,,,,,,,,,,,,
6.2-sens,Bray-Curtis,,,,,alphaearth / stands_merged,,,,,,,,,,,,94.69734867433716,1999.0,,,,,,,,,,,,,,,,,,,,,,,,,,,,,,,,,,,,,,,,,,,,,,,all pairs,,293.0,,,,,-0.045659420749009236,,,,,,,,drop dhenkanal:KANKANA,,,,,,,,,,,,,,,,,,,,,,,,,,,,,
6.2-sens,Bray-Curtis,,,,,alphaearth / stands_merged,,,,,,,,,,,,94.4472236118059,1999.0,,,,,,,,,,,,,,,,,,,,,,,,,,,,,,,,,,,,,,,,,,,,,,,all pairs,,300.0,,,,,-0.043856618481250116,,,,,,,,drop dhenkanal:Balikurma,,,,,,,,,,,,,,,,,,,,,,,,,,,,,
6.2-sens,Bray-Curtis,,,,,alphaearth / stands_merged,,,,,,,,,,,,94.89744872436218,1999.0,,,,,,,,,,,,,,,,,,,,,,,,,,,,,,,,,,,,,,,,,,,,,,,all pairs,,302.0,,,,,-0.044759636687116675,,,,,,,,drop dhenkanal:Kampulei,,,,,,,,,,,,,,,,,,,,,,,,,,,,,
6.2-sens,Bray-Curtis,,,,,alphaearth / stands_merged,,,,,,,,,,,,95.24762381190595,1999.0,,,,,,,,,,,,,,,,,,,,,,,,,,,,,,,,,,,,,,,,,,,,,,,all pairs,,297.0,,,,,-0.04774637075579328,,,,,,,,drop dhenkanal:Adhapalli,,,,,,,,,,,,,,,,,,,,,,,,,,,,,
6.2-sens,Bray-Curtis,,,,,alphaearth / stands_merged,,,,,,,,,,,,94.39719859929966,1999.0,,,,,,,,,,,,,,,,,,,,,,,,,,,,,,,,,,,,,,,,,,,,,,,all pairs,,297.0,,,,,-0.045169173526267016,,,,,,,,drop dhenkanal:Mahabirod,,,,,,,,,,,,,,,,,,,,,,,,,,,,,
6.2-sens,Bray-Curtis,,,,,alphaearth / stands_merged,,,,,,,,,,,,82.74137068534267,1999.0,,,,,,,,,,,,,,,,,,,,,,,,,,,,,,,,,,,,,,,,,,,,,,,all pairs,,278.0,,,,,-0.019544405666749476,,,,,,,,drop dhenkanal:Kerijoli,,,,,,,,,,,,,,,,,,,,,,,,,,,,,
6.2-sens,Bray-Curtis,,,,,alphaearth / stands_merged,,,,,,,,,,,,95.79789894947474,1999.0,,,,,,,,,,,,,,,,,,,,,,,,,,,,,,,,,,,,,,,,,,,,,,,all pairs,,294.0,,,,,-0.051327508434936976,,,,,,,,drop dhenkanal:Pangatira,,,,,,,,,,,,,,,,,,,,,,,,,,,,,
6.2-sens,Bray-Curtis,,,,,alphaearth / stands_merged,,,,,,,,,,,,93.19659829914957,1999.0,,,,,,,,,,,,,,,,,,,,,,,,,,,,,,,,,,,,,,,,,,,,,,,all pairs,,300.0,,,,,-0.03818617700949545,,,,,,,,drop kendujhar:BHANRADI SAHI,,,,,,,,,,,,,,,,,,,,,,,,,,,,,
6.2-sens,Bray-Curtis,,,,,alphaearth / stands_merged,,,,,,,,,,,,93.84692346173087,1999.0,,,,,,,,,,,,,,,,,,,,,,,,,,,,,,,,,,,,,,,,,,,,,,,all pairs,,261.0,,,,,-0.05210011212311252,,,,,,,,drop koraput:HANDAPUR,,,,,,,,,,,,,,,,,,,,,,,,,,,,,
6.2-sens,Bray-Curtis,,,,,alphaearth / stands_merged,,,,,,,,,,,,97.14857428714357,1999.0,,,,,,,,,,,,,,,,,,,,,,,,,,,,,,,,,,,,,,,,,,,,,,,all pairs,,214.0,,,,,-0.06303298948098911,,,,,,,,drop koraput:HATIMUNDA,,,,,,,,,,,,,,,,,,,,,,,,,,,,,
6.2-sens,Bray-Curtis,,,,,alphaearth / stands_merged,,,,,,,,,,,,94.89744872436218,1999.0,,,,,,,,,,,,,,,,,,,,,,,,,,,,,,,,,,,,,,,,,,,,,,,all pairs,,294.0,,,,,-0.047276461641177187,,,,,,,,drop koraput:BARIGUDA,,,,,,,,,,,,,,,,,,,,,,,,,,,,,
6.2-sens,Bray-Curtis,,,,,alphaearth / stands_merged,,,,,,,,,,,,94.39719859929966,1999.0,,,,,,,,,,,,,,,,,,,,,,,,,,,,,,,,,,,,,,,,,,,,,,,all pairs,,292.0,,,,,-0.038173103532459576,,,,,,,,drop koraput:KONDASRIMUNDA,,,,,,,,,,,,,,,,,,,,,,,,,,,,,
6.2-sens,Bray-Curtis,,,,,alphaearth / stands_merged,,,,,,,,,,,,94.74737368684342,1999.0,,,,,,,,,,,,,,,,,,,,,,,,,,,,,,,,,,,,,,,,,,,,,,,all pairs,,301.0,,,,,-0.04428259954096804,,,,,,,,drop koraput:KHASUGUDA,,,,,,,,,,,,,,,,,,,,,,,,,,,,,
6.2-sens,Bray-Curtis,,,,,alphaearth / stands_merged,,,,,,,,,,,,93.64682341170585,1999.0,,,,,,,,,,,,,,,,,,,,,,,,,,,,,,,,,,,,,,,,,,,,,,,all pairs,,266.0,,,,,-0.04167486587996889,,,,,,,,drop koraput:SAKIAGUDA,,,,,,,,,,,,,,,,,,,,,,,,,,,,,
6.2-sens,Bray-Curtis,,,,,alphaearth / stands_merged,,,,,,,,,,,,95.14757378689345,1999.0,,,,,,,,,,,,,,,,,,,,,,,,,,,,,,,,,,,,,,,,,,,,,,,all pairs,,280.0,,,,,-0.05116072786543752,,,,,,,,drop koraput:BARAKANTI,,,,,,,,,,,,,,,,,,,,,,,,,,,,,
6.2,|dLorey| m,,,,rotation,alphaearth / stands_merged,,,,,,,,,,,,9.704852426213106,1999.0,,,,,,,,,,,,,,,,,,,,,,,,,,,,,,,,,,,,,,,,,,,,,,,all pairs,0-100,99.0,31.0,-0.3322540276242161,0.6514,False,,,,,,,,,,,,,,,,,,,,,,,,,,,,,,,,,,,,,,
6.2,|dLorey| m,,,,rotation,alphaearth / stands_merged,,,,,,,,,,,,56.72836418209105,1999.0,,,,,,,,,,,,,,,,,,,,,,,,,,,,,,,,,,,,,,,,,,,,,,,all pairs,100-200,131.0,167.0,0.21306814896008408,0.3438,False,,,,,,,,,,,,,,,,,,,,,,,,,,,,,,,,,,,,,,
6.2,|dLorey| m,,,,rotation,alphaearth / stands_merged,,,,,,,,,,,,67.38369184592297,1999.0,,,,,,,,,,,,,,,,,,,,,,,,,,,,,,,,,,,,,,,,,,,,,,,all pairs,200-400,69.0,488.0,0.1931665050784006,0.3926,False,,,,,,,,,,,,,,,,,,,,,,,,,,,,,,,,,,,,,,
6.2,|dLorey| m,,,,rotation,alphaearth / stands_merged,,,,,,,,,,,,,1978.0,,,,,,,,,,,,,,,,,,,,,,,,,,,,,,,,,,,,,,,,,,,,,,,all pairs,400-800,3.0,898.0,3.9126921756867348,0.0056,True,,,,,,,,,,,,,,,,,,,,,,,,,,,,,,,,,,,,,,
6.2,|dLorey| m,,,1886.0,rotation,alphaearth / stands_merged,,,,,,,,,,,,57.87893946973487,1999.0,,,,,,,,,,,,,,,,,,,,,,,,,,,,,,,,,,,,,,,,,,,,,,,all pairs,regression,302.0,,,0.3222,,-0.060544885490065314,0.19916362982573343,,,,,,,,,,,,,,,,,,,,,,,,,,,,,,,,,,,,
6.2-sens,|dLorey| m,,,,,alphaearth / stands_merged,,,,,,,,,,,,,,,,,,,,,,,,,,,,,,,,,,,,,,,,,,,,,,,,,,,,,,,,,,,,all pairs,,,,,,,,,0.6635,0.1882,0.329,0.0293,0.2064,,,,,,,,,,,,,,,,,,,,,,,,,,,,,,,
6.2,|dLorey| m,,,,rotation,alphaearth / stands_merged,,,,,,,,,,,,,960.0,,,,,,,,,,,,,,,,,,,,,,,,,,,,,,,,,,,,,,,,,,,,,,,both > 30 m from boundary,0-100,26.0,2.0,-2.204935422966206,0.7868,True,,,,,,,,,,,,,,,,,,,,,,,,,,,,,,,,,,,,,,
6.2,|dLorey| m,,,,rotation,alphaearth / stands_merged,,,,,,,,,,,,27.769423558897245,1995.0,,,,,,,,,,,,,,,,,,,,,,,,,,,,,,,,,,,,,,,,,,,,,,,both > 30 m from boundary,100-200,24.0,16.0,-1.3819297008402196,0.8297,False,,,,,,,,,,,,,,,,,,,,,,,,,,,,,,,,,,,,,,
6.2,|dLorey| m,,,,rotation,alphaearth / stands_merged,,,,,,,,,,,,45.400108873162765,1837.0,,,,,,,,,,,,,,,,,,,,,,,,,,,,,,,,,,,,,,,,,,,,,,,both > 30 m from boundary,200-400,4.0,42.0,0.07544121747076904,0.6107,False,,,,,,,,,,,,,,,,,,,,,,,,,,,,,,,,,,,,,,
6.2,|dLorey| m,,,,rotation,alphaearth / stands_merged,,,,,,,,,,,,,432.0,,,,,,,,,,,,,,,,,,,,,,,,,,,,,,,,,,,,,,,,,,,,,,,both > 30 m from boundary,400-800,0.0,78.0,,,True,,,,,,,,,,,,,,,,,,,,,,,,,,,,,,,,,,,,,,
6.2,|dLorey| m,,,192.0,rotation,alphaearth / stands_merged,,,,,,,,,,,,32.21610805402701,1999.0,,,,,,,,,,,,,,,,,,,,,,,,,,,,,,,,,,,,,,,,,,,,,,,both > 30 m from boundary,regression,54.0,,,0.8686,,0.8232323750978492,0.5167743878112979,,,,,,,,,,,,,,,,,,,,,,,,,,,,,,,,,,,,
6.2-sens,|dLorey| m,,,,,alphaearth / stands_merged,,,,,,,,,,,,,,,,,,,,,,,,,,,,,,,,,,,,,,,,,,,,,,,,,,,,,,,,,,,,both > 30 m from boundary,,,,,,,,,0.9154,0.5636,0.6041,,0.6929,,,,,,,,,,,,,,,,,,,,,,,,,,,,,,,
6.2-sens,|dLorey| m,,,,,alphaearth / stands_merged,,,,,,,,,,,,79.03951975987994,1999.0,,,,,,,,,,,,,,,,,,,,,,,,,,,,,,,,,,,,,,,,,,,,,,,all pairs,,302.0,,,,,-0.14303514297875528,,,,,,,,site fixed effects,,,,,,,,,,,,,,,,,,,,,,,,,,,,,
6.2-sens,|dLorey| m,,,,,alphaearth / stands_merged,,,,,,,,,,,,73.68684342171086,1999.0,,,,,,,,,,,,,,,,,,,,,,,,,,,,,,,,,,,,,,,,,,,,,,,all pairs,,302.0,,,,,0.032037134373046436,,,,,,,,stand-weighted (same pair weight 1/pairs in its stand),,,,,,,,,,,,,,,,,,,,,,,,,,,,,
6.2-sens,|dLorey| m,,,,,alphaearth / stands_merged,,,,,,,,,,,,56.32816408204102,1999.0,,,,,,,,,,,,,,,,,,,,,,,,,,,,,,,,,,,,,,,,,,,,,,,all pairs,,297.0,,,,,-0.005812550140622841,,,,,,,,drop angul:KANSAB,,,,,,,,,,,,,,,,,,,,,,,,,,,,,
6.2-sens,|dLorey| m,,,,,alphaearth / stands_merged,,,,,,,,,,,,50.97548774387194,1999.0,,,,,,,,,,,,,,,,,,,,,,,,,,,,,,,,,,,,,,,,,,,,,,,all pairs,,302.0,,,,,0.021284734296160405,,,,,,,,drop angul:GHANAJODI,,,,,,,,,,,,,,,,,,,,,,,,,,,,,
6.2-sens,|dLorey| m,,,,,alphaearth / stands_merged,,,,,,,,,,,,59.979989994997496,1999.0,,,,,,,,,,,,,,,,,,,,,,,,,,,,,,,,,,,,,,,,,,,,,,,all pairs,,278.0,,,,,-0.07880157877767463,,,,,,,,drop angul:JOGI BANDHA,,,,,,,,,,,,,,,,,,,,,,,,,,,,,
6.2-sens,|dLorey| m,,,,,alphaearth / stands_merged,,,,,,,,,,,,63.68184092046023,1999.0,,,,,,,,,,,,,,,,,,,,,,,,,,,,,,,,,,,,,,,,,,,,,,,all pairs,,291.0,,,,,-0.11999487594823573,,,,,,,,drop angul:ANANDA PUR,,,,,,,,,,,,,,,,,,,,,,,,,,,,,
6.2-sens,|dLorey| m,,,,,alphaearth / stands_merged,,,,,,,,,,,,53.62681340670335,1999.0,,,,,,,,,,,,,,,,,,,,,,,,,,,,,,,,,,,,,,,,,,,,,,,all pairs,,301.0,,,,,0.006553792459849407,,,,,,,,drop dhenkanal:TULASIPASI,,,,,,,,,,,,,,,,,,,,,,,,,,,,,
6.2-sens,|dLorey| m,,,,,alphaearth / stands_merged,,,,,,,,,,,,57.92896448224112,1999.0,,,,,,,,,,,,,,,,,,,,,,,,,,,,,,,,,,,,,,,,,,,,,,,all pairs,,293.0,,,,,-0.08086606497152199,,,,,,,,drop dhenkanal:KANKANA,,,,,,,,,,,,,,,,,,,,,,,,,,,,,
6.2-sens,|dLorey| m,,,,,alphaearth / stands_merged,,,,,,,,,,,,61.13056528264132,1999.0,,,,,,,,,,,,,,,,,,,,,,,,,,,,,,,,,,,,,,,,,,,,,,,all pairs,,300.0,,,,,-0.10849256020291421,,,,,,,,drop dhenkanal:Balikurma,,,,,,,,,,,,,,,,,,,,,,,,,,,,,
6.2-sens,|dLorey| m,,,,,alphaearth / stands_merged,,,,,,,,,,,,56.57828914457229,1999.0,,,,,,,,,,,,,,,,,,,,,,,,,,,,,,,,,,,,,,,,,,,,,,,all pairs,,302.0,,,,,-0.049697285128462935,,,,,,,,drop dhenkanal:Kampulei,,,,,,,,,,,,,,,,,,,,,,,,,,,,,
6.2-sens,|dLorey| m,,,,,alphaearth / stands_merged,,,,,,,,,,,,61.63081540770385,1999.0,,,,,,,,,,,,,,,,,,,,,,,,,,,,,,,,,,,,,,,,,,,,,,,all pairs,,297.0,,,,,-0.12605044404762603,,,,,,,,drop dhenkanal:Adhapalli,,,,,,,,,,,,,,,,,,,,,,,,,,,,,
6.2-sens,|dLorey| m,,,,,alphaearth / stands_merged,,,,,,,,,,,,45.92296148074037,1999.0,,,,,,,,,,,,,,,,,,,,,,,,,,,,,,,,,,,,,,,,,,,,,,,all pairs,,297.0,,,,,0.16137559273943122,,,,,,,,drop dhenkanal:Mahabirod,,,,,,,,,,,,,,,,,,,,,,,,,,,,,
6.2-sens,|dLorey| m,,,,,alphaearth / stands_merged,,,,,,,,,,,,70.08504252126063,1999.0,,,,,,,,,,,,,,,,,,,,,,,,,,,,,,,,,,,,,,,,,,,,,,,all pairs,,278.0,,,,,-0.16232333027803256,,,,,,,,drop dhenkanal:Kerijoli,,,,,,,,,,,,,,,,,,,,,,,,,,,,,
6.2-sens,|dLorey| m,,,,,alphaearth / stands_merged,,,,,,,,,,,,58.42921460730365,1999.0,,,,,,,,,,,,,,,,,,,,,,,,,,,,,,,,,,,,,,,,,,,,,,,all pairs,,294.0,,,,,-0.08553840715196394,,,,,,,,drop dhenkanal:Pangatira,,,,,,,,,,,,,,,,,,,,,,,,,,,,,
6.2-sens,|dLorey| m,,,,,alphaearth / stands_merged,,,,,,,,,,,,48.72436218109055,1999.0,,,,,,,,,,,,,,,,,,,,,,,,,,,,,,,,,,,,,,,,,,,,,,,all pairs,,300.0,,,,,0.05256744656992093,,,,,,,,drop kendujhar:BHANRADI SAHI,,,,,,,,,,,,,,,,,,,,,,,,,,,,,
6.2-sens,|dLorey| m,,,,,alphaearth / stands_merged,,,,,,,,,,,,66.33316658329164,1999.0,,,,,,,,,,,,,,,,,,,,,,,,,,,,,,,,,,,,,,,,,,,,,,,all pairs,,261.0,,,,,-0.2027696116310032,,,,,,,,drop koraput:HANDAPUR,,,,,,,,,,,,,,,,,,,,,,,,,,,,,
6.2-sens,|dLorey| m,,,,,alphaearth / stands_merged,,,,,,,,,,,,47.9239619809905,1999.0,,,,,,,,,,,,,,,,,,,,,,,,,,,,,,,,,,,,,,,,,,,,,,,all pairs,,214.0,,,,,-0.22475538877023696,,,,,,,,drop koraput:HATIMUNDA,,,,,,,,,,,,,,,,,,,,,,,,,,,,,
6.2-sens,|dLorey| m,,,,,alphaearth / stands_merged,,,,,,,,,,,,63.881940970485246,1999.0,,,,,,,,,,,,,,,,,,,,,,,,,,,,,,,,,,,,,,,,,,,,,,,all pairs,,294.0,,,,,-0.1402720470224011,,,,,,,,drop koraput:BARIGUDA,,,,,,,,,,,,,,,,,,,,,,,,,,,,,
6.2-sens,|dLorey| m,,,,,alphaearth / stands_merged,,,,,,,,,,,,54.4272136068034,1999.0,,,,,,,,,,,,,,,,,,,,,,,,,,,,,,,,,,,,,,,,,,,,,,,all pairs,,292.0,,,,,0.03284553484633993,,,,,,,,drop koraput:KONDASRIMUNDA,,,,,,,,,,,,,,,,,,,,,,,,,,,,,
6.2-sens,|dLorey| m,,,,,alphaearth / stands_merged,,,,,,,,,,,,60.33016508254127,1999.0,,,,,,,,,,,,,,,,,,,,,,,,,,,,,,,,,,,,,,,,,,,,,,,all pairs,,301.0,,,,,-0.1263525684874105,,,,,,,,drop koraput:KHASUGUDA,,,,,,,,,,,,,,,,,,,,,,,,,,,,,
6.2-sens,|dLorey| m,,,,,alphaearth / stands_merged,,,,,,,,,,,,54.377188594297145,1999.0,,,,,,,,,,,,,,,,,,,,,,,,,,,,,,,,,,,,,,,,,,,,,,,all pairs,,266.0,,,,,0.006357380446933839,,,,,,,,drop koraput:SAKIAGUDA,,,,,,,,,,,,,,,,,,,,,,,,,,,,,
6.2-sens,|dLorey| m,,,,,alphaearth / stands_merged,,,,,,,,,,,,60.88044022011005,1999.0,,,,,,,,,,,,,,,,,,,,,,,,,,,,,,,,,,,,,,,,,,,,,,,all pairs,,280.0,,,,,-0.20553085856196612,,,,,,,,drop koraput:BARAKANTI,,,,,,,,,,,,,,,,,,,,,,,,,,,,,
6.3,,,,,rotation,alphaearth / stands_merged,,,,,,,,0.0020085480066328793,,,,70.73565076798707,1237.0,,,,,,,,,,,,,,,,,,,,,,,,,,,,,,,,,,,,,,,,,,,,,,,,,,,,,,,,,,,,,,,angul,UPGMA k=6,ari,0.013359129596798518,39.0,,,,,,,,,,,,,,,,,,,,,,,,
6.3,,,,,rotation,alphaearth / stands_merged,,,,,,,,0.0934250101387306,,,,66.45109135004041,1237.0,,,,,,,,,,,,,,,,,,,,,,,,,,,,,,,,,,,,,,,,,,,,,,,,,,,,,,,,,,,,,,,angul,UPGMA k=6,nmi,0.10487163334776564,39.0,,,,,,,,,,,,,,,,,,,,,,,,
6.3,,,,,rotation,alphaearth / stands_merged,,,,,,,,0.3282838257823103,,,,60.67097817299919,1237.0,,,,,,,,,,,,,,,,,,,,,,,,,,,,,,,,,,,,,,,,,,,,,,,,,,,,,,,,,,,,,,,angul,UPGMA k=6,cramers_v,0.3632046694601157,39.0,,,,,,,,,,,,,,,,,,,,,,,,
6.3,,,,,rotation,alphaearth / stands_merged,,,,,,,,0.007386911902032831,,,,47.26027397260274,438.0,,,,,,,,,,,,,,,,,,,,,,,,,,,,,,,,,,,,,,,,,,,,,,,,,,,,,,,,,,,,,,,dhenkanal,UPGMA k=6,ari,0.00691740535166929,75.0,,,,,,,,,,,,,,,,,,,,,,,,
6.3,,,,,rotation,alphaearth / stands_merged,,,,,,,,0.032951381952649246,,,,41.0958904109589,438.0,,,,,,,,,,,,,,,,,,,,,,,,,,,,,,,,,,,,,,,,,,,,,,,,,,,,,,,,,,,,,,,dhenkanal,UPGMA k=6,nmi,0.03132831554371558,75.0,,,,,,,,,,,,,,,,,,,,,,,,
6.3,,,,,rotation,alphaearth / stands_merged,,,,,,,,0.2663568019517165,,,,18.493150684931507,438.0,,,,,,,,,,,,,,,,,,,,,,,,,,,,,,,,,,,,,,,,,,,,,,,,,,,,,,,,,,,,,,,dhenkanal,UPGMA k=6,cramers_v,0.22322876400921338,75.0,,,,,,,,,,,,,,,,,,,,,,,,
6.3,,,,,rotation,alphaearth / stands_merged,,,,,,,,,,,,,0.0,,,,,,,,,,,,,,,,,,,,,,,,,,,,,,,,,,,,,,,,,,,,,,,,,,,,,,,,,,,,,,,kendujhar,UPGMA k=6,ari,,8.0,NOT ESTIMABLE: < 2 field types,,,,,,,,,,,,,,,,,,,,,,,
6.3,,,,,rotation,alphaearth / stands_merged,,,,,,,,,,,,,0.0,,,,,,,,,,,,,,,,,,,,,,,,,,,,,,,,,,,,,,,,,,,,,,,,,,,,,,,,,,,,,,,kendujhar,UPGMA k=6,nmi,,8.0,NOT ESTIMABLE: < 2 field types,,,,,,,,,,,,,,,,,,,,,,,
6.3,,,,,rotation,alphaearth / stands_merged,,,,,,,,,,,,,0.0,,,,,,,,,,,,,,,,,,,,,,,,,,,,,,,,,,,,,,,,,,,,,,,,,,,,,,,,,,,,,,,kendujhar,UPGMA k=6,cramers_v,,8.0,NOT ESTIMABLE: < 2 field types,,,,,,,,,,,,,,,,,,,,,,,
6.3,,,,,rotation,alphaearth / stands_merged,,,,,,,,-0.01907916903521341,,,,,22.0,,,,,,,,,,,,,,,,,,,,,,,,,,,,,,,,,,,,,,,,,,,,,,,,,,,,,,,,,,,,,,,koraput,UPGMA k=6,ari,-0.01809162532827546,145.0,,,,,,,,,,,,,,,,,,,,,,,,
6.3,,,,,rotation,alphaearth / stands_merged,,,,,,,,0.05222007089465424,,,,,22.0,,,,,,,,,,,,,,,,,,,,,,,,,,,,,,,,,,,,,,,,,,,,,,,,,,,,,,,,,,,,,,,koraput,UPGMA k=6,nmi,0.051294672707401096,145.0,,,,,,,,,,,,,,,,,,,,,,,,
6.3,,,,,rotation,alphaearth / stands_merged,,,,,,,,0.2859683393471816,,,,,22.0,,,,,,,,,,,,,,,,,,,,,,,,,,,,,,,,,,,,,,,,,,,,,,,,,,,,,,,,,,,,,,,koraput,UPGMA k=6,cramers_v,0.30721586871843826,145.0,,,,,,,,,,,,,,,,,,,,,,,,
6.3,,,,,rotation,alphaearth / stands_merged,,,,,,,,,,,,,22.0,,,,,,,,,,,,,,,,,,,,,,,,,,,,,,,,,,,,,,,,,,,,,,,,,,,,,,,,,,,,,,,weighted mean,UPGMA k=6,ari,-0.006113800065442481,,,,,,,,,,,,,,,,,,,,,,,,,
6.3,,,,,rotation,alphaearth / stands_merged,,,,,,,,,,,,,22.0,,,,,,,,,,,,,,,,,,,,,,,,,,,,,,,,,,,,,,,,,,,,,,,,,,,,,,,,,,,,,,,weighted mean,UPGMA k=6,nmi,0.053580482273801876,,,,,,,,,,,,,,,,,,,,,,,,,
6.3,,,,,rotation,alphaearth / stands_merged,,,,,,,,,,,,,22.0,,,,,,,,,,,,,,,,,,,,,,,,,,,,,,,,,,,,,,,,,,,,,,,,,,,,,,,,,,,,,,,weighted mean,UPGMA k=6,cramers_v,0.2913260246093014,,,,,,,,,,,,,,,,,,,,,,,,,
6.3,,,,,rotation,alphaearth / stands_merged,,,,,,,,,,,,,0.0,,,,,,,,,,,,,,,,,,,,,,,,,,,,,,,,,,,,,,,,,,,,,,,,,,,,,,,,,,,,,,,angul,Sal-dominant rule,ari,,39.0,NOT ESTIMABLE: < 2 field types,,,,,,,,,,,,,,,,,,,,,,,
6.3,,,,,rotation,alphaearth / stands_merged,,,,,,,,,,,,,0.0,,,,,,,,,,,,,,,,,,,,,,,,,,,,,,,,,,,,,,,,,,,,,,,,,,,,,,,,,,,,,,,angul,Sal-dominant rule,nmi,,39.0,NOT ESTIMABLE: < 2 field types,,,,,,,,,,,,,,,,,,,,,,,
6.3,,,,,rotation,alphaearth / stands_merged,,,,,,,,,,,,,0.0,,,,,,,,,,,,,,,,,,,,,,,,,,,,,,,,,,,,,,,,,,,,,,,,,,,,,,,,,,,,,,,angul,Sal-dominant rule,cramers_v,,39.0,NOT ESTIMABLE: < 2 field types,,,,,,,,,,,,,,,,,,,,,,,
6.3,,,,,rotation,alphaearth / stands_merged,,,,,,,,0.040757731604779086,,,,34.93150684931507,438.0,,,,,,,,,,,,,,,,,,,,,,,,,,,,,,,,,,,,,,,,,,,,,,,,,,,,,,,,,,,,,,,dhenkanal,Sal-dominant rule,ari,0.03237137874311959,75.0,,,,,,,,,,,,,,,,,,,,,,,,
6.3,,,,,rotation,alphaearth / stands_merged,,,,,,,,0.06415783083853457,,,,16.894977168949772,438.0,,,,,,,,,,,,,,,,,,,,,,,,,,,,,,,,,,,,,,,,,,,,,,,,,,,,,,,,,,,,,,,dhenkanal,Sal-dominant rule,nmi,0.04350570680685911,75.0,,,,,,,,,,,,,,,,,,,,,,,,
6.3,,,,,rotation,alphaearth / stands_merged,,,,,,,,0.357314042160803,,,,12.557077625570777,438.0,,,,,,,,,,,,,,,,,,,,,,,,,,,,,,,,,,,,,,,,,,,,,,,,,,,,,,,,,,,,,,,dhenkanal,Sal-dominant rule,cramers_v,0.2870644548821879,75.0,,,,,,,,,,,,,,,,,,,,,,,,
6.3,,,,,rotation,alphaearth / stands_merged,,,,,,,,-0.14285714285714285,,,,98.97338403041825,1315.0,,,,,,,,,,,,,,,,,,,,,,,,,,,,,,,,,,,,,,,,,,,,,,,,,,,,,,,,,,,,,,,kendujhar,Sal-dominant rule,ari,0.5555555555555556,8.0,,,,,,,,,,,,,,,,,,,,,,,,
6.3,,,,,rotation,alphaearth / stands_merged,,,,,,,,0.10026207123578106,,,,98.97338403041825,1315.0,,,,,,,,,,,,,,,,,,,,,,,,,,,,,,,,,,,,,,,,,,,,,,,,,,,,,,,,,,,,,,,kendujhar,Sal-dominant rule,nmi,0.67740531582807,8.0,,,,,,,,,,,,,,,,,,,,,,,,
6.3,,,,,rotation,alphaearth / stands_merged,,,,,,,,0.29277002188455997,,,,98.28897338403041,1315.0,,,,,,,,,,,,,,,,,,,,,,,,,,,,,,,,,,,,,,,,,,,,,,,,,,,,,,,,,,,,,,,kendujhar,Sal-dominant rule,cramers_v,1.0,8.0,,,,,,,,,,,,,,,,,,,,,,,,
6.3,,,,,rotation,alphaearth / stands_merged,,,,,,,,,,,,,0.0,,,,,,,,,,,,,,,,,,,,,,,,,,,,,,,,,,,,,,,,,,,,,,,,,,,,,,,,,,,,,,,koraput,Sal-dominant rule,ari,,145.0,NOT ESTIMABLE: < 2 field types,,,,,,,,,,,,,,,,,,,,,,,
6.3,,,,,rotation,alphaearth / stands_merged,,,,,,,,,,,,,0.0,,,,,,,,,,,,,,,,,,,,,,,,,,,,,,,,,,,,,,,,,,,,,,,,,,,,,,,,,,,,,,,koraput,Sal-dominant rule,nmi,,145.0,NOT ESTIMABLE: < 2 field types,,,,,,,,,,,,,,,,,,,,,,,
6.3,,,,,rotation,alphaearth / stands_merged,,,,,,,,,,,,,0.0,,,,,,,,,,,,,,,,,,,,,,,,,,,,,,,,,,,,,,,,,,,,,,,,,,,,,,,,,,,,,,,koraput,Sal-dominant rule,cramers_v,,145.0,NOT ESTIMABLE: < 2 field types,,,,,,,,,,,,,,,,,,,,,,,
6.3,,,,,rotation,alphaearth / stands_merged,,,,,,,,,,,,95.20547945205479,438.0,,,,,,,,,,,,,,,,,,,,,,,,,,,,,,,,,,,,,,,,,,,,,,,,,,,,,,,,,,,,,,,weighted mean,Sal-dominant rule,ari,0.082798769279258,,,,,,,,,,,,,,,,,,,,,,,,,
6.3,,,,,rotation,alphaearth / stands_merged,,,,,,,,,,,,87.89954337899543,438.0,,,,,,,,,,,,,,,,,,,,,,,,,,,,,,,,,,,,,,,,,,,,,,,,,,,,,,,,,,,,,,,weighted mean,Sal-dominant rule,nmi,0.10460446430287944,,,,,,,,,,,,,,,,,,,,,,,,,
6.3,,,,,rotation,alphaearth / stands_merged,,,,,,,,,,,,53.19634703196347,438.0,,,,,,,,,,,,,,,,,,,,,,,,,,,,,,,,,,,,,,,,,,,,,,,,,,,,,,,,,,,,,,,weighted mean,Sal-dominant rule,cramers_v,0.35578113392968785,,,,,,,,,,,,,,,,,,,,,,,,,
6.3,,,,,rotation,alphaearth / stands_merged,,,,,,,,0.0002742550107633357,,,,,22.0,,,,,,,,,,,,,,,,,,,,,,,,,,,,,,,,,,,,,,,,,,,,,,,,,2468.0,,,,,,,,,,,,,,,(label only),distant_diff_bc,0.012704657885546866,,,,,,,,,,,,,,,,,,,,,,,,,
6.3,,,,,rotation,alphaearth / stands_merged,,,,,,,,-0.26389429881072823,,,,,22.0,,,,,,,,,,,,,,,,,,,,,,,,,,,,,,,,,,,,,,,,,,,,,,,,,2468.0,,,,,,,,,,,,,,,(label only),distant_diff_lorey,-0.10564590054640366,,,,,,,,,,,,,,,,,,,,,,,,,
6.1,,,,,rotation,alphaearth / stands_snic,loreys_h_m,0.9360428446739035,219.0,266.0,0.8245953336224534,33.0,80.0,0.7932974881472381,0.6517790807224972,0.8776530167564907,0.0312978454752153,68.68434217108555,1999.0,,,,,,,,,,,,,,,,,,,,,,,,,,,,,,,,,,,,,,,,,,,,,,,,,,,,,,,,,,,,,,,,,,,,,,,,,,,,,,,,,,,,,,,,,,,
6.1,,,,,rotation,alphaearth / stands_snic,loreys_h_tree_m,0.9383508698294163,211.0,253.0,0.826527833562028,30.0,72.0,0.793377252427886,0.6338093502510792,0.8844002314984899,0.03315058113414193,67.48374187093546,1999.0,,,,,,,,,,,,,,,,,,,,,,,,,,,,,,,,,,,,,,,,,,,,,,,,,,,,,,,,,,,,,,,,,,,,,,,,,,,,,,,,,,,,,,,,,,,
6.1,,,,,rotation,alphaearth / stands_snic,crown_cover_pct,0.9455334015547912,219.0,266.0,0.8412030588924193,33.0,80.0,0.8211638719497473,0.7421906524952021,0.8910043065277589,0.020039186942672038,66.23311655827914,1999.0,,,,,,,,,,,,,,,,,,,,,,,,,,,,,,,,,,,,,,,,,,,,,,,,,,,,,,,,,,,,,,,,,,,,,,,,,,,,,,,,,,,,,,,,,,,
6.1,,,,,rotation,alphaearth / stands_snic,sal_ba_frac,0.9746078200431044,219.0,266.0,0.9023137373048902,33.0,80.0,0.8545225334468088,0.7418825927328119,0.9323577422677308,0.04779120385808133,83.0415207603802,1999.0,,,,,,,,,,,,,,,,,,,,,,,,,,,,,,,,,,,,,,,,,,,,,,,,,,,,,,,,,,,,,,,,,,,,,,,,,,,,,,,,,,,,,,,,,,,
6.1,,,,,rotation,alphaearth / stands_snic,n_species,0.9212283625826552,219.0,266.0,0.6828174895603045,33.0,80.0,0.7475208768267223,0.6607337418052468,0.8222087929752893,-0.06470338726641778,11.305652826413207,1999.0,,,,,,,,,,,,,,,,,,,,,,,,,,,,,,,,,,,,,,,,,,,,,,,,,,,,,,,,,,,,,,,,,,,,,,,,,,,,,,,,,,,,,,,,,,,
6.1,,,,,rotation,alphaearth / stands_snic,dbh_mean_cm,0.8873471553219668,211.0,253.0,0.6435410542896045,30.0,72.0,0.6739958160010644,0.5257169201133526,0.7834566963793961,-0.030454761711459888,41.620810405202604,1999.0,,,,,,,,,,,,,,,,,,,,,,,,,,,,,,,,,,,,,,,,,,,,,,,,,,,,,,,,,,,,,,,,,,,,,,,,,,,,,,,,,,,,,,,,,,,
6.1,,,,,rotation,alphaearth / stands_snic,h_top5_m,0.8987973724438818,219.0,266.0,0.7758722704756182,33.0,80.0,0.7050436156055985,0.5721848642350004,0.8062206917860557,0.07082865487001977,88.84442221110555,1999.0,,,,,,,,,,,,,,,,,,,,,,,,,,,,,,,,,,,,,,,,,,,,,,,,,,,,,,,,,,,,,,,,,,,,,,,,,,,,,,,,,,,,,,,,,,,
6.2,Bray-Curtis,,,,rotation,alphaearth / stands_snic,,,,,,,,,,,,91.39569784892446,1999.0,,,,,,,,,,,,,,,,,,,,,,,,,,,,,,,,,,,,,,,,,,,,,,,all pairs,0-100,45.0,85.0,0.04473524467975798,0.1539,False,,,,,,,,,,,,,,,,,,,,,,,,,,,,,,,,,,,,,,
6.2,Bray-Curtis,,,,rotation,alphaearth / stands_snic,,,,,,,,,,,,46.8968968968969,1998.0,,,,,,,,,,,,,,,,,,,,,,,,,,,,,,,,,,,,,,,,,,,,,,,all pairs,100-200,19.0,279.0,0.0005942719603618807,0.4888,False,,,,,,,,,,,,,,,,,,,,,,,,,,,,,,,,,,,,,,
6.2,Bray-Curtis,,,,rotation,alphaearth / stands_snic,,,,,,,,,,,,,1049.0,,,,,,,,,,,,,,,,,,,,,,,,,,,,,,,,,,,,,,,,,,,,,,,all pairs,200-400,0.0,557.0,,,True,,,,,,,,,,,,,,,,,,,,,,,,,,,,,,,,,,,,,,
6.2,Bray-Curtis,,,,rotation,alphaearth / stands_snic,,,,,,,,,,,,,1.0,,,,,,,,,,,,,,,,,,,,,,,,,,,,,,,,,,,,,,,,,,,,,,,all pairs,400-800,0.0,901.0,,,True,,,,,,,,,,,,,,,,,,,,,,,,,,,,,,,,,,,,,,
6.2,Bray-Curtis,,,1886.0,rotation,alphaearth / stands_snic,,,,,,,,,,,,83.19159579789896,1999.0,,,,,,,,,,,,,,,,,,,,,,,,,,,,,,,,,,,,,,,,,,,,,,,all pairs,regression,64.0,,,0.2453,,-0.007123548971355639,0.019722030652343566,,,,,,,,,,,,,,,,,,,,,,,,,,,,,,,,,,,,
6.2-sens,Bray-Curtis,,,,,alphaearth / stands_snic,,,,,,,,,,,,,,,,,,,,,,,,,,,,,,,,,,,,,,,,,,,,,,,,,,,,,,,,,,,,all pairs,,,,,,,,,0.4098,0.5224,,,0.5007,,,,,,,,,,,,,,,,,,,,,,,,,,,,,,,
6.2,Bray-Curtis,,,,rotation,alphaearth / stands_snic,,,,,,,,,,,,,150.0,,,,,,,,,,,,,,,,,,,,,,,,,,,,,,,,,,,,,,,,,,,,,,,both > 30 m from boundary,0-100,0.0,0.0,,,True,,,,,,,,,,,,,,,,,,,,,,,,,,,,,,,,,,,,,,
6.2,Bray-Curtis,,,,rotation,alphaearth / stands_snic,,,,,,,,,,,,,37.0,,,,,,,,,,,,,,,,,,,,,,,,,,,,,,,,,,,,,,,,,,,,,,,both > 30 m from boundary,100-200,0.0,0.0,,,True,,,,,,,,,,,,,,,,,,,,,,,,,,,,,,,,,,,,,,
6.2,Bray-Curtis,,,,rotation,alphaearth / stands_snic,,,,,,,,,,,,,0.0,,,,,,,,,,,,,,,,,,,,,,,,,,,,,,,,,,,,,,,,,,,,,,,both > 30 m from boundary,200-400,0.0,0.0,,,True,,,,,,,,,,,,,,,,,,,,,,,,,,,,,,,,,,,,,,
6.2,Bray-Curtis,,,,rotation,alphaearth / stands_snic,,,,,,,,,,,,,0.0,,,,,,,,,,,,,,,,,,,,,,,,,,,,,,,,,,,,,,,,,,,,,,,both > 30 m from boundary,400-800,0.0,0.0,,,True,,,,,,,,,,,,,,,,,,,,,,,,,,,,,,,,,,,,,,
6.2,Bray-Curtis,,,0.0,rotation,alphaearth / stands_snic,,,,,,,,,,,,,937.0,,,,,,,,,,,,,,,,,,,,,,,,,,,,,,,,,,,,,,,,,,,,,,,both > 30 m from boundary,regression,0.0,,,,,,,,,,,,,,,,,,,,,,,,,,,,,,,,,,,,,,,,,,
6.2-sens,Bray-Curtis,,,,,alphaearth / stands_snic,,,,,,,,,,,,,,,,,,,,,,,,,,,,,,,,,,,,,,,,,,,,,,,,,,,,,,,,,,,,both > 30 m from boundary,,,,,,,,,,,,,,,,,,,,,,,,,,,,,,,,,,,,,,,,,,,,
6.2,|dLorey| m,,,,rotation,alphaearth / stands_snic,,,,,,,,,,,,13.45672836418209,1999.0,,,,,,,,,,,,,,,,,,,,,,,,,,,,,,,,,,,,,,,,,,,,,,,all pairs,0-100,45.0,85.0,-0.04783786096411724,0.5345,False,,,,,,,,,,,,,,,,,,,,,,,,,,,,,,,,,,,,,,
6.2,|dLorey| m,,,,rotation,alphaearth / stands_snic,,,,,,,,,,,,65.86586586586587,1998.0,,,,,,,,,,,,,,,,,,,,,,,,,,,,,,,,,,,,,,,,,,,,,,,all pairs,100-200,19.0,279.0,0.45114342569896637,0.3629,False,,,,,,,,,,,,,,,,,,,,,,,,,,,,,,,,,,,,,,
6.2,|dLorey| m,,,,rotation,alphaearth / stands_snic,,,,,,,,,,,,,1049.0,,,,,,,,,,,,,,,,,,,,,,,,,,,,,,,,,,,,,,,,,,,,,,,all pairs,200-400,0.0,557.0,,,True,,,,,,,,,,,,,,,,,,,,,,,,,,,,,,,,,,,,,,
6.2,|dLorey| m,,,,rotation,alphaearth / stands_snic,,,,,,,,,,,,,1.0,,,,,,,,,,,,,,,,,,,,,,,,,,,,,,,,,,,,,,,,,,,,,,,all pairs,400-800,0.0,901.0,,,True,,,,,,,,,,,,,,,,,,,,,,,,,,,,,,,,,,,,,,
6.2,|dLorey| m,,,1886.0,rotation,alphaearth / stands_snic,,,,,,,,,,,,31.36568284142071,1999.0,,,,,,,,,,,,,,,,,,,,,,,,,,,,,,,,,,,,,,,,,,,,,,,all pairs,regression,64.0,,,0.4395,,0.06168965220268213,0.2056755434883399,,,,,,,,,,,,,,,,,,,,,,,,,,,,,,,,,,,,
6.2-sens,|dLorey| m,,,,,alphaearth / stands_snic,,,,,,,,,,,,,,,,,,,,,,,,,,,,,,,,,,,,,,,,,,,,,,,,,,,,,,,,,,,,all pairs,,,,,,,,,0.681,0.0897,,,0.3349,,,,,,,,,,,,,,,,,,,,,,,,,,,,,,,
6.2,|dLorey| m,,,,rotation,alphaearth / stands_snic,,,,,,,,,,,,,150.0,,,,,,,,,,,,,,,,,,,,,,,,,,,,,,,,,,,,,,,,,,,,,,,both > 30 m from boundary,0-100,0.0,0.0,,,True,,,,,,,,,,,,,,,,,,,,,,,,,,,,,,,,,,,,,,
6.2,|dLorey| m,,,,rotation,alphaearth / stands_snic,,,,,,,,,,,,,37.0,,,,,,,,,,,,,,,,,,,,,,,,,,,,,,,,,,,,,,,,,,,,,,,both > 30 m from boundary,100-200,0.0,0.0,,,True,,,,,,,,,,,,,,,,,,,,,,,,,,,,,,,,,,,,,,
6.2,|dLorey| m,,,,rotation,alphaearth / stands_snic,,,,,,,,,,,,,0.0,,,,,,,,,,,,,,,,,,,,,,,,,,,,,,,,,,,,,,,,,,,,,,,both > 30 m from boundary,200-400,0.0,0.0,,,True,,,,,,,,,,,,,,,,,,,,,,,,,,,,,,,,,,,,,,
6.2,|dLorey| m,,,,rotation,alphaearth / stands_snic,,,,,,,,,,,,,0.0,,,,,,,,,,,,,,,,,,,,,,,,,,,,,,,,,,,,,,,,,,,,,,,both > 30 m from boundary,400-800,0.0,0.0,,,True,,,,,,,,,,,,,,,,,,,,,,,,,,,,,,,,,,,,,,
6.2,|dLorey| m,,,0.0,rotation,alphaearth / stands_snic,,,,,,,,,,,,,937.0,,,,,,,,,,,,,,,,,,,,,,,,,,,,,,,,,,,,,,,,,,,,,,,both > 30 m from boundary,regression,0.0,,,,,,,,,,,,,,,,,,,,,,,,,,,,,,,,,,,,,,,,,,
6.2-sens,|dLorey| m,,,,,alphaearth / stands_snic,,,,,,,,,,,,,,,,,,,,,,,,,,,,,,,,,,,,,,,,,,,,,,,,,,,,,,,,,,,,both > 30 m from boundary,,,,,,,,,,,,,,,,,,,,,,,,,,,,,,,,,,,,,,,,,,,,
null-failure,,,,,rotation,alphaearth / stands_dissolved,,,,,,,,,,,,,,,,,,,,,,,,,,,,,,,,,,,,,,,,,,,,,,,,,,,,,,,,,,,,,,,,,,,,,,,,,,,,,,,,,,angul:ANANDA PUR,1039.0,1999.0,450200.0,110397.0,9.0,8.0,plain,0.2495,,,,,,,,,,,,,,
null-failure,,,,,rotation,alphaearth / stands_dissolved,,,,,,,,,,,,,,,,,,,,,,,,,,,,,,,,,,,,,,,,,,,,,,,,,,,,,,,,,,,,,,,,,,,,,,,,,,,,,,,,,,koraput:HATIMUNDA,422.0,1999.0,450200.0,449617.0,59.0,55.0,feasible-region,0.00225,,,,,,,,,,,,,,
6.1,,,,,rotation,alphaearth / stands_dissolved,loreys_h_m,0.7312561501619859,51.0,253.0,0.6978699762339713,40.0,242.0,,,,,,0.0,,,,,,,,,,,,,,,,,,,,,,,,,,,,,,,,,,,,,,,,,,,,,,,,,,,,,,,,,,,,,,,,,,,,,,,,,,,,,,True,,,,,,,,,,,,,
6.1,,,,,rotation,alphaearth / stands_dissolved,loreys_h_tree_m,0.7429243715864912,49.0,241.0,0.7090077262797676,39.0,231.0,,,,,,0.0,,,,,,,,,,,,,,,,,,,,,,,,,,,,,,,,,,,,,,,,,,,,,,,,,,,,,,,,,,,,,,,,,,,,,,,,,,,,,,True,,,,,,,,,,,,,
6.1,,,,,rotation,alphaearth / stands_dissolved,crown_cover_pct,0.6773547990964865,51.0,253.0,0.6694803222011312,40.0,242.0,,,,,,0.0,,,,,,,,,,,,,,,,,,,,,,,,,,,,,,,,,,,,,,,,,,,,,,,,,,,,,,,,,,,,,,,,,,,,,,,,,,,,,,True,,,,,,,,,,,,,
6.1,,,,,rotation,alphaearth / stands_dissolved,sal_ba_frac,0.7882167711055983,51.0,253.0,0.7782782676651575,40.0,242.0,,,,,,0.0,,,,,,,,,,,,,,,,,,,,,,,,,,,,,,,,,,,,,,,,,,,,,,,,,,,,,,,,,,,,,,,,,,,,,,,,,,,,,,True,,,,,,,,,,,,,
6.1,,,,,rotation,alphaearth / stands_dissolved,n_species,0.5670384523765457,51.0,253.0,0.538530334531077,40.0,242.0,,,,,,0.0,,,,,,,,,,,,,,,,,,,,,,,,,,,,,,,,,,,,,,,,,,,,,,,,,,,,,,,,,,,,,,,,,,,,,,,,,,,,,,True,,,,,,,,,,,,,
6.1,,,,,rotation,alphaearth / stands_dissolved,dbh_mean_cm,0.544433023639125,49.0,241.0,0.5308762061834451,39.0,231.0,,,,,,0.0,,,,,,,,,,,,,,,,,,,,,,,,,,,,,,,,,,,,,,,,,,,,,,,,,,,,,,,,,,,,,,,,,,,,,,,,,,,,,,True,,,,,,,,,,,,,
6.1,,,,,rotation,alphaearth / stands_dissolved,h_top5_m,0.6968139804055442,51.0,253.0,0.6798369471633574,40.0,242.0,,,,,,0.0,,,,,,,,,,,,,,,,,,,,,,,,,,,,,,,,,,,,,,,,,,,,,,,,,,,,,,,,,,,,,,,,,,,,,,,,,,,,,,True,,,,,,,,,,,,,
dissolved-sens,,,,,,alphaearth / stands_dissolved,,,,,,,,,,,,,,,,,,,,,,,,,,,,,,,,,,,,,,,,,,,,,,,,,,,,,,,,,,,,,,,,,,,,,,,,,,,,,,,,,,,,,,,,,,,,0.5279671741451034,0.5066064636602615,0.5274234068597254,0.5657585779309359,0.6896041862047848,0.41667755221827396,0.3855246047384112,0.4895427104843151,,,,,
6.2,Bray-Curtis,,,,rotation,alphaearth / stands_dissolved,,,,,,,,,,,,,0.0,,,,,,,,,,,,,,,,,,,,,,,,,,,,,,,,,,,,,,,,,,,,,,,all pairs,0-100,111.0,10.0,0.09424148116740061,0.1175,False,,,,,,,,,,,,,,,,,,,,,,,,,True,,,,,,,,,,,,,
6.2,Bray-Curtis,,,,rotation,alphaearth / stands_dissolved,,,,,,,,,,,,,0.0,,,,,,,,,,,,,,,,,,,,,,,,,,,,,,,,,,,,,,,,,,,,,,,all pairs,100-200,210.0,57.0,0.007003556625436058,0.4339,False,,,,,,,,,,,,,,,,,,,,,,,,,True,,,,,,,,,,,,,
6.2,Bray-Curtis,,,,rotation,alphaearth / stands_dissolved,,,,,,,,,,,,,0.0,,,,,,,,,,,,,,,,,,,,,,,,,,,,,,,,,,,,,,,,,,,,,,,all pairs,200-400,292.0,212.0,0.051605900061483134,0.0055,False,,,,,,,,,,,,,,,,,,,,,,,,,True,,,,,,,,,,,,,
6.2,Bray-Curtis,,,,rotation,alphaearth / stands_dissolved,,,,,,,,,,,,,0.0,,,,,,,,,,,,,,,,,,,,,,,,,,,,,,,,,,,,,,,,,,,,,,,all pairs,400-800,296.0,492.0,0.04097827544808119,0.0028,False,,,,,,,,,,,,,,,,,,,,,,,,,True,,,,,,,,,,,,,
6.2,Bray-Curtis,,,1680.0,rotation,alphaearth / stands_dissolved,,,,,,,,,,,,,0.0,,,,,,,,,,,,,,,,,,,,,,,,,,,,,,,,,,,,,,,,,,,,,,,all pairs,regression,909.0,,,0.0007,,-0.03354368324999731,0.01657673020138828,,,,,,,,,,,,,,,,,,,,,,,True,,,,,,,,,,,,,
6.2-sens,Bray-Curtis,,,,,alphaearth / stands_dissolved,,,,,,,,,,,,,,,,,,,,,,,,,,,,,,,,,,,,,,,,,,,,,,,,,,,,,,,,,,,,all pairs,,,,,,,,,0.3872,0.5827,0.1464,0.4459,0.4185,,,,,,,,,,,,,,,,,,,,,,,,,,,,,,,
6.2,Bray-Curtis,,,,rotation,alphaearth / stands_dissolved,,,,,,,,,,,,,0.0,,,,,,,,,,,,,,,,,,,,,,,,,,,,,,,,,,,,,,,,,,,,,,,both > 30 m from boundary,0-100,69.0,1.0,0.35822690541865854,0.0536,True,,,,,,,,,,,,,,,,,,,,,,,,,True,,,,,,,,,,,,,
6.2,Bray-Curtis,,,,rotation,alphaearth / stands_dissolved,,,,,,,,,,,,,0.0,,,,,,,,,,,,,,,,,,,,,,,,,,,,,,,,,,,,,,,,,,,,,,,both > 30 m from boundary,100-200,108.0,10.0,-0.01727359686794372,0.5883,False,,,,,,,,,,,,,,,,,,,,,,,,,True,,,,,,,,,,,,,
6.2,Bray-Curtis,,,,rotation,alphaearth / stands_dissolved,,,,,,,,,,,,,0.0,,,,,,,,,,,,,,,,,,,,,,,,,,,,,,,,,,,,,,,,,,,,,,,both > 30 m from boundary,200-400,167.0,61.0,0.06846605606772815,0.0323,False,,,,,,,,,,,,,,,,,,,,,,,,,True,,,,,,,,,,,,,
6.2,Bray-Curtis,,,,rotation,alphaearth / stands_dissolved,,,,,,,,,,,,,0.0,,,,,,,,,,,,,,,,,,,,,,,,,,,,,,,,,,,,,,,,,,,,,,,both > 30 m from boundary,400-800,186.0,163.0,0.054326272478916526,0.0062,False,,,,,,,,,,,,,,,,,,,,,,,,,True,,,,,,,,,,,,,
6.2,Bray-Curtis,,,765.0,rotation,alphaearth / stands_dissolved,,,,,,,,,,,,,0.0,,,,,,,,,,,,,,,,,,,,,,,,,,,,,,,,,,,,,,,,,,,,,,,both > 30 m from boundary,regression,530.0,,,0.0054,,-0.0451185394433714,0.020356553490598193,,,,,,,,,,,,,,,,,,,,,,,True,,,,,,,,,,,,,
6.2-sens,Bray-Curtis,,,,,alphaearth / stands_dissolved,,,,,,,,,,,,,,,,,,,,,,,,,,,,,,,,,,,,,,,,,,,,,,,,,,,,,,,,,,,,both > 30 m from boundary,,,,,,,,,0.2512,0.4368,0.3563,0.5739,0.6086,,,,,,,,,,,,,,,,,,,,,,,,,,,,,,,
6.2,|dLorey| m,,,,rotation,alphaearth / stands_dissolved,,,,,,,,,,,,,0.0,,,,,,,,,,,,,,,,,,,,,,,,,,,,,,,,,,,,,,,,,,,,,,,all pairs,0-100,111.0,10.0,-2.0330172644216056,0.9771,False,,,,,,,,,,,,,,,,,,,,,,,,,True,,,,,,,,,,,,,
6.2,|dLorey| m,,,,rotation,alphaearth / stands_dissolved,,,,,,,,,,,,,0.0,,,,,,,,,,,,,,,,,,,,,,,,,,,,,,,,,,,,,,,,,,,,,,,all pairs,100-200,210.0,57.0,0.28588577130349035,0.3159,False,,,,,,,,,,,,,,,,,,,,,,,,,True,,,,,,,,,,,,,
6.2,|dLorey| m,,,,rotation,alphaearth / stands_dissolved,,,,,,,,,,,,,0.0,,,,,,,,,,,,,,,,,,,,,,,,,,,,,,,,,,,,,,,,,,,,,,,all pairs,200-400,292.0,212.0,0.6211805478476364,0.0679,False,,,,,,,,,,,,,,,,,,,,,,,,,True,,,,,,,,,,,,,
6.2,|dLorey| m,,,,rotation,alphaearth / stands_dissolved,,,,,,,,,,,,,0.0,,,,,,,,,,,,,,,,,,,,,,,,,,,,,,,,,,,,,,,,,,,,,,,all pairs,400-800,296.0,492.0,0.5451952427100659,0.0614,False,,,,,,,,,,,,,,,,,,,,,,,,,True,,,,,,,,,,,,,
6.2,|dLorey| m,,,1680.0,rotation,alphaearth / stands_dissolved,,,,,,,,,,,,,0.0,,,,,,,,,,,,,,,,,,,,,,,,,,,,,,,,,,,,,,,,,,,,,,,all pairs,regression,909.0,,,0.0372,,-0.42997838772268104,0.14126543486578066,,,,,,,,,,,,,,,,,,,,,,,True,,,,,,,,,,,,,
6.2-sens,|dLorey| m,,,,,alphaearth / stands_dissolved,,,,,,,,,,,,,,,,,,,,,,,,,,,,,,,,,,,,,,,,,,,,,,,,,,,,,,,,,,,,all pairs,,,,,,,,,0.8904,0.3937,0.4598,0.697,0.6984,,,,,,,,,,,,,,,,,,,,,,,,,,,,,,,
6.2,|dLorey| m,,,,rotation,alphaearth / stands_dissolved,,,,,,,,,,,,,0.0,,,,,,,,,,,,,,,,,,,,,,,,,,,,,,,,,,,,,,,,,,,,,,,both > 30 m from boundary,0-100,69.0,1.0,-3.1707221121519993,0.7326,True,,,,,,,,,,,,,,,,,,,,,,,,,True,,,,,,,,,,,,,
6.2,|dLorey| m,,,,rotation,alphaearth / stands_dissolved,,,,,,,,,,,,,0.0,,,,,,,,,,,,,,,,,,,,,,,,,,,,,,,,,,,,,,,,,,,,,,,both > 30 m from boundary,100-200,108.0,10.0,-1.5595717553740385,0.8839,False,,,,,,,,,,,,,,,,,,,,,,,,,True,,,,,,,,,,,,,
6.2,|dLorey| m,,,,rotation,alphaearth / stands_dissolved,,,,,,,,,,,,,0.0,,,,,,,,,,,,,,,,,,,,,,,,,,,,,,,,,,,,,,,,,,,,,,,both > 30 m from boundary,200-400,167.0,61.0,1.929344399026601,0.0116,False,,,,,,,,,,,,,,,,,,,,,,,,,True,,,,,,,,,,,,,
6.2,|dLorey| m,,,,rotation,alphaearth / stands_dissolved,,,,,,,,,,,,,0.0,,,,,,,,,,,,,,,,,,,,,,,,,,,,,,,,,,,,,,,,,,,,,,,both > 30 m from boundary,400-800,186.0,163.0,2.0867025787877624,0.0004,False,,,,,,,,,,,,,,,,,,,,,,,,,True,,,,,,,,,,,,,
6.2,|dLorey| m,,,765.0,rotation,alphaearth / stands_dissolved,,,,,,,,,,,,,0.0,,,,,,,,,,,,,,,,,,,,,,,,,,,,,,,,,,,,,,,,,,,,,,,both > 30 m from boundary,regression,530.0,,,0.0001,,-1.7067178654418762,0.1448342606912319,,,,,,,,,,,,,,,,,,,,,,,True,,,,,,,,,,,,,
6.2-sens,|dLorey| m,,,,,alphaearth / stands_dissolved,,,,,,,,,,,,,,,,,,,,,,,,,,,,,,,,,,,,,,,,,,,,,,,,,,,,,,,,,,,,both > 30 m from boundary,,,,,,,,,0.7584,0.5939,0.6963,0.1723,0.3206,,,,,,,,,,,,,,,,,,,,,,,,,,,,,,,
arms,,,,,,,loreys_h_m,,,,,,,,-0.10793742226069031,0.10724260116532286,,52.37618809404702,1999.0,,,,,,,,,,,,,,,,,,,,,,,,,,,,,,,,,,,,,,,,,,,,,,,,,,,,,,,,,,,,,,,,,,,,,,,,,,,,,,,,,,,,,,,v120-current,0.0035629238337465674,,,
arms,,,,,,,loreys_h_tree_m,,,,,,,,-0.10145157456597502,0.10620235441829182,,59.77988994497249,1999.0,,,,,,,,,,,,,,,,,,,,,,,,,,,,,,,,,,,,,,,,,,,,,,,,,,,,,,,,,,,,,,,,,,,,,,,,,,,,,,,,,,,,,,,v120-current,0.016204726732279462,,,
arms,,,,,,,crown_cover_pct,,,,,,,,-0.07827631955731758,0.07569375094621907,,36.16808404202101,1999.0,,,,,,,,,,,,,,,,,,,,,,,,,,,,,,,,,,,,,,,,,,,,,,,,,,,,,,,,,,,,,,,,,,,,,,,,,,,,,,,,,,,,,,,v120-current,-0.017458023958724644,,,
arms,,,,,,,sal_ba_frac,,,,,,,,-0.07692995773662015,0.07664594824772467,,38.019009504752376,1999.0,,,,,,,,,,,,,,,,,,,,,,,,,,,,,,,,,,,,,,,,,,,,,,,,,,,,,,,,,,,,,,,,,,,,,,,,,,,,,,,,,,,,,,,v120-current,-0.014498220478857293,,,
arms,,,,,,,n_species,,,,,,,,-0.08485928626774956,0.08626868284182405,,7.553776888444222,1999.0,,,,,,,,,,,,,,,,,,,,,,,,,,,,,,,,,,,,,,,,,,,,,,,,,,,,,,,,,,,,,,,,,,,,,,,,,,,,,,,,,,,,,,,v120-current,-0.07384529666599338,,,
arms,,,,,,,dbh_mean_cm,,,,,,,,-0.09171992966117878,0.09239916256844127,,48.07403701850925,1999.0,,,,,,,,,,,,,,,,,,,,,,,,,,,,,,,,,,,,,,,,,,,,,,,,,,,,,,,,,,,,,,,,,,,,,,,,,,,,,,,,,,,,,,,v120-current,-0.0018448650005257194,,,
arms,,,,,,,h_top5_m,,,,,,,,-0.09248012508524342,0.09237091547360388,,5.452726363181591,1999.0,,,,,,,,,,,,,,,,,,,,,,,,,,,,,,,,,,,,,,,,,,,,,,,,,,,,,,,,,,,,,,,,,,,,,,,,,,,,,,,,,,,,,,,v120-current,-0.09064192480079081,,,
arms-sens,,,,,,,loreys_h_m,,,,,,,,,,,,,,,,,,,,,,,,,,,,,,,,,,,,,,,,,,,,,,,,,,,,,,,,,,,,,,,,,,,,,,,,,,,,,,,,,,,,,,,,,,,,,,,,,,,v120-current,0.0035629238337465674,True,True,
arms-sens,,,,,,,loreys_h_tree_m,,,,,,,,,,,,,,,,,,,,,,,,,,,,,,,,,,,,,,,,,,,,,,,,,,,,,,,,,,,,,,,,,,,,,,,,,,,,,,,,,,,,,,,,,,,,,,,,,,,v120-current,0.016204726732279462,True,True,
arms-sens,,,,,,,crown_cover_pct,,,,,,,,,,,,,,,,,,,,,,,,,,,,,,,,,,,,,,,,,,,,,,,,,,,,,,,,,,,,,,,,,,,,,,,,,,,,,,,,,,,,,,,,,,,,,,,,,,,v120-current,-0.017458023958724644,True,True,
arms-sens,,,,,,,sal_ba_frac,,,,,,,,,,,,,,,,,,,,,,,,,,,,,,,,,,,,,,,,,,,,,,,,,,,,,,,,,,,,,,,,,,,,,,,,,,,,,,,,,,,,,,,,,,,,,,,,,,,v120-current,-0.014498220478857293,True,True,
arms-sens,,,,,,,n_species,,,,,,,,,,,,,,,,,,,,,,,,,,,,,,,,,,,,,,,,,,,,,,,,,,,,,,,,,,,,,,,,,,,,,,,,,,,,,,,,,,,,,,,,,,,,,,,,,,,v120-current,-0.07384529666599338,False,False,
arms-sens,,,,,,,dbh_mean_cm,,,,,,,,,,,,,,,,,,,,,,,,,,,,,,,,,,,,,,,,,,,,,,,,,,,,,,,,,,,,,,,,,,,,,,,,,,,,,,,,,,,,,,,,,,,,,,,,,,,v120-current,-0.0018448650005257194,True,True,
arms-sens,,,,,,,h_top5_m,,,,,,,,,,,,,,,,,,,,,,,,,,,,,,,,,,,,,,,,,,,,,,,,,,,,,,,,,,,,,,,,,,,,,,,,,,,,,,,,,,,,,,,,,,,,,,,,,,,v120-current,-0.09064192480079081,False,False,
arms,,,,,,,loreys_h_m,,,,,,,,-0.10366501523690443,0.11665034403322945,,54.22711355677839,1999.0,,,,,,,,,,,,,,,,,,,,,,,,,,,,,,,,,,,,,,,,,,,,,,,,,,,,,,,,,,,,,,,,,,,,,,,,,,,,,,,,,,,,,,,v120-alphaearth,0.006243707468746029,,,
arms,,,,,,,loreys_h_tree_m,,,,,,,,-0.1058318989726575,0.11399930426062913,,58.62931465732866,1999.0,,,,,,,,,,,,,,,,,,,,,,,,,,,,,,,,,,,,,,,,,,,,,,,,,,,,,,,,,,,,,,,,,,,,,,,,,,,,,,,,,,,,,,,v120-alphaearth,0.015781087946610706,,,
arms,,,,,,,crown_cover_pct,,,,,,,,-0.08206439225648138,0.07434245668911198,,69.48474237118559,1999.0,,,,,,,,,,,,,,,,,,,,,,,,,,,,,,,,,,,,,,,,,,,,,,,,,,,,,,,,,,,,,,,,,,,,,,,,,,,,,,,,,,,,,,,v120-alphaearth,0.023070555140485616,,,
arms,,,,,,,sal_ba_frac,,,,,,,,-0.07369133093005055,0.08258268617003625,,31.415707853926964,1999.0,,,,,,,,,,,,,,,,,,,,,,,,,,,,,,,,,,,,,,,,,,,,,,,,,,,,,,,,,,,,,,,,,,,,,,,,,,,,,,,,,,,,,,,v120-alphaearth,-0.022489426752492325,,,
arms,,,,,,,n_species,,,,,,,,-0.08339937735946186,0.0878437038286494,,44.62231115557779,1999.0,,,,,,,,,,,,,,,,,,,,,,,,,,,,,,,,,,,,,,,,,,,,,,,,,,,,,,,,,,,,,,,,,,,,,,,,,,,,,,,,,,,,,,,v120-alphaearth,-0.007066695924714095,,,
arms,,,,,,,dbh_mean_cm,,,,,,,,-0.09232211222355999,0.09457991880573166,,60.13006503251626,1999.0,,,,,,,,,,,,,,,,,,,,,,,,,,,,,,,,,,,,,,,,,,,,,,,,,,,,,,,,,,,,,,,,,,,,,,,,,,,,,,,,,,,,,,,v120-alphaearth,0.013596398449416958,,,
arms,,,,,,,h_top5_m,,,,,,,,-0.08994468683721965,0.09331205503560687,,3.951975987993997,1999.0,,,,,,,,,,,,,,,,,,,,,,,,,,,,,,,,,,,,,,,,,,,,,,,,,,,,,,,,,,,,,,,,,,,,,,,,,,,,,,,,,,,,,,,v120-alphaearth,-0.09841058656838964,,,
arms-sens,,,,,,,loreys_h_m,,,,,,,,,,,,,,,,,,,,,,,,,,,,,,,,,,,,,,,,,,,,,,,,,,,,,,,,,,,,,,,,,,,,,,,,,,,,,,,,,,,,,,,,,,,,,,,,,,,v120-alphaearth,0.006243707468746029,True,,True
arms-sens,,,,,,,loreys_h_tree_m,,,,,,,,,,,,,,,,,,,,,,,,,,,,,,,,,,,,,,,,,,,,,,,,,,,,,,,,,,,,,,,,,,,,,,,,,,,,,,,,,,,,,,,,,,,,,,,,,,,v120-alphaearth,0.015781087946610706,True,,True
arms-sens,,,,,,,crown_cover_pct,,,,,,,,,,,,,,,,,,,,,,,,,,,,,,,,,,,,,,,,,,,,,,,,,,,,,,,,,,,,,,,,,,,,,,,,,,,,,,,,,,,,,,,,,,,,,,,,,,,v120-alphaearth,0.023070555140485616,True,,True
arms-sens,,,,,,,sal_ba_frac,,,,,,,,,,,,,,,,,,,,,,,,,,,,,,,,,,,,,,,,,,,,,,,,,,,,,,,,,,,,,,,,,,,,,,,,,,,,,,,,,,,,,,,,,,,,,,,,,,,v120-alphaearth,-0.022489426752492325,True,,True
arms-sens,,,,,,,n_species,,,,,,,,,,,,,,,,,,,,,,,,,,,,,,,,,,,,,,,,,,,,,,,,,,,,,,,,,,,,,,,,,,,,,,,,,,,,,,,,,,,,,,,,,,,,,,,,,,,v120-alphaearth,-0.007066695924714095,True,,True
arms-sens,,,,,,,dbh_mean_cm,,,,,,,,,,,,,,,,,,,,,,,,,,,,,,,,,,,,,,,,,,,,,,,,,,,,,,,,,,,,,,,,,,,,,,,,,,,,,,,,,,,,,,,,,,,,,,,,,,,v120-alphaearth,0.013596398449416958,True,,True
arms-sens,,,,,,,h_top5_m,,,,,,,,,,,,,,,,,,,,,,,,,,,,,,,,,,,,,,,,,,,,,,,,,,,,,,,,,,,,,,,,,,,,,,,,,,,,,,,,,,,,,,,,,,,,,,,,,,,v120-alphaearth,-0.09841058656838964,False,,False
