plot_key,lat6,lon6,district,block,habitation,site_polygon,n_records,n_trees,loreys_h_m,loreys_h_tree_m,h_top5_m,crown_cover_pct,sal_ba_frac,n_species,dbh_mean_cm,no_tree_record,sp_ba_json,v120_merged_id,v120_merged_cluster,v120_merged_area_ha,v120_merged_bdist_m,v120_snic_id,v120_snic_cluster,v120_snic_area_ha,v120_snic_bdist_m,v120_dissolved_id,v120_dissolved_cluster,v120_dissolved_area_ha,v120_dissolved_bdist_m,current_merged_id,current_merged_cluster,current_merged_area_ha,current_merged_bdist_m,current_snic_id,current_snic_cluster,current_snic_area_ha,current_snic_bdist_m,current_dissolved_id,current_dissolved_cluster,current_dissolved_area_ha,current_dissolved_bdist_m,alphaearth_merged_id,alphaearth_merged_cluster,alphaearth_merged_area_ha,alphaearth_merged_bdist_m,alphaearth_snic_id,alphaearth_snic_cluster,alphaearth_snic_area_ha,alphaearth_snic_bdist_m,alphaearth_dissolved_id,alphaearth_dissolved_cluster,alphaearth_dissolved_area_ha,alphaearth_dissolved_bdist_m
18.55814_82.928984,18.55814,82.928984,KORAPUT,POTTANGI,CHAMPAKENDA,,12,5,12.848675350827513,12.939010466222646,8.4,33.0,0.0,3,21.645072260497766,False,"{""bixa orellana"": 5.889, ""mangifera indica"": 1696.273, ""other"": 402.264, ""psidium guajava"": 0.318, ""terminalia bellirica"": 417.623, ""ziziphus oenoplia"": 6.764}",,,,,,,,,,,,,,,,,,,,,,,,,,,,,,,,,,,,
18.575806_82.837232,18.575806,82.837232,KORAPUT,SEMILIGUDA,HANDAPUR,,13,8,5.276425712718289,5.3344591425086785,5.4,28.0,0.0,6,11.180634752205648,False,"{""albizia lebbeck"": 114.91, ""buchanania lanzan"": 3.899, ""emblica officinal"": 31.831, ""holarrhena antidysenterica"": 47.988, ""mangifera indica"": 97.482, ""pitamari"": 3.899, ""pterocarpus marsupium"": 5.093, ""shrub bhandari"": 1.273, ""terminalia bellirica"": 315.525, ""tree tangiachina"": 242.632}",130.0,,1.2336837024419072,2.855690711137533,,,,,,,,,113.0,2.0,10.029980818668966,2.8556905431750654,1822558146.0,2.0,1.313924479450804,2.8556905431750654,,,,,128.0,1.0,4.162442089254795,2.8556900376328795,-286301483.0,3.0,1.2236564669296683,7.144309358353897,,,,
18.576485_82.834653,18.576485,82.834653,KORAPUT,SEMILIGUDA,HANDAPUR,,13,7,4.678354368337214,4.829299526187731,5.2,28.0,0.0,5,10.2313891987647,False,"{""albizia lebbeck"": 276.054, ""bauhinia vahlii"": 7.958, ""cassia fistula"": 103.928, ""cipadessa baccifera"": 1.989, ""climber2 nihali"": 1.273, ""emblica officinal"": 6.446, ""eucalyptus spp"": 32.627, ""mangifera indica"": 42.096, ""syzygium cumini"": 177.06}",125.0,5.0,7.1614018310308545,3.155706282714165,577150279.0,5.0,1.8254581780927497,3.155706282714165,239.0,5.0,25.696603509601545,44.17052159060324,113.0,2.0,10.029980818668966,58.33623305583758,577150279.0,2.0,1.845517634244274,3.155706282714165,255.0,2.0,5.390954753033588,59.97182329026749,131.0,3.0,9.327866709294941,23.739701231689075,-997902848.0,3.0,1.2738075353393659,5.233230839589652,214.0,3.0,17.695423878985114,27.553954096432655
18.576947_82.837561,18.576947,82.837561,KORAPUT,SEMILIGUDA,HANDAPUR,,18,10,5.865490278697405,5.947261413344833,6.4,33.0,0.0,8,12.191268640839183,False,"{""acacia concinna"": 38.515, ""albizia lebbeck"": 344.491, ""anacardium semecarpus"": 38.277, ""cassia fistula"": 5.093, ""cipadessa baccifera"": 5.093, ""emblica officinal"": 0.716, ""holarrhena antidysenterica"": 68.914, ""lantana camara"": 3.899, ""mangifera indica"": 177.299, ""pitamari"": 0.716, ""pterocarpus marsupium"": 215.177, ""schleichera oleosa"": 277.009, ""syzygium cumini"": 146.82}",125.0,5.0,7.1614018310308545,3.28076861465864,1194123050.0,5.0,3.1092898712797448,3.28076861465864,239.0,5.0,25.696603509601545,4.844837101014667,116.0,5.0,7.753156758941712,23.598038456955567,1194123050.0,5.0,2.6980606784546817,3.28076861465864,253.0,5.0,19.189764550393082,21.6186975618622,131.0,3.0,9.327866709294941,25.690879702598487,1027734003.0,3.0,0.8525459765168518,20.493882923794118,214.0,3.0,17.695423878985114,21.48215541498837
18.577371_82.836942,18.577371,82.836942,KORAPUT,SEMILIGUDA,HANDAPUR,,9,6,4.989821882951655,5.035647976234682,5.2,23.0,0.0,6,9.23098669932993,False,"{""albizia lebbeck"": 97.482, ""cassia fistula"": 58.887, ""diospyros melanoxylon"": 38.515, ""gmelina arborea"": 1.273, ""morinda tinctoria"": 2.865, ""psidium guajava"": 25.783, ""pterocarpus marsupium"": 121.037, ""schleichera oleosa"": 91.992}",125.0,5.0,7.1614018310308545,2.538267944345792,1202059537.0,5.0,1.0932659594027985,2.538267944345792,239.0,5.0,25.696603509601545,3.601262511424416,116.0,5.0,7.753156758941712,55.828033336237986,1202059537.0,5.0,1.3440148615427916,4.229699338697172,253.0,5.0,19.189764550393082,53.301398903633185,138.0,0.0,10.009886991990715,2.5382673698301583,-2097435271.0,0.0,0.6920673961106977,2.5382674189378487,215.0,0.0,9.230751698941306,3.601253280395778
18.577439_82.833436,18.577439,82.833436,KORAPUT,SEMILIGUDA,HANDAPUR,,36,19,4.511334734629531,4.717514124293785,5.0,38.0,0.0,9,8.041512914116817,False,"{""albizia lebbeck"": 118.57, ""anacardium occidentale"": 42.096, ""anacardium semecarpus"": 183.108, ""bauhinia vahlii"": 0.716, ""buchanania lanzan"": 383.245, ""cipadessa baccifera"": 26.579, ""holarrhena antidysenterica"": 42.096, ""lantana camara"": 9.231, ""mangifera indica"": 35.73, ""psidium guajava"": 35.094, ""shrub4 badari"": 1.989, ""syzygium cumini"": 105.44, ""termanalia chebula"": 73.609, ""ziziphus oenoplia"": 2.546}",123.0,5.0,7.442245715459571,20.23127128200459,-997902848.0,5.0,1.584738222929511,20.23127128200459,239.0,5.0,25.696603509601545,188.31782245086694,111.0,5.0,8.806330187372774,19.704555979921267,-180618227.0,5.0,1.7753072386424384,17.31161242809305,253.0,5.0,19.189764550393082,21.286676260676387,127.0,3.0,8.64584624392336,29.247275830764632,-180618227.0,3.0,1.444317768968497,7.320732850234519,214.0,3.0,17.695423878985114,26.137587144326275
18.577547_82.836866,18.577547,82.836866,KORAPUT,SEMILIGUDA,HANDAPUR,,34,16,7.759958082656842,7.809803602178061,8.0,28.0,0.0,9,18.26302971979499,False,"{""albizia lebbeck"": 133.77, ""buchanania lanzan"": 269.29, ""cassia fistula"": 81.487, ""cipadessa baccifera"": 17.189, ""emblica officinal"": 87.933, ""ficus benghalensis"": 5351.665, ""lantana camara"": 1.989, ""mangifera indica"": 576.937, ""mimosa rubicaulis"": 4.854, ""psidium guajava"": 42.096, ""shrub4 badari"": 11.937, ""syzygium cumini"": 116.899, ""termanalia chebula"": 194.965, ""ziziphus oenoplia"": 0.318}",125.0,5.0,7.1614018310308545,10.75958869888262,1202059537.0,5.0,1.0932659594027985,10.75958869888262,239.0,5.0,25.696603509601545,11.623945052137094,116.0,5.0,7.753156758941712,65.48571772579595,-2097435271.0,5.0,0.1504494238675828,10.42683831271074,253.0,5.0,19.189764550393082,66.95555329610275,138.0,0.0,10.009886991990715,10.759588368024172,-2097435271.0,0.0,0.6920673961106977,10.759588434213532,215.0,0.0,9.230751698941306,11.623937213888796
18.577639_82.837776,18.577639,82.837776,KORAPUT,SEMILIGUDA,HANDAPUR,,34,17,6.069422355975924,6.087089738263398,12.2,33.0,0.0,6,17.338526741540598,False,"{""anacardium semecarpus"": 726.144, ""buchanania lanzan"": 6.366, ""cipadessa baccifera"": 6.844, ""emblica officinal"": 49.736, ""lantana camara"": 5.491, ""mangifera indica"": 3006.039, ""mimosa rubicaulis"": 1.273, ""santalum album"": 45.837, ""syzygium cumini"": 550.278, ""termanalia chebula"": 228.069, ""ziziphus oenoplia"": 1.353}",134.0,1.0,9.267662284416934,4.8075524601312,1401095691.0,1.0,2.3570381404427945,4.8075524601312,237.0,1.0,9.939979302976827,0.9077211498003417,116.0,5.0,7.753156758941712,28.322432121569825,1401095691.0,5.0,2.8886252923853193,6.3345139384702245,253.0,5.0,19.189764550393082,33.72079001541821,131.0,3.0,9.327866709294941,34.80755215995752,1401095691.0,3.0,0.982935403781576,16.105579238638143,214.0,3.0,17.695423878985114,38.838787286706
18.577673_82.838437,18.577673,82.838437,KORAPUT,SEMILIGUDA,HANDAPUR,,10,5,5.2146975291110484,5.3116673986239205,5.4,38.0,0.0,3,11.522817879853223,False,"{""bixa orellana"": 253.136, ""buchanania lanzan"": 42.096, ""holarrhena antidysenterica"": 5.093, ""pitamari"": 8.435, ""schleichera oleosa"": 248.361, ""shrub bhandari"": 1.989, ""tree tendka"": 1.273}",135.0,2.0,9.14730320866348,53.57592011496844,1053202079.0,2.0,2.918712790129357,53.57592011496844,240.0,2.0,9.126716025793458,52.001711939092175,125.0,2.0,6.589666244810225,14.926592867266095,1053202079.0,2.0,1.9157183618464904,14.926592867266095,252.0,2.0,6.02455794300397,11.971947328218844,138.0,0.0,10.009886991990715,34.92659257145532,1053202079.0,0.0,0.7522457381376991,34.926593031086455,215.0,0.0,9.230751698941306,30.937483033611752
18.577748_82.835758,18.577748,82.835758,KORAPUT,SEMILIGUDA,HANDAPUR,,37,18,7.230954330762174,7.319768845954806,7.6,23.0,0.0,7,16.02159760458413,False,"{""albizia lebbeck"": 66.925, ""buchanania lanzan"": 168.147, ""cipadessa baccifera"": 19.337, ""emblica officinal"": 107.589, ""holarrhena antidysenterica"": 17.985, ""lantana camara"": 1.989, ""mangifera indica"": 3001.583, ""pandaka"": 25.385, ""shrub4 badari"": 3.263, ""syzygium cumini"": 161.144, ""termanalia chebula"": 900.737, ""terminalia bellirica"": 206.981, ""ziziphus oenoplia"": 2.706}",125.0,5.0,7.1614018310308545,62.60664257918598,1194123050.0,5.0,3.1092898712797448,31.154596146523915,239.0,5.0,25.696603509601545,64.40921145915893,116.0,5.0,7.753156758941712,2.057022459493331,1194123050.0,5.0,2.6980606784546817,2.057022459493331,253.0,5.0,19.189764550393082,59.79415072114814,131.0,3.0,9.327866709294941,6.223248322806328,1194123050.0,3.0,0.7723079036624796,6.223248322806328,214.0,3.0,17.695423878985114,5.310306906973205
18.577832_82.83856,18.577832,82.83856,KORAPUT,SEMILIGUDA,HANDAPUR,,35,18,4.3921811906816215,4.538355342136855,5.0,23.0,0.0,8,9.584664350645252,False,"{""acacia catechu"": 5.093, ""albizia lebbeck"": 151.038, ""anacardium semecarpus"": 212.074, ""buchanania lanzan"": 303.588, ""cassia fistula"": 49.736, ""cipadessa baccifera"": 26.42, ""emblica officinal"": 53.794, ""lantana camara"": 9.708, ""mangifera indica"": 99.631, ""shrub4 badari"": 3.979, ""syzygium cumini"": 353.165, ""termanalia chebula"": 114.91, ""ziziphus oenoplia"": 0.318}",135.0,2.0,9.14730320866348,58.855798212777046,1053202079.0,2.0,2.918712790129357,52.29027259978814,240.0,2.0,9.126716025793458,55.50242392909081,125.0,2.0,6.589666244810225,27.730015141900296,1053202079.0,2.0,1.9157183618464904,27.730015141900296,252.0,2.0,6.02455794300397,24.95601184429049,138.0,0.0,10.009886991990715,21.4564563554127,1053202079.0,0.0,0.7522457381376991,21.4564563554127,215.0,0.0,9.230751698941306,25.060182217276733
18.578127_82.840014,18.578127,82.840014,KORAPUT,SEMILIGUDA,HANDAPUR,,29,14,4.917462063113924,4.979239901837237,5.2,18.0,0.0,5,11.91388431145045,False,"{""albizia lebbeck"": 184.62, ""anacardium semecarpus"": 290.458, ""bixa orellana"": 5.093, ""cipadessa baccifera"": 10.265, ""holarrhena antidysenterica"": 118.57, ""lantana camara"": 7.082, ""mangifera indica"": 1520.407, ""shrub4 badari"": 1.989, ""syzygium cumini"": 7.082, ""termanalia chebula"": 290.617, ""ziziphus oenoplia"": 2.308}",135.0,2.0,9.14730320866348,69.18096209270584,1562050531.0,2.0,1.7752964814227772,2.766904498532389,240.0,2.0,9.126716025793458,71.59755873250815,125.0,2.0,6.589666244810225,29.73416951179667,235720273.0,2.0,0.8023942858209779,19.50016235737368,252.0,2.0,6.02455794300397,34.40315917266427,138.0,0.0,10.009886991990715,22.995276795484042,235720273.0,0.0,1.3941607345653784,9.125608590515203,215.0,0.0,9.230751698941306,27.127419344651305
18.578158_82.833453,18.578158,82.833453,KORAPUT,SEMILIGUDA,HANDAPUR,,34,20,8.106822705771053,8.180962222987718,9.0,48.0,0.0,7,14.164789935178685,False,"{""anacardium semecarpus"": 80.612, ""bauhinia vahlii"": 0.318, ""cassia fistula"": 35.094, ""cipadessa baccifera"": 11.937, ""emblica officinal"": 42.096, ""lantana camara"": 1.989, ""mangifera indica"": 3697.965, ""pandaka"": 22.998, ""shrub4 badari"": 3.899, ""syzygium cumini"": 154.221, ""termanalia chebula"": 71.62, ""terminalia bellirica"": 81.487, ""ziziphus oenoplia"": 1.432}",120.0,5.0,2.6278599266267393,14.845791062159535,-130109843.0,5.0,1.1735099853175717,14.845791062159535,239.0,5.0,25.696603509601545,226.40602383211976,111.0,5.0,8.806330187372774,27.754461453417925,-130109843.0,5.0,1.6148302006620634,14.845791062159535,253.0,5.0,19.189764550393082,38.692939348215475,127.0,3.0,8.64584624392336,8.28775299576501,2079761871.0,3.0,0.601799588405101,8.28775299576501,214.0,3.0,17.695423878985114,7.404682485678917
18.57816_82.833364,18.57816,82.833364,KORAPUT,SEMILIGUDA,HANDAPUR,,15,10,5.72679429872649,5.757739011458868,6.0,23.0,0.0,6,10.313240312354818,False,"{""acacia auriculiformis"": 204.037, ""albizia lebbeck"": 95.573, ""bixa orellana"": 58.012, ""diospyros melanoxylon"": 80.612, ""mangifera indica"": 369.399, ""pterocarpus marsupium"": 0.716, ""schleichera oleosa"": 1.989, ""syzygium cumini"": 133.213}",120.0,5.0,2.6278599266267393,13.951837930013829,-130109843.0,5.0,1.1735099853175717,13.951837930013829,239.0,5.0,25.696603509601545,234.5292464254235,111.0,5.0,8.806330187372774,21.73648234457879,-130109843.0,5.0,1.6148302006620634,13.951837930013829,253.0,5.0,19.189764550393082,38.52299050788909,126.0,2.0,9.698997859138855,1.1089556509832041,-24294248.0,2.0,0.89266920094827,1.1089556509832041,211.0,2.0,19.435355315328167,1.990257043283907
18.578309_82.834858,18.578309,82.834858,KORAPUT,SEMILIGUDA,HANDAPUR,,34,17,9.87677640153211,9.93207626524604,10.4,38.0,0.0,6,20.259488050050678,False,"{""albizia lebbeck"": 208.811, ""bauhinia vahlii"": 0.716, ""cipadessa baccifera"": 27.375, ""emblica officinal"": 116.183, ""lantana camara"": 2.865, ""mangifera indica"": 7096.958, ""mimosa rubicaulis"": 1.989, ""shrub4 badari"": 9.947, ""syzygium cumini"": 81.487, ""termanalia chebula"": 182.551, ""terminalia bellirica"": 260.775, ""ziziphus oenoplia"": 9.072}",123.0,5.0,7.442245715459571,22.030572863503494,-1717557423.0,5.0,4.603759684670704,22.030572863503494,239.0,5.0,25.696603509601545,87.38879881509415,111.0,5.0,8.806330187372774,45.376198626137736,-1717557423.0,5.0,3.0190239871589277,3.577127730367472,253.0,5.0,19.189764550393082,45.05588653636346,127.0,3.0,8.64584624392336,52.8948309269972,-1248180880.0,3.0,0.6218583901771931,7.349574065491358,214.0,3.0,17.695423878985114,95.19057364423908
18.578415_82.837159,18.578415,82.837159,KORAPUT,SEMILIGUDA,HANDAPUR,,10,5,5.6859709202219255,5.735658914728683,5.8,28.0,0.0,4,9.803944494460755,False,"{""aegle marmelos"": 0.716, ""anacardium semecarpus"": 42.096, ""diospyros montana"": 86.66, ""emblica officinal"": 28.727, ""grewia eriocarpa"": 2.308, ""hadjam"": 253.136, ""pitamari"": 1.989, ""tree tendka"": 0.318}",134.0,1.0,9.267662284416934,32.87281214015568,-568204438.0,1.0,1.1233554856065417,0.8134589049638777,237.0,1.0,9.939979302976827,31.12157470873774,116.0,5.0,7.753156758941712,12.472924148288163,1401095691.0,5.0,2.8886252923853193,12.472924148288163,253.0,5.0,19.189764550393082,14.192924612178322,131.0,3.0,9.327866709294941,45.77788253683783,-568204438.0,3.0,1.494464056124472,0.8134588665866747,214.0,3.0,17.695423878985114,43.94253162919191
18.57855_82.839376,18.57855,82.839376,KORAPUT,SEMILIGUDA,HANDAPUR,,17,9,5.490962228678859,5.605573136427568,6.2,38.0,0.0,6,10.751800599985819,False,"{""albizia lebbeck"": 223.533, ""bauhinia vahlii"": 5.093, ""bixa orellana"": 221.623, ""buchanania lanzan"": 5.093, ""cassia florid"": 35.094, ""cipadessa baccifera"": 5.093, ""other"": 1.273, ""pterocarpus marsupium"": 88.251, ""schleichera oleosa"": 86.58, ""syzygium cumini"": 3.581, ""terminalia bellirica"": 255.285, ""tree tendka"": 0.716}",135.0,2.0,9.14730320866348,11.100993841406677,1053202079.0,2.0,2.918712790129357,11.100993841406677,240.0,2.0,9.126716025793458,15.188548298639956,125.0,2.0,6.589666244810225,41.68435329616519,1053202079.0,2.0,1.9157183618464904,11.100993841406677,252.0,2.0,6.02455794300397,46.639013285320125,138.0,0.0,10.009886991990715,33.050638130439964,155364838.0,0.0,0.7723047320795051,18.899006441847334,215.0,0.0,9.230751698941306,35.23206394952252
18.578663_82.834354,18.578663,82.834354,KORAPUT,SEMILIGUDA,HANDAPUR,,35,19,4.539495791174219,4.729217438396967,5.0,18.0,0.0,10,7.6561904203153865,False,"{""anacardium semecarpus"": 103.53, ""bauhinia vahlii"": 1.989, ""buchanania lanzan"": 163.293, ""cassia fistula"": 49.736, ""cipadessa baccifera"": 27.056, ""emblica officinal"": 80.612, ""holarrhena antidysenterica"": 35.094, ""lantana camara"": 11.539, ""mangifera indica"": 168.545, ""pandaka"": 4.854, ""psidium guajava"": 38.515, ""shrub4 badari"": 6.844, ""syzygium cumini"": 135.998, ""termanalia chebula"": 53.794, ""terminalia bellirica"": 53.794, ""ziziphus oenoplia"": 0.716}",123.0,5.0,7.442245715459571,26.77987483097167,-1717557423.0,5.0,4.603759684670704,26.77987483097167,239.0,5.0,25.696603509601545,134.2384051306553,111.0,5.0,8.806330187372774,33.06703568639485,-1717557423.0,5.0,3.0190239871589277,33.06703568639485,253.0,5.0,19.189764550393082,34.924307299152915,127.0,3.0,8.64584624392336,26.77987483097167,-1717557423.0,3.0,1.0732080746480295,24.17506796922031,214.0,3.0,17.695423878985114,29.491840334134302
18.578716_82.835005,18.578716,82.835005,KORAPUT,SEMILIGUDA,HANDAPUR,,34,18,4.703702819764872,4.883820120537784,5.4,23.0,0.0,6,7.727856681239808,False,"{""anacardium semecarpus"": 90.718, ""buchanania lanzan"": 360.963, ""cipadessa baccifera"": 9.47, ""emblica officinal"": 42.096, ""lantana camara"": 5.889, ""mangifera indica"": 95.891, ""mimosa rubicaulis"": 1.273, ""pandaka"": 8.992, ""shrub4 badari"": 5.173, ""syzygium cumini"": 156.768, ""termanalia chebula"": 122.708, ""ziziphus oenoplia"": 0.318}",123.0,5.0,7.442245715459571,44.639465149989306,-1717557423.0,5.0,4.603759684670704,2.5581102277362913,239.0,5.0,25.696603509601545,65.90931555663398,111.0,5.0,8.806330187372774,36.36311139005679,-1717557423.0,5.0,3.0190239871589277,2.5581102277362913,253.0,5.0,19.189764550393082,36.20659298671666,127.0,3.0,8.64584624392336,61.28714912571577,-1717557423.0,3.0,1.0732080746480295,8.520300516062399,214.0,3.0,17.695423878985114,59.45771889282169
18.578741_82.834651,18.578741,82.834651,KORAPUT,SEMILIGUDA,HANDAPUR,,17,9,5.431949559647719,5.546181818181817,5.8,38.0,0.0,6,9.867606471697512,False,"{""albizia lebbeck"": 147.218, ""bauhinia variegata"": 183.426, ""bixa orellana"": 62.389, ""holarrhena antidysenterica"": 52.601, ""lantana camara"": 2.865, ""mangifera indica"": 256.637, ""other"": 1.989, ""pongamia pinnata"": 2.865, ""santalum album"": 6.446, ""shrub bhandari"": 5.093, ""syzygium cumini"": 73.609}",123.0,5.0,7.442245715459571,48.89484313580849,-1717557423.0,5.0,4.603759684670704,36.25381992417372,239.0,5.0,25.696603509601545,103.37238266531295,111.0,5.0,8.806330187372774,48.89484313580849,-1717557423.0,5.0,3.0190239871589277,36.25381992417372,253.0,5.0,19.189764550393082,44.91642919443714,127.0,3.0,8.64584624392336,54.32068059626471,-1717557423.0,3.0,1.0732080746480295,28.74351810891595,214.0,3.0,17.695423878985114,58.142046045061385
18.579554_82.833869,18.579554,82.833869,KORAPUT,SEMILIGUDA,HANDAPUR,,13,6,5.234595984571259,5.338807918207527,5.2,23.0,0.0,5,11.671362493405658,False,"{""albizia lebbeck"": 45.837, ""bauhinia vahlii"": 53.794, ""buchanania lanzan"": 5.093, ""emblica officinal"": 45.837, ""gardenia gummifera"": 1.273, ""holarrhena antidysenterica"": 60.877, ""mangifera indica"": 467.04, ""psidium guajava"": 0.716, ""shrub bhandari"": 1.273, ""syzygium cumini"": 114.91, ""termanalia chebula"": 7.958}",121.0,5.0,9.709029602465199,11.383234234260179,-933575316.0,5.0,0.6519494001743544,11.383234234260179,239.0,5.0,25.696603509601545,157.30047169430622,114.0,3.0,9.678924918107157,11.383234234260179,-933575316.0,3.0,0.5416195025090121,11.383234234260179,248.0,3.0,7.452595747090748,16.85624066062216,126.0,2.0,9.698997859138855,9.377412640598326,-24294248.0,2.0,0.89266920094827,0.6225870999843178,211.0,2.0,19.435355315328167,5.578146303412944
18.586698_82.830332,18.586698,82.830332,KORAPUT,SEMILIGUDA,HATIMUNDA,,5,2,11.420129998030333,11.609756097560975,6.6,43.0,0.0,2,15.756339366097638,False,"{""anacardium semecarpus"": 2.865, ""mangifera indica"": 245.815, ""other"": 1.273, ""syzygium cumini"": 154.062}",107.0,4.0,2.1263636835550197,11.042472536462805,125227429.0,4.0,1.0130316323753807,11.042472536462805,233.0,4.0,2.0522132173126604,11.690814829261639,100.0,0.0,2.1063035395407654,11.042472536462805,125227429.0,0.0,1.0330915916144867,11.042472536462805,241.0,0.0,2.023841567539405,11.690814829261639,112.0,3.0,9.14737807597708,8.957527280625685,428315404.0,3.0,0.782340608599056,8.957527280625685,190.0,3.0,73.5648124151069,8.196797965858636
18.587339_82.828831,18.587339,82.828831,KORAPUT,SEMILIGUDA,HATIMUNDA,,8,6,6.852838263058526,6.877470856563608,7.0,43.0,0.0,5,11.246949311827272,False,"{""albizia lebbeck"": 97.482, ""holarrhena antidysenterica"": 62.389, ""mangifera indica"": 137.669, ""syzygium cumini"": 292.288, ""tree4 nadan"": 42.096, ""xylia xylocarpa"": 0.318}",101.0,3.0,2.768288454059576,19.6195082987786,-188962679.0,3.0,1.5947742248514,14.46214299095458,226.0,3.0,41.18559953160066,16.792428533114393,97.0,4.0,1.2938733432054892,19.619507899023198,-188962679.0,4.0,1.2938733432075136,19.619507898737233,233.0,4.0,40.63704595337824,16.792415083508924,109.0,5.0,1.3039031139934416,10.069705783327352,-188962679.0,5.0,1.3039031139934416,10.069705783327352,208.0,5.0,4.028772003005512,12.601751730838469
18.587424_82.827393,18.587424,82.827393,KORAPUT,SEMILIGUDA,HATIMUNDA,,11,7,4.481149986438838,4.491511154763575,5.0,78.0,0.0,6,9.685715108163917,False,"{""albizia lebbeck"": 276.054, ""bixa orellana"": 2.865, ""buchanania lanzan"": 22.998, ""hadjam"": 22.998, ""holarrhena antidysenterica"": 91.992, ""mangifera indica"": 84.511, ""pterocarpus marsupium"": 81.487, ""santalum album"": 3.899}",90.0,3.0,8.876598893154913,11.936222490338508,-1029507948.0,3.0,2.908714032522282,11.936222490338508,226.0,3.0,41.18559953160066,51.007180181544776,81.0,4.0,8.806390627827835,21.806468094685094,-1029507948.0,4.0,3.7412088316980143,21.806468094685094,233.0,4.0,40.63704595337824,51.007180181544776,95.0,4.0,9.197561108527063,1.8064682762422106,1118551461.0,4.0,1.1333952437825248,1.8064682762422106,201.0,4.0,30.168013661271235,52.07624397949614
18.587441_82.81896,18.587441,82.81896,KORAPUT,SEMILIGUDA,BILAPUT,,58,39,5.595708156672724,5.645561873677231,6.6,28.0,0.0,9,9.85128288779065,False,"{""anacardium semecarpus"": 242.632, ""bauhinia vahlii"": 0.637, ""bixa orellana"": 5.093, ""buchanania lanzan"": 636.859, ""cassia fistula"": 123.584, ""cipadessa baccifera"": 15.995, ""emblica officinal"": 84.193, ""holarrhena antidysenterica"": 100.745, ""lantana camara"": 1.432, ""mangifera indica"": 1004.506, ""syzygium cumini"": 487.81, ""termanalia chebula"": 216.769, ""terminalia bellirica"": 230.536, ""ziziphus oenoplia"": 2.387}",47.0,5.0,7.933839460578999,31.923874413485468,644825156.0,5.0,2.31696131967704,11.923874962102328,227.0,5.0,36.476002840799204,195.51135943070915,45.0,5.0,6.248776711480465,1.923874715367084,644825156.0,5.0,1.9358162938187096,1.923874715367084,239.0,5.0,22.517516058040282,156.21485833229576,55.0,3.0,9.849587383595733,12.021540211412226,644825156.0,3.0,0.8525610010271505,12.021540211412226,203.0,3.0,50.39669087842147,128.27422268778474
18.588535_82.82654,18.588535,82.82654,KORAPUT,SEMILIGUDA,HATIMUNDA,,9,4,11.557300678823372,11.593879460109582,9.2,53.0,0.0,3,13.448592691265157,False,"{""bixa orellana"": 0.318, ""grewia eriocarpa"": 0.318, ""hadjam"": 86.66, ""mangifera indica"": 294.357, ""shrub bhandari"": 0.318, ""syzygium cumini"": 215.177, ""ziziphus oenoplia"": 0.716}",90.0,3.0,8.876598893154913,64.1916799082146,132533023.0,3.0,0.822463746551065,6.90964182301774,226.0,3.0,41.18559953160066,74.17518103008261,81.0,4.0,8.806390627827835,69.76468265055954,-1029507948.0,4.0,3.7412088316980143,19.937168370010124,233.0,4.0,40.63704595337824,93.22224406225251,95.0,4.0,9.197561108527063,99.50973642951743,1738562487.0,4.0,1.1935761518061327,24.157849486100183,201.0,4.0,30.168013661271235,101.27710259105623
18.58884_82.818969,18.58884,82.818969,KORAPUT,SEMILIGUDA,BILAPUT,,36,18,4.572623109330754,4.71515020531662,5.0,38.0,0.0,7,8.753521870054243,False,"{""albizia lebbeck"": 91.832, ""bauhinia vahlii"": 0.716, ""bixa orellana"": 63.98, ""buchanania lanzan"": 414.917, ""cassia fistula"": 95.891, ""cipadessa baccifera"": 5.57, ""holarrhena antidysenterica"": 5.093, ""lantana camara"": 4.854, ""mangifera indica"": 237.3, ""mimosa rubicaulis"": 5.093, ""syzygium cumini"": 1.989, ""termanalia chebula"": 168.147, ""terminalia bellirica"": 53.794, ""ziziphus oenoplia"": 3.024}",49.0,5.0,9.709170202682438,46.55824776535967,436500848.0,5.0,2.50753216350126,46.55824776535967,227.0,5.0,36.476002840799204,119.36522362371934,50.0,5.0,9.77937019719385,57.458465964460196,436500848.0,5.0,1.735211963381057,42.54153449006969,239.0,5.0,22.517516058040282,65.81157469892196,55.0,3.0,9.849587383595733,32.79173201419608,1304574973.0,3.0,1.09328390603628,9.545366821299858,203.0,3.0,50.39669087842147,155.94812624236843
18.589041_82.818128,18.589041,82.818128,KORAPUT,SEMILIGUDA,BILAPUT,,37,18,4.755907459310616,4.877620425359119,5.2,43.0,0.0,10,10.274335770710131,False,"{""albizia lebbeck"": 86.66, ""anacardium semecarpus"": 97.482, ""bauhinia vahlii"": 1.035, ""bixa orellana"": 60.877, ""buchanania lanzan"": 192.657, ""cassia fistula"": 86.66, ""cipadessa baccifera"": 21.565, ""holarrhena antidysenterica"": 52.044, ""lantana camara"": 10.982, ""mangifera indica"": 211.756, ""syzygium cumini"": 194.965, ""termanalia chebula"": 466.404, ""tree sonda"": 135.282}",49.0,5.0,9.709170202682438,19.266980514555755,436500848.0,5.0,2.50753216350126,18.467182579380395,227.0,5.0,36.476002840799204,194.73887978865375,50.0,5.0,9.77937019719385,7.306742662144566,1304574973.0,5.0,1.1634945842223412,7.306742662144566,239.0,5.0,22.517516058040282,11.22428293270284,55.0,3.0,9.849587383595733,55.835617697442515,436500848.0,3.0,1.2236760450025512,3.098897143223496,203.0,3.0,50.39669087842147,195.5352616687306
18.589244_82.825077,18.589244,82.825077,KORAPUT,SEMILIGUDA,HATIMUNDA,,8,5,9.460052951253699,9.517376946060699,7.4,68.0,0.0,5,10.631550198538608,False,"{""bixa orellana"": 127.324, ""cassia fistula"": 76.474, ""diospyros melanoxylon"": 35.094, ""emblica officinal"": 0.318, ""mangifera indica"": 232.048, ""psidium guajava"": 0.716, ""syzygium cumini"": 38.993}",84.0,3.0,6.359063616689925,39.31507286096665,-948381832.0,3.0,1.5646898996904304,12.02213306949508,226.0,3.0,41.18559953160066,125.97166107665768,81.0,4.0,8.806390627827835,17.295651445146333,-948381832.0,4.0,2.0361025975490366,17.295651445146333,233.0,4.0,40.63704595337824,125.97166107665768,87.0,4.0,1.5546607229975564,11.00003429069774,-2048213465.0,4.0,1.5546607229975564,11.00003429069774,201.0,4.0,30.168013661271235,112.24717755166013
18.589309_82.825484,18.589309,82.825484,KORAPUT,SEMILIGUDA,HATIMUNDA,,7,4,18.1124634108766,18.308424336973477,11.4,33.0,0.0,4,11.618310845708361,False,"{""albizia lebbeck"": 35.094, ""bombax ceiba"": 296.108, ""holarrhena antidysenterica"": 1.273, ""mangifera indica"": 1.273, ""pongamia pinnata"": 140.375, ""syzygium cumini"": 42.415}",84.0,3.0,6.359063616689925,51.77080337955425,-948381832.0,3.0,1.5646898996904304,7.481275107069213,226.0,3.0,41.18559953160066,94.4553190248397,81.0,4.0,8.806390627827835,25.8777319981301,-948381832.0,4.0,2.0361025975490366,25.15642551638588,233.0,4.0,40.63704595337824,96.99718549130202,95.0,4.0,9.197561108527063,6.896480895988027,-948381832.0,4.0,0.9127356012370142,6.896480895988027,201.0,4.0,30.168013661271235,117.36654538859928
18.589582_82.817618,18.589582,82.817618,KORAPUT,SEMILIGUDA,BILAPUT,,36,19,5.33138416859621,5.4284508400996865,6.0,38.0,0.0,10,11.191105472145905,False,"{""albizia lebbeck"": 153.266, ""anacardium semecarpus"": 97.482, ""bauhinia vahlii"": 3.263, ""buchanania lanzan"": 343.854, ""cassia fistula"": 53.794, ""cipadessa baccifera"": 11.22, ""emblica officinal"": 53.715, ""holarrhena antidysenterica"": 52.919, ""lantana camara"": 8.356, ""mangifera indica"": 734.898, ""shrub4 badari"": 1.273, ""syzygium cumini"": 262.128, ""termanalia chebula"": 148.412, ""terminalia bellirica"": 103.132}",34.0,5.0,9.83958452521057,3.355888903408098,863899244.0,5.0,0.6218689630403902,3.3558887596882694,227.0,5.0,36.476002840799204,163.44789625582678,41.0,0.0,5.737240612108457,55.96817730198065,863899244.0,0.0,0.7322005250879136,3.355888903408098,231.0,0.0,5.598580310264482,52.089923004410885,49.0,3.0,3.1193741567295215,17.295285695986706,-2017976854.0,3.0,0.9528631918987103,14.427543959443193,203.0,3.0,50.39669087842147,173.29563203159557
18.589732_82.827324,18.589732,82.827324,KORAPUT,SEMILIGUDA,HATIMUNDA,,20,10,10.785652933684801,10.749123484668411,23.2,13.0,0.0,6,26.101410667070837,False,"{""artocarpus heterophyllus"": 447.623, ""bixa orellana"": 1083.288, ""cipadessa baccifera"": 4.536, ""diospyros ferrea"": 5.252, ""euphorbia nivulia"": 1.989, ""ficus benghalensis"": 1070.317, ""lantana camara"": 1.989, ""manilkara hexandra"": 1.989, ""phoenix acaulis"": 1.273, ""pongamia pinnata"": 1097.055, ""psidium guajava"": 574.947, ""syzygium cumini"": 1083.288}",106.0,0.0,8.054107225417937,3.6388192027756454,862571048.0,0.0,0.8726130085697601,3.6388192027756454,218.0,1.0,24.88102867286689,0.4969694505670875,101.0,3.0,9.668935170208401,3.6388192027756454,862571048.0,3.0,0.5717119300785185,3.6388192027756454,234.0,1.0,3.205948687130286,0.4969694505670875,99.0,2.0,6.118327922838223,31.687500825526993,-633747697.0,2.0,0.852553549162,31.687501018866843,204.0,2.0,4.775825351219272,39.278193651919004
18.590069_82.822561,18.590069,82.822561,KORAPUT,SEMILIGUDA,HATIMUNDA,,5,2,20.82926829268293,21.54562326012991,8.2,58.0,0.0,2,11.93662073189215,False,"{""albizia lebbeck"": 5.093, ""emblica officinal"": 1.273, ""gmelina arborea"": 3.899, ""ougeinia oogeinsis"": 42.096, ""syzygium cumini"": 215.177}",75.0,3.0,6.760277148911433,25.874882985544765,2062861871.0,3.0,1.574723761750529,6.3491175600651175,226.0,3.0,41.18559953160066,128.00064590222655,71.0,4.0,5.807417415123217,4.165725601527914,-1045427822.0,4.0,0.5616850386687994,4.165725601527914,233.0,4.0,40.63704595337824,84.80438300694581,82.0,4.0,5.9779293467826,74.40597963088462,-1045427822.0,4.0,1.0431292919400068,4.16572570222059,201.0,4.0,30.168013661271235,72.04500429460082
18.590157_82.829946,18.590157,82.829946,KORAPUT,SEMILIGUDA,HATIMUNDA,,8,5,5.900139470013946,5.966932725199544,6.0,13.0,0.0,4,8.276057040778557,False,"{""aegle marmelos"": 20.372, ""bixa orellana"": 62.389, ""holarrhena antidysenterica"": 2.865, ""mangifera indica"": 62.389, ""other"": 134.008, ""syzygium cumini"": 1.273, ""termanalia chebula"": 1.989}",106.0,0.0,8.054107225417937,4.580906933317576,1029578872.0,0.0,1.8054023961916097,4.580906933317576,230.0,0.0,6.090393624317547,3.171073839327395,103.0,5.0,5.707072548382946,5.419092614616927,-1663954063.0,5.0,1.7753121661784375,5.419092614616927,222.0,5.0,14.024561443019973,2.4547512553096396,112.0,3.0,9.14737807597708,15.419092634113946,-1663954063.0,3.0,1.4142320066477696,15.419092634113946,190.0,3.0,73.5648124151069,11.936786798723023
18.590763_82.817554,18.590763,82.817554,KORAPUT,SEMILIGUDA,BILAPUT,,37,18,5.7665899436628205,5.875073223369816,6.8,28.0,0.0,7,12.99765368583812,False,"{""albizia lebbeck"": 243.507, ""anacardium semecarpus"": 305.896, ""bixa orellana"": 10.345, ""cassia fistula"": 131.223, ""cipadessa baccifera"": 25.624, ""holarrhena antidysenterica"": 56.818, ""mangifera indica"": 982.861, ""mimosa rubicaulis"": 1.989, ""shrub4 badari"": 8.754, ""syzygium cumini"": 654.923, ""termanalia chebula"": 218.042, ""ziziphus oenoplia"": 1.432}",49.0,5.0,9.709170202682438,20.393262569414507,-2017976854.0,5.0,1.2537674613905736,2.7021561751285073,227.0,5.0,36.476002840799204,87.94655260878797,41.0,0.0,5.737240612108457,14.045677858434624,544960941.0,0.0,0.7522601503438856,5.954321713167305,231.0,0.0,5.598580310264482,11.435199366489183,55.0,3.0,9.849587383595733,5.954321901755813,-1269921784.0,3.0,0.5616875076488259,5.954321901755813,203.0,3.0,50.39669087842147,87.974252297736
18.590785_82.824487,18.590785,82.824487,KORAPUT,SEMILIGUDA,HATIMUNDA,,20,10,11.403761606491146,11.37714538434061,26.2,13.0,0.0,8,24.096058384112954,False,"{""anacardium occidentale"": 447.623, ""artocarpus heterophyllus"": 574.947, ""bombax ceiba"": 1022.571, ""cipadessa baccifera"": 2.865, ""emblica officinal"": 447.623, ""euphorbia nivulia"": 2.308, ""ficus benghalensis"": 895.247, ""indigofera cassioides"": 1.989, ""rauwolfia serpentina"": 1.273, ""santalum album"": 140.375, ""syzygium cumini"": 574.947, ""tamarindus indica"": 574.947, ""woodfordia fruticosa"": 1.273}",82.0,3.0,1.0130370528912103,22.31118183273451,-784926952.0,3.0,1.0130370528912103,22.31118183273451,226.0,3.0,41.18559953160066,19.23129102238472,79.0,4.0,2.146433019927731,22.966471509711305,-784926952.0,4.0,0.8224657735158826,22.966471509711305,233.0,4.0,40.63704595337824,23.15101742727983,99.0,2.0,6.118327922838223,7.688817860382421,506965724.0,2.0,0.9127356947885581,7.688817860382421,204.0,2.0,4.775825351219272,9.21463565939405
18.590802_82.814215,18.590802,82.814215,KORAPUT,SEMILIGUDA,BILAPUT,,21,11,6.513483982065109,6.5185731164030924,7.0,28.0,0.0,1,27.345712949425657,False,"{""bixa orellana"": 1.592, ""grewia eriocarpa"": 0.716, ""mangifera indica"": 7341.579, ""pitamari"": 1.751, ""tree simarua"": 1.353, ""ziziphus oenoplia"": 0.716}",18.0,5.0,4.162526810213974,1.9474200861823792,-1355059378.0,5.0,0.7322027331465688,1.9474200570010354,227.0,5.0,36.476002840799204,53.61708218732704,24.0,2.0,3.4905019126251515,1.9474200779172282,-1355059378.0,2.0,0.4714181649448175,1.9474200779172282,230.0,2.0,0.5295944733548649,1.3801234339300745,33.0,3.0,6.619906141484798,39.65324864026196,-1355059378.0,3.0,1.8957025887603989,39.65324864026196,203.0,3.0,50.39669087842147,121.40753804745728
18.590809_82.826211,18.590809,82.826211,KORAPUT,SEMILIGUDA,HATIMUNDA,,20,10,9.86834308966305,9.825872873769024,23.4,13.0,0.0,7,23.55493157760051,False,"{""anacardium occidentale"": 447.623, ""bridelia squamosa/retusa"": 574.947, ""cipadessa baccifera"": 1.273, ""diospyros ferrea"": 4.695, ""diospyros melanoxylon"": 447.623, ""emblica officinal"": 815.669, ""ficus benghalensis"": 447.623, ""holarrhena antidysenterica"": 447.623, ""indigofera cassioides"": 2.546, ""lantana camara"": 1.989, ""manilkara hexandra"": 1.273, ""rauwolfia serpentina"": 1.989, ""syzygium cumini"": 1263.292, ""woodfordia fruticosa"": 0.716}",97.0,0.0,5.0852281643881,9.766947097123744,732191527.0,0.0,2.467390777537002,9.766947097123744,,,,,90.0,2.0,4.23267581624462,15.116263639858342,732191527.0,2.0,1.043125286587697,15.116263639858342,,,,,99.0,2.0,6.118327922838223,18.344591312183656,732191527.0,2.0,1.2336959292391494,18.344591312183656,,,,
18.590818_82.825501,18.590818,82.825501,KORAPUT,SEMILIGUDA,HATIMUNDA,,20,10,8.97775323445882,8.8392382639504,23.8,13.0,0.0,9,23.55493157760051,False,"{""aegle marmelos"": 240.722, ""anacardium semecarpus"": 574.947, ""bridelia squamosa/retusa"": 447.623, ""cipadessa baccifera"": 2.706, ""diospyros ferrea"": 0.318, ""euphorbia nivulia"": 1.273, ""ficus benghalensis"": 574.947, ""holarrhena antidysenterica"": 240.722, ""lantana camara"": 39.232, ""mangifera indica"": 447.623, ""manilkara hexandra"": 0.716, ""mimosa rubicaulis"": 1.273, ""pongamia pinnata"": 574.947, ""psidium guajava"": 815.669, ""rauwolfia serpentina"": 1.273, ""tamarindus indica"": 574.947, ""woodfordia fruticosa"": 0.318}",97.0,0.0,5.0852281643881,1.8899996193600288,732191527.0,0.0,2.467390777537002,1.8899996193600288,,,,,90.0,2.0,4.23267581624462,1.8899996193600288,732191527.0,2.0,1.043125286587697,1.8899993861046507,,,,,99.0,2.0,6.118327922838223,18.876134965374316,506965724.0,2.0,0.9127356947885581,5.323189188281353,,,,
18.590826_82.820535,18.590826,82.820535,KORAPUT,SEMILIGUDA,HATIMUNDA,,18,9,6.9325598630242,7.015489951056962,7.8,13.0,0.0,9,19.947419534184217,False,"{""artocarpus heterophyllus"": 97.482, ""bixa orellana"": 215.177, ""cassia fistula"": 215.177, ""cipadessa baccifera"": 2.865, ""cycas circinalis"": 13.449, ""diospyros melanoxylon"": 277.009, ""emblica officinal"": 215.177, ""euphorbia nivulia"": 1.989, ""euphorbia royleana"": 6.446, ""ficus benghalensis"": 616.248, ""flacourtia indica"": 11.459, ""holarrhena antidysenterica"": 5.093, ""lantana camara"": 2.865, ""mangifera indica"": 574.947, ""mimosa pudica"": 5.093, ""rauwolfia serpentina"": 7.958, ""syzygium cumini"": 630.333, ""termanalia chebula"": 215.177}",64.0,3.0,8.756280150261059,40.59952362140428,820933763.0,3.0,1.5747267270790113,2.543127576045301,226.0,3.0,41.18559953160066,92.75336637659032,62.0,4.0,8.686063119352298,21.83270363400187,820933763.0,4.0,2.9087301971704647,2.543127576045301,233.0,4.0,40.63704595337824,68.32982541702688,75.0,5.0,7.15146015452787,26.15761410791754,1558192650.0,5.0,0.7021074843592339,20.51979501110268,202.0,5.0,10.251454659768628,61.6411279198662
18.590907_82.822339,18.590907,82.822339,KORAPUT,SEMILIGUDA,HATIMUNDA,,18,9,8.574280214261801,8.585702306079666,9.4,13.0,0.0,9,15.349610067085017,False,"{""artocarpus heterophyllus"": 215.177, ""bixa orellana"": 49.736, ""calotropis gigantea"": 0.318, ""cipadessa baccifera"": 0.318, ""cycas circinalis"": 0.318, ""diospyros melanoxylon"": 133.77, ""emblica officinal"": 103.132, ""euphorbia royleana"": 0.318, ""ficus benghalensis"": 249.555, ""gardenia gummifera"": 0.318, ""lantana camara"": 0.318, ""mangifera indica"": 644.578, ""murraya paniculata"": 0.318, ""psidium guajava"": 71.62, ""syzygium cumini"": 215.177, ""terminalia arjuna"": 215.177, ""woodfordia fruticosa"": 0.716, ""ziziphus oenoplia"": 0.716}",75.0,3.0,6.760277148911433,1.6469893859584053,2062861871.0,3.0,1.574723761750529,1.6469893859584053,226.0,3.0,41.18559953160066,59.366451288891476,62.0,4.0,8.686063119352298,14.8199036945474,2062861871.0,4.0,1.0531595734935146,14.8199036945474,233.0,4.0,40.63704595337824,49.423235588959756,82.0,4.0,5.9779293467826,21.64698888509556,-630010447.0,4.0,1.5847526419993112,8.353011133532203,201.0,4.0,30.168013661271235,19.588611351667854
18.591008_82.821617,18.591008,82.821617,KORAPUT,SEMILIGUDA,HATIMUNDA,,18,9,7.946635220125788,8.141344168387398,8.4,13.0,0.0,9,17.330204914450825,False,"{""anthocephalus chinensis"": 240.722, ""aphanamixis polystachya"": 574.947, ""azadirachta indica"": 241.438, ""bixa orellana"": 103.132, ""bombax ceiba"": 17.905, ""cassia fistula"": 13.449, ""diospyros melanoxylon"": 176.742, ""emblica officinal"": 121.037, ""ficus benghalensis"": 17.905, ""mangifera indica"": 656.037, ""soymida ferbrifuga"": 97.482, ""termanalia chebula"": 240.722, ""terminalia alata"": 13.449, ""wrightia arborea"": 15.597}",64.0,3.0,8.756280150261059,11.240349345499181,-146462296.0,3.0,1.4643947316601211,11.240349345499181,226.0,3.0,41.18559953160066,74.38704906087746,62.0,4.0,8.686063119352298,56.60951845064086,-146462296.0,4.0,0.8324981888234061,9.855992115741747,233.0,4.0,40.63704595337824,67.44338357740266,68.0,5.0,3.019061219490533,1.2403491115645817,-146462296.0,5.0,1.2938830502466336,1.2403491115645817,201.0,4.0,30.168013661271235,1.535197743577924
18.591102_82.824347,18.591102,82.824347,KORAPUT,SEMILIGUDA,HATIMUNDA,,20,10,12.194119777433908,12.177246496290191,23.2,8.0,0.0,8,24.509861236151885,False,"{""bixa orellana"": 574.947, ""bombax ceiba"": 240.722, ""bridelia squamosa/retusa"": 1022.571, ""cipadessa baccifera"": 0.318, ""diospyros ferrea"": 1.592, ""emblica officinal"": 240.722, ""euphorbia nivulia"": 1.273, ""ficus benghalensis"": 574.947, ""holarrhena antidysenterica"": 448.339, ""lantana camara"": 0.318, ""mimosa pudica"": 1.432, ""pongamia pinnata"": 1149.894, ""schefflera venulosa"": 1.273, ""tamarindus indica"": 574.947, ""ziziphus oenoplia"": 0.716}",72.0,1.0,9.999998749229237,7.44412773304872,1188311369.0,1.0,2.2567699702269777,7.44412773304872,218.0,1.0,24.88102867286689,5.562755315525829,79.0,4.0,2.146433019927731,2.555872538673261,-784926952.0,4.0,0.8224657735158826,2.555872538673261,233.0,4.0,40.63704595337824,3.919201249980333,99.0,2.0,6.118327922838223,2.088139913126844,506965724.0,2.0,0.9127356947885581,2.088139913126844,204.0,2.0,4.775825351219272,1.9966368477201533
18.591333_82.817649,18.591333,82.817649,KORAPUT,SEMILIGUDA,BILAPUT,,33,17,5.240125965915105,5.3808247648217025,6.0,28.0,0.0,7,10.298261023593229,False,"{""bauhinia vahlii"": 0.318, ""buchanania lanzan"": 178.254, ""cipadessa baccifera"": 16.075, ""emblica officinal"": 42.096, ""holarrhena antidysenterica"": 5.093, ""lannea coromandelica"": 123.584, ""lantana camara"": 2.706, ""mangifera indica"": 572.003, ""psidium guajava"": 1.989, ""syzygium cumini"": 173.956, ""termanalia chebula"": 223.056, ""terminalia bellirica"": 164.407}",49.0,5.0,9.709170202682438,35.34297092537203,326689915.0,5.0,1.5947906246526151,14.657029454561968,227.0,5.0,36.476002840799204,41.18628294173358,41.0,0.0,5.737240612108457,4.657029322913529,544960941.0,0.0,0.7522601503438856,4.657029322913529,231.0,0.0,5.598580310264482,1.4077071462447213,55.0,3.0,9.849587383595733,5.342970372882032,544960941.0,3.0,0.601808185607821,5.342970372882032,203.0,3.0,50.39669087842147,33.892742038698614
18.591473_82.819057,18.591473,82.819057,KORAPUT,SEMILIGUDA,HATIMUNDA,,18,9,6.449071800412534,6.596098290453045,6.8,8.0,0.0,9,17.365572679582357,False,"{""anacardium occidentale"": 240.722, ""anacardium semecarpus"": 764.262, ""bixa orellana"": 240.722, ""cassia florid"": 161.144, ""cipadessa baccifera"": 9.947, ""diospyros ferrea"": 6.446, ""diospyros melanoxylon"": 240.722, ""euphorbia nivulia"": 15.597, ""gardenia gummifera"": 2.865, ""leea asiatica"": 11.459, ""mangifera indica"": 240.722, ""mimosa rubicaulis"": 17.905, ""psidium guajava"": 97.482, ""syzygium cumini"": 240.722, ""termanalia chebula"": 114.91, ""vitex negundo"": 13.449, ""ziziphus oenoplia"": 11.459}",51.0,3.0,6.740245445964289,16.397043329175318,-1772469002.0,3.0,0.5416268444638376,2.5083385481660168,226.0,3.0,41.18559953160066,63.148137881817945,62.0,4.0,8.686063119352298,3.795949340733197,-1488734772.0,4.0,0.9127407078169192,3.795949340733197,233.0,4.0,40.63704595337824,66.07084198847564,75.0,5.0,7.15146015452787,23.927786049293342,-1488734772.0,5.0,2.1765353772613127,23.927786049293342,202.0,5.0,10.251454659768628,24.852456567787343
18.591548_82.816364,18.591548,82.816364,KORAPUT,SEMILIGUDA,BILAPUT,,40,23,4.934326690569499,4.9679806580468835,5.4,48.0,0.0,8,12.884630610309092,False,"{""albizia lebbeck"": 248.52, ""anacardium semecarpus"": 161.144, ""bixa orellana"": 7.162, ""buchanania lanzan"": 766.013, ""cassia fistula"": 209.846, ""cipadessa baccifera"": 5.093, ""gardenia gummifera"": 1.273, ""holarrhena antidysenterica"": 100.745, ""mangifera indica"": 1960.073, ""mimosa rubicaulis"": 1.989, ""shrub4 badari"": 1.035, ""syzygium cumini"": 120.003, ""termanalia chebula"": 233.878, ""tree sonda"": 0.716}",34.0,5.0,9.83958452521057,33.35775330029717,-130264498.0,5.0,2.7482604243248105,20.722758380333577,227.0,5.0,36.476002840799204,31.77269890434299,31.0,5.0,9.71922565310538,33.35775330029717,-130264498.0,5.0,2.096300753269078,11.829472056354774,225.0,5.0,15.131120616507507,31.77269890434299,48.0,3.0,9.628938625316145,7.082674522890267,-130264498.0,3.0,1.5446424348700132,7.082674522890267,203.0,3.0,50.39669087842147,133.13634617722587
18.591818_82.815917,18.591818,82.815917,KORAPUT,SEMILIGUDA,BILAPUT,,30,15,4.706310291249299,4.750978097308141,5.2,38.0,0.0,8,13.941973014850031,False,"{""albizia lebbeck"": 570.73, ""anacardium semecarpus"": 168.386, ""bixa orellana"": 3.263, ""buchanania lanzan"": 435.925, ""cassia fistula"": 71.62, ""cipadessa baccifera"": 6.446, ""holarrhena antidysenterica"": 3.263, ""mangifera indica"": 172.046, ""mimosa rubicaulis"": 1.989, ""pandaka"": 5.252, ""psidium guajava"": 1.273, ""syzygium cumini"": 352.13, ""termanalia chebula"": 140.375, ""tree sonda"": 473.725, ""ziziphus oenoplia"": 0.716}",37.0,1.0,8.56574557222002,1.9934180091937037,1971957868.0,1.0,1.7853676804686,1.9934180091937037,218.0,1.0,24.88102867286689,1.7030409537158258,38.0,1.0,9.72923821736337,1.9934180091937037,550767159.0,1.0,2.2367245047851916,1.9934180091937037,221.0,1.0,20.067466044989274,1.7030409537158258,48.0,3.0,9.628938625316145,18.00658196282946,-130264498.0,3.0,1.5446424348700132,1.9934180769573484,203.0,3.0,50.39669087842147,116.07350963742881
18.592142_82.814825,18.592142,82.814825,KORAPUT,SEMILIGUDA,BILAPUT,,24,12,3.775982503364738,3.8159760516779584,4.4,33.0,0.0,8,12.069249851135396,False,"{""anacardium semecarpus"": 389.93, ""bixa orellana"": 7.082, ""buchanania lanzan"": 428.127, ""cassia fistula"": 103.132, ""cipadessa baccifera"": 5.65, ""holarrhena antidysenterica"": 53.635, ""mangifera indica"": 133.77, ""pandaka"": 1.989, ""santalum album"": 35.094, ""shrub4 badari"": 0.716, ""syzygium cumini"": 283.455, ""tree sonda"": 93.265, ""ziziphus oenoplia"": 1.432}",34.0,5.0,9.83958452521057,20.892557291008835,1049155410.0,5.0,1.1634999355932376,3.6254930475954263,227.0,5.0,36.476002840799204,18.100744639753813,31.0,5.0,9.71922565310538,6.3745075434579626,-1248118502.0,5.0,1.7251875844377635,6.3745075434579626,225.0,5.0,15.131120616507507,3.934149178319123,33.0,3.0,6.619906141484798,6.374506971968113,-18471425.0,3.0,1.6449463898439678,6.374506971968113,203.0,3.0,50.39669087842147,3.9341501151171436
18.59228_82.828686,18.59228,82.828686,KORAPUT,SEMILIGUDA,HATIMUNDA,,20,10,16.840235495395767,16.87881693837379,18.2,13.0,0.0,10,13.33718423110083,False,"{""anacardium occidentale"": 49.736, ""anacardium semecarpus"": 97.482, ""arbor tristis"": 0.716, ""bixa orellana"": 49.736, ""bombax ceiba"": 367.966, ""cipadessa baccifera"": 0.318, ""cycas circinalis"": 0.318, ""diospyros melanoxylon"": 240.722, ""emblica officinal"": 140.375, ""flacourtia indica"": 1.035, ""mangifera indica"": 286.479, ""manilkara hexandra"": 0.716, ""mimosa pudica"": 0.318, ""phoenix acaulis"": 0.318, ""rauwolfia serpentina"": 0.716, ""santalum album"": 42.096, ""syzygium cumini"": 198.944, ""termanalia chebula"": 103.132, ""vitex negundo"": 0.318}",104.0,5.0,3.0691852701958693,17.13491022112947,2010942304.0,5.0,1.6750128243892695,17.13491022112947,207.0,5.0,50.85791988315834,26.03942652477615,94.0,5.0,2.6980752128811942,17.13491022112947,2010942304.0,5.0,1.885643117303784,17.13491022112947,222.0,5.0,14.024561443019973,106.25723222253227,113.0,3.0,8.22460734117718,7.134910511893691,2010942304.0,3.0,0.7121315148729471,7.134910511893691,190.0,3.0,73.5648124151069,102.68239591068951
18.592398_82.819353,18.592398,82.819353,KORAPUT,SEMILIGUDA,HATIMUNDA,,18,9,6.608937848156726,6.733275899203101,7.0,13.0,0.0,9,22.281692032865347,False,"{""artocarpus heterophyllus"": 574.947, ""butea monosperma"": 305.896, ""calotropis gigantea"": 5.093, ""cipadessa baccifera"": 1.989, ""diospyros melanoxylon"": 588.555, ""emblica officinal"": 447.623, ""gardenia gummifera"": 11.459, ""holarrhena antidysenterica"": 15.597, ""lantana camara"": 28.727, ""leea asiatica"": 6.446, ""mangifera indica"": 764.262, ""manilkara hexandra"": 6.446, ""psidium guajava"": 215.177, ""santalum album"": 215.177, ""schleichera oleosa"": 215.177, ""syzygium cumini"": 367.966, ""vitex negundo"": 17.905, ""ziziphus oenoplia"": 25.783}",64.0,3.0,8.756280150261059,4.0008845735710725,589394608.0,3.0,0.8926797468219675,0.19416482848909697,226.0,3.0,41.18559953160066,38.280107268742796,49.0,4.0,4.09228946926963,0.19416479353538044,-151455472.0,4.0,1.2738254690875932,0.19416479353538044,233.0,4.0,40.63704595337824,31.361452640972274,68.0,5.0,3.019061219490533,4.000885183377661,589394608.0,5.0,0.782348829714733,4.000885205392004,202.0,5.0,10.251454659768628,7.778718902727399
18.593711_82.815814,18.593711,82.815814,KORAPUT,SEMILIGUDA,HATIMUNDA,,8,5,5.259385665529011,5.329948039678792,5.4,13.0,0.0,5,9.040000767619656,False,"{""anacardium occidentale"": 6.446, ""butea monosperma"": 53.794, ""emblica officinal"": 38.515, ""mangifera indica"": 121.037, ""pongamia pinnata"": 47.189, ""psidium guajava"": 1.273, ""pterocarpus marsupium"": 81.487}",37.0,1.0,8.56574557222002,51.02575941611672,-1578629765.0,1.0,3.78136643917629,14.801450401383612,218.0,1.0,24.88102867286689,52.922139984108824,42.0,4.0,4.884676199661197,8.252333008336915,1971957868.0,4.0,0.43129642188666995,8.252333008336915,233.0,4.0,40.63704595337824,7.5170026422259575,43.0,2.0,8.385198468718151,55.43947045910073,1971957868.0,2.0,0.9829544210771246,8.252333075159306,188.0,2.0,11.092829880309298,57.38285173410119
18.594241_82.828147,18.594241,82.828147,KORAPUT,SEMILIGUDA,HATIMUNDA,,20,10,9.214238680959783,9.138582135007018,24.2,13.0,0.0,9,19.13042415964582,False,"{""albizia lebbeck"": 447.623, ""anacardium semecarpus"": 240.722, ""arbor tristis"": 1.273, ""cipadessa baccifera"": 1.989, ""diospyros ferrea"": 1.989, ""diospyros melanoxylon"": 1022.571, ""euphorbia royleana"": 1.273, ""ficus benghalensis"": 161.144, ""holarrhena antidysenterica"": 243.587, ""manilkara hexandra"": 2.865, ""phoenix acaulis"": 0.716, ""pongamia pinnata"": 249.555, ""psidium guajava"": 240.722, ""rauwolfia serpentina"": 1.989, ""syzygium cumini"": 240.722, ""tamarindus indica"": 161.144, ""ziziphus oenoplia"": 1.432}",102.0,4.0,2.7783157685053563,10.099730244622338,-1079574939.0,4.0,0.5516513810819847,10.099730244622338,213.0,4.0,10.09981492090759,6.7770141676814974,93.0,0.0,1.3039031340820353,10.099730244622338,-1079574939.0,0.0,0.5115312559650802,10.099730244622338,219.0,0.0,5.976675590032389,6.7770141676814974,108.0,3.0,5.1253397827842795,10.099730644010505,-1079574939.0,3.0,0.5616813817481462,10.099730644010505,190.0,3.0,73.5648124151069,31.67330713666095
18.594449_82.811828,18.594449,82.811828,KORAPUT,SEMILIGUDA,HATIMUNDA,,10,6,6.061852705061082,6.127745788014504,6.0,18.0,0.0,5,15.225822889124656,False,"{""anacardium occidentale"": 5.093, ""artocarpus heterophyllus"": 296.108, ""bixa orellana"": 276.054, ""bombax ceiba"": 154.062, ""mangifera indica"": 11.539, ""pterocarpus marsupium"": 161.144, ""santalum album"": 3.899, ""syzygium cumini"": 232.048}",14.0,4.0,7.131463633698892,16.5450339902483,865108241.0,4.0,2.4172759046977337,16.5450339902483,216.0,4.0,13.400304962638181,52.90317696352809,14.0,5.0,6.078293010217168,16.5450339902483,865108241.0,5.0,3.0592076125596477,16.5450339902483,225.0,5.0,15.131120616507507,17.75922861255253,14.0,3.0,8.706203942222173,50.92477521267808,865108241.0,3.0,1.7853735733883842,27.477411075335297,203.0,3.0,50.39669087842147,58.42999387354637
18.594997_82.814868,18.594997,82.814868,KORAPUT,SEMILIGUDA,HATIMUNDA,,9,5,6.436106045728713,6.547694524495677,6.4,8.0,0.0,4,11.58647985708998,False,"{""ailanthus excelsa"": 5.093, ""anacardium occidentale"": 2.865, ""bauhinia vahlii"": 5.093, ""ficus benghalensis"": 215.177, ""mangifera indica"": 173.956, ""other"": 1.989, ""terminalia bellirica"": 86.66, ""terminalia elliptica"": 76.474}",23.0,1.0,7.6530184439862,17.72023886309883,197419928.0,1.0,0.6519602769912877,7.720238468481201,218.0,1.0,24.88102867286689,112.33076360476387,26.0,1.0,6.459427238918402,17.72023886309883,197419928.0,1.0,0.4212666006395466,7.720238468481201,221.0,1.0,20.067466044989274,75.051259707536,30.0,2.0,6.298940829323548,56.94917029517046,197419928.0,2.0,1.2637998690850905,17.943016196170895,188.0,2.0,11.092829880309298,80.02233247508252
18.595014_82.827976,18.595014,82.827976,KORAPUT,SEMILIGUDA,HATIMUNDA,,20,10,11.288791619534747,11.279825448090532,18.0,23.0,0.0,8,19.7670439320134,False,"{""anacardium occidentale"": 240.722, ""anacardium semecarpus"": 688.345, ""bombax ceiba"": 249.555, ""cipadessa baccifera"": 2.308, ""diospyros melanoxylon"": 240.722, ""euphorbia nivulia"": 1.273, ""ficus benghalensis"": 249.555, ""gardenia gummifera"": 0.716, ""holarrhena antidysenterica"": 381.097, ""indigofera cassioides"": 0.318, ""mangifera indica"": 616.248, ""melastoma malabathricum"": 0.716, ""phoenix acaulis"": 1.273, ""psidium guajava"": 561.499, ""vitex negundo"": 0.716, ""woodfordia fruticosa"": 1.035}",102.0,4.0,2.7783157685053563,9.07082918786076,1818620625.0,4.0,0.742221747695437,9.07082918786076,213.0,4.0,10.09981492090759,7.447680828153604,93.0,0.0,1.3039031340820353,14.349011541244266,1818620625.0,0.0,0.7923718775807577,14.349011541244266,219.0,0.0,5.976675590032389,10.706316117543171,108.0,3.0,5.1253397827842795,9.07082918786076,1818620625.0,3.0,0.7723118014867797,9.07082918786076,190.0,3.0,73.5648124151069,21.205371931126077
18.595431_82.826381,18.595431,82.826381,KORAPUT,SEMILIGUDA,HATIMUNDA,,7,4,4.844187168355042,4.934710533027289,4.5200000000000005,38.0,0.0,3,9.310564170875878,False,"{""buchanania lanzan"": 9.629, ""diospyros melanoxylon"": 20.372, ""pitamari"": 0.318, ""schleichera oleosa"": 91.992, ""syzygium cumini"": 199.66, ""ziziphus oenoplia"": 7.958}",93.0,5.0,2.8184410593378075,18.81420109276652,-241247126.0,5.0,0.6720129539454419,3.438100468823774,207.0,5.0,50.85791988315834,134.73709352799096,73.0,2.0,9.939797252654369,3.4381004442147165,-241247126.0,2.0,0.6619828972063116,3.4381004442147165,218.0,2.0,2.3736477879724736,31.826289987086025,101.0,3.0,1.9558574928678416,2.367200581525214,-241247126.0,3.0,0.7723132720149275,2.367200581525214,190.0,3.0,73.5648124151069,120.50167224482851
18.595601_82.827027,18.595601,82.827027,KORAPUT,SEMILIGUDA,HATIMUNDA,,20,10,10.06623711340206,10.081293103448276,13.2,13.0,0.0,10,10.440564266828336,False,"{""aegle marmelos"": 62.389, ""anacardium semecarpus"": 140.375, ""annona squamosa"": 0.318, ""bixa orellana"": 42.096, ""cipadessa baccifera"": 0.318, ""cycas circinalis"": 0.318, ""diospyros melanoxylon"": 140.375, ""emblica officinal"": 31.831, ""euphorbia nivulia"": 0.318, ""holarrhena antidysenterica"": 0.318, ""lantana camara"": 0.318, ""mangifera indica"": 161.144, ""manilkara hexandra"": 0.318, ""oroxylum indicum"": 62.389, ""rauwolfia serpentina"": 0.318, ""syzygium cumini"": 71.62, ""termanalia chebula"": 161.144, ""terminalia bellirica"": 49.736, ""woodfordia fruticosa"": 0.318, ""ziziphus oenoplia"": 0.318}",93.0,5.0,2.8184410593378075,7.051496673327874,-296765056.0,5.0,1.6449260979822775,7.051496673327874,207.0,5.0,50.85791988315834,64.42571536290076,85.0,2.0,2.3570590271425576,7.051496673327874,-296765056.0,2.0,1.7652865853196225,7.051496673327874,218.0,2.0,2.3736477879724736,7.125418286257183,101.0,3.0,1.9558574928678416,7.05149658650114,-296765056.0,3.0,1.1835442226872466,7.0514970781419075,190.0,3.0,73.5648124151069,68.82550925392053
18.595819_82.826677,18.595819,82.826677,KORAPUT,SEMILIGUDA,HATIMUNDA,,20,10,9.307566506759706,9.291279336818391,15.4,13.0,0.0,9,21.10394545398532,False,"{""anacardium semecarpus"": 267.699, ""artocarpus heterophyllus"": 249.555, ""bombax ceiba"": 240.722, ""cipadessa baccifera"": 1.989, ""diospyros ferrea"": 1.273, ""diospyros melanoxylon"": 616.248, ""euphorbia nivulia"": 0.318, ""euphorbia royleana"": 0.637, ""holarrhena antidysenterica"": 234.037, ""mangifera indica"": 240.722, ""mimosa pudica"": 1.989, ""mimosa rubicaulis"": 2.308, ""phoenix dactylifera"": 616.248, ""santalum album"": 907.263, ""syzygium cumini"": 267.699, ""ziziphus oenoplia"": 0.716}",88.0,5.0,6.8003719395650215,13.297212009109256,-1238958232.0,5.0,0.8926729924153218,13.297212009109256,207.0,5.0,50.85791988315834,100.97286115973593,88.0,5.0,7.171473317113889,13.297212009109256,-1238958232.0,5.0,0.8926730200309771,13.297212009109256,216.0,5.0,7.187085464692165,12.825547741728332,101.0,3.0,1.9558574928678416,3.2972126197471163,-241247126.0,3.0,0.7723132720149275,3.2972126197471163,190.0,3.0,73.5648124151069,68.47440245054503
18.596046_82.825038,18.596046,82.825038,KORAPUT,SEMILIGUDA,HATIMUNDA,,10,1,1.8869068798558717,2.1,1.7399999999999998,0.0,0.0,1,5.092958178940651,False,"{""aegle marmelos"": 20.372, ""cipadessa baccifera"": 4.38, ""lantana camara"": 10.585}",89.0,5.0,2.6579624140485305,0.07044676756369776,-879907467.0,5.0,2.2768208284235616,0.07044676756369776,207.0,5.0,50.85791988315834,119.88179114540075,73.0,2.0,9.939797252654369,0.07090427599251273,-214710877.0,2.0,1.5646888542356712,0.07090427599251273,216.0,5.0,7.187085464692165,1.0004066165830372,91.0,3.0,9.829447185717363,20.07044629788657,-214710877.0,3.0,1.2136369025008027,19.929553475182175,190.0,3.0,73.5648124151069,167.64892173118554
18.596091_82.825235,18.596091,82.825235,KORAPUT,SEMILIGUDA,HATIMUNDA,,9,7,5.087125348865428,5.117184621053925,5.4,48.0,0.0,4,10.049497835231106,False,"{""aegle marmelos"": 7.958, ""buchanania lanzan"": 49.736, ""diospyros melanoxylon"": 65.094, ""syzygium cumini"": 274.463, ""tree tangiachina"": 258.547}",89.0,5.0,2.6579624140485305,5.262694381197601,-879907467.0,5.0,2.2768208284235616,5.262694381197601,207.0,5.0,50.85791988315834,136.517127026561,88.0,5.0,7.171473317113889,5.262693731607782,-879907467.0,5.0,1.4944776124389283,5.262693731607782,216.0,5.0,7.187085464692165,7.339376521686532,91.0,3.0,9.829447185717363,32.64170509142569,-214710877.0,3.0,1.2136369025008027,14.73730599193877,190.0,3.0,73.5648124151069,171.378503689101
18.596228_82.824514,18.596228,82.824514,KORAPUT,SEMILIGUDA,HATIMUNDA,,9,0,1.4542706964520367,,1.54,0.0,0.0,0,,True,"{""cipadessa baccifera"": 4.158, ""lantana camara"": 10.982}",66.0,2.0,7.472416077251586,5.58069992579403,-158273022.0,2.0,0.2708117055168684,5.58069992579403,,,,,64.0,2.0,4.583747519270367,5.580700289471794,-158273022.0,2.0,0.11033067824518478,5.580700289471794,214.0,2.0,7.328907063734958,44.9021890048632,91.0,3.0,9.829447185717363,10.61723540712618,-214710877.0,3.0,1.2136369025008027,10.61723540712618,190.0,3.0,73.5648124151069,110.53090841618175
18.596347_82.826101,18.596347,82.826101,KORAPUT,SEMILIGUDA,HATIMUNDA,,20,10,9.974495488889598,9.962460830082495,14.6,13.0,0.0,9,17.37971978563497,False,"{""anacardium occidentale"": 183.346, ""anacardium semecarpus"": 308.283, ""bombax ceiba"": 240.722, ""cipadessa baccifera"": 1.035, ""diospyros ferrea"": 1.432, ""diospyros melanoxylon"": 240.722, ""euphorbia royleana"": 1.273, ""ficus benghalensis"": 240.722, ""holarrhena antidysenterica"": 0.318, ""indigofera cassioides"": 0.318, ""lantana camara"": 0.318, ""madhuca indica"": 249.555, ""pongamia pinnata"": 168.386, ""pterocarpus marsupium"": 616.248, ""rauwolfia serpentina"": 0.716, ""syzygium cumini"": 240.722, ""ziziphus oenoplia"": 1.989}",89.0,5.0,2.6579624140485305,4.527916148579304,-879907467.0,5.0,2.2768208284235616,4.527916148579304,207.0,5.0,50.85791988315834,106.18154060393891,88.0,5.0,7.171473317113889,4.527916148579304,-879907467.0,5.0,1.4944776124389283,4.527916148579304,216.0,5.0,7.187085464692165,5.845609073342604,101.0,3.0,1.9558574928678416,5.472084224629432,-241247126.0,3.0,0.7723132720149275,5.472084224629432,190.0,3.0,73.5648124151069,85.9004240997618
18.596368_82.824083,18.596368,82.824083,KORAPUT,SEMILIGUDA,HATIMUNDA,,10,1,3.1975740740740743,4.0,2.808,0.0,0.0,1,5.729577951308232,False,"{""aegle marmelos"": 25.783, ""cipadessa baccifera"": 6.127, ""lantana camara"": 11.061}",88.0,5.0,6.8003719395650215,9.946528597600368,-214710877.0,5.0,1.3841478433233363,9.946528597600368,,,,,73.0,2.0,9.939797252654369,9.946528597600368,-214710877.0,2.0,1.5646888542356712,9.946528597600368,,,,,74.0,1.0,5.717151126894582,1.2275669463364736,-158273022.0,3.0,0.5616836458592374,1.2275669463364736,,,,
18.596488_82.814043,18.596488,82.814043,KORAPUT,SEMILIGUDA,HATIMUNDA,,9,5,4.983390075312082,5.028571428571428,4.8,18.0,0.0,5,13.560001151429484,False,"{""anacardium occidentale"": 5.093, ""artocarpus heterophyllus"": 245.815, ""bixa orellana"": 133.77, ""diospyros melanoxylon"": 58.012, ""holarrhena antidysenterica"": 1.273, ""magnolia champaca"": 161.144, ""mangifera indica"": 5.093, ""schleichera oleosa"": 161.144}",20.0,1.0,10.000080385542386,7.2382501383227105,165375628.0,1.0,1.1534695418757686,7.2382501383227105,218.0,1.0,24.88102867286689,54.588633545659135,16.0,3.0,8.415321511915662,7.238250195673147,165375628.0,3.0,2.487483205617644,7.238250195673147,217.0,3.0,10.11868778189367,6.909150410194619,30.0,2.0,6.298940829323548,18.979332186382667,-891679942.0,2.0,0.6619909605164943,15.604188138501202,188.0,2.0,11.092829880309298,16.21098547562454
18.596536_82.825133,18.596536,82.825133,KORAPUT,SEMILIGUDA,HATIMUNDA,,19,10,7.8976691581431915,7.888987435328899,12.6,23.0,0.0,8,14.292113889652203,False,"{""artocarpus heterophyllus"": 147.139, ""bixa orellana"": 240.722, ""bridelia squamosa/retusa"": 168.386, ""cipadessa baccifera"": 0.318, ""diospyros ferrea"": 1.353, ""ficus benghalensis"": 140.375, ""gardenia gummifera"": 0.318, ""holarrhena antidysenterica"": 280.908, ""indigofera cassioides"": 0.318, ""mangifera indica"": 315.206, ""manilkara hexandra"": 0.318, ""mimosa pudica"": 0.318, ""pongamia pinnata"": 161.144, ""syzygium cumini"": 161.144, ""woodfordia fruticosa"": 0.318}",89.0,5.0,2.6579624140485305,19.404644790747962,-879907467.0,5.0,2.2768208284235616,19.404644790747962,207.0,5.0,50.85791988315834,115.36651753072987,88.0,5.0,7.171473317113889,18.20746472101313,-879907467.0,5.0,1.4944776124389283,18.20746472101313,216.0,5.0,7.187085464692165,17.053647234876184,91.0,3.0,9.829447185717363,67.17973770619462,562429590.0,3.0,1.6950800594247084,5.622135033999614,190.0,3.0,73.5648124151069,143.74829038137543
18.596726_82.822897,18.596726,82.822897,KORAPUT,SEMILIGUDA,HATIMUNDA,,10,0,1.3018717993996116,,1.4200000000000002,0.0,0.0,0,,True,"{""cipadessa baccifera"": 3.051, ""lantana camara"": 1.455}",66.0,2.0,7.472416077251586,13.429110199592621,-264467039.0,2.0,1.1233680320230097,14.916609630667812,,,,,64.0,2.0,4.583747519270367,21.48571328602245,-264467039.0,2.0,1.3239693171351874,21.48571328602245,,,,,74.0,1.0,5.717151126894582,33.7368761520807,-264467039.0,1.0,0.7823458634517072,6.956532163038865,,,,
18.596943_82.824312,18.596943,82.824312,KORAPUT,SEMILIGUDA,HATIMUNDA,,19,10,14.1649067852271,14.16815415821501,24.4,8.0,0.0,9,13.496339174192723,False,"{""albizia lebbeck"": 240.722, ""anacardium semecarpus"": 97.482, ""bridelia squamosa/retusa"": 249.555, ""cipadessa baccifera"": 1.592, ""diospyros melanoxylon"": 49.736, ""ficus benghalensis"": 240.722, ""gardenia gummifera"": 0.716, ""lantana camara"": 1.035, ""madhuca indica"": 240.722, ""mangifera indica"": 49.736, ""syzygium cumini"": 303.111, ""termanalia chebula"": 97.482, ""vitex negundo"": 0.318, ""woodfordia fruticosa"": 1.432, ""ziziphus oenoplia"": 0.716}",88.0,5.0,6.8003719395650215,33.41560165343752,562429590.0,5.0,0.4413226387945953,14.992717415401346,207.0,5.0,50.85791988315834,31.140516728206208,76.0,5.0,0.19057116135585483,12.29552121116521,562429590.0,5.0,0.19057116135552052,12.295521362600983,215.0,5.0,0.17967682558048037,9.706485394209261,91.0,3.0,9.829447185717363,44.55828412094871,562429590.0,3.0,1.6950800594247084,23.889160080843972,190.0,3.0,73.5648124151069,66.63301939859188
18.59697_82.823822,18.59697,82.823822,KORAPUT,SEMILIGUDA,HATIMUNDA,,7,5,5.240778237520909,5.260682996602897,5.2,28.0,0.0,3,14.64225476445437,False,"{""climber2 nihali"": 0.318, ""diospyros melanoxylon"": 13.449, ""holarrhena antidysenterica"": 161.144, ""mangifera indica"": 232.048, ""schleichera oleosa"": 496.961}",88.0,5.0,6.8003719395650215,0.5488082508163212,-1134701065.0,5.0,0.9729160017494687,0.5488082508163212,208.0,2.0,2.8559115448192998,4.08602003449911,73.0,2.0,9.939797252654369,10.600194175457137,-1134701065.0,2.0,1.2838479038860335,0.5488082508163212,214.0,2.0,7.328907063734958,42.01253907599468,91.0,3.0,9.829447185717363,10.600194175457137,-214710877.0,3.0,1.2136369025008027,9.451191656999127,190.0,3.0,73.5648124151069,15.760257229087445
18.597175_82.821483,18.597175,82.821483,KORAPUT,SEMILIGUDA,HATIMUNDA,,4,0,5.875969267139479,,3.3825,8.0,0.0,0,,True,"{""mangifera indica"": 1.989, ""schleichera oleosa"": 6.446, ""syzygium cumini"": 53.794, ""woodfordia fruticosa"": 5.093}",66.0,2.0,7.472416077251586,8.771804735585603,1463361377.0,2.0,1.5446321173719668,3.664352540877211,208.0,2.0,2.8559115448192998,11.88162354192684,59.0,5.0,9.679038538478315,3.4523925432579263,-581906471.0,5.0,1.2838510309464308,3.4523925432579263,210.0,5.0,25.75958787925504,5.038815111882177,56.0,3.0,9.568732169639274,1.2281949281571432,-581906471.0,3.0,1.0531590415046834,1.2281949281571432,182.0,1.0,1.9764437132332067,1.9378578014537566
18.59731_82.823396,18.59731,82.823396,KORAPUT,SEMILIGUDA,HATIMUNDA,,11,2,2.9003229093189127,3.2499999999999996,2.2399999999999998,0.0,0.0,2,5.092958178940651,False,"{""bixa orellana"": 20.372, ""cipadessa baccifera"": 4.492, ""lantana camara"": 5.531, ""syzygium cumini"": 20.372}",66.0,2.0,7.472416077251586,4.79483130391251,1463361377.0,2.0,1.5446321173719668,4.79483130391251,208.0,2.0,2.8559115448192998,1.6417491634373196,73.0,2.0,9.939797252654369,5.114617139561616,1463361377.0,2.0,1.5446318536994437,5.114617139561616,214.0,2.0,7.328907063734958,1.641749886961307,74.0,1.0,5.717151126894582,1.780140528318173,1463361377.0,1.0,0.8024062118060525,1.780140528318173,190.0,3.0,73.5648124151069,3.0620083193020444
18.59736_82.822354,18.59736,82.822354,KORAPUT,SEMILIGUDA,HATIMUNDA,,7,4,5.924412217095144,5.962394303515798,4.2,23.0,0.0,4,9.54929658551372,False,"{""aegle marmelos"": 0.318, ""buchanania lanzan"": 3.899, ""diospyros melanoxylon"": 58.012, ""magnolia champaca"": 240.722, ""other"": 38.515, ""pitamari"": 0.318, ""santalum album"": 20.372}",66.0,2.0,7.472416077251586,8.997633204694909,1463361377.0,2.0,1.5446321173719668,8.997633204694909,208.0,2.0,2.8559115448192998,8.86285784816406,73.0,2.0,9.939797252654369,18.11620902629317,1463361377.0,2.0,1.5446318536994437,18.11620902629317,214.0,2.0,7.328907063734958,21.343781236776046,91.0,3.0,9.829447185717363,5.500934339235998,-400453422.0,3.0,0.8024061673223227,5.500934339235998,190.0,3.0,73.5648124151069,7.32588268312864
18.597398_82.824837,18.597398,82.824837,KORAPUT,SEMILIGUDA,HATIMUNDA,,6,3,6.402404809619238,6.822350845948353,5.0,48.0,0.0,3,8.700470222356946,False,"{""buchanania lanzan"": 71.461, ""holarrhena antidysenterica"": 5.093, ""morinda tinctoria"": 53.794, ""syzygium cumini"": 66.925, ""tree tendka"": 1.273}",88.0,5.0,6.8003719395650215,0.49487657011857866,562429590.0,5.0,0.4413226387945953,0.49487657011857866,207.0,5.0,50.85791988315834,65.7741008813731,88.0,5.0,7.171473317113889,7.194201358210682,-879907467.0,5.0,1.4944776124389283,7.194201356932672,216.0,5.0,7.187085464692165,8.71246554532688,91.0,3.0,9.829447185717363,50.57276964487691,562429590.0,3.0,1.6950800594247084,10.863468106639848,190.0,3.0,73.5648124151069,46.87638653381177
18.597412_82.823824,18.597412,82.823824,KORAPUT,SEMILIGUDA,HATIMUNDA,,18,9,7.002101471029719,6.954455087655882,25.0,13.0,0.0,8,13.54585404537687,False,"{""anacardium occidentale"": 147.139, ""anacardium semecarpus"": 210.244, ""bridelia squamosa/retusa"": 147.139, ""cipadessa baccifera"": 0.716, ""diospyros ferrea"": 1.035, ""emblica officinal"": 133.77, ""euphorbia royleana"": 0.318, ""gardenia gummifera"": 0.716, ""gmelina arborea"": 140.375, ""mangifera indica"": 240.722, ""phoenix acaulis"": 0.716, ""rauwolfia serpentina"": 0.318, ""syzygium cumini"": 140.375, ""terminalia bellirica"": 161.144, ""vitex negundo"": 0.318, ""woodfordia fruticosa"": 0.318}",88.0,5.0,6.8003719395650215,14.307545080858606,-1134701065.0,5.0,0.9729160017494687,14.307545080858606,207.0,5.0,50.85791988315834,28.6003424570817,73.0,2.0,9.939797252654369,30.263069710482785,-1134701065.0,2.0,1.2838479038860335,22.451727594099985,214.0,2.0,7.328907063734958,34.05150480812245,91.0,3.0,9.829447185717363,20.26309367064454,562429590.0,3.0,1.6950800594247084,10.263069599670612,190.0,3.0,73.5648124151069,16.462729667810795
18.59743_82.823241,18.59743,82.823241,KORAPUT,SEMILIGUDA,HATIMUNDA,,18,9,6.694858342077649,6.491753013322055,36.8,8.0,0.0,9,9.761503176302915,False,"{""anacardium semecarpus"": 49.736, ""cipadessa baccifera"": 2.626, ""diospyros ferrea"": 0.318, ""emblica officinal"": 49.736, ""ficus benghalensis"": 161.144, ""holarrhena antidysenterica"": 35.094, ""indigofera cassioides"": 0.318, ""jasminum arborescens"": 0.318, ""lantana camara"": 0.716, ""mangifera indica"": 62.389, ""mimosa pudica"": 0.716, ""santalum album"": 232.048, ""syzygium cumini"": 49.736, ""termanalia chebula"": 66.925, ""terminalia bellirica"": 45.837, ""ziziphus oenoplia"": 0.716}",66.0,2.0,7.472416077251586,18.708119503168398,1463361377.0,2.0,1.5446321173719668,18.708119503168398,208.0,2.0,2.8559115448192998,18.001796640979766,73.0,2.0,9.939797252654369,21.28889181869146,1463361377.0,2.0,1.5446318536994437,21.28889181869146,214.0,2.0,7.328907063734958,18.001796421981343,91.0,3.0,9.829447185717363,8.663668137101675,-400453422.0,3.0,0.8024061673223227,8.663668137101675,190.0,3.0,73.5648124151069,6.473263737063004
18.597682_82.819763,18.597682,82.819763,KORAPUT,SEMILIGUDA,HATIMUNDA,,27,10,4.13753034986337,4.21120629775411,5.014,28.0,0.0,3,14.164789935178684,False,"{""aegle marmelos"": 305.1, ""anacardium occidentale"": 1003.313, ""buchanania lanzan"": 438.711, ""cipadessa baccifera"": 13.926, ""cycas circinalis"": 0.716, ""holarrhena antidysenterica"": 13.687, ""jasminum arborescens"": 0.318, ""ziziphus oenoplia"": 0.637}",56.0,5.0,9.478456811868748,17.756436259896546,1747968655.0,5.0,0.8024080864607571,5.506657452865567,207.0,5.0,50.85791988315834,15.545758171751144,55.0,5.0,2.146442024111653,25.50665804838521,1747968655.0,5.0,0.8224683042973427,5.506657452865567,210.0,5.0,25.75958787925504,24.352450133129587,56.0,3.0,9.568732169639274,30.785912019850468,1747968655.0,3.0,1.0631915424469494,26.38653241242156,190.0,3.0,73.5648124151069,37.185837772059834
18.598169_82.819834,18.598169,82.819834,KORAPUT,SEMILIGUDA,HATIMUNDA,,9,4,23.75418163160595,25.942695035460993,12.26,18.0,0.0,4,8.992254284692088,False,"{""aegle marmelos"": 1.273, ""anacardium occidentale"": 45.837, ""buchanania lanzan"": 41.38, ""cipadessa baccifera"": 7.958, ""emblica officinal"": 1.989, ""syzygium cumini"": 169.659, ""termanalia chebula"": 42.096}",56.0,5.0,9.478456811868748,34.949383047421904,1747968655.0,5.0,0.8024080864607571,0.5124495631493631,207.0,5.0,50.85791988315834,64.22540772130947,55.0,5.0,2.146442024111653,0.5124495631493631,1747968655.0,5.0,0.8224683042973427,0.5124495631493631,210.0,5.0,25.75958787925504,64.22540772130947,56.0,3.0,9.568732169639274,1.7033789159067043,1747968655.0,3.0,1.0631915424469494,1.7033789159067043,190.0,3.0,73.5648124151069,73.38030980009691
18.598548_82.821378,18.598548,82.821378,KORAPUT,SEMILIGUDA,HATIMUNDA,,7,4,6.203328232593728,6.34748717948718,5.8,28.0,0.0,2,10.90211360179483,False,"{""mangifera indica"": 366.295, ""morinda tinctoria"": 49.736}",59.0,4.0,7.081250627567641,9.170945619451018,3054041.0,4.0,1.3440319260223625,9.170945619451018,201.0,4.0,13.91042931322155,6.043756704709964,59.0,5.0,9.679038538478315,9.170945619451018,3054041.0,5.0,1.2938814938551662,9.170945619451018,210.0,5.0,25.75958787925504,114.49064850988086,77.0,3.0,1.9558658241689435,0.829054426730869,1788568139.0,3.0,1.0230684809280377,0.829054426730869,190.0,3.0,73.5648124151069,112.52166711227727
18.598995_82.819166,18.598995,82.819166,KORAPUT,SEMILIGUDA,HATIMUNDA,,9,5,4.671417747892793,4.718774672351176,4.6,23.0,0.0,3,11.140846016432674,False,"{""aegle marmelos"": 1.989, ""bixa orellana"": 52.143, ""cipadessa baccifera"": 2.585, ""mangifera indica"": 175.09, ""pterocarpus marsupium"": 280.749}",55.0,5.0,1.033101665955179,19.79863723878333,1326138603.0,5.0,1.033101665955179,19.79863723878333,207.0,5.0,50.85791988315834,42.4572705125773,46.0,5.0,5.57674755648077,19.79863723878333,1326138603.0,5.0,0.942830611974569,19.79863723878333,210.0,5.0,25.75958787925504,62.40587337792596,64.0,3.0,6.4393255810686325,58.688170421439835,2089826923.0,3.0,1.6850587931215628,0.20136256791969886,190.0,3.0,73.5648124151069,122.51545934785227
18.602419_82.818844,18.602419,82.818844,KORAPUT,SEMILIGUDA,HATIMUNDA,,15,5,4.9410596026490055,5.051547710411871,4.8,18.0,0.0,3,12.350423583931079,False,"{""aegle marmelos"": 0.716, ""anacardium occidentale"": 24.908, ""cipadessa baccifera"": 1.989, ""madhuca indica"": 140.375, ""mangifera indica"": 241.04, ""mimosa pudica"": 0.716, ""pongamia pinnata"": 3.979, ""syzygium cumini"": 244.621, ""ziziphus oenoplia"": 2.546}",50.0,4.0,7.893700814879013,28.18745776212511,758759152.0,4.0,0.7723183473320837,28.18745776212511,201.0,4.0,13.91042931322155,28.068983160848738,51.0,0.0,9.117363296508458,31.11047116686017,758759152.0,0.0,1.1434326421265428,14.084802891630812,208.0,0.0,10.931627687857901,28.03087977437916,59.0,3.0,9.739228248397025,28.459239228109464,758759152.0,3.0,1.053161531171668,20.95544992902642,190.0,3.0,73.5648124151069,27.282133125423645
18.604711_82.818115,18.604711,82.818115,KORAPUT,SEMILIGUDA,HATIMUNDA,,15,6,4.728705067128627,4.877546401086464,5.0,18.0,0.0,2,8.169953745383962,False,"{""acacia auriculiformis"": 231.491, ""anacardium occidentale"": 120.082, ""bixa orellana"": 1.989, ""buchanania lanzan"": 2.865, ""climber2 nihali"": 2.865, ""grewia eriocarpa"": 0.318, ""pandaka"": 0.716, ""shrub bhandari"": 2.865, ""termanalia chebula"": 1.989, ""ziziphus oenoplia"": 2.308}",45.0,0.0,3.6208725087628606,21.01992729033355,1088348930.0,0.0,1.614848621444438,18.230736747564364,196.0,0.0,6.713911039776139,83.9493623168179,43.0,3.0,3.5205718800162598,18.230736169442487,1088348930.0,3.0,1.3440356488805618,18.230736730508262,201.0,3.0,14.988150785507145,190.93046248083388,53.0,3.0,2.0160532525382218,21.199844485852303,1088348930.0,3.0,0.8926802650919501,21.199844485852303,173.0,3.0,1.2576869188321125,18.83729498792786
18.614284_82.839737,18.614284,82.839737,KORAPUT,SEMILIGUDA,BARIGUDA,,17,12,8.783990871053632,8.925670972232965,10.0,48.0,0.0,5,10.000235590940758,False,"{""hadjam"": 38.515, ""other"": 66.925, ""pterocarpus marsupium"": 296.665, ""syzygium cumini"": 402.503, ""terminalia bellirica"": 241.438}",133.0,5.0,7.973764321802441,4.6415844465456875,-1217075376.0,5.0,1.6047824304052116,4.6415844465456875,191.0,5.0,30.503871115220313,93.61347240717524,131.0,5.0,6.750104029019711,4.6415844465456875,1376161540.0,5.0,0.5416135599899996,4.6415844465456875,194.0,5.0,23.014973504124917,74.24753795467805,150.0,3.0,5.676909019441579,17.985624008809456,308428083.0,3.0,0.9026887979889898,10.640418653056168,164.0,3.0,16.12187491492129,62.26495699451765
18.614533_82.839458,18.614533,82.839458,KORAPUT,SEMILIGUDA,BARIGUDA,,15,10,7.578799169313462,7.860804466438269,9.4,58.0,0.0,4,8.88084582452776,False,"{""hadjam"": 132.735, ""other"": 162.577, ""syzygium cumini"": 289.185, ""terminalia bellirica"": 66.925}",133.0,5.0,7.973764321802441,1.9012748707204912,-1382330783.0,5.0,0.5817336543561805,1.9012748707204912,191.0,5.0,30.503871115220313,104.48118309678843,127.0,5.0,3.7411456444323274,11.901274631463826,-1087945358.0,5.0,2.457320639933317,11.901274587050048,194.0,5.0,23.014973504124917,101.63849962382565,150.0,3.0,5.676909019441579,8.098725720274965,308428083.0,3.0,0.9026887979889898,0.9139961724484706,164.0,3.0,16.12187491492129,92.5996540750072
18.615426_82.839528,18.615426,82.839528,KORAPUT,SEMILIGUDA,BARIGUDA,,13,6,10.696006364359587,11.172695772695771,10.6,58.0,0.0,5,10.769484482551585,False,"{""bixa orellana"": 2.546, ""hadjam"": 7.958, ""ichnocarpus frutescens"": 62.389, ""mangifera indica"": 198.944, ""other"": 85.546, ""pterocarpus marsupium"": 159.871, ""shrub bhandari"": 6.446, ""syzygium cumini"": 76.474}",139.0,5.0,2.1062748133363542,13.047438533368457,-550413847.0,5.0,0.531583623904308,0.8222470431247325,191.0,5.0,30.503871115220313,133.4935751682853,127.0,5.0,3.7411456444323274,35.339568758440485,-550413847.0,5.0,0.5215537316823067,0.8222470431247325,194.0,5.0,23.014973504124917,87.70408465603845,145.0,3.0,8.675851714698002,42.707836876156286,-550413847.0,3.0,0.8224501863627822,7.287978144056236,164.0,3.0,16.12187491492129,93.65742753903554
18.615788_82.855314,18.615788,82.855314,KORAPUT,SEMILIGUDA,KONDASRIMUNDA,,12,0,1.2032085561497323,,1.4,0.0,0.0,0,,True,"{""cassia fistula"": 3.263, ""cipadessa baccifera"": 4.854, ""lantana camara"": 10.425, ""shrub22 indirabuta"": 11.22}",160.0,0.0,9.718796625178513,62.8221790112579,1719442724.0,0.0,0.6318727800643578,1.955049704877662,189.0,0.0,14.259048406922023,103.47783027745389,146.0,3.0,9.407874781066855,63.33519860441824,1719442724.0,3.0,0.692051133326084,1.955049704877662,193.0,3.0,13.682241834180049,103.47783027745389,167.0,3.0,8.214337287804998,72.82217880322642,1719442724.0,3.0,0.9127050273698681,7.177821199108742,162.0,3.0,18.069646122399377,159.0627519716731
18.615818_82.85548,18.615818,82.85548,KORAPUT,SEMILIGUDA,KONDASRIMUNDA,,9,0,1.517817109144543,,1.7,0.0,0.0,0,,True,"{""aegle marmelos"": 0.716, ""cipadessa baccifera"": 3.263, ""lantana camara"": 4.854, ""shrub22 indirabuta"": 18.144}",160.0,0.0,9.718796625178513,80.32128605735028,-429666382.0,0.0,2.0460620262877485,8.453199066054683,189.0,0.0,14.259048406922023,86.50488910584875,146.0,3.0,9.407874781066855,81.13226850154211,-429666382.0,3.0,2.397102250340192,10.421817851099615,193.0,3.0,13.682241834180049,86.50488910584875,167.0,3.0,8.214337287804998,64.77338528830339,-429666382.0,3.0,1.0631496762456953,8.453198763859877,162.0,3.0,18.069646122399377,156.0212165959515
18.615834_82.855468,18.615834,82.855468,KORAPUT,SEMILIGUDA,KONDASRIMUNDA,,7,0,1.3458937198067638,,1.6,0.0,0.0,0,,True,"{""albizia lebbeck"": 1.273, ""cassia fistula"": 5.093, ""cipadessa baccifera"": 1.273, ""shrub22 indirabuta"": 8.833}",160.0,0.0,9.718796625178513,79.0907477840393,-429666382.0,0.0,2.0460620262877485,6.695259160295008,189.0,0.0,14.259048406922023,87.9879187274128,146.0,3.0,9.407874781066855,80.13389533391293,-429666382.0,3.0,2.397102250340192,9.607909776175923,193.0,3.0,13.682241834180049,88.04244250504824,167.0,3.0,8.214337287804998,66.88864033081883,-429666382.0,3.0,1.0631496762456953,6.695258877219034,162.0,3.0,18.069646122399377,154.18185753384583
18.616194_82.856297,18.616194,82.856297,KORAPUT,SEMILIGUDA,KONDASRIMUNDA,,9,0,1.0003603603603604,,1.2,0.0,0.0,0,,True,"{""bixa orellana"": 5.093, ""cipadessa baccifera"": 11.698, ""lantana camara"": 6.446, ""shrub22 indirabuta"": 3.263}",160.0,0.0,9.718796625178513,3.9033751218829575,-429666382.0,0.0,2.0460620262877485,3.9033751218829575,190.0,4.0,4.047009805422299,0.7499785302058204,146.0,3.0,9.407874781066855,3.903374842509351,-429666382.0,3.0,2.397102250340192,3.903374842509351,193.0,3.0,13.682241834180049,23.6900167996664,167.0,3.0,8.214337287804998,23.903374584617392,-429666382.0,3.0,1.0631496762456953,8.513289036197671,162.0,3.0,18.069646122399377,148.84409784693207
18.616558_82.841079,18.616558,82.841079,KORAPUT,SEMILIGUDA,BARIGUDA,,17,9,8.107583242762573,8.71648,9.4,63.0,0.0,5,9.86760647169751,False,"{""albizia lebbeck"": 62.389, ""anacardium semecarpus"": 38.515, ""bauhinia vahlii"": 19.417, ""bixa orellana"": 5.093, ""hadjam"": 61.195, ""other"": 23.396, ""pterocarpus marsupium"": 62.389, ""syzygium cumini"": 533.01}",142.0,5.0,5.065084273388401,24.478884703531296,832111214.0,5.0,1.5546287645299848,9.683862927494255,191.0,5.0,30.503871115220313,46.76701205414399,136.0,5.0,6.7701524380990685,9.683863032773944,832111214.0,5.0,4.5134345744470945,9.683863032773944,194.0,5.0,23.014973504124917,6.381452428194385,153.0,4.0,8.374932926801515,7.807458843313187,-793092562.0,4.0,0.8425089766066283,7.807458843313187,158.0,4.0,24.168321005197857,6.509663336762417
18.616631_82.839986,18.616631,82.839986,KORAPUT,SEMILIGUDA,BARIGUDA,,13,7,8.692373238509152,9.04871020856202,9.2,58.0,0.0,6,10.004024994347706,False,"{""albizia lebbeck"": 161.144, ""bauhinia vahlii"": 1.273, ""bixa orellana"": 7.958, ""hadjam"": 71.62, ""ichnocarpus frutescens"": 120.401, ""other"": 64.776, ""pterocarpus marsupium"": 49.736, ""syzygium cumini"": 127.324}",142.0,5.0,5.065084273388401,14.25423153148924,-793092562.0,5.0,2.016004634337689,14.25423153148924,191.0,5.0,30.503871115220313,42.09285778106755,128.0,4.0,9.668798696589088,4.2542315872148295,-793092562.0,4.0,2.116303194233356,4.2542315872148295,190.0,4.0,16.235057733738188,4.7960941226684115,145.0,3.0,8.675851714698002,7.818199496003037,-1049902956.0,3.0,1.0029879421526382,7.818199496003037,164.0,3.0,16.12187491492129,7.677315850517563
18.616679_82.843587,18.616679,82.843587,KORAPUT,SEMILIGUDA,BARIGUDA,,13,6,6.534508920526222,7.080769994046437,7.2,68.0,0.0,4,8.965728460843438,False,"{""anacardium semecarpus"": 49.736, ""bauhinia vahlii"": 3.899, ""bixa orellana"": 5.093, ""hadjam"": 13.449, ""ichnocarpus frutescens"": 76.474, ""mangifera indica"": 140.375, ""other"": 142.364, ""pitamari"": 5.093, ""ziziphus oenoplia"": 5.093}",148.0,5.0,6.9607211832999365,14.749683369434234,-1308989879.0,5.0,1.0531332476804758,14.749683369434234,191.0,5.0,30.503871115220313,22.829050316350514,138.0,2.0,6.389017697617561,26.07380639979837,-1308989879.0,2.0,0.8725960857869961,4.221372350760327,196.0,2.0,4.756196481829929,22.829050316350514,157.0,4.0,7.873432283524553,35.16153593031104,-1308989879.0,0.0,0.6719994230309273,16.087745027065015,161.0,0.0,6.5054385863732405,20.65696321695908
18.616705_82.856253,18.616705,82.856253,KORAPUT,SEMILIGUDA,KONDASRIMUNDA,,11,0,1.1312968299711816,,1.346,0.0,0.0,0,,True,"{""cipadessa baccifera"": 7.958, ""dhudur nai"": 0.318, ""lantana camara"": 9.947, ""shrub22 indirabuta"": 9.39}",162.0,0.0,9.267446520973644,0.5724608475868384,-2045171997.0,0.0,1.8454675162527059,0.5724608475868384,189.0,0.0,14.259048406922023,39.10842138445929,148.0,3.0,8.364774341982502,0.572460895269681,1167697158.0,3.0,2.84843705735547,0.572460895269681,193.0,3.0,13.682241834180049,72.92210458553157,167.0,3.0,8.214337287804998,14.387186686515888,1933858601.0,3.0,0.9829121471678897,14.387186686515888,162.0,3.0,18.069646122399377,107.59989515916646
18.616708_82.839955,18.616708,82.839955,KORAPUT,SEMILIGUDA,BARIGUDA,,17,9,7.521226294585831,8.017945219855179,9.0,53.0,0.0,3,10.00907753222364,False,"{""bixa orellana"": 11.459, ""hadjam"": 11.459, ""mangifera indica"": 488.685, ""other"": 248.52, ""syzygium cumini"": 49.736}",142.0,5.0,5.065084273388401,10.895327549840042,-793092562.0,5.0,2.016004634337689,10.895327549840042,191.0,5.0,30.503871115220313,40.36339936349831,123.0,5.0,5.967785758093626,3.187578646226278,-1049902956.0,5.0,1.1032871797269461,3.187578646226278,194.0,5.0,23.014973504124917,2.441031152841661,145.0,3.0,8.675851714698002,6.8124212003787745,-1049902956.0,3.0,1.0029879421526382,6.8124212003787745,164.0,3.0,16.12187491492129,7.502853262268315
18.616768_82.842999,18.616768,82.842999,KORAPUT,SEMILIGUDA,BARIGUDA,,18,10,10.17824655369216,10.814908342686119,12.4,58.0,0.0,4,10.185916357881302,False,"{""bixa orellana"": 11.459, ""buchanania lanzan"": 31.831, ""holarrhena antidysenterica"": 21.645, ""other"": 343.536, ""syzygium cumini"": 448.101, ""termanalia chebula"": 49.736}",149.0,5.0,5.6568381941106765,7.932827669421711,-531174252.0,5.0,2.8585079259866877,7.932827669421711,191.0,5.0,30.503871115220313,80.91894557210094,136.0,5.0,6.7701524380990685,19.205137562306675,-531174252.0,5.0,0.2708059175036326,3.1260635000340105,194.0,5.0,23.014973504124917,20.62813908800831,157.0,4.0,7.873432283524553,60.02184147893008,-1308989879.0,0.0,0.6719994230309273,7.178036330239569,161.0,0.0,6.5054385863732405,9.082730393138455
18.616998_82.84222,18.616998,82.84222,KORAPUT,SEMILIGUDA,BARIGUDA,,14,8,6.6649926241599715,7.453469010175763,8.4,63.0,0.0,5,8.236268305005584,False,"{""anacardium semecarpus"": 53.794, ""bixa orellana"": 19.417, ""ichnocarpus frutescens"": 62.389, ""mangifera indica"": 175.946, ""other"": 119.127, ""syzygium cumini"": 49.736, ""ziziphus oenoplia"": 5.093}",149.0,5.0,5.6568381941106765,26.43342583823019,-531174252.0,5.0,2.8585079259866877,2.259742845482885,191.0,5.0,30.503871115220313,88.92716607226397,136.0,5.0,6.7701524380990685,58.67007087802247,-1230740388.0,5.0,0.30089551473490694,0.40384536758903916,194.0,5.0,23.014973504124917,54.75228726805806,157.0,4.0,7.873432283524553,45.424130185945316,-531174252.0,4.0,0.862567267564585,16.079219335974557,158.0,4.0,24.168321005197857,53.33165974565526
18.617277_82.841366,18.617277,82.841366,KORAPUT,SEMILIGUDA,BARIGUDA,,17,12,9.111511072928598,9.709102028335542,11.4,58.0,0.0,6,8.939202636994787,False,"{""ailanthus excelsa"": 97.482, ""albizia lebbeck"": 202.763, ""grewia eriocarpa"": 5.093, ""other"": 228.387, ""syzygium cumini"": 116.183, ""termanalia chebula"": 134.008, ""terminalia bellirica"": 49.736}",149.0,5.0,5.6568381941106765,2.302680868420897,-531174252.0,5.0,2.8585079259866877,2.302680868420897,191.0,5.0,30.503871115220313,14.124723812220832,136.0,5.0,6.7701524380990685,61.945821767213616,832111214.0,5.0,4.5134345744470945,10.845174190781817,194.0,5.0,23.014973504124917,58.28317147383213,153.0,4.0,8.374932926801515,37.55489999981761,-1772084777.0,4.0,0.621851316391415,7.697319623220451,158.0,4.0,24.168321005197857,38.34677142854102
18.624624_82.933586,18.624624,82.933586,KORAPUT,SEMILIGUDA,KHASUGUDA,,3,2,4.550139240275932,4.5772477064220185,3.433333333333333,48.0,0.0,2,5.252113122032546,False,"{""arbor tristis"": 0.351, ""artocarpus heterophyllus"": 22.998, ""mangifera indica"": 20.372}",365.0,1.0,1.2536105676677407,16.868638524491733,221844565.0,1.0,0.48138683493101,16.868638524491733,,,,,318.0,2.0,8.303932333019777,23.977205520703095,221844565.0,2.0,0.45130016589981126,16.868638524491733,,,,,370.0,2.0,3.159098777440719,20.96123303297218,,,,,,,,
18.637046_82.971078,18.637046,82.971078,KORAPUT,SEMILIGUDA,KHASUGUDA,,35,15,4.42978942208515,4.888239457243264,6.4,33.0,0.0,12,22.366574669181027,False,"{""aganosma caryophyllata"": 1.989, ""albizia lebbeck"": 236.982, ""arbor tristis"": 2.865, ""artocarpus heterophyllus"": 147.139, ""bauhinia vahlii"": 548.209, ""bauhinia variegata"": 1010.395, ""bixa orellana"": 338.204, ""bombax ceiba"": 548.209, ""calotropis gigantea"": 1.989, ""cipadessa baccifera"": 1.989, ""combretum roxburghii"": 1.989, ""diospyros melanoxylon"": 1.989, ""emblica officinal"": 13.449, ""euphorbia nivulia"": 26.897, ""gardenia gummifera"": 13.449, ""gmelina arborea"": 147.139, ""mangifera indica"": 1.989, ""other"": 161.144, ""pongamia pinnata"": 147.139, ""pterocarpus marsupium"": 1674.071, ""santalum album"": 496.643, ""syzygium cumini"": 580.836, ""termanalia chebula"": 755.827, ""terminalia bellirica"": 616.248, ""ziziphus oenoplia"": 315.525}",580.0,4.0,6.337999520562221,26.6433177892904,86076202.0,4.0,1.333786676173329,26.6433177892904,155.0,4.0,145.8349400093242,77.16594853368561,535.0,0.0,5.204780642612364,26.6433177892904,86076202.0,0.0,1.4741851863924427,26.6433177892904,152.0,0.0,148.74706309370896,85.64970099418065,588.0,5.0,5.595891479919515,26.6433177892904,86076202.0,5.0,0.8624485948296396,15.814463384445853,123.0,5.0,158.26673541235203,91.13740806206444
18.637227_82.968882,18.637227,82.968882,KORAPUT,SEMILIGUDA,KHASUGUDA,,24,10,8.20760012658558,8.260449558557287,7.0,38.0,0.0,10,53.47606087887683,False,"{""aganosma caryophyllata"": 1.989, ""anacardium occidentale"": 548.209, ""arbor tristis"": 1.989, ""bauhinia vahlii"": 5.093, ""bixa orellana"": 548.209, ""bombax ceiba"": 19894.368, ""cassia fistula"": 1.989, ""diospyros melanoxylon"": 11.539, ""emblica officinal"": 461.629, ""euphorbia nivulia"": 296.108, ""gmelina arborea"": 3.899, ""indigofera cassioides"": 5.093, ""jasminum arborescens"": 6.446, ""mangifera indica"": 24600.261, ""pongamia pinnata"": 223.533, ""psidium guajava"": 1.989, ""syzygium cumini"": 429.161, ""tamarindus indica"": 616.248, ""termanalia chebula"": 548.209, ""terminalia arjuna"": 574.947, ""woodfordia fruticosa"": 1.989}",583.0,4.0,6.729101929997337,1.017085229657843,1431906982.0,4.0,0.8123079436034231,1.017085229657843,155.0,4.0,145.8349400093242,171.41210131181154,534.0,0.0,2.9784590686734083,1.017085229657843,1431906982.0,0.0,0.8524221938307411,1.017085229657843,152.0,0.0,148.74706309370896,158.77869417409525,574.0,5.0,5.345189939444314,7.7657102370341295,1431906982.0,5.0,0.7320801296927278,7.7657102370341295,123.0,5.0,158.26673541235203,262.8244068565671
18.637924_82.967885,18.637924,82.967885,KORAPUT,SEMILIGUDA,KHASUGUDA,,24,10,5.751251227543181,5.616152149944874,13.8,33.0,0.0,8,22.600001919049138,False,"{""albizia lebbeck"": 242.711, ""bauhinia vahlii"": 6.446, ""cipadessa baccifera"": 387.861, ""diospyros ferrea"": 1.273, ""diospyros melanoxylon"": 191.066, ""emblica officinal"": 254.648, ""euphorbia nivulia"": 223.533, ""ficus religiosa"": 616.248, ""haldina cordifolia"": 168.386, ""indigofera cassioides"": 147.139, ""jasminum arborescens"": 1.273, ""mangifera indica"": 1.989, ""pongamia pinnata"": 561.499, ""psidium guajava"": 1.273, ""smilax zeylanica"": 5.093, ""syzygium cumini"": 2035.433, ""termanalia chebula"": 267.699, ""ziziphus oenoplia"": 396.694}",566.0,4.0,9.978368980954501,8.010881479635815,-1953494026.0,4.0,2.1160149216293953,8.010881479635815,155.0,4.0,145.8349400093242,173.92097428691355,519.0,0.0,10.038542673955353,5.017659477180033,-1953494026.0,0.0,0.9827934454736658,5.017659477180033,152.0,0.0,148.74706309370896,160.83157486426828,571.0,5.0,6.789301714149642,20.3650699550268,-1953494026.0,5.0,0.9426792387230022,20.3650699550268,123.0,5.0,158.26673541235203,232.6273847702858
18.6389_82.971745,18.6389,82.971745,KORAPUT,SEMILIGUDA,KHASUGUDA,,26,13,4.463643396500879,5.063444432536706,6.8,58.0,0.0,11,21.620586884637476,False,"{""albizia lebbeck"": 1232.655, ""anacardium occidentale"": 779.939, ""artocarpus heterophyllus"": 223.533, ""bauhinia vahlii"": 240.722, ""bombax ceiba"": 401.15, ""cipadessa baccifera"": 13.449, ""diospyros melanoxylon"": 424.068, ""emblica officinal"": 173.479, ""euphorbia nivulia"": 20.372, ""gardenia gummifera"": 91.992, ""gmelina arborea"": 147.139, ""saraca asoca"": 1.273, ""smilax zeylanica"": 133.77, ""syzygium cumini"": 417.066, ""termanalia chebula"": 705.136, ""terminalia bellirica"": 563.488, ""wrightia arborea"": 147.139, ""ziziphus oenoplia"": 301.201}",583.0,4.0,6.729101929997337,30.158816796174253,-924595070.0,4.0,0.9226187315755782,27.615907807113267,155.0,4.0,145.8349400093242,189.86452678419454,536.0,0.0,9.506988759870653,17.792577347490496,-924595070.0,0.0,0.9928179344239257,17.792577347490496,152.0,0.0,148.74706309370896,202.21101772241838,587.0,5.0,9.737651097381406,32.50111855588064,-924595070.0,5.0,0.6117361648161019,14.638306176601294,123.0,5.0,158.26673541235203,186.9778480578923
18.639738_82.971846,18.639738,82.971846,KORAPUT,SEMILIGUDA,KHASUGUDA,,29,11,7.939191120585781,8.701042264295276,8.0,63.0,0.0,10,32.872730064071476,False,"{""albizia lebbeck"": 907.581, ""bauhinia vahlii"": 629.697, ""bombax ceiba"": 9750.23, ""calotropis gigantea"": 42.096, ""cipadessa baccifera"": 133.77, ""climber11 mardhamal"": 548.209, ""emblica officinal"": 11.459, ""euphorbia nivulia"": 147.139, ""ficus religiosa"": 224.806, ""gmelina arborea"": 548.209, ""mangifera indica"": 1.273, ""mimosa pudica"": 17.905, ""pitamari"": 161.144, ""pongamia pinnata"": 240.722, ""saraca asoca"": 424.068, ""syzygium cumini"": 915.061, ""tamarindus indica"": 713.173, ""termanalia chebula"": 688.266, ""terminalia bellirica"": 825.696, ""ziziphus oenoplia"": 240.722}",595.0,4.0,5.224822893283249,9.830631503853958,1656464677.0,4.0,1.1131588927803049,9.830631503853958,155.0,4.0,145.8349400093242,240.2612080497727,551.0,0.0,6.087268447412329,9.830631503853958,1656464677.0,0.0,1.0630165683445159,9.830631503853958,152.0,0.0,148.74706309370896,233.30822200752704,599.0,5.0,1.5343538511478356,21.180786343860746,1656464677.0,5.0,1.2635856759540074,21.180786343860746,123.0,5.0,158.26673541235203,227.97802038954464
18.639916_82.968455,18.639916,82.968455,KORAPUT,SEMILIGUDA,KHASUGUDA,,15,6,5.826089461450969,6.237853439521085,6.2,28.0,0.0,6,24.085448054573494,False,"{""bauhinia vahlii"": 2.865, ""cassia fistula"": 616.248, ""cipadessa baccifera"": 1.273, ""euphorbia nivulia"": 223.533, ""ficus religiosa"": 147.139, ""jasminum arborescens"": 2.865, ""mangifera indica"": 894.132, ""mimosa pudica"": 1.989, ""morinda tinctoria"": 588.555, ""syzygium cumini"": 3.263, ""termanalia chebula"": 186.211, ""terminalia bellirica"": 550.199}",576.0,4.0,9.567172959641832,35.47436990633345,649836389.0,4.0,1.74495798707383,13.850947120530575,155.0,4.0,145.8349400093242,125.2860457157772,521.0,0.0,6.899611478380754,13.850946983520151,649836389.0,0.0,1.9054138552381639,13.850946983520151,152.0,0.0,148.74706309370896,129.83463936756348,587.0,5.0,9.737651097381406,16.14905320894937,1077378603.0,5.0,1.6446720283219038,6.027975908901484,123.0,5.0,158.26673541235203,123.4932432710409
18.640693_82.972283,18.640693,82.972283,KORAPUT,SEMILIGUDA,KHASUGUDA,,26,9,5.568594503213712,6.197808103939804,7.0,43.0,0.0,8,21.008452488130185,False,"{""artocarpus heterophyllus"": 1737.972, ""bauhinia vahlii"": 713.81, ""cassia florid"": 0.716, ""cipadessa baccifera"": 147.855, ""climber11 mardhamal"": 42.096, ""emblica officinal"": 161.144, ""euphorbia nivulia"": 92.946, ""gmelina arborea"": 561.499, ""jasminum arborescens"": 0.716, ""lagerstroemia parviflora"": 0.716, ""mangifera indica"": 0.318, ""pongamia pinnata"": 240.722, ""saraca asoca"": 223.533, ""syzygium cumini"": 208.254, ""termanalia chebula"": 232.048, ""terminalia bellirica"": 249.555, ""ziziphus oenoplia"": 140.375}",595.0,4.0,5.224822893283249,13.398335251643541,1235853683.0,4.0,0.4713371558813279,6.60166455554475,155.0,4.0,145.8349400093242,165.59229277546817,551.0,0.0,6.087268447412329,13.398335368727391,1235853683.0,0.0,0.46130877045425606,13.398335368727391,152.0,0.0,148.74706309370896,159.66322396575887,606.0,5.0,4.72339815897089,13.39833536553362,1235853683.0,5.0,0.912589069053919,13.398335279087231,123.0,5.0,158.26673541235203,185.57636201939133
18.641832_82.972375,18.641832,82.972375,KORAPUT,SEMILIGUDA,KHASUGUDA,,26,11,5.91779884160368,5.939787850651358,6.8,38.0,0.0,9,17.796416363911934,False,"{""aganosma caryophyllata"": 13.449, ""albizia lebbeck"": 588.873, ""bauhinia vahlii"": 1019.069, ""cipadessa baccifera"": 0.637, ""emblica officinal"": 526.246, ""euphorbia nivulia"": 2.865, ""gmelina arborea"": 215.177, ""jasminum arborescens"": 0.318, ""mangifera indica"": 249.555, ""mimosa pudica"": 0.716, ""pterocarpus marsupium"": 223.533, ""santalum album"": 0.318, ""saraca asoca"": 147.139, ""syzygium cumini"": 212.79, ""tamarindus indica"": 232.048, ""terminalia bellirica"": 439.745, ""ziziphus oenoplia"": 1.989}",593.0,4.0,2.21628745000135,23.021494593505558,-850080752.0,4.0,2.21628745000135,23.021494593505558,155.0,4.0,145.8349400093242,107.21637306023828,544.0,0.0,1.7248945114229077,17.20864307504525,2060762855.0,0.0,0.5615932006310453,13.842916591794738,152.0,0.0,148.74706309370896,81.09722735885956,600.0,5.0,1.6246094320976818,8.942710266154117,-850080752.0,5.0,0.8423897572296577,8.942710266154117,123.0,5.0,158.26673541235203,120.12018720994571
18.641893_82.969522,18.641893,82.969522,KORAPUT,SEMILIGUDA,KHASUGUDA,,21,9,6.315400737702093,7.329091680300551,8.2,28.0,0.0,7,22.52926638878607,False,"{""acacia auriculiformis"": 168.386, ""aganosma caryophyllata"": 0.318, ""albizia lebbeck"": 459.639, ""artocarpus heterophyllus"": 5.093, ""bombax ceiba"": 240.722, ""cassia florid"": 1.273, ""cipadessa baccifera"": 20.372, ""diospyros melanoxylon"": 3.899, ""emblica officinal"": 2.865, ""euphorbia nivulia"": 66.925, ""ocimum sanctum"": 223.533, ""pongamia pinnata"": 168.386, ""pterocarpus marsupium"": 183.346, ""saraca asoca"": 496.643, ""smilax zeylanica"": 13.449, ""syzygium cumini"": 2214.959, ""termanalia chebula"": 193.055, ""ziziphus oenoplia"": 154.062}",574.0,0.0,6.578686401590019,16.756879047818618,-403164273.0,0.0,0.8925355232541322,8.54024443135145,144.0,0.0,2.902431472087405,16.6208155155838,527.0,0.0,5.3652411200348,8.54024443135145,-403164273.0,0.0,0.8223360970830601,8.54024443135145,152.0,0.0,148.74706309370896,7.683654004068526,575.0,2.0,3.5601146503820273,5.839238752708696,-403164273.0,2.0,0.9125926007330906,5.839238752708696,117.0,2.0,9.15166184465516,75.61457600820233
18.644529_82.974055,18.644529,82.974055,KORAPUT,SEMILIGUDA,KHASUGUDA,,23,10,10.048558120168467,10.269672343604679,9.0,48.0,0.0,7,21.294931385695598,False,"{""bauhinia vahlii"": 134.088, ""cipadessa baccifera"": 5.285, ""diospyros melanoxylon"": 206.981, ""holoptelea integrifolia"": 0.716, ""jasminum arborescens"": 0.716, ""mangifera indica"": 3151.347, ""other"": 624.047, ""pitamari"": 11.459, ""santalum album"": 806.199, ""syzygium cumini"": 147.457, ""termanalia chebula"": 140.375, ""terminalia bellirica"": 147.139, ""ziziphus oenoplia"": 0.351}",607.0,3.0,7.912424745264502,39.41924465161696,-1080693749.0,3.0,1.1131546244398924,3.2913289327482347,142.0,3.0,15.343900755188356,116.13248659813542,561.0,4.0,9.095776250510209,39.41924465161696,977677059.0,4.0,1.7950885634159237,0.7184007492290626,138.0,4.0,9.198736810768393,37.49391730993199,615.0,5.0,4.823670155070836,9.281598724284201,-550326329.0,5.0,1.0730415671139628,9.281598724284201,123.0,5.0,158.26673541235203,128.17221826544272
18.652406_82.811505,18.652406,82.811505,KORAPUT,SEMILIGUDA,SAKIAGUDA,,14,8,6.57339947089947,7.388440607993997,8.2,68.0,0.0,5,8.156690833459637,False,"{""aegle marmelos"": 9.629, ""bixa orellana"": 7.958, ""bridelia squamosa/retusa"": 62.389, ""emblica officinal"": 38.515, ""holarrhena antidysenterica"": 50.373, ""other"": 124.618, ""pterocarpus marsupium"": 187.803}",11.0,4.0,7.693096015863384,4.210173404406248,1393331388.0,4.0,1.6950906999039943,4.210173404406248,133.0,4.0,16.5153141180882,8.137866008724261,9.0,5.0,4.714153522553005,37.30989645408334,1393331388.0,5.0,1.0130421279110613,4.210173404406248,130.0,5.0,11.467203304225244,41.94641278433028,11.0,3.0,8.03412121431622,44.40034297346859,-2077069125.0,3.0,1.2337041730300171,12.077499633620652,112.0,3.0,16.449234145756428,48.10210942842592
18.652437_82.811106,18.652437,82.811106,KORAPUT,SEMILIGUDA,SAKIAGUDA,,16,10,6.660500525486073,6.85917592843589,7.8,58.0,0.0,6,8.594366926962348,False,"{""bauhinia vahlii"": 1.273, ""bixa orellana"": 49.736, ""bridelia squamosa/retusa"": 66.925, ""holarrhena antidysenterica"": 201.729, ""other"": 133.133, ""pterocarpus marsupium"": 76.474, ""streblus asper"": 76.474}",11.0,4.0,7.693096015863384,16.460297687782578,1393331388.0,4.0,1.6950906999039943,16.460297687782578,133.0,4.0,16.5153141180882,48.24069066340847,9.0,5.0,4.714153522553005,9.506164375479928,1393331388.0,5.0,1.0130421279110613,9.506164375479928,130.0,5.0,11.467203304225244,13.68724991442887,11.0,3.0,8.03412121431622,26.973644759768053,1393331388.0,3.0,0.5817471238910711,3.539702621017062,112.0,3.0,16.449234145756428,29.62175956035618
18.65244_82.811768,18.65244,82.811768,KORAPUT,SEMILIGUDA,SAKIAGUDA,,17,10,6.683410285714285,7.38390014010954,8.8,68.0,0.0,9,8.817183847291002,False,"{""albizia lebbeck"": 76.474, ""bixa orellana"": 116.183, ""cassia fistula"": 50.373, ""emblica officinal"": 62.389, ""holarrhena antidysenterica"": 67.641, ""mangifera indica"": 103.132, ""other"": 35.094, ""pterocarpus marsupium"": 49.736, ""schleichera oleosa"": 53.794, ""streblus asper"": 81.487}",12.0,5.0,1.9358117291238657,16.303702385499637,1845897933.0,5.0,0.4914755485747173,1.987797160682955,134.0,5.0,1.86235217307087,13.123403107338053,9.0,5.0,4.714153522553005,58.02375065888271,1845897933.0,5.0,1.3340050902784657,1.9877970959076123,130.0,5.0,11.467203304225244,61.20825832961142,11.0,3.0,8.03412121431622,60.19244476403715,-2077069125.0,3.0,1.2337041730300171,3.6962974939796918,112.0,3.0,16.449234145756428,64.89434466622419
18.652644_82.812857,18.652644,82.812857,KORAPUT,SEMILIGUDA,SAKIAGUDA,,13,7,6.11568361581921,6.536737989503433,7.2,78.0,0.0,3,8.457948404312152,False,"{""bixa orellana"": 165.919, ""other"": 82.124, ""pterocarpus marsupium"": 174.513}",17.0,4.0,5.155474319331376,39.025852042827154,-293704174.0,4.0,1.614846654234987,21.777118050080947,133.0,4.0,16.5153141180882,42.584600578530434,20.0,5.0,1.6549669470817754,21.755318404604992,-293704174.0,5.0,1.6549669470814674,21.755318404604992,130.0,5.0,11.467203304225244,40.14315594403625,11.0,3.0,8.03412121431622,14.820712956002389,-1722456988.0,3.0,1.2637937311941065,10.974147652287005,112.0,3.0,16.449234145756428,61.5415739887422
18.652647_82.812143,18.652647,82.812143,KORAPUT,SEMILIGUDA,SAKIAGUDA,,16,12,9.54607604964352,10.042982334121577,10.6,58.0,0.0,7,7.400704853773134,False,"{""bixa orellana"": 78.463, ""cassia fistula"": 25.783, ""haldina cordifolia"": 81.487, ""other"": 36.287, ""schleichera oleosa"": 259.98, ""shrub4 badari"": 35.094, ""unidentified tree"": 85.625}",12.0,5.0,1.9358117291238657,4.559140681953086,-2077069125.0,5.0,1.4443361821984901,4.559140681953086,134.0,5.0,1.86235217307087,5.232736605562558,9.0,5.0,4.714153522553005,14.36237341565262,-2077069125.0,5.0,1.514547006635271,4.559140681953086,130.0,5.0,11.467203304225244,95.89668643455062,11.0,3.0,8.03412121431622,85.1191174675472,1845897933.0,3.0,0.6820476839258236,5.637627088007735,112.0,3.0,16.449234145756428,87.41941149673843
18.652919_82.810902,18.652919,82.810902,KORAPUT,SEMILIGUDA,SAKIAGUDA,,22,14,8.093434569004021,8.347792647285033,10.0,58.0,0.0,9,9.458350903746922,False,"{""aegle marmelos"": 56.42, ""bixa orellana"": 179.049, ""emblica officinal"": 49.736, ""holarrhena antidysenterica"": 3.899, ""other"": 233.48, ""pitamari"": 3.899, ""psidium guajava"": 31.831, ""pterocarpus marsupium"": 216.849, ""schleichera oleosa"": 62.389, ""syzygium cumini"": 169.102, ""terminalia bellirica"": 62.389}",11.0,4.0,7.693096015863384,20.58272256354391,1393331388.0,4.0,1.6950906999039943,20.58272256354391,133.0,4.0,16.5153141180882,22.352307123168234,9.0,5.0,4.714153522553005,14.397031350382782,1393331388.0,5.0,1.0130421279110613,14.397031350382782,130.0,5.0,11.467203304225244,16.53306773620962,11.0,3.0,8.03412121431622,24.39726906128134,1393331388.0,3.0,0.5817471238910711,9.89242448664899,112.0,3.0,16.449234145756428,26.236120707631134
18.653207_82.811814,18.653207,82.811814,KORAPUT,SEMILIGUDA,KHARAGUDA,,13,7,7.510416925948974,8.46235045742435,8.6,78.0,0.0,4,6.275252041909016,False,"{""albizia lebbeck"": 66.925, ""bixa orellana"": 52.203, ""grewia eriocarpa"": 7.958, ""holarrhena antidysenterica"": 5.093, ""indigofera cassioides"": 5.093, ""other"": 81.567, ""pitamari"": 5.093, ""pterocarpus marsupium"": 31.831}",12.0,5.0,1.9358117291238657,10.298174313187133,-2077069125.0,5.0,1.4443361821984901,10.298174313187133,134.0,5.0,1.86235217307087,8.498519988796865,9.0,5.0,4.714153522553005,40.3213436138451,-2077069125.0,5.0,1.514547006635271,10.298174313187133,130.0,5.0,11.467203304225244,50.40514447878045,11.0,3.0,8.03412121431622,56.58168892878747,-2077069125.0,3.0,1.2337041730300171,7.041006383052883,112.0,3.0,16.449234145756428,54.15855584094554
18.653365_82.811206,18.653365,82.811206,KORAPUT,SEMILIGUDA,KHARAGUDA,,15,10,14.622281768864054,15.30783807062877,16.2,63.0,0.0,8,7.289296393608806,False,"{""albizia lebbeck"": 49.736, ""anacardium semecarpus"": 46.155, ""buchanania lanzan"": 46.155, ""holarrhena antidysenterica"": 7.958, ""other"": 12.175, ""pterocarpus marsupium"": 133.77, ""schleichera oleosa"": 76.474, ""termanalia chebula"": 28.727, ""terminalia elliptica"": 45.837, ""unidentified tree"": 37.083}",11.0,4.0,7.693096015863384,4.0277130266043635,1393331388.0,4.0,1.6950906999039943,4.0277130266043635,133.0,4.0,16.5153141180882,8.815566679081915,9.0,5.0,4.714153522553005,10.201221478754423,1393331388.0,5.0,1.0130421279110613,4.0277130266043635,130.0,5.0,11.467203304225244,6.867802390988041,11.0,3.0,8.03412121431622,74.91872407625637,-1234213832.0,3.0,1.1434341066926557,4.027713316271849,112.0,3.0,16.449234145756428,78.4950540260322
18.653369_82.81268,18.653369,82.81268,KORAPUT,SEMILIGUDA,SAKIAGUDA,,15,9,9.581158737635421,10.233702956989248,10.2,63.0,0.0,3,7.710172798674042,False,"{""holarrhena antidysenterica"": 57.694, ""other"": 109.339, ""pterocarpus marsupium"": 339.796}",17.0,4.0,5.155474319331376,21.56335671358617,-293704174.0,4.0,1.614846654234987,21.56335671358617,133.0,4.0,16.5153141180882,24.30180760357768,20.0,5.0,1.6549669470817754,21.56335671358617,-293704174.0,5.0,1.6549669470814674,21.56335671358617,130.0,5.0,11.467203304225244,36.61175569907279,11.0,3.0,8.03412121431622,14.104597327471636,-293704174.0,3.0,1.033100738302857,14.104597327471636,112.0,3.0,16.449234145756428,15.921239621098318
18.676799_82.963237,18.676799,82.963237,KORAPUT,SEMILIGUDA,BARAKANTI,,13,11,7.098069379278516,7.1516237053189,7.8,48.0,0.0,3,10.61997529358647,False,"{""bixa orellana"": 76.474, ""other"": 557.201, ""syzygium cumini"": 399.638, ""tree pitipordo"": 1.273}",533.0,3.0,8.965480191693093,34.828015700511294,1483451080.0,3.0,0.722052077768117,7.09965757023799,95.0,3.0,248.29176760857467,91.38391060946458,494.0,4.0,6.749177033724624,7.099657577199291,1483451080.0,4.0,0.8524224248180575,7.099657577199291,93.0,4.0,249.50164831376566,53.32064418387118,541.0,5.0,9.396702330091902,15.489636416027714,-1084782570.0,5.0,1.4240483033025595,15.489636416027714,95.0,5.0,46.38125439040005,12.72186506771678
18.677433_82.964683,18.677433,82.964683,KORAPUT,SEMILIGUDA,BARAKANTI,,16,13,9.623017165185841,9.65870753703098,10.4,38.0,0.0,4,12.120261050844338,False,"{""bixa orellana"": 236.186, ""gardenia gummifera"": 194.249, ""other"": 889.04, ""shrub1 orli"": 1.273, ""tree pitipordo"": 389.93}",533.0,3.0,8.965480191693093,40.63668887329839,-165636754.0,3.0,2.065867633527536,14.75684069924901,95.0,3.0,248.29176760857467,105.74291000887679,502.0,4.0,1.7048421394462552,4.770241954771901,-165636754.0,4.0,1.6847851823507662,4.770241954771901,93.0,4.0,249.50164831376566,104.05235949727604,541.0,5.0,9.396702330091902,59.78893889025045,-1721492518.0,5.0,1.012877324604473,0.35731623744172475,95.0,5.0,46.38125439040005,81.15131788795645
18.678063_82.960975,18.678063,82.960975,KORAPUT,SEMILIGUDA,BARAKANTI,,12,8,9.337366936584479,9.381743119266055,9.8,38.0,0.0,3,11.697888317254307,False,"{""bauhinia vahlii"": 1.989, ""cassia fistula"": 97.482, ""ficus spp"": 1.989, ""leda"": 129.313, ""mimosa pudica"": 1.273, ""other"": 642.588}",511.0,3.0,7.360946763622841,21.603484763922147,2028241291.0,3.0,1.0028529719061139,19.863013754662823,95.0,3.0,248.29176760857467,50.699338839244135,475.0,4.0,5.656087445354714,15.187010845847027,2028241291.0,4.0,0.9928244355742986,15.187010845847027,93.0,4.0,249.50164831376566,50.699338839244135,531.0,4.0,10.008453357795448,10.201814154416502,-1438188254.0,4.0,1.2435373978692772,1.616134509034677,79.0,4.0,129.63247967781584,6.635739608465334
18.678762_82.958297,18.678762,82.958297,KORAPUT,SEMILIGUDA,BARAKANTI,,13,8,9.257100288667473,9.096160397099615,11.4,43.0,0.0,4,15.398240744140875,False,"{""gardenia gummifera"": 845.511, ""lagerstroemia parviflora"": 65.333, ""other"": 416.349, ""syzygium cumini"": 127.324, ""tree pitipordo"": 254.648}",511.0,3.0,7.360946763622841,25.621354536389198,-1268999070.0,3.0,0.8624556519282456,15.963729142103402,95.0,3.0,248.29176760857467,24.8790723345391,459.0,4.0,7.3308736982903255,25.621354536389198,-1268999070.0,4.0,0.8724842246192182,15.963729142103402,93.0,4.0,249.50164831376566,24.8790723345391,507.0,4.0,4.673305887816551,25.581973217553678,1762374208.0,4.0,0.8423990380858865,6.699973207414726,79.0,4.0,129.63247967781584,59.940306814354855
18.678843_82.963663,18.678843,82.963663,KORAPUT,SEMILIGUDA,BARAKANTI,,15,10,9.21894829427656,9.26871243277444,9.4,38.0,0.0,4,12.000282709128909,False,"{""albizia lebbeck"": 285.126, ""kunuwa"": 0.716, ""mimosa pudica"": 2.865, ""other"": 362.475, ""shrub golimonji"": 0.716, ""syzygium cumini"": 487.412, ""terminalia bellirica"": 127.324}",524.0,3.0,9.797854697439677,29.67433064885286,-1287281884.0,3.0,0.7922517296119275,0.34365065028548397,95.0,3.0,248.29176760857467,184.1445950067872,494.0,4.0,6.749177033724624,29.67433064885286,970498419.0,4.0,0.6618812794337585,1.0885335374366967,93.0,4.0,249.50164831376566,184.1445950067872,531.0,4.0,10.008453357795448,52.76506871380533,-1287281884.0,4.0,1.4942464415647179,8.973717605543111,79.0,4.0,129.63247967781584,48.7453283011902
18.679113_82.96907,18.679113,82.96907,KORAPUT,SEMILIGUDA,BARAKANTI,,11,6,8.26830318690784,8.35526124290496,8.4,38.0,0.0,2,10.345071300973197,False,"{""bixa orellana"": 1.989, ""gardenia gummifera"": 215.177, ""kunuwa"": 0.716, ""tree pitipordo"": 336.454}",573.0,3.0,3.2792998464227066,40.4512314403431,1595047385.0,3.0,0.7320758024979082,1.1416121828448966,95.0,3.0,248.29176760857467,73.0371217449312,526.0,4.0,5.906750363592175,40.4512314403431,-1315654072.0,4.0,1.6346357106876153,5.816701716756351,93.0,4.0,249.50164831376566,81.45421859497677,581.0,4.0,3.138899814926894,24.613144140086035,-1315654072.0,4.0,1.2334972575178804,12.568593148560366,102.0,4.0,14.83987203106086,24.13649352107328
18.679282_82.97123,18.679282,82.97123,KORAPUT,SEMILIGUDA,BARAKANTI,,11,7,9.893631572595245,9.920592628476847,9.0,43.0,0.0,4,16.233804195373324,False,"{""bixa orellana"": 2.865, ""cipadessa baccifera"": 0.716, ""kunuwa"": 3.263, ""other"": 241.04, ""syzygium cumini"": 114.91, ""tree5 meluanduni"": 411.336, ""ziziphus mauritiana"": 1203.928}",588.0,3.0,8.905226605423497,83.64548514928684,1071635044.0,3.0,0.23065351587490882,7.134024142927816,95.0,3.0,248.29176760857467,105.33760886807875,545.0,4.0,6.779202601919304,42.98138436003596,1071635044.0,4.0,0.1403977853795739,7.034949270924972,93.0,4.0,249.50164831376566,105.33760886807875,591.0,5.0,1.835199873317252,13.213274374141676,1071635044.0,5.0,0.501420796553814,13.213274374141676,96.0,5.0,55.85222254949821,116.73173301733114
18.679754_82.975404,18.679754,82.975404,KORAPUT,SEMILIGUDA,BARAKANTI,,19,14,7.525267074780938,7.545153322489306,8.4,38.0,0.0,4,10.663381187156988,False,"{""mangifera indica"": 473.486, ""mimosa pudica"": 1.751, ""other"": 121.356, ""shrub1 orli"": 1.273, ""syzygium cumini"": 537.785, ""tree pitipordo"": 190.27}",606.0,3.0,9.938120994887834,18.168734826826636,1721497167.0,3.0,1.494227350820696,18.168734826826636,95.0,3.0,248.29176760857467,14.429052202327293,560.0,4.0,9.958176618320811,18.168734826826636,1721497167.0,4.0,2.5271493085112025,18.168734826826636,93.0,4.0,249.50164831376566,14.429052202327293,621.0,5.0,3.4096412172342205,5.856976538800453,-1565917673.0,5.0,1.0830633595786994,5.856976538800453,96.0,5.0,55.85222254949821,99.40685458625322
18.680077_82.962886,18.680077,82.962886,KORAPUT,SEMILIGUDA,BARAKANTI,,18,14,6.794553538347538,6.830195712954336,7.6,38.0,0.0,7,8.094165677244963,False,"{""albizia lebbeck"": 317.116, ""bixa orellana"": 70.346, ""bridelia retusa"": 28.727, ""diospyros melanoxylon"": 20.372, ""flacourtia indica"": 1.273, ""grewia eriocarpa"": 3.263, ""leea asiatica"": 0.716, ""other"": 213.586, ""syzygium cumini"": 183.346, ""ziziphus mauritiana"": 20.372}",524.0,3.0,9.797854697439677,8.873012879665445,970498419.0,3.0,0.6618813714956001,8.873012879665445,95.0,3.0,248.29176760857467,120.10591163325502,494.0,4.0,6.749177033724624,4.644759468091435,970498419.0,4.0,0.6618812794337585,4.644759468091435,93.0,4.0,249.50164831376566,117.17001754131385,531.0,4.0,10.008453357795448,8.873012879665445,325533700.0,4.0,0.7721947574962519,4.644759215144175,79.0,4.0,129.63247967781584,32.35012345862895
18.680447_82.973233,18.680447,82.973233,KORAPUT,SEMILIGUDA,BARAKANTI,,18,14,8.41040859371168,8.434609132555046,9.0,33.0,0.0,4,11.845675050125353,False,"{""albizia lebbeck"": 360.088, ""bixa orellana"": 55.545, ""mimosa pudica"": 1.035, ""other"": 326.268, ""tree pitipordo"": 879.411}",596.0,3.0,7.080045062830186,70.00269111138763,-1592382788.0,3.0,1.0128679399219553,1.2915610136737186,95.0,3.0,248.29176760857467,103.84551572241747,552.0,4.0,7.7118327874144885,75.6573294066677,-1592382788.0,4.0,0.7822149499909834,1.2915610136737186,93.0,4.0,249.50164831376566,203.08129237507626,607.0,5.0,6.829335125916406,68.32695359722956,-1511411191.0,5.0,1.43405966824953,11.67304647619725,96.0,5.0,55.85222254949821,237.0714807694136
18.681063_82.964409,18.681063,82.964409,KORAPUT,SEMILIGUDA,BARAKANTI,,13,7,5.304843071375891,5.377777777777777,5.6,53.0,0.0,2,12.914286810885221,False,"{""albizia lebbeck"": 388.656, ""cipadessa baccifera"": 2.865, ""euphorbia nivulia"": 16.393, ""mimosa pudica"": 6.446, ""syzygium cumini"": 556.724}",531.0,3.0,8.825077321143608,23.26552047747381,-1383303789.0,3.0,1.644672114084426,23.26552047747381,95.0,3.0,248.29176760857467,109.77465826418015,492.0,4.0,8.674646041565888,23.26552047747381,-1383303789.0,4.0,1.6547006561525872,23.26552047747381,93.0,4.0,249.50164831376566,109.77465826418015,547.0,5.0,4.6732729208891355,43.125873418052976,-1907274838.0,5.0,0.44125332430665676,9.421714853469313,95.0,5.0,46.38125439040005,43.6812212092875
18.681071_82.975365,18.681071,82.975365,KORAPUT,SEMILIGUDA,BARAKANTI,,7,0,3.309597523219815,,2.8,43.0,0.0,0,,True,"{""cipadessa baccifera"": 13.449, ""holoptelea integrifolia"": 6.366, ""mimosa pudica"": 0.318, ""other"": 2.706, ""syzygium cumini"": 2.865}",606.0,3.0,9.938120994887834,9.885049212110738,-1443733274.0,3.0,1.5243124806236596,9.885049212110738,95.0,3.0,248.29176760857467,7.27072795384136,560.0,4.0,9.958176618320811,42.22866538691604,1721497167.0,4.0,2.5271493085112025,16.36902423530338,93.0,4.0,249.50164831376566,62.341878101714705,614.0,5.0,6.688927410377498,12.188248974239047,-1443733274.0,5.0,0.581645459680142,12.188248974239047,96.0,5.0,55.85222254949821,131.14339483631662
18.681102_82.975437,18.681102,82.975437,KORAPUT,SEMILIGUDA,BARAKANTI,,13,10,8.224823985444186,8.250696378830083,9.0,43.0,0.0,3,11.045353050577535,False,"{""holoptelea integrifolia"": 100.347, ""mimosa pudica"": 0.318, ""other"": 453.035, ""syzygium cumini"": 452.239}",606.0,3.0,9.938120994887834,10.158239937916493,-1443733274.0,3.0,1.5243124806236596,10.158239937916493,95.0,3.0,248.29176760857467,6.305558941287942,560.0,4.0,9.958176618320811,33.91243628954269,1721497167.0,4.0,2.5271493085112025,19.60309774458072,93.0,4.0,249.50164831376566,58.91007322987677,614.0,5.0,6.688927410377498,9.5721485920607,-1443733274.0,5.0,0.581645459680142,9.5721485920607,96.0,5.0,55.85222254949821,125.95560598808652
18.681326_82.957064,18.681326,82.957064,KORAPUT,SEMILIGUDA,BARAKANTI,,14,10,8.539359020525746,8.585936933671622,9.6,38.0,0.0,6,11.490986891234844,False,"{""bixa orellana"": 66.925, ""cassia fistula"": 49.736, ""cipadessa baccifera"": 5.73, ""emblica officinal"": 138.863, ""other"": 191.145, ""syzygium cumini"": 326.268, ""tree pitipordo"": 326.268}",496.0,3.0,6.1775920595271385,41.73389296798186,208571137.0,3.0,0.6217712023593749,8.166958559125197,95.0,3.0,248.29176760857467,65.53390325386601,459.0,4.0,7.3308736982903255,41.73389296798186,208571137.0,4.0,0.2306570219702026,1.83304155549737,93.0,4.0,249.50164831376566,48.20590692444001,513.0,4.0,8.173258167444809,17.666449117700193,208571137.0,4.0,0.6618854043419972,17.666449117700193,79.0,4.0,129.63247967781584,45.60828853851458
18.681329_82.960893,18.681329,82.960893,KORAPUT,SEMILIGUDA,BARAKANTI,,14,7,7.583365244696333,7.749683343888535,7.6,33.0,0.0,5,12.459558402051234,False,"{""bixa orellana"": 45.996, ""leda"": 1.273, ""other"": 201.649, ""syzygium cumini"": 569.934, ""tree3 narji"": 62.389, ""tree6 modei"": 157.802}",524.0,3.0,9.797854697439677,28.360345861713512,-1277823941.0,3.0,1.4039933419700015,11.63965425158759,95.0,3.0,248.29176760857467,155.37789226385254,475.0,4.0,5.656087445354714,11.63965425158759,-1277823941.0,4.0,1.4942499433233591,11.63965425158759,93.0,4.0,249.50164831376566,224.72175790460477,519.0,4.0,7.591597629701182,21.639653873269282,-1277823941.0,4.0,0.7922533028556986,15.866060557990238,79.0,4.0,129.63247967781584,219.1449629024042
18.681538_82.974712,18.681538,82.974712,KORAPUT,SEMILIGUDA,BARAKANTI,,16,12,11.634516765286,11.641233125444069,10.2,48.0,0.0,2,12.626292151957031,False,"{""other"": 1800.838, ""syzygium cumini"": 216.451}",606.0,3.0,9.938120994887834,45.45261431078248,-1443733274.0,3.0,1.5243124806236596,18.962415532563718,95.0,3.0,248.29176760857467,46.086125456586494,560.0,4.0,9.958176618320811,33.60975090242573,-1443733274.0,4.0,0.6317872367405849,13.408120240825678,93.0,4.0,249.50164831376566,46.086125456586494,614.0,5.0,6.688927410377498,44.736172879958715,-928825212.0,5.0,1.2836321064306926,6.5918797721368705,96.0,5.0,55.85222254949821,216.29921746592834
18.681742_82.961581,18.681742,82.961581,KORAPUT,SEMILIGUDA,BARAKANTI,,24,18,7.1942797755144445,7.284369833396922,8.2,63.0,0.0,7,10.451174596367794,False,"{""albizia lebbeck"": 693.597, ""bixa orellana"": 220.987, ""cipadessa baccifera"": 9.231, ""mangifera indica"": 42.096, ""other"": 286.479, ""shrub golimonji"": 11.459, ""syzygium cumini"": 238.175, ""tree7 mayutera"": 342.342, ""ziziphus mauritiana"": 69.869}",531.0,3.0,8.825077321143608,2.8250162705026876,-1750020931.0,3.0,0.3108839784646939,2.8250162705026876,95.0,3.0,248.29176760857467,134.69202783945207,492.0,4.0,8.674646041565888,2.8250162705026876,-1750020931.0,4.0,0.5816538586281392,2.8250162705026876,93.0,4.0,249.50164831376566,139.75259149907885,519.0,4.0,7.591597629701182,2.8250162705026876,-1750020931.0,4.0,0.8825094046667932,2.8250162705026876,79.0,4.0,129.63247967781584,136.91604947450998
18.681765_82.962915,18.681765,82.962915,KORAPUT,SEMILIGUDA,BARAKANTI,,21,16,4.852769679300291,4.894254085397996,5.6,68.0,0.0,5,7.460387957432594,False,"{""bixa orellana"": 49.736, ""grewia eriocarpa"": 2.706, ""leda"": 28.727, ""other"": 420.249, ""pitamari"": 93.981, ""tree12 grawi"": 168.863}",531.0,3.0,8.825077321143608,21.117959023087135,-1181762878.0,3.0,1.1131639824938195,21.117959023087135,95.0,3.0,248.29176760857467,18.316040910910775,471.0,4.0,9.53712930729371,8.857337877608261,-951356822.0,4.0,1.7349317938518019,8.857337877608261,93.0,4.0,249.50164831376566,24.27118960321833,530.0,4.0,6.899612903290744,31.431541925525238,-1336616353.0,4.0,0.8423943841838157,2.243647489853663,79.0,4.0,129.63247967781584,28.951699009670147
18.681858_82.963077,18.681858,82.963077,KORAPUT,SEMILIGUDA,BARAKANTI,,8,4,6.860245358090186,7.032129901537399,5.6,53.0,0.0,3,11.697888317254307,False,"{""albizia lebbeck"": 339.318, ""bixa orellana"": 56.182, ""cipadessa baccifera"": 9.629, ""mimosa pudica"": 3.263, ""terminalia bellirica"": 71.62}",531.0,3.0,8.825077321143608,4.45390812944642,-1181762878.0,3.0,1.1131639824938195,4.45390812944642,95.0,3.0,248.29176760857467,2.382401131639751,471.0,4.0,9.53712930729371,14.45390788186309,-951356822.0,4.0,1.7349317938518019,14.45390788186309,93.0,4.0,249.50164831376566,11.860004145648094,530.0,4.0,6.899612903290744,14.45390807704664,-1336616353.0,4.0,0.8423943841838157,13.882015062508097,79.0,4.0,129.63247967781584,11.860003763937826
18.681878_82.962774,18.681878,82.962774,KORAPUT,SEMILIGUDA,BARAKANTI,,12,7,4.913637202435874,4.98811108997527,5.0,53.0,0.0,4,11.91388431145045,False,"{""albizia lebbeck"": 127.324, ""bixa orellana"": 88.013, ""cipadessa baccifera"": 16.075, ""mangifera indica"": 161.144, ""mimosa pudica"": 1.273, ""syzygium cumini"": 466.642, ""woodfordia fruticosa"": 1.989}",531.0,3.0,8.825077321143608,16.704034063389976,-1181762878.0,3.0,1.1131639824938195,14.31162344132099,95.0,3.0,248.29176760857467,14.08594745065233,471.0,4.0,9.53712930729371,14.589000144561046,-951356822.0,4.0,1.7349317938518019,14.589000144561046,93.0,4.0,249.50164831376566,33.20346676723896,530.0,4.0,6.899612903290744,30.267571030683797,-1336616353.0,4.0,0.8423943841838157,13.55594527656838,79.0,4.0,129.63247967781584,27.45062298997497
18.682446_82.965478,18.682446,82.965478,KORAPUT,SEMILIGUDA,BARAKANTI,,11,7,7.813887384948565,7.839972807613868,8.2,38.0,0.0,4,9.958552153464309,False,"{""anogeissus latifolia"": 136.396, ""bixa orellana"": 66.925, ""dillenia pentagyna"": 1.273, ""kunuwa"": 1.353, ""other"": 127.324, ""syzygium cumini"": 254.648}",531.0,3.0,8.825077321143608,9.40198436042702,-1880029873.0,3.0,1.4441007394588987,8.13105640428332,95.0,3.0,248.29176760857467,148.07415534309084,492.0,4.0,8.674646041565888,36.64324434554233,-1880029873.0,4.0,1.6446702695312412,8.13105640428332,93.0,4.0,249.50164831376566,140.32876855164912,547.0,5.0,4.6732729208891355,41.86894399906407,-1020036493.0,5.0,0.9727618520635729,38.131056217263875,95.0,5.0,46.38125439040005,70.63864796868698
18.68257_82.965576,18.68257,82.965576,KORAPUT,SEMILIGUDA,BARAKANTI,,7,3,5.58161782513926,5.792207792207792,4.6,58.0,0.0,3,15.915494309189533,False,"{""artocarpus heterophyllus"": 286.479, ""bixa orellana"": 127.324, ""cipadessa baccifera"": 44.404, ""terminalia arjuna"": 198.944}",558.0,3.0,9.978324705961349,1.6810770858833612,1231994126.0,3.0,2.316575263583845,1.6810770858833612,95.0,3.0,248.29176760857467,149.06211830679402,492.0,4.0,8.674646041565888,19.4582539178073,-1020036493.0,4.0,0.3710534752471164,1.6810770858833612,93.0,4.0,249.50164831376566,129.284127669886,547.0,5.0,4.6732729208891355,26.687922554839183,-1020036493.0,5.0,0.9727618520635729,26.687922554839183,95.0,5.0,46.38125439040005,60.6103191360034
18.682588_82.96899,18.682588,82.96899,KORAPUT,SEMILIGUDA,BARAKANTI,,8,5,4.909628506444276,4.999999999999999,5.0,48.0,0.0,3,11.140846016432674,False,"{""albizia lebbeck"": 169.102, ""bixa orellana"": 94.618, ""cipadessa baccifera"": 6.446, ""syzygium cumini"": 254.648}",572.0,5.0,8.90524889313762,0.3934378853842466,-613837261.0,5.0,1.0529849811641814,0.3934378853842466,95.0,3.0,248.29176760857467,3.796008711374041,524.0,3.0,9.557098833637772,1.5838138525335792,-613837261.0,3.0,1.2535536977896446,1.5838138525335792,68.0,3.0,14.801480346192815,4.057895777669351,570.0,5.0,7.842247363889581,19.606562021719682,-63476950.0,5.0,1.5644368100163244,19.606562021719682,95.0,5.0,46.38125439040005,23.685268602224255
18.68293_82.957086,18.68293,82.957086,KORAPUT,SEMILIGUDA,BARAKANTI,,9,6,8.955891686058813,9.04012411726942,9.2,43.0,0.0,2,12.520188856562434,False,"{""cipadessa baccifera"": 2.865, ""emblica officinal"": 97.482, ""kunuwa"": 2.865, ""mimosa pudica"": 2.865, ""other"": 646.249}",485.0,3.0,9.35666639848478,25.673469725255064,-1609394776.0,3.0,0.5315138273682182,4.980683928377316,95.0,3.0,248.29176760857467,47.19339057815231,446.0,4.0,9.527148359763023,38.192915676544466,-1609394776.0,4.0,0.4713423930002633,4.980683928377316,93.0,4.0,249.50164831376566,37.80302146613558,491.0,4.0,8.263551432214928,35.605421537119234,-1609394776.0,4.0,0.792256830455629,4.463264993384864,79.0,4.0,129.63247967781584,173.13755387454617
18.682982_82.96547,18.682982,82.96547,KORAPUT,SEMILIGUDA,BARAKANTI,,11,8,5.156901041666667,5.1836580291280505,5.4,48.0,0.0,4,11.30000095952457,False,"{""albizia lebbeck"": 196.158, ""bauhinia variegata"": 81.487, ""bixa orellana"": 31.831, ""cipadessa baccifera"": 1.989, ""diospyros melanoxylon"": 11.459, ""mimosa pudica"": 0.716, ""syzygium cumini"": 531.975}",548.0,3.0,9.617306033965628,6.6348345285765635,-59952951.0,3.0,0.651850491737851,6.6348345285765635,95.0,3.0,248.29176760857467,118.81000971847756,492.0,4.0,8.674646041565888,0.0781310777922721,-1880029873.0,4.0,1.6446702695312412,0.0781310777922721,93.0,4.0,249.50164831376566,89.4589426946626,547.0,5.0,4.6732729208891355,0.07813131123242671,-1020036493.0,5.0,0.9727618520635729,0.07813128449300118,95.0,5.0,46.38125439040005,16.460482103687685
18.683549_82.961884,18.683549,82.961884,KORAPUT,SEMILIGUDA,BARAKANTI,,9,5,5.804797648654758,5.836613949254749,5.6,48.0,0.0,4,12.923381379061903,False,"{""bixa orellana"": 127.324, ""cipadessa baccifera"": 2.546, ""pongamia pinnata"": 256.637, ""syzygium cumini"": 49.736, ""terminalia arjuna"": 267.699}",513.0,3.0,7.260656886906187,8.853676461215636,-2092587560.0,3.0,1.6246197547333687,8.853676461215636,95.0,3.0,248.29176760857467,22.162576763951602,476.0,4.0,2.286502312642437,16.866055577834704,-2092587560.0,4.0,2.286502312643127,16.866055577834704,93.0,4.0,249.50164831376566,61.93660383655893,530.0,4.0,6.899612903290744,25.135612499285177,-707041383.0,4.0,0.9326515294816602,15.024072577845054,79.0,4.0,129.63247967781584,24.940274171952964
18.683884_82.961298,18.683884,82.961298,KORAPUT,SEMILIGUDA,BARAKANTI,,13,7,5.571485823063821,5.671212444065628,5.6,53.0,0.0,4,10.54969908494849,False,"{""bauhinia variegata"": 28.727, ""ficus benghalensis"": 286.479, ""mimosa pudica"": 1.273, ""psidium guajava"": 17.905, ""syzygium cumini"": 94.697, ""terminalia arjuna"": 358.099, ""woodfordia fruticosa"": 7.082}",513.0,3.0,7.260656886906187,14.594641000647368,-2092587560.0,3.0,1.6246197547333687,14.594641000647368,95.0,3.0,248.29176760857467,9.999777401250753,476.0,4.0,2.286502312642437,14.594640844223646,-2092587560.0,4.0,2.286502312643127,14.594640844223646,93.0,4.0,249.50164831376566,34.686354550295306,519.0,4.0,7.591597629701182,4.594640471255977,-2092587560.0,4.0,0.882510043397399,4.594640471255977,79.0,4.0,129.63247967781584,88.19704496909279
18.684793_82.959743,18.684793,82.959743,KORAPUT,SEMILIGUDA,BARAKANTI,,10,7,6.840462905559001,6.969555035128806,6.4,48.0,0.0,4,7.412073063993982,False,"{""diospyros melanoxylon"": 83.397, ""mimosa pudica"": 2.865, ""pongamia pinnata"": 57.614, ""psidium guajava"": 213.427, ""terminalia arjuna"": 25.783, ""woodfordia fruticosa"": 1.989}",506.0,1.0,8.263518248412517,38.06938660577609,-1296607795.0,1.0,0.7019971707860405,6.245270899172365,80.0,1.0,10.964114566124564,44.244329638039765,471.0,4.0,9.53712930729371,41.26973933525963,-1296607795.0,4.0,0.37105557035636944,0.25537274592504,93.0,4.0,249.50164831376566,42.96119965497243,511.0,4.0,1.765023091665225,24.06629513405815,-1296607795.0,4.0,0.5014266072893903,10.255372916578729,79.0,4.0,129.63247967781584,48.08968868258428
18.686431_82.9618,18.686431,82.9618,KORAPUT,SEMILIGUDA,BARAKANTI,,4,2,6.859096945551129,7.104972375690608,3.7824999999999998,63.0,0.0,2,12.095775674984047,False,"{""emblica officinal"": 1.273, ""mangifera indica"": 127.324, ""terminalia bellirica"": 103.132, ""woodfordia fruticosa"": 7.958}",518.0,1.0,9.978364605441488,2.5399857617866513,-2107995297.0,1.0,1.0128800400532498,2.5399858370493833,,,,,477.0,1.0,8.153180367799798,7.460014294935054,914728281.0,1.0,1.2034199479213623,2.539985755656989,,,,,526.0,2.0,7.671810477746202,34.8221069372966,1539509052.0,2.0,0.9025658381899265,2.539985574003439,,,,
18.686566_82.958633,18.686566,82.958633,KORAPUT,SEMILIGUDA,BARAKANTI,,10,8,9.565734152652004,9.587319604345712,8.4,58.0,0.0,6,10.26549382942725,False,"{""albizia lebbeck"": 509.296, ""bauhinia variegata"": 286.479, ""bixa orellana"": 28.727, ""cassia fistula"": 25.783, ""cipadessa baccifera"": 0.716, ""diospyros melanoxylon"": 25.783, ""mimosa pudica"": 1.989, ""pongamia pinnata"": 105.44}",504.0,3.0,1.0229113781027241,1.6112613161319822,1698032365.0,3.0,0.9627400851229276,1.6112613161319822,95.0,3.0,248.29176760857467,128.48968609259026,456.0,4.0,7.0300153486561525,1.6112613161319822,-861430302.0,4.0,2.7979652414068568,1.6112613161319822,93.0,4.0,249.50164831376566,2.8141943315300253,499.0,4.0,8.203363316128861,9.083082211363356,-797744300.0,4.0,1.0730545643439078,9.083082211363356,79.0,4.0,129.63247967781584,6.910519443998203
18.69107_82.868956,18.69107,82.868956,KORAPUT,SEMILIGUDA,BARAKANTI,,5,2,4.412639894667545,4.86454033771107,2.33,53.0,0.0,2,10.663381187156988,False,"{""calotropis gigantea"": 17.905, ""mangifera indica"": 183.346, ""other"": 11.459, ""psidium guajava"": 29.046}",168.0,1.0,2.1663692072336325,5.543244528862103,,,,,,,,,158.0,4.0,2.9988147323473493,3.9855349645423166,1867319398.0,4.0,0.8625358581491565,3.9855349645423166,,,,,175.0,1.0,3.8011749680282896,26.59849482359264,1300887895.0,1.0,0.9327419334412212,34.45675483070424,,,,
20.621695_85.564537,20.621695,85.564537,DHENKANAL,SADAR,MANGALPUR,,40,12,4.071563966274772,4.201002632610765,7.8,18.0,0.0,5,9.814554824000213,False,"{""aegle marmelos"": 20.372, ""albizia saman"": 25.783, ""boswellia serrata"": 2578.31, ""cipadessa baccifera"": 0.318, ""climber7 guluma"": 0.637, ""combretum roxburghii"": 34.318, ""diospyros melanoxylon"": 31.831, ""flacourtia indica"": 32.149, ""ichnocarpus frutescens"": 0.318, ""ixora pavetta"": 1.035, ""jasminum arborescens"": 1.989, ""other"": 7.958, ""syzygium cumini"": 4.648, ""tectona grandis"": 196.556, ""unidentified climber"": 0.318, ""xylia xylocarpa"": 18.223}",,,,,,,,,,,,,,,,,,,,,,,,,,,,,,,,,,,,
20.741885_84.698598,20.741885,84.698598,ANGUL,ATHAMALLIK,KANSAB,,60,21,12.230659685863873,12.285713547319999,15.460000000000003,53.0,0.000297710707319577,10,18.173978739731666,False,"{""alangium salvifolium"": 0.716, ""albizia procera"": 49.736, ""anogeissus latifolia"": 0.318, ""bridelia squamosa/retusa"": 1559.718, ""buchanania lanzan"": 209.527, ""casearia elliptica"": 0.637, ""cassia fistula"": 0.716, ""celastrus paniculata"": 0.318, ""chloroxylon swietenia"": 873.204, ""combretum roxburghii"": 33.502, ""diospyros melanoxylon"": 36.367, ""diospyros montana"": 3609.475, ""helicteres isora"": 0.716, ""holarrhena antidysenterica"": 202.206, ""lagerstroemia parviflora"": 450.568, ""lannea coromandelica"": 86.66, ""other"": 0.637, ""pterocarpus marsupium"": 0.318, ""pueraria tuberosa"": 0.637, ""shorea robusta"": 2.308, ""terminalia alata"": 629.856, ""unidentified climber"": 1.273, ""ziziphus oenoplia"": 2.228}",49.0,4.0,5.000887454902148,9.363581284845234,-452890786.0,4.0,2.034430592827116,6.93828691349434,81.0,4.0,45.4972647112977,121.3908918319721,43.0,0.0,9.701107323734517,9.363581284845234,-452890786.0,0.0,2.154692448819429,6.93828691349434,109.0,0.0,49.85468773111863,4.866266637713651,53.0,3.0,9.039694335671904,40.636418730535155,424833394.0,3.0,1.0623142200442521,16.909037221355884,78.0,3.0,49.49087654110919,57.48216466198727
20.742247_84.697628,20.742247,84.697628,ANGUL,ATHAMALLIK,KANSAB,,63,16,14.13150279171004,14.182900256587788,14.280000000000001,43.0,0.0,8,26.061621931297864,False,"{""aegle marmelos"": 1566.323, ""anacardium occidentale"": 0.318, ""anogeissus latifolia"": 2758.871, ""antidesma acidum"": 4.775, ""bauhinia vahlii"": 0.318, ""buchanania lanzan"": 5.411, ""butea superba"": 5.093, ""casearia elliptica"": 35.332, ""celastrus paniculata"": 0.318, ""combretum roxburghii"": 2.626, ""dalbergia paniculata"": 2753.062, ""diospyros melanoxylon"": 2.706, ""diospyros montana"": 1070.556, ""grewia helicterifolia"": 1.353, ""haldina cordifolia"": 154.062, ""helicteres isora"": 0.318, ""holarrhena antidysenterica"": 5.093, ""lagerstroemia parviflora"": 2639.744, ""madhuca indica"": 764.262, ""pterocarpus marsupium"": 0.318, ""schleichera oleosa"": 0.716, ""shrub12 ghatak"": 0.318, ""terminalia alata"": 0.637}",49.0,4.0,5.000887454902148,8.435834290307813,-452890786.0,4.0,2.034430592827116,8.435834290307813,81.0,4.0,45.4972647112977,191.43810518084686,43.0,0.0,9.701107323734517,8.435834290307813,-452890786.0,0.0,2.154692448819429,8.435834290307813,109.0,0.0,49.85468773111863,111.93209898506991,48.0,3.0,8.518518485027982,20.223196801604924,-452890786.0,3.0,1.1324654850779634,20.223196801604924,78.0,3.0,49.49087654110919,16.14966855590817
20.742487_84.696332,20.742487,84.696332,ANGUL,ATHAMALLIK,KANSAB,,66,21,11.249319287063265,11.348264348489726,14.5,38.0,4.721435316336166e-05,8,17.77988078540888,False,"{""aegle marmelos"": 86.342, ""anacardium occidentale"": 850.285, ""anogeissus latifolia"": 3.899, ""antidesma acidum"": 2.546, ""bauhinia vahlii"": 1.353, ""bridelia squamosa/retusa"": 1.273, ""casearia elliptica"": 67.8, ""cassia fistula"": 13.528, ""dalbergia paniculata"": 1559.718, ""diospyros melanoxylon"": 1.432, ""diospyros montana"": 240.722, ""grewia helicterifolia"": 1.432, ""holarrhena antidysenterica"": 1611.523, ""lagerstroemia parviflora"": 1957.049, ""lannea coromandelica"": 1.273, ""naringi crenulata"": 316.161, ""pterocarpus marsupium"": 0.318, ""pueraria tuberosa"": 0.637, ""schleichera oleosa"": 4.297, ""shorea robusta"": 0.318, ""terminalia alata"": 0.716, ""unidentified climber"": 0.716, ""ventilago denticulata"": 0.318, ""ziziphus oenoplia"": 18.144}",45.0,4.0,6.864926712150832,6.329422905835251,1763103128.0,4.0,1.8139446712464504,6.329422905835251,81.0,4.0,45.4972647112977,92.66010035265276,43.0,0.0,9.701107323734517,6.329422905835251,1763103128.0,0.0,2.435295622915704,6.329422905835251,109.0,0.0,49.85468773111863,86.88698548323032,48.0,3.0,8.518518485027982,5.414403282740359,-1253122281.0,3.0,0.8318100888744308,5.414403282740359,78.0,3.0,49.49087654110919,9.790725735987186
20.743825_84.696419,20.743825,84.696419,ANGUL,ATHAMALLIK,KANSAB,,57,17,6.27323369221026,8.077318330469486,8.419999999999998,48.0,5.6294419815635794e-05,7,15.110357538254064,False,"{""alangium salvifolium"": 0.318, ""anacardium occidentale"": 561.499, ""anogeissus latifolia"": 0.318, ""bauhinia vahlii"": 1.671, ""bridelia squamosa/retusa"": 1108.037, ""buchanania lanzan"": 1.035, ""butea superba"": 1.989, ""casearia elliptica"": 18.223, ""cassia fistula"": 201.251, ""cipadessa baccifera"": 553.859, ""dalbergia paniculata"": 688.266, ""haldina cordifolia"": 962.887, ""helicteres isora"": 1.592, ""holarrhena antidysenterica"": 499.826, ""lagerstroemia parviflora"": 980.474, ""other"": 0.637, ""pterocarpus marsupium"": 0.955, ""pueraria tuberosa"": 0.318, ""schleichera oleosa"": 69.232, ""shorea robusta"": 0.318, ""smilax zeylanica"": 1.035, ""strychnos potatorum"": 0.637}",46.0,4.0,2.7359484717045888,5.029076513452298,1830861069.0,4.0,0.9019617754691975,5.029076513452298,81.0,4.0,45.4972647112977,144.35141289008888,46.0,0.0,2.345103827360439,3.288950548465693,-1571532686.0,0.0,1.072333097177195,3.288950548465693,109.0,0.0,49.85468773111863,60.015142926824616,50.0,0.0,2.1747311723212253,6.711050111998005,-1571532686.0,0.0,1.4230966621410521,6.711050111998005,76.0,0.0,22.972268134758,76.29475638750304
20.744313_84.694294,20.744313,84.694294,ANGUL,ATHAMALLIK,KANSAB,,50,16,26.6538651018829,26.880522315126502,21.8,38.0,0.0,7,17.10915638237875,False,"{""anacardium occidentale"": 497.598, ""antidesma acidum"": 2.546, ""bauhinia vahlii"": 5.252, ""cassia fistula"": 0.716, ""climber1 nudurunai"": 1.989, ""combretum roxburghii"": 53.794, ""dalbergia paniculata"": 0.318, ""dioscorea bulbifera"": 0.318, ""grewia helicterifolia"": 1.353, ""grewia tiliifolia"": 1.273, ""haldina cordifolia"": 3183.099, ""helicteres isora"": 1.273, ""holarrhena antidysenterica"": 471.497, ""lagerstroemia parviflora"": 388.179, ""lannea coromandelica"": 2628.046, ""other"": 0.318, ""pterocarpus marsupium"": 0.318, ""pueraria tuberosa"": 0.716, ""schleichera oleosa"": 68.596, ""tree1 phapandi"": 96.607, ""wendlandia tinctoria"": 0.716}",40.0,4.0,7.5463869971343795,29.801792375783023,922831415.0,4.0,4.439643750457935,27.834018877106384,81.0,4.0,45.4972647112977,65.26098976070372,39.0,0.0,8.408265697026614,27.409723936305625,922831415.0,0.0,5.341602251422612,27.409723936305625,109.0,0.0,49.85468773111863,65.26098976070372,47.0,0.0,8.999560418143883,42.16598119641888,-1974359093.0,0.0,1.493243641714848,29.801792375783023,76.0,0.0,22.972268134758,46.12212015554379
20.744556_84.693554,20.744556,84.693554,ANGUL,ATHAMALLIK,KANSAB,,53,9,24.092436314244402,24.205641355263623,20.72,38.0,0.0,7,27.445385742069064,False,"{""albizia procera"": 0.716, ""anogeissus latifolia"": 3184.85, ""bauhinia vahlii"": 3.342, ""buchanania lanzan"": 51.009, ""butea superba"": 1.989, ""casearia elliptica"": 23.714, ""cassia fistula"": 1.592, ""cipadessa baccifera"": 8.992, ""dalbergia sissoo"": 0.637, ""dillenia pentagyna"": 1.989, ""dioscorea bulbifera"": 0.318, ""diospyros melanoxylon"": 1.035, ""gardenia gummifera"": 1.273, ""helicteres isora"": 1.989, ""holarrhena antidysenterica"": 69.551, ""lagerstroemia parviflora"": 1344.859, ""lannea coromandelica"": 4321.136, ""ougeinia oogeinsis"": 2.626, ""pterocarpus marsupium"": 1.989, ""pueraria tuberosa"": 1.989, ""schleichera oleosa"": 55.068, ""unidentified climber"": 0.318}",40.0,4.0,7.5463869971343795,40.17461430604098,922831415.0,4.0,4.439643750457935,13.61337737528026,81.0,4.0,45.4972647112977,43.298529901204795,39.0,0.0,8.408265697026614,40.17461430604098,922831415.0,0.0,5.341602251422612,19.422624161666715,109.0,0.0,49.85468773111863,43.298529901204795,47.0,0.0,8.999560418143883,0.1746145420431116,-1974359093.0,0.0,1.493243641714848,0.1746145420431116,76.0,0.0,22.972268134758,53.26039614850191
20.745076_84.695402,20.745076,84.695402,ANGUL,ATHAMALLIK,KANSAB,,74,32,7.633591722692743,7.738355701715403,8.6,53.0,6.985069414127303e-05,11,10.653434003213745,False,"{""alangium salvifolium"": 0.318, ""anacardium occidentale"": 962.887, ""anogeissus latifolia"": 0.318, ""antidesma acidum"": 2.546, ""buchanania lanzan"": 1089.654, ""casearia elliptica"": 99.79, ""cassia fistula"": 5.73, ""cipadessa baccifera"": 174.116, ""cleistanthus collinus"": 25.783, ""diospyros melanoxylon"": 1.353, ""diospyros montana"": 261.969, ""gardenia turgida"": 1356.159, ""grewia tiliifolia"": 49.736, ""holarrhena antidysenterica"": 323.244, ""lagerstroemia parviflora"": 70.665, ""other"": 0.318, ""pueraria tuberosa"": 0.716, ""schleichera oleosa"": 131.382, ""shorea robusta"": 0.318}",42.0,4.0,3.9886657839851365,2.7463018389149205,424143383.0,4.0,0.8919388223228069,2.7463018389149205,81.0,4.0,45.4972647112977,108.96648156982215,39.0,0.0,8.408265697026614,44.857613992281784,424143383.0,0.0,1.0122002557844516,2.7463018389149205,109.0,0.0,49.85468773111863,72.30170478815786,47.0,0.0,8.999560418143883,39.010313003561016,-850664678.0,0.0,1.202613821943999,25.012653717315917,76.0,0.0,22.972268134758,43.22020545982993
20.745582_84.692273,20.745582,84.692273,ANGUL,ATHAMALLIK,KANSAB,,42,22,16.790449749899384,17.235605264474803,22.18,53.0,0.043480135686770525,8,14.483099821362476,False,"{""alangium salvifolium"": 88.49, ""bauhinia vahlii"": 251.306, ""cipadessa baccifera"": 296.108, ""diospyros melanoxylon"": 0.955, ""diospyros montana"": 1224.618, ""gardenia turgida"": 1880.814, ""helicteres isora"": 1.035, ""holarrhena antidysenterica"": 432.344, ""lagerstroemia parviflora"": 86.66, ""leea asiatica"": 0.637, ""other"": 0.318, ""ougeinia oogeinsis"": 183.346, ""pueraria tuberosa"": 325.949, ""schleichera oleosa"": 0.955, ""shorea robusta"": 240.722, ""termanalia chebula"": 522.108}",35.0,3.0,9.500596571764316,13.121385562013439,-2065536670.0,3.0,0.9520657805143005,13.121385562013439,77.0,3.0,9.218675726729321,9.014517192796323,33.0,0.0,9.590799837829437,40.748800062031926,-2065536670.0,0.0,1.0222180372399785,4.926277664194232,109.0,0.0,49.85468773111863,41.93495188865137,41.0,0.0,7.897132512565836,40.748800062031926,-2065536670.0,0.0,1.8840881055162584,40.748800062031926,76.0,0.0,22.972268134758,41.93495188865137
20.746348_84.694433,20.746348,84.694433,ANGUL,ATHAMALLIK,KANSAB,,44,14,20.662030304879117,22.51162014361121,13.920000000000002,58.0,0.0,5,15.756339366097638,False,"{""casearia elliptica"": 175.866, ""cassia fistula"": 54.431, ""cipadessa baccifera"": 0.716, ""diospyros melanoxylon"": 107.748, ""gardenia turgida"": 967.582, ""helicteres isora"": 2.308, ""holarrhena antidysenterica"": 245.815, ""mimosa rubicaulis"": 0.318, ""ougeinia oogeinsis"": 412.53, ""pueraria tuberosa"": 0.318, ""schleichera oleosa"": 7161.972, ""smilax zeylanica"": 0.637}",40.0,4.0,7.5463869971343795,6.183461985062789,922831415.0,4.0,4.439643750457935,6.183461910645827,81.0,4.0,45.4972647112977,100.30725555364903,40.0,0.0,2.655769614801515,3.8165381245960655,-377730823.0,0.0,1.7638326321047757,3.8165381245960655,109.0,0.0,49.85468773111863,87.41078437560563,44.0,0.0,3.8483577966478975,39.78551173956064,-1257355781.0,0.0,1.082351345098431,27.870565651435324,76.0,0.0,22.972268134758,74.89389841391947
20.747267_84.691992,20.747267,84.691992,ANGUL,ATHAMALLIK,KANSAB,,67,13,21.111193400977815,21.284998202263907,22.080000000000002,43.0,4.913642729037172e-05,5,21.27779162259339,False,"{""aegle marmelos"": 0.955, ""anogeissus latifolia"": 0.318, ""antidesma acidum"": 3.183, ""asparagus racemosus"": 0.955, ""bauhinia vahlii"": 2.308, ""buchanania lanzan"": 0.318, ""butea superba"": 3.899, ""casearia elliptica"": 84.511, ""cassia fistula"": 1.592, ""chloroxylon swietenia"": 0.716, ""dalbergia sissoo"": 0.318, ""diospyros melanoxylon"": 1.273, ""diospyros montana"": 2245.756, ""gardenia turgida"": 688.425, ""glochidion lanceolarium"": 0.318, ""holarrhena antidysenterica"": 325.551, ""krusnha chhuda"": 0.318, ""lagerstroemia parviflora"": 3113.787, ""lannea coromandelica"": 1.035, ""pueraria tuberosa"": 1.273, ""shorea robusta"": 0.318, ""shrub12 ghatak"": 0.637, ""ventilago denticulata"": 0.318}",35.0,3.0,9.500596571764316,29.128115522594374,-1598020826.0,3.0,0.5712391685802491,17.294774955103435,77.0,3.0,9.218675726729321,29.07798240062981,33.0,0.0,9.590799837829437,37.29477515013665,1713515860.0,0.0,1.864041803860214,0.9977781935852115,109.0,0.0,49.85468773111863,121.92105698116302,41.0,0.0,7.897132512565836,59.0022224556006,-1598020826.0,0.0,1.2627395459474304,7.3626970272233825,76.0,0.0,22.972268134758,71.79786669320463
20.759342_84.70982,20.759342,84.70982,ANGUL,ATHAMALLIK,GHANAJODI,,72,25,13.615325304581994,13.803333367229683,16.2,38.0,0.0,12,17.023212713109125,False,"{""anacardium occidentale"": 357.223, ""anogeissus latifolia"": 1472.82, ""antidesma acidum"": 1.273, ""bauhinia vahlii"": 0.637, ""buchanania lanzan"": 344.491, ""butea superba"": 8.435, ""careya arborea"": 1256.051, ""casearia elliptica"": 144.672, ""celastrus paniculata"": 0.318, ""cipadessa baccifera"": 0.637, ""climber1 nudurunai"": 1.989, ""diospyros melanoxylon"": 0.955, ""diospyros montana"": 1100.079, ""gardenia turgida"": 210.403, ""haldina cordifolia"": 184.142, ""holarrhena antidysenterica"": 104.724, ""lagerstroemia parviflora"": 1117.109, ""lannea coromandelica"": 1515.473, ""naringi crenulata"": 11.459, ""pueraria tuberosa"": 0.318, ""schleichera oleosa"": 111.329, ""smilax zeylanica"": 0.955, ""terminalia alata"": 2.626, ""terminalia bellirica"": 0.318, ""ziziphus oenoplia"": 0.637}",67.0,3.0,5.772650778662425,2.982141248764574,-1903736962.0,3.0,0.911997544816264,2.9821410053226187,66.0,3.0,129.08682910996984,205.89190591909437,58.0,4.0,8.338263468187112,23.43305725164242,1059167367.0,4.0,1.5233329037604297,2.9821410053226187,89.0,4.0,91.29234168490949,91.71985033804218,65.0,0.0,6.824942923295113,53.51621055522509,-168426188.0,0.0,0.7917329032932395,2.982140460513387,61.0,0.0,6.92274839713665,49.27123246329421
20.760064_84.721146,20.760064,84.721146,ANGUL,ATHAMALLIK,GHANAJODI,,38,18,12.10929704759992,12.198726278215762,15.66,38.0,0.0,10,13.13912474636425,False,"{""alangium salvifolium"": 196.158, ""anogeissus latifolia"": 811.77, ""butea superba"": 61.991, ""chloroxylon swietenia"": 630.97, ""diospyros montana"": 67.243, ""gardenia turgida"": 25.783, ""haldina cordifolia"": 240.722, ""holarrhena antidysenterica"": 135.998, ""lagerstroemia parviflora"": 464.573, ""lannea coromandelica"": 329.849, ""schleichera oleosa"": 5.093, ""semecarpus anacardium"": 198.944, ""strychnos potatorum"": 0.318, ""terminalia alata"": 0.318}",90.0,3.0,3.6781046656396823,43.296616275472175,255511288.0,3.0,1.4532002249110825,2.173476305760115,66.0,3.0,129.08682910996984,246.0605284062819,82.0,4.0,9.901815595785573,43.296616275472175,255511288.0,4.0,0.9320530619341365,7.046939104185132,89.0,4.0,91.29234168490949,203.28726166024234,90.0,3.0,7.3161202443474815,23.397784607230264,255511288.0,3.0,0.8919649976312072,23.397784607230264,62.0,3.0,66.02742514360716,70.02367569467576
20.760492_84.717751,20.760492,84.717751,ANGUL,ATHAMALLIK,GHANAJODI,,43,18,33.57311264949205,33.83539444246296,27.0,43.0,0.0,8,17.913773039121107,False,"{""anogeissus latifolia"": 2354.22, ""butea superba"": 43.927, ""cassia fistula"": 3.263, ""dendrocalamus strictus"": 20.372, ""dhudur nai"": 1.989, ""diospyros melanoxylon"": 1.035, ""diospyros montana"": 455.263, ""gardenia turgida"": 62.15, ""holarrhena antidysenterica"": 886.97, ""lagerstroemia parviflora"": 434.493, ""lannea coromandelica"": 616.248, ""madhuca indica"": 2540.511, ""schleichera oleosa"": 5.411}",84.0,3.0,7.536575623958435,39.826576298980484,221006715.0,3.0,0.5411900937907658,10.910109654464307,66.0,3.0,129.08682910996984,176.4855527638198,76.0,4.0,9.079962353440122,43.61278563000444,221006715.0,4.0,0.5612341896275881,10.910109654464307,89.0,4.0,91.29234168490949,177.19288569463555,84.0,3.0,8.93965800948252,65.79776735092594,221006715.0,3.0,1.0924025226876537,10.910109569645433,62.0,3.0,66.02742514360716,66.0676129690209
20.761327_84.711584,20.761327,84.711584,ANGUL,ATHAMALLIK,GHANAJODI,,54,21,7.437466440696206,8.616996148908855,11.8,48.0,0.0,6,10.761905675737685,False,"{""anogeissus latifolia"": 0.637, ""antidesma acidum"": 2.546, ""butea superba"": 54.113, ""combretum roxburghii"": 0.318, ""dioscorea bulbifera"": 0.318, ""diospyros melanoxylon"": 0.637, ""diospyros montana"": 434.254, ""gardenia turgida"": 243.03, ""haldina cordifolia"": 837.951, ""helicteres isora"": 1.91, ""holarrhena antidysenterica"": 4.218, ""lagerstroemia parviflora"": 476.828, ""terminalia alata"": 206.981, ""terminalia bellirica"": 694.393}",73.0,3.0,6.865062037579916,11.321055584288306,-75646054.0,3.0,2.5556018146941906,11.321055584288306,66.0,3.0,129.08682910996984,49.39498670467905,59.0,4.0,8.217997740740861,6.168710465711416,1069016353.0,4.0,1.2226786897265092,6.168710465711416,89.0,4.0,91.29234168490949,34.512559563312344,71.0,4.0,8.197979567061163,57.23788510550267,-1488574003.0,4.0,1.1425039976895497,0.6409841313785173,60.0,4.0,17.437318668041065,84.84604904078469
20.76148_84.72302,20.76148,84.72302,ANGUL,ATHAMALLIK,GHANAJODI,,63,30,9.615795493997476,10.910118548927612,14.86,43.0,0.011420322692638001,12,11.162066675511593,False,"{""albizia procera"": 376.64, ""buchanania lanzan"": 101.859, ""butea superba"": 30.796, ""careya arborea"": 31.831, ""cassia fistula"": 232.048, ""diospyros melanoxylon"": 0.955, ""diospyros montana"": 2.308, ""gardenia turgida"": 198.466, ""holarrhena antidysenterica"": 44.404, ""lagerstroemia parviflora"": 277.487, ""lannea coromandelica"": 183.665, ""semecarpus anacardium"": 0.318, ""shorea robusta"": 49.736, ""tectona grandis"": 1094.19, ""termanalia chebula"": 140.375, ""terminalia alata"": 1589.958}",93.0,3.0,7.787173838195139,87.78402558348753,-1602558903.0,3.0,4.489902594452853,19.247169771573432,66.0,3.0,129.08682910996984,88.08692433486962,86.0,4.0,6.805007027251526,15.243545073681206,2145576920.0,4.0,0.69152528903294,15.243545073681206,89.0,4.0,91.29234168490949,85.4508974648779,95.0,1.0,3.527783681486298,9.247169993625329,2145576920.0,1.0,1.1926308475116356,9.247169993625329,55.0,1.0,28.324692831082327,12.553344475884359
20.761498_84.715991,20.761498,84.715991,ANGUL,ATHAMALLIK,GHANAJODI,,188,76,3.92646384094385,6.381133562625393,11.76,38.0,0.0,10,7.974500306499178,False,"{""anacardium occidentale"": 286.479, ""anogeissus latifolia"": 1658.076, ""antidesma acidum"": 1.273, ""buchanania lanzan"": 103.132, ""butea superba"": 28.648, ""cassia fistula"": 5.093, ""cleistanthus collinus"": 71.62, ""dioscorea bulbifera"": 1.273, ""diospyros melanoxylon"": 81.487, ""diospyros montana"": 4217.924, ""gardenia turgida"": 254.011, ""helicteres isora"": 2.546, ""holarrhena antidysenterica"": 195.124, ""lagerstroemia parviflora"": 660.811, ""lannea coromandelica"": 507.386, ""smilax zeylanica"": 23.555, ""stachytarpheta jamaicensis"": 81.487, ""terminalia alata"": 561.499}",79.0,3.0,9.039858487421778,47.02445356600777,2126335325.0,3.0,1.583480365768252,3.1462149067786407,66.0,3.0,129.08682910996984,50.36260412304079,79.0,4.0,8.027662110684723,3.1462149067786407,2126335325.0,4.0,1.5734583182207402,3.1462149067786407,89.0,4.0,91.29234168490949,41.27778161103759,83.0,4.0,8.749236255669913,45.652432770378354,765677743.0,4.0,1.9943792851939977,3.080914689227328,60.0,4.0,17.437318668041065,59.080059790257536
20.76178_84.706629,20.76178,84.706629,ANGUL,ATHAMALLIK,GHANAJODI,,53,16,5.341069086968302,7.999367888748418,8.2,38.0,0.0,5,7.360916118000159,False,"{""anacardium occidentale"": 0.318, ""anogeissus latifolia"": 0.318, ""antidesma acidum"": 3.183, ""butea superba"": 67.004, ""casearia elliptica"": 43.37, ""climber1 nudurunai"": 1.989, ""dioscorea bulbifera"": 0.318, ""diospyros melanoxylon"": 4.854, ""diospyros montana"": 373.935, ""gardenia turgida"": 25.783, ""haldina cordifolia"": 357.223, ""holarrhena antidysenterica"": 8.117, ""lagerstroemia parviflora"": 425.978, ""manilkara hexandra"": 0.318, ""schleichera oleosa"": 0.318, ""terminalia alata"": 155.256, ""unidentified climber"": 0.318}",56.0,3.0,9.95174771255553,1.5155342247662622,1683340397.0,3.0,0.711554621205624,1.5155342247662622,66.0,3.0,129.08682910996984,136.78598680863178,54.0,4.0,3.056684086421636,8.12328266855197,666625242.0,4.0,1.1625410687157969,8.12328266855197,89.0,4.0,91.29234168490949,49.65821197593015,60.0,4.0,3.257122974717377,28.123282967796577,1683340397.0,4.0,0.9119928737715134,28.12328282267297,58.0,4.0,7.081243728403701,30.619434544150035
20.763036_84.72282,20.763036,84.72282,ANGUL,ATHAMALLIK,GHANAJODI,,27,13,12.374889517547212,13.467069131765395,12.8,68.0,0.0,6,10.798050754388592,False,"{""anogeissus latifolia"": 260.935, ""diospyros melanoxylon"": 0.955, ""haldina cordifolia"": 103.132, ""holarrhena antidysenterica"": 1.592, ""lagerstroemia parviflora"": 81.567, ""lannea coromandelica"": 1145.916, ""schleichera oleosa"": 0.318, ""tectona grandis"": 460.117, ""wrightia tinctoria"": 27.056}",94.0,3.0,3.0066300021206454,23.566163966875074,-34770942.0,3.0,2.1547512210734974,23.566163966875074,66.0,3.0,129.08682910996984,92.40303539817602,86.0,4.0,6.805007027251526,78.47340560680075,-34770942.0,4.0,1.583491139405013,26.81244738466604,89.0,4.0,91.29234168490949,81.44483296881744,94.0,1.0,1.4431827704754503,31.56981901524992,-34770942.0,1.0,0.5411932425185914,23.35101103906367,55.0,1.0,28.324692831082327,30.43737834247465
20.76408_84.715482,20.76408,84.715482,ANGUL,ATHAMALLIK,GHANAJODI,,12,2,2.5771074457180143,2.592795497185741,1.1320000000000001,98.0,0.0,2,18.780283284843648,False,"{""butea superba"": 2.706, ""diospyros melanoxylon"": 1.989, ""hyptis suaveolens"": 0.955, ""lagerstroemia parviflora"": 20.372, ""phoenix dactylifera"": 827.924}",77.0,1.0,5.812761581128915,11.788878289619682,914421550.0,1.0,1.2126621601345249,11.066696624956698,,,,,73.0,1.0,7.676864931506189,4.182130302318905,914421550.0,1.0,1.2327061368276764,4.182130302318905,,,,,82.0,1.0,9.921808907375947,15.825294026462215,914421550.0,1.0,1.8540708861212642,15.825294026462215,,,,
20.764457_84.718917,20.764457,84.718917,ANGUL,ATHAMALLIK,GHANAJODI,,49,22,17.595640751205867,18.021488924074053,21.2,43.0,0.0,7,14.106915410417997,False,"{""aegle marmelos"": 0.318, ""butea superba"": 141.25, ""casearia elliptica"": 215.973, ""chloroxylon swietenia"": 928.192, ""cleistanthus collinus"": 1064.03, ""diospyros montana"": 894.928, ""helicteres isora"": 5.173, ""holarrhena antidysenterica"": 0.318, ""lagerstroemia parviflora"": 169.102, ""schleichera oleosa"": 2037.502, ""wrightia tinctoria"": 119.525}",87.0,3.0,6.143519723313279,13.026938081739226,-30625205.0,3.0,2.3251171899561416,13.026938081739226,66.0,3.0,129.08682910996984,15.674486880307663,80.0,3.0,5.572261507312253,26.29622416878142,-30625205.0,3.0,1.383043243042803,26.29622416878142,63.0,3.0,12.94002822259958,26.265763938025884,88.0,1.0,9.591118655336869,50.081249111052585,982188609.0,1.0,1.2828218081214244,23.989310842678034,55.0,1.0,28.324692831082327,65.10064582841635
20.767532_84.743722,20.767532,84.743722,ANGUL,ATHAMALLIK,KANTAPADA,,18,5,11.776556953547336,12.354258031616524,8.6,48.0,0.0007654403674113762,4,12.66873347011487,False,"{""anacardium occidentale"": 0.318, ""anogeissus latifolia"": 258.547, ""bauhinia roxburghiana"": 49.736, ""casearia elliptica"": 431.867, ""combretum roxburghii"": 13.449, ""diospyros melanoxylon"": 1.313, ""diospyros montana"": 7.958, ""holarrhena antidysenterica"": 0.637, ""lantana camara"": 7.958, ""miliusa tomentosa"": 58.012, ""shorea robusta"": 0.637, ""woodfordia fruticosa"": 1.273}",,,,,,,,,,,,,,,,,,,,,,,,,,,,,,,,,,,,
20.802758_84.651615,20.802758,84.651615,ANGUL,ATHAMALLIK,JOGI BANDHA,,20,10,17.060260489251302,17.094262142777513,28.4,58.0,0.0,7,20.562818647472877,False,"{""anogeissus latifolia"": 1795.586, ""azadirachta indica"": 735.296, ""butea superba"": 2.865, ""chloroxylon swietenia"": 0.318, ""cleistanthus collinus"": 0.716, ""diospyros melanoxylon"": 0.318, ""diospyros montana"": 103.132, ""ficus lutescens"": 412.53, ""holarrhena antidysenterica"": 1.035, ""lagerstroemia parviflora"": 867.394, ""miliusa tomentosa"": 58.012, ""smilax zeylanica"": 0.637, ""ventilago denticulata"": 0.318, ""wrightia tinctoria"": 315.843}",28.0,3.0,9.459979420703915,48.35076684234477,522236935.0,3.0,1.473109564508319,15.588910606418697,37.0,3.0,17.32050023087953,52.79921835088667,21.0,5.0,8.17725599343414,32.35398135186804,522236935.0,5.0,1.3728980352800748,15.588910606418697,41.0,5.0,17.79613969489342,55.80610483771088,30.0,3.0,8.467872242808511,48.67270874088988,522236935.0,3.0,1.2025381320914112,5.588910632590096,32.0,3.0,11.938789690990758,61.11131146494511
20.803186_84.650445,20.803186,84.650445,ANGUL,ATHAMALLIK,JOGI BANDHA,,19,6,18.863593635294215,18.88339472938509,16.4,78.0,0.0,4,27.586856802595193,False,"{""anogeissus latifolia"": 1790.99, ""antidesma acidum"": 0.318, ""azadirachta indica"": 676.409, ""bridelia squamosa/retusa"": 1.035, ""dioscorea bulbifera"": 0.716, ""diospyros melanoxylon"": 0.318, ""diospyros montana"": 168.386, ""grewia helicterifolia"": 0.318, ""holarrhena antidysenterica"": 0.318, ""lannea coromandelica"": 1857.975, ""morinda pubescens"": 0.497, ""olax scandens"": 0.318, ""smilax zeylanica"": 0.318, ""stachytarpheta jamaicensis"": 0.318, ""terminalia alata"": 0.318}",28.0,3.0,9.459979420703915,10.094316508353199,522236935.0,3.0,1.473109564508319,10.094316508353199,37.0,3.0,17.32050023087953,11.293661798189289,21.0,5.0,8.17725599343414,17.522529550845388,522236935.0,5.0,1.3728980352800748,12.898581536880497,41.0,5.0,17.79613969489342,19.970075364161293,30.0,3.0,8.467872242808511,37.522529796466,522236935.0,3.0,1.2025381320914112,18.214082402900868,32.0,3.0,11.938789690990758,91.76494956167636
20.803305_84.650996,20.803305,84.650996,ANGUL,ATHAMALLIK,JOGI BANDHA,,20,6,11.216738157552173,11.362459726697033,11.4,68.0,0.0,3,16.870423967740905,False,"{""anogeissus latifolia"": 511.285, ""butea superba"": 1.273, ""casearia elliptica"": 0.497, ""cleistanthus collinus"": 353.801, ""combretum roxburghii"": 0.716, ""dalbergia sissoo"": 0.318, ""dioscorea bulbifera"": 0.318, ""holarrhena antidysenterica"": 1.214, ""lagerstroemia parviflora"": 580.995, ""smilax zeylanica"": 0.318, ""stachytarpheta jamaicensis"": 0.318, ""terminalia alata"": 0.318, ""wrightia tinctoria"": 0.497}",28.0,3.0,9.459979420703915,45.41194221315024,522236935.0,3.0,1.473109564508319,10.169873051717998,37.0,3.0,17.32050023087953,48.700007915873584,21.0,5.0,8.17725599343414,50.39934033541206,522236935.0,5.0,1.3728980352800748,0.13539002401683017,41.0,5.0,17.79613969489342,54.15090268146153,30.0,3.0,8.467872242808511,67.3400168681342,-1072209062.0,3.0,1.4129805074449966,10.135390197096195,32.0,3.0,11.938789690990758,117.0194619053853
20.803378_84.649662,20.803378,84.649662,ANGUL,ATHAMALLIK,JOGI BANDHA,,18,5,8.101128621491275,12.866558460379107,10.8,93.0,0.0,5,17.50704374010849,False,"{""anacardium occidentale"": 471.815, ""cleistanthus collinus"": 3.581, ""dioscorea bulbifera"": 0.318, ""diospyros melanoxylon"": 21.088, ""diospyros montana"": 1169.63, ""eupatorium odoratum"": 0.716, ""holarrhena antidysenterica"": 1.989, ""lagerstroemia parviflora"": 325.949, ""madhuca indica"": 0.716, ""semecarpus anacardium"": 0.318, ""smilax zeylanica"": 0.637, ""terminalia alata"": 296.426, ""terminalia arjuna"": 0.318}",28.0,3.0,9.459979420703915,2.045021099847886,-1072209062.0,3.0,0.6213105598443922,2.045021099847886,37.0,3.0,17.32050023087953,53.59607800040252,21.0,5.0,8.17725599343414,52.044842538590885,-1072209062.0,5.0,0.41086673735039203,2.045021099847886,41.0,5.0,17.79613969489342,53.59607800040252,30.0,3.0,8.467872242808511,22.044859321501608,-1072209062.0,3.0,1.4129805074449966,12.044842590211713,32.0,3.0,11.938789690990758,25.51124420260045
20.80382_84.649267,20.80382,84.649267,ANGUL,ATHAMALLIK,JOGI BANDHA,,17,6,14.119777442428473,14.180881450976955,13.8,63.0,0.0,6,28.170424927265476,False,"{""anogeissus latifolia"": 1.989, ""cleistanthus collinus"": 214.7, ""climber7 akandabindhu"": 0.318, ""dalbergia paniculata"": 1184.749, ""dioscorea bulbifera"": 1.035, ""diospyros melanoxylon"": 1696.273, ""holarrhena antidysenterica"": 8.276, ""lagerstroemia parviflora"": 114.91, ""madhuca indica"": 1070.794, ""smilax zeylanica"": 0.318, ""terminalia alata"": 268.017}",24.0,3.0,7.996871577344604,43.58196864756904,1026037984.0,3.0,2.29483869425025,43.58196864756904,37.0,3.0,17.32050023087953,44.80878981089526,21.0,5.0,8.17725599343414,45.89518037837388,1026037984.0,5.0,2.0543316670771663,12.67812710723418,41.0,5.0,17.79613969489342,44.80878981089526,30.0,3.0,8.467872242808511,9.519899504207846,-1072209062.0,3.0,1.4129805074449966,9.519899504207846,32.0,3.0,11.938789690990758,10.594677348251256
20.804067_84.651992,20.804067,84.651992,ANGUL,ATHAMALLIK,JOGI BANDHA,,19,6,16.35755048052083,16.684735991000498,15.8,28.0,0.0,4,20.90234919273559,False,"{""anogeissus latifolia"": 20.69, ""buchanania lanzan"": 13.449, ""cleistanthus collinus"": 240.722, ""diospyros melanoxylon"": 0.318, ""holarrhena antidysenterica"": 8.276, ""lagerstroemia parviflora"": 1054.004, ""lannea coromandelica"": 860.71, ""manilkara hexandra"": 0.318, ""shrub golimonji"": 1.035, ""smilax zeylanica"": 0.318, ""terminalia alata"": 109.658, ""unidentified climber"": 0.716}",28.0,3.0,9.459979420703915,37.70758890250676,948514562.0,3.0,2.0142536779592644,37.70758890250676,37.0,3.0,17.32050023087953,55.54589568205103,21.0,5.0,8.17725599343414,37.262063532157725,948514562.0,5.0,2.435142549626237,37.262063532157725,41.0,5.0,17.79613969489342,106.83917400843052,30.0,3.0,8.467872242808511,65.47172749466411,1684347532.0,3.0,2.0142511134246224,4.220651743186626,32.0,3.0,11.938789690990758,67.21144161442811
20.805056_84.651723,20.805056,84.651723,ANGUL,ATHAMALLIK,JOGI BANDHA,,14,4,12.194148149749262,14.625798680213679,11.6,58.0,0.0,4,21.008452488130185,False,"{""anogeissus latifolia"": 727.577, ""azadirachta indica"": 561.499, ""buchanania lanzan"": 114.91, ""butea superba"": 1.273, ""diospyros melanoxylon"": 0.716, ""grewia tiliifolia"": 0.716, ""holarrhena antidysenterica"": 1.273, ""lagerstroemia parviflora"": 191.066, ""schleichera oleosa"": 0.318, ""smilax zeylanica"": 0.716, ""terminalia alata"": 240.722}",24.0,3.0,7.996871577344604,37.09533791019397,1814384989.0,3.0,1.1824970135554473,2.667965064427005,37.0,3.0,17.32050023087953,87.28347561259909,23.0,5.0,5.641905919038843,43.683341307254715,1814384989.0,5.0,1.202539331529128,2.6679650650492266,41.0,5.0,17.79613969489342,55.91977546628315,30.0,3.0,8.467872242808511,17.332034752778092,1814384989.0,3.0,0.9219468360274224,17.332034752778092,32.0,3.0,11.938789690990758,21.649223559315438
20.805103_84.650732,20.805103,84.650732,ANGUL,ATHAMALLIK,JOGI BANDHA,,11,2,11.677670366663635,12.575300761109746,4.198,88.0,0.0,2,30.716904016735803,False,"{""anogeissus latifolia"": 9.629, ""buchanania lanzan"": 89.525, ""butea monosperma"": 357.223, ""diospyros melanoxylon"": 0.716, ""holarrhena antidysenterica"": 7.958, ""madhuca indica"": 1263.372, ""pterocarpus marsupium"": 17.587, ""terminalia alata"": 3.263}",24.0,3.0,7.996871577344604,70.19481984198347,-1010473866.0,3.0,1.2125578675198296,19.41273436994227,37.0,3.0,17.32050023087953,101.8887407525151,23.0,5.0,5.641905919038843,69.56596149326269,-1010473866.0,5.0,1.2726847751519346,19.41273436994227,41.0,5.0,17.79613969489342,117.25566553062484,29.0,4.0,5.932515291104309,3.7522925108784815,655013978.0,4.0,2.0342928117009507,3.7522925108784815,28.0,4.0,5.33507645571079,4.836344817605287
20.805368_84.649812,20.805368,84.649812,ANGUL,ATHAMALLIK,JOGI BANDHA,,6,0,0.21713966480446928,,0.5919999999999999,8.0,0.0,0,,True,"{""anogeissus latifolia"": 0.716, ""cassia fistula"": 0.716, ""diospyros melanoxylon"": 0.318, ""holarrhena antidysenterica"": 0.318, ""miliusa tomentosa"": 0.716, ""schleichera oleosa"": 11.459}",24.0,3.0,7.996871577344604,0.8847852213913261,1470053128.0,3.0,2.364989912980598,0.8847852213913261,37.0,3.0,17.32050023087953,48.275407826658785,23.0,5.0,5.641905919038843,0.8847852213913261,1470053128.0,5.0,2.354968750281185,0.8847852213913261,41.0,5.0,17.79613969489342,48.275407826658785,29.0,4.0,5.932515291104309,10.876802922000758,1470053128.0,4.0,0.8016907916758014,0.1185837226199984,28.0,4.0,5.33507645571079,61.00749266671329
20.806103_84.651004,20.806103,84.651004,ANGUL,ATHAMALLIK,JOGI BANDHA,,16,5,10.674902801077728,10.872617749389832,9.2,43.0,0.24955518275634184,5,18.652959330370134,False,"{""anogeissus latifolia"": 108.225, ""bridelia retusa"": 1.273, ""buchanania lanzan"": 0.318, ""cassia fistula"": 15.597, ""cleistanthus collinus"": 136.635, ""climber samnai"": 0.318, ""dalbergia paniculata"": 232.048, ""dioscorea bulbifera"": 0.318, ""holarrhena antidysenterica"": 1.273, ""miliusa tomentosa"": 3.899, ""shorea robusta"": 390.646, ""smilax zeylanica"": 1.273, ""terminalia alata"": 673.544}",24.0,3.0,7.996871577344604,10.296286259031163,1470053128.0,3.0,2.364989912980598,10.296286259031163,37.0,3.0,17.32050023087953,15.131122303578312,23.0,5.0,5.641905919038843,10.296286259031163,1470053128.0,5.0,2.354968750281185,10.296286259031163,41.0,5.0,17.79613969489342,13.51235874767599,29.0,4.0,5.932515291104309,10.296286262916151,655013978.0,4.0,2.0342928117009507,10.296286268246561,28.0,4.0,5.33507645571079,8.10414909285157
20.825695_84.645693,20.825695,84.645693,ANGUL,ATHAMALLIK,ANANDA PUR,,5,1,10.366624233851956,12.0,3.0300000000000002,68.0,0.0,1,19.09859317102744,False,"{""bridelia squamosa/retusa"": 336.215, ""diospyros melanoxylon"": 0.318, ""ixora pavetta"": 0.716, ""stachytarpheta jamaicensis"": 0.318}",11.0,1.0,9.620210799419796,5.1424370554064245,-218961509.0,1.0,2.144503019789538,5.1424370554064245,11.0,1.0,11.92750380288916,49.636269685515856,7.0,1.0,8.217245717096175,9.013531111777157,-218961509.0,1.0,1.5733047360534271,9.013531111777157,18.0,1.0,6.7145035793304775,60.53276243710493,17.0,2.0,9.880770825383474,9.013531111777157,-1980118766.0,2.0,0.4910312017651909,2.597359990514678,17.0,2.0,8.83145343745247,149.43251778211885
20.825723_84.645635,20.825723,84.645635,ANGUL,ATHAMALLIK,ANANDA PUR,,12,3,6.733686916138077,10.32578313253012,6.9,33.0,0.0,3,12.520188856562433,False,"{""buchanania lanzan"": 53.794, ""cassine glauca"": 127.324, ""diospyros melanoxylon"": 0.716, ""holarrhena antidysenterica"": 46.473, ""ixora pavetta"": 9.629, ""madhuca indica"": 215.177, ""terminalia alata"": 200.761}",11.0,1.0,9.620210799419796,10.6523754230468,-218961509.0,1.0,2.144503019789538,10.6523754230468,11.0,1.0,11.92750380288916,46.426312658100514,7.0,1.0,8.217245717096175,15.368437285652899,-218961509.0,1.0,1.5733047360534271,15.368437285652899,18.0,1.0,6.7145035793304775,66.434456649946,17.0,2.0,9.880770825383474,15.368437285652899,-218961509.0,2.0,1.743661723151135,0.5916512597259043,17.0,2.0,8.83145343745247,148.28875242602518
20.825966_84.644815,20.825966,84.644815,ANGUL,ATHAMALLIK,ANANDA PUR,,16,7,11.961087088125916,13.344788841534289,12.84,63.0,0.0,5,11.277264539082868,False,"{""anogeissus latifolia"": 49.736, ""buchanania lanzan"": 71.938, ""cleistanthus collinus"": 0.716, ""diospyros melanoxylon"": 0.318, ""holarrhena antidysenterica"": 26.101, ""ixora pavetta"": 46.553, ""lannea coromandelica"": 49.736, ""smilax zeylanica"": 0.318, ""stachytarpheta jamaicensis"": 0.318, ""terminalia alata"": 674.419}",11.0,1.0,9.620210799419796,25.383367080214835,-218961509.0,1.0,2.144503019789538,25.383367080214835,11.0,1.0,11.92750380288916,29.115228720582103,7.0,1.0,8.217245717096175,8.749852565135793,-218961509.0,1.0,1.5733047360534271,8.749852565135793,18.0,1.0,6.7145035793304775,59.04904593565469,17.0,2.0,9.880770825383474,35.702172887795626,-218961509.0,2.0,1.743661723151135,35.702172887795626,17.0,2.0,8.83145343745247,148.1760190560598
20.826051_84.646594,20.826051,84.646594,ANGUL,ATHAMALLIK,ANANDA PUR,,8,3,13.974001978835068,14.314078784667018,7.433999999999999,88.0,0.0,3,23.130518396022122,False,"{""azadirachta indica"": 1.273, ""cleistanthus collinus"": 169.42, ""diospyros melanoxylon"": 0.318, ""madhuca indica"": 1559.718, ""tectona grandis"": 3.899, ""terminalia alata"": 115.228}",11.0,1.0,9.620210799419796,19.241288692826405,-670979505.0,1.0,3.1766764604450475,4.607482019259098,11.0,1.0,11.92750380288916,14.724235899459561,12.0,5.0,9.5200088032111,5.455415401879097,-670979505.0,5.0,2.926149589415198,5.455415401879097,10.0,5.0,13.251665247265464,5.365090163267872,17.0,2.0,9.880770825383474,29.24128872373004,-192444943.0,2.0,2.1445081014053695,29.24128872373004,17.0,2.0,8.83145343745247,109.31252344691691
20.827024_84.643543,20.827024,84.643543,ANGUL,ATHAMALLIK,ANANDA PUR,,8,2,9.782364998586374,11.549493957381388,7.359999999999999,78.0,0.0,2,32.30845344765475,False,"{""cassia fistula"": 325.949, ""cleistanthus collinus"": 1.273, ""diospyros melanoxylon"": 49.736, ""holarrhena antidysenterica"": 0.716, ""madhuca indica"": 1537.516, ""phoenix acaulis"": 49.736, ""terminalia alata"": 286.797}",7.0,5.0,9.419753932791297,2.149164979640758,-543621168.0,5.0,1.4931342056110086,2.149164979640758,15.0,5.0,5.157095855666288,65.1478534341368,7.0,1.0,8.217245717096175,17.85083533264383,-543621168.0,1.0,1.5833237681765076,2.149164979640758,18.0,1.0,6.7145035793304775,14.114773259411129,5.0,2.0,9.85065674484935,7.850834761881649,-217077064.0,2.0,0.5210934260022729,7.850834761881649,17.0,2.0,8.83145343745247,65.1478534341368
20.827087_84.646448,20.827087,84.646448,ANGUL,ATHAMALLIK,ANANDA PUR,,3,0,1.07,,1.0699999999999998,98.0,0.0,0,,True,"{""ixora pavetta"": 0.318, ""tectona grandis"": 0.318, ""terminalia alata"": 0.318}",11.0,1.0,9.620210799419796,57.7114015159897,-670979505.0,1.0,3.1766764604450475,39.822451207822745,11.0,1.0,11.92750380288916,95.39894890549998,12.0,5.0,9.5200088032111,39.822451207822745,-670979505.0,5.0,2.926149589415198,39.822451207822745,10.0,5.0,13.251665247265464,74.35168943190483,17.0,2.0,9.880770825383474,11.169119118006092,-192444943.0,2.0,2.1445081014053695,11.169119118006092,17.0,2.0,8.83145343745247,12.807332512104068
20.827346_84.642134,20.827346,84.642134,ANGUL,ATHAMALLIK,ANANDA PUR,,10,5,13.446413233749567,13.49016393442623,12.6,48.0,0.0,5,18.08000153523931,False,"{""anogeissus latifolia"": 240.722, ""buchanania lanzan"": 240.722, ""cleistanthus collinus"": 0.318, ""diospyros melanoxylon"": 0.716, ""holarrhena antidysenterica"": 97.801, ""ixora pavetta"": 1.989, ""lannea coromandelica"": 484.149, ""stachytarpheta jamaicensis"": 1.273, ""terminalia alata"": 296.108}",7.0,5.0,9.419753932791297,23.41814011703901,-477602563.0,5.0,0.941974596035333,23.41814011703901,15.0,5.0,5.157095855666288,150.2178192897836,7.0,1.0,8.217245717096175,36.34516116730067,-477602563.0,1.0,0.9519956000735474,23.41814011703901,18.0,1.0,6.7145035793304775,40.24883797547897,4.0,1.0,1.2526264674786356,23.69680443168124,-477602563.0,1.0,0.6814285128028238,23.69680443168124,14.0,1.0,1.2589633716821962,21.60493561790687
20.828018_84.64283,20.828018,84.64283,ANGUL,ATHAMALLIK,ANANDA PUR,,10,5,18.64528892826874,19.84977170828021,12.440000000000001,58.0,0.32606518221742814,5,18.398311421423102,False,"{""albizia saman"": 1016.125, ""cleistanthus collinus"": 129.313, ""diospyros melanoxylon"": 0.716, ""holarrhena antidysenterica"": 22.998, ""lagerstroemia parviflora"": 22.998, ""shorea robusta"": 673.544, ""syzygium cumini"": 0.716, ""terminalia alata"": 199.262}",7.0,5.0,9.419753932791297,29.365826142869842,28085575.0,5.0,0.7215130896089826,19.484141741286635,15.0,5.0,5.157095855666288,120.07469182614766,7.0,1.0,8.217245717096175,23.294319803253188,28085575.0,1.0,0.7615972004914549,19.484141741286635,18.0,1.0,6.7145035793304775,54.95709623303514,4.0,1.0,1.2526264674786356,20.56450570072295,28085575.0,1.0,0.5711979554640069,10.586884348788084,14.0,1.0,1.2589633716821962,25.007002321605896
20.828198_84.64423,20.828198,84.64423,ANGUL,ATHAMALLIK,ANANDA PUR,,10,4,11.355777023929589,11.432040627885504,5.34,88.0,0.0,4,13.846480048994895,False,"{""azadirachta indica"": 1.989, ""cleistanthus collinus"": 2.865, ""diospyros melanoxylon"": 0.318, ""holarrhena antidysenterica"": 20.69, ""lannea coromandelica"": 574.947, ""syzygium cumini"": 240.722, ""terminalia alata"": 26.42}",7.0,5.0,9.419753932791297,7.619214573713918,-1281773780.0,5.0,1.272670178572222,7.619214573713918,,,,,7.0,1.0,8.217245717096175,3.40851081756065,-1281773780.0,1.0,1.1423969104464244,3.40851081756065,,,,,10.0,2.0,2.735741361799416,3.185714317872086,402017495.0,2.0,0.9720406474474946,3.185714317872086,,,,
20.926499_85.652478,20.926499,85.652478,DHENKANAL,KAMAKHYANAGAR,TULASIPASI,,13,4,42.53505008281411,43.77544059124502,33.839999999999996,23.0,0.6092751794305546,2,17.10915638237875,False,"{""diospyros melanoxylon"": 13.449, ""holarrhena antidysenterica"": 5.73, ""madhuca indica"": 369.956, ""shorea robusta"": 614.736, ""syzygium cumini"": 5.093}",110.0,3.0,1.0532456241489792,1.7267681276150137,862489125.0,3.0,1.0532456241500476,1.7267681276150137,75.0,4.0,7.0082754259408375,2.7717000600485413,102.0,3.0,1.785501450919989,17.573081285481756,862489125.0,3.0,1.785501450919989,17.573081285481756,70.0,3.0,27.958179537834635,42.548617302033406,116.0,0.0,1.4143580841282684,28.07061158344208,862489125.0,0.0,1.4143580841282009,28.07061158344208,106.0,0.0,4.948678830657262,32.604382619921836
20.926894_85.66691,20.926894,85.66691,DHENKANAL,KAMAKHYANAGAR,TULASIPASI,,6,4,9.302095238095239,9.315246465418419,7.6,8.0,0.0,3,7.241549910681238,False,"{""cassia fistula"": 167.511, ""madhuca indica"": 20.372, ""miliusa tomentosa"": 0.637, ""phoenix acaulis"": 20.372}",159.0,3.0,5.687586877982477,21.193272541593224,1001595008.0,3.0,2.347257826604129,21.193272541593224,,,,,148.0,3.0,2.8086836626584923,18.398265990709042,130666452.0,3.0,1.1234728515333734,18.398265990709042,,,,,158.0,1.0,5.095756470626893,18.398265990709042,130666452.0,1.0,0.9629766238584354,12.908024451029917,,,,
20.927937_85.652632,20.927937,85.652632,DHENKANAL,KAMAKHYANAGAR,TULASIPASI,,15,6,4.259697956766362,8.166666666666666,8.4,23.0,0.6416938110749187,2,5.092958178940651,False,"{""casearia elliptica"": 25.783, ""diospyros melanoxylon"": 1.989, ""gardenia gummifera"": 1.989, ""madhuca indica"": 66.527, ""shorea robusta"": 172.444}",112.0,3.0,10.000821249083309,34.17858551587838,-2021360861.0,3.0,2.8186851954302847,34.17858551587838,71.0,3.0,17.781334070932786,53.60851980322805,107.0,3.0,7.683678953267717,10.771261436996513,-2021360861.0,3.0,1.6450685786884802,10.771261436996513,70.0,3.0,27.958179537834635,45.04921347760904,119.0,1.0,2.1566455306646954,20.245861875387014,-2021360861.0,1.0,0.952935961943906,20.245861875387014,93.0,1.0,23.07473506357719,18.524532288058044
20.931564_85.663294,20.931564,85.663294,DHENKANAL,KAMAKHYANAGAR,TULASIPASI,,8,5,12.089761939535562,12.204181013280866,10.6,23.0,0.9429433815296236,2,17.952677580765794,False,"{""buchanania lanzan"": 76.474, ""casearia elliptica"": 0.716, ""diospyros melanoxylon"": 6.446, ""shorea robusta"": 1541.336, ""syzygium cumini"": 9.629}",147.0,4.0,5.085704653093082,5.865853905690869,-360193923.0,4.0,0.7121995237974419,5.865853905690869,68.0,4.0,128.37247940543645,87.74145911824738,137.0,4.0,9.94069594342999,61.23167328137849,-360193923.0,4.0,0.561734778875363,8.648041076630598,63.0,4.0,96.17459264866454,58.3051490523696,149.0,2.0,9.4190860056682,25.05192956902953,-360193923.0,2.0,1.6350493325159459,25.05192956902953,88.0,2.0,100.73200887538138,87.74145911824738
20.931593_85.663369,20.931593,85.663369,DHENKANAL,KAMAKHYANAGAR,TULASIPASI,,15,10,14.844234659474036,14.92927575654539,19.6,33.0,0.1362103843560351,7,5.443099053742821,False,"{""buchanania lanzan"": 22.998, ""cassia fistula"": 20.372, ""diospyros melanoxylon"": 0.716, ""emblica officinal"": 20.372, ""jasminum scandens"": 0.318, ""madhuca indica"": 0.318, ""other"": 20.372, ""pogostemon benghalense"": 0.318, ""shorea robusta"": 32.149, ""spondias pinnata"": 97.721, ""termanalia chebula"": 20.372}",147.0,4.0,5.085704653093082,9.39388368448222,-360193923.0,4.0,0.7121995237974419,9.39388368448222,68.0,4.0,128.37247940543645,93.53694781054344,137.0,4.0,9.94069594342999,52.824235968048995,-360193923.0,4.0,0.561734778875363,13.448514959409088,63.0,4.0,96.17459264866454,63.84904365076413,149.0,2.0,9.4190860056682,32.87848835633895,-360193923.0,2.0,1.6350493325159459,32.87848835633895,88.0,2.0,100.73200887538138,93.53694781054344
20.934691_85.665477,20.934691,85.665477,DHENKANAL,KAMAKHYANAGAR,TULASIPASI,,19,9,9.927050427050427,11.56941566514712,14.0,18.0,0.796887796887797,3,8.735837987488477,False,"{""azadirachta indica"": 2.865, ""buchanania lanzan"": 31.831, ""diospyros melanoxylon"": 3.263, ""holarrhena antidysenterica"": 19.894, ""jasminum scandens"": 5.093, ""madhuca indica"": 70.108, ""shorea robusta"": 542.002, ""syzygium cumini"": 5.093}",156.0,4.0,7.84423619809956,41.19148727330279,88276650.0,4.0,0.9830369153778574,27.288145168831107,68.0,4.0,128.37247940543645,206.78086348232455,152.0,4.0,8.576512080036155,27.231335026956234,88276650.0,4.0,1.4444624769545868,27.231335026956234,63.0,4.0,96.17459264866454,46.41668905439307,155.0,2.0,9.328824213799711,41.19148727330279,1130605898.0,2.0,1.3541839251562795,4.95903075328482,88.0,2.0,100.73200887538138,53.782097073768085
20.935038_85.668127,20.935038,85.668127,DHENKANAL,KAMAKHYANAGAR,TULASIPASI,,16,8,5.730907282886638,6.652797783933518,7.2,8.0,0.1432427313192537,5,14.960564650638162,False,"{""buchanania lanzan"": 323.721, ""diospyros melanoxylon"": 1.989, ""madhuca indica"": 483.592, ""other"": 0.318, ""shorea robusta"": 240.722, ""syzygium cumini"": 133.77, ""tectona grandis"": 496.404}",165.0,4.0,2.678279951230683,12.73826065586418,1025681205.0,4.0,1.5247137523103966,12.73826065586418,68.0,4.0,128.37247940543645,234.57006709360348,155.0,4.0,3.4406378995268563,12.73826065586418,1025681205.0,4.0,1.8757993339403711,9.134965160913934,63.0,4.0,96.17459264866454,176.2449246654946,165.0,1.0,4.844980990176794,0.8650353518830557,-611159125.0,1.0,0.7723875528230139,0.8650353518830557,84.0,1.0,4.87383275687104,2.125243585202852
20.967839_85.697164,20.967839,85.697164,DHENKANAL,KANKADAHAD,KANKANA,,17,8,8.05804017625866,8.083795404002966,13.62,28.0,0.6825394011381566,2,14.920775914865189,False,"{""casearia elliptica"": 0.669, ""diospyros melanoxylon"": 1.273, ""holarrhena antidysenterica"": 1.02, ""lagerstroemia parviflora"": 2.308, ""madhuca indica"": 507.727, ""shorea robusta"": 1102.944}",218.0,4.0,9.900762097436905,19.397801432220962,-931135704.0,4.0,2.3372618634522535,10.602198092815932,52.0,4.0,27.763992607586587,19.053427115096003,208.0,3.0,9.800450767015652,9.397802086453524,-1396881994.0,3.0,2.1667319427265217,9.397802086453524,48.0,3.0,28.52796975388941,96.6094708525782,212.0,0.0,2.9892890132219403,0.6021978059440366,207990852.0,0.0,1.08336648737563,0.6021978059440366,69.0,0.0,22.341697296143714,96.6094708525782
20.968462_85.697621,20.968462,85.697621,DHENKANAL,KANKADAHAD,KANKANA,,16,8,2.699959726137737,2.782986847687739,3.02,2.5,0.0,3,5.451056800897415,False,"{""buchanania lanzan"": 20.372, ""combretum roxburghii"": 0.716, ""diospyros melanoxylon"": 49.02, ""gardenia gummifera"": 5.093, ""holarrhena antidysenterica"": 0.318, ""madhuca indica"": 122.072}",218.0,4.0,9.900762097436905,21.774007712663746,-831469223.0,4.0,0.31096606544941385,2.7431854236386974,,,,,208.0,3.0,9.800450767015652,18.264037275495344,-831469223.0,3.0,0.3209972267025455,2.7431854236386974,,,,,207.0,0.0,9.880690612495277,57.97338040088434,-831469223.0,0.0,0.320997218407252,2.7431854236386974,,,,
20.96877_85.697427,20.96877,85.697427,DHENKANAL,KANKADAHAD,KANKANA,,20,14,9.760009268004517,10.37489462794084,10.0,2.5,0.792562956988677,2,16.9841060699494,False,"{""combretum roxburghii"": 389.93, ""diospyros melanoxylon"": 5.59, ""gardenia gummifera"": 0.716, ""madhuca indica"": 770.39, ""shorea robusta"": 4457.373}",215.0,4.0,8.9979469112104,2.2311694180773345,2039928016.0,4.0,1.8958896809763028,2.2311694180773345,52.0,4.0,27.763992607586587,118.38919587380335,205.0,3.0,9.06816989067384,2.8304558811548466,2039928016.0,3.0,1.7755156357750554,2.8304558811548466,48.0,3.0,28.52796975388941,160.97495782647533,207.0,0.0,9.880690612495277,92.23117013303552,2039928016.0,0.0,1.2940200226091843,7.768829823436874,69.0,0.0,22.341697296143714,124.91185389899218
20.969023_85.695805,20.969023,85.695805,DHENKANAL,KANKADAHAD,KANKANA,,16,8,5.929800611846925,5.977969949194682,6.26,53.0,0.0,2,26.14119940284381,False,"{""diospyros melanoxylon"": 19.178, ""eucalyptus spp"": 1802.509, ""madhuca indica"": 3362.148, ""phoneix spp"": 15.597, ""syzygium cumini"": 0.669}",211.0,4.0,9.178496615954499,21.609794987512117,87039796.0,4.0,1.0933951537707896,0.15374175831989487,,,,,201.0,3.0,6.730898197220635,21.609794987512117,87039796.0,3.0,1.4143919404163368,38.39051290598714,,,,,204.0,1.0,7.804230805903883,21.609794975833445,87039796.0,1.0,1.5849214604252333,44.16472065940803,,,,
20.970158_85.69672,20.970158,85.69672,DHENKANAL,KANKADAHAD,KANKANA,,11,8,7.018225126199166,7.019014315375369,7.0,23.0,0.0,4,28.170424927265476,False,"{""cassia fistula"": 103.132, ""chloroxylon swietenia"": 241.04, ""combretum roxburghii"": 0.318, ""diospyros melanoxylon"": 0.318, ""madhuca indica"": 4359.97, ""terminalia alata"": 2578.31}",215.0,4.0,8.9979469112104,44.68714146751521,-525040283.0,4.0,1.0131466812853838,33.60722599770383,52.0,4.0,27.763992607586587,191.1616493336388,204.0,3.0,7.503302629951923,35.73080236437469,-525040283.0,3.0,0.6620561713105323,13.997913763596165,48.0,3.0,28.52796975388941,236.7105345688496,207.0,0.0,9.880690612495277,44.68714146751521,-525040283.0,0.0,0.8927728091804557,29.94548315676058,69.0,0.0,22.341697296143714,42.24793386191214
20.970671_85.695629,20.970671,85.695629,DHENKANAL,KANKADAHAD,KANKANA,,11,6,4.093387002886751,4.104862495017936,4.4,28.0,0.0,4,8.806573517751543,False,"{""azadirachta indica"": 25.783, ""cassia florid"": 127.324, ""combretum roxburghii"": 1.214, ""diospyros melanoxylon"": 30.113, ""madhuca indica"": 217.485}",211.0,4.0,9.178496615954499,37.332542275817886,5377806.0,4.0,2.0162607910726082,15.81767537051391,52.0,4.0,27.763992607586587,203.9087500736675,201.0,3.0,6.730898197220635,15.817675937177938,5377806.0,3.0,1.925980276030859,15.817675937177938,48.0,3.0,28.52796975388941,203.9087500736675,204.0,1.0,7.804230805903883,53.03397804069703,5377806.0,1.0,1.875824699877909,15.817675600935463,66.0,1.0,5.906771396075769,52.689809187810425
20.971334_85.696502,20.971334,85.696502,DHENKANAL,KANKADAHAD,KANKANA,,15,6,4.335539262362724,6.024001912502988,5.8,28.0,0.0,3,17.98450856938417,False,"{""casearia elliptica"": 161.861, ""combretum roxburghii"": 368.046, ""diospyros melanoxylon"": 338.204, ""holarrhena antidysenterica"": 1.273, ""madhuca indica"": 989.944, ""nux vomica"": 580.916, ""terminalia arjuna"": 66.925}",215.0,4.0,8.9979469112104,19.509995302447518,-1947811180.0,4.0,1.4244238507453912,19.509995302447518,52.0,4.0,27.763992607586587,178.14524647332496,204.0,3.0,7.503302629951923,14.74104755816866,-1947811180.0,3.0,1.1435514637908055,14.74104755816866,48.0,3.0,28.52796975388941,251.36354023729848,207.0,0.0,9.880690612495277,35.603190336366104,-1947811180.0,0.0,1.0933957515367672,27.931573703448763,69.0,0.0,22.341697296143714,50.93390214158888
20.972437_85.695593,20.972437,85.695593,DHENKANAL,KANKADAHAD,KANKANA,,10,4,7.582366589327148,8.400000000000002,5.7,18.0,0.0,3,15.517606951459795,False,"{""buchanania lanzan"": 31.831, ""diospyros melanoxylon"": 69.471, ""gardenia gummifera"": 11.459, ""holarrhena antidysenterica"": 17.905, ""madhuca indica"": 823.627, ""syzygium cumini"": 11.459, ""terminalia bellirica"": 97.482}",211.0,4.0,9.178496615954499,35.494984927161866,-1305906169.0,4.0,1.394329389688282,10.339704758904759,52.0,4.0,27.763992607586587,154.70095822464864,201.0,3.0,6.730898197220635,10.339704758904759,-1305906169.0,3.0,1.6350767740605383,10.339704758904759,48.0,3.0,28.52796975388941,154.70095822464864,204.0,1.0,7.804230805903883,30.8842019213124,-1305906169.0,1.0,0.9730210270814168,22.254483838903084,66.0,1.0,5.906771396075769,46.90882226431843
21.018825_85.612578,21.018825,85.612578,DHENKANAL,KANKADAHAD,BALIKUMA,Balikurma,36,25,15.20670179388992,15.236155816993465,17.3,73.0,0.20951093198941995,11,15.979156286426292,False,"{""anacardium occidentale"": 267.699, ""buchanania lanzan"": 245.656, ""careya arborea"": 6.303, ""casearia elliptica"": 5.266, ""diospyros melanoxylon"": 2037.183, ""erythrina suberosa"": 0.497, ""holarrhena antidysenterica"": 1.989, ""lagerstroemia parviflora"": 149.765, ""lannea coromandelica"": 975.381, ""madhuca indica"": 45.837, ""pterocarpus marsupium"": 286.479, ""schleichera oleosa"": 76.474, ""shorea robusta"": 1598.134, ""terminalia alata"": 413.803, ""xylia xylocarpa"": 1517.463}",86.0,4.0,9.990372654245034,27.64706776921127,-1444053871.0,4.0,2.989084851290378,5.191573918008833,47.0,4.0,132.57945312240383,213.58626534251428,79.0,4.0,9.137777187650622,20.100282935927968,1605618064.0,4.0,1.0231079058866381,5.571789287897745,42.0,4.0,117.82652713374715,57.28404303719562,94.0,5.0,7.904027027505329,20.100282935927968,-1082844675.0,5.0,1.2237175146311159,7.290131182384959,58.0,5.0,111.99617023509427,86.19041071092863
21.018991_85.615656,21.018991,85.615656,DHENKANAL,KANKADAHAD,BALIKUMA,Balikurma,51,40,17.215504436487706,17.252651546636585,24.0,48.0,0.1607829157939128,13,17.984508569384175,False,"{""anacardium semecarpus"": 249.555, ""anogeissus latifolia"": 2006.944, ""bridelia squamosa/retusa"": 1099.124, ""buchanania lanzan"": 58.012, ""careya arborea"": 297.083, ""casearia elliptica"": 33.442, ""cleistanthus collinus"": 13.242, ""diospyros melanoxylon"": 899.688, ""lannea coromandelica"": 1283.505, ""madhuca indica"": 58.012, ""nux vomica"": 1353.533, ""pterocarpus marsupium"": 1865.376, ""shorea robusta"": 2161.089, ""terminalia alata"": 2061.454, ""terminalia bellirica"": 0.975}",86.0,4.0,9.990372654245034,55.564965816716885,687705089.0,4.0,0.8927142457949924,17.043726521450736,47.0,4.0,132.57945312240383,443.6040959486844,81.0,4.0,7.141713686051559,2.8897539671410772,-1929934777.0,4.0,2.1766187324825443,2.8897539671410772,42.0,4.0,117.82652713374715,212.190143828838,95.0,5.0,7.863909620764395,60.02545761265232,-1929934777.0,5.0,1.023111225931558,15.75702038543991,58.0,5.0,111.99617023509427,202.2489554250801
21.019655_85.619941,21.019655,85.619941,DHENKANAL,KANKADAHAD,BALIKUMA,Balikurma,41,28,15.29434327063709,15.43099250848318,19.0,83.0,0.4644180038738509,9,16.81358291663666,False,"{""buchanania lanzan"": 111.249, ""combretum roxburghii"": 2.407, ""diospyros melanoxylon"": 26.101, ""erythrina suberosa"": 18.402, ""lannea coromandelica"": 206.981, ""madhuca indica"": 412.53, ""nux vomica"": 485.582, ""pterocarpus marsupium"": 347.674, ""shorea robusta"": 3973.482, ""terminalia alata"": 1138.356, ""terminalia bellirica"": 18.621, ""xylia xylocarpa"": 1814.446}",91.0,4.0,9.890089737327697,12.538093861361494,-1931509566.0,4.0,2.0863491143871515,12.538093861361494,47.0,4.0,132.57945312240383,880.4904886131021,85.0,4.0,9.488870437669469,17.461906377492163,-1068512053.0,4.0,2.8486705310406233,17.461906377492163,42.0,4.0,117.82652713374715,242.67158501190067,104.0,5.0,6.1587463612182685,7.4619061201582175,-1068512053.0,5.0,1.464457138217938,7.4619061201582175,58.0,5.0,111.99617023509427,64.34376037401613
21.019794_85.61085,21.019794,85.61085,DHENKANAL,KANKADAHAD,BALIKUMA,Balikurma,30,11,14.378499350558322,14.825926709162863,16.5,73.0,0.5330773181694178,7,15.423560848723675,False,"{""bridelia squamosa/retusa"": 11.459, ""buchanania lanzan"": 21.516, ""casearia elliptica"": 1.035, ""combretum roxburghii"": 3.939, ""diospyros melanoxylon"": 36.964, ""lagerstroemia parviflora"": 305.737, ""lannea coromandelica"": 249.555, ""madhuca indica"": 22.998, ""pterocarpus marsupium"": 585.77, ""shorea robusta"": 1458.575, ""termanalia chebula"": 15.597, ""terminalia alata"": 22.998}",78.0,4.0,8.51586409230928,16.901147722074967,1622904122.0,4.0,0.9729544721303331,14.517348565102521,47.0,4.0,132.57945312240383,311.07859618609507,72.0,4.0,8.385460725695284,5.752781200285586,1622904122.0,4.0,1.986031223054965,5.752781200285586,42.0,4.0,117.82652713374715,102.81942017013381,92.0,5.0,8.736543956355591,15.02864021028991,-201229794.0,5.0,1.3942350316586953,15.02864021028991,58.0,5.0,111.99617023509427,112.13862150170687
21.019849_85.61665,21.019849,85.61665,DHENKANAL,KANKADAHAD,BALIKUMA,Balikurma,55,41,16.414673371920223,16.47737176345117,21.5,78.0,0.18952273128238378,14,18.687119415716687,False,"{""anacardium occidentale"": 688.266, ""anogeissus latifolia"": 1971.074, ""antidesma acidum"": 46.155, ""bombax ceiba"": 305.896, ""bridelia squamosa/retusa"": 1246.581, ""buchanania lanzan"": 114.91, ""careya arborea"": 836.598, ""casearia elliptica"": 44.961, ""combretum roxburghii"": 6.829, ""diospyros melanoxylon"": 0.716, ""erythrina suberosa"": 405.527, ""lagerstroemia parviflora"": 163.373, ""lannea coromandelica"": 658.981, ""other"": 0.318, ""pterocarpus marsupium"": 3467.986, ""shorea robusta"": 2813.322, ""terminalia alata"": 2018.96, ""terminalia bellirica"": 53.794}",86.0,4.0,9.990372654245034,76.97268639547914,1889581074.0,4.0,3.0091504737438,31.352390912328765,47.0,4.0,132.57945312240383,581.3967830377628,81.0,4.0,7.141713686051559,67.52867475768961,-1929934777.0,4.0,2.1766187324825443,17.27968951132033,42.0,4.0,117.82652713374715,321.5652987351944,95.0,5.0,7.863909620764395,76.9726865560048,1889581074.0,5.0,1.9860391466775789,7.102627522018099,58.0,5.0,111.99617023509427,315.05160931724464
21.021416_85.610006,21.021416,85.610006,DHENKANAL,KANKADAHAD,BALIKUMA,Balikurma,21,8,13.280222455055304,13.324270601806264,15.62,58.0,0.0,5,29.76197435818443,False,"{""anacardium occidentale"": 588.555, ""anacardium semecarpus"": 6.446, ""buchanania lanzan"": 1.989, ""cassia fistula"": 588.555, ""combretum roxburghii"": 5.718, ""diospyros melanoxylon"": 2086.561, ""gmelina arborea"": 6.446, ""termanalia chebula"": 733.704, ""terminalia bellirica"": 1662.393}",79.0,4.0,9.368451183275607,9.594482331781126,1287939224.0,4.0,0.581766365609502,9.594482333568696,47.0,4.0,132.57945312240383,508.4830085218005,72.0,4.0,8.385460725695284,66.6253277380314,328450992.0,4.0,1.604871948245562,0.4055176617848679,42.0,4.0,117.82652713374715,66.92774522930956,88.0,5.0,5.296081794936149,3.5685449095562998,428141680.0,5.0,1.2538069453990381,3.5685449095562998,58.0,5.0,111.99617023509427,150.6098380592524
21.02179_85.618937,21.02179,85.618937,DHENKANAL,KANKADAHAD,BALIKUMA,Balikurma,18,7,13.593771435989966,13.83617014587525,11.78,63.0,0.8813711790419819,3,19.280484534561033,False,"{""anacardium occidentale"": 15.597, ""arbor tristis"": 121.037, ""combretum roxburghii"": 2.586, ""diospyros melanoxylon"": 152.507, ""schefflera venulosa"": 0.497, ""shorea robusta"": 2285.246, ""terminalia bellirica"": 15.359}",91.0,4.0,9.890089737327697,11.788775725847097,837886127.0,4.0,3.6210148262694033,1.788775522634212,47.0,4.0,132.57945312240383,899.2498637622917,86.0,4.0,7.362395323676934,21.788775844781032,-579100389.0,4.0,2.708239526468612,21.788775844781032,42.0,4.0,117.82652713374715,21.97104817406748,98.0,5.0,8.124702794400578,9.94064537747504,-579100389.0,5.0,0.9328378638987559,9.94064537747504,58.0,5.0,111.99617023509427,103.29930916110425
21.021861_85.613366,21.021861,85.613366,DHENKANAL,KANKADAHAD,BALIKUMA,Balikurma,33,13,16.491767795073297,17.11456893487619,19.4,43.0,0.4574958440380838,5,17.727412122851113,False,"{""anacardium occidentale"": 267.699, ""anacardium semecarpus"": 15.597, ""buchanania lanzan"": 197.75, ""casearia elliptica"": 11.618, ""cassia fistula"": 17.905, ""combretum roxburghii"": 17.905, ""diospyros melanoxylon"": 1007.132, ""holarrhena antidysenterica"": 1.273, ""lagerstroemia parviflora"": 11.459, ""lannea coromandelica"": 658.981, ""shorea robusta"": 1927.207, ""termanalia chebula"": 31.194, ""terminalia alata"": 15.597, ""terminalia bellirica"": 31.194}",82.0,4.0,6.138651725611049,19.249850438902953,-523459345.0,4.0,0.7623163737634706,19.249850438902953,47.0,4.0,132.57945312240383,557.7277535168299,82.0,4.0,9.91012862048899,7.3825452865778916,1805639014.0,4.0,7.262076536854506,7.3825452865778916,42.0,4.0,117.82652713374715,403.0937226814567,92.0,5.0,8.736543956355591,36.99774238599021,-523459345.0,5.0,1.3139926204943317,36.99774238599021,58.0,5.0,111.99617023509427,407.2910762700469
21.022286_85.61525,21.022286,85.61525,DHENKANAL,KANKADAHAD,BALIKUMA,Balikurma,26,9,15.42478356110267,15.757771499972835,18.119999999999997,48.0,0.02721952307053167,8,19.3815352920797,False,"{""anacardium occidentale"": 738.321, ""anogeissus latifolia"": 103.132, ""casearia elliptica"": 13.767, ""cassia fistula"": 249.555, ""combretum roxburghii"": 6.446, ""diospyros melanoxylon"": 490.913, ""holarrhena antidysenterica"": 0.318, ""ixora sp"": 5.093, ""lagerstroemia parviflora"": 15.597, ""lannea coromandelica"": 6.446, ""shorea robusta"": 81.806, ""syzygium cumini"": 6.446, ""termanalia chebula"": 338.204, ""terminalia alata"": 367.966, ""terminalia bellirica"": 581.393}",89.0,4.0,2.2769234414279436,1.9972038953650073,-1317999601.0,4.0,0.39118918261669944,1.9972038953650073,47.0,4.0,132.57945312240383,679.1593025339315,82.0,4.0,9.91012862048899,42.240382167983284,1805639014.0,4.0,7.262076536854506,23.132347936931584,42.0,4.0,117.82652713374715,398.9488672189274,97.0,5.0,9.549029393974203,18.002795886727906,1721036564.0,5.0,1.5045732573632054,18.002795886727906,58.0,5.0,111.99617023509427,428.5366796908892
21.023003_85.611504,21.023003,85.611504,DHENKANAL,KANKADAHAD,BALIKUMA,Balikurma,20,8,14.373930771645071,14.498657718120807,17.0,48.0,0.11960722772721162,6,25.544368366249202,False,"{""anacardium occidentale"": 733.386, ""anacardium semecarpus"": 595.001, ""bridelia squamosa/retusa"": 5.749, ""buchanania lanzan"": 21.088, ""combretum roxburghii"": 5.093, ""diospyros melanoxylon"": 419.632, ""shorea robusta"": 530.702, ""terminalia alata"": 336.215, ""terminalia bellirica"": 1790.175}",79.0,4.0,9.368451183275607,13.202150998887458,830587719.0,4.0,1.5848123908378666,3.18062357830337,47.0,4.0,132.57945312240383,656.4048026119825,76.0,4.0,10.020437601565556,3.1806235964314755,830587719.0,4.0,0.8425585143811788,3.1806235964314755,42.0,4.0,117.82652713374715,214.0785561136889,89.0,5.0,8.224978026953078,63.180623446987326,830587719.0,5.0,0.792406325978638,0.7536319077281995,58.0,5.0,111.99617023509427,176.7475059837325
21.023941_85.616045,21.023941,85.616045,DHENKANAL,KANKADAHAD,BALIKUMA,Balikurma,29,10,15.43706660981443,15.884228998849252,17.0,53.0,0.18683376281492742,7,20.81746655641991,False,"{""anacardium occidentale"": 6.446, ""anogeissus latifolia"": 216.451, ""bridelia squamosa/retusa"": 5.173, ""buchanania lanzan"": 843.601, ""combretum roxburghii"": 33.98, ""diospyros melanoxylon"": 484.866, ""holarrhena antidysenterica"": 22.52, ""lagerstroemia parviflora"": 15.597, ""madhuca indica"": 1145.756, ""shorea robusta"": 801.982, ""termanalia chebula"": 35.094, ""terminalia alata"": 15.597, ""terminalia bellirica"": 665.427}",88.0,4.0,8.836863482771468,20.49030847672495,-818976028.0,4.0,2.808538974315136,0.3090038178222323,47.0,4.0,132.57945312240383,879.3097214664431,83.0,4.0,7.412533127021502,30.490308029716054,1674818561.0,4.0,0.702134628301667,0.49030863496409793,42.0,4.0,117.82652713374715,293.9520930947583,96.0,5.0,6.9410989044085,28.16174165860622,1674818561.0,5.0,0.8124701082876548,28.16174165860622,58.0,5.0,111.99617023509427,274.4048236451072
21.040585_85.690666,21.040585,85.690666,DHENKANAL,KANKADAHAD,NUA SAHI,Kampulei,16,5,19.89096746109479,20.630161783007125,18.0,28.0,0.38056371748830126,4,12.923381379061903,False,"{""buchanania lanzan"": 50.452, ""diospyros melanoxylon"": 0.637, ""holarrhena antidysenterica"": 6.127, ""madhuca indica"": 0.716, ""shorea robusta"": 278.282, ""terminalia alata"": 267.699, ""terminalia bellirica"": 127.324}",190.0,4.0,10.030997886855031,2.552358081405315,1215419113.0,4.0,2.517784086561522,2.514021309430764,42.0,4.0,135.52926375536214,505.8537253533178,181.0,0.0,9.338869814995995,2.514021309430764,-1491535524.0,0.0,1.7453946113073875,2.514021309430764,30.0,0.0,85.96915166306998,100.03888421579192,178.0,5.0,8.14516444505293,12.14165765951925,-1308347743.0,5.0,1.4444645597530943,12.14165765951925,43.0,5.0,161.2573699565265,390.744346064886
21.041399_85.688028,21.041399,85.688028,DHENKANAL,KANKADAHAD,NUA SAHI,Kampulei,17,6,15.862085668811845,16.01619282750897,14.7,38.0,0.0012581702430155828,5,23.289673339114017,False,"{""anacardium occidentale"": 53.794, ""arbor tristis"": 6.446, ""casearia elliptica"": 11.22, ""combretum roxburghii"": 11.957, ""diospyros melanoxylon"": 45.837, ""holarrhena antidysenterica"": 1.989, ""shorea robusta"": 3.979, ""syzygium cumini"": 1577.623, ""termanalia chebula"": 861.028, ""terminalia bellirica"": 588.555}",190.0,4.0,10.030997886855031,17.03800414233599,-894418919.0,4.0,4.493882517831735,17.03800414233599,42.0,4.0,135.52926375536214,238.23544824833857,174.0,5.0,9.589624531651225,90.43071167634258,-895958586.0,5.0,2.818707990324138,25.10789008758123,28.0,5.0,84.83280307595571,127.10942878270255,176.0,5.0,6.209178447530107,72.96199602280139,-894418919.0,5.0,1.5046482888861734,40.15642051724984,43.0,5.0,161.2573699565265,109.8283983560073
21.043315_85.689977,21.043315,85.689977,DHENKANAL,KANKADAHAD,NUA SAHI,Kampulei,13,5,28.15037894318758,28.250037896013335,28.0,38.0,0.3973606495608003,4,15.024226627874919,False,"{""anogeissus latifolia"": 1.273, ""buchanania lanzan"": 103.132, ""chakunda"": 0.318, ""diospyros melanoxylon"": 0.637, ""holarrhena antidysenterica"": 0.318, ""madhuca indica"": 81.806, ""pterocarpus marsupium"": 447.623, ""shorea robusta"": 418.769}",192.0,4.0,6.31952914053464,29.758517292932638,-301352147.0,4.0,3.7315328362674824,1.3204623525520733,42.0,4.0,135.52926375536214,510.6973633319319,182.0,0.0,8.195329926614068,19.773346291227714,934456368.0,0.0,2.307130657333043,0.27079266408763886,30.0,0.0,85.96915166306998,19.27006290221507,187.0,5.0,8.436071420337067,31.81161185486768,-301352147.0,5.0,1.073317068221711,11.320462938291353,43.0,5.0,161.2573699565265,376.3635791365488
21.043929_85.684979,21.043929,85.684979,DHENKANAL,KANKADAHAD,HADI SAHI,Kampulei,11,4,36.505743966523944,36.5699835476205,27.6,28.0,0.6304130984818997,2,19.973945358032864,False,"{""diospyros melanoxylon"": 0.637, ""holarrhena antidysenterica"": 0.844, ""madhuca indica"": 0.637, ""shorea robusta"": 824.82, ""terminalia alata"": 481.444}",177.0,4.0,9.840372890452832,2.492675745743064,-65431213.0,4.0,3.360374584925342,2.492675745743064,42.0,4.0,135.52926375536214,337.5719705624644,165.0,5.0,9.308733755834407,63.72494914798141,-709269403.0,5.0,1.635046624395121,7.91600346859752,28.0,5.0,84.83280307595571,141.063453358218,170.0,5.0,7.513191264427688,39.516084405345325,-232518237.0,5.0,2.1566562592872263,7.489385245259995,43.0,5.0,161.2573699565265,137.511407623373
21.044343_85.521868,21.044343,85.521868,DHENKANAL,KANKADAHAD,ADHAPALLI,Adhapalli,19,11,5.878453167682247,5.888571428571428,7.8,13.0,0.24762739396160166,7,8.739053238864072,False,"{""artocarpus heterophyllus"": 42.096, ""bombax ceiba"": 116.852, ""bridelia squamosa/retusa"": 0.399, ""diospyros melanoxylon"": 108.625, ""ficus benghalensis"": 62.389, ""holarrhena antidysenterica"": 0.788, ""shorea robusta"": 166.323, ""syzygium cumini"": 58.012, ""terminalia arjuna"": 116.183}",40.0,2.0,9.819109728136972,18.469715188392627,-1918552978.0,2.0,3.9216276095329197,18.469715188392627,39.0,2.0,80.62339741024562,134.79932387889957,40.0,0.0,8.465103462120783,3.2660118745588513,-1918552978.0,0.0,3.39005134250376,3.2660118745588513,27.0,0.0,90.28003594569043,280.3930635231488,49.0,0.0,9.307591042646074,37.81690588983292,1592069178.0,0.0,1.444282727080221,3.2660115443860467,41.0,0.0,68.02442108730187,64.09797984632331
21.044772_85.519605,21.044772,85.519605,DHENKANAL,KANKADAHAD,ADHAPALLI,Adhapalli,25,17,6.351678543423419,6.372428838562227,8.2,8.0,0.12175495783507358,9,7.52709260269905,False,"{""acacia auriculiformis"": 31.831, ""aegle marmelos"": 0.396, ""anacardium occidentale"": 107.748, ""dalbergia sissoo"": 31.831, ""diospyros melanoxylon"": 130.666, ""ficus benghalensis"": 84.582, ""holarrhena antidysenterica"": 1.835, ""madhuca indica"": 35.094, ""mangifera indica"": 0.428, ""pongamia pinnata"": 80.93, ""shorea robusta"": 93.88, ""terminalia arjuna"": 171.838}",40.0,2.0,9.819109728136972,4.410658104693003,-975511067.0,2.0,1.6649343120055935,4.410658104693003,39.0,2.0,80.62339741024562,6.741546041440178,38.0,0.0,8.84622354514191,4.410658104693003,-975511067.0,0.0,1.955796265511309,4.410658104693003,27.0,0.0,90.28003594569043,514.5358280208887,49.0,0.0,9.307591042646074,18.50582342331151,-975511067.0,0.0,1.4342508752713363,3.5944679977506797,41.0,0.0,68.02442108730187,19.582595169549073
21.045566_85.52362,21.045566,85.52362,DHENKANAL,KANKADAHAD,ADHAPALLI,Adhapalli,22,12,6.907993653417443,6.939235633764092,8.4,8.0,0.10109376421805312,7,7.798592211502871,False,"{""anacardium occidentale"": 42.096, ""anogeissus latifolia"": 0.425, ""azadirachta indica"": 0.396, ""diospyros melanoxylon"": 147.218, ""ficus benghalensis"": 146.934, ""lannea coromandelica"": 0.841, ""madhuca indica"": 95.127, ""pongamia pinnata"": 58.012, ""shorea robusta"": 59.26, ""tamarindus indica"": 0.399, ""terminalia alata"": 35.094, ""terminalia arjuna"": 0.389}",47.0,2.0,1.9257129262126254,9.565057155450797,1348484708.0,2.0,1.9257129262148112,9.565057155450797,39.0,2.0,80.62339741024562,286.90556856526257,40.0,0.0,8.465103462120783,30.76424266995686,1348484708.0,0.0,1.1233324971801246,9.565057170847801,27.0,0.0,90.28003594569043,133.31528450697618,52.0,5.0,9.307602352623476,25.050425178354757,1348484708.0,5.0,1.013005124877749,25.050425178354757,42.0,5.0,11.854241996949813,25.304816946168067
21.046197_85.525567,21.046197,85.525567,DHENKANAL,KANKADAHAD,ADHAPALLI,Adhapalli,20,14,6.370278505348436,6.379749822987962,8.4,2.5,0.15402052842675196,11,7.821328631944572,False,"{""anacardium occidentale"": 42.096, ""anogeissus latifolia"": 45.837, ""azadirachta indica"": 49.736, ""bombax ceiba"": 92.272, ""bridelia squamosa/retusa"": 45.837, ""diospyros melanoxylon"": 0.403, ""holarrhena antidysenterica"": 0.425, ""madhuca indica"": 103.849, ""mangifera indica"": 42.096, ""psidium guajava"": 0.41, ""schleichera oleosa"": 49.736, ""shorea robusta"": 104.248, ""syzygium cumini"": 0.428, ""tamarindus indica"": 49.736, ""terminalia arjuna"": 49.736}",48.0,2.0,6.449138597245265,28.42418007441822,1865689255.0,2.0,0.9929470316232261,1.5054822521343778,39.0,2.0,80.62339741024562,246.43872756060728,47.0,0.0,8.705847643069763,29.71127231465767,1865689255.0,0.0,1.1534233130920404,1.5054822521343778,27.0,0.0,90.28003594569043,111.00412722244744,59.0,0.0,9.518256561783431,8.641018434659792,352253333.0,0.0,2.1463716550607286,8.641018434659792,41.0,0.0,68.02442108730187,107.33257772551137
21.046237_85.520861,21.046237,85.520861,DHENKANAL,KANKADAHAD,ADHAPALLI,Adhapalli,11,6,9.38093060016091,9.415838773772352,10.6,8.0,0.1637610410321159,5,7.692488916108275,False,"{""anacardium occidentale"": 62.389, ""diospyros melanoxylon"": 88.718, ""psidium guajava"": 0.396, ""shorea robusta"": 46.232, ""syzygium cumini"": 42.096, ""terminalia arjuna"": 42.485}",43.0,2.0,7.03084764390654,7.371503441616767,-350090382.0,2.0,1.6950243935091613,7.371503441616767,39.0,2.0,80.62339741024562,6.350741246038524,38.0,0.0,8.84622354514191,30.524130374573133,-350090382.0,0.0,1.7150838765527827,7.371503881768186,27.0,0.0,90.28003594569043,418.1242088963464,48.0,5.0,2.6077294595432785,41.18912705106832,-350090382.0,5.0,1.0531217192029063,17.371503515804772,42.0,5.0,11.854241996949813,56.10346781297355
21.046252_85.683699,21.046252,85.683699,DHENKANAL,KANKADAHAD,NUA SAHI,Kampulei,17,8,26.597204171116207,26.640714976735616,29.2,53.0,0.24862236718295128,4,15.000353386411136,False,"{""anogeissus latifolia"": 718.187, ""casearia elliptica"": 0.318, ""diospyros melanoxylon"": 215.847, ""holarrhena antidysenterica"": 0.669, ""madhuca indica"": 0.318, ""phoneix spp"": 0.318, ""shorea robusta"": 430.196, ""terminalia alata"": 364.465}",174.0,4.0,8.205318996617315,28.40163421819667,2111428476.0,4.0,2.768541276728767,19.24756554450141,42.0,4.0,135.52926375536214,345.5321435235583,162.0,5.0,3.962226329819796,19.24756552602384,2111428476.0,5.0,1.0733113791218463,19.24756552602384,28.0,5.0,84.83280307595571,213.11893117843798,168.0,5.0,9.378937056512912,0.7524339194577142,-724041960.0,5.0,2.116530972252452,0.7524340235089948,43.0,5.0,161.2573699565265,183.11347715572202
21.047075_85.526962,21.047075,85.526962,DHENKANAL,KANKADAHAD,ADHAPALLI,Adhapalli,9,5,7.79939911347057,7.815947712418301,7.6,2.5,0.0,4,8.721690881435865,False,"{""anacardium occidentale"": 45.837, ""artocarpus heterophyllus"": 45.837, ""diospyros melanoxylon"": 131.223, ""emblica officinal"": 0.428, ""mangifera indica"": 81.88, ""psidium guajava"": 0.439, ""terminalia bellirica"": 0.399}",53.0,2.0,4.393046658042989,14.363981403561906,-746496917.0,2.0,1.4543182635468017,14.363981403561906,39.0,2.0,80.62339741024562,317.99285032758183,48.0,0.0,4.493342498169439,14.985609171144398,-746496917.0,0.0,1.0832163265189363,4.271360947562202,27.0,0.0,90.28003594569043,178.69170533274612,57.0,0.0,6.9706869229795485,4.3639816277721275,592287979.0,0.0,1.7552099858666723,4.3639816277721275,41.0,0.0,68.02442108730187,188.71593416067677
21.047435_85.691744,21.047435,85.691744,DHENKANAL,KANKADAHAD,NUA SAHI,Kampulei,14,6,18.974618693032824,19.016199260264994,20.8,38.0,0.46857107625391986,3,18.83333493254095,False,"{""diospyros melanoxylon"": 0.318, ""holarrhena antidysenterica"": 1.472, ""pterocarpus marsupium"": 336.215, ""shorea robusta"": 798.302, ""terminalia alata"": 566.671, ""terminalia bellirica"": 0.716}",195.0,4.0,9.92065613121892,24.8617062422567,580030630.0,4.0,2.136604522493163,18.68566251308694,42.0,4.0,135.52926375536214,238.91528659113527,184.0,0.0,6.560274410828836,24.82693999320989,608294303.0,0.0,1.424402149964429,4.8269395233263515,30.0,0.0,85.96915166306998,178.04833668477463,191.0,5.0,8.887467720435117,14.88508092482077,608294303.0,5.0,2.046324026030231,5.002682535743389,43.0,5.0,161.2573699565265,322.6740106563501
21.047558_85.52488,21.047558,85.52488,DHENKANAL,KANKADAHAD,ADHAPALLI,Adhapalli,12,7,7.476053034161575,7.494470046082949,8.2,8.0,0.0,5,7.912274313711369,False,"{""anacardium occidentale"": 49.736, ""bridelia squamosa/retusa"": 1.259, ""butea monosperma"": 49.736, ""cassia fistula"": 0.439, ""diospyros melanoxylon"": 138.037, ""mangifera indica"": 45.837, ""terminalia arjuna"": 62.389, ""terminalia bellirica"": 0.358}",52.0,2.0,9.849240725793335,23.829095992809307,472971926.0,2.0,1.8254157936840916,23.829095992809307,39.0,2.0,80.62339741024562,413.1522969412054,43.0,0.0,9.74892183555678,23.829095992809307,472971926.0,0.0,1.5947316218000271,23.829095992809307,27.0,0.0,90.28003594569043,276.8769499487933,56.0,0.0,5.646753595845245,9.739419261241514,-449090485.0,0.0,1.3540176228051712,9.739419261241514,41.0,0.0,68.02442108730187,133.31646970249076
21.047646_85.527402,21.047646,85.527402,DHENKANAL,KANKADAHAD,ADHAPALLI,Adhapalli,11,7,6.719976114086072,6.731429897864438,7.4,2.5,0.0,6,7.821328631944572,False,"{""anacardium occidentale"": 45.837, ""anacardium semecarpus"": 35.094, ""artocarpus heterophyllus"": 45.837, ""diospyros melanoxylon"": 50.125, ""gmelina arborea"": 0.522, ""mangifera indica"": 117.009, ""psidium guajava"": 49.736, ""terminalia bellirica"": 0.392}",53.0,2.0,4.393046658042989,16.774401659885118,-746496917.0,2.0,1.4543182635468017,16.774401659885118,39.0,2.0,80.62339741024562,384.7974390517016,48.0,0.0,4.493342498169439,37.23360694834911,-746496917.0,0.0,1.0832163265189363,0.6731822654664571,27.0,0.0,90.28003594569043,243.18761752728042,60.0,0.0,4.543492058809395,39.32681760216921,-746496917.0,0.0,1.2336630705840614,25.30209685770164,41.0,0.0,68.02442108730187,143.5923957457793
21.047655_85.526258,21.047655,85.526258,DHENKANAL,KANKADAHAD,ADHAPALLI,Adhapalli,13,8,8.182087863447416,8.203141361256545,8.6,8.0,0.0,5,7.758803475729898,False,"{""anacardium occidentale"": 49.736, ""bridelia squamosa/retusa"": 0.368, ""diospyros melanoxylon"": 141.568, ""emblica officinal"": 0.368, ""mangifera indica"": 45.837, ""psidium guajava"": 0.399, ""tamarindus indica"": 58.012, ""termanalia chebula"": 0.775, ""terminalia arjuna"": 84.83, ""terminalia bellirica"": 0.364}",52.0,2.0,9.849240725793335,26.424173634319338,-1440002866.0,2.0,1.2938400405811252,26.424173634319338,39.0,2.0,80.62339741024562,383.98444266824237,46.0,0.0,6.990748392133322,20.846407711941616,-1440002866.0,0.0,1.1233340267959633,20.846407711941616,27.0,0.0,90.28003594569043,252.83456649480394,57.0,0.0,6.9706869229795485,10.994136983924435,592287979.0,0.0,1.7552099858666723,1.7962406268443467,41.0,0.0,68.02442108730187,244.5621210634904
21.048412_85.523557,21.048412,85.523557,DHENKANAL,KANKADAHAD,ADHAPALLI,Adhapalli,13,7,6.837801610454561,6.857779980178395,7.4,2.5,0.002642289698366657,7,7.639437268410977,False,"{""bombax ceiba"": 0.841, ""diospyros melanoxylon"": 50.6, ""ficus benghalensis"": 45.837, ""mangifera indica"": 49.736, ""pongamia pinnata"": 42.096, ""shorea robusta"": 0.857, ""syzygium cumini"": 42.096, ""tamarindus indica"": 45.837, ""terminalia arjuna"": 46.303}",44.0,2.0,5.105137132532522,1.8799576497741752,83044070.0,2.0,2.0059497461846463,1.8799576497741752,39.0,2.0,80.62339741024562,341.84155342807327,43.0,0.0,9.74892183555678,1.8799576497741752,83044070.0,0.0,1.644878910495796,1.8799576497741752,27.0,0.0,90.28003594569043,405.30952100320405,56.0,0.0,5.646753595845245,41.87995736268913,-632013355.0,0.0,2.11627750190221,41.879957361848504,41.0,0.0,68.02442108730187,45.573640485644894
21.048834_85.524919,21.048834,85.524919,DHENKANAL,KANKADAHAD,ADHAPALLI,Adhapalli,11,7,8.312693681278077,8.331584948688711,8.6,2.5,0.2506852270832697,5,7.957747154594766,False,"{""anacardium semecarpus"": 0.368, ""bombax ceiba"": 49.736, ""cassia fistula"": 0.439, ""diospyros melanoxylon"": 49.736, ""gmelina arborea"": 0.55, ""mangifera indica"": 49.736, ""psidium guajava"": 0.466, ""shorea robusta"": 87.933, ""terminalia arjuna"": 111.806}",49.0,2.0,3.540505192914554,60.9257580727449,-449090485.0,2.0,2.587678001706694,27.667428879673352,39.0,2.0,80.62339741024562,490.17385278438945,44.0,0.0,2.8183623825193322,19.04387660086312,-449090485.0,0.0,2.4873804938297632,19.04387660086312,27.0,0.0,90.28003594569043,404.8945460692646,56.0,0.0,5.646753595845245,26.165036650582966,-449090485.0,0.0,1.3540176228051712,9.043876194170185,41.0,0.0,68.02442108730187,106.71581643745465
21.049949_85.690852,21.049949,85.690852,DHENKANAL,KANKADAHAD,NUA SAHI,Kampulei,18,10,18.076680005649457,18.52395117051688,21.4,63.0,0.16847606044913138,6,15.469860468532227,False,"{""anogeissus acuminata"": 17.905, ""diospyros melanoxylon"": 749.62, ""holarrhena antidysenterica"": 3.183, ""lagerstroemia parviflora"": 305.896, ""pterocarpus marsupium"": 367.966, ""shorea robusta"": 355.97, ""terminalia alata"": 240.722, ""terminalia bellirica"": 71.62}",189.0,4.0,9.11816457543233,32.27852397915962,-434642749.0,2.0,2.016229920482127,23.874584244447497,35.0,2.0,16.882134137696927,39.38124023239286,180.0,0.0,9.669874876600463,44.731124235062325,-48242468.0,0.0,1.715299403146496,6.125416062760159,30.0,0.0,85.96915166306998,69.21574619638712,186.0,5.0,5.1659594887608575,11.723427765901297,-48242468.0,5.0,1.1836566840958076,1.7234280973168492,43.0,5.0,161.2573699565265,70.21551531815891
21.050477_85.686889,21.050477,85.686889,DHENKANAL,KANKADAHAD,NUA SAHI,Kampulei,13,7,17.990523570005614,19.41039801942487,21.6,58.0,0.3199753458731854,3,16.00643999095633,False,"{""diospyros melanoxylon"": 50.054, ""holarrhena antidysenterica"": 0.497, ""pterocarpus marsupium"": 574.947, ""shorea robusta"": 578.369, ""terminalia alata"": 585.77, ""terminalia bellirica"": 17.905}",185.0,0.0,7.954560344210887,44.29296290371427,-746976793.0,0.0,1.6551101080603927,6.944532516972798,34.0,0.0,17.114895399058923,83.16169374272684,168.0,5.0,7.051765353202939,25.707036981127843,-746976793.0,5.0,1.8958529708514582,25.707036981127843,28.0,5.0,84.83280307595571,165.06891300588055,173.0,5.0,8.636656115185163,34.53123736721778,-746976793.0,5.0,0.6720748655668342,14.292962751299639,43.0,5.0,161.2573699565265,144.3683409219618
21.052047_85.690007,21.052047,85.690007,DHENKANAL,KANKADAHAD,NUA SAHI,Kampulei,15,5,18.60928541882768,21.980716671727908,18.8,83.0,0.6660629625622849,3,10.822536130248883,False,"{""anogeissus latifolia"": 103.132, ""casearia elliptica"": 0.458, ""diospyros melanoxylon"": 1.035, ""holarrhena antidysenterica"": 0.637, ""pterocarpus marsupium"": 49.736, ""shorea robusta"": 416.452, ""terminalia alata"": 53.794}",193.0,2.0,9.669873223723622,12.376460171419989,1466728202.0,2.0,1.4845856724414495,12.376460171419989,35.0,2.0,16.882134137696927,16.75191523856094,180.0,0.0,9.669874876600463,42.050966123531886,1938741781.0,0.0,1.1234704844906038,14.137768558733814,30.0,0.0,85.96915166306998,42.24659011233905,181.0,5.0,8.987758309941563,30.600831193666057,-57743766.0,5.0,1.6049568536873067,3.1662800345315705,43.0,5.0,161.2573699565265,80.91012000342435
21.074972_85.389524,21.074972,85.389524,DHENKANAL,KANKADAHAD,MAHABIR ROAD,Mahabirod,28,21,11.029249143101973,12.946456692913385,17.0,23.0,0.903598971722365,3,8.715627835984744,False,"{""buchanania lanzan"": 71.62, ""diospyros melanoxylon"": 71.62, ""shorea robusta"": 1342.631}",31.0,0.0,8.604538886185098,0.7063577086356537,1311350267.0,0.0,0.17048621860117577,0.7063577086356537,28.0,0.0,54.51994280875359,514.7655521668603,30.0,5.0,8.444088743286574,0.706357737131118,1311350267.0,5.0,0.16045761786162224,0.706357737131118,25.0,5.0,64.0160476676197,598.871443403585,39.0,0.0,9.968440316301582,78.11789167872902,1311350267.0,0.0,1.0429748187526569,19.44450320014607,28.0,0.0,24.066728603782842,77.18227829281079
21.075714_85.392354,21.075714,85.392354,DHENKANAL,KANKADAHAD,KANKADAHAD,Mahabirod,19,13,15.5566237464657,17.971142019112506,22.0,58.0,0.6525497853989951,4,8.741279182124098,False,"{""buchanania lanzan"": 75.519, ""diospyros melanoxylon"": 216.212, ""madhuca indica"": 46.553, ""other"": 1.532, ""shorea robusta"": 638.211}",34.0,0.0,9.92833256341758,66.02984867918128,-1993467260.0,0.0,1.7449814577650082,0.11994155813103331,28.0,0.0,54.51994280875359,380.17608578800906,30.0,5.0,8.444088743286574,23.79051840156145,-1995782009.0,5.0,2.236381764217345,23.79051840156145,25.0,5.0,64.0160476676197,823.681751327833,39.0,0.0,9.968440316301582,30.171248611523723,-1681246971.0,0.0,1.1934068163205285,0.11994144350573226,28.0,0.0,24.066728603782842,30.492781354889058
21.076582_85.388847,21.076582,85.388847,DHENKANAL,KANKADAHAD,BURUGI BHUIN,Mahabirod,38,25,15.411150644604605,16.023778071334213,22.0,13.0,0.9682773322505329,1,8.721690881435864,False,"{""chloroxylon swietenia"": 49.736, ""shorea robusta"": 1518.099}",31.0,0.0,8.604538886185098,63.87490758915309,-1203698094.0,0.0,1.113173549331949,0.3449993707659305,28.0,0.0,54.51994280875359,353.20798621724623,30.0,5.0,8.444088743286574,0.3449993707659305,-1203698094.0,5.0,0.661887045187305,0.3449993707659305,25.0,5.0,64.0160476676197,448.8659717547102,35.0,5.0,7.360993433984599,39.52138071231952,-1203698094.0,5.0,1.3438311639445446,0.34499926998164226,29.0,5.0,7.541222060258289,37.40825895585937
21.077312_85.39015,21.077312,85.39015,DHENKANAL,KANKADAHAD,BURUGI BHUIN,Mahabirod,36,32,13.567694507276684,13.585470085470083,21.0,8.0,0.9178438820366182,3,8.554578191189375,False,"{""buchanania lanzan"": 121.356, ""diospyros melanoxylon"": 31.831, ""shorea robusta"": 1711.393}",31.0,0.0,8.604538886185098,0.08168224166566915,-1339918813.0,0.0,3.04869430389045,0.08168224166566915,28.0,0.0,54.51994280875359,248.39346892024275,31.0,5.0,8.424035299844427,19.91831738239375,-1339918813.0,5.0,1.113174737326072,10.081682420405683,25.0,5.0,64.0160476676197,539.325383431397,35.0,5.0,7.360993433984599,20.898283562750102,-1529992087.0,5.0,1.7048626464394616,20.8982835275723,29.0,5.0,7.541222060258289,24.2279798115168
21.077442_85.388795,21.077442,85.388795,DHENKANAL,KANKADAHAD,BURUGI BHUIN,Mahabirod,30,29,22.77771015322927,22.923365967653933,21.0,48.0,0.467840265133692,4,12.89703849192945,False,"{""diospyros melanoxylon"": 1275.229, ""gardenia gummifera"": 286.479, ""madhuca indica"": 2578.31, ""shorea robusta"": 3639.635}",31.0,0.0,8.604538886185098,0.5651432018655109,-1339918813.0,0.0,3.04869430389045,0.5651432018655109,28.0,0.0,54.51994280875359,263.1959667797264,31.0,5.0,8.424035299844427,5.082831112302478,791188523.0,5.0,0.9426881588466794,4.94953924942727,25.0,5.0,64.0160476676197,415.74642878572047,35.0,5.0,7.360993433984599,34.08401109227466,1752101118.0,5.0,0.9527160122393387,10.565143860503557,29.0,5.0,7.541222060258289,36.46775664020853
21.077809_85.392112,21.077809,85.392112,DHENKANAL,KANKADAHAD,BURUGI BHUIN,Mahabirod,21,18,29.722572451099364,29.74150256341486,36.0,73.0,0.1031078384993521,8,17.736934213463446,False,"{""anogeissus latifolia"": 813.361, ""bauhinia vahlii"": 20.372, ""buchanania lanzan"": 169.023, ""cleistanthus collinus"": 38.515, ""combretum roxburghii"": 58.012, ""diospyros melanoxylon"": 5372.514, ""gardenia turgida"": 20.372, ""schleichera oleosa"": 447.942, ""shorea robusta"": 797.844}",35.0,0.0,6.638946494363765,63.29987660387994,1830123278.0,0.0,3.4899592044004684,35.49974932457523,28.0,0.0,54.51994280875359,148.221701836035,32.0,5.0,9.196246508537255,28.20931487765874,1830123278.0,5.0,3.891103648552162,28.20931487765874,25.0,5.0,64.0160476676197,673.4889286287242,40.0,2.0,9.97846628571069,27.936492741311593,1830123278.0,2.0,1.1733480956879476,15.499749615202923,26.0,2.0,30.946436325056794,88.06454611679636
21.078879_85.387094,21.078879,85.387094,DHENKANAL,KANKADAHAD,BURUGI BHUIN,Mahabirod,26,25,20.21003336780071,20.230789747758273,25.4,78.0,0.9003216249992071,4,11.420958716274408,False,"{""anogeissus latifolia"": 20.372, ""buchanania lanzan"": 212.392, ""diospyros melanoxylon"": 76.474, ""gardenia gummifera"": 3.362, ""shorea robusta"": 2823.488}",28.0,0.0,4.552972556562756,4.208750971686123,-2112487917.0,0.0,1.2936862105044182,4.208750971686123,28.0,0.0,54.51994280875359,192.49997541602852,26.0,5.0,6.057266455253116,4.30210532607008,-604656095.0,5.0,2.7979742472535314,4.30210532607008,25.0,5.0,64.0160476676197,211.6873972689661,32.0,0.0,7.280746701855058,25.69789423918619,1897576030.0,0.0,1.6848003305129928,25.69789423918619,28.0,0.0,24.066728603782842,30.03402298897139
21.078934_85.390421,21.078934,85.390421,DHENKANAL,KANKADAHAD,BURUGI BHUIN,Mahabirod,11,9,45.516453831041254,46.21150296802514,47.2,78.0,0.07902750491159137,5,14.041002757218322,False,"{""anogeissus latifolia"": 1000.289, ""casearia elliptica"": 200.217, ""cleistanthus collinus"": 42.096, ""schleichera oleosa"": 249.555, ""shorea robusta"": 128.04}",32.0,0.0,4.452698237467427,8.382851238722578,-1961765233.0,0.0,0.7421161940474295,1.6171490169756317,28.0,0.0,54.51994280875359,78.69191659404204,29.0,5.0,3.3896654362355,8.38285170044146,-2095918987.0,5.0,1.1633183655429022,8.38285170044146,25.0,5.0,64.0160476676197,460.61625855634776,41.0,2.0,4.292248033058913,21.617148938141337,-1304863795.0,2.0,0.9928315435791348,10.075795165861216,26.0,2.0,30.946436325056794,155.346951770774
21.079134_85.389512,21.079134,85.389512,DHENKANAL,KANKADAHAD,BURUGI BHUIN,Mahabirod,12,10,23.860268829727467,24.052092689060533,26.8,78.0,0.20186892838058176,5,23.65042454345565,False,"{""anogeissus latifolia"": 642.986, ""cleistanthus collinus"": 45.837, ""dendrocalamus strictus"": 2.865, ""diospyros melanoxylon"": 2812.586, ""gmelina arborea"": 707.046, ""schleichera oleosa"": 424.068, ""shorea robusta"": 1172.415}",29.0,0.0,7.97272485967698,16.535288270492288,1707442917.0,0.0,2.6174605164358753,12.874287200762208,28.0,0.0,54.51994280875359,62.39330878856533,26.0,5.0,6.057266455253116,16.535288270492288,1707442917.0,5.0,1.1131735538374048,14.1706442278688,25.0,5.0,64.0160476676197,366.07905316930265,41.0,2.0,4.292248033058913,6.014035906244314,-1304863795.0,2.0,0.9928315435791348,6.014035906244314,26.0,2.0,30.946436325056794,125.7184341395247
21.106127_85.565469,21.106127,85.565469,DHENKANAL,KANKADAHAD,BALI SAHI,Kerijoli,22,7,13.213614305911122,13.462439024390246,13.6,23.0,0.9063467196515226,2,18.87122896661045,False,"{""diospyros melanoxylon"": 181.277, ""phoenix acaulis"": 1.989, ""schleichera oleosa"": 11.777, ""shorea robusta"": 1887.578}",65.0,2.0,2.4272574490914236,15.9474155920801,-1675978062.0,2.0,2.4272574490919125,15.9474155920801,18.0,2.0,30.62384900364838,43.53148433733738,60.0,0.0,2.7582470448502,15.9474155920801,-1675978062.0,0.0,2.7582470448502,15.9474155920801,20.0,0.0,39.922701589207634,169.4157260060335,71.0,0.0,5.125318176328887,14.833004508995428,1409160926.0,0.0,0.9829388760835662,14.833004508995428,17.0,0.0,25.4019530062535,84.1839416452804
21.106491_85.565027,21.106491,85.565027,DHENKANAL,KANKADAHAD,BALI SAHI,Kerijoli,30,9,14.197396698417005,14.498266897746966,17.6,23.0,0.9194942544320532,2,17.68388256576615,False,"{""diospyros melanoxylon"": 187.723, ""holarrhena antidysenterica"": 1.273, ""shorea robusta"": 2158.618}",62.0,2.0,6.870535573816286,4.458078950189517,1409160926.0,2.0,0.8726089054508822,4.458078950189517,18.0,2.0,30.62384900364838,35.642406741184075,59.0,0.0,8.665901926774861,15.554423397228273,1261161685.0,0.0,4.142382606584955,0.6235301468204195,20.0,0.0,39.922701589207634,230.5056776707599,71.0,0.0,5.125318176328887,18.151294217121233,-2053441099.0,0.0,1.11332789215779,18.151294217121233,17.0,0.0,25.4019530062535,70.47725140106165
21.107106_85.56567,21.107106,85.56567,DHENKANAL,KANKADAHAD,BALI SAHI,Kerijoli,25,9,21.40606226972159,21.836887206058194,25.0,33.0,0.8606983383354072,2,20.44256824602567,False,"{""diospyros melanoxylon"": 426.694, ""holarrhena antidysenterica"": 7.082, ""shorea robusta"": 2807.016, ""syzygium cumini"": 1.989, ""terminalia arjuna"": 18.542}",62.0,2.0,6.870535573816286,28.76232865242807,1409160926.0,2.0,0.8726089054508822,18.17814527573006,18.0,2.0,30.62384900364838,27.897830085665223,59.0,0.0,8.665901926774861,4.41122835637844,1409160926.0,0.0,0.8324889950166922,4.41122835637844,20.0,0.0,39.922701589207634,223.19102899593838,72.0,0.0,6.208557680828306,23.215337959101504,1261161685.0,0.0,2.206596446219956,18.17814527573006,17.0,0.0,25.4019530062535,21.63730050553219
21.10777_85.564995,21.10777,85.564995,DHENKANAL,KANKADAHAD,BALI SAHI,Kerijoli,28,15,22.34550114644602,22.397973054011914,32.2,33.0,0.9744990529358989,2,17.65558835366092,False,"{""diospyros melanoxylon"": 101.78, ""shorea robusta"": 3889.428}",62.0,2.0,6.870535573816286,7.157238849696409,1261161685.0,2.0,2.688035476591277,7.157238849696409,18.0,2.0,30.62384900364838,101.16013402368576,59.0,0.0,8.665901926774861,7.157238794619576,1261161685.0,0.0,4.142382606584955,7.157238794619576,20.0,0.0,39.922701589207634,214.57333833558377,72.0,0.0,6.208557680828306,10.244464331368123,1261161685.0,0.0,2.206596446219956,10.244464331368123,17.0,0.0,25.4019530062535,91.75791617829353
21.108009_85.565539,21.108009,85.565539,DHENKANAL,KANKADAHAD,BALI SAHI,Kerijoli,24,9,30.635896252538302,31.149714393173646,36.0,33.0,0.6398606239616023,3,20.90234919273559,False,"{""butea monosperma"": 0.318, ""diospyros melanoxylon"": 12.812, ""ficus benghalensis"": 733.704, ""madhuca indica"": 1.273, ""mangifera indica"": 7.958, ""psidium guajava"": 15.597, ""schleichera oleosa"": 447.623, ""shorea robusta"": 2206.604, ""syzygium cumini"": 22.68}",62.0,2.0,6.870535573816286,45.922008392597576,1261161685.0,2.0,2.688035476591277,45.922008392597576,18.0,2.0,30.62384900364838,44.57766796247676,59.0,0.0,8.665901926774861,63.40630680024127,1261161685.0,0.0,4.142382606584955,45.922007749243384,20.0,0.0,39.922701589207634,153.4846713531715,72.0,0.0,6.208557680828306,35.92200809659852,1261161685.0,0.0,2.206596446219956,35.92200809659852,17.0,0.0,25.4019530062535,35.245759816927524
21.108207_85.564337,21.108207,85.564337,DHENKANAL,KANKADAHAD,BALI SAHI,Kerijoli,30,13,17.410669184468315,17.4739336492891,20.6,33.0,0.8257287855541131,3,17.629470619409947,False,"{""anacardium occidentale"": 97.482, ""diospyros melanoxylon"": 488.765, ""madhuca indica"": 1.273, ""shorea robusta"": 2783.779}",62.0,2.0,6.870535573816286,26.149936598509647,848177866.0,2.0,0.2708094193225856,9.414276984251975,18.0,2.0,30.62384900364838,153.99936520655464,59.0,0.0,8.665901926774861,9.414276687145671,848177866.0,0.0,0.2708094171991613,9.414276687145671,20.0,0.0,39.922701589207634,255.28171142236275,72.0,0.0,6.208557680828306,6.149936088609446,848177866.0,0.0,0.8625780469584755,6.149936088609446,17.0,0.0,25.4019530062535,57.23258315105389
21.108502_85.564922,21.108502,85.564922,DHENKANAL,KANKADAHAD,BALI SAHI,Kerijoli,18,7,18.128130870381963,18.31179530511473,19.6,28.0,0.9959820496764766,1,23.14567600964992,False,"{""diospyros melanoxylon"": 6.446, ""holarrhena antidysenterica"": 5.809, ""shorea robusta"": 3037.79}",62.0,2.0,6.870535573816286,61.741920493228704,1261161685.0,2.0,2.688035476591277,0.4775549815359206,18.0,2.0,30.62384900364838,112.10839525667707,59.0,0.0,8.665901926774861,51.43910974912675,1261161685.0,0.0,4.142382606584955,0.4775549815359206,20.0,0.0,39.922701589207634,188.0932016361986,72.0,0.0,6.208557680828306,70.93966672596245,1261161685.0,0.0,2.206596446219956,13.340728097458621,17.0,0.0,25.4019530062535,100.8872907905934
21.109137_85.564208,21.109137,85.564208,DHENKANAL,KANKADAHAD,BALI SAHI,Kerijoli,16,6,17.083709057154223,17.272930648769577,14.8,28.0,0.9037704990496397,2,18.568076694054458,False,"{""diospyros melanoxylon"": 173.24, ""shorea robusta"": 1627.041}",62.0,2.0,6.870535573816286,60.59004833345592,2077856663.0,2.0,1.0431172536878806,3.0566799690834072,18.0,2.0,30.62384900364838,140.1760971675339,59.0,0.0,8.665901926774861,23.069803631268158,1261161685.0,0.0,4.142382606584955,19.29042640959666,20.0,0.0,39.922701589207634,257.4984459905479,72.0,0.0,6.208557680828306,39.7475181770289,2077856663.0,0.0,2.276804313078764,23.237049172601154,17.0,0.0,25.4019530062535,139.00561969741088
21.109653_85.563835,21.109653,85.563835,DHENKANAL,KANKADAHAD,BALI SAHI,Kerijoli,18,8,12.563548839581742,12.777597402597403,14.8,23.0,0.7887018617699568,3,19.098593171027442,False,"{""diospyros melanoxylon"": 176.185, ""holarrhena antidysenterica"": 7.082, ""shorea robusta"": 1968.747, ""terminalia bellirica"": 344.173}",62.0,2.0,6.870535573816286,38.20373300416487,2077856663.0,2.0,1.0431172536878806,9.31930190177175,18.0,2.0,30.62384900364838,126.83632092686564,59.0,0.0,8.665901926774861,45.697302473965664,344653695.0,0.0,2.226653392021328,31.2871824379004,20.0,0.0,39.922701589207634,301.40239829343614,72.0,0.0,6.208557680828306,17.449255378981473,2077856663.0,0.0,2.276804313078764,17.449255378981473,17.0,0.0,25.4019530062535,151.68170460539517
21.110522_85.56385,21.110522,85.56385,DHENKANAL,KANKADAHAD,BALI SAHI,Kerijoli,22,8,14.249313122996856,14.567771084337346,15.0,23.0,0.8859125525596165,3,19.49648052875718,False,"{""diospyros melanoxylon"": 54.988, ""holarrhena antidysenterica"": 13.051, ""mangifera indica"": 240.722, ""shorea robusta"": 2397.59}",62.0,2.0,6.870535573816286,1.1396018248288904,344653695.0,2.0,1.7753048316113538,1.1396018248288904,18.0,2.0,30.62384900364838,89.38675827988148,59.0,0.0,8.665901926774861,20.42734963669758,344653695.0,0.0,2.226653392021328,7.2132624423051475,20.0,0.0,39.922701589207634,273.8661805505278,71.0,0.0,5.125318176328887,11.139601943745449,537146654.0,0.0,0.8124277878335121,11.139601943745449,17.0,0.0,25.4019530062535,87.1251702853986
21.154502_85.365229,21.154502,85.365229,DHENKANAL,KANKADAHAD,RAIJHARANA,Pangatira,24,18,12.067473539536556,12.249859688050641,12.4,83.0,0.04896470225556184,5,11.936620731892152,False,"{""buchanania lanzan"": 182.153, ""diospyros melanoxylon"": 26.181, ""lannea coromandelica"": 663.517, ""madhuca indica"": 46.473, ""shorea robusta"": 303.349, ""syzygium cumini"": 4973.592}",14.0,1.0,9.617120823180917,18.49572582152948,1619189648.0,1.0,0.7521205739989062,18.49572582152948,5.0,1.0,53.941148780241484,42.48554724575939,12.0,2.0,7.621488636175629,62.22286450663937,1508667507.0,2.0,2.9182284371979983,1.0147537904258699,8.0,2.0,43.891705033800285,68.875814626169,14.0,1.0,8.152982950622631,30.55047010671431,1619189648.0,1.0,0.7420923580722848,18.985245746835812,7.0,1.0,57.179336837166574,78.64957322168581
21.155752_85.365857,21.155752,85.365857,DHENKANAL,KANKADAHAD,RAIJHARANA,Pangatira,27,20,8.44576833063423,9.56060004669624,14.0,68.0,0.14330461622812585,8,15.78817035471602,False,"{""buchanania lanzan"": 169.023, ""cassia florid"": 1184.431, ""chloroxylon swietenia"": 534.204, ""diospyros melanoxylon"": 459.898, ""ficus benghalensis"": 2933.544, ""lannea coromandelica"": 1412.102, ""madhuca indica"": 0.816, ""shorea robusta"": 1123.156, ""terminalia bellirica"": 20.372}",14.0,1.0,9.617120823180917,14.859812675270563,1684641443.0,1.0,3.5299555244769385,14.859812675270563,5.0,1.0,53.941148780241484,139.19851603623997,12.0,2.0,7.621488636175629,24.89230817792102,1508667507.0,2.0,2.9182284371979983,1.2714980693803812,8.0,2.0,43.891705033800285,142.18934618071168,14.0,1.0,8.152982950622631,44.859812918737205,1508667507.0,1.0,1.6847502761622166,34.74380290320515,7.0,1.0,57.179336837166574,168.8424333558757
21.156085_85.364999,21.156085,85.364999,DHENKANAL,KANKADAHAD,RAIJHARANA,Pangatira,26,22,16.19180733221304,16.479229211757318,17.4,8.0,0.8553791282279914,6,8.883739550765794,False,"{""buchanania lanzan"": 79.577, ""chloroxylon swietenia"": 84.352, ""diospyros melanoxylon"": 57.614, ""shorea robusta"": 1984.821, ""terminalia alata"": 64.299, ""terminalia bellirica"": 49.736}",11.0,1.0,9.687301995273804,53.4879348791505,-2053513331.0,1.0,1.1733072118754841,23.282972707101464,5.0,1.0,53.941148780241484,63.64722539630008,10.0,2.0,4.64308838126858,3.487935201790467,706484637.0,2.0,0.4813568723799593,3.487935201790467,8.0,2.0,43.891705033800285,59.57730224397703,14.0,1.0,8.152982950622631,46.869485193184964,-196250896.0,1.0,1.2234492773547778,6.414886759564271,7.0,1.0,57.179336837166574,104.41981743050722
21.156_85.367028,21.156,85.367028,DHENKANAL,KANKADAHAD,RAIJHARANA,Pangatira,21,16,9.774115702829539,9.776047130127042,11.4,88.0,0.7420256999692788,4,19.914262254373405,False,"{""anacardium occidentale"": 0.637, ""buchanania lanzan"": 23.635, ""diospyros melanoxylon"": 297.779, ""shorea robusta"": 5574.004, ""syzygium cumini"": 0.318, ""terminalia alata"": 1615.502}",14.0,1.0,9.617120823180917,22.65205471132627,1684641443.0,1.0,3.5299555244769385,22.65205471132627,5.0,1.0,53.941148780241484,169.74274962689557,17.0,2.0,8.784782588444989,55.06753934653429,1684641443.0,2.0,1.985600406145363,4.932460422467978,8.0,2.0,43.891705033800285,169.74274962689557,21.0,1.0,8.604271304183099,25.067539830367252,1958263879.0,1.0,1.805091605105603,2.966585398156564,7.0,1.0,57.179336837166574,169.74274962689557
21.157913_85.365213,21.157913,85.365213,DHENKANAL,KANKADAHAD,RAIJHARANA,Pangatira,20,16,9.246429792429794,9.250970318040935,10.2,68.0,0.02871794871794872,5,12.752289815238115,False,"{""buchanania lanzan"": 0.497, ""diospyros melanoxylon"": 1046.682, ""lannea coromandelica"": 412.609, ""madhuca indica"": 52.044, ""shorea robusta"": 81.885, ""terminalia alata"": 1257.642}",13.0,1.0,3.8709140552736585,9.276174415583807,-2077641867.0,1.0,1.1432226186197805,9.276174415583807,5.0,1.0,53.941148780241484,143.60540702034257,10.0,2.0,4.64308838126858,10.723825717922677,1074846281.0,2.0,1.785031401030777,10.723825717922677,8.0,2.0,43.891705033800285,11.23522329280688,14.0,1.0,8.152982950622631,8.65796458049303,1419347712.0,1.0,0.9727417289269479,8.65796458049303,7.0,1.0,57.179336837166574,184.27710798435788
21.158187_85.36696,21.158187,85.36696,DHENKANAL,KANKADAHAD,RAIJHARANA,Pangatira,19,14,10.0648118202772,10.244733493567082,10.8,78.0,0.9335678010057332,4,26.169619928395935,False,"{""anogeissus latifolia"": 57.614, ""buchanania lanzan"": 76.335, ""diospyros melanoxylon"": 568.661, ""madhuca indica"": 0.816, ""shorea robusta"": 13392.172, ""terminalia alata"": 249.555}",13.0,1.0,3.8709140552736585,12.790390421910088,-1673232192.0,1.0,1.343789702477852,12.790390421910088,5.0,1.0,53.941148780241484,309.0812434552666,19.0,2.0,7.691703022495791,3.786367696350959,1997311893.0,2.0,1.073026881184459,3.786367696350959,8.0,2.0,43.891705033800285,169.75123217599727,25.0,1.0,8.644390750829748,12.790390421910088,1751908922.0,1.0,2.276421224682252,2.4628744253027977,7.0,1.0,57.179336837166574,342.1827582200841
21.158748_85.364022,21.158748,85.364022,DHENKANAL,KANKADAHAD,RAIJHARANA,Pangatira,24,14,14.024296478648514,14.111191241067328,11.8,58.0,0.5791766797569506,5,14.846882548429665,False,"{""buchanania lanzan"": 8.773, ""diospyros melanoxylon"": 58.907, ""lannea coromandelica"": 2392.735, ""madhuca indica"": 49.736, ""shorea robusta"": 3538.492, ""terminalia alata"": 60.877}",11.0,1.0,9.687301995273804,27.99074219907825,1419347712.0,1.0,2.3064995490697586,7.886184024957246,5.0,1.0,53.941148780241484,109.76077926065116,6.0,5.0,9.506784611216695,7.6259277994089345,1419347712.0,5.0,2.04576495454863,7.6259277994089345,10.0,5.0,22.462413008097855,8.826742182660716,10.0,1.0,5.85650098098538,28.197176715533022,237952336.0,1.0,1.1231644769958224,8.335956853328062,7.0,1.0,57.179336837166574,46.1566490542431
21.15983_85.365755,21.15983,85.365755,DHENKANAL,KANKADAHAD,RAIJHARANA,Pangatira,10,8,12.655900229426674,12.65781253754295,12.2,88.0,0.6486048215637049,3,27.533805154897895,False,"{""buchanania lanzan"": 0.318, ""diospyros melanoxylon"": 1042.226, ""lannea coromandelica"": 1285.415, ""shorea robusta"": 4296.945}",12.0,1.0,7.160180349674294,14.930940943119637,-190578391.0,1.0,0.3309329008265417,14.930940943119637,5.0,1.0,53.941148780241484,264.30911329386595,11.0,2.0,6.478257227314676,14.930940943119637,-190578391.0,2.0,0.5716114618974228,14.930940943119637,8.0,2.0,43.891705033800285,22.52351680962904,11.0,1.0,5.936727711932228,0.8599002438463793,-190578391.0,1.0,1.0730245957846798,0.8599002438463793,7.0,1.0,57.179336837166574,256.38865994147244
21.160104_85.363229,21.160104,85.363229,DHENKANAL,KANKADAHAD,RAIJHARANA,Pangatira,23,15,15.977987902450012,16.086428854987805,11.0,68.0,0.05291387651864608,6,10.292019653275897,False,"{""anacardium occidentale"": 22.998, ""diospyros melanoxylon"": 44.404, ""lannea coromandelica"": 3807.623, ""madhuca indica"": 70.287, ""shorea robusta"": 224.329, ""syzygium cumini"": 1.035, ""terminalia alata"": 68.835}",8.0,1.0,9.426557876678846,21.75824922278437,237952336.0,1.0,2.4067805171269985,21.75824922278437,5.0,1.0,53.941148780241484,23.089342554163867,7.0,2.0,7.079946296040494,17.186072544061172,237952336.0,2.0,2.1159616507879604,6.656074633714527,8.0,2.0,43.891705033800285,19.76414687807923,10.0,1.0,5.85650098098538,27.186072111285934,255964763.0,1.0,1.0930792079426683,7.18607206288175,7.0,1.0,57.179336837166574,36.40458926874432
21.161816_85.365742,21.161816,85.365742,DHENKANAL,KANKADAHAD,RAIJHARANA,Pangatira,6,4,13.664723668214831,13.669452413621054,10.8,68.0,0.9747825815903495,2,23.077466748324827,False,"{""diospyros melanoxylon"": 63.662, ""emblica officinal"": 0.716, ""shorea robusta"": 2488.547}",12.0,1.0,7.160180349674294,42.63693444259754,1854448254.0,1.0,3.2391307206067057,10.18741549380465,5.0,1.0,53.941148780241484,120.29252200379021,11.0,2.0,6.478257227314676,31.410524600453908,1854448254.0,2.0,3.2591862677247403,9.890892787692403,8.0,2.0,43.891705033800285,120.29252200379021,11.0,1.0,5.936727711932228,9.88912845157769,-947743902.0,1.0,1.1231653605414909,9.88912845157769,7.0,1.0,57.179336837166574,120.29252200379021
21.574184_85.390018,21.574184,85.390018,KENDUJHAR,BANSPAL,BHANRADI SAHI,,23,0,0.16069242310577642,,0.19,2.5,0.06001500375093774,0,,True,"{""dioscorea bulbifera"": 0.318, ""diospyros melanoxylon"": 0.637, ""holarrhena antidysenterica"": 6.151, ""indigofera cassioides"": 0.318, ""jasminum arborescens"": 0.318, ""pongamia pinnata"": 1.592, ""shorea robusta"": 0.637, ""tamarindus indica"": 0.637}",12.0,1.0,4.572701895776457,55.593814182903486,577133673.0,1.0,0.8122568555839823,7.624889857984723,68.0,1.0,22.46329456398606,59.252390512999305,11.0,5.0,4.713091705741017,55.593814182903486,577133673.0,5.0,0.8222847142514951,7.624889857984723,75.0,5.0,6.300193972217329,56.841582019479496,12.0,2.0,3.5899721734798664,47.62489034261414,577133673.0,2.0,1.423956200793246,47.62489034261414,72.0,2.0,20.357099923290477,99.78789915698871
21.574526_85.389458,21.574526,85.389458,KENDUJHAR,BANSPAL,BHANRADI SAHI,,15,2,2.4402926829268283,2.5,2.68,63.0,0.48390243902439,2,7.002817496043395,False,"{""acacia catechu"": 0.318, ""haldina cordifolia"": 0.318, ""shorea robusta"": 39.47, ""termanalia chebula"": 41.46}",12.0,1.0,4.572701895776457,16.546659574182286,-933542644.0,1.0,2.587185636549522,6.087986819827389,68.0,1.0,22.46329456398606,68.76414312459549,11.0,5.0,4.713091705741017,16.546659574182286,-933542644.0,5.0,2.3565447813314995,6.087986819827389,75.0,5.0,6.300193972217329,16.900381166925932,12.0,2.0,3.5899721734798664,13.912013091000235,-933542644.0,2.0,0.9025065025753097,6.087986716792636,72.0,2.0,20.357099923290477,104.35706692455378
21.574774_85.38847,21.574774,85.38847,KENDUJHAR,BANSPAL,BHANRADI SAHI,,12,0,2.729964722340491,,3.1399999999999997,2.5,0.006082355087890032,0,,True,"{""casearia elliptica"": 21.088, ""cleistanthus collinus"": 24.908, ""dhudur nai"": 1.273, ""diospyros melanoxylon"": 0.318, ""gardenia turgida"": 1.404, ""holarrhena antidysenterica"": 0.716, ""jasminum arborescens"": 0.318, ""shorea robusta"": 0.318, ""termanalia chebula"": 1.273, ""woodfordia fruticosa"": 0.716}",12.0,1.0,4.572701895776457,5.397197422009035,-933542644.0,1.0,2.587185636549522,5.397197422009035,68.0,1.0,22.46329456398606,31.54692298283357,11.0,5.0,4.713091705741017,17.840994942085025,-933542644.0,5.0,2.3565447813314995,17.840994942085025,75.0,5.0,6.300193972217329,19.536474342965327,3.0,2.0,3.80054810023115,0.9873757414698913,-2087319813.0,2.0,1.2133691016290298,0.9873757414698913,72.0,2.0,20.357099923290477,19.536474313767307
21.574844_85.390232,21.574844,85.390232,KENDUJHAR,BANSPAL,JAKARBANDHA SAHI,,12,1,7.951991295987043,8.0,3.2399999999999998,63.0,0.006528009716107482,1,44.563384065730695,False,"{""azadirachta indica"": 0.318, ""haldina cordifolia"": 0.318, ""oroxylum indicum"": 0.318, ""other"": 0.637, ""shorea robusta"": 10.265, ""sterculia urens"": 0.318, ""termanalia chebula"": 0.637, ""terminalia bellirica"": 1559.718}",21.0,5.0,2.2161590383251517,9.533958642240787,161521660.0,5.0,0.8323130763815098,8.441990288702073,70.0,5.0,2.1712002988955397,9.301475282826424,19.0,5.0,2.2261868539014498,1.5580097582443044,161521660.0,5.0,0.7922015255054382,1.5580097582443044,71.0,3.0,3.8041880710257843,0.6445209751161861,19.0,2.0,1.7348206054193895,0.46604156020765314,211814267.0,2.0,1.7348206054193895,0.46604156020765314,72.0,2.0,20.357099923290477,77.08056253224993
21.575176_85.390956,21.575176,85.390956,KENDUJHAR,BANSPAL,BHANRADI SAHI,,30,11,4.02185476815398,4.719880904046555,4.96,8.0,0.10684601924759406,5,7.899872629834078,False,"{""cipadessa baccifera"": 0.318, ""diospyros melanoxylon"": 0.637, ""holarrhena antidysenterica"": 156.131, ""mimosa pudica"": 0.318, ""other"": 153.425, ""pogostemon benghalense"": 0.637, ""schleichera oleosa"": 0.318, ""shorea robusta"": 77.747, ""tamarindus indica"": 0.637, ""termanalia chebula"": 22.998, ""terminalia bellirica"": 313.535, ""unidentified climber"": 0.637, ""woodfordia fruticosa"": 0.318}",21.0,5.0,2.2161590383251517,4.706686576015113,161521660.0,5.0,0.8323130763815098,4.706686576015113,70.0,5.0,2.1712002988955397,3.1762298636652395,19.0,5.0,2.2261868539014498,4.706686576015113,161521660.0,5.0,0.7922015255054382,4.706686576015113,75.0,5.0,6.300193972217329,3.1762298636652395,19.0,2.0,1.7348206054193895,16.735297477270436,211814267.0,2.0,1.7348206054193895,16.735297477270436,72.0,2.0,20.357099923290477,17.63674434060087
21.57564_85.38927,21.57564,85.38927,KENDUJHAR,BANSPAL,BHANRADI SAHI,,20,6,7.020603324440797,7.026626124830504,8.0,73.0,0.0,1,16.233804195373324,False,"{""pogostemon benghalense"": 2.228, ""termanalia chebula"": 3875.582}",15.0,1.0,4.16156013588527,29.759580319378166,1161591428.0,1.0,0.7220054347682765,24.089698396721523,68.0,1.0,22.46329456398606,41.36301526506521,14.0,3.0,9.386069519793699,24.089698396721523,1161591428.0,3.0,2.045682846516522,24.089698396721523,71.0,3.0,3.8041880710257843,22.651575829399636,8.0,2.0,9.32588889216912,17.151327701603066,1161591428.0,2.0,0.601671048328022,17.151327701603066,72.0,2.0,20.357099923290477,35.764953252335985
21.575764_85.387851,21.575764,85.387851,KENDUJHAR,BANSPAL,BHANRADI SAHI,,13,4,18.09823608213183,19.861677602411778,17.72,38.0,0.619754926654388,2,11.538733374162412,False,"{""euphorbia royleana"": 186.927, ""holarrhena antidysenterica"": 2.054, ""other"": 0.716, ""ougeinia oogeinsis"": 0.716, ""shorea robusta"": 310.352}",6.0,1.0,5.2345309821225605,16.76909791170136,1271675973.0,1.0,1.1732565335676872,3.954073594327332,68.0,1.0,22.46329456398606,82.9402769913989,6.0,4.0,4.703055862704093,36.37361202279021,1271675973.0,4.0,1.0027833112512865,3.9540737325780357,70.0,4.0,15.439392117523353,68.62038712632676,1.0,1.0,2.6072344833266383,6.274201034382128,650309648.0,1.0,0.9626719545159304,6.274201034382128,71.0,1.0,2.60726388899213,7.9611766063943055
21.614841_85.407242,21.614841,85.407242,KENDUJHAR,BANSPAL,BHANRADI SAHI,,18,2,9.500829762368522,9.557692307692307,5.0600000000000005,83.0,0.0024931827035449927,2,35.65070725258456,False,"{""bridelia squamosa/retusa"": 1.91, ""mangifera indica"": 1263.372, ""other"": 764.262, ""pogostemon benghalense"": 2.228, ""shorea robusta"": 5.093, ""termanalia chebula"": 5.889}",98.0,0.0,3.850729994903507,21.648074975305978,-300589111.0,0.0,2.266314872627914,10.505246840613266,,,,,98.0,3.0,5.034022818868948,21.648074971221522,-179588852.0,3.0,1.9654757154954707,13.420687848784594,,,,,119.0,3.0,9.015129527903822,8.351924790992957,-1813006447.0,3.0,1.3136604016673306,8.351924816858808,,,,
21.6178_85.381345,21.6178,85.381345,KENDUJHAR,BANSPAL,TUNKULSAHI,,17,0,0.7566037735849059,,1.0239999999999998,18.0,0.0,0,,True,"{""azadirachta indica"": 0.318, ""diospyros melanoxylon"": 5.252, ""paederia foetida"": 1.91, ""pogostemon benghalense"": 0.637, ""syzygium cumini"": 0.318}",,,,,,,,,,,,,,,,,,,,,,,,,,,,,,,,,,,,
21.618997_85.379154,21.618997,85.379154,KENDUJHAR,BANSPAL,TUNKULSAHI,,21,1,14.97533550561439,15.0,4.072000000000001,63.0,0.0,1,79.57747154594767,False,"{""aegle marmelos"": 0.637, ""azadirachta indica"": 0.637, ""cipadessa baccifera"": 0.318, ""diospyros melanoxylon"": 0.318, ""other"": 0.318, ""pogostemon benghalense"": 0.637, ""psidium guajava"": 1.035, ""schleichera oleosa"": 4973.592, ""stereospermum colais"": 3.979, ""woodfordia fruticosa"": 0.637}",,,,,,,,,,,,,,,,,,,,,,,,,,,,,,,,,,,,
21.621938_85.383944,21.621938,85.383944,KENDUJHAR,BANSPAL,TUNKULSAHI,,8,0,0.8264711359404098,,0.5960000000000001,2.5,0.0,0,,True,"{""azadirachta indica"": 0.497, ""diospyros melanoxylon"": 0.318, ""mangifera indica"": 0.716, ""psidium guajava"": 0.955, ""vitex negundo"": 18.88}",,,,,,,,,,,,,,,,,,,,,,,,,,,,,,,,,,,,
21.62195_85.383933,21.62195,85.383933,KENDUJHAR,BANSPAL,TUNKULSAHI,,19,4,12.528477257839086,12.654850902861355,11.499999999999998,23.0,0.0,2,15.032184375029516,False,"{""diospyros melanoxylon"": 6.525, ""holarrhena antidysenterica"": 4.934, ""mangifera indica"": 1604.6, ""other"": 64.494, ""pogostemon benghalense"": 0.318, ""tamarindus indica"": 0.637, ""woodfordia fruticosa"": 0.955}",,,,,,,,,,,,,,,,,,,,,,,,,,,,,,,,,,,,
