{"type": "FeatureCollection", "columns": {}, "features": [{"type": "Feature", "geometry": {"type": "Polygon", "coordinates": [[[84.64187118406525, 20.830134808163464], [84.64205084712208, 20.830134808163464], [84.64205084712208, 20.8304043027487], [84.64187118406525, 20.8304043027487], [84.64187118406525, 20.830494134277114], [84.64160168948003, 20.830494134277114], [84.64160168948003, 20.8304043027487], [84.64169152100843, 20.8304043027487], [84.64169152100843, 20.830224639691878], [84.64187118406525, 20.830224639691878], [84.64187118406525, 20.830134808163464]]]}, "id": "+31+8", "properties": {"area_ha": 0.12123140222443189, "centroid_lat": 20.830324836540218, "centroid_lon": 84.64185390851299, "cluster_id": 5, "n_pixels": 12, "perim_m": 173.06867894842026, "profile_annual_rainfall_p50": 1505.9420581648747, "profile_aspect_cos_p50": -0.42261826174069866, "profile_aspect_sin_p50": 8.368282946838767e-17, "profile_canopy_height_max_p50": 16, "profile_canopy_height_p50": 15, "profile_canopy_height_std_p50": 0.4796882510175016, "profile_distance_to_water_p50": 463409.50001051987, "profile_elevation_p50": 172, "profile_ndvi_amplitude_annual_p50": 0.17048289900212668, "profile_ndvi_mean_p50": 0.5960216558462038, "profile_ndvi_phase_annual_cos_p50": -0.9975915864410161, "profile_ndvi_phase_annual_sin_p50": 0.07417168914717162, "profile_ndvi_residual_variance_p50": 0.00774859606117175, "profile_ndvi_trend_p50": -0.0036441331888788227, "profile_slope_p50": 3, "profile_vh_iqr_p50": 3.658622608586966, "profile_vh_p10_p50": -17.566743797684428, "profile_vh_p50_p50": -15.66873593089709, "profile_vh_p90_p50": -13.78548284778306, "profile_vv_iqr_p50": 3.419226960096244, "profile_vv_minus_vh_median_p50": 6.535462084537159, "profile_vv_p10_p50": -10.902273113810534, "profile_vv_p50_p50": -9.097122146378963, "profile_vv_p90_p50": -7.34188028419536, "unit_id": 1}}, {"type": "Feature", "geometry": {"type": "Polygon", "coordinates": [[[84.64528478214491, 20.829146661350933], [84.64537461367333, 20.829146661350933], [84.64537461367333, 20.829236492879346], [84.64555427673015, 20.829236492879346], [84.64555427673015, 20.82932632440776], [84.64564410825855, 20.82932632440776], [84.64564410825855, 20.829236492879346], [84.64582377131538, 20.829236492879346], [84.64582377131538, 20.82941615593617], [84.6460034343722, 20.82941615593617], [84.6460034343722, 20.829505987464582], [84.64609326590062, 20.829505987464582], [84.64609326590062, 20.82932632440776], [84.64618309742903, 20.82932632440776], [84.64618309742903, 20.82941615593617], [84.64636276048586, 20.82941615593617], [84.64636276048586, 20.829595818992992], [84.64654242354268, 20.829595818992992], [84.64654242354268, 20.829685650521405], [84.64663225507108, 20.829685650521405], [84.64663225507108, 20.829865313578228], [84.6467220865995, 20.829865313578228], [84.6467220865995, 20.830044976635055], [84.64654242354268, 20.830044976635055], [84.64654242354268, 20.830134808163464], [84.64636276048586, 20.830134808163464], [84.64636276048586, 20.830224639691878], [84.64618309742903, 20.830224639691878], [84.64618309742903, 20.83031447122029], [84.6460034343722, 20.83031447122029], [84.6460034343722, 20.8304043027487], [84.64582377131538, 20.8304043027487], [84.64582377131538, 20.830494134277114], [84.64564410825855, 20.830494134277114], [84.64564410825855, 20.830583965805523], [84.64546444520174, 20.830583965805523], [84.64546444520174, 20.830673797333937], [84.64528478214491, 20.830673797333937], [84.64528478214491, 20.83076362886235], [84.64501528755967, 20.83076362886235], [84.64501528755967, 20.83085346039076], [84.64447629838921, 20.83085346039076], [84.64447629838921, 20.830943291919173], [84.64402714074714, 20.830943291919173], [84.64402714074714, 20.83085346039076], [84.64357798310509, 20.83085346039076], [84.64357798310509, 20.830494134277114], [84.64348815157668, 20.830494134277114], [84.64348815157668, 20.8304043027487], [84.64312882546302, 20.8304043027487], [84.64312882546302, 20.83031447122029], [84.64321865699144, 20.83031447122029], [84.64321865699144, 20.830224639691878], [84.64339832004826, 20.830224639691878], [84.64339832004826, 20.82995514510664], [84.64357798310509, 20.82995514510664], [84.64357798310509, 20.829865313578228], [84.6437576461619, 20.829865313578228], [84.6437576461619, 20.829685650521405], [84.64393730921873, 20.829685650521405], [84.64393730921873, 20.829595818992992], [84.64402714074714, 20.829595818992992], [84.64402714074714, 20.829685650521405], [84.64411697227555, 20.829685650521405], [84.64411697227555, 20.82977548204982], [84.64420680380397, 20.82977548204982], [84.64420680380397, 20.829865313578228], [84.64429663533238, 20.829865313578228], [84.64429663533238, 20.82977548204982], [84.6443864668608, 20.82977548204982], [84.6443864668608, 20.829685650521405], [84.64465596144602, 20.829685650521405], [84.64465596144602, 20.82977548204982], [84.64483562450285, 20.82977548204982], [84.64483562450285, 20.829865313578228], [84.64492545603126, 20.829865313578228], [84.64492545603126, 20.82995514510664], [84.64501528755967, 20.82995514510664], [84.64501528755967, 20.830044976635055], [84.64510511908809, 20.830044976635055], [84.64510511908809, 20.829865313578228], [84.6451949506165, 20.829865313578228], [84.6451949506165, 20.82995514510664], [84.64528478214491, 20.82995514510664], [84.64528478214491, 20.829865313578228], [84.64564410825855, 20.829865313578228], [84.64564410825855, 20.82977548204982], [84.64555427673015, 20.82977548204982], [84.64555427673015, 20.829685650521405], [84.64564410825855, 20.829685650521405], [84.64564410825855, 20.829595818992992], [84.64555427673015, 20.829595818992992], [84.64555427673015, 20.829505987464582], [84.64546444520174, 20.829505987464582], [84.64546444520174, 20.82941615593617], [84.6451949506165, 20.82941615593617], [84.6451949506165, 20.829236492879346], [84.64528478214491, 20.829236492879346], [84.64528478214491, 20.829146661350933]]]}, "id": "+68+19", "properties": {"area_ha": 3.6928990568747895, "centroid_lat": 20.830158855467705, "centroid_lon": 84.64492818011209, "cluster_id": 3, "n_pixels": 369, "perim_m": 1476.8636229598173, "profile_annual_rainfall_p50": 1440.3388063930063, "profile_aspect_cos_p50": 0.48480962024633784, "profile_aspect_sin_p50": -0.25881904510252196, "profile_canopy_height_max_p50": 22.999999999999996, "profile_canopy_height_p50": 23.00000000000001, "profile_canopy_height_std_p50": 0.4714045207910619, "profile_distance_to_water_p50": 463409.50001051987, "profile_elevation_p50": 298.4744523964432, "profile_ndvi_amplitude_annual_p50": 0.1884337250973825, "profile_ndvi_mean_p50": 0.7002127628517398, "profile_ndvi_phase_annual_cos_p50": -0.9931870121433142, "profile_ndvi_phase_annual_sin_p50": 0.0898867809311113, "profile_ndvi_residual_variance_p50": 0.01263375671492384, "profile_ndvi_trend_p50": -0.008058781396729631, "profile_slope_p50": 6.999999999999996, "profile_vh_iqr_p50": 3.0932676732942106, "profile_vh_p10_p50": -15.564209668785168, "profile_vh_p50_p50": -13.937162022523776, "profile_vh_p90_p50": -12.312136600672632, "profile_vv_iqr_p50": 2.907736989783209, "profile_vv_minus_vh_median_p50": 6.282849576801798, "profile_vv_p10_p50": -9.186273520606147, "profile_vv_p50_p50": -7.595373323243498, "profile_vv_p90_p50": -6.0950475707483305, "unit_id": 2}}, {"type": "Feature", "geometry": {"type": "Polygon", "coordinates": [[[84.64241017323573, 20.829056829822523], [84.64250000476414, 20.829056829822523], [84.64250000476414, 20.829146661350933], [84.64276949934937, 20.829146661350933], [84.64276949934937, 20.82932632440776], [84.64303899393461, 20.82932632440776], [84.64303899393461, 20.829505987464582], [84.64321865699144, 20.829505987464582], [84.64321865699144, 20.829865313578228], [84.64357798310509, 20.829865313578228], [84.64357798310509, 20.82995514510664], [84.64339832004826, 20.82995514510664], [84.64339832004826, 20.830224639691878], [84.64321865699144, 20.830224639691878], [84.64321865699144, 20.83031447122029], [84.64312882546302, 20.83031447122029], [84.64312882546302, 20.8304043027487], [84.64348815157668, 20.8304043027487], [84.64348815157668, 20.830494134277114], [84.64357798310509, 20.830494134277114], [84.64357798310509, 20.83085346039076], [84.64330848851985, 20.83085346039076], [84.64330848851985, 20.83076362886235], [84.64276949934937, 20.83076362886235], [84.64276949934937, 20.830673797333937], [84.64241017323573, 20.830673797333937], [84.64241017323573, 20.829865313578228], [84.64232034170732, 20.829865313578228], [84.64232034170732, 20.82977548204982], [84.6422305101789, 20.82977548204982], [84.6422305101789, 20.829505987464582], [84.64241017323573, 20.829505987464582], [84.64241017323573, 20.829056829822523]], [[84.64303899393461, 20.829595818992992], [84.6429491624062, 20.829595818992992], [84.6429491624062, 20.829685650521405], [84.64303899393461, 20.829685650521405], [84.64303899393461, 20.829595818992992]]]}, "id": "+36+20", "properties": {"area_ha": 1.6599406916355808, "centroid_lat": 20.830045480533105, "centroid_lon": 84.64286690032793, "cluster_id": 1, "n_pixels": 166, "perim_m": 810.4326704768033, "profile_annual_rainfall_p50": 1489.2637966702375, "profile_aspect_cos_p50": -0.529919264233205, "profile_aspect_sin_p50": -0.12186934340514723, "profile_canopy_height_max_p50": 18.999999999999996, "profile_canopy_height_p50": 18.999999999999993, "profile_canopy_height_std_p50": 0.47140452079104006, "profile_distance_to_water_p50": 463409.50001051987, "profile_elevation_p50": 188, "profile_ndvi_amplitude_annual_p50": 0.17920110982628168, "profile_ndvi_mean_p50": 0.6495254866009239, "profile_ndvi_phase_annual_cos_p50": -0.994191919067371, "profile_ndvi_phase_annual_sin_p50": 0.058502806294268024, "profile_ndvi_residual_variance_p50": 0.008975052430894357, "profile_ndvi_trend_p50": -0.004144396528579892, "profile_slope_p50": 4, "profile_vh_iqr_p50": 3.3123445792849506, "profile_vh_p10_p50": -16.437667431252414, "profile_vh_p50_p50": -14.6558245857463, "profile_vh_p90_p50": -13.028816985424658, "profile_vv_iqr_p50": 3.0930283255240894, "profile_vv_minus_vh_median_p50": 6.344056960104594, "profile_vv_p10_p50": -9.937872626254787, "profile_vv_p50_p50": -8.343753141921221, "profile_vv_p90_p50": -6.717165705436103, "unit_id": 3}}, {"type": "Feature", "geometry": {"type": "Polygon", "coordinates": [[[84.6414220264232, 20.82977548204982], [84.64196101559367, 20.82977548204982], [84.64196101559367, 20.829865313578228], [84.64205084712208, 20.829865313578228], [84.64205084712208, 20.82995514510664], [84.64187118406525, 20.82995514510664], [84.64187118406525, 20.829865313578228], [84.6414220264232, 20.829865313578228], [84.6414220264232, 20.82977548204982]]]}, "id": "+30+12", "properties": {"area_ha": 0.07460414010239111, "centroid_lat": 20.82984285647507, "centroid_lon": 84.64175889479434, "cluster_id": 5, "n_pixels": 7, "perim_m": 170.6878090310324, "profile_annual_rainfall_p50": 1505.9420581648747, "profile_aspect_cos_p50": -0.42261826174069866, "profile_aspect_sin_p50": 8.368282946838767e-17, "profile_canopy_height_max_p50": 16, "profile_canopy_height_p50": 15, "profile_canopy_height_std_p50": 0.4796882510175016, "profile_distance_to_water_p50": 463409.50001051987, "profile_elevation_p50": 172, "profile_ndvi_amplitude_annual_p50": 0.17048289900212668, "profile_ndvi_mean_p50": 0.5960216558462038, "profile_ndvi_phase_annual_cos_p50": -0.9975915864410161, "profile_ndvi_phase_annual_sin_p50": 0.07417168914717162, "profile_ndvi_residual_variance_p50": 0.00774859606117175, "profile_ndvi_trend_p50": -0.0036441331888788227, "profile_slope_p50": 3, "profile_vh_iqr_p50": 3.658622608586966, "profile_vh_p10_p50": -17.566743797684428, "profile_vh_p50_p50": -15.66873593089709, "profile_vh_p90_p50": -13.78548284778306, "profile_vv_iqr_p50": 3.419226960096244, "profile_vv_minus_vh_median_p50": 6.535462084537159, "profile_vv_p10_p50": -10.902273113810534, "profile_vv_p50_p50": -9.097122146378963, "profile_vv_p90_p50": -7.34188028419536, "unit_id": 4}}, {"type": "Feature", "geometry": {"type": "Polygon", "coordinates": [[[84.64043387961067, 20.829146661350933], [84.64052371113908, 20.829146661350933], [84.64052371113908, 20.829236492879346], [84.6407033741959, 20.829236492879346], [84.6407033741959, 20.82941615593617], [84.6406135426675, 20.82941615593617], [84.6406135426675, 20.829505987464582], [84.6407033741959, 20.829505987464582], [84.6407033741959, 20.829685650521405], [84.64052371113908, 20.829685650521405], [84.64052371113908, 20.829595818992992], [84.64043387961067, 20.829595818992992], [84.64043387961067, 20.829505987464582], [84.64034404808226, 20.829505987464582], [84.64034404808226, 20.82941615593617], [84.64025421655384, 20.82941615593617], [84.64025421655384, 20.82932632440776], [84.64007455349702, 20.82932632440776], [84.64007455349702, 20.829236492879346], [84.64043387961067, 20.829236492879346], [84.64043387961067, 20.829146661350933]], [[84.64052371113908, 20.829236492879346], [84.64043387961067, 20.829236492879346], [84.64043387961067, 20.82932632440776], [84.64052371113908, 20.82932632440776], [84.64052371113908, 20.829236492879346]]]}, "id": "+14+19", "properties": {"area_ha": 0.1865109585625294, "centroid_lat": 20.82940268101327, "centroid_lon": 84.64047430348174, "cluster_id": 5, "n_pixels": 19, "perim_m": 307.54642541964995, "profile_annual_rainfall_p50": 1505.9420581648747, "profile_aspect_cos_p50": -0.42261826174069866, "profile_aspect_sin_p50": 8.368282946838767e-17, "profile_canopy_height_max_p50": 16, "profile_canopy_height_p50": 15, "profile_canopy_height_std_p50": 0.4796882510175016, "profile_distance_to_water_p50": 463409.50001051987, "profile_elevation_p50": 172, "profile_ndvi_amplitude_annual_p50": 0.17048289900212668, "profile_ndvi_mean_p50": 0.5960216558462038, "profile_ndvi_phase_annual_cos_p50": -0.9975915864410161, "profile_ndvi_phase_annual_sin_p50": 0.07417168914717162, "profile_ndvi_residual_variance_p50": 0.00774859606117175, "profile_ndvi_trend_p50": -0.0036441331888788227, "profile_slope_p50": 3, "profile_vh_iqr_p50": 3.658622608586966, "profile_vh_p10_p50": -17.566743797684428, "profile_vh_p50_p50": -15.66873593089709, "profile_vh_p90_p50": -13.78548284778306, "profile_vv_iqr_p50": 3.419226960096244, "profile_vv_minus_vh_median_p50": 6.535462084537159, "profile_vv_p10_p50": -10.902273113810534, "profile_vv_p50_p50": -9.097122146378963, "profile_vv_p90_p50": -7.34188028419536, "unit_id": 5}}, {"type": "Feature", "geometry": {"type": "Polygon", "coordinates": [[[84.64357798310509, 20.829056829822523], [84.64366781463349, 20.829056829822523], [84.64366781463349, 20.829146661350933], [84.64357798310509, 20.829146661350933], [84.64357798310509, 20.82932632440776], [84.64339832004826, 20.82932632440776], [84.64339832004826, 20.829236492879346], [84.64348815157668, 20.829236492879346], [84.64348815157668, 20.829146661350933], [84.64357798310509, 20.829146661350933], [84.64357798310509, 20.829056829822523]]]}, "id": "+49+20", "properties": {"area_ha": 0.03730224524124723, "centroid_lat": 20.829214034978772, "centroid_lon": 84.64353306569797, "cluster_id": 5, "n_pixels": 4, "perim_m": 115.77641531022377, "profile_annual_rainfall_p50": 1505.9420581648747, "profile_aspect_cos_p50": -0.42261826174069866, "profile_aspect_sin_p50": 8.368282946838767e-17, "profile_canopy_height_max_p50": 16, "profile_canopy_height_p50": 15, "profile_canopy_height_std_p50": 0.4796882510175016, "profile_distance_to_water_p50": 463409.50001051987, "profile_elevation_p50": 172, "profile_ndvi_amplitude_annual_p50": 0.17048289900212668, "profile_ndvi_mean_p50": 0.5960216558462038, "profile_ndvi_phase_annual_cos_p50": -0.9975915864410161, "profile_ndvi_phase_annual_sin_p50": 0.07417168914717162, "profile_ndvi_residual_variance_p50": 0.00774859606117175, "profile_ndvi_trend_p50": -0.0036441331888788227, "profile_slope_p50": 3, "profile_vh_iqr_p50": 3.658622608586966, "profile_vh_p10_p50": -17.566743797684428, "profile_vh_p50_p50": -15.66873593089709, "profile_vh_p90_p50": -13.78548284778306, "profile_vv_iqr_p50": 3.419226960096244, "profile_vv_minus_vh_median_p50": 6.535462084537159, "profile_vv_p10_p50": -10.902273113810534, "profile_vv_p50_p50": -9.097122146378963, "profile_vv_p90_p50": -7.34188028419536, "unit_id": 6}}, {"type": "Feature", "geometry": {"type": "Polygon", "coordinates": [[[84.64510511908809, 20.828697503708874], [84.6451949506165, 20.828697503708874], [84.6451949506165, 20.82896699829411], [84.64510511908809, 20.82896699829411], [84.64510511908809, 20.829056829822523], [84.64492545603126, 20.829056829822523], [84.64492545603126, 20.829236492879346], [84.64465596144602, 20.829236492879346], [84.64465596144602, 20.82932632440776], [84.64456612991762, 20.82932632440776], [84.64456612991762, 20.829146661350933], [84.64474579297443, 20.829146661350933], [84.64474579297443, 20.82896699829411], [84.64510511908809, 20.82896699829411], [84.64510511908809, 20.828877166765697], [84.64492545603126, 20.828877166765697], [84.64492545603126, 20.828787335237287], [84.64510511908809, 20.828787335237287], [84.64510511908809, 20.828697503708874]]]}, "id": "+66+24", "properties": {"area_ha": 0.1492091396732727, "centroid_lat": 20.82902875737561, "centroid_lon": 84.64490299921617, "cluster_id": 2, "n_pixels": 15, "perim_m": 307.54680726790565, "profile_annual_rainfall_p50": 1505.9420581648747, "profile_aspect_cos_p50": -0.9205048534524404, "profile_aspect_sin_p50": -0.39073112848927355, "profile_canopy_height_max_p50": 17.5, "profile_canopy_height_p50": 15.5, "profile_canopy_height_std_p50": 1.4229164972072976, "profile_distance_to_water_p50": 463409.50001051987, "profile_elevation_p50": 187, "profile_ndvi_amplitude_annual_p50": 0.15675188777654725, "profile_ndvi_mean_p50": 0.4805716967594129, "profile_ndvi_phase_annual_cos_p50": -0.996037881116423, "profile_ndvi_phase_annual_sin_p50": 0.08288330887684783, "profile_ndvi_residual_variance_p50": 0.005469642495584725, "profile_ndvi_trend_p50": 0.00609988420551006, "profile_slope_p50": 4.5, "profile_vh_iqr_p50": 4.034224834715485, "profile_vh_p10_p50": -17.880672518691917, "profile_vh_p50_p50": -16.589808479030395, "profile_vh_p90_p50": -14.17263873006512, "profile_vv_iqr_p50": 2.192600403523225, "profile_vv_minus_vh_median_p50": 7.2719562316119175, "profile_vv_p10_p50": -10.265785362140113, "profile_vv_p50_p50": -9.492599914100047, "profile_vv_p90_p50": -8.77907776569205, "unit_id": 7}}, {"type": "Feature", "geometry": {"type": "Polygon", "coordinates": [[[84.64393730921873, 20.828697503708874], [84.64429663533238, 20.828697503708874], [84.64429663533238, 20.828787335237287], [84.64393730921873, 20.828787335237287], [84.64393730921873, 20.828697503708874]]]}, "id": "+56+24", "properties": {"area_ha": 0.03730235962698395, "centroid_lat": 20.82874241914735, "centroid_lon": 84.64411697278508, "cluster_id": 2, "n_pixels": 4, "perim_m": 94.69481223073528, "profile_annual_rainfall_p50": 1505.9420581648747, "profile_aspect_cos_p50": -0.9205048534524404, "profile_aspect_sin_p50": -0.39073112848927355, "profile_canopy_height_max_p50": 17.5, "profile_canopy_height_p50": 15.5, "profile_canopy_height_std_p50": 1.4229164972072976, "profile_distance_to_water_p50": 463409.50001051987, "profile_elevation_p50": 187, "profile_ndvi_amplitude_annual_p50": 0.15675188777654725, "profile_ndvi_mean_p50": 0.4805716967594129, "profile_ndvi_phase_annual_cos_p50": -0.996037881116423, "profile_ndvi_phase_annual_sin_p50": 0.08288330887684783, "profile_ndvi_residual_variance_p50": 0.005469642495584725, "profile_ndvi_trend_p50": 0.00609988420551006, "profile_slope_p50": 4.5, "profile_vh_iqr_p50": 4.034224834715485, "profile_vh_p10_p50": -17.880672518691917, "profile_vh_p50_p50": -16.589808479030395, "profile_vh_p90_p50": -14.17263873006512, "profile_vv_iqr_p50": 2.192600403523225, "profile_vv_minus_vh_median_p50": 7.2719562316119175, "profile_vv_p10_p50": -10.265785362140113, "profile_vv_p50_p50": -9.492599914100047, "profile_vv_p90_p50": -8.77907776569205, "unit_id": 8}}, {"type": "Feature", "geometry": {"type": "Polygon", "coordinates": [[[84.63944573279814, 20.8281585145384], [84.63953556432655, 20.8281585145384], [84.63953556432655, 20.828248346066815], [84.63962539585496, 20.828248346066815], [84.63962539585496, 20.828338177595228], [84.63971522738336, 20.828338177595228], [84.63971522738336, 20.828697503708874], [84.63962539585496, 20.828697503708874], [84.63962539585496, 20.82860767218046], [84.63953556432655, 20.82860767218046], [84.63953556432655, 20.828428009123638], [84.63944573279814, 20.828428009123638], [84.63944573279814, 20.8281585145384]]]}, "id": "+3+30", "properties": {"area_ha": 0.10258170589867723, "centroid_lat": 20.828423926523115, "centroid_lon": 84.63958864432684, "cluster_id": 5, "n_pixels": 10, "perim_m": 175.45066813782688, "profile_annual_rainfall_p50": 1505.9420581648747, "profile_aspect_cos_p50": -0.42261826174069866, "profile_aspect_sin_p50": 8.368282946838767e-17, "profile_canopy_height_max_p50": 16, "profile_canopy_height_p50": 15, "profile_canopy_height_std_p50": 0.4796882510175016, "profile_distance_to_water_p50": 463409.50001051987, "profile_elevation_p50": 172, "profile_ndvi_amplitude_annual_p50": 0.17048289900212668, "profile_ndvi_mean_p50": 0.5960216558462038, "profile_ndvi_phase_annual_cos_p50": -0.9975915864410161, "profile_ndvi_phase_annual_sin_p50": 0.07417168914717162, "profile_ndvi_residual_variance_p50": 0.00774859606117175, "profile_ndvi_trend_p50": -0.0036441331888788227, "profile_slope_p50": 3, "profile_vh_iqr_p50": 3.658622608586966, "profile_vh_p10_p50": -17.566743797684428, "profile_vh_p50_p50": -15.66873593089709, "profile_vh_p90_p50": -13.78548284778306, "profile_vv_iqr_p50": 3.419226960096244, "profile_vv_minus_vh_median_p50": 6.535462084537159, "profile_vv_p10_p50": -10.902273113810534, "profile_vv_p50_p50": -9.097122146378963, "profile_vv_p90_p50": -7.34188028419536, "unit_id": 9}}, {"type": "Feature", "geometry": {"type": "Polygon", "coordinates": [[[84.6451949506165, 20.828248346066815], [84.64546444520174, 20.828248346066815], [84.64546444520174, 20.828428009123638], [84.64537461367333, 20.828428009123638], [84.64537461367333, 20.828338177595228], [84.6451949506165, 20.828338177595228], [84.6451949506165, 20.828248346066815]]]}, "id": "+69+29", "properties": {"area_ha": 0.037302458026267464, "centroid_lat": 20.828315723981188, "centroid_lon": 84.64535215340153, "cluster_id": 2, "n_pixels": 4, "perim_m": 95.88542079218884, "profile_annual_rainfall_p50": 1505.9420581648747, "profile_aspect_cos_p50": -0.9205048534524404, "profile_aspect_sin_p50": -0.39073112848927355, "profile_canopy_height_max_p50": 17.5, "profile_canopy_height_p50": 15.5, "profile_canopy_height_std_p50": 1.4229164972072976, "profile_distance_to_water_p50": 463409.50001051987, "profile_elevation_p50": 187, "profile_ndvi_amplitude_annual_p50": 0.15675188777654725, "profile_ndvi_mean_p50": 0.4805716967594129, "profile_ndvi_phase_annual_cos_p50": -0.996037881116423, "profile_ndvi_phase_annual_sin_p50": 0.08288330887684783, "profile_ndvi_residual_variance_p50": 0.005469642495584725, "profile_ndvi_trend_p50": 0.00609988420551006, "profile_slope_p50": 4.5, "profile_vh_iqr_p50": 4.034224834715485, "profile_vh_p10_p50": -17.880672518691917, "profile_vh_p50_p50": -16.589808479030395, "profile_vh_p90_p50": -14.17263873006512, "profile_vv_iqr_p50": 2.192600403523225, "profile_vv_minus_vh_median_p50": 7.2719562316119175, "profile_vv_p10_p50": -10.265785362140113, "profile_vv_p50_p50": -9.492599914100047, "profile_vv_p90_p50": -8.77907776569205, "unit_id": 10}}, {"type": "Feature", "geometry": {"type": "Polygon", "coordinates": [[[84.64456612991762, 20.825194074100807], [84.64474579297443, 20.825194074100807], [84.64474579297443, 20.82528390562922], [84.64465596144602, 20.82528390562922], [84.64465596144602, 20.825373737157634], [84.64492545603126, 20.825373737157634], [84.64492545603126, 20.825463568686043], [84.64537461367333, 20.825463568686043], [84.64537461367333, 20.825553400214456], [84.64564410825855, 20.825553400214456], [84.64564410825855, 20.825643231742866], [84.64573393978696, 20.825643231742866], [84.64573393978696, 20.82609238938493], [84.64564410825855, 20.82609238938493], [84.64564410825855, 20.82618222091334], [84.64555427673015, 20.82618222091334], [84.64555427673015, 20.826811041612224], [84.64564410825855, 20.826811041612224], [84.64564410825855, 20.826990704669047], [84.64573393978696, 20.826990704669047], [84.64573393978696, 20.82717036772587], [84.64591360284379, 20.82717036772587], [84.64591360284379, 20.826990704669047], [84.6460034343722, 20.826990704669047], [84.6460034343722, 20.826811041612224], [84.64609326590062, 20.826811041612224], [84.64609326590062, 20.82627205244175], [84.64627292895744, 20.82627205244175], [84.64627292895744, 20.82618222091334], [84.64645259201427, 20.82618222091334], [84.64645259201427, 20.825822894799693], [84.64654242354268, 20.825822894799693], [84.64654242354268, 20.825912726328102], [84.6467220865995, 20.825912726328102], [84.6467220865995, 20.825822894799693], [84.64726107576998, 20.825822894799693], [84.64726107576998, 20.825912726328102], [84.64753057035522, 20.825912726328102], [84.64753057035522, 20.826002557856516], [84.64762040188361, 20.826002557856516], [84.64762040188361, 20.82627205244175], [84.64771023341203, 20.82627205244175], [84.64771023341203, 20.826361883970165], [84.64762040188361, 20.826361883970165], [84.64762040188361, 20.826451715498575], [84.64771023341203, 20.826451715498575], [84.64771023341203, 20.826541547026988], [84.64762040188361, 20.826541547026988], [84.64762040188361, 20.82672121008381], [84.64771023341203, 20.82672121008381], [84.64771023341203, 20.826900873140634], [84.64762040188361, 20.826900873140634], [84.64762040188361, 20.826990704669047], [84.64753057035522, 20.826990704669047], [84.64753057035522, 20.82708053619746], [84.6474407388268, 20.82708053619746], [84.6474407388268, 20.826990704669047], [84.64708141271315, 20.826990704669047], [84.64708141271315, 20.82717036772587], [84.64690174965632, 20.82717036772587], [84.64690174965632, 20.827709356896342], [84.64708141271315, 20.827709356896342], [84.64708141271315, 20.827799188424756], [84.64717124424156, 20.827799188424756], [84.64717124424156, 20.827889019953165], [84.64726107576998, 20.827889019953165], [84.64726107576998, 20.827799188424756], [84.64735090729839, 20.827799188424756], [84.64735090729839, 20.82761952536793], [84.64726107576998, 20.82761952536793], [84.64726107576998, 20.82752969383952], [84.64735090729839, 20.82752969383952], [84.64735090729839, 20.82761952536793], [84.6474407388268, 20.82761952536793], [84.6474407388268, 20.827439862311106], [84.64762040188361, 20.827439862311106], [84.64762040188361, 20.827709356896342], [84.64771023341203, 20.827709356896342], [84.64771023341203, 20.827889019953165], [84.64788989646885, 20.827889019953165], [84.64788989646885, 20.827799188424756], [84.64797972799727, 20.827799188424756], [84.64797972799727, 20.827709356896342], [84.64806955952568, 20.827709356896342], [84.64806955952568, 20.827799188424756], [84.6482492225825, 20.827799188424756], [84.6482492225825, 20.827889019953165], [84.64806955952568, 20.827889019953165], [84.64806955952568, 20.82797885148158], [84.6481593910541, 20.82797885148158], [84.6481593910541, 20.828248346066815], [84.64806955952568, 20.828248346066815], [84.64806955952568, 20.828338177595228], [84.6481593910541, 20.828338177595228], [84.6481593910541, 20.82860767218046], [84.64842888563933, 20.82860767218046], [84.64842888563933, 20.828787335237287], [84.64851871716775, 20.828787335237287], [84.64851871716775, 20.829056829822523], [84.64833905411092, 20.829056829822523], [84.64833905411092, 20.829146661350933], [84.6482492225825, 20.829146661350933], [84.6482492225825, 20.829236492879346], [84.6481593910541, 20.829236492879346], [84.6481593910541, 20.82932632440776], [84.64797972799727, 20.82932632440776], [84.64797972799727, 20.82941615593617], [84.64780006494044, 20.82941615593617], [84.64780006494044, 20.829505987464582], [84.64762040188361, 20.829505987464582], [84.64762040188361, 20.829595818992992], [84.6474407388268, 20.829595818992992], [84.6474407388268, 20.829685650521405], [84.64726107576998, 20.829685650521405], [84.64726107576998, 20.82977548204982], [84.64708141271315, 20.82977548204982], [84.64708141271315, 20.829865313578228], [84.64690174965632, 20.829865313578228], [84.64690174965632, 20.82995514510664], [84.6467220865995, 20.82995514510664], [84.6467220865995, 20.829865313578228], [84.64663225507108, 20.829865313578228], [84.64663225507108, 20.829685650521405], [84.64654242354268, 20.829685650521405], [84.64654242354268, 20.829595818992992], [84.64636276048586, 20.829595818992992], [84.64636276048586, 20.82941615593617], [84.64618309742903, 20.82941615593617], [84.64618309742903, 20.82932632440776], [84.64609326590062, 20.82932632440776], [84.64609326590062, 20.829505987464582], [84.6460034343722, 20.829505987464582], [84.6460034343722, 20.82941615593617], [84.64582377131538, 20.82941615593617], [84.64582377131538, 20.829236492879346], [84.64564410825855, 20.829236492879346], [84.64564410825855, 20.82932632440776], [84.64555427673015, 20.82932632440776], [84.64555427673015, 20.829236492879346], [84.64537461367333, 20.829236492879346], [84.64537461367333, 20.829146661350933], [84.64528478214491, 20.829146661350933], [84.64528478214491, 20.829236492879346], [84.6451949506165, 20.829236492879346], [84.6451949506165, 20.82941615593617], [84.64546444520174, 20.82941615593617], [84.64546444520174, 20.829505987464582], [84.64555427673015, 20.829505987464582], [84.64555427673015, 20.829595818992992], [84.64564410825855, 20.829595818992992], [84.64564410825855, 20.829685650521405], [84.64555427673015, 20.829685650521405], [84.64555427673015, 20.82977548204982], [84.64564410825855, 20.82977548204982], [84.64564410825855, 20.829865313578228], [84.64528478214491, 20.829865313578228], [84.64528478214491, 20.82995514510664], [84.6451949506165, 20.82995514510664], [84.6451949506165, 20.829865313578228], [84.64510511908809, 20.829865313578228], [84.64510511908809, 20.830044976635055], [84.64501528755967, 20.830044976635055], [84.64501528755967, 20.82995514510664], [84.64492545603126, 20.82995514510664], [84.64492545603126, 20.829865313578228], [84.64483562450285, 20.829865313578228], [84.64483562450285, 20.82977548204982], [84.64465596144602, 20.82977548204982], [84.64465596144602, 20.829685650521405], [84.6443864668608, 20.829685650521405], [84.6443864668608, 20.82977548204982], [84.64429663533238, 20.82977548204982], [84.64429663533238, 20.829865313578228], [84.64420680380397, 20.829865313578228], [84.64420680380397, 20.82977548204982], [84.64411697227555, 20.82977548204982], [84.64411697227555, 20.829685650521405], [84.64402714074714, 20.829685650521405], [84.64402714074714, 20.829505987464582], [84.64411697227555, 20.829505987464582], [84.64411697227555, 20.82932632440776], [84.64420680380397, 20.82932632440776], [84.64420680380397, 20.82941615593617], [84.64429663533238, 20.82941615593617], [84.64429663533238, 20.82932632440776], [84.64465596144602, 20.82932632440776], [84.64465596144602, 20.829236492879346], [84.64492545603126, 20.829236492879346], [84.64492545603126, 20.829056829822523], [84.64510511908809, 20.829056829822523], [84.64510511908809, 20.82896699829411], [84.6451949506165, 20.82896699829411], [84.6451949506165, 20.828787335237287], [84.64528478214491, 20.828787335237287], [84.64528478214491, 20.82860767218046], [84.6451949506165, 20.82860767218046], [84.6451949506165, 20.828338177595228], [84.64537461367333, 20.828338177595228], [84.64537461367333, 20.828428009123638], [84.64546444520174, 20.828428009123638], [84.64546444520174, 20.828338177595228], [84.64564410825855, 20.828338177595228], [84.64564410825855, 20.828248346066815], [84.64573393978696, 20.828248346066815], [84.64573393978696, 20.82806868300999], [84.64591360284379, 20.82806868300999], [84.64591360284379, 20.82797885148158], [84.6460034343722, 20.82797885148158], [84.6460034343722, 20.827889019953165], [84.64609326590062, 20.827889019953165], [84.64609326590062, 20.82752969383952], [84.64573393978696, 20.82752969383952], [84.64573393978696, 20.82761952536793], [84.64564410825855, 20.82761952536793], [84.64564410825855, 20.82752969383952], [84.64537461367333, 20.82752969383952], [84.64537461367333, 20.827439862311106], [84.64510511908809, 20.827439862311106], [84.64510511908809, 20.827350030782696], [84.64501528755967, 20.827350030782696], [84.64501528755967, 20.827260199254283], [84.64510511908809, 20.827260199254283], [84.64510511908809, 20.827350030782696], [84.6451949506165, 20.827350030782696], [84.6451949506165, 20.82717036772587], [84.64528478214491, 20.82717036772587], [84.64528478214491, 20.82708053619746], [84.64510511908809, 20.82708053619746], [84.64510511908809, 20.82672121008381], [84.64528478214491, 20.82672121008381], [84.64528478214491, 20.826631378555398], [84.6451949506165, 20.826631378555398], [84.6451949506165, 20.826451715498575], [84.64501528755967, 20.826451715498575], [84.64501528755967, 20.826361883970165], [84.64492545603126, 20.826361883970165], [84.64492545603126, 20.82627205244175], [84.64483562450285, 20.82627205244175], [84.64483562450285, 20.826361883970165], [84.64474579297443, 20.826361883970165], [84.64474579297443, 20.82627205244175], [84.64465596144602, 20.82627205244175], [84.64465596144602, 20.82618222091334], [84.64447629838921, 20.82618222091334], [84.64447629838921, 20.82609238938493], [84.6437576461619, 20.82609238938493], [84.6437576461619, 20.826002557856516], [84.64366781463349, 20.826002557856516], [84.64366781463349, 20.825912726328102], [84.6437576461619, 20.825912726328102], [84.6437576461619, 20.82573306327128], [84.64384747769031, 20.82573306327128], [84.64384747769031, 20.825643231742866], [84.64393730921873, 20.825643231742866], [84.64393730921873, 20.825553400214456], [84.64411697227555, 20.825553400214456], [84.64411697227555, 20.825643231742866], [84.64429663533238, 20.825643231742866], [84.64429663533238, 20.825194074100807], [84.6443864668608, 20.825194074100807], [84.6443864668608, 20.82528390562922], [84.64456612991762, 20.82528390562922], [84.64456612991762, 20.825194074100807]], [[84.64753057035522, 20.826002557856516], [84.6474407388268, 20.826002557856516], [84.6474407388268, 20.82618222091334], [84.64753057035522, 20.82618222091334], [84.64753057035522, 20.826002557856516]]]}, "id": "+61+63", "properties": {"area_ha": 11.92750380288916, "centroid_lat": 20.82780525584914, "centroid_lon": 84.64630821738076, "cluster_id": 1, "n_pixels": 1193, "perim_m": 4068.5135326846075, "profile_annual_rainfall_p50": 1489.2637966702375, "profile_aspect_cos_p50": -0.529919264233205, "profile_aspect_sin_p50": -0.12186934340514723, "profile_canopy_height_max_p50": 18.999999999999996, "profile_canopy_height_p50": 18.999999999999993, "profile_canopy_height_std_p50": 0.47140452079104006, "profile_distance_to_water_p50": 463409.50001051987, "profile_elevation_p50": 188, "profile_ndvi_amplitude_annual_p50": 0.17920110982628168, "profile_ndvi_mean_p50": 0.6495254866009239, "profile_ndvi_phase_annual_cos_p50": -0.994191919067371, "profile_ndvi_phase_annual_sin_p50": 0.058502806294268024, "profile_ndvi_residual_variance_p50": 0.008975052430894357, "profile_ndvi_trend_p50": -0.004144396528579892, "profile_slope_p50": 4, "profile_vh_iqr_p50": 3.3123445792849506, "profile_vh_p10_p50": -16.437667431252414, "profile_vh_p50_p50": -14.6558245857463, "profile_vh_p90_p50": -13.028816985424658, "profile_vv_iqr_p50": 3.0930283255240894, "profile_vv_minus_vh_median_p50": 6.344056960104594, "profile_vv_p10_p50": -9.937872626254787, "profile_vv_p50_p50": -8.343753141921221, "profile_vv_p90_p50": -6.717165705436103, "unit_id": 11}}, {"type": "Feature", "geometry": {"type": "Polygon", "coordinates": [[[84.64788989646885, 20.82752969383952], [84.64806955952568, 20.82752969383952], [84.64806955952568, 20.82761952536793], [84.6482492225825, 20.82761952536793], [84.6482492225825, 20.827709356896342], [84.64842888563933, 20.827709356896342], [84.64842888563933, 20.827889019953165], [84.64833905411092, 20.827889019953165], [84.64833905411092, 20.82806868300999], [84.6481593910541, 20.82806868300999], [84.6481593910541, 20.82797885148158], [84.64806955952568, 20.82797885148158], [84.64806955952568, 20.827889019953165], [84.6482492225825, 20.827889019953165], [84.6482492225825, 20.827799188424756], [84.64806955952568, 20.827799188424756], [84.64806955952568, 20.827709356896342], [84.64797972799727, 20.827709356896342], [84.64797972799727, 20.827799188424756], [84.64788989646885, 20.827799188424756], [84.64788989646885, 20.827889019953165], [84.64771023341203, 20.827889019953165], [84.64771023341203, 20.827709356896342], [84.64762040188361, 20.827709356896342], [84.64762040188361, 20.82752969383952], [84.64771023341203, 20.82752969383952], [84.64771023341203, 20.827709356896342], [84.64788989646885, 20.827709356896342], [84.64788989646885, 20.82752969383952]]]}, "id": "+98+37", "properties": {"area_ha": 0.2238155935476631, "centroid_lat": 20.827772987343884, "centroid_lon": 84.64806207314885, "cluster_id": 5, "n_pixels": 22, "perim_m": 404.6241105630762, "profile_annual_rainfall_p50": 1505.9420581648747, "profile_aspect_cos_p50": -0.42261826174069866, "profile_aspect_sin_p50": 8.368282946838767e-17, "profile_canopy_height_max_p50": 16, "profile_canopy_height_p50": 15, "profile_canopy_height_std_p50": 0.4796882510175016, "profile_distance_to_water_p50": 463409.50001051987, "profile_elevation_p50": 172, "profile_ndvi_amplitude_annual_p50": 0.17048289900212668, "profile_ndvi_mean_p50": 0.5960216558462038, "profile_ndvi_phase_annual_cos_p50": -0.9975915864410161, "profile_ndvi_phase_annual_sin_p50": 0.07417168914717162, "profile_ndvi_residual_variance_p50": 0.00774859606117175, "profile_ndvi_trend_p50": -0.0036441331888788227, "profile_slope_p50": 3, "profile_vh_iqr_p50": 3.658622608586966, "profile_vh_p10_p50": -17.566743797684428, "profile_vh_p50_p50": -15.66873593089709, "profile_vh_p90_p50": -13.78548284778306, "profile_vv_iqr_p50": 3.419226960096244, "profile_vv_minus_vh_median_p50": 6.535462084537159, "profile_vv_p10_p50": -10.902273113810534, "profile_vv_p50_p50": -9.097122146378963, "profile_vv_p90_p50": -7.34188028419536, "unit_id": 12}}, {"type": "Feature", "geometry": {"type": "Polygon", "coordinates": [[[84.64914753786663, 20.82752969383952], [84.64923736939504, 20.82752969383952], [84.64923736939504, 20.827889019953165], [84.6489678748098, 20.827889019953165], [84.6489678748098, 20.827709356896342], [84.64914753786663, 20.827709356896342], [84.64914753786663, 20.82752969383952]]]}, "id": "+111+37", "properties": {"area_ha": 0.07460521602780024, "centroid_lat": 20.827754271552365, "centroid_lon": 84.64912507934929, "cluster_id": 5, "n_pixels": 7, "perim_m": 135.6682569751693, "profile_annual_rainfall_p50": 1505.9420581648747, "profile_aspect_cos_p50": -0.42261826174069866, "profile_aspect_sin_p50": 8.368282946838767e-17, "profile_canopy_height_max_p50": 16, "profile_canopy_height_p50": 15, "profile_canopy_height_std_p50": 0.4796882510175016, "profile_distance_to_water_p50": 463409.50001051987, "profile_elevation_p50": 172, "profile_ndvi_amplitude_annual_p50": 0.17048289900212668, "profile_ndvi_mean_p50": 0.5960216558462038, "profile_ndvi_phase_annual_cos_p50": -0.9975915864410161, "profile_ndvi_phase_annual_sin_p50": 0.07417168914717162, "profile_ndvi_residual_variance_p50": 0.00774859606117175, "profile_ndvi_trend_p50": -0.0036441331888788227, "profile_slope_p50": 3, "profile_vh_iqr_p50": 3.658622608586966, "profile_vh_p10_p50": -17.566743797684428, "profile_vh_p50_p50": -15.66873593089709, "profile_vh_p90_p50": -13.78548284778306, "profile_vv_iqr_p50": 3.419226960096244, "profile_vv_minus_vh_median_p50": 6.535462084537159, "profile_vv_p10_p50": -10.902273113810534, "profile_vv_p50_p50": -9.097122146378963, "profile_vv_p90_p50": -7.34188028419536, "unit_id": 13}}, {"type": "Feature", "geometry": {"type": "Polygon", "coordinates": [[[84.64735090729839, 20.82752969383952], [84.6474407388268, 20.82752969383952], [84.6474407388268, 20.82761952536793], [84.64735090729839, 20.82761952536793], [84.64735090729839, 20.827799188424756], [84.64726107576998, 20.827799188424756], [84.64726107576998, 20.827889019953165], [84.64717124424156, 20.827889019953165], [84.64717124424156, 20.827799188424756], [84.64708141271315, 20.827799188424756], [84.64708141271315, 20.827709356896342], [84.64717124424156, 20.827709356896342], [84.64717124424156, 20.827799188424756], [84.64726107576998, 20.827799188424756], [84.64726107576998, 20.82761952536793], [84.64735090729839, 20.82761952536793], [84.64735090729839, 20.82752969383952]]]}, "id": "+91+37", "properties": {"area_ha": 0.046628266587296824, "centroid_lat": 20.827718339988845, "centroid_lon": 84.6472700593506, "cluster_id": 5, "n_pixels": 5, "perim_m": 174.26059350986367, "profile_annual_rainfall_p50": 1505.9420581648747, "profile_aspect_cos_p50": -0.42261826174069866, "profile_aspect_sin_p50": 8.368282946838767e-17, "profile_canopy_height_max_p50": 16, "profile_canopy_height_p50": 15, "profile_canopy_height_std_p50": 0.4796882510175016, "profile_distance_to_water_p50": 463409.50001051987, "profile_elevation_p50": 172, "profile_ndvi_amplitude_annual_p50": 0.17048289900212668, "profile_ndvi_mean_p50": 0.5960216558462038, "profile_ndvi_phase_annual_cos_p50": -0.9975915864410161, "profile_ndvi_phase_annual_sin_p50": 0.07417168914717162, "profile_ndvi_residual_variance_p50": 0.00774859606117175, "profile_ndvi_trend_p50": -0.0036441331888788227, "profile_slope_p50": 3, "profile_vh_iqr_p50": 3.658622608586966, "profile_vh_p10_p50": -17.566743797684428, "profile_vh_p50_p50": -15.66873593089709, "profile_vh_p90_p50": -13.78548284778306, "profile_vv_iqr_p50": 3.419226960096244, "profile_vv_minus_vh_median_p50": 6.535462084537159, "profile_vv_p10_p50": -10.902273113810534, "profile_vv_p50_p50": -9.097122146378963, "profile_vv_p90_p50": -7.34188028419536, "unit_id": 14}}, {"type": "Feature", "geometry": {"type": "Polygon", "coordinates": [[[84.64214067865049, 20.825912726328102], [84.64232034170732, 20.825912726328102], [84.64232034170732, 20.826002557856516], [84.64241017323573, 20.826002557856516], [84.64241017323573, 20.82609238938493], [84.64232034170732, 20.82609238938493], [84.64232034170732, 20.82618222091334], [84.64214067865049, 20.82618222091334], [84.64214067865049, 20.82627205244175], [84.64205084712208, 20.82627205244175], [84.64205084712208, 20.826361883970165], [84.64196101559367, 20.826361883970165], [84.64196101559367, 20.826451715498575], [84.64205084712208, 20.826451715498575], [84.64205084712208, 20.826541547026988], [84.64214067865049, 20.826541547026988], [84.64214067865049, 20.826631378555398], [84.6422305101789, 20.826631378555398], [84.6422305101789, 20.826900873140634], [84.64250000476414, 20.826900873140634], [84.64250000476414, 20.826990704669047], [84.64267966782096, 20.826990704669047], [84.64267966782096, 20.82672121008381], [84.64250000476414, 20.82672121008381], [84.64250000476414, 20.82618222091334], [84.64285933087778, 20.82618222091334], [84.64285933087778, 20.826541547026988], [84.6429491624062, 20.826541547026988], [84.6429491624062, 20.82672121008381], [84.64303899393461, 20.82672121008381], [84.64303899393461, 20.826811041612224], [84.64312882546302, 20.826811041612224], [84.64312882546302, 20.826900873140634], [84.64303899393461, 20.826900873140634], [84.64303899393461, 20.826990704669047], [84.64357798310509, 20.826990704669047], [84.64357798310509, 20.826811041612224], [84.64384747769031, 20.826811041612224], [84.64384747769031, 20.826631378555398], [84.64429663533238, 20.826631378555398], [84.64429663533238, 20.826811041612224], [84.6443864668608, 20.826811041612224], [84.6443864668608, 20.826990704669047], [84.64447629838921, 20.826990704669047], [84.64447629838921, 20.82708053619746], [84.64474579297443, 20.82708053619746], [84.64474579297443, 20.826990704669047], [84.64492545603126, 20.826990704669047], [84.64492545603126, 20.826811041612224], [84.64510511908809, 20.826811041612224], [84.64510511908809, 20.82708053619746], [84.64528478214491, 20.82708053619746], [84.64528478214491, 20.82717036772587], [84.6451949506165, 20.82717036772587], [84.6451949506165, 20.827350030782696], [84.64510511908809, 20.827350030782696], [84.64510511908809, 20.827439862311106], [84.64528478214491, 20.827439862311106], [84.64528478214491, 20.82752969383952], [84.64501528755967, 20.82752969383952], [84.64501528755967, 20.82761952536793], [84.64492545603126, 20.82761952536793], [84.64492545603126, 20.827709356896342], [84.6443864668608, 20.827709356896342], [84.6443864668608, 20.82761952536793], [84.64420680380397, 20.82761952536793], [84.64420680380397, 20.82752969383952], [84.64411697227555, 20.82752969383952], [84.64411697227555, 20.827350030782696], [84.64348815157668, 20.827350030782696], [84.64348815157668, 20.827439862311106], [84.64339832004826, 20.827439862311106], [84.64339832004826, 20.82752969383952], [84.64321865699144, 20.82752969383952], [84.64321865699144, 20.82761952536793], [84.64312882546302, 20.82761952536793], [84.64312882546302, 20.82752969383952], [84.64303899393461, 20.82752969383952], [84.64303899393461, 20.827709356896342], [84.64321865699144, 20.827709356896342], [84.64321865699144, 20.827799188424756], [84.64348815157668, 20.827799188424756], [84.64348815157668, 20.827889019953165], [84.64366781463349, 20.827889019953165], [84.64366781463349, 20.82806868300999], [84.64393730921873, 20.82806868300999], [84.64393730921873, 20.82797885148158], [84.64384747769031, 20.82797885148158], [84.64384747769031, 20.827889019953165], [84.64420680380397, 20.827889019953165], [84.64420680380397, 20.828248346066815], [84.64429663533238, 20.828248346066815], [84.64429663533238, 20.828428009123638], [84.6443864668608, 20.828428009123638], [84.6443864668608, 20.828787335237287], [84.64429663533238, 20.828787335237287], [84.64429663533238, 20.828697503708874], [84.64393730921873, 20.828697503708874], [84.64393730921873, 20.82860767218046], [84.64366781463349, 20.82860767218046], [84.64366781463349, 20.828697503708874], [84.64348815157668, 20.828697503708874], [84.64348815157668, 20.82860767218046], [84.64330848851985, 20.82860767218046], [84.64330848851985, 20.828697503708874], [84.64321865699144, 20.828697503708874], [84.64321865699144, 20.82851784065205], [84.64303899393461, 20.82851784065205], [84.64303899393461, 20.828428009123638], [84.64258983629256, 20.828428009123638], [84.64258983629256, 20.828248346066815], [84.64250000476414, 20.828248346066815], [84.64250000476414, 20.8281585145384], [84.64241017323573, 20.8281585145384], [84.64241017323573, 20.827799188424756], [84.64232034170732, 20.827799188424756], [84.64232034170732, 20.827889019953165], [84.6422305101789, 20.827889019953165], [84.6422305101789, 20.82797885148158], [84.64187118406525, 20.82797885148158], [84.64187118406525, 20.827799188424756], [84.64178135253684, 20.827799188424756], [84.64178135253684, 20.827439862311106], [84.64169152100843, 20.827439862311106], [84.64169152100843, 20.826811041612224], [84.64178135253684, 20.826811041612224], [84.64178135253684, 20.82672121008381], [84.64187118406525, 20.82672121008381], [84.64187118406525, 20.826541547026988], [84.64196101559367, 20.826541547026988], [84.64196101559367, 20.826451715498575], [84.64187118406525, 20.826451715498575], [84.64187118406525, 20.826002557856516], [84.64214067865049, 20.826002557856516], [84.64214067865049, 20.825912726328102]], [[84.64384747769031, 20.8281585145384], [84.64366781463349, 20.8281585145384], [84.64366781463349, 20.828248346066815], [84.64357798310509, 20.828248346066815], [84.64357798310509, 20.828338177595228], [84.64348815157668, 20.828338177595228], [84.64348815157668, 20.828428009123638], [84.64366781463349, 20.828428009123638], [84.64366781463349, 20.82851784065205], [84.6437576461619, 20.82851784065205], [84.6437576461619, 20.828248346066815], [84.64384747769031, 20.828248346066815], [84.64384747769031, 20.8281585145384]], [[84.64214067865049, 20.827799188424756], [84.64205084712208, 20.827799188424756], [84.64205084712208, 20.827889019953165], [84.64214067865049, 20.827889019953165], [84.64214067865049, 20.827799188424756]], [[84.64510511908809, 20.827260199254283], [84.64501528755967, 20.827260199254283], [84.64501528755967, 20.827350030782696], [84.64510511908809, 20.827350030782696], [84.64510511908809, 20.827260199254283]]]}, "id": "+34+55", "properties": {"area_ha": 5.157095855666288, "centroid_lat": 20.82744156811472, "centroid_lon": 84.64322344766221, "cluster_id": 5, "n_pixels": 516, "perim_m": 2658.1111776618927, "profile_annual_rainfall_p50": 1505.9420581648747, "profile_aspect_cos_p50": -0.42261826174069866, "profile_aspect_sin_p50": 8.368282946838767e-17, "profile_canopy_height_max_p50": 16, "profile_canopy_height_p50": 15, "profile_canopy_height_std_p50": 0.4796882510175016, "profile_distance_to_water_p50": 463409.50001051987, "profile_elevation_p50": 172, "profile_ndvi_amplitude_annual_p50": 0.17048289900212668, "profile_ndvi_mean_p50": 0.5960216558462038, "profile_ndvi_phase_annual_cos_p50": -0.9975915864410161, "profile_ndvi_phase_annual_sin_p50": 0.07417168914717162, "profile_ndvi_residual_variance_p50": 0.00774859606117175, "profile_ndvi_trend_p50": -0.0036441331888788227, "profile_slope_p50": 3, "profile_vh_iqr_p50": 3.658622608586966, "profile_vh_p10_p50": -17.566743797684428, "profile_vh_p50_p50": -15.66873593089709, "profile_vh_p90_p50": -13.78548284778306, "profile_vv_iqr_p50": 3.419226960096244, "profile_vv_minus_vh_median_p50": 6.535462084537159, "profile_vv_p10_p50": -10.902273113810534, "profile_vv_p50_p50": -9.097122146378963, "profile_vv_p90_p50": -7.34188028419536, "unit_id": 15}}, {"type": "Feature", "geometry": {"type": "Polygon", "coordinates": [[[84.64914753786663, 20.826811041612224], [84.64941703245186, 20.826811041612224], [84.64941703245186, 20.826990704669047], [84.64932720092345, 20.826990704669047], [84.64932720092345, 20.827439862311106], [84.64923736939504, 20.827439862311106], [84.64923736939504, 20.827350030782696], [84.64914753786663, 20.827350030782696], [84.64914753786663, 20.82717036772587], [84.6489678748098, 20.82717036772587], [84.6489678748098, 20.826990704669047], [84.64914753786663, 20.826990704669047], [84.64914753786663, 20.826811041612224]]]}, "id": "+113+45", "properties": {"area_ha": 0.17718815641617586, "centroid_lat": 20.82707817211796, "centroid_lon": 84.64921609301042, "cluster_id": 5, "n_pixels": 18, "perim_m": 232.74463369817715, "profile_annual_rainfall_p50": 1505.9420581648747, "profile_aspect_cos_p50": -0.42261826174069866, "profile_aspect_sin_p50": 8.368282946838767e-17, "profile_canopy_height_max_p50": 16, "profile_canopy_height_p50": 15, "profile_canopy_height_std_p50": 0.4796882510175016, "profile_distance_to_water_p50": 463409.50001051987, "profile_elevation_p50": 172, "profile_ndvi_amplitude_annual_p50": 0.17048289900212668, "profile_ndvi_mean_p50": 0.5960216558462038, "profile_ndvi_phase_annual_cos_p50": -0.9975915864410161, "profile_ndvi_phase_annual_sin_p50": 0.07417168914717162, "profile_ndvi_residual_variance_p50": 0.00774859606117175, "profile_ndvi_trend_p50": -0.0036441331888788227, "profile_slope_p50": 3, "profile_vh_iqr_p50": 3.658622608586966, "profile_vh_p10_p50": -17.566743797684428, "profile_vh_p50_p50": -15.66873593089709, "profile_vh_p90_p50": -13.78548284778306, "profile_vv_iqr_p50": 3.419226960096244, "profile_vv_minus_vh_median_p50": 6.535462084537159, "profile_vv_p10_p50": -10.902273113810534, "profile_vv_p50_p50": -9.097122146378963, "profile_vv_p90_p50": -7.34188028419536, "unit_id": 16}}, {"type": "Feature", "geometry": {"type": "Polygon", "coordinates": [[[84.64833905411092, 20.82627205244175], [84.64878821175297, 20.82627205244175], [84.64878821175297, 20.826451715498575], [84.64842888563933, 20.826451715498575], [84.64842888563933, 20.826361883970165], [84.64833905411092, 20.826361883970165], [84.64833905411092, 20.82627205244175]]]}, "id": "+106+51", "properties": {"area_ha": 0.08393161421867017, "centroid_lat": 20.826356892738715, "centroid_lon": 84.6485835947797, "cluster_id": 5, "n_pixels": 8, "perim_m": 133.28847059302205, "profile_annual_rainfall_p50": 1505.9420581648747, "profile_aspect_cos_p50": -0.42261826174069866, "profile_aspect_sin_p50": 8.368282946838767e-17, "profile_canopy_height_max_p50": 16, "profile_canopy_height_p50": 15, "profile_canopy_height_std_p50": 0.4796882510175016, "profile_distance_to_water_p50": 463409.50001051987, "profile_elevation_p50": 172, "profile_ndvi_amplitude_annual_p50": 0.17048289900212668, "profile_ndvi_mean_p50": 0.5960216558462038, "profile_ndvi_phase_annual_cos_p50": -0.9975915864410161, "profile_ndvi_phase_annual_sin_p50": 0.07417168914717162, "profile_ndvi_residual_variance_p50": 0.00774859606117175, "profile_ndvi_trend_p50": -0.0036441331888788227, "profile_slope_p50": 3, "profile_vh_iqr_p50": 3.658622608586966, "profile_vh_p10_p50": -17.566743797684428, "profile_vh_p50_p50": -15.66873593089709, "profile_vh_p90_p50": -13.78548284778306, "profile_vv_iqr_p50": 3.419226960096244, "profile_vv_minus_vh_median_p50": 6.535462084537159, "profile_vv_p10_p50": -10.902273113810534, "profile_vv_p50_p50": -9.097122146378963, "profile_vv_p90_p50": -7.34188028419536, "unit_id": 17}}, {"type": "Feature", "geometry": {"type": "Polygon", "coordinates": [[[84.64321865699144, 20.826002557856516], [84.64330848851985, 20.826002557856516], [84.64330848851985, 20.82609238938493], [84.64339832004826, 20.82609238938493], [84.64339832004826, 20.826451715498575], [84.64321865699144, 20.826451715498575], [84.64321865699144, 20.826002557856516]]]}, "id": "+45+54", "properties": {"area_ha": 0.08393170212759363, "centroid_lat": 20.826247099823167, "centroid_lon": 84.64330349922534, "cluster_id": 5, "n_pixels": 8, "perim_m": 136.8589419498747, "profile_annual_rainfall_p50": 1505.9420581648747, "profile_aspect_cos_p50": -0.42261826174069866, "profile_aspect_sin_p50": 8.368282946838767e-17, "profile_canopy_height_max_p50": 16, "profile_canopy_height_p50": 15, "profile_canopy_height_std_p50": 0.4796882510175016, "profile_distance_to_water_p50": 463409.50001051987, "profile_elevation_p50": 172, "profile_ndvi_amplitude_annual_p50": 0.17048289900212668, "profile_ndvi_mean_p50": 0.5960216558462038, "profile_ndvi_phase_annual_cos_p50": -0.9975915864410161, "profile_ndvi_phase_annual_sin_p50": 0.07417168914717162, "profile_ndvi_residual_variance_p50": 0.00774859606117175, "profile_ndvi_trend_p50": -0.0036441331888788227, "profile_slope_p50": 3, "profile_vh_iqr_p50": 3.658622608586966, "profile_vh_p10_p50": -17.566743797684428, "profile_vh_p50_p50": -15.66873593089709, "profile_vh_p90_p50": -13.78548284778306, "profile_vv_iqr_p50": 3.419226960096244, "profile_vv_minus_vh_median_p50": 6.535462084537159, "profile_vv_p10_p50": -10.902273113810534, "profile_vv_p50_p50": -9.097122146378963, "profile_vv_p90_p50": -7.34188028419536, "unit_id": 18}}, {"type": "Feature", "geometry": {"type": "Polygon", "coordinates": [[[84.64402714074714, 20.82609238938493], [84.64447629838921, 20.82609238938493], [84.64447629838921, 20.82618222091334], [84.64465596144602, 20.82618222091334], [84.64465596144602, 20.82627205244175], [84.64402714074714, 20.82627205244175], [84.64402714074714, 20.82609238938493]]]}, "id": "+58+53", "properties": {"area_ha": 0.1119090605964263, "centroid_lat": 20.826189706454695, "centroid_lon": 84.64430412219437, "cluster_id": 5, "n_pixels": 11, "perim_m": 170.69094108190004, "profile_annual_rainfall_p50": 1505.9420581648747, "profile_aspect_cos_p50": -0.42261826174069866, "profile_aspect_sin_p50": 8.368282946838767e-17, "profile_canopy_height_max_p50": 16, "profile_canopy_height_p50": 15, "profile_canopy_height_std_p50": 0.4796882510175016, "profile_distance_to_water_p50": 463409.50001051987, "profile_elevation_p50": 172, "profile_ndvi_amplitude_annual_p50": 0.17048289900212668, "profile_ndvi_mean_p50": 0.5960216558462038, "profile_ndvi_phase_annual_cos_p50": -0.9975915864410161, "profile_ndvi_phase_annual_sin_p50": 0.07417168914717162, "profile_ndvi_residual_variance_p50": 0.00774859606117175, "profile_ndvi_trend_p50": -0.0036441331888788227, "profile_slope_p50": 3, "profile_vh_iqr_p50": 3.658622608586966, "profile_vh_p10_p50": -17.566743797684428, "profile_vh_p50_p50": -15.66873593089709, "profile_vh_p90_p50": -13.78548284778306, "profile_vv_iqr_p50": 3.419226960096244, "profile_vv_minus_vh_median_p50": 6.535462084537159, "profile_vv_p10_p50": -10.902273113810534, "profile_vv_p50_p50": -9.097122146378963, "profile_vv_p90_p50": -7.34188028419536, "unit_id": 19}}, {"type": "Feature", "geometry": {"type": "Polygon", "coordinates": [[[84.64627292895744, 20.82573306327128], [84.64654242354268, 20.82573306327128], [84.64654242354268, 20.825822894799693], [84.64645259201427, 20.825822894799693], [84.64645259201427, 20.82618222091334], [84.64627292895744, 20.82618222091334], [84.64627292895744, 20.82573306327128]]]}, "id": "+81+57", "properties": {"area_ha": 0.10258338948443683, "centroid_lat": 20.82594131001606, "centroid_lon": 84.64637501117367, "cluster_id": 5, "n_pixels": 10, "perim_m": 155.56024931174449, "profile_annual_rainfall_p50": 1505.9420581648747, "profile_aspect_cos_p50": -0.42261826174069866, "profile_aspect_sin_p50": 8.368282946838767e-17, "profile_canopy_height_max_p50": 16, "profile_canopy_height_p50": 15, "profile_canopy_height_std_p50": 0.4796882510175016, "profile_distance_to_water_p50": 463409.50001051987, "profile_elevation_p50": 172, "profile_ndvi_amplitude_annual_p50": 0.17048289900212668, "profile_ndvi_mean_p50": 0.5960216558462038, "profile_ndvi_phase_annual_cos_p50": -0.9975915864410161, "profile_ndvi_phase_annual_sin_p50": 0.07417168914717162, "profile_ndvi_residual_variance_p50": 0.00774859606117175, "profile_ndvi_trend_p50": -0.0036441331888788227, "profile_slope_p50": 3, "profile_vh_iqr_p50": 3.658622608586966, "profile_vh_p10_p50": -17.566743797684428, "profile_vh_p50_p50": -15.66873593089709, "profile_vh_p90_p50": -13.78548284778306, "profile_vv_iqr_p50": 3.419226960096244, "profile_vv_minus_vh_median_p50": 6.535462084537159, "profile_vv_p10_p50": -10.902273113810534, "profile_vv_p50_p50": -9.097122146378963, "profile_vv_p90_p50": -7.34188028419536, "unit_id": 20}}, {"type": "Feature", "geometry": {"type": "Polygon", "coordinates": [[[84.64133219489479, 20.825822894799693], [84.64160168948003, 20.825822894799693], [84.64160168948003, 20.825912726328102], [84.6414220264232, 20.825912726328102], [84.6414220264232, 20.826002557856516], [84.64133219489479, 20.826002557856516], [84.64133219489479, 20.825822894799693]]]}, "id": "+26+56", "properties": {"area_ha": 0.03730305872368022, "centroid_lat": 20.825890267443604, "centroid_lon": 84.6414444858792, "cluster_id": 5, "n_pixels": 4, "perim_m": 95.88630763227022, "profile_annual_rainfall_p50": 1505.9420581648747, "profile_aspect_cos_p50": -0.42261826174069866, "profile_aspect_sin_p50": 8.368282946838767e-17, "profile_canopy_height_max_p50": 16, "profile_canopy_height_p50": 15, "profile_canopy_height_std_p50": 0.4796882510175016, "profile_distance_to_water_p50": 463409.50001051987, "profile_elevation_p50": 172, "profile_ndvi_amplitude_annual_p50": 0.17048289900212668, "profile_ndvi_mean_p50": 0.5960216558462038, "profile_ndvi_phase_annual_cos_p50": -0.9975915864410161, "profile_ndvi_phase_annual_sin_p50": 0.07417168914717162, "profile_ndvi_residual_variance_p50": 0.00774859606117175, "profile_ndvi_trend_p50": -0.0036441331888788227, "profile_slope_p50": 3, "profile_vh_iqr_p50": 3.658622608586966, "profile_vh_p10_p50": -17.566743797684428, "profile_vh_p50_p50": -15.66873593089709, "profile_vh_p90_p50": -13.78548284778306, "profile_vv_iqr_p50": 3.419226960096244, "profile_vv_minus_vh_median_p50": 6.535462084537159, "profile_vv_p10_p50": -10.902273113810534, "profile_vv_p50_p50": -9.097122146378963, "profile_vv_p90_p50": -7.34188028419536, "unit_id": 21}}, {"type": "Feature", "geometry": {"type": "Polygon", "coordinates": [[[84.6467220865995, 20.82573306327128], [84.64735090729839, 20.82573306327128], [84.64735090729839, 20.825822894799693], [84.6467220865995, 20.825822894799693], [84.6467220865995, 20.82573306327128]]]}, "id": "+90+57", "properties": {"area_ha": 0.06528041419101718, "centroid_lat": 20.82577798141378, "centroid_lon": 84.64703649686054, "cluster_id": 5, "n_pixels": 7, "perim_m": 150.79998430174467, "profile_annual_rainfall_p50": 1505.9420581648747, "profile_aspect_cos_p50": -0.42261826174069866, "profile_aspect_sin_p50": 8.368282946838767e-17, "profile_canopy_height_max_p50": 16, "profile_canopy_height_p50": 15, "profile_canopy_height_std_p50": 0.4796882510175016, "profile_distance_to_water_p50": 463409.50001051987, "profile_elevation_p50": 172, "profile_ndvi_amplitude_annual_p50": 0.17048289900212668, "profile_ndvi_mean_p50": 0.5960216558462038, "profile_ndvi_phase_annual_cos_p50": -0.9975915864410161, "profile_ndvi_phase_annual_sin_p50": 0.07417168914717162, "profile_ndvi_residual_variance_p50": 0.00774859606117175, "profile_ndvi_trend_p50": -0.0036441331888788227, "profile_slope_p50": 3, "profile_vh_iqr_p50": 3.658622608586966, "profile_vh_p10_p50": -17.566743797684428, "profile_vh_p50_p50": -15.66873593089709, "profile_vh_p90_p50": -13.78548284778306, "profile_vv_iqr_p50": 3.419226960096244, "profile_vv_minus_vh_median_p50": 6.535462084537159, "profile_vv_p10_p50": -10.902273113810534, "profile_vv_p50_p50": -9.097122146378963, "profile_vv_p90_p50": -7.34188028419536, "unit_id": 22}}, {"type": "Feature", "geometry": {"type": "Polygon", "coordinates": [[[84.64420680380397, 20.825373737157634], [84.64429663533238, 20.825373737157634], [84.64429663533238, 20.825643231742866], [84.64411697227555, 20.825643231742866], [84.64411697227555, 20.825553400214456], [84.64393730921873, 20.825553400214456], [84.64393730921873, 20.825643231742866], [84.6437576461619, 20.825643231742866], [84.6437576461619, 20.825553400214456], [84.64384747769031, 20.825553400214456], [84.64384747769031, 20.825373737157634], [84.64402714074714, 20.825373737157634], [84.64402714074714, 20.825463568686043], [84.64411697227555, 20.825463568686043], [84.64411697227555, 20.825553400214456], [84.64420680380397, 20.825553400214456], [84.64420680380397, 20.825373737157634]]]}, "id": "+56+61", "properties": {"area_ha": 0.10258369083525247, "centroid_lat": 20.825516650489863, "centroid_lon": 84.64403939148868, "cluster_id": 5, "n_pixels": 10, "perim_m": 231.55550129641787, "profile_annual_rainfall_p50": 1505.9420581648747, "profile_aspect_cos_p50": -0.42261826174069866, "profile_aspect_sin_p50": 8.368282946838767e-17, "profile_canopy_height_max_p50": 16, "profile_canopy_height_p50": 15, "profile_canopy_height_std_p50": 0.4796882510175016, "profile_distance_to_water_p50": 463409.50001051987, "profile_elevation_p50": 172, "profile_ndvi_amplitude_annual_p50": 0.17048289900212668, "profile_ndvi_mean_p50": 0.5960216558462038, "profile_ndvi_phase_annual_cos_p50": -0.9975915864410161, "profile_ndvi_phase_annual_sin_p50": 0.07417168914717162, "profile_ndvi_residual_variance_p50": 0.00774859606117175, "profile_ndvi_trend_p50": -0.0036441331888788227, "profile_slope_p50": 3, "profile_vh_iqr_p50": 3.658622608586966, "profile_vh_p10_p50": -17.566743797684428, "profile_vh_p50_p50": -15.66873593089709, "profile_vh_p90_p50": -13.78548284778306, "profile_vv_iqr_p50": 3.419226960096244, "profile_vv_minus_vh_median_p50": 6.535462084537159, "profile_vv_p10_p50": -10.902273113810534, "profile_vv_p50_p50": -9.097122146378963, "profile_vv_p90_p50": -7.34188028419536, "unit_id": 23}}, {"type": "Feature", "geometry": {"type": "Polygon", "coordinates": [[[84.64474579297443, 20.825194074100807], [84.64501528755967, 20.825194074100807], [84.64501528755967, 20.825373737157634], [84.64528478214491, 20.825373737157634], [84.64528478214491, 20.825463568686043], [84.64492545603126, 20.825463568686043], [84.64492545603126, 20.825373737157634], [84.64465596144602, 20.825373737157634], [84.64465596144602, 20.82528390562922], [84.64474579297443, 20.82528390562922], [84.64474579297443, 20.825194074100807]]]}, "id": "+64+63", "properties": {"area_ha": 0.10258382291382687, "centroid_lat": 20.82533698659919, "centroid_lon": 84.64494587185078, "cluster_id": 5, "n_pixels": 10, "perim_m": 190.58297755187468, "profile_annual_rainfall_p50": 1505.9420581648747, "profile_aspect_cos_p50": -0.42261826174069866, "profile_aspect_sin_p50": 8.368282946838767e-17, "profile_canopy_height_max_p50": 16, "profile_canopy_height_p50": 15, "profile_canopy_height_std_p50": 0.4796882510175016, "profile_distance_to_water_p50": 463409.50001051987, "profile_elevation_p50": 172, "profile_ndvi_amplitude_annual_p50": 0.17048289900212668, "profile_ndvi_mean_p50": 0.5960216558462038, "profile_ndvi_phase_annual_cos_p50": -0.9975915864410161, "profile_ndvi_phase_annual_sin_p50": 0.07417168914717162, "profile_ndvi_residual_variance_p50": 0.00774859606117175, "profile_ndvi_trend_p50": -0.0036441331888788227, "profile_slope_p50": 3, "profile_vh_iqr_p50": 3.658622608586966, "profile_vh_p10_p50": -17.566743797684428, "profile_vh_p50_p50": -15.66873593089709, "profile_vh_p90_p50": -13.78548284778306, "profile_vv_iqr_p50": 3.419226960096244, "profile_vv_minus_vh_median_p50": 6.535462084537159, "profile_vv_p10_p50": -10.902273113810534, "profile_vv_p50_p50": -9.097122146378963, "profile_vv_p90_p50": -7.34188028419536, "unit_id": 24}}, {"type": "Feature", "geometry": {"type": "Polygon", "coordinates": [[[84.64205084712208, 20.824744916458748], [84.64232034170732, 20.824744916458748], [84.64232034170732, 20.82492457951557], [84.64214067865049, 20.82492457951557], [84.64214067865049, 20.82528390562922], [84.64196101559367, 20.82528390562922], [84.64196101559367, 20.825373737157634], [84.64187118406525, 20.825373737157634], [84.64187118406525, 20.825104242572397], [84.64205084712208, 20.825104242572397], [84.64205084712208, 20.824744916458748]]]}, "id": "+34+68", "properties": {"area_ha": 0.13988728418387977, "centroid_lat": 20.825035372254955, "centroid_lon": 84.64208378572408, "cluster_id": 5, "n_pixels": 14, "perim_m": 232.74585288223892, "profile_annual_rainfall_p50": 1505.9420581648747, "profile_aspect_cos_p50": -0.42261826174069866, "profile_aspect_sin_p50": 8.368282946838767e-17, "profile_canopy_height_max_p50": 16, "profile_canopy_height_p50": 15, "profile_canopy_height_std_p50": 0.4796882510175016, "profile_distance_to_water_p50": 463409.50001051987, "profile_elevation_p50": 172, "profile_ndvi_amplitude_annual_p50": 0.17048289900212668, "profile_ndvi_mean_p50": 0.5960216558462038, "profile_ndvi_phase_annual_cos_p50": -0.9975915864410161, "profile_ndvi_phase_annual_sin_p50": 0.07417168914717162, "profile_ndvi_residual_variance_p50": 0.00774859606117175, "profile_ndvi_trend_p50": -0.0036441331888788227, "profile_slope_p50": 3, "profile_vh_iqr_p50": 3.658622608586966, "profile_vh_p10_p50": -17.566743797684428, "profile_vh_p50_p50": -15.66873593089709, "profile_vh_p90_p50": -13.78548284778306, "profile_vv_iqr_p50": 3.419226960096244, "profile_vv_minus_vh_median_p50": 6.535462084537159, "profile_vv_p10_p50": -10.902273113810534, "profile_vv_p50_p50": -9.097122146378963, "profile_vv_p90_p50": -7.34188028419536, "unit_id": 25}}, {"type": "Feature", "geometry": {"type": "Polygon", "coordinates": [[[84.64582377131538, 20.82384660117463], [84.64627292895744, 20.82384660117463], [84.64627292895744, 20.824026264231453], [84.64618309742903, 20.824026264231453], [84.64618309742903, 20.824116095759866], [84.64582377131538, 20.824116095759866], [84.64582377131538, 20.824026264231453], [84.64573393978696, 20.824026264231453], [84.64573393978696, 20.82393643270304], [84.64582377131538, 20.82393643270304], [84.64582377131538, 20.82384660117463]]]}, "id": "+78+78", "properties": {"area_ha": 0.13988825154465828, "centroid_lat": 20.82397535932471, "centroid_lon": 84.64601840630598, "cluster_id": 5, "n_pixels": 14, "perim_m": 171.8826998106955, "profile_annual_rainfall_p50": 1505.9420581648747, "profile_aspect_cos_p50": -0.42261826174069866, "profile_aspect_sin_p50": 8.368282946838767e-17, "profile_canopy_height_max_p50": 16, "profile_canopy_height_p50": 15, "profile_canopy_height_std_p50": 0.4796882510175016, "profile_distance_to_water_p50": 463409.50001051987, "profile_elevation_p50": 172, "profile_ndvi_amplitude_annual_p50": 0.17048289900212668, "profile_ndvi_mean_p50": 0.5960216558462038, "profile_ndvi_phase_annual_cos_p50": -0.9975915864410161, "profile_ndvi_phase_annual_sin_p50": 0.07417168914717162, "profile_ndvi_residual_variance_p50": 0.00774859606117175, "profile_ndvi_trend_p50": -0.0036441331888788227, "profile_slope_p50": 3, "profile_vh_iqr_p50": 3.658622608586966, "profile_vh_p10_p50": -17.566743797684428, "profile_vh_p50_p50": -15.66873593089709, "profile_vh_p90_p50": -13.78548284778306, "profile_vv_iqr_p50": 3.419226960096244, "profile_vv_minus_vh_median_p50": 6.535462084537159, "profile_vv_p10_p50": -10.902273113810534, "profile_vv_p50_p50": -9.097122146378963, "profile_vv_p90_p50": -7.34188028419536, "unit_id": 26}}, {"type": "Feature", "geometry": {"type": "Polygon", "coordinates": [[[84.65238147288946, 20.808305746759363], [84.65265096747468, 20.808305746759363], [84.65265096747468, 20.808395578287772], [84.65247130441787, 20.808395578287772], [84.65247130441787, 20.808485409816186], [84.65238147288946, 20.808485409816186], [84.65238147288946, 20.808305746759363]]]}, "id": "+149+251", "properties": {"area_ha": 0.037307395133775956, "centroid_lat": 20.808373122446547, "centroid_lon": 84.65249376540835, "cluster_id": 1, "n_pixels": 4, "perim_m": 95.89270964742342, "profile_annual_rainfall_p50": 1489.2637966702375, "profile_aspect_cos_p50": -0.529919264233205, "profile_aspect_sin_p50": -0.12186934340514723, "profile_canopy_height_max_p50": 18.999999999999996, "profile_canopy_height_p50": 18.999999999999993, "profile_canopy_height_std_p50": 0.47140452079104006, "profile_distance_to_water_p50": 463409.50001051987, "profile_elevation_p50": 188, "profile_ndvi_amplitude_annual_p50": 0.17920110982628168, "profile_ndvi_mean_p50": 0.6495254866009239, "profile_ndvi_phase_annual_cos_p50": -0.994191919067371, "profile_ndvi_phase_annual_sin_p50": 0.058502806294268024, "profile_ndvi_residual_variance_p50": 0.008975052430894357, "profile_ndvi_trend_p50": -0.004144396528579892, "profile_slope_p50": 4, "profile_vh_iqr_p50": 3.3123445792849506, "profile_vh_p10_p50": -16.437667431252414, "profile_vh_p50_p50": -14.6558245857463, "profile_vh_p90_p50": -13.028816985424658, "profile_vv_iqr_p50": 3.0930283255240894, "profile_vv_minus_vh_median_p50": 6.344056960104594, "profile_vv_p10_p50": -9.937872626254787, "profile_vv_p50_p50": -8.343753141921221, "profile_vv_p90_p50": -6.717165705436103, "unit_id": 27}}, {"type": "Feature", "geometry": {"type": "Polygon", "coordinates": [[[84.6512136630201, 20.80641928466271], [84.65139332607693, 20.80641928466271], [84.65139332607693, 20.806509116191123], [84.65130349454851, 20.806509116191123], [84.65130349454851, 20.806598947719532], [84.65139332607693, 20.806598947719532], [84.65139332607693, 20.80686844230477], [84.65130349454851, 20.80686844230477], [84.65130349454851, 20.80695827383318], [84.65112383149169, 20.80695827383318], [84.65112383149169, 20.807048105361595], [84.65103399996327, 20.807048105361595], [84.65103399996327, 20.80740743147524], [84.65148315760534, 20.80740743147524], [84.65148315760534, 20.80731759994683], [84.65157298913374, 20.80731759994683], [84.65157298913374, 20.807227768418418], [84.65211197830422, 20.807227768418418], [84.65211197830422, 20.807137936890005], [84.65220180983263, 20.807137936890005], [84.65220180983263, 20.807227768418418], [84.65211197830422, 20.807227768418418], [84.65211197830422, 20.807497263003654], [84.6520221467758, 20.807497263003654], [84.6520221467758, 20.807676926060477], [84.6519323152474, 20.807676926060477], [84.6519323152474, 20.80821591523095], [84.6520221467758, 20.80821591523095], [84.6520221467758, 20.808305746759363], [84.65220180983263, 20.808305746759363], [84.65220180983263, 20.808395578287772], [84.65229164136105, 20.808395578287772], [84.65229164136105, 20.808575241344595], [84.6520221467758, 20.808575241344595], [84.6520221467758, 20.80866507287301], [84.65175265219057, 20.80866507287301], [84.65175265219057, 20.808485409816186], [84.65139332607693, 20.808485409816186], [84.65139332607693, 20.808575241344595], [84.6512136630201, 20.808575241344595], [84.6512136630201, 20.80866507287301], [84.65103399996327, 20.80866507287301], [84.65103399996327, 20.808485409816186], [84.65112383149169, 20.808485409816186], [84.65112383149169, 20.808305746759363], [84.6512136630201, 20.808305746759363], [84.6512136630201, 20.808126083702536], [84.65112383149169, 20.808126083702536], [84.65112383149169, 20.808036252174126], [84.65103399996327, 20.808036252174126], [84.65103399996327, 20.807946420645713], [84.65094416843486, 20.807946420645713], [84.65094416843486, 20.8078565891173], [84.65067467384962, 20.8078565891173], [84.65067467384962, 20.80776675758889], [84.65049501079281, 20.80776675758889], [84.65049501079281, 20.807676926060477], [84.6504051792644, 20.807676926060477], [84.6504051792644, 20.8078565891173], [84.65031534773598, 20.8078565891173], [84.65031534773598, 20.80776675758889], [84.65013568467916, 20.80776675758889], [84.65013568467916, 20.807676926060477], [84.65004585315074, 20.807676926060477], [84.65004585315074, 20.807587094532064], [84.65013568467916, 20.807587094532064], [84.65013568467916, 20.807676926060477], [84.65031534773598, 20.807676926060477], [84.65031534773598, 20.807587094532064], [84.6504051792644, 20.807587094532064], [84.6504051792644, 20.807497263003654], [84.65022551620757, 20.807497263003654], [84.65022551620757, 20.80731759994683], [84.65004585315074, 20.80731759994683], [84.65004585315074, 20.80686844230477], [84.65013568467916, 20.80686844230477], [84.65013568467916, 20.80695827383318], [84.65022551620757, 20.80695827383318], [84.65022551620757, 20.80677861077636], [84.65058484232121, 20.80677861077636], [84.65058484232121, 20.806688779247946], [84.65067467384962, 20.806688779247946], [84.65067467384962, 20.80677861077636], [84.65076450537804, 20.80677861077636], [84.65076450537804, 20.806688779247946], [84.65094416843486, 20.806688779247946], [84.65094416843486, 20.80677861077636], [84.6512136630201, 20.80677861077636], [84.6512136630201, 20.806688779247946], [84.65130349454851, 20.806688779247946], [84.65130349454851, 20.806598947719532], [84.6512136630201, 20.806598947719532], [84.6512136630201, 20.80641928466271]], [[84.65058484232121, 20.807587094532064], [84.65049501079281, 20.807587094532064], [84.65049501079281, 20.807676926060477], [84.65058484232121, 20.807676926060477], [84.65058484232121, 20.807587094532064]]]}, "id": "+135+272", "properties": {"area_ha": 2.630185025896913, "centroid_lat": 20.807612896498526, "centroid_lon": 84.65117670893817, "cluster_id": 1, "n_pixels": 263, "perim_m": 1502.820015769306, "profile_annual_rainfall_p50": 1489.2637966702375, "profile_aspect_cos_p50": -0.529919264233205, "profile_aspect_sin_p50": -0.12186934340514723, "profile_canopy_height_max_p50": 18.999999999999996, "profile_canopy_height_p50": 18.999999999999993, "profile_canopy_height_std_p50": 0.47140452079104006, "profile_distance_to_water_p50": 463409.50001051987, "profile_elevation_p50": 188, "profile_ndvi_amplitude_annual_p50": 0.17920110982628168, "profile_ndvi_mean_p50": 0.6495254866009239, "profile_ndvi_phase_annual_cos_p50": -0.994191919067371, "profile_ndvi_phase_annual_sin_p50": 0.058502806294268024, "profile_ndvi_residual_variance_p50": 0.008975052430894357, "profile_ndvi_trend_p50": -0.004144396528579892, "profile_slope_p50": 4, "profile_vh_iqr_p50": 3.3123445792849506, "profile_vh_p10_p50": -16.437667431252414, "profile_vh_p50_p50": -14.6558245857463, "profile_vh_p90_p50": -13.028816985424658, "profile_vv_iqr_p50": 3.0930283255240894, "profile_vv_minus_vh_median_p50": 6.344056960104594, "profile_vv_p10_p50": -9.937872626254787, "profile_vv_p50_p50": -8.343753141921221, "profile_vv_p90_p50": -6.717165705436103, "unit_id": 28}}, {"type": "Feature", "geometry": {"type": "Polygon", "coordinates": [[[84.64717124424156, 20.80641928466271], [84.64735090729839, 20.80641928466271], [84.64735090729839, 20.806598947719532], [84.64780006494044, 20.806598947719532], [84.64780006494044, 20.80677861077636], [84.64797972799727, 20.80677861077636], [84.64797972799727, 20.80695827383318], [84.6482492225825, 20.80695827383318], [84.6482492225825, 20.807048105361595], [84.6481593910541, 20.807048105361595], [84.6481593910541, 20.807137936890005], [84.64851871716775, 20.807137936890005], [84.64851871716775, 20.80731759994683], [84.64869838022456, 20.80731759994683], [84.64869838022456, 20.807497263003654], [84.64878821175297, 20.807497263003654], [84.64878821175297, 20.807587094532064], [84.64887804328139, 20.807587094532064], [84.64887804328139, 20.80776675758889], [84.6489678748098, 20.80776675758889], [84.6489678748098, 20.8078565891173], [84.64905770633821, 20.8078565891173], [84.64905770633821, 20.808036252174126], [84.64914753786663, 20.808036252174126], [84.64914753786663, 20.808126083702536], [84.6489678748098, 20.808126083702536], [84.6489678748098, 20.808036252174126], [84.64878821175297, 20.808036252174126], [84.64878821175297, 20.807946420645713], [84.64869838022456, 20.807946420645713], [84.64869838022456, 20.8078565891173], [84.64851871716775, 20.8078565891173], [84.64851871716775, 20.80776675758889], [84.64833905411092, 20.80776675758889], [84.64833905411092, 20.807676926060477], [84.6482492225825, 20.807676926060477], [84.6482492225825, 20.807587094532064], [84.64806955952568, 20.807587094532064], [84.64806955952568, 20.807497263003654], [84.64797972799727, 20.807497263003654], [84.64797972799727, 20.80740743147524], [84.64788989646885, 20.80740743147524], [84.64788989646885, 20.80731759994683], [84.64780006494044, 20.80731759994683], [84.64780006494044, 20.807227768418418], [84.64771023341203, 20.807227768418418], [84.64771023341203, 20.807137936890005], [84.64762040188361, 20.807137936890005], [84.64762040188361, 20.807048105361595], [84.64753057035522, 20.807048105361595], [84.64753057035522, 20.80695827383318], [84.6474407388268, 20.80695827383318], [84.6474407388268, 20.80686844230477], [84.64735090729839, 20.80686844230477], [84.64735090729839, 20.806688779247946], [84.64726107576998, 20.806688779247946], [84.64726107576998, 20.806509116191123], [84.64717124424156, 20.806509116191123], [84.64717124424156, 20.80641928466271]]]}, "id": "+90+272", "properties": {"area_ha": 1.0259609492866295, "centroid_lat": 20.807276767270107, "centroid_lon": 84.64816428836926, "cluster_id": 5, "n_pixels": 103, "perim_m": 808.1151815921255, "profile_annual_rainfall_p50": 1505.9420581648747, "profile_aspect_cos_p50": -0.42261826174069866, "profile_aspect_sin_p50": 8.368282946838767e-17, "profile_canopy_height_max_p50": 16, "profile_canopy_height_p50": 15, "profile_canopy_height_std_p50": 0.4796882510175016, "profile_distance_to_water_p50": 463409.50001051987, "profile_elevation_p50": 172, "profile_ndvi_amplitude_annual_p50": 0.17048289900212668, "profile_ndvi_mean_p50": 0.5960216558462038, "profile_ndvi_phase_annual_cos_p50": -0.9975915864410161, "profile_ndvi_phase_annual_sin_p50": 0.07417168914717162, "profile_ndvi_residual_variance_p50": 0.00774859606117175, "profile_ndvi_trend_p50": -0.0036441331888788227, "profile_slope_p50": 3, "profile_vh_iqr_p50": 3.658622608586966, "profile_vh_p10_p50": -17.566743797684428, "profile_vh_p50_p50": -15.66873593089709, "profile_vh_p90_p50": -13.78548284778306, "profile_vv_iqr_p50": 3.419226960096244, "profile_vv_minus_vh_median_p50": 6.535462084537159, "profile_vv_p10_p50": -10.902273113810534, "profile_vv_p50_p50": -9.097122146378963, "profile_vv_p90_p50": -7.34188028419536, "unit_id": 29}}, {"type": "Feature", "geometry": {"type": "Polygon", "coordinates": [[[84.65049501079281, 20.806598947719532], [84.65076450537804, 20.806598947719532], [84.65076450537804, 20.80677861077636], [84.65067467384962, 20.80677861077636], [84.65067467384962, 20.806688779247946], [84.65058484232121, 20.806688779247946], [84.65058484232121, 20.80677861077636], [84.65022551620757, 20.80677861077636], [84.65022551620757, 20.80695827383318], [84.65013568467916, 20.80695827383318], [84.65013568467916, 20.80686844230477], [84.65004585315074, 20.80686844230477], [84.65004585315074, 20.80677861077636], [84.65022551620757, 20.80677861077636], [84.65022551620757, 20.806688779247946], [84.65049501079281, 20.806688779247946], [84.65049501079281, 20.806598947719532]]]}, "id": "+128+270", "properties": {"area_ha": 0.10259646910635598, "centroid_lat": 20.80674186295178, "centroid_lon": 84.65042559441, "cluster_id": 5, "n_pixels": 10, "perim_m": 249.0850530747111, "profile_annual_rainfall_p50": 1505.9420581648747, "profile_aspect_cos_p50": -0.42261826174069866, "profile_aspect_sin_p50": 8.368282946838767e-17, "profile_canopy_height_max_p50": 16, "profile_canopy_height_p50": 15, "profile_canopy_height_std_p50": 0.4796882510175016, "profile_distance_to_water_p50": 463409.50001051987, "profile_elevation_p50": 172, "profile_ndvi_amplitude_annual_p50": 0.17048289900212668, "profile_ndvi_mean_p50": 0.5960216558462038, "profile_ndvi_phase_annual_cos_p50": -0.9975915864410161, "profile_ndvi_phase_annual_sin_p50": 0.07417168914717162, "profile_ndvi_residual_variance_p50": 0.00774859606117175, "profile_ndvi_trend_p50": -0.0036441331888788227, "profile_slope_p50": 3, "profile_vh_iqr_p50": 3.658622608586966, "profile_vh_p10_p50": -17.566743797684428, "profile_vh_p50_p50": -15.66873593089709, "profile_vh_p90_p50": -13.78548284778306, "profile_vv_iqr_p50": 3.419226960096244, "profile_vv_minus_vh_median_p50": 6.535462084537159, "profile_vv_p10_p50": -10.902273113810534, "profile_vv_p50_p50": -9.097122146378963, "profile_vv_p90_p50": -7.34188028419536, "unit_id": 30}}, {"type": "Feature", "geometry": {"type": "Polygon", "coordinates": [[[84.65130349454851, 20.806239621605886], [84.65139332607693, 20.806239621605886], [84.65139332607693, 20.80641928466271], [84.65112383149169, 20.80641928466271], [84.65112383149169, 20.806329453134296], [84.65094416843486, 20.806329453134296], [84.65094416843486, 20.806239621605886], [84.65112383149169, 20.806239621605886], [84.65112383149169, 20.806329453134296], [84.65130349454851, 20.806329453134296], [84.65130349454851, 20.806239621605886]]]}, "id": "+135+274", "properties": {"area_ha": 0.055961869445154806, "centroid_lat": 20.806329450556984, "centroid_lon": 84.65119868830284, "cluster_id": 5, "n_pixels": 6, "perim_m": 153.1919988381711, "profile_annual_rainfall_p50": 1505.9420581648747, "profile_aspect_cos_p50": -0.42261826174069866, "profile_aspect_sin_p50": 8.368282946838767e-17, "profile_canopy_height_max_p50": 16, "profile_canopy_height_p50": 15, "profile_canopy_height_std_p50": 0.4796882510175016, "profile_distance_to_water_p50": 463409.50001051987, "profile_elevation_p50": 172, "profile_ndvi_amplitude_annual_p50": 0.17048289900212668, "profile_ndvi_mean_p50": 0.5960216558462038, "profile_ndvi_phase_annual_cos_p50": -0.9975915864410161, "profile_ndvi_phase_annual_sin_p50": 0.07417168914717162, "profile_ndvi_residual_variance_p50": 0.00774859606117175, "profile_ndvi_trend_p50": -0.0036441331888788227, "profile_slope_p50": 3, "profile_vh_iqr_p50": 3.658622608586966, "profile_vh_p10_p50": -17.566743797684428, "profile_vh_p50_p50": -15.66873593089709, "profile_vh_p90_p50": -13.78548284778306, "profile_vv_iqr_p50": 3.419226960096244, "profile_vv_minus_vh_median_p50": 6.535462084537159, "profile_vv_p10_p50": -10.902273113810534, "profile_vv_p50_p50": -9.097122146378963, "profile_vv_p90_p50": -7.34188028419536, "unit_id": 31}}, {"type": "Feature", "geometry": {"type": "Polygon", "coordinates": [[[84.65013568467916, 20.80597012702065], [84.6504051792644, 20.80597012702065], [84.6504051792644, 20.806059958549064], [84.65049501079281, 20.806059958549064], [84.65049501079281, 20.806149790077473], [84.65031534773598, 20.806149790077473], [84.65031534773598, 20.806239621605886], [84.65022551620757, 20.806239621605886], [84.65022551620757, 20.806329453134296], [84.65067467384962, 20.806329453134296], [84.65067467384962, 20.80641928466271], [84.65004585315074, 20.80641928466271], [84.65004585315074, 20.806329453134296], [84.64986619009392, 20.806329453134296], [84.64986619009392, 20.806239621605886], [84.64950686398028, 20.806239621605886], [84.64950686398028, 20.806059958549064], [84.64959669550868, 20.806059958549064], [84.64959669550868, 20.80597012702065], [84.6497763585655, 20.80597012702065], [84.6497763585655, 20.806059958549064], [84.64986619009392, 20.806059958549064], [84.64986619009392, 20.806149790077473], [84.65004585315074, 20.806149790077473], [84.65004585315074, 20.806059958549064], [84.65013568467916, 20.806059958549064], [84.65013568467916, 20.80597012702065]]]}, "id": "+124+277", "properties": {"area_ha": 0.3171176098335566, "centroid_lat": 20.806192063543044, "centroid_lon": 84.65006434812156, "cluster_id": 5, "n_pixels": 32, "perim_m": 438.49730255421935, "profile_annual_rainfall_p50": 1505.9420581648747, "profile_aspect_cos_p50": -0.42261826174069866, "profile_aspect_sin_p50": 8.368282946838767e-17, "profile_canopy_height_max_p50": 16, "profile_canopy_height_p50": 15, "profile_canopy_height_std_p50": 0.4796882510175016, "profile_distance_to_water_p50": 463409.50001051987, "profile_elevation_p50": 172, "profile_ndvi_amplitude_annual_p50": 0.17048289900212668, "profile_ndvi_mean_p50": 0.5960216558462038, "profile_ndvi_phase_annual_cos_p50": -0.9975915864410161, "profile_ndvi_phase_annual_sin_p50": 0.07417168914717162, "profile_ndvi_residual_variance_p50": 0.00774859606117175, "profile_ndvi_trend_p50": -0.0036441331888788227, "profile_slope_p50": 3, "profile_vh_iqr_p50": 3.658622608586966, "profile_vh_p10_p50": -17.566743797684428, "profile_vh_p50_p50": -15.66873593089709, "profile_vh_p90_p50": -13.78548284778306, "profile_vv_iqr_p50": 3.419226960096244, "profile_vv_minus_vh_median_p50": 6.535462084537159, "profile_vv_p10_p50": -10.902273113810534, "profile_vv_p50_p50": -9.097122146378963, "profile_vv_p90_p50": -7.34188028419536, "unit_id": 32}}, {"type": "Feature", "geometry": {"type": "Polygon", "coordinates": [[[84.65390860887246, 20.805431137850178], [84.65408827192928, 20.805431137850178], [84.65408827192928, 20.805610800907], [84.65444759804294, 20.805610800907], [84.65444759804294, 20.805700632435414], [84.65453742957133, 20.805700632435414], [84.65453742957133, 20.805790463963827], [84.65426793498611, 20.805790463963827], [84.65426793498611, 20.806059958549064], [84.6541781034577, 20.806059958549064], [84.6541781034577, 20.806149790077473], [84.65399844040087, 20.806149790077473], [84.65399844040087, 20.806239621605886], [84.65390860887246, 20.806239621605886], [84.65390860887246, 20.806329453134296], [84.65408827192928, 20.806329453134296], [84.65408827192928, 20.806688779247946], [84.65399844040087, 20.806688779247946], [84.65399844040087, 20.80677861077636], [84.65372894581563, 20.80677861077636], [84.65372894581563, 20.806688779247946], [84.65363911428722, 20.806688779247946], [84.65363911428722, 20.806598947719532], [84.6535492827588, 20.806598947719532], [84.6535492827588, 20.80641928466271], [84.65363911428722, 20.80641928466271], [84.65363911428722, 20.806329453134296], [84.65372894581563, 20.806329453134296], [84.65372894581563, 20.806059958549064], [84.65381877734404, 20.806059958549064], [84.65381877734404, 20.806149790077473], [84.65390860887246, 20.806149790077473], [84.65390860887246, 20.80597012702065], [84.65381877734404, 20.80597012702065], [84.65381877734404, 20.805610800907], [84.65390860887246, 20.805610800907], [84.65390860887246, 20.805431137850178]]]}, "id": "+165+283", "properties": {"area_ha": 0.6249083564797037, "centroid_lat": 20.806111577181344, "centroid_lon": 84.6539749775733, "cluster_id": 5, "n_pixels": 62, "perim_m": 580.1116552141688, "profile_annual_rainfall_p50": 1505.9420581648747, "profile_aspect_cos_p50": -0.42261826174069866, "profile_aspect_sin_p50": 8.368282946838767e-17, "profile_canopy_height_max_p50": 16, "profile_canopy_height_p50": 15, "profile_canopy_height_std_p50": 0.4796882510175016, "profile_distance_to_water_p50": 463409.50001051987, "profile_elevation_p50": 172, "profile_ndvi_amplitude_annual_p50": 0.17048289900212668, "profile_ndvi_mean_p50": 0.5960216558462038, "profile_ndvi_phase_annual_cos_p50": -0.9975915864410161, "profile_ndvi_phase_annual_sin_p50": 0.07417168914717162, "profile_ndvi_residual_variance_p50": 0.00774859606117175, "profile_ndvi_trend_p50": -0.0036441331888788227, "profile_slope_p50": 3, "profile_vh_iqr_p50": 3.658622608586966, "profile_vh_p10_p50": -17.566743797684428, "profile_vh_p50_p50": -15.66873593089709, "profile_vh_p90_p50": -13.78548284778306, "profile_vv_iqr_p50": 3.419226960096244, "profile_vv_minus_vh_median_p50": 6.535462084537159, "profile_vv_p10_p50": -10.902273113810534, "profile_vv_p50_p50": -9.097122146378963, "profile_vv_p90_p50": -7.34188028419536, "unit_id": 33}}, {"type": "Feature", "geometry": {"type": "Polygon", "coordinates": [[[84.65292046205992, 20.804353159509233], [84.65301029358834, 20.804353159509233], [84.65301029358834, 20.804802317151296], [84.65292046205992, 20.804802317151296], [84.65292046205992, 20.805071811736532], [84.65256113594627, 20.805071811736532], [84.65256113594627, 20.80498198020812], [84.65283063053151, 20.80498198020812], [84.65283063053151, 20.804802317151296], [84.65265096747468, 20.804802317151296], [84.65265096747468, 20.804712485622883], [84.65283063053151, 20.804712485622883], [84.65283063053151, 20.80453282256606], [84.65292046205992, 20.80453282256606], [84.65292046205992, 20.804353159509233]]]}, "id": "+153+295", "properties": {"area_ha": 0.1492331953082339, "centroid_lat": 20.80476863061962, "centroid_lon": 84.65285308965971, "cluster_id": 5, "n_pixels": 15, "perim_m": 290.05686783907515, "profile_annual_rainfall_p50": 1505.9420581648747, "profile_aspect_cos_p50": -0.42261826174069866, "profile_aspect_sin_p50": 8.368282946838767e-17, "profile_canopy_height_max_p50": 16, "profile_canopy_height_p50": 15, "profile_canopy_height_std_p50": 0.4796882510175016, "profile_distance_to_water_p50": 463409.50001051987, "profile_elevation_p50": 172, "profile_ndvi_amplitude_annual_p50": 0.17048289900212668, "profile_ndvi_mean_p50": 0.5960216558462038, "profile_ndvi_phase_annual_cos_p50": -0.9975915864410161, "profile_ndvi_phase_annual_sin_p50": 0.07417168914717162, "profile_ndvi_residual_variance_p50": 0.00774859606117175, "profile_ndvi_trend_p50": -0.0036441331888788227, "profile_slope_p50": 3, "profile_vh_iqr_p50": 3.658622608586966, "profile_vh_p10_p50": -17.566743797684428, "profile_vh_p50_p50": -15.66873593089709, "profile_vh_p90_p50": -13.78548284778306, "profile_vv_iqr_p50": 3.419226960096244, "profile_vv_minus_vh_median_p50": 6.535462084537159, "profile_vv_p10_p50": -10.902273113810534, "profile_vv_p50_p50": -9.097122146378963, "profile_vv_p90_p50": -7.34188028419536, "unit_id": 34}}, {"type": "Feature", "geometry": {"type": "Polygon", "coordinates": [[[84.64878821175297, 20.804083664924], [84.64887804328139, 20.804083664924], [84.64887804328139, 20.80417349645241], [84.64905770633821, 20.80417349645241], [84.64905770633821, 20.804353159509233], [84.64914753786663, 20.804353159509233], [84.64914753786663, 20.804442991037646], [84.64923736939504, 20.804442991037646], [84.64923736939504, 20.80462265409447], [84.64932720092345, 20.80462265409447], [84.64932720092345, 20.804712485622883], [84.64950686398028, 20.804712485622883], [84.64950686398028, 20.804802317151296], [84.64968652703709, 20.804802317151296], [84.64968652703709, 20.804892148679706], [84.64959669550868, 20.804892148679706], [84.64959669550868, 20.80498198020812], [84.64950686398028, 20.80498198020812], [84.64950686398028, 20.804802317151296], [84.64923736939504, 20.804802317151296], [84.64923736939504, 20.804712485622883], [84.64914753786663, 20.804712485622883], [84.64914753786663, 20.80462265409447], [84.64905770633821, 20.80462265409447], [84.64905770633821, 20.80453282256606], [84.6489678748098, 20.80453282256606], [84.6489678748098, 20.804263327980824], [84.64878821175297, 20.804263327980824], [84.64878821175297, 20.804083664924]]]}, "id": "+107+298", "properties": {"area_ha": 0.18654176243961165, "centroid_lat": 20.804537313989275, "centroid_lon": 84.64918346930796, "cluster_id": 5, "n_pixels": 19, "perim_m": 385.9511956274372, "profile_annual_rainfall_p50": 1505.9420581648747, "profile_aspect_cos_p50": -0.42261826174069866, "profile_aspect_sin_p50": 8.368282946838767e-17, "profile_canopy_height_max_p50": 16, "profile_canopy_height_p50": 15, "profile_canopy_height_std_p50": 0.4796882510175016, "profile_distance_to_water_p50": 463409.50001051987, "profile_elevation_p50": 172, "profile_ndvi_amplitude_annual_p50": 0.17048289900212668, "profile_ndvi_mean_p50": 0.5960216558462038, "profile_ndvi_phase_annual_cos_p50": -0.9975915864410161, "profile_ndvi_phase_annual_sin_p50": 0.07417168914717162, "profile_ndvi_residual_variance_p50": 0.00774859606117175, "profile_ndvi_trend_p50": -0.0036441331888788227, "profile_slope_p50": 3, "profile_vh_iqr_p50": 3.658622608586966, "profile_vh_p10_p50": -17.566743797684428, "profile_vh_p50_p50": -15.66873593089709, "profile_vh_p90_p50": -13.78548284778306, "profile_vv_iqr_p50": 3.419226960096244, "profile_vv_minus_vh_median_p50": 6.535462084537159, "profile_vv_p10_p50": -10.902273113810534, "profile_vv_p50_p50": -9.097122146378963, "profile_vv_p90_p50": -7.34188028419536, "unit_id": 35}}, {"type": "Feature", "geometry": {"type": "Polygon", "coordinates": [[[84.6535492827588, 20.80417349645241], [84.65390860887246, 20.80417349645241], [84.65390860887246, 20.804263327980824], [84.65408827192928, 20.804263327980824], [84.65408827192928, 20.804442991037646], [84.65399844040087, 20.804442991037646], [84.65399844040087, 20.804712485622883], [84.65390860887246, 20.804712485622883], [84.65390860887246, 20.80453282256606], [84.65372894581563, 20.80453282256606], [84.65372894581563, 20.804353159509233], [84.6535492827588, 20.804353159509233], [84.6535492827588, 20.80417349645241]]]}, "id": "+163+297", "properties": {"area_ha": 0.1772148448292804, "centroid_lat": 20.80436970697229, "centroid_lon": 84.65384005367943, "cluster_id": 5, "n_pixels": 18, "perim_m": 231.57088781385542, "profile_annual_rainfall_p50": 1505.9420581648747, "profile_aspect_cos_p50": -0.42261826174069866, "profile_aspect_sin_p50": 8.368282946838767e-17, "profile_canopy_height_max_p50": 16, "profile_canopy_height_p50": 15, "profile_canopy_height_std_p50": 0.4796882510175016, "profile_distance_to_water_p50": 463409.50001051987, "profile_elevation_p50": 172, "profile_ndvi_amplitude_annual_p50": 0.17048289900212668, "profile_ndvi_mean_p50": 0.5960216558462038, "profile_ndvi_phase_annual_cos_p50": -0.9975915864410161, "profile_ndvi_phase_annual_sin_p50": 0.07417168914717162, "profile_ndvi_residual_variance_p50": 0.00774859606117175, "profile_ndvi_trend_p50": -0.0036441331888788227, "profile_slope_p50": 3, "profile_vh_iqr_p50": 3.658622608586966, "profile_vh_p10_p50": -17.566743797684428, "profile_vh_p50_p50": -15.66873593089709, "profile_vh_p90_p50": -13.78548284778306, "profile_vv_iqr_p50": 3.419226960096244, "profile_vv_minus_vh_median_p50": 6.535462084537159, "profile_vv_p10_p50": -10.902273113810534, "profile_vv_p50_p50": -9.097122146378963, "profile_vv_p90_p50": -7.34188028419536, "unit_id": 36}}, {"type": "Feature", "geometry": {"type": "Polygon", "coordinates": [[[84.65265096747468, 20.800310740730698], [84.65292046205992, 20.800310740730698], [84.65292046205992, 20.800400572259107], [84.65310012511675, 20.800400572259107], [84.65310012511675, 20.80049040378752], [84.65327978817358, 20.80049040378752], [84.65327978817358, 20.800580235315934], [84.65336961970199, 20.800580235315934], [84.65336961970199, 20.800670066844344], [84.6534594512304, 20.800670066844344], [84.6534594512304, 20.800759898372757], [84.65363911428722, 20.800759898372757], [84.65363911428722, 20.80084972990117], [84.65372894581563, 20.80084972990117], [84.65372894581563, 20.80093956142958], [84.65381877734404, 20.80093956142958], [84.65381877734404, 20.801029392957993], [84.65390860887246, 20.801029392957993], [84.65390860887246, 20.801209056014816], [84.65399844040087, 20.801209056014816], [84.65399844040087, 20.80129888754323], [84.65408827192928, 20.80129888754323], [84.65408827192928, 20.801478550600052], [84.6541781034577, 20.801478550600052], [84.6541781034577, 20.801568382128465], [84.65426793498611, 20.801568382128465], [84.65426793498611, 20.8018378767137], [84.65435776651452, 20.8018378767137], [84.65435776651452, 20.802107371298938], [84.65444759804294, 20.802107371298938], [84.65444759804294, 20.80228703435576], [84.65426793498611, 20.80228703435576], [84.65426793498611, 20.80237686588417], [84.6541781034577, 20.80237686588417], [84.6541781034577, 20.802197202827347], [84.65399844040087, 20.802197202827347], [84.65399844040087, 20.802107371298938], [84.65381877734404, 20.802107371298938], [84.65381877734404, 20.80237686588417], [84.65390860887246, 20.80237686588417], [84.65390860887246, 20.802466697412584], [84.6541781034577, 20.802466697412584], [84.6541781034577, 20.802556528940997], [84.65426793498611, 20.802556528940997], [84.65426793498611, 20.802646360469407], [84.65399844040087, 20.802646360469407], [84.65399844040087, 20.80273619199782], [84.65381877734404, 20.80273619199782], [84.65381877734404, 20.802646360469407], [84.65372894581563, 20.802646360469407], [84.65372894581563, 20.802556528940997], [84.6534594512304, 20.802556528940997], [84.6534594512304, 20.80237686588417], [84.65336961970199, 20.80237686588417], [84.65336961970199, 20.802197202827347], [84.65327978817358, 20.802197202827347], [84.65327978817358, 20.802107371298938], [84.65310012511675, 20.802107371298938], [84.65310012511675, 20.80228703435576], [84.65327978817358, 20.80228703435576], [84.65327978817358, 20.802556528940997], [84.65318995664516, 20.802556528940997], [84.65318995664516, 20.802466697412584], [84.65301029358834, 20.802466697412584], [84.65301029358834, 20.802556528940997], [84.65292046205992, 20.802556528940997], [84.65292046205992, 20.80273619199782], [84.65247130441787, 20.80273619199782], [84.65247130441787, 20.802826023526233], [84.65220180983263, 20.802826023526233], [84.65220180983263, 20.80309551811147], [84.6520221467758, 20.80309551811147], [84.6520221467758, 20.803275181168292], [84.65229164136105, 20.803275181168292], [84.65229164136105, 20.803365012696702], [84.65247130441787, 20.803365012696702], [84.65247130441787, 20.803454844225115], [84.65238147288946, 20.803454844225115], [84.65238147288946, 20.80372433881035], [84.65256113594627, 20.80372433881035], [84.65256113594627, 20.803814170338764], [84.6527407990031, 20.803814170338764], [84.6527407990031, 20.803904001867174], [84.65283063053151, 20.803904001867174], [84.65283063053151, 20.804083664924], [84.65301029358834, 20.804083664924], [84.65301029358834, 20.804353159509233], [84.65292046205992, 20.804353159509233], [84.65292046205992, 20.80453282256606], [84.65283063053151, 20.80453282256606], [84.65283063053151, 20.804712485622883], [84.65265096747468, 20.804712485622883], [84.65265096747468, 20.804802317151296], [84.65283063053151, 20.804802317151296], [84.65283063053151, 20.80498198020812], [84.65256113594627, 20.80498198020812], [84.65256113594627, 20.805071811736532], [84.65238147288946, 20.805071811736532], [84.65238147288946, 20.805251474793355], [84.65229164136105, 20.805251474793355], [84.65229164136105, 20.805341306321765], [84.65238147288946, 20.805341306321765], [84.65238147288946, 20.805431137850178], [84.65229164136105, 20.805431137850178], [84.65229164136105, 20.805610800907], [84.65220180983263, 20.805610800907], [84.65220180983263, 20.805790463963827], [84.6520221467758, 20.805790463963827], [84.6520221467758, 20.80597012702065], [84.65166282066215, 20.80597012702065], [84.65166282066215, 20.806059958549064], [84.65157298913374, 20.806059958549064], [84.65157298913374, 20.806149790077473], [84.65139332607693, 20.806149790077473], [84.65139332607693, 20.806239621605886], [84.65130349454851, 20.806239621605886], [84.65130349454851, 20.806329453134296], [84.65112383149169, 20.806329453134296], [84.65112383149169, 20.806239621605886], [84.65094416843486, 20.806239621605886], [84.65094416843486, 20.806329453134296], [84.65085433690645, 20.806329453134296], [84.65085433690645, 20.806239621605886], [84.65076450537804, 20.806239621605886], [84.65076450537804, 20.80641928466271], [84.65067467384962, 20.80641928466271], [84.65067467384962, 20.806329453134296], [84.65022551620757, 20.806329453134296], [84.65022551620757, 20.806239621605886], [84.65031534773598, 20.806239621605886], [84.65031534773598, 20.806149790077473], [84.65049501079281, 20.806149790077473], [84.65049501079281, 20.806059958549064], [84.6504051792644, 20.806059958549064], [84.6504051792644, 20.80597012702065], [84.65013568467916, 20.80597012702065], [84.65013568467916, 20.806059958549064], [84.65004585315074, 20.806059958549064], [84.65004585315074, 20.806149790077473], [84.64986619009392, 20.806149790077473], [84.64986619009392, 20.806059958549064], [84.6497763585655, 20.806059958549064], [84.6497763585655, 20.80597012702065], [84.64959669550868, 20.80597012702065], [84.64959669550868, 20.806059958549064], [84.64950686398028, 20.806059958549064], [84.64950686398028, 20.805610800907], [84.64968652703709, 20.805610800907], [84.64968652703709, 20.805341306321765], [84.6497763585655, 20.805341306321765], [84.6497763585655, 20.805071811736532], [84.64968652703709, 20.805071811736532], [84.64968652703709, 20.804802317151296], [84.64950686398028, 20.804802317151296], [84.64950686398028, 20.804712485622883], [84.64932720092345, 20.804712485622883], [84.64932720092345, 20.80462265409447], [84.64923736939504, 20.80462265409447], [84.64923736939504, 20.804442991037646], [84.64914753786663, 20.804442991037646], [84.64914753786663, 20.804353159509233], [84.64905770633821, 20.804353159509233], [84.64905770633821, 20.80417349645241], [84.64887804328139, 20.80417349645241], [84.64887804328139, 20.804083664924], [84.64869838022456, 20.804083664924], [84.64869838022456, 20.803993833395587], [84.64860854869615, 20.803993833395587], [84.64860854869615, 20.803904001867174], [84.64842888563933, 20.803904001867174], [84.64842888563933, 20.803454844225115], [84.64851871716775, 20.803454844225115], [84.64851871716775, 20.803275181168292], [84.64860854869615, 20.803275181168292], [84.64860854869615, 20.80318534963988], [84.64878821175297, 20.80318534963988], [84.64878821175297, 20.803275181168292], [84.64887804328139, 20.803275181168292], [84.64887804328139, 20.80318534963988], [84.6489678748098, 20.80318534963988], [84.6489678748098, 20.803365012696702], [84.64914753786663, 20.803365012696702], [84.64914753786663, 20.80309551811147], [84.64905770633821, 20.80309551811147], [84.64905770633821, 20.802915855054643], [84.6489678748098, 20.802915855054643], [84.6489678748098, 20.802826023526233], [84.64887804328139, 20.802826023526233], [84.64887804328139, 20.802915855054643], [84.64878821175297, 20.802915855054643], [84.64878821175297, 20.802826023526233], [84.64887804328139, 20.802826023526233], [84.64887804328139, 20.80273619199782], [84.6489678748098, 20.80273619199782], [84.6489678748098, 20.802826023526233], [84.64923736939504, 20.802826023526233], [84.64923736939504, 20.80273619199782], [84.64932720092345, 20.80273619199782], [84.64932720092345, 20.802556528940997], [84.64959669550868, 20.802556528940997], [84.64959669550868, 20.802646360469407], [84.64968652703709, 20.802646360469407], [84.64968652703709, 20.802556528940997], [84.6497763585655, 20.802556528940997], [84.6497763585655, 20.80273619199782], [84.64986619009392, 20.80273619199782], [84.64986619009392, 20.802646360469407], [84.64995602162233, 20.802646360469407], [84.64995602162233, 20.802826023526233], [84.65013568467916, 20.802826023526233], [84.65013568467916, 20.803005686583056], [84.65022551620757, 20.803005686583056], [84.65022551620757, 20.802915855054643], [84.6504051792644, 20.802915855054643], [84.6504051792644, 20.803005686583056], [84.65049501079281, 20.803005686583056], [84.65049501079281, 20.80309551811147], [84.65058484232121, 20.80309551811147], [84.65058484232121, 20.802915855054643], [84.65049501079281, 20.802915855054643], [84.65049501079281, 20.802826023526233], [84.65058484232121, 20.802826023526233], [84.65058484232121, 20.80273619199782], [84.65094416843486, 20.80273619199782], [84.65094416843486, 20.802646360469407], [84.65103399996327, 20.802646360469407], [84.65103399996327, 20.802556528940997], [84.65112383149169, 20.802556528940997], [84.65112383149169, 20.802466697412584], [84.6512136630201, 20.802466697412584], [84.6512136630201, 20.80237686588417], [84.65130349454851, 20.80237686588417], [84.65130349454851, 20.80228703435576], [84.6520221467758, 20.80228703435576], [84.6520221467758, 20.802197202827347], [84.65220180983263, 20.802197202827347], [84.65220180983263, 20.802107371298938], [84.65229164136105, 20.802107371298938], [84.65229164136105, 20.80192770824211], [84.65238147288946, 20.80192770824211], [84.65238147288946, 20.8018378767137], [84.65247130441787, 20.8018378767137], [84.65247130441787, 20.80174804518529], [84.65256113594627, 20.80174804518529], [84.65256113594627, 20.801658213656875], [84.6527407990031, 20.801658213656875], [84.6527407990031, 20.80129888754323], [84.65265096747468, 20.80129888754323], [84.65265096747468, 20.801209056014816], [84.65247130441787, 20.801209056014816], [84.65247130441787, 20.801029392957993], [84.65256113594627, 20.801029392957993], [84.65256113594627, 20.80084972990117], [84.65247130441787, 20.80084972990117], [84.65247130441787, 20.800670066844344], [84.65256113594627, 20.800670066844344], [84.65256113594627, 20.800400572259107], [84.65247130441787, 20.800400572259107], [84.65247130441787, 20.800310740730698], [84.65256113594627, 20.800310740730698], [84.65256113594627, 20.800400572259107], [84.65265096747468, 20.800400572259107], [84.65265096747468, 20.800310740730698]], [[84.6504051792644, 20.804892148679706], [84.65022551620757, 20.804892148679706], [84.65022551620757, 20.80498198020812], [84.6504051792644, 20.80498198020812], [84.6504051792644, 20.804892148679706]], [[84.6497763585655, 20.80273619199782], [84.64968652703709, 20.80273619199782], [84.64968652703709, 20.802826023526233], [84.6497763585655, 20.802826023526233], [84.6497763585655, 20.80273619199782]]]}, "id": "+152+340", "properties": {"area_ha": 17.32050023087953, "centroid_lat": 20.803682801421395, "centroid_lon": 84.651371836766, "cluster_id": 3, "n_pixels": 1732, "perim_m": 4029.049543039295, "profile_annual_rainfall_p50": 1440.3388063930063, "profile_aspect_cos_p50": 0.48480962024633784, "profile_aspect_sin_p50": -0.25881904510252196, "profile_canopy_height_max_p50": 22.999999999999996, "profile_canopy_height_p50": 23.00000000000001, "profile_canopy_height_std_p50": 0.4714045207910619, "profile_distance_to_water_p50": 463409.50001051987, "profile_elevation_p50": 298.4744523964432, "profile_ndvi_amplitude_annual_p50": 0.1884337250973825, "profile_ndvi_mean_p50": 0.7002127628517398, "profile_ndvi_phase_annual_cos_p50": -0.9931870121433142, "profile_ndvi_phase_annual_sin_p50": 0.0898867809311113, "profile_ndvi_residual_variance_p50": 0.01263375671492384, "profile_ndvi_trend_p50": -0.008058781396729631, "profile_slope_p50": 6.999999999999996, "profile_vh_iqr_p50": 3.0932676732942106, "profile_vh_p10_p50": -15.564209668785168, "profile_vh_p50_p50": -13.937162022523776, "profile_vh_p90_p50": -12.312136600672632, "profile_vv_iqr_p50": 2.907736989783209, "profile_vv_minus_vh_median_p50": 6.282849576801798, "profile_vv_p10_p50": -9.186273520606147, "profile_vv_p50_p50": -7.595373323243498, "profile_vv_p90_p50": -6.0950475707483305, "unit_id": 37}}, {"type": "Feature", "geometry": {"type": "Polygon", "coordinates": [[[84.65381877734404, 20.802107371298938], [84.65399844040087, 20.802107371298938], [84.65399844040087, 20.802197202827347], [84.6541781034577, 20.802197202827347], [84.6541781034577, 20.80237686588417], [84.65426793498611, 20.80237686588417], [84.65426793498611, 20.80228703435576], [84.65444759804294, 20.80228703435576], [84.65444759804294, 20.80237686588417], [84.65453742957133, 20.80237686588417], [84.65453742957133, 20.80273619199782], [84.65462726109975, 20.80273619199782], [84.65462726109975, 20.803005686583056], [84.65471709262816, 20.803005686583056], [84.65471709262816, 20.803365012696702], [84.65480692415657, 20.803365012696702], [84.65480692415657, 20.803814170338764], [84.65489675568499, 20.803814170338764], [84.65489675568499, 20.804353159509233], [84.65480692415657, 20.804353159509233], [84.65480692415657, 20.80453282256606], [84.65471709262816, 20.80453282256606], [84.65471709262816, 20.804712485622883], [84.65453742957133, 20.804712485622883], [84.65453742957133, 20.804892148679706], [84.65426793498611, 20.804892148679706], [84.65426793498611, 20.80498198020812], [84.65408827192928, 20.80498198020812], [84.65408827192928, 20.804892148679706], [84.6541781034577, 20.804892148679706], [84.6541781034577, 20.804712485622883], [84.65399844040087, 20.804712485622883], [84.65399844040087, 20.804442991037646], [84.65408827192928, 20.804442991037646], [84.65408827192928, 20.804263327980824], [84.65390860887246, 20.804263327980824], [84.65390860887246, 20.80417349645241], [84.6535492827588, 20.80417349645241], [84.6535492827588, 20.803904001867174], [84.65372894581563, 20.803904001867174], [84.65372894581563, 20.803814170338764], [84.65363911428722, 20.803814170338764], [84.65363911428722, 20.80372433881035], [84.6535492827588, 20.80372433881035], [84.6535492827588, 20.803634507281938], [84.65327978817358, 20.803634507281938], [84.65327978817358, 20.80354467575353], [84.65336961970199, 20.80354467575353], [84.65336961970199, 20.803454844225115], [84.65318995664516, 20.803454844225115], [84.65318995664516, 20.803634507281938], [84.65292046205992, 20.803634507281938], [84.65292046205992, 20.803814170338764], [84.65283063053151, 20.803814170338764], [84.65283063053151, 20.803904001867174], [84.6527407990031, 20.803904001867174], [84.6527407990031, 20.803814170338764], [84.65256113594627, 20.803814170338764], [84.65256113594627, 20.80372433881035], [84.65238147288946, 20.80372433881035], [84.65238147288946, 20.803454844225115], [84.65247130441787, 20.803454844225115], [84.65247130441787, 20.803365012696702], [84.65229164136105, 20.803365012696702], [84.65229164136105, 20.803275181168292], [84.6520221467758, 20.803275181168292], [84.6520221467758, 20.80309551811147], [84.65247130441787, 20.80309551811147], [84.65247130441787, 20.803275181168292], [84.65256113594627, 20.803275181168292], [84.65256113594627, 20.803365012696702], [84.65265096747468, 20.803365012696702], [84.65265096747468, 20.803454844225115], [84.65283063053151, 20.803454844225115], [84.65283063053151, 20.803275181168292], [84.65336961970199, 20.803275181168292], [84.65336961970199, 20.80309551811147], [84.65327978817358, 20.80309551811147], [84.65327978817358, 20.803005686583056], [84.65318995664516, 20.803005686583056], [84.65318995664516, 20.802826023526233], [84.65310012511675, 20.802826023526233], [84.65310012511675, 20.80273619199782], [84.65292046205992, 20.80273619199782], [84.65292046205992, 20.802556528940997], [84.65301029358834, 20.802556528940997], [84.65301029358834, 20.802466697412584], [84.65318995664516, 20.802466697412584], [84.65318995664516, 20.802556528940997], [84.65327978817358, 20.802556528940997], [84.65327978817358, 20.80228703435576], [84.65310012511675, 20.80228703435576], [84.65310012511675, 20.802107371298938], [84.65327978817358, 20.802107371298938], [84.65327978817358, 20.802197202827347], [84.65336961970199, 20.802197202827347], [84.65336961970199, 20.80237686588417], [84.6534594512304, 20.80237686588417], [84.6534594512304, 20.802556528940997], [84.65372894581563, 20.802556528940997], [84.65372894581563, 20.802646360469407], [84.65381877734404, 20.802646360469407], [84.65381877734404, 20.80273619199782], [84.65399844040087, 20.80273619199782], [84.65399844040087, 20.802646360469407], [84.65426793498611, 20.802646360469407], [84.65426793498611, 20.802556528940997], [84.6541781034577, 20.802556528940997], [84.6541781034577, 20.802466697412584], [84.65390860887246, 20.802466697412584], [84.65390860887246, 20.80237686588417], [84.65381877734404, 20.80237686588417], [84.65381877734404, 20.802107371298938]], [[84.65444759804294, 20.80309551811147], [84.65435776651452, 20.80309551811147], [84.65435776651452, 20.80318534963988], [84.65426793498611, 20.80318534963988], [84.65426793498611, 20.803275181168292], [84.6541781034577, 20.803275181168292], [84.6541781034577, 20.803454844225115], [84.65435776651452, 20.803454844225115], [84.65435776651452, 20.803365012696702], [84.65444759804294, 20.803365012696702], [84.65444759804294, 20.803275181168292], [84.65453742957133, 20.803275181168292], [84.65453742957133, 20.80318534963988], [84.65444759804294, 20.80318534963988], [84.65444759804294, 20.80309551811147]]]}, "id": "+164+320", "properties": {"area_ha": 3.889423355994081, "centroid_lat": 20.803459905057156, "centroid_lon": 84.65389105011957, "cluster_id": 1, "n_pixels": 389, "perim_m": 2084.1447729577794, "profile_annual_rainfall_p50": 1489.2637966702375, "profile_aspect_cos_p50": -0.529919264233205, "profile_aspect_sin_p50": -0.12186934340514723, "profile_canopy_height_max_p50": 18.999999999999996, "profile_canopy_height_p50": 18.999999999999993, "profile_canopy_height_std_p50": 0.47140452079104006, "profile_distance_to_water_p50": 463409.50001051987, "profile_elevation_p50": 188, "profile_ndvi_amplitude_annual_p50": 0.17920110982628168, "profile_ndvi_mean_p50": 0.6495254866009239, "profile_ndvi_phase_annual_cos_p50": -0.994191919067371, "profile_ndvi_phase_annual_sin_p50": 0.058502806294268024, "profile_ndvi_residual_variance_p50": 0.008975052430894357, "profile_ndvi_trend_p50": -0.004144396528579892, "profile_slope_p50": 4, "profile_vh_iqr_p50": 3.3123445792849506, "profile_vh_p10_p50": -16.437667431252414, "profile_vh_p50_p50": -14.6558245857463, "profile_vh_p90_p50": -13.028816985424658, "profile_vv_iqr_p50": 3.0930283255240894, "profile_vv_minus_vh_median_p50": 6.344056960104594, "profile_vv_p10_p50": -9.937872626254787, "profile_vv_p50_p50": -8.343753141921221, "profile_vv_p90_p50": -6.717165705436103, "unit_id": 38}}, {"type": "Feature", "geometry": {"type": "Polygon", "coordinates": [[[84.6489678748098, 20.802646360469407], [84.64932720092345, 20.802646360469407], [84.64932720092345, 20.80273619199782], [84.64923736939504, 20.80273619199782], [84.64923736939504, 20.802826023526233], [84.6489678748098, 20.802826023526233], [84.6489678748098, 20.802915855054643], [84.64905770633821, 20.802915855054643], [84.64905770633821, 20.80309551811147], [84.64914753786663, 20.80309551811147], [84.64914753786663, 20.803365012696702], [84.6489678748098, 20.803365012696702], [84.6489678748098, 20.80318534963988], [84.64887804328139, 20.80318534963988], [84.64887804328139, 20.803275181168292], [84.64878821175297, 20.803275181168292], [84.64878821175297, 20.802915855054643], [84.64887804328139, 20.802915855054643], [84.64887804328139, 20.802826023526233], [84.64878821175297, 20.802826023526233], [84.64878821175297, 20.802646360469407], [84.64887804328139, 20.802646360469407], [84.64887804328139, 20.802826023526233], [84.6489678748098, 20.802826023526233], [84.6489678748098, 20.802646360469407]]]}, "id": "+112+314", "properties": {"area_ha": 0.23317960035434895, "centroid_lat": 20.802975143834328, "centroid_lon": 84.6489984177701, "cluster_id": 1, "n_pixels": 23, "perim_m": 387.1404284216862, "profile_annual_rainfall_p50": 1489.2637966702375, "profile_aspect_cos_p50": -0.529919264233205, "profile_aspect_sin_p50": -0.12186934340514723, "profile_canopy_height_max_p50": 18.999999999999996, "profile_canopy_height_p50": 18.999999999999993, "profile_canopy_height_std_p50": 0.47140452079104006, "profile_distance_to_water_p50": 463409.50001051987, "profile_elevation_p50": 188, "profile_ndvi_amplitude_annual_p50": 0.17920110982628168, "profile_ndvi_mean_p50": 0.6495254866009239, "profile_ndvi_phase_annual_cos_p50": -0.994191919067371, "profile_ndvi_phase_annual_sin_p50": 0.058502806294268024, "profile_ndvi_residual_variance_p50": 0.008975052430894357, "profile_ndvi_trend_p50": -0.004144396528579892, "profile_slope_p50": 4, "profile_vh_iqr_p50": 3.3123445792849506, "profile_vh_p10_p50": -16.437667431252414, "profile_vh_p50_p50": -14.6558245857463, "profile_vh_p90_p50": -13.028816985424658, "profile_vv_iqr_p50": 3.0930283255240894, "profile_vv_minus_vh_median_p50": 6.344056960104594, "profile_vv_p10_p50": -9.937872626254787, "profile_vv_p50_p50": -8.343753141921221, "profile_vv_p90_p50": -6.717165705436103, "unit_id": 39}}, {"type": "Feature", "geometry": {"type": "Polygon", "coordinates": [[[84.6512136630201, 20.80228703435576], [84.65130349454851, 20.80228703435576], [84.65130349454851, 20.80237686588417], [84.6512136630201, 20.80237686588417], [84.6512136630201, 20.802466697412584], [84.65112383149169, 20.802466697412584], [84.65112383149169, 20.802556528940997], [84.65103399996327, 20.802556528940997], [84.65103399996327, 20.802646360469407], [84.65094416843486, 20.802646360469407], [84.65094416843486, 20.80273619199782], [84.65067467384962, 20.80273619199782], [84.65067467384962, 20.802646360469407], [84.65094416843486, 20.802646360469407], [84.65094416843486, 20.802466697412584], [84.65112383149169, 20.802466697412584], [84.65112383149169, 20.80237686588417], [84.6512136630201, 20.80237686588417], [84.6512136630201, 20.80228703435576]]]}, "id": "+134+318", "properties": {"area_ha": 0.0746176806921174, "centroid_lat": 20.80255652933595, "centroid_lon": 84.65098908507646, "cluster_id": 1, "n_pixels": 7, "perim_m": 230.38502652022441, "profile_annual_rainfall_p50": 1489.2637966702375, "profile_aspect_cos_p50": -0.529919264233205, "profile_aspect_sin_p50": -0.12186934340514723, "profile_canopy_height_max_p50": 18.999999999999996, "profile_canopy_height_p50": 18.999999999999993, "profile_canopy_height_std_p50": 0.47140452079104006, "profile_distance_to_water_p50": 463409.50001051987, "profile_elevation_p50": 188, "profile_ndvi_amplitude_annual_p50": 0.17920110982628168, "profile_ndvi_mean_p50": 0.6495254866009239, "profile_ndvi_phase_annual_cos_p50": -0.994191919067371, "profile_ndvi_phase_annual_sin_p50": 0.058502806294268024, "profile_ndvi_residual_variance_p50": 0.008975052430894357, "profile_ndvi_trend_p50": -0.004144396528579892, "profile_slope_p50": 4, "profile_vh_iqr_p50": 3.3123445792849506, "profile_vh_p10_p50": -16.437667431252414, "profile_vh_p50_p50": -14.6558245857463, "profile_vh_p90_p50": -13.028816985424658, "profile_vv_iqr_p50": 3.0930283255240894, "profile_vv_minus_vh_median_p50": 6.344056960104594, "profile_vv_p10_p50": -9.937872626254787, "profile_vv_p50_p50": -8.343753141921221, "profile_vv_p90_p50": -6.717165705436103, "unit_id": 40}}, {"type": "Feature", "geometry": {"type": "Polygon", "coordinates": [[[84.65022551620757, 20.80049040378752], [84.65076450537804, 20.80049040378752], [84.65076450537804, 20.800580235315934], [84.65085433690645, 20.800580235315934], [84.65085433690645, 20.800759898372757], [84.65094416843486, 20.800759898372757], [84.65094416843486, 20.80093956142958], [84.65085433690645, 20.80093956142958], [84.65085433690645, 20.801119224486406], [84.65076450537804, 20.801119224486406], [84.65076450537804, 20.80174804518529], [84.65031534773598, 20.80174804518529], [84.65031534773598, 20.80192770824211], [84.65013568467916, 20.80192770824211], [84.65013568467916, 20.802107371298938], [84.65031534773598, 20.802107371298938], [84.65031534773598, 20.80228703435576], [84.65049501079281, 20.80228703435576], [84.65049501079281, 20.802466697412584], [84.65031534773598, 20.802466697412584], [84.65031534773598, 20.80273619199782], [84.65022551620757, 20.80273619199782], [84.65022551620757, 20.802826023526233], [84.65049501079281, 20.802826023526233], [84.65049501079281, 20.802915855054643], [84.65058484232121, 20.802915855054643], [84.65058484232121, 20.80309551811147], [84.65049501079281, 20.80309551811147], [84.65049501079281, 20.803005686583056], [84.6504051792644, 20.803005686583056], [84.6504051792644, 20.802915855054643], [84.65022551620757, 20.802915855054643], [84.65022551620757, 20.803005686583056], [84.65013568467916, 20.803005686583056], [84.65013568467916, 20.802826023526233], [84.64995602162233, 20.802826023526233], [84.64995602162233, 20.802646360469407], [84.64986619009392, 20.802646360469407], [84.64986619009392, 20.80273619199782], [84.6497763585655, 20.80273619199782], [84.6497763585655, 20.802826023526233], [84.64968652703709, 20.802826023526233], [84.64968652703709, 20.80273619199782], [84.6497763585655, 20.80273619199782], [84.6497763585655, 20.802556528940997], [84.64968652703709, 20.802556528940997], [84.64968652703709, 20.802646360469407], [84.64959669550868, 20.802646360469407], [84.64959669550868, 20.802556528940997], [84.64950686398028, 20.802556528940997], [84.64950686398028, 20.802466697412584], [84.6497763585655, 20.802466697412584], [84.6497763585655, 20.80237686588417], [84.64986619009392, 20.80237686588417], [84.64986619009392, 20.80228703435576], [84.65004585315074, 20.80228703435576], [84.65004585315074, 20.802197202827347], [84.65013568467916, 20.802197202827347], [84.65013568467916, 20.802107371298938], [84.64986619009392, 20.802107371298938], [84.64986619009392, 20.802017539770524], [84.6497763585655, 20.802017539770524], [84.6497763585655, 20.8018378767137], [84.64959669550868, 20.8018378767137], [84.64959669550868, 20.80192770824211], [84.64950686398028, 20.80192770824211], [84.64950686398028, 20.802107371298938], [84.64941703245186, 20.802107371298938], [84.64941703245186, 20.802197202827347], [84.64932720092345, 20.802197202827347], [84.64932720092345, 20.802466697412584], [84.64914753786663, 20.802466697412584], [84.64914753786663, 20.80228703435576], [84.64860854869615, 20.80228703435576], [84.64860854869615, 20.802107371298938], [84.64842888563933, 20.802107371298938], [84.64842888563933, 20.801568382128465], [84.64797972799727, 20.801568382128465], [84.64797972799727, 20.801658213656875], [84.64780006494044, 20.801658213656875], [84.64780006494044, 20.80174804518529], [84.64806955952568, 20.80174804518529], [84.64806955952568, 20.8018378767137], [84.64797972799727, 20.8018378767137], [84.64797972799727, 20.80192770824211], [84.64806955952568, 20.80192770824211], [84.64806955952568, 20.802197202827347], [84.6481593910541, 20.802197202827347], [84.6481593910541, 20.80228703435576], [84.64842888563933, 20.80228703435576], [84.64842888563933, 20.802556528940997], [84.64851871716775, 20.802556528940997], [84.64851871716775, 20.802646360469407], [84.6482492225825, 20.802646360469407], [84.6482492225825, 20.802556528940997], [84.64797972799727, 20.802556528940997], [84.64797972799727, 20.80237686588417], [84.64788989646885, 20.80237686588417], [84.64788989646885, 20.80228703435576], [84.64780006494044, 20.80228703435576], [84.64780006494044, 20.802107371298938], [84.64771023341203, 20.802107371298938], [84.64771023341203, 20.802017539770524], [84.64762040188361, 20.802017539770524], [84.64762040188361, 20.80138871907164], [84.64780006494044, 20.80138871907164], [84.64780006494044, 20.80129888754323], [84.64788989646885, 20.80129888754323], [84.64788989646885, 20.801209056014816], [84.64797972799727, 20.801209056014816], [84.64797972799727, 20.801119224486406], [84.6481593910541, 20.801119224486406], [84.6481593910541, 20.801029392957993], [84.64833905411092, 20.801029392957993], [84.64833905411092, 20.80093956142958], [84.64851871716775, 20.80093956142958], [84.64851871716775, 20.80084972990117], [84.64878821175297, 20.80084972990117], [84.64878821175297, 20.800759898372757], [84.64887804328139, 20.800759898372757], [84.64887804328139, 20.80084972990117], [84.6489678748098, 20.80084972990117], [84.6489678748098, 20.80093956142958], [84.64887804328139, 20.80093956142958], [84.64887804328139, 20.80138871907164], [84.64923736939504, 20.80138871907164], [84.64923736939504, 20.801209056014816], [84.64932720092345, 20.801209056014816], [84.64932720092345, 20.801119224486406], [84.64941703245186, 20.801119224486406], [84.64941703245186, 20.801029392957993], [84.64995602162233, 20.801029392957993], [84.64995602162233, 20.80084972990117], [84.65013568467916, 20.80084972990117], [84.65013568467916, 20.800580235315934], [84.65022551620757, 20.800580235315934], [84.65022551620757, 20.80049040378752]]]}, "id": "+128+338", "properties": {"area_ha": 4.551706533443316, "centroid_lat": 20.801632258695783, "centroid_lon": 84.6493929189533, "cluster_id": 1, "n_pixels": 455, "perim_m": 2351.948310101913, "profile_annual_rainfall_p50": 1489.2637966702375, "profile_aspect_cos_p50": -0.529919264233205, "profile_aspect_sin_p50": -0.12186934340514723, "profile_canopy_height_max_p50": 18.999999999999996, "profile_canopy_height_p50": 18.999999999999993, "profile_canopy_height_std_p50": 0.47140452079104006, "profile_distance_to_water_p50": 463409.50001051987, "profile_elevation_p50": 188, "profile_ndvi_amplitude_annual_p50": 0.17920110982628168, "profile_ndvi_mean_p50": 0.6495254866009239, "profile_ndvi_phase_annual_cos_p50": -0.994191919067371, "profile_ndvi_phase_annual_sin_p50": 0.058502806294268024, "profile_ndvi_residual_variance_p50": 0.008975052430894357, "profile_ndvi_trend_p50": -0.004144396528579892, "profile_slope_p50": 4, "profile_vh_iqr_p50": 3.3123445792849506, "profile_vh_p10_p50": -16.437667431252414, "profile_vh_p50_p50": -14.6558245857463, "profile_vh_p90_p50": -13.028816985424658, "profile_vv_iqr_p50": 3.0930283255240894, "profile_vv_minus_vh_median_p50": 6.344056960104594, "profile_vv_p10_p50": -9.937872626254787, "profile_vv_p50_p50": -8.343753141921221, "profile_vv_p90_p50": -6.717165705436103, "unit_id": 41}}, {"type": "Feature", "geometry": {"type": "Polygon", "coordinates": [[[84.65265096747468, 20.80129888754323], [84.6527407990031, 20.80129888754323], [84.6527407990031, 20.801658213656875], [84.65265096747468, 20.801658213656875], [84.65265096747468, 20.80129888754323]]]}, "id": "+150+329", "properties": {"area_ha": 0.03730910823433103, "centroid_lat": 20.801478550784346, "centroid_lon": 84.65269588237378, "cluster_id": 1, "n_pixels": 4, "perim_m": 98.26927030399285, "profile_annual_rainfall_p50": 1489.2637966702375, "profile_aspect_cos_p50": -0.529919264233205, "profile_aspect_sin_p50": -0.12186934340514723, "profile_canopy_height_max_p50": 18.999999999999996, "profile_canopy_height_p50": 18.999999999999993, "profile_canopy_height_std_p50": 0.47140452079104006, "profile_distance_to_water_p50": 463409.50001051987, "profile_elevation_p50": 188, "profile_ndvi_amplitude_annual_p50": 0.17920110982628168, "profile_ndvi_mean_p50": 0.6495254866009239, "profile_ndvi_phase_annual_cos_p50": -0.994191919067371, "profile_ndvi_phase_annual_sin_p50": 0.058502806294268024, "profile_ndvi_residual_variance_p50": 0.008975052430894357, "profile_ndvi_trend_p50": -0.004144396528579892, "profile_slope_p50": 4, "profile_vh_iqr_p50": 3.3123445792849506, "profile_vh_p10_p50": -16.437667431252414, "profile_vh_p50_p50": -14.6558245857463, "profile_vh_p90_p50": -13.028816985424658, "profile_vv_iqr_p50": 3.0930283255240894, "profile_vv_minus_vh_median_p50": 6.344056960104594, "profile_vv_p10_p50": -9.937872626254787, "profile_vv_p50_p50": -8.343753141921221, "profile_vv_p90_p50": -6.717165705436103, "unit_id": 42}}, {"type": "Feature", "geometry": {"type": "Polygon", "coordinates": [[[84.65112383149169, 20.80004124614546], [84.65211197830422, 20.80004124614546], [84.65211197830422, 20.800131077673875], [84.65247130441787, 20.800131077673875], [84.65247130441787, 20.800220909202285], [84.6527407990031, 20.800220909202285], [84.6527407990031, 20.800310740730698], [84.65265096747468, 20.800310740730698], [84.65265096747468, 20.800400572259107], [84.65256113594627, 20.800400572259107], [84.65256113594627, 20.800670066844344], [84.65247130441787, 20.800670066844344], [84.65247130441787, 20.80084972990117], [84.65256113594627, 20.80084972990117], [84.65256113594627, 20.801029392957993], [84.65247130441787, 20.801029392957993], [84.65247130441787, 20.80084972990117], [84.65238147288946, 20.80084972990117], [84.65238147288946, 20.800670066844344], [84.65220180983263, 20.800670066844344], [84.65220180983263, 20.800580235315934], [84.65211197830422, 20.800580235315934], [84.65211197830422, 20.800759898372757], [84.6520221467758, 20.800759898372757], [84.6520221467758, 20.800670066844344], [84.6519323152474, 20.800670066844344], [84.6519323152474, 20.80084972990117], [84.65130349454851, 20.80084972990117], [84.65130349454851, 20.800759898372757], [84.6512136630201, 20.800759898372757], [84.6512136630201, 20.800670066844344], [84.65103399996327, 20.800670066844344], [84.65103399996327, 20.800580235315934], [84.65094416843486, 20.800580235315934], [84.65094416843486, 20.80049040378752], [84.65085433690645, 20.80049040378752], [84.65085433690645, 20.800400572259107], [84.65076450537804, 20.800400572259107], [84.65076450537804, 20.800310740730698], [84.65085433690645, 20.800310740730698], [84.65085433690645, 20.800220909202285], [84.65076450537804, 20.800220909202285], [84.65076450537804, 20.800131077673875], [84.65112383149169, 20.800131077673875], [84.65112383149169, 20.80004124614546]], [[84.65256113594627, 20.800310740730698], [84.65247130441787, 20.800310740730698], [84.65247130441787, 20.800400572259107], [84.65256113594627, 20.800400572259107], [84.65256113594627, 20.800310740730698]], [[84.65211197830422, 20.800131077673875], [84.6520221467758, 20.800131077673875], [84.6520221467758, 20.800220909202285], [84.65211197830422, 20.800220909202285], [84.65211197830422, 20.800131077673875]]]}, "id": "+143+343", "properties": {"area_ha": 1.3338095090790538, "centroid_lat": 20.800422245593975, "centroid_lon": 84.6517190436879, "cluster_id": 1, "n_pixels": 133, "perim_m": 824.4649555812958, "profile_annual_rainfall_p50": 1489.2637966702375, "profile_aspect_cos_p50": -0.529919264233205, "profile_aspect_sin_p50": -0.12186934340514723, "profile_canopy_height_max_p50": 18.999999999999996, "profile_canopy_height_p50": 18.999999999999993, "profile_canopy_height_std_p50": 0.47140452079104006, "profile_distance_to_water_p50": 463409.50001051987, "profile_elevation_p50": 188, "profile_ndvi_amplitude_annual_p50": 0.17920110982628168, "profile_ndvi_mean_p50": 0.6495254866009239, "profile_ndvi_phase_annual_cos_p50": -0.994191919067371, "profile_ndvi_phase_annual_sin_p50": 0.058502806294268024, "profile_ndvi_residual_variance_p50": 0.008975052430894357, "profile_ndvi_trend_p50": -0.004144396528579892, "profile_slope_p50": 4, "profile_vh_iqr_p50": 3.3123445792849506, "profile_vh_p10_p50": -16.437667431252414, "profile_vh_p50_p50": -14.6558245857463, "profile_vh_p90_p50": -13.028816985424658, "profile_vv_iqr_p50": 3.0930283255240894, "profile_vv_minus_vh_median_p50": 6.344056960104594, "profile_vv_p10_p50": -9.937872626254787, "profile_vv_p50_p50": -8.343753141921221, "profile_vv_p90_p50": -6.717165705436103, "unit_id": 43}}, {"type": "Feature", "geometry": {"type": "Polygon", "coordinates": [[[84.71427539596529, 20.766084928405743], [84.7143652274937, 20.766084928405743], [84.7143652274937, 20.766174759934156], [84.71454489055053, 20.766174759934156], [84.71454489055053, 20.76635442299098], [84.71445505902211, 20.76635442299098], [84.71445505902211, 20.766534086047802], [84.71409573290846, 20.766534086047802], [84.71409573290846, 20.766264591462566], [84.71391606985163, 20.766264591462566], [84.71391606985163, 20.766174759934156], [84.71427539596529, 20.766174759934156], [84.71427539596529, 20.766084928405743]]]}, "id": "+836+721", "properties": {"area_ha": 0.195918439231543, "centroid_lat": 20.766322340191675, "centroid_lon": 84.71427325732984, "cluster_id": 1, "n_pixels": 20, "perim_m": 230.41587362514707, "profile_annual_rainfall_p50": 1489.2637966702375, "profile_aspect_cos_p50": -0.529919264233205, "profile_aspect_sin_p50": -0.12186934340514723, "profile_canopy_height_max_p50": 18.999999999999996, "profile_canopy_height_p50": 18.999999999999993, "profile_canopy_height_std_p50": 0.47140452079104006, "profile_distance_to_water_p50": 463409.50001051987, "profile_elevation_p50": 188, "profile_ndvi_amplitude_annual_p50": 0.17920110982628168, "profile_ndvi_mean_p50": 0.6495254866009239, "profile_ndvi_phase_annual_cos_p50": -0.994191919067371, "profile_ndvi_phase_annual_sin_p50": 0.058502806294268024, "profile_ndvi_residual_variance_p50": 0.008975052430894357, "profile_ndvi_trend_p50": -0.004144396528579892, "profile_slope_p50": 4, "profile_vh_iqr_p50": 3.3123445792849506, "profile_vh_p10_p50": -16.437667431252414, "profile_vh_p50_p50": -14.6558245857463, "profile_vh_p90_p50": -13.028816985424658, "profile_vv_iqr_p50": 3.0930283255240894, "profile_vv_minus_vh_median_p50": 6.344056960104594, "profile_vv_p10_p50": -9.937872626254787, "profile_vv_p50_p50": -8.343753141921221, "profile_vv_p90_p50": -6.717165705436103, "unit_id": 44}}, {"type": "Feature", "geometry": {"type": "Polygon", "coordinates": [[[84.71229910234022, 20.76590526534892], [84.71256859692546, 20.76590526534892], [84.71256859692546, 20.765995096877333], [84.71265842845388, 20.765995096877333], [84.71265842845388, 20.766084928405743], [84.71274825998229, 20.766084928405743], [84.71274825998229, 20.766174759934156], [84.71256859692546, 20.766174759934156], [84.71256859692546, 20.766084928405743], [84.71229910234022, 20.766084928405743], [84.71229910234022, 20.76590526534892]]]}, "id": "+816+723", "properties": {"area_ha": 0.0839652102413781, "centroid_lat": 20.76603003157874, "centroid_lon": 84.71250371876994, "cluster_id": 5, "n_pixels": 8, "perim_m": 153.21653629818962, "profile_annual_rainfall_p50": 1505.9420581648747, "profile_aspect_cos_p50": -0.42261826174069866, "profile_aspect_sin_p50": 8.368282946838767e-17, "profile_canopy_height_max_p50": 16, "profile_canopy_height_p50": 15, "profile_canopy_height_std_p50": 0.4796882510175016, "profile_distance_to_water_p50": 463409.50001051987, "profile_elevation_p50": 172, "profile_ndvi_amplitude_annual_p50": 0.17048289900212668, "profile_ndvi_mean_p50": 0.5960216558462038, "profile_ndvi_phase_annual_cos_p50": -0.9975915864410161, "profile_ndvi_phase_annual_sin_p50": 0.07417168914717162, "profile_ndvi_residual_variance_p50": 0.00774859606117175, "profile_ndvi_trend_p50": -0.0036441331888788227, "profile_slope_p50": 3, "profile_vh_iqr_p50": 3.658622608586966, "profile_vh_p10_p50": -17.566743797684428, "profile_vh_p50_p50": -15.66873593089709, "profile_vh_p90_p50": -13.78548284778306, "profile_vv_iqr_p50": 3.419226960096244, "profile_vv_minus_vh_median_p50": 6.535462084537159, "profile_vv_p10_p50": -10.902273113810534, "profile_vv_p50_p50": -9.097122146378963, "profile_vv_p90_p50": -7.34188028419536, "unit_id": 45}}, {"type": "Feature", "geometry": {"type": "Polygon", "coordinates": [[[84.71104146094245, 20.76554593923527], [84.7113109555277, 20.76554593923527], [84.7113109555277, 20.765635770763684], [84.7114007870561, 20.765635770763684], [84.7114007870561, 20.765725602292097], [84.71167028164135, 20.765725602292097], [84.71167028164135, 20.76590526534892], [84.71149061858452, 20.76590526534892], [84.71149061858452, 20.765815433820507], [84.71113129247087, 20.765815433820507], [84.71113129247087, 20.765725602292097], [84.71104146094245, 20.765725602292097], [84.71104146094245, 20.76554593923527]]]}, "id": "+802+727", "properties": {"area_ha": 0.1399423050201102, "centroid_lat": 20.765722608866007, "centroid_lon": 84.71133191562429, "cluster_id": 1, "n_pixels": 14, "perim_m": 210.52517805977482, "profile_annual_rainfall_p50": 1489.2637966702375, "profile_aspect_cos_p50": -0.529919264233205, "profile_aspect_sin_p50": -0.12186934340514723, "profile_canopy_height_max_p50": 18.999999999999996, "profile_canopy_height_p50": 18.999999999999993, "profile_canopy_height_std_p50": 0.47140452079104006, "profile_distance_to_water_p50": 463409.50001051987, "profile_elevation_p50": 188, "profile_ndvi_amplitude_annual_p50": 0.17920110982628168, "profile_ndvi_mean_p50": 0.6495254866009239, "profile_ndvi_phase_annual_cos_p50": -0.994191919067371, "profile_ndvi_phase_annual_sin_p50": 0.058502806294268024, "profile_ndvi_residual_variance_p50": 0.008975052430894357, "profile_ndvi_trend_p50": -0.004144396528579892, "profile_slope_p50": 4, "profile_vh_iqr_p50": 3.3123445792849506, "profile_vh_p10_p50": -16.437667431252414, "profile_vh_p50_p50": -14.6558245857463, "profile_vh_p90_p50": -13.028816985424658, "profile_vv_iqr_p50": 3.0930283255240894, "profile_vv_minus_vh_median_p50": 6.344056960104594, "profile_vv_p10_p50": -9.937872626254787, "profile_vv_p50_p50": -8.343753141921221, "profile_vv_p90_p50": -6.717165705436103, "unit_id": 46}}, {"type": "Feature", "geometry": {"type": "Polygon", "coordinates": [[[84.7113109555277, 20.76554593923527], [84.71158045011293, 20.76554593923527], [84.71158045011293, 20.765725602292097], [84.7114007870561, 20.765725602292097], [84.7114007870561, 20.765635770763684], [84.7113109555277, 20.765635770763684], [84.7113109555277, 20.76554593923527]]]}, "id": "+805+727", "properties": {"area_ha": 0.04664745489016991, "centroid_lat": 20.76562678772573, "centroid_lon": 84.71146366924972, "cluster_id": 5, "n_pixels": 5, "perim_m": 95.90830990259127, "profile_annual_rainfall_p50": 1505.9420581648747, "profile_aspect_cos_p50": -0.42261826174069866, "profile_aspect_sin_p50": 8.368282946838767e-17, "profile_canopy_height_max_p50": 16, "profile_canopy_height_p50": 15, "profile_canopy_height_std_p50": 0.4796882510175016, "profile_distance_to_water_p50": 463409.50001051987, "profile_elevation_p50": 172, "profile_ndvi_amplitude_annual_p50": 0.17048289900212668, "profile_ndvi_mean_p50": 0.5960216558462038, "profile_ndvi_phase_annual_cos_p50": -0.9975915864410161, "profile_ndvi_phase_annual_sin_p50": 0.07417168914717162, "profile_ndvi_residual_variance_p50": 0.00774859606117175, "profile_ndvi_trend_p50": -0.0036441331888788227, "profile_slope_p50": 3, "profile_vh_iqr_p50": 3.658622608586966, "profile_vh_p10_p50": -17.566743797684428, "profile_vh_p50_p50": -15.66873593089709, "profile_vh_p90_p50": -13.78548284778306, "profile_vv_iqr_p50": 3.419226960096244, "profile_vv_minus_vh_median_p50": 6.535462084537159, "profile_vv_p10_p50": -10.902273113810534, "profile_vv_p50_p50": -9.097122146378963, "profile_vv_p90_p50": -7.34188028419536, "unit_id": 47}}, {"type": "Feature", "geometry": {"type": "Polygon", "coordinates": [[[84.7189466354427, 20.765366276178447], [84.71930596155636, 20.765366276178447], [84.71930596155636, 20.76554593923527], [84.71921613002795, 20.76554593923527], [84.71921613002795, 20.765635770763684], [84.71912629849953, 20.765635770763684], [84.71912629849953, 20.765725602292097], [84.71903646697112, 20.765725602292097], [84.71903646697112, 20.765815433820507], [84.7189466354427, 20.765815433820507], [84.7189466354427, 20.76590526534892], [84.71885680391429, 20.76590526534892], [84.71885680391429, 20.76545610770686], [84.7189466354427, 20.76545610770686], [84.7189466354427, 20.765366276178447]]]}, "id": "+891+729", "properties": {"area_ha": 0.17726038896583862, "centroid_lat": 20.765576671590473, "centroid_lon": 84.71904355859536, "cluster_id": 1, "n_pixels": 18, "perim_m": 212.89035725524755, "profile_annual_rainfall_p50": 1489.2637966702375, "profile_aspect_cos_p50": -0.529919264233205, "profile_aspect_sin_p50": -0.12186934340514723, "profile_canopy_height_max_p50": 18.999999999999996, "profile_canopy_height_p50": 18.999999999999993, "profile_canopy_height_std_p50": 0.47140452079104006, "profile_distance_to_water_p50": 463409.50001051987, "profile_elevation_p50": 188, "profile_ndvi_amplitude_annual_p50": 0.17920110982628168, "profile_ndvi_mean_p50": 0.6495254866009239, "profile_ndvi_phase_annual_cos_p50": -0.994191919067371, "profile_ndvi_phase_annual_sin_p50": 0.058502806294268024, "profile_ndvi_residual_variance_p50": 0.008975052430894357, "profile_ndvi_trend_p50": -0.004144396528579892, "profile_slope_p50": 4, "profile_vh_iqr_p50": 3.3123445792849506, "profile_vh_p10_p50": -16.437667431252414, "profile_vh_p50_p50": -14.6558245857463, "profile_vh_p90_p50": -13.028816985424658, "profile_vv_iqr_p50": 3.0930283255240894, "profile_vv_minus_vh_median_p50": 6.344056960104594, "profile_vv_p10_p50": -9.937872626254787, "profile_vv_p50_p50": -8.343753141921221, "profile_vv_p90_p50": -6.717165705436103, "unit_id": 48}}, {"type": "Feature", "geometry": {"type": "Polygon", "coordinates": [[[84.71643135264718, 20.763479814081798], [84.71670084723242, 20.763479814081798], [84.71670084723242, 20.763569645610207], [84.71679067876083, 20.763569645610207], [84.71679067876083, 20.76365947713862], [84.71688051028923, 20.76365947713862], [84.71688051028923, 20.763749308667034], [84.71679067876083, 20.763749308667034], [84.71679067876083, 20.763928971723857], [84.71670084723242, 20.763928971723857], [84.71670084723242, 20.763839140195444], [84.716611015704, 20.763839140195444], [84.716611015704, 20.76401880325227], [84.71670084723242, 20.76401880325227], [84.71670084723242, 20.764198466309093], [84.71679067876083, 20.764198466309093], [84.71679067876083, 20.764288297837503], [84.71697034181764, 20.764288297837503], [84.71697034181764, 20.76446796089433], [84.7173296679313, 20.76446796089433], [84.7173296679313, 20.764378129365916], [84.71804832015859, 20.764378129365916], [84.71804832015859, 20.76446796089433], [84.71822798321541, 20.76446796089433], [84.71822798321541, 20.764378129365916], [84.71831781474383, 20.764378129365916], [84.71831781474383, 20.76446796089433], [84.71840764627224, 20.76446796089433], [84.71840764627224, 20.764378129365916], [84.71849747780065, 20.764378129365916], [84.71849747780065, 20.76455779242274], [84.71867714085748, 20.76455779242274], [84.71867714085748, 20.76446796089433], [84.7187669723859, 20.76446796089433], [84.7187669723859, 20.76455779242274], [84.71867714085748, 20.76455779242274], [84.71867714085748, 20.764647623951152], [84.7187669723859, 20.764647623951152], [84.7187669723859, 20.764737455479565], [84.7189466354427, 20.764737455479565], [84.7189466354427, 20.764827287007975], [84.71903646697112, 20.764827287007975], [84.71903646697112, 20.7650069500648], [84.7189466354427, 20.7650069500648], [84.7189466354427, 20.76491711853639], [84.71885680391429, 20.76491711853639], [84.71885680391429, 20.764827287007975], [84.71867714085748, 20.764827287007975], [84.71867714085748, 20.764737455479565], [84.71858730932907, 20.764737455479565], [84.71858730932907, 20.7650069500648], [84.71885680391429, 20.7650069500648], [84.71885680391429, 20.76509678159321], [84.7187669723859, 20.76509678159321], [84.7187669723859, 20.765276444650034], [84.71858730932907, 20.765276444650034], [84.71858730932907, 20.76545610770686], [84.71849747780065, 20.76545610770686], [84.71849747780065, 20.765366276178447], [84.71831781474383, 20.765366276178447], [84.71831781474383, 20.76545610770686], [84.718138151687, 20.76545610770686], [84.718138151687, 20.765635770763684], [84.71822798321541, 20.765635770763684], [84.71822798321541, 20.765815433820507], [84.71831781474383, 20.765815433820507], [84.71831781474383, 20.765995096877333], [84.718138151687, 20.765995096877333], [84.718138151687, 20.766174759934156], [84.71831781474383, 20.766174759934156], [84.71831781474383, 20.766264591462566], [84.71840764627224, 20.766264591462566], [84.71840764627224, 20.766174759934156], [84.71849747780065, 20.766174759934156], [84.71849747780065, 20.765995096877333], [84.71867714085748, 20.765995096877333], [84.71867714085748, 20.766084928405743], [84.71858730932907, 20.766084928405743], [84.71858730932907, 20.766174759934156], [84.71867714085748, 20.766174759934156], [84.71867714085748, 20.766264591462566], [84.71885680391429, 20.766264591462566], [84.71885680391429, 20.766444254519392], [84.7189466354427, 20.766444254519392], [84.7189466354427, 20.766623917576215], [84.71912629849953, 20.766623917576215], [84.71912629849953, 20.767073075218274], [84.71903646697112, 20.767073075218274], [84.71903646697112, 20.767162906746687], [84.7189466354427, 20.767162906746687], [84.7189466354427, 20.767073075218274], [84.71885680391429, 20.767073075218274], [84.71885680391429, 20.76671374910463], [84.71867714085748, 20.76671374910463], [84.71867714085748, 20.766623917576215], [84.71858730932907, 20.766623917576215], [84.71858730932907, 20.766534086047802], [84.71849747780065, 20.766534086047802], [84.71849747780065, 20.766623917576215], [84.71840764627224, 20.766623917576215], [84.71840764627224, 20.76671374910463], [84.71831781474383, 20.76671374910463], [84.71831781474383, 20.766803580633038], [84.71822798321541, 20.766803580633038], [84.71822798321541, 20.76671374910463], [84.71804832015859, 20.76671374910463], [84.71804832015859, 20.766534086047802], [84.718138151687, 20.766534086047802], [84.718138151687, 20.766264591462566], [84.71795848863017, 20.766264591462566], [84.71795848863017, 20.766174759934156], [84.71768899404495, 20.766174759934156], [84.71768899404495, 20.765995096877333], [84.71750933098812, 20.765995096877333], [84.71750933098812, 20.765815433820507], [84.7173296679313, 20.765815433820507], [84.7173296679313, 20.76545610770686], [84.71768899404495, 20.76545610770686], [84.71768899404495, 20.765366276178447], [84.71777882557336, 20.765366276178447], [84.71777882557336, 20.765276444650034], [84.71768899404495, 20.765276444650034], [84.71768899404495, 20.7650069500648], [84.71759916251654, 20.7650069500648], [84.71759916251654, 20.76491711853639], [84.71750933098812, 20.76491711853639], [84.71750933098812, 20.7650069500648], [84.7173296679313, 20.7650069500648], [84.7173296679313, 20.76509678159321], [84.71715000487447, 20.76509678159321], [84.71715000487447, 20.765276444650034], [84.71697034181764, 20.765276444650034], [84.71697034181764, 20.765366276178447], [84.71688051028923, 20.765366276178447], [84.71688051028923, 20.76545610770686], [84.7158025319483, 20.76545610770686], [84.7158025319483, 20.765366276178447], [84.71562286889147, 20.765366276178447], [84.71562286889147, 20.765815433820507], [84.7158025319483, 20.765815433820507], [84.7158025319483, 20.765995096877333], [84.71598219500511, 20.765995096877333], [84.71598219500511, 20.766174759934156], [84.71607202653352, 20.766174759934156], [84.71607202653352, 20.766264591462566], [84.71616185806194, 20.766264591462566], [84.71616185806194, 20.766444254519392], [84.71625168959035, 20.766444254519392], [84.71625168959035, 20.766534086047802], [84.71679067876083, 20.766534086047802], [84.71679067876083, 20.766444254519392], [84.716611015704, 20.766444254519392], [84.716611015704, 20.76635442299098], [84.71715000487447, 20.76635442299098], [84.71715000487447, 20.766444254519392], [84.7173296679313, 20.766444254519392], [84.7173296679313, 20.76635442299098], [84.71750933098812, 20.76635442299098], [84.71750933098812, 20.766444254519392], [84.71759916251654, 20.766444254519392], [84.71759916251654, 20.766623917576215], [84.71768899404495, 20.766623917576215], [84.71768899404495, 20.767073075218274], [84.71750933098812, 20.767073075218274], [84.71750933098812, 20.766983243689864], [84.71670084723242, 20.766983243689864], [84.71670084723242, 20.76689341216145], [84.7158923634767, 20.76689341216145], [84.7158923634767, 20.766803580633038], [84.71508387972099, 20.766803580633038], [84.71508387972099, 20.76671374910463], [84.7151737112494, 20.76671374910463], [84.7151737112494, 20.766534086047802], [84.71544320583465, 20.766534086047802], [84.71544320583465, 20.765815433820507], [84.71526354277782, 20.765815433820507], [84.71526354277782, 20.765366276178447], [84.7151737112494, 20.765366276178447], [84.7151737112494, 20.765276444650034], [84.71463472207894, 20.765276444650034], [84.71463472207894, 20.76545610770686], [84.71382623832324, 20.76545610770686], [84.71382623832324, 20.76554593923527], [84.71364657526641, 20.76554593923527], [84.71364657526641, 20.765635770763684], [84.71328724915276, 20.765635770763684], [84.71328724915276, 20.76554593923527], [84.71265842845388, 20.76554593923527], [84.71265842845388, 20.76545610770686], [84.71256859692546, 20.76545610770686], [84.71256859692546, 20.765186613121625], [84.71274825998229, 20.765186613121625], [84.71274825998229, 20.76509678159321], [84.7128380915107, 20.76509678159321], [84.7128380915107, 20.7650069500648], [84.71301775456752, 20.7650069500648], [84.71301775456752, 20.76491711853639], [84.7129279230391, 20.76491711853639], [84.7129279230391, 20.764827287007975], [84.71328724915276, 20.764827287007975], [84.71328724915276, 20.7650069500648], [84.71364657526641, 20.7650069500648], [84.71364657526641, 20.764827287007975], [84.71373640679482, 20.764827287007975], [84.71373640679482, 20.764647623951152], [84.71382623832324, 20.764647623951152], [84.71382623832324, 20.764737455479565], [84.71391606985163, 20.764737455479565], [84.71391606985163, 20.764288297837503], [84.71400590138005, 20.764288297837503], [84.71400590138005, 20.764378129365916], [84.71445505902211, 20.764378129365916], [84.71445505902211, 20.764288297837503], [84.71463472207894, 20.764288297837503], [84.71463472207894, 20.764198466309093], [84.71544320583465, 20.764198466309093], [84.71544320583465, 20.76410863478068], [84.71562286889147, 20.76410863478068], [84.71562286889147, 20.763839140195444], [84.71553303736306, 20.763839140195444], [84.71553303736306, 20.763749308667034], [84.71544320583465, 20.763749308667034], [84.71544320583465, 20.76365947713862], [84.71553303736306, 20.76365947713862], [84.71553303736306, 20.763569645610207], [84.71544320583465, 20.763569645610207], [84.71544320583465, 20.763479814081798], [84.7158025319483, 20.763479814081798], [84.7158025319483, 20.76365947713862], [84.71643135264718, 20.76365947713862], [84.71643135264718, 20.763479814081798]], [[84.71319741762434, 20.765186613121625], [84.71310758609593, 20.765186613121625], [84.71310758609593, 20.765366276178447], [84.71328724915276, 20.765366276178447], [84.71328724915276, 20.765276444650034], [84.71319741762434, 20.765276444650034], [84.71319741762434, 20.765186613121625]], [[84.71328724915276, 20.7650069500648], [84.71310758609593, 20.7650069500648], [84.71310758609593, 20.76509678159321], [84.71319741762434, 20.76509678159321], [84.71319741762434, 20.765186613121625], [84.71328724915276, 20.765186613121625], [84.71328724915276, 20.7650069500648]], [[84.71840764627224, 20.766534086047802], [84.71831781474383, 20.766534086047802], [84.71831781474383, 20.766623917576215], [84.71840764627224, 20.766623917576215], [84.71840764627224, 20.766534086047802]], [[84.71849747780065, 20.766264591462566], [84.71840764627224, 20.766264591462566], [84.71840764627224, 20.76635442299098], [84.71849747780065, 20.76635442299098], [84.71849747780065, 20.766264591462566]], [[84.71795848863017, 20.76545610770686], [84.71777882557336, 20.76545610770686], [84.71777882557336, 20.76554593923527], [84.71795848863017, 20.76554593923527], [84.71795848863017, 20.76545610770686]], [[84.71535337430623, 20.764288297837503], [84.71526354277782, 20.764288297837503], [84.71526354277782, 20.764378129365916], [84.71535337430623, 20.764378129365916], [84.71535337430623, 20.764288297837503]]]}, "id": "+862+750", "properties": {"area_ha": 10.756933928784704, "centroid_lat": 20.765232933487102, "centroid_lon": 84.71620341961477, "cluster_id": 1, "n_pixels": 1076, "perim_m": 4666.8231332087535, "profile_annual_rainfall_p50": 1489.2637966702375, "profile_aspect_cos_p50": -0.529919264233205, "profile_aspect_sin_p50": -0.12186934340514723, "profile_canopy_height_max_p50": 18.999999999999996, "profile_canopy_height_p50": 18.999999999999993, "profile_canopy_height_std_p50": 0.47140452079104006, "profile_distance_to_water_p50": 463409.50001051987, "profile_elevation_p50": 188, "profile_ndvi_amplitude_annual_p50": 0.17920110982628168, "profile_ndvi_mean_p50": 0.6495254866009239, "profile_ndvi_phase_annual_cos_p50": -0.994191919067371, "profile_ndvi_phase_annual_sin_p50": 0.058502806294268024, "profile_ndvi_residual_variance_p50": 0.008975052430894357, "profile_ndvi_trend_p50": -0.004144396528579892, "profile_slope_p50": 4, "profile_vh_iqr_p50": 3.3123445792849506, "profile_vh_p10_p50": -16.437667431252414, "profile_vh_p50_p50": -14.6558245857463, "profile_vh_p90_p50": -13.028816985424658, "profile_vv_iqr_p50": 3.0930283255240894, "profile_vv_minus_vh_median_p50": 6.344056960104594, "profile_vv_p10_p50": -9.937872626254787, "profile_vv_p50_p50": -8.343753141921221, "profile_vv_p90_p50": -6.717165705436103, "unit_id": 49}}, {"type": "Feature", "geometry": {"type": "Polygon", "coordinates": [[[84.71095162941404, 20.76446796089433], [84.71158045011293, 20.76446796089433], [84.71158045011293, 20.764647623951152], [84.71167028164135, 20.764647623951152], [84.71167028164135, 20.764827287007975], [84.71176011316976, 20.764827287007975], [84.71176011316976, 20.76491711853639], [84.71158045011293, 20.76491711853639], [84.71158045011293, 20.7650069500648], [84.71122112399928, 20.7650069500648], [84.71122112399928, 20.764827287007975], [84.71095162941404, 20.764827287007975], [84.71095162941404, 20.764737455479565], [84.71086179788564, 20.764737455479565], [84.71086179788564, 20.764647623951152], [84.71095162941404, 20.764647623951152], [84.71095162941404, 20.76446796089433]]]}, "id": "+805+739", "properties": {"area_ha": 0.3825113934269386, "centroid_lat": 20.764716640579948, "centroid_lon": 84.71132081509535, "cluster_id": 1, "n_pixels": 38, "perim_m": 306.4346742391802, "profile_annual_rainfall_p50": 1489.2637966702375, "profile_aspect_cos_p50": -0.529919264233205, "profile_aspect_sin_p50": -0.12186934340514723, "profile_canopy_height_max_p50": 18.999999999999996, "profile_canopy_height_p50": 18.999999999999993, "profile_canopy_height_std_p50": 0.47140452079104006, "profile_distance_to_water_p50": 463409.50001051987, "profile_elevation_p50": 188, "profile_ndvi_amplitude_annual_p50": 0.17920110982628168, "profile_ndvi_mean_p50": 0.6495254866009239, "profile_ndvi_phase_annual_cos_p50": -0.994191919067371, "profile_ndvi_phase_annual_sin_p50": 0.058502806294268024, "profile_ndvi_residual_variance_p50": 0.008975052430894357, "profile_ndvi_trend_p50": -0.004144396528579892, "profile_slope_p50": 4, "profile_vh_iqr_p50": 3.3123445792849506, "profile_vh_p10_p50": -16.437667431252414, "profile_vh_p50_p50": -14.6558245857463, "profile_vh_p90_p50": -13.028816985424658, "profile_vv_iqr_p50": 3.0930283255240894, "profile_vv_minus_vh_median_p50": 6.344056960104594, "profile_vv_p10_p50": -9.937872626254787, "profile_vv_p50_p50": -8.343753141921221, "profile_vv_p90_p50": -6.717165705436103, "unit_id": 50}}, {"type": "Feature", "geometry": {"type": "Polygon", "coordinates": [[[84.70987365107311, 20.76446796089433], [84.71014314565834, 20.76446796089433], [84.71014314565834, 20.764647623951152], [84.71005331412992, 20.764647623951152], [84.71005331412992, 20.76455779242274], [84.70987365107311, 20.76455779242274], [84.70987365107311, 20.76446796089433]]]}, "id": "+789+739", "properties": {"area_ha": 0.03731823200047594, "centroid_lat": 20.764535335066277, "centroid_lon": 84.71003085371174, "cluster_id": 1, "n_pixels": 4, "perim_m": 95.90870845212937, "profile_annual_rainfall_p50": 1489.2637966702375, "profile_aspect_cos_p50": -0.529919264233205, "profile_aspect_sin_p50": -0.12186934340514723, "profile_canopy_height_max_p50": 18.999999999999996, "profile_canopy_height_p50": 18.999999999999993, "profile_canopy_height_std_p50": 0.47140452079104006, "profile_distance_to_water_p50": 463409.50001051987, "profile_elevation_p50": 188, "profile_ndvi_amplitude_annual_p50": 0.17920110982628168, "profile_ndvi_mean_p50": 0.6495254866009239, "profile_ndvi_phase_annual_cos_p50": -0.994191919067371, "profile_ndvi_phase_annual_sin_p50": 0.058502806294268024, "profile_ndvi_residual_variance_p50": 0.008975052430894357, "profile_ndvi_trend_p50": -0.004144396528579892, "profile_slope_p50": 4, "profile_vh_iqr_p50": 3.3123445792849506, "profile_vh_p10_p50": -16.437667431252414, "profile_vh_p50_p50": -14.6558245857463, "profile_vh_p90_p50": -13.028816985424658, "profile_vv_iqr_p50": 3.0930283255240894, "profile_vv_minus_vh_median_p50": 6.344056960104594, "profile_vv_p10_p50": -9.937872626254787, "profile_vv_p50_p50": -8.343753141921221, "profile_vv_p90_p50": -6.717165705436103, "unit_id": 51}}, {"type": "Feature", "geometry": {"type": "Polygon", "coordinates": [[[84.70699904216391, 20.764198466309093], [84.70717870522074, 20.764198466309093], [84.70717870522074, 20.764288297837503], [84.70708887369233, 20.764288297837503], [84.70708887369233, 20.764378129365916], [84.70717870522074, 20.764378129365916], [84.70717870522074, 20.76446796089433], [84.70735836827757, 20.76446796089433], [84.70735836827757, 20.764647623951152], [84.7075380313344, 20.764647623951152], [84.7075380313344, 20.764827287007975], [84.70735836827757, 20.764827287007975], [84.70735836827757, 20.764737455479565], [84.70699904216391, 20.764737455479565], [84.70699904216391, 20.764647623951152], [84.70663971605028, 20.764647623951152], [84.70663971605028, 20.764378129365916], [84.7068193791071, 20.764378129365916], [84.7068193791071, 20.764288297837503], [84.70699904216391, 20.764288297837503], [84.70699904216391, 20.764198466309093]]]}, "id": "+756+742", "properties": {"area_ha": 0.3265346348143067, "centroid_lat": 20.764533409525374, "centroid_lon": 84.70705679084729, "cluster_id": 1, "n_pixels": 33, "perim_m": 345.0348598459057, "profile_annual_rainfall_p50": 1489.2637966702375, "profile_aspect_cos_p50": -0.529919264233205, "profile_aspect_sin_p50": -0.12186934340514723, "profile_canopy_height_max_p50": 18.999999999999996, "profile_canopy_height_p50": 18.999999999999993, "profile_canopy_height_std_p50": 0.47140452079104006, "profile_distance_to_water_p50": 463409.50001051987, "profile_elevation_p50": 188, "profile_ndvi_amplitude_annual_p50": 0.17920110982628168, "profile_ndvi_mean_p50": 0.6495254866009239, "profile_ndvi_phase_annual_cos_p50": -0.994191919067371, "profile_ndvi_phase_annual_sin_p50": 0.058502806294268024, "profile_ndvi_residual_variance_p50": 0.008975052430894357, "profile_ndvi_trend_p50": -0.004144396528579892, "profile_slope_p50": 4, "profile_vh_iqr_p50": 3.3123445792849506, "profile_vh_p10_p50": -16.437667431252414, "profile_vh_p50_p50": -14.6558245857463, "profile_vh_p90_p50": -13.028816985424658, "profile_vv_iqr_p50": 3.0930283255240894, "profile_vv_minus_vh_median_p50": 6.344056960104594, "profile_vv_p10_p50": -9.937872626254787, "profile_vv_p50_p50": -8.343753141921221, "profile_vv_p90_p50": -6.717165705436103, "unit_id": 52}}, {"type": "Feature", "geometry": {"type": "Polygon", "coordinates": [[[84.71274825998229, 20.764198466309093], [84.7128380915107, 20.764198466309093], [84.7128380915107, 20.764288297837503], [84.7129279230391, 20.764288297837503], [84.7129279230391, 20.764647623951152], [84.71274825998229, 20.764647623951152], [84.71274825998229, 20.76455779242274], [84.71256859692546, 20.76455779242274], [84.71256859692546, 20.76446796089433], [84.71265842845388, 20.76446796089433], [84.71265842845388, 20.764378129365916], [84.71274825998229, 20.764378129365916], [84.71274825998229, 20.764198466309093]]]}, "id": "+819+742", "properties": {"area_ha": 0.11195478367838711, "centroid_lat": 20.76445298801136, "centroid_lon": 84.71279317614577, "cluster_id": 1, "n_pixels": 11, "perim_m": 174.29104184816825, "profile_annual_rainfall_p50": 1489.2637966702375, "profile_aspect_cos_p50": -0.529919264233205, "profile_aspect_sin_p50": -0.12186934340514723, "profile_canopy_height_max_p50": 18.999999999999996, "profile_canopy_height_p50": 18.999999999999993, "profile_canopy_height_std_p50": 0.47140452079104006, "profile_distance_to_water_p50": 463409.50001051987, "profile_elevation_p50": 188, "profile_ndvi_amplitude_annual_p50": 0.17920110982628168, "profile_ndvi_mean_p50": 0.6495254866009239, "profile_ndvi_phase_annual_cos_p50": -0.994191919067371, "profile_ndvi_phase_annual_sin_p50": 0.058502806294268024, "profile_ndvi_residual_variance_p50": 0.008975052430894357, "profile_ndvi_trend_p50": -0.004144396528579892, "profile_slope_p50": 4, "profile_vh_iqr_p50": 3.3123445792849506, "profile_vh_p10_p50": -16.437667431252414, "profile_vh_p50_p50": -14.6558245857463, "profile_vh_p90_p50": -13.028816985424658, "profile_vv_iqr_p50": 3.0930283255240894, "profile_vv_minus_vh_median_p50": 6.344056960104594, "profile_vv_p10_p50": -9.937872626254787, "profile_vv_p50_p50": -8.343753141921221, "profile_vv_p90_p50": -6.717165705436103, "unit_id": 53}}, {"type": "Feature", "geometry": {"type": "Polygon", "coordinates": [[[84.70951432495946, 20.763928971723857], [84.70969398801628, 20.763928971723857], [84.70969398801628, 20.764288297837503], [84.70906516731739, 20.764288297837503], [84.70906516731739, 20.764198466309093], [84.70924483037422, 20.764198466309093], [84.70924483037422, 20.76410863478068], [84.70933466190263, 20.76410863478068], [84.70933466190263, 20.76401880325227], [84.70951432495946, 20.76401880325227], [84.70951432495946, 20.763928971723857]]]}, "id": "+784+745", "properties": {"area_ha": 0.16793263505607023, "centroid_lat": 20.76414855854946, "centroid_lon": 84.70945942679728, "cluster_id": 1, "n_pixels": 17, "perim_m": 210.52650639310204, "profile_annual_rainfall_p50": 1489.2637966702375, "profile_aspect_cos_p50": -0.529919264233205, "profile_aspect_sin_p50": -0.12186934340514723, "profile_canopy_height_max_p50": 18.999999999999996, "profile_canopy_height_p50": 18.999999999999993, "profile_canopy_height_std_p50": 0.47140452079104006, "profile_distance_to_water_p50": 463409.50001051987, "profile_elevation_p50": 188, "profile_ndvi_amplitude_annual_p50": 0.17920110982628168, "profile_ndvi_mean_p50": 0.6495254866009239, "profile_ndvi_phase_annual_cos_p50": -0.994191919067371, "profile_ndvi_phase_annual_sin_p50": 0.058502806294268024, "profile_ndvi_residual_variance_p50": 0.008975052430894357, "profile_ndvi_trend_p50": -0.004144396528579892, "profile_slope_p50": 4, "profile_vh_iqr_p50": 3.3123445792849506, "profile_vh_p10_p50": -16.437667431252414, "profile_vh_p50_p50": -14.6558245857463, "profile_vh_p90_p50": -13.028816985424658, "profile_vv_iqr_p50": 3.0930283255240894, "profile_vv_minus_vh_median_p50": 6.344056960104594, "profile_vv_p10_p50": -9.937872626254787, "profile_vv_p50_p50": -8.343753141921221, "profile_vv_p90_p50": -6.717165705436103, "unit_id": 54}}, {"type": "Feature", "geometry": {"type": "Polygon", "coordinates": [[[84.7061007268798, 20.763749308667034], [84.70619055840821, 20.763749308667034], [84.70619055840821, 20.763928971723857], [84.7061007268798, 20.763928971723857], [84.7061007268798, 20.76410863478068], [84.70601089535138, 20.76410863478068], [84.70601089535138, 20.764198466309093], [84.70619055840821, 20.764198466309093], [84.70619055840821, 20.76446796089433], [84.70601089535138, 20.76446796089433], [84.70601089535138, 20.764378129365916], [84.70565156923774, 20.764378129365916], [84.70565156923774, 20.764288297837503], [84.70547190618092, 20.764288297837503], [84.70547190618092, 20.764198466309093], [84.70529224312409, 20.764198466309093], [84.70529224312409, 20.76410863478068], [84.70511258006727, 20.76410863478068], [84.70511258006727, 20.76401880325227], [84.70502274853885, 20.76401880325227], [84.70502274853885, 20.763928971723857], [84.70511258006727, 20.763928971723857], [84.70511258006727, 20.763839140195444], [84.70520241159568, 20.763839140195444], [84.70520241159568, 20.763749308667034], [84.70529224312409, 20.763749308667034], [84.70529224312409, 20.763839140195444], [84.7061007268798, 20.763839140195444], [84.7061007268798, 20.763749308667034]]]}, "id": "+745+747", "properties": {"area_ha": 0.5691046212818155, "centroid_lat": 20.764075500643305, "centroid_lon": 84.70569206673244, "cluster_id": 1, "n_pixels": 57, "perim_m": 459.6532164238434, "profile_annual_rainfall_p50": 1489.2637966702375, "profile_aspect_cos_p50": -0.529919264233205, "profile_aspect_sin_p50": -0.12186934340514723, "profile_canopy_height_max_p50": 18.999999999999996, "profile_canopy_height_p50": 18.999999999999993, "profile_canopy_height_std_p50": 0.47140452079104006, "profile_distance_to_water_p50": 463409.50001051987, "profile_elevation_p50": 188, "profile_ndvi_amplitude_annual_p50": 0.17920110982628168, "profile_ndvi_mean_p50": 0.6495254866009239, "profile_ndvi_phase_annual_cos_p50": -0.994191919067371, "profile_ndvi_phase_annual_sin_p50": 0.058502806294268024, "profile_ndvi_residual_variance_p50": 0.008975052430894357, "profile_ndvi_trend_p50": -0.004144396528579892, "profile_slope_p50": 4, "profile_vh_iqr_p50": 3.3123445792849506, "profile_vh_p10_p50": -16.437667431252414, "profile_vh_p50_p50": -14.6558245857463, "profile_vh_p90_p50": -13.028816985424658, "profile_vv_iqr_p50": 3.0930283255240894, "profile_vv_minus_vh_median_p50": 6.344056960104594, "profile_vv_p10_p50": -9.937872626254787, "profile_vv_p50_p50": -8.343753141921221, "profile_vv_p90_p50": -6.717165705436103, "unit_id": 55}}, {"type": "Feature", "geometry": {"type": "Polygon", "coordinates": [[[84.71472455360735, 20.763479814081798], [84.71508387972099, 20.763479814081798], [84.71508387972099, 20.763839140195444], [84.71490421666417, 20.763839140195444], [84.71490421666417, 20.763749308667034], [84.71481438513577, 20.763749308667034], [84.71481438513577, 20.76365947713862], [84.71472455360735, 20.76365947713862], [84.71472455360735, 20.763479814081798]]]}, "id": "+844+750", "properties": {"area_ha": 0.12128497818461424, "centroid_lat": 20.76363529199026, "centroid_lon": 84.71492840184392, "cluster_id": 1, "n_pixels": 12, "perim_m": 154.40027709150974, "profile_annual_rainfall_p50": 1489.2637966702375, "profile_aspect_cos_p50": -0.529919264233205, "profile_aspect_sin_p50": -0.12186934340514723, "profile_canopy_height_max_p50": 18.999999999999996, "profile_canopy_height_p50": 18.999999999999993, "profile_canopy_height_std_p50": 0.47140452079104006, "profile_distance_to_water_p50": 463409.50001051987, "profile_elevation_p50": 188, "profile_ndvi_amplitude_annual_p50": 0.17920110982628168, "profile_ndvi_mean_p50": 0.6495254866009239, "profile_ndvi_phase_annual_cos_p50": -0.994191919067371, "profile_ndvi_phase_annual_sin_p50": 0.058502806294268024, "profile_ndvi_residual_variance_p50": 0.008975052430894357, "profile_ndvi_trend_p50": -0.004144396528579892, "profile_slope_p50": 4, "profile_vh_iqr_p50": 3.3123445792849506, "profile_vh_p10_p50": -16.437667431252414, "profile_vh_p50_p50": -14.6558245857463, "profile_vh_p90_p50": -13.028816985424658, "profile_vv_iqr_p50": 3.0930283255240894, "profile_vv_minus_vh_median_p50": 6.344056960104594, "profile_vv_p10_p50": -9.937872626254787, "profile_vv_p50_p50": -8.343753141921221, "profile_vv_p90_p50": -6.717165705436103, "unit_id": 56}}, {"type": "Feature", "geometry": {"type": "Polygon", "coordinates": [[[84.70547190618092, 20.76330015102497], [84.70556173770933, 20.76330015102497], [84.70556173770933, 20.763389982553385], [84.70547190618092, 20.763389982553385], [84.70547190618092, 20.763479814081798], [84.70475325395363, 20.763479814081798], [84.70475325395363, 20.763389982553385], [84.7045735908968, 20.763389982553385], [84.7045735908968, 20.76330015102497], [84.70475325395363, 20.76330015102497], [84.70475325395363, 20.763389982553385], [84.70511258006727, 20.763389982553385], [84.70511258006727, 20.76330015102497], [84.70529224312409, 20.76330015102497], [84.70529224312409, 20.763389982553385], [84.70547190618092, 20.763389982553385], [84.70547190618092, 20.76330015102497]]]}, "id": "+738+752", "properties": {"area_ha": 0.12128536313134539, "centroid_lat": 20.763400345845174, "centroid_lon": 84.705088394744, "cluster_id": 1, "n_pixels": 12, "perim_m": 285.36286859696133, "profile_annual_rainfall_p50": 1489.2637966702375, "profile_aspect_cos_p50": -0.529919264233205, "profile_aspect_sin_p50": -0.12186934340514723, "profile_canopy_height_max_p50": 18.999999999999996, "profile_canopy_height_p50": 18.999999999999993, "profile_canopy_height_std_p50": 0.47140452079104006, "profile_distance_to_water_p50": 463409.50001051987, "profile_elevation_p50": 188, "profile_ndvi_amplitude_annual_p50": 0.17920110982628168, "profile_ndvi_mean_p50": 0.6495254866009239, "profile_ndvi_phase_annual_cos_p50": -0.994191919067371, "profile_ndvi_phase_annual_sin_p50": 0.058502806294268024, "profile_ndvi_residual_variance_p50": 0.008975052430894357, "profile_ndvi_trend_p50": -0.004144396528579892, "profile_slope_p50": 4, "profile_vh_iqr_p50": 3.3123445792849506, "profile_vh_p10_p50": -16.437667431252414, "profile_vh_p50_p50": -14.6558245857463, "profile_vh_p90_p50": -13.028816985424658, "profile_vv_iqr_p50": 3.0930283255240894, "profile_vv_minus_vh_median_p50": 6.344056960104594, "profile_vv_p10_p50": -9.937872626254787, "profile_vv_p50_p50": -8.343753141921221, "profile_vv_p90_p50": -6.717165705436103, "unit_id": 57}}, {"type": "Feature", "geometry": {"type": "Polygon", "coordinates": [[[84.70547190618092, 20.762940824911325], [84.70574140076616, 20.762940824911325], [84.70574140076616, 20.76303065643974], [84.70547190618092, 20.76303065643974], [84.70547190618092, 20.76312048796815], [84.70565156923774, 20.76312048796815], [84.70565156923774, 20.76321031949656], [84.70547190618092, 20.76321031949656], [84.70547190618092, 20.76312048796815], [84.7053820746525, 20.76312048796815], [84.7053820746525, 20.76303065643974], [84.70547190618092, 20.76303065643974], [84.70547190618092, 20.762940824911325]]]}, "id": "+740+756", "properties": {"area_ha": 0.055977905182819095, "centroid_lat": 20.763060600755733, "centroid_lon": 84.70556173830671, "cluster_id": 1, "n_pixels": 6, "perim_m": 171.9273174859058, "profile_annual_rainfall_p50": 1489.2637966702375, "profile_aspect_cos_p50": -0.529919264233205, "profile_aspect_sin_p50": -0.12186934340514723, "profile_canopy_height_max_p50": 18.999999999999996, "profile_canopy_height_p50": 18.999999999999993, "profile_canopy_height_std_p50": 0.47140452079104006, "profile_distance_to_water_p50": 463409.50001051987, "profile_elevation_p50": 188, "profile_ndvi_amplitude_annual_p50": 0.17920110982628168, "profile_ndvi_mean_p50": 0.6495254866009239, "profile_ndvi_phase_annual_cos_p50": -0.994191919067371, "profile_ndvi_phase_annual_sin_p50": 0.058502806294268024, "profile_ndvi_residual_variance_p50": 0.008975052430894357, "profile_ndvi_trend_p50": -0.004144396528579892, "profile_slope_p50": 4, "profile_vh_iqr_p50": 3.3123445792849506, "profile_vh_p10_p50": -16.437667431252414, "profile_vh_p50_p50": -14.6558245857463, "profile_vh_p90_p50": -13.028816985424658, "profile_vv_iqr_p50": 3.0930283255240894, "profile_vv_minus_vh_median_p50": 6.344056960104594, "profile_vv_p10_p50": -9.937872626254787, "profile_vv_p50_p50": -8.343753141921221, "profile_vv_p90_p50": -6.717165705436103, "unit_id": 58}}, {"type": "Feature", "geometry": {"type": "Polygon", "coordinates": [[[84.7075380313344, 20.76267133032609], [84.70780752591963, 20.76267133032609], [84.70780752591963, 20.762761161854502], [84.70798718897645, 20.762761161854502], [84.70798718897645, 20.762850993382912], [84.70780752591963, 20.762850993382912], [84.70780752591963, 20.762761161854502], [84.7075380313344, 20.762761161854502], [84.7075380313344, 20.76267133032609]]]}, "id": "+763+759", "properties": {"area_ha": 0.046648349518173655, "centroid_lat": 20.76275217944309, "centroid_lon": 84.70776261020694, "cluster_id": 5, "n_pixels": 5, "perim_m": 133.32736833479333, "profile_annual_rainfall_p50": 1505.9420581648747, "profile_aspect_cos_p50": -0.42261826174069866, "profile_aspect_sin_p50": 8.368282946838767e-17, "profile_canopy_height_max_p50": 16, "profile_canopy_height_p50": 15, "profile_canopy_height_std_p50": 0.4796882510175016, "profile_distance_to_water_p50": 463409.50001051987, "profile_elevation_p50": 172, "profile_ndvi_amplitude_annual_p50": 0.17048289900212668, "profile_ndvi_mean_p50": 0.5960216558462038, "profile_ndvi_phase_annual_cos_p50": -0.9975915864410161, "profile_ndvi_phase_annual_sin_p50": 0.07417168914717162, "profile_ndvi_residual_variance_p50": 0.00774859606117175, "profile_ndvi_trend_p50": -0.0036441331888788227, "profile_slope_p50": 3, "profile_vh_iqr_p50": 3.658622608586966, "profile_vh_p10_p50": -17.566743797684428, "profile_vh_p50_p50": -15.66873593089709, "profile_vh_p90_p50": -13.78548284778306, "profile_vv_iqr_p50": 3.419226960096244, "profile_vv_minus_vh_median_p50": 6.535462084537159, "profile_vv_p10_p50": -10.902273113810534, "profile_vv_p50_p50": -9.097122146378963, "profile_vv_p90_p50": -7.34188028419536, "unit_id": 59}}, {"type": "Feature", "geometry": {"type": "Polygon", "coordinates": [[[84.7151737112494, 20.762491667269266], [84.71526354277782, 20.762491667269266], [84.71526354277782, 20.762761161854502], [84.71490421666417, 20.762761161854502], [84.71490421666417, 20.762581498797676], [84.71499404819258, 20.762581498797676], [84.71499404819258, 20.76267133032609], [84.7151737112494, 20.76267133032609], [84.7151737112494, 20.762491667269266]]]}, "id": "+846+761", "properties": {"area_ha": 0.06530774885699665, "centroid_lat": 20.762664913923253, "centroid_lon": 84.71510313182874, "cluster_id": 1, "n_pixels": 7, "perim_m": 154.40073181950112, "profile_annual_rainfall_p50": 1489.2637966702375, "profile_aspect_cos_p50": -0.529919264233205, "profile_aspect_sin_p50": -0.12186934340514723, "profile_canopy_height_max_p50": 18.999999999999996, "profile_canopy_height_p50": 18.999999999999993, "profile_canopy_height_std_p50": 0.47140452079104006, "profile_distance_to_water_p50": 463409.50001051987, "profile_elevation_p50": 188, "profile_ndvi_amplitude_annual_p50": 0.17920110982628168, "profile_ndvi_mean_p50": 0.6495254866009239, "profile_ndvi_phase_annual_cos_p50": -0.994191919067371, "profile_ndvi_phase_annual_sin_p50": 0.058502806294268024, "profile_ndvi_residual_variance_p50": 0.008975052430894357, "profile_ndvi_trend_p50": -0.004144396528579892, "profile_slope_p50": 4, "profile_vh_iqr_p50": 3.3123445792849506, "profile_vh_p10_p50": -16.437667431252414, "profile_vh_p50_p50": -14.6558245857463, "profile_vh_p90_p50": -13.028816985424658, "profile_vv_iqr_p50": 3.0930283255240894, "profile_vv_minus_vh_median_p50": 6.344056960104594, "profile_vv_p10_p50": -9.937872626254787, "profile_vv_p50_p50": -8.343753141921221, "profile_vv_p90_p50": -6.717165705436103, "unit_id": 60}}, {"type": "Feature", "geometry": {"type": "Polygon", "coordinates": [[[84.71634152111876, 20.76186284657038], [84.71643135264718, 20.76186284657038], [84.71643135264718, 20.761952678098794], [84.716611015704, 20.761952678098794], [84.716611015704, 20.76222217268403], [84.71571270041989, 20.76222217268403], [84.71571270041989, 20.762401835740853], [84.71562286889147, 20.762401835740853], [84.71562286889147, 20.762491667269266], [84.71544320583465, 20.762491667269266], [84.71544320583465, 20.76231200421244], [84.71553303736306, 20.76231200421244], [84.71553303736306, 20.762042509627207], [84.71562286889147, 20.762042509627207], [84.71562286889147, 20.761952678098794], [84.71598219500511, 20.761952678098794], [84.71598219500511, 20.762042509627207], [84.71607202653352, 20.762042509627207], [84.71607202653352, 20.761952678098794], [84.71634152111876, 20.761952678098794], [84.71634152111876, 20.76186284657038]]]}, "id": "+859+768", "properties": {"area_ha": 0.3918481091302719, "centroid_lat": 20.76213234109006, "centroid_lon": 84.7160100006227, "cluster_id": 1, "n_pixels": 39, "perim_m": 402.34740954293824, "profile_annual_rainfall_p50": 1489.2637966702375, "profile_aspect_cos_p50": -0.529919264233205, "profile_aspect_sin_p50": -0.12186934340514723, "profile_canopy_height_max_p50": 18.999999999999996, "profile_canopy_height_p50": 18.999999999999993, "profile_canopy_height_std_p50": 0.47140452079104006, "profile_distance_to_water_p50": 463409.50001051987, "profile_elevation_p50": 188, "profile_ndvi_amplitude_annual_p50": 0.17920110982628168, "profile_ndvi_mean_p50": 0.6495254866009239, "profile_ndvi_phase_annual_cos_p50": -0.994191919067371, "profile_ndvi_phase_annual_sin_p50": 0.058502806294268024, "profile_ndvi_residual_variance_p50": 0.008975052430894357, "profile_ndvi_trend_p50": -0.004144396528579892, "profile_slope_p50": 4, "profile_vh_iqr_p50": 3.3123445792849506, "profile_vh_p10_p50": -16.437667431252414, "profile_vh_p50_p50": -14.6558245857463, "profile_vh_p90_p50": -13.028816985424658, "profile_vv_iqr_p50": 3.0930283255240894, "profile_vv_minus_vh_median_p50": 6.344056960104594, "profile_vv_p10_p50": -9.937872626254787, "profile_vv_p50_p50": -8.343753141921221, "profile_vv_p90_p50": -6.717165705436103, "unit_id": 61}}, {"type": "Feature", "geometry": {"type": "Polygon", "coordinates": [[[84.71256859692546, 20.76177301504197], [84.71274825998229, 20.76177301504197], [84.71274825998229, 20.761952678098794], [84.71256859692546, 20.761952678098794], [84.71256859692546, 20.762132341155617], [84.71238893386864, 20.762132341155617], [84.71238893386864, 20.76222217268403], [84.71229910234022, 20.76222217268403], [84.71229910234022, 20.76231200421244], [84.71184994469817, 20.76231200421244], [84.71184994469817, 20.762132341155617], [84.71167028164135, 20.762132341155617], [84.71167028164135, 20.762042509627207], [84.7114007870561, 20.762042509627207], [84.7114007870561, 20.762132341155617], [84.71104146094245, 20.762132341155617], [84.71104146094245, 20.76177301504197], [84.71113129247087, 20.76177301504197], [84.71113129247087, 20.76186284657038], [84.7114007870561, 20.76186284657038], [84.7114007870561, 20.76177301504197], [84.71176011316976, 20.76177301504197], [84.71176011316976, 20.76186284657038], [84.71184994469817, 20.76186284657038], [84.71184994469817, 20.761952678098794], [84.7121194392834, 20.761952678098794], [84.7121194392834, 20.762132341155617], [84.71238893386864, 20.762132341155617], [84.71238893386864, 20.762042509627207], [84.71247876539705, 20.762042509627207], [84.71247876539705, 20.761952678098794], [84.71256859692546, 20.761952678098794], [84.71256859692546, 20.76177301504197]]]}, "id": "+818+769", "properties": {"area_ha": 0.4944749356168437, "centroid_lat": 20.76201962842335, "centroid_lon": 84.71179146932518, "cluster_id": 1, "n_pixels": 49, "perim_m": 594.1668173681944, "profile_annual_rainfall_p50": 1489.2637966702375, "profile_aspect_cos_p50": -0.529919264233205, "profile_aspect_sin_p50": -0.12186934340514723, "profile_canopy_height_max_p50": 18.999999999999996, "profile_canopy_height_p50": 18.999999999999993, "profile_canopy_height_std_p50": 0.47140452079104006, "profile_distance_to_water_p50": 463409.50001051987, "profile_elevation_p50": 188, "profile_ndvi_amplitude_annual_p50": 0.17920110982628168, "profile_ndvi_mean_p50": 0.6495254866009239, "profile_ndvi_phase_annual_cos_p50": -0.994191919067371, "profile_ndvi_phase_annual_sin_p50": 0.058502806294268024, "profile_ndvi_residual_variance_p50": 0.008975052430894357, "profile_ndvi_trend_p50": -0.004144396528579892, "profile_slope_p50": 4, "profile_vh_iqr_p50": 3.3123445792849506, "profile_vh_p10_p50": -16.437667431252414, "profile_vh_p50_p50": -14.6558245857463, "profile_vh_p90_p50": -13.028816985424658, "profile_vv_iqr_p50": 3.0930283255240894, "profile_vv_minus_vh_median_p50": 6.344056960104594, "profile_vv_p10_p50": -9.937872626254787, "profile_vv_p50_p50": -8.343753141921221, "profile_vv_p90_p50": -6.717165705436103, "unit_id": 62}}, {"type": "Feature", "geometry": {"type": "Polygon", "coordinates": [[[84.72478568478948, 20.75997638447373], [84.7248755163179, 20.75997638447373], [84.7248755163179, 20.760156047530554], [84.72514501090313, 20.760156047530554], [84.72514501090313, 20.760245879058967], [84.72505517937472, 20.760245879058967], [84.72505517937472, 20.760515373644203], [84.7248755163179, 20.760515373644203], [84.7248755163179, 20.760695036701026], [84.72460602173267, 20.760695036701026], [84.72460602173267, 20.76087469975785], [84.7248755163179, 20.76087469975785], [84.7248755163179, 20.760964531286263], [84.72532467395996, 20.760964531286263], [84.72532467395996, 20.761054362814676], [84.72568400007361, 20.761054362814676], [84.72568400007361, 20.7612340258715], [84.72586366313043, 20.7612340258715], [84.72586366313043, 20.76231200421244], [84.72577383160201, 20.76231200421244], [84.72577383160201, 20.762940824911325], [84.72568400007361, 20.762940824911325], [84.72568400007361, 20.76312048796815], [84.7255941685452, 20.76312048796815], [84.7255941685452, 20.76303065643974], [84.72532467395996, 20.76303065643974], [84.72532467395996, 20.762940824911325], [84.72523484243155, 20.762940824911325], [84.72523484243155, 20.762850993382912], [84.72505517937472, 20.762850993382912], [84.72505517937472, 20.76231200421244], [84.72469585326108, 20.76231200421244], [84.72469585326108, 20.761952678098794], [84.72442635867584, 20.761952678098794], [84.72442635867584, 20.76186284657038], [84.72451619020426, 20.76186284657038], [84.72451619020426, 20.761683183513558], [84.72442635867584, 20.761683183513558], [84.72442635867584, 20.76177301504197], [84.72433652714743, 20.76177301504197], [84.72433652714743, 20.761683183513558], [84.72442635867584, 20.761683183513558], [84.72442635867584, 20.761593351985145], [84.7241568640906, 20.761593351985145], [84.7241568640906, 20.761952678098794], [84.72388736950536, 20.761952678098794], [84.72388736950536, 20.762132341155617], [84.72406703256219, 20.762132341155617], [84.72406703256219, 20.76267133032609], [84.7241568640906, 20.76267133032609], [84.7241568640906, 20.762761161854502], [84.72433652714743, 20.762761161854502], [84.72433652714743, 20.762940824911325], [84.72424669561902, 20.762940824911325], [84.72424669561902, 20.76303065643974], [84.72442635867584, 20.76303065643974], [84.72442635867584, 20.76312048796815], [84.72451619020426, 20.76312048796815], [84.72451619020426, 20.763569645610207], [84.7241568640906, 20.763569645610207], [84.7241568640906, 20.763479814081798], [84.72397720103378, 20.763479814081798], [84.72397720103378, 20.763389982553385], [84.7241568640906, 20.763389982553385], [84.7241568640906, 20.76330015102497], [84.72406703256219, 20.76330015102497], [84.72406703256219, 20.76321031949656], [84.72388736950536, 20.76321031949656], [84.72388736950536, 20.76312048796815], [84.72406703256219, 20.76312048796815], [84.72406703256219, 20.762940824911325], [84.72397720103378, 20.762940824911325], [84.72397720103378, 20.762850993382912], [84.72388736950536, 20.762850993382912], [84.72388736950536, 20.762761161854502], [84.72379753797695, 20.762761161854502], [84.72379753797695, 20.76267133032609], [84.72361787492014, 20.76267133032609], [84.72361787492014, 20.762401835740853], [84.72370770644855, 20.762401835740853], [84.72370770644855, 20.76231200421244], [84.72352804339172, 20.76231200421244], [84.72352804339172, 20.762132341155617], [84.72361787492014, 20.762132341155617], [84.72361787492014, 20.762042509627207], [84.72370770644855, 20.762042509627207], [84.72370770644855, 20.761952678098794], [84.72379753797695, 20.761952678098794], [84.72379753797695, 20.76186284657038], [84.72388736950536, 20.76186284657038], [84.72388736950536, 20.76132385739991], [84.72397720103378, 20.76132385739991], [84.72397720103378, 20.761054362814676], [84.7241568640906, 20.761054362814676], [84.7241568640906, 20.7612340258715], [84.72424669561902, 20.7612340258715], [84.72424669561902, 20.761144194343085], [84.72442635867584, 20.761144194343085], [84.72442635867584, 20.760964531286263], [84.72433652714743, 20.760964531286263], [84.72433652714743, 20.76078486822944], [84.7241568640906, 20.76078486822944], [84.7241568640906, 20.760695036701026], [84.72442635867584, 20.760695036701026], [84.72442635867584, 20.76087469975785], [84.72451619020426, 20.76087469975785], [84.72451619020426, 20.760605205172613], [84.72460602173267, 20.760605205172613], [84.72460602173267, 20.760245879058967], [84.72469585326108, 20.760245879058967], [84.72469585326108, 20.760066216002144], [84.72478568478948, 20.760066216002144], [84.72478568478948, 20.75997638447373]], [[84.72406703256219, 20.762761161854502], [84.72397720103378, 20.762761161854502], [84.72397720103378, 20.762850993382912], [84.72406703256219, 20.762850993382912], [84.72406703256219, 20.762761161854502]], [[84.72397720103378, 20.76267133032609], [84.72388736950536, 20.76267133032609], [84.72388736950536, 20.762761161854502], [84.72397720103378, 20.762761161854502], [84.72397720103378, 20.76267133032609]], [[84.72514501090313, 20.761952678098794], [84.72505517937472, 20.761952678098794], [84.72505517937472, 20.762042509627207], [84.72496534784631, 20.762042509627207], [84.72496534784631, 20.76222217268403], [84.72505517937472, 20.76222217268403], [84.72505517937472, 20.76231200421244], [84.72523484243155, 20.76231200421244], [84.72523484243155, 20.762042509627207], [84.72514501090313, 20.762042509627207], [84.72514501090313, 20.761952678098794]]]}, "id": "+953+789", "properties": {"area_ha": 4.011781952983914, "centroid_lat": 20.761852189307046, "centroid_lon": 84.72484626925981, "cluster_id": 1, "n_pixels": 401, "perim_m": 2381.6002750067514, "profile_annual_rainfall_p50": 1489.2637966702375, "profile_aspect_cos_p50": -0.529919264233205, "profile_aspect_sin_p50": -0.12186934340514723, "profile_canopy_height_max_p50": 18.999999999999996, "profile_canopy_height_p50": 18.999999999999993, "profile_canopy_height_std_p50": 0.47140452079104006, "profile_distance_to_water_p50": 463409.50001051987, "profile_elevation_p50": 188, "profile_ndvi_amplitude_annual_p50": 0.17920110982628168, "profile_ndvi_mean_p50": 0.6495254866009239, "profile_ndvi_phase_annual_cos_p50": -0.994191919067371, "profile_ndvi_phase_annual_sin_p50": 0.058502806294268024, "profile_ndvi_residual_variance_p50": 0.008975052430894357, "profile_ndvi_trend_p50": -0.004144396528579892, "profile_slope_p50": 4, "profile_vh_iqr_p50": 3.3123445792849506, "profile_vh_p10_p50": -16.437667431252414, "profile_vh_p50_p50": -14.6558245857463, "profile_vh_p90_p50": -13.028816985424658, "profile_vv_iqr_p50": 3.0930283255240894, "profile_vv_minus_vh_median_p50": 6.344056960104594, "profile_vv_p10_p50": -9.937872626254787, "profile_vv_p50_p50": -8.343753141921221, "profile_vv_p90_p50": -6.717165705436103, "unit_id": 63}}, {"type": "Feature", "geometry": {"type": "Polygon", "coordinates": [[[84.71086179788564, 20.76132385739991], [84.71095162941404, 20.76132385739991], [84.71095162941404, 20.761503520456735], [84.71104146094245, 20.761503520456735], [84.71104146094245, 20.761593351985145], [84.71086179788564, 20.761593351985145], [84.71086179788564, 20.76132385739991]]]}, "id": "+798+774", "properties": {"area_ha": 0.03731899590753897, "centroid_lat": 20.761481060895004, "centroid_lon": 84.71092917079208, "cluster_id": 1, "n_pixels": 4, "perim_m": 97.0918160257902, "profile_annual_rainfall_p50": 1489.2637966702375, "profile_aspect_cos_p50": -0.529919264233205, "profile_aspect_sin_p50": -0.12186934340514723, "profile_canopy_height_max_p50": 18.999999999999996, "profile_canopy_height_p50": 18.999999999999993, "profile_canopy_height_std_p50": 0.47140452079104006, "profile_distance_to_water_p50": 463409.50001051987, "profile_elevation_p50": 188, "profile_ndvi_amplitude_annual_p50": 0.17920110982628168, "profile_ndvi_mean_p50": 0.6495254866009239, "profile_ndvi_phase_annual_cos_p50": -0.994191919067371, "profile_ndvi_phase_annual_sin_p50": 0.058502806294268024, "profile_ndvi_residual_variance_p50": 0.008975052430894357, "profile_ndvi_trend_p50": -0.004144396528579892, "profile_slope_p50": 4, "profile_vh_iqr_p50": 3.3123445792849506, "profile_vh_p10_p50": -16.437667431252414, "profile_vh_p50_p50": -14.6558245857463, "profile_vh_p90_p50": -13.028816985424658, "profile_vv_iqr_p50": 3.0930283255240894, "profile_vv_minus_vh_median_p50": 6.344056960104594, "profile_vv_p10_p50": -9.937872626254787, "profile_vv_p50_p50": -8.343753141921221, "profile_vv_p90_p50": -6.717165705436103, "unit_id": 64}}, {"type": "Feature", "geometry": {"type": "Polygon", "coordinates": [[[84.70897533578898, 20.761144194343085], [84.70933466190263, 20.761144194343085], [84.70933466190263, 20.7612340258715], [84.70924483037422, 20.7612340258715], [84.70924483037422, 20.76132385739991], [84.7091549988458, 20.76132385739991], [84.7091549988458, 20.76141368892832], [84.70897533578898, 20.76141368892832], [84.70897533578898, 20.761144194343085]]]}, "id": "+780+776", "properties": {"area_ha": 0.08396783691238234, "centroid_lat": 20.76125897878316, "centroid_lon": 84.70912006442504, "cluster_id": 1, "n_pixels": 8, "perim_m": 134.5102618675585, "profile_annual_rainfall_p50": 1489.2637966702375, "profile_aspect_cos_p50": -0.529919264233205, "profile_aspect_sin_p50": -0.12186934340514723, "profile_canopy_height_max_p50": 18.999999999999996, "profile_canopy_height_p50": 18.999999999999993, "profile_canopy_height_std_p50": 0.47140452079104006, "profile_distance_to_water_p50": 463409.50001051987, "profile_elevation_p50": 188, "profile_ndvi_amplitude_annual_p50": 0.17920110982628168, "profile_ndvi_mean_p50": 0.6495254866009239, "profile_ndvi_phase_annual_cos_p50": -0.994191919067371, "profile_ndvi_phase_annual_sin_p50": 0.058502806294268024, "profile_ndvi_residual_variance_p50": 0.008975052430894357, "profile_ndvi_trend_p50": -0.004144396528579892, "profile_slope_p50": 4, "profile_vh_iqr_p50": 3.3123445792849506, "profile_vh_p10_p50": -16.437667431252414, "profile_vh_p50_p50": -14.6558245857463, "profile_vh_p90_p50": -13.028816985424658, "profile_vv_iqr_p50": 3.0930283255240894, "profile_vv_minus_vh_median_p50": 6.344056960104594, "profile_vv_p10_p50": -9.937872626254787, "profile_vv_p50_p50": -8.343753141921221, "profile_vv_p90_p50": -6.717165705436103, "unit_id": 65}}, {"type": "Feature", "geometry": {"type": "Polygon", "coordinates": [[[84.7091549988458, 20.756652617922487], [84.71095162941404, 20.756652617922487], [84.71095162941404, 20.7567424494509], [84.71229910234022, 20.7567424494509], [84.71229910234022, 20.756832280979314], [84.713556743738, 20.756832280979314], [84.713556743738, 20.757011944036137], [84.71346691220958, 20.757011944036137], [84.71346691220958, 20.75719160709296], [84.713556743738, 20.75719160709296], [84.713556743738, 20.757281438621373], [84.71364657526641, 20.757281438621373], [84.71364657526641, 20.757461101678196], [84.71373640679482, 20.757461101678196], [84.71373640679482, 20.75755093320661], [84.71382623832324, 20.75755093320661], [84.71382623832324, 20.757730596263432], [84.71391606985163, 20.757730596263432], [84.71391606985163, 20.757820427791845], [84.71400590138005, 20.757820427791845], [84.71400590138005, 20.757910259320255], [84.71409573290846, 20.757910259320255], [84.71409573290846, 20.758000090848668], [84.71418556443687, 20.758000090848668], [84.71418556443687, 20.75808992237708], [84.71445505902211, 20.75808992237708], [84.71445505902211, 20.758000090848668], [84.71454489055053, 20.758000090848668], [84.71454489055053, 20.75808992237708], [84.71463472207894, 20.75808992237708], [84.71463472207894, 20.75817975390549], [84.71472455360735, 20.75817975390549], [84.71472455360735, 20.75808992237708], [84.71490421666417, 20.75808992237708], [84.71490421666417, 20.757910259320255], [84.71472455360735, 20.757910259320255], [84.71472455360735, 20.757820427791845], [84.71508387972099, 20.757820427791845], [84.71508387972099, 20.757910259320255], [84.7151737112494, 20.757910259320255], [84.7151737112494, 20.758359416962314], [84.71526354277782, 20.758359416962314], [84.71526354277782, 20.75862891154755], [84.71544320583465, 20.75862891154755], [84.71544320583465, 20.758718743075963], [84.71553303736306, 20.758718743075963], [84.71553303736306, 20.758808574604377], [84.71562286889147, 20.758808574604377], [84.71562286889147, 20.758898406132786], [84.7158923634767, 20.758898406132786], [84.7158923634767, 20.7589882376612], [84.71607202653352, 20.7589882376612], [84.71607202653352, 20.758898406132786], [84.71616185806194, 20.758898406132786], [84.71616185806194, 20.759078069189613], [84.71625168959035, 20.759078069189613], [84.71625168959035, 20.7589882376612], [84.71652118417559, 20.7589882376612], [84.71652118417559, 20.758898406132786], [84.71670084723242, 20.758898406132786], [84.71670084723242, 20.758718743075963], [84.71679067876083, 20.758718743075963], [84.71679067876083, 20.75862891154755], [84.71697034181764, 20.75862891154755], [84.71697034181764, 20.758718743075963], [84.71706017334606, 20.758718743075963], [84.71706017334606, 20.758808574604377], [84.71723983640288, 20.758808574604377], [84.71723983640288, 20.758718743075963], [84.7173296679313, 20.758718743075963], [84.7173296679313, 20.758898406132786], [84.71786865710176, 20.758898406132786], [84.71786865710176, 20.758808574604377], [84.71795848863017, 20.758808574604377], [84.71795848863017, 20.758718743075963], [84.718138151687, 20.758718743075963], [84.718138151687, 20.75862891154755], [84.71831781474383, 20.75862891154755], [84.71831781474383, 20.758808574604377], [84.71822798321541, 20.758808574604377], [84.71822798321541, 20.758898406132786], [84.71840764627224, 20.758898406132786], [84.71840764627224, 20.7589882376612], [84.71849747780065, 20.7589882376612], [84.71849747780065, 20.758898406132786], [84.71858730932907, 20.758898406132786], [84.71858730932907, 20.758808574604377], [84.71840764627224, 20.758808574604377], [84.71840764627224, 20.758718743075963], [84.71849747780065, 20.758718743075963], [84.71849747780065, 20.75862891154755], [84.71867714085748, 20.75862891154755], [84.71867714085748, 20.758449248490727], [84.7187669723859, 20.758449248490727], [84.7187669723859, 20.758359416962314], [84.7189466354427, 20.758359416962314], [84.7189466354427, 20.75853908001914], [84.71903646697112, 20.75853908001914], [84.71903646697112, 20.758269585433904], [84.71912629849953, 20.758269585433904], [84.71912629849953, 20.75817975390549], [84.71930596155636, 20.75817975390549], [84.71930596155636, 20.75808992237708], [84.71939579308477, 20.75808992237708], [84.71939579308477, 20.757910259320255], [84.71966528767001, 20.757910259320255], [84.71966528767001, 20.757820427791845], [84.71975511919842, 20.757820427791845], [84.71975511919842, 20.757730596263432], [84.71984495072682, 20.757730596263432], [84.71984495072682, 20.75755093320661], [84.71993478225524, 20.75755093320661], [84.71993478225524, 20.75764076473502], [84.72011444531206, 20.75764076473502], [84.72011444531206, 20.75755093320661], [84.7203839398973, 20.75755093320661], [84.7203839398973, 20.757371270149783], [84.72056360295413, 20.757371270149783], [84.72056360295413, 20.757281438621373], [84.72083309753936, 20.757281438621373], [84.72083309753936, 20.757371270149783], [84.72173141282349, 20.757371270149783], [84.72173141282349, 20.757461101678196], [84.72209073893713, 20.757461101678196], [84.72209073893713, 20.75755093320661], [84.72236023352237, 20.75755093320661], [84.72236023352237, 20.75764076473502], [84.72253989657919, 20.75764076473502], [84.72253989657919, 20.757730596263432], [84.72271955963602, 20.757730596263432], [84.72271955963602, 20.757820427791845], [84.72280939116442, 20.757820427791845], [84.72280939116442, 20.757910259320255], [84.72298905422124, 20.757910259320255], [84.72298905422124, 20.758000090848668], [84.72307888574966, 20.758000090848668], [84.72307888574966, 20.75808992237708], [84.72316871727807, 20.75808992237708], [84.72316871727807, 20.75817975390549], [84.7233483803349, 20.75817975390549], [84.7233483803349, 20.758269585433904], [84.72343821186331, 20.758269585433904], [84.72343821186331, 20.75853908001914], [84.72325854880648, 20.75853908001914], [84.72325854880648, 20.75862891154755], [84.72352804339172, 20.75862891154755], [84.72352804339172, 20.758808574604377], [84.72361787492014, 20.758808574604377], [84.72361787492014, 20.758898406132786], [84.72370770644855, 20.758898406132786], [84.72370770644855, 20.759257732246436], [84.72352804339172, 20.759257732246436], [84.72352804339172, 20.759167900718023], [84.7233483803349, 20.759167900718023], [84.7233483803349, 20.759257732246436], [84.72343821186331, 20.759257732246436], [84.72343821186331, 20.759527226831672], [84.72361787492014, 20.759527226831672], [84.72361787492014, 20.759706889888495], [84.72352804339172, 20.759706889888495], [84.72352804339172, 20.759796721416908], [84.72370770644855, 20.759796721416908], [84.72370770644855, 20.759886552945318], [84.72397720103378, 20.759886552945318], [84.72397720103378, 20.75997638447373], [84.72451619020426, 20.75997638447373], [84.72451619020426, 20.759886552945318], [84.72469585326108, 20.759886552945318], [84.72469585326108, 20.75997638447373], [84.72478568478948, 20.75997638447373], [84.72478568478948, 20.760066216002144], [84.72469585326108, 20.760066216002144], [84.72469585326108, 20.760245879058967], [84.72460602173267, 20.760245879058967], [84.72460602173267, 20.760605205172613], [84.72451619020426, 20.760605205172613], [84.72451619020426, 20.76087469975785], [84.72442635867584, 20.76087469975785], [84.72442635867584, 20.760695036701026], [84.7241568640906, 20.760695036701026], [84.7241568640906, 20.76078486822944], [84.72433652714743, 20.76078486822944], [84.72433652714743, 20.760964531286263], [84.72442635867584, 20.760964531286263], [84.72442635867584, 20.761144194343085], [84.72424669561902, 20.761144194343085], [84.72424669561902, 20.7612340258715], [84.7241568640906, 20.7612340258715], [84.7241568640906, 20.761054362814676], [84.72397720103378, 20.761054362814676], [84.72397720103378, 20.76132385739991], [84.72388736950536, 20.76132385739991], [84.72388736950536, 20.76186284657038], [84.72379753797695, 20.76186284657038], [84.72379753797695, 20.761952678098794], [84.72370770644855, 20.761952678098794], [84.72370770644855, 20.762042509627207], [84.72361787492014, 20.762042509627207], [84.72361787492014, 20.762132341155617], [84.72352804339172, 20.762132341155617], [84.72352804339172, 20.76231200421244], [84.72370770644855, 20.76231200421244], [84.72370770644855, 20.762401835740853], [84.72361787492014, 20.762401835740853], [84.72361787492014, 20.76267133032609], [84.72379753797695, 20.76267133032609], [84.72379753797695, 20.762761161854502], [84.72388736950536, 20.762761161854502], [84.72388736950536, 20.76267133032609], [84.72397720103378, 20.76267133032609], [84.72397720103378, 20.762761161854502], [84.72406703256219, 20.762761161854502], [84.72406703256219, 20.762850993382912], [84.72397720103378, 20.762850993382912], [84.72397720103378, 20.762940824911325], [84.72406703256219, 20.762940824911325], [84.72406703256219, 20.76312048796815], [84.72388736950536, 20.76312048796815], [84.72388736950536, 20.76321031949656], [84.72406703256219, 20.76321031949656], [84.72406703256219, 20.76330015102497], [84.7241568640906, 20.76330015102497], [84.7241568640906, 20.763389982553385], [84.72397720103378, 20.763389982553385], [84.72397720103378, 20.763479814081798], [84.7241568640906, 20.763479814081798], [84.7241568640906, 20.763569645610207], [84.72451619020426, 20.763569645610207], [84.72451619020426, 20.763749308667034], [84.72460602173267, 20.763749308667034], [84.72460602173267, 20.763839140195444], [84.72469585326108, 20.763839140195444], [84.72469585326108, 20.76401880325227], [84.72478568478948, 20.76401880325227], [84.72478568478948, 20.76410863478068], [84.72532467395996, 20.76410863478068], [84.72532467395996, 20.76446796089433], [84.72523484243155, 20.76446796089433], [84.72523484243155, 20.76455779242274], [84.72514501090313, 20.76455779242274], [84.72514501090313, 20.764647623951152], [84.72505517937472, 20.764647623951152], [84.72505517937472, 20.764827287007975], [84.72496534784631, 20.764827287007975], [84.72496534784631, 20.76491711853639], [84.7248755163179, 20.76491711853639], [84.7248755163179, 20.7650069500648], [84.72469585326108, 20.7650069500648], [84.72469585326108, 20.76509678159321], [84.72460602173267, 20.76509678159321], [84.72460602173267, 20.765186613121625], [84.72451619020426, 20.765186613121625], [84.72451619020426, 20.765276444650034], [84.72433652714743, 20.765276444650034], [84.72433652714743, 20.765366276178447], [84.7241568640906, 20.765366276178447], [84.7241568640906, 20.76545610770686], [84.72397720103378, 20.76545610770686], [84.72397720103378, 20.76554593923527], [84.72379753797695, 20.76554593923527], [84.72379753797695, 20.765635770763684], [84.72352804339172, 20.765635770763684], [84.72352804339172, 20.765725602292097], [84.72325854880648, 20.765725602292097], [84.72325854880648, 20.765815433820507], [84.72307888574966, 20.765815433820507], [84.72307888574966, 20.76590526534892], [84.72280939116442, 20.76590526534892], [84.72280939116442, 20.765995096877333], [84.72253989657919, 20.765995096877333], [84.72253989657919, 20.766084928405743], [84.72227040199395, 20.766084928405743], [84.72227040199395, 20.766174759934156], [84.72209073893713, 20.766174759934156], [84.72209073893713, 20.766264591462566], [84.72182124435189, 20.766264591462566], [84.72182124435189, 20.76635442299098], [84.72155174976666, 20.76635442299098], [84.72155174976666, 20.766444254519392], [84.72128225518142, 20.766444254519392], [84.72128225518142, 20.766534086047802], [84.7211025921246, 20.766534086047802], [84.7211025921246, 20.766623917576215], [84.72083309753936, 20.766623917576215], [84.72083309753936, 20.76671374910463], [84.72056360295413, 20.76671374910463], [84.72056360295413, 20.766803580633038], [84.72029410836889, 20.766803580633038], [84.72029410836889, 20.76689341216145], [84.72011444531206, 20.76689341216145], [84.72011444531206, 20.766983243689864], [84.71984495072682, 20.766983243689864], [84.71984495072682, 20.767073075218274], [84.71948562461318, 20.767073075218274], [84.71948562461318, 20.767162906746687], [84.71903646697112, 20.767162906746687], [84.71903646697112, 20.767073075218274], [84.71912629849953, 20.767073075218274], [84.71912629849953, 20.766623917576215], [84.7189466354427, 20.766623917576215], [84.7189466354427, 20.766444254519392], [84.71885680391429, 20.766444254519392], [84.71885680391429, 20.766264591462566], [84.71867714085748, 20.766264591462566], [84.71867714085748, 20.766174759934156], [84.71858730932907, 20.766174759934156], [84.71858730932907, 20.766084928405743], [84.71867714085748, 20.766084928405743], [84.71867714085748, 20.765995096877333], [84.71885680391429, 20.765995096877333], [84.71885680391429, 20.76590526534892], [84.7189466354427, 20.76590526534892], [84.7189466354427, 20.765815433820507], [84.71903646697112, 20.765815433820507], [84.71903646697112, 20.765725602292097], [84.71912629849953, 20.765725602292097], [84.71912629849953, 20.765635770763684], [84.71921613002795, 20.765635770763684], [84.71921613002795, 20.76554593923527], [84.71930596155636, 20.76554593923527], [84.71930596155636, 20.765366276178447], [84.7189466354427, 20.765366276178447], [84.7189466354427, 20.76545610770686], [84.71858730932907, 20.76545610770686], [84.71858730932907, 20.765276444650034], [84.7187669723859, 20.765276444650034], [84.7187669723859, 20.76509678159321], [84.71885680391429, 20.76509678159321], [84.71885680391429, 20.7650069500648], [84.71858730932907, 20.7650069500648], [84.71858730932907, 20.764737455479565], [84.71867714085748, 20.764737455479565], [84.71867714085748, 20.764827287007975], [84.71885680391429, 20.764827287007975], [84.71885680391429, 20.76491711853639], [84.7189466354427, 20.76491711853639], [84.7189466354427, 20.7650069500648], [84.71903646697112, 20.7650069500648], [84.71903646697112, 20.764827287007975], [84.7189466354427, 20.764827287007975], [84.7189466354427, 20.764737455479565], [84.7187669723859, 20.764737455479565], [84.7187669723859, 20.764647623951152], [84.71867714085748, 20.764647623951152], [84.71867714085748, 20.76455779242274], [84.71849747780065, 20.76455779242274], [84.71849747780065, 20.764378129365916], [84.71840764627224, 20.764378129365916], [84.71840764627224, 20.76446796089433], [84.71831781474383, 20.76446796089433], [84.71831781474383, 20.764378129365916], [84.71822798321541, 20.764378129365916], [84.71822798321541, 20.76446796089433], [84.71804832015859, 20.76446796089433], [84.71804832015859, 20.764378129365916], [84.7173296679313, 20.764378129365916], [84.7173296679313, 20.76446796089433], [84.71697034181764, 20.76446796089433], [84.71697034181764, 20.764288297837503], [84.71679067876083, 20.764288297837503], [84.71679067876083, 20.764198466309093], [84.71670084723242, 20.764198466309093], [84.71670084723242, 20.76401880325227], [84.716611015704, 20.76401880325227], [84.716611015704, 20.763839140195444], [84.71670084723242, 20.763839140195444], [84.71670084723242, 20.763928971723857], [84.71679067876083, 20.763928971723857], [84.71679067876083, 20.763749308667034], [84.71688051028923, 20.763749308667034], [84.71688051028923, 20.76365947713862], [84.71723983640288, 20.76365947713862], [84.71723983640288, 20.763569645610207], [84.7173296679313, 20.763569645610207], [84.7173296679313, 20.76365947713862], [84.71741949945971, 20.76365947713862], [84.71741949945971, 20.763839140195444], [84.71759916251654, 20.763839140195444], [84.71759916251654, 20.76410863478068], [84.71768899404495, 20.76410863478068], [84.71768899404495, 20.764198466309093], [84.71849747780065, 20.764198466309093], [84.71849747780065, 20.76365947713862], [84.71867714085748, 20.76365947713862], [84.71867714085748, 20.763389982553385], [84.71849747780065, 20.763389982553385], [84.71849747780065, 20.76330015102497], [84.71831781474383, 20.76330015102497], [84.71831781474383, 20.763389982553385], [84.71822798321541, 20.763389982553385], [84.71822798321541, 20.763479814081798], [84.718138151687, 20.763479814081798], [84.718138151687, 20.763389982553385], [84.71795848863017, 20.763389982553385], [84.71795848863017, 20.76330015102497], [84.71750933098812, 20.76330015102497], [84.71750933098812, 20.763389982553385], [84.7173296679313, 20.763389982553385], [84.7173296679313, 20.76330015102497], [84.71715000487447, 20.76330015102497], [84.71715000487447, 20.76312048796815], [84.71723983640288, 20.76312048796815], [84.71723983640288, 20.76321031949656], [84.71741949945971, 20.76321031949656], [84.71741949945971, 20.762850993382912], [84.7173296679313, 20.762850993382912], [84.7173296679313, 20.762761161854502], [84.71715000487447, 20.762761161854502], [84.71715000487447, 20.762401835740853], [84.71723983640288, 20.762401835740853], [84.71723983640288, 20.76231200421244], [84.7173296679313, 20.76231200421244], [84.7173296679313, 20.76222217268403], [84.71741949945971, 20.76222217268403], [84.71741949945971, 20.762132341155617], [84.7173296679313, 20.762132341155617], [84.7173296679313, 20.762042509627207], [84.71723983640288, 20.762042509627207], [84.71723983640288, 20.761952678098794], [84.71715000487447, 20.761952678098794], [84.71715000487447, 20.76186284657038], [84.71679067876083, 20.76186284657038], [84.71679067876083, 20.762042509627207], [84.716611015704, 20.762042509627207], [84.716611015704, 20.761952678098794], [84.71643135264718, 20.761952678098794], [84.71643135264718, 20.76186284657038], [84.71634152111876, 20.76186284657038], [84.71634152111876, 20.761952678098794], [84.71607202653352, 20.761952678098794], [84.71607202653352, 20.762042509627207], [84.71598219500511, 20.762042509627207], [84.71598219500511, 20.761952678098794], [84.71562286889147, 20.761952678098794], [84.71562286889147, 20.762042509627207], [84.71553303736306, 20.762042509627207], [84.71553303736306, 20.76231200421244], [84.71544320583465, 20.76231200421244], [84.71544320583465, 20.762581498797676], [84.71526354277782, 20.762581498797676], [84.71526354277782, 20.762491667269266], [84.7151737112494, 20.762491667269266], [84.7151737112494, 20.76267133032609], [84.71499404819258, 20.76267133032609], [84.71499404819258, 20.762581498797676], [84.71490421666417, 20.762581498797676], [84.71490421666417, 20.762761161854502], [84.71463472207894, 20.762761161854502], [84.71463472207894, 20.76267133032609], [84.71409573290846, 20.76267133032609], [84.71409573290846, 20.762491667269266], [84.71391606985163, 20.762491667269266], [84.71391606985163, 20.76231200421244], [84.71382623832324, 20.76231200421244], [84.71382623832324, 20.762401835740853], [84.71373640679482, 20.762401835740853], [84.71373640679482, 20.762491667269266], [84.71319741762434, 20.762491667269266], [84.71319741762434, 20.76222217268403], [84.71310758609593, 20.76222217268403], [84.71310758609593, 20.762132341155617], [84.71319741762434, 20.762132341155617], [84.71319741762434, 20.762042509627207], [84.71337708068117, 20.762042509627207], [84.71337708068117, 20.761952678098794], [84.71346691220958, 20.761952678098794], [84.71346691220958, 20.76177301504197], [84.71337708068117, 20.76177301504197], [84.71337708068117, 20.761683183513558], [84.71319741762434, 20.761683183513558], [84.71319741762434, 20.76177301504197], [84.71301775456752, 20.76177301504197], [84.71301775456752, 20.76186284657038], [84.7128380915107, 20.76186284657038], [84.7128380915107, 20.761952678098794], [84.71274825998229, 20.761952678098794], [84.71274825998229, 20.76177301504197], [84.71256859692546, 20.76177301504197], [84.71256859692546, 20.761952678098794], [84.71247876539705, 20.761952678098794], [84.71247876539705, 20.762042509627207], [84.71238893386864, 20.762042509627207], [84.71238893386864, 20.762132341155617], [84.7121194392834, 20.762132341155617], [84.7121194392834, 20.761952678098794], [84.71184994469817, 20.761952678098794], [84.71184994469817, 20.76186284657038], [84.71176011316976, 20.76186284657038], [84.71176011316976, 20.76177301504197], [84.7114007870561, 20.76177301504197], [84.7114007870561, 20.76186284657038], [84.71113129247087, 20.76186284657038], [84.71113129247087, 20.76177301504197], [84.71095162941404, 20.76177301504197], [84.71095162941404, 20.761593351985145], [84.71104146094245, 20.761593351985145], [84.71104146094245, 20.761503520456735], [84.71095162941404, 20.761503520456735], [84.71095162941404, 20.76132385739991], [84.71086179788564, 20.76132385739991], [84.71086179788564, 20.7612340258715], [84.71068213482882, 20.7612340258715], [84.71068213482882, 20.761144194343085], [84.7105923033004, 20.761144194343085], [84.7105923033004, 20.7612340258715], [84.71050247177199, 20.7612340258715], [84.71050247177199, 20.761054362814676], [84.71041264024358, 20.761054362814676], [84.71041264024358, 20.76087469975785], [84.71032280871516, 20.76087469975785], [84.71032280871516, 20.76078486822944], [84.70996348260151, 20.76078486822944], [84.70996348260151, 20.76087469975785], [84.70969398801628, 20.76087469975785], [84.70969398801628, 20.760964531286263], [84.70951432495946, 20.760964531286263], [84.70951432495946, 20.761054362814676], [84.70933466190263, 20.761054362814676], [84.70933466190263, 20.761144194343085], [84.70897533578898, 20.761144194343085], [84.70897533578898, 20.76141368892832], [84.70888550426058, 20.76141368892832], [84.70888550426058, 20.761593351985145], [84.70879567273217, 20.761593351985145], [84.70879567273217, 20.761683183513558], [84.70852617814693, 20.761683183513558], [84.70852617814693, 20.762042509627207], [84.70843634661851, 20.762042509627207], [84.70843634661851, 20.762132341155617], [84.70870584120375, 20.762132341155617], [84.70870584120375, 20.76222217268403], [84.70888550426058, 20.76222217268403], [84.70888550426058, 20.762132341155617], [84.70897533578898, 20.762132341155617], [84.70897533578898, 20.762491667269266], [84.7083465150901, 20.762491667269266], [84.7083465150901, 20.76267133032609], [84.70798718897645, 20.76267133032609], [84.70798718897645, 20.762761161854502], [84.70780752591963, 20.762761161854502], [84.70780752591963, 20.76267133032609], [84.7075380313344, 20.76267133032609], [84.7075380313344, 20.762761161854502], [84.70735836827757, 20.762761161854502], [84.70735836827757, 20.762850993382912], [84.70726853674915, 20.762850993382912], [84.70726853674915, 20.762940824911325], [84.70708887369233, 20.762940824911325], [84.70708887369233, 20.762850993382912], [84.70699904216391, 20.762850993382912], [84.70699904216391, 20.762581498797676], [84.70646005299345, 20.762581498797676], [84.70646005299345, 20.762401835740853], [84.70628038993662, 20.762401835740853], [84.70628038993662, 20.762491667269266], [84.70619055840821, 20.762491667269266], [84.70619055840821, 20.762401835740853], [84.7061007268798, 20.762401835740853], [84.7061007268798, 20.762581498797676], [84.70583123229457, 20.762581498797676], [84.70583123229457, 20.76303065643974], [84.70574140076616, 20.76303065643974], [84.70574140076616, 20.762940824911325], [84.70547190618092, 20.762940824911325], [84.70547190618092, 20.76303065643974], [84.70565156923774, 20.76303065643974], [84.70565156923774, 20.76312048796815], [84.70547190618092, 20.76312048796815], [84.70547190618092, 20.76321031949656], [84.70565156923774, 20.76321031949656], [84.70565156923774, 20.76330015102497], [84.70547190618092, 20.76330015102497], [84.70547190618092, 20.763389982553385], [84.70529224312409, 20.763389982553385], [84.70529224312409, 20.76330015102497], [84.70511258006727, 20.76330015102497], [84.70511258006727, 20.763389982553385], [84.70475325395363, 20.763389982553385], [84.70475325395363, 20.76330015102497], [84.70448375936839, 20.76330015102497], [84.70448375936839, 20.763479814081798], [84.70439392783997, 20.763479814081798], [84.70439392783997, 20.763389982553385], [84.70430409631156, 20.763389982553385], [84.70430409631156, 20.76330015102497], [84.70421426478315, 20.76330015102497], [84.70421426478315, 20.76321031949656], [84.70412443325473, 20.76321031949656], [84.70412443325473, 20.762940824911325], [84.70403460172632, 20.762940824911325], [84.70403460172632, 20.762850993382912], [84.70394477019792, 20.762850993382912], [84.70394477019792, 20.76267133032609], [84.70385493866951, 20.76267133032609], [84.70385493866951, 20.76231200421244], [84.7037651071411, 20.76231200421244], [84.7037651071411, 20.7612340258715], [84.70385493866951, 20.7612340258715], [84.70385493866951, 20.760964531286263], [84.70394477019792, 20.760964531286263], [84.70394477019792, 20.760695036701026], [84.70403460172632, 20.760695036701026], [84.70403460172632, 20.760515373644203], [84.70412443325473, 20.760515373644203], [84.70412443325473, 20.760335710587377], [84.70421426478315, 20.760335710587377], [84.70421426478315, 20.760245879058967], [84.70430409631156, 20.760245879058967], [84.70430409631156, 20.760156047530554], [84.70439392783997, 20.760156047530554], [84.70439392783997, 20.760066216002144], [84.70448375936839, 20.760066216002144], [84.70448375936839, 20.759886552945318], [84.70466342242521, 20.759886552945318], [84.70466342242521, 20.759796721416908], [84.70475325395363, 20.759796721416908], [84.70475325395363, 20.759706889888495], [84.70484308548204, 20.759706889888495], [84.70484308548204, 20.75961705836008], [84.70493291701045, 20.75961705836008], [84.70493291701045, 20.759527226831672], [84.70511258006727, 20.759527226831672], [84.70511258006727, 20.75943739530326], [84.70520241159568, 20.75943739530326], [84.70520241159568, 20.759347563774845], [84.70529224312409, 20.759347563774845], [84.70529224312409, 20.759257732246436], [84.7053820746525, 20.759257732246436], [84.7053820746525, 20.759167900718023], [84.70556173770933, 20.759167900718023], [84.70556173770933, 20.759078069189613], [84.70565156923774, 20.759078069189613], [84.70565156923774, 20.7589882376612], [84.70574140076616, 20.7589882376612], [84.70574140076616, 20.758898406132786], [84.70592106382298, 20.758898406132786], [84.70592106382298, 20.758808574604377], [84.70601089535138, 20.758808574604377], [84.70601089535138, 20.758718743075963], [84.7061007268798, 20.758718743075963], [84.7061007268798, 20.75862891154755], [84.70628038993662, 20.75862891154755], [84.70628038993662, 20.75853908001914], [84.70637022146504, 20.75853908001914], [84.70637022146504, 20.758449248490727], [84.70646005299345, 20.758449248490727], [84.70646005299345, 20.758359416962314], [84.70663971605028, 20.758359416962314], [84.70663971605028, 20.758269585433904], [84.70672954757869, 20.758269585433904], [84.70672954757869, 20.75817975390549], [84.7068193791071, 20.75817975390549], [84.7068193791071, 20.75808992237708], [84.70690921063552, 20.75808992237708], [84.70690921063552, 20.758000090848668], [84.70708887369233, 20.758000090848668], [84.70708887369233, 20.757910259320255], [84.70717870522074, 20.757910259320255], [84.70717870522074, 20.757820427791845], [84.70726853674915, 20.757820427791845], [84.70726853674915, 20.757730596263432], [84.70744819980598, 20.757730596263432], [84.70744819980598, 20.75764076473502], [84.7075380313344, 20.75764076473502], [84.7075380313344, 20.75755093320661], [84.70762786286281, 20.75755093320661], [84.70762786286281, 20.757461101678196], [84.70780752591963, 20.757461101678196], [84.70780752591963, 20.757371270149783], [84.70789735744805, 20.757371270149783], [84.70789735744805, 20.757281438621373], [84.70798718897645, 20.757281438621373], [84.70798718897645, 20.75719160709296], [84.70816685203327, 20.75719160709296], [84.70816685203327, 20.757101775564546], [84.70825668356169, 20.757101775564546], [84.70825668356169, 20.757011944036137], [84.70843634661851, 20.757011944036137], [84.70843634661851, 20.756922112507723], [84.70861600967534, 20.756922112507723], [84.70861600967534, 20.756832280979314], [84.70888550426058, 20.756832280979314], [84.70888550426058, 20.7567424494509], [84.7091549988458, 20.7567424494509], [84.7091549988458, 20.756652617922487]], [[84.70547190618092, 20.76303065643974], [84.7053820746525, 20.76303065643974], [84.7053820746525, 20.76312048796815], [84.70547190618092, 20.76312048796815], [84.70547190618092, 20.76303065643974]], [[84.70520241159568, 20.76186284657038], [84.70511258006727, 20.76186284657038], [84.70511258006727, 20.761952678098794], [84.70502274853885, 20.761952678098794], [84.70502274853885, 20.762042509627207], [84.70493291701045, 20.762042509627207], [84.70493291701045, 20.762581498797676], [84.7053820746525, 20.762581498797676], [84.7053820746525, 20.76267133032609], [84.70529224312409, 20.76267133032609], [84.70529224312409, 20.762761161854502], [84.70556173770933, 20.762761161854502], [84.70556173770933, 20.76267133032609], [84.70565156923774, 20.76267133032609], [84.70565156923774, 20.76231200421244], [84.70547190618092, 20.76231200421244], [84.70547190618092, 20.76222217268403], [84.70529224312409, 20.76222217268403], [84.70529224312409, 20.761952678098794], [84.70520241159568, 20.761952678098794], [84.70520241159568, 20.76186284657038]], [[84.70717870522074, 20.76186284657038], [84.70708887369233, 20.76186284657038], [84.70708887369233, 20.761952678098794], [84.70699904216391, 20.761952678098794], [84.70699904216391, 20.762042509627207], [84.70690921063552, 20.762042509627207], [84.70690921063552, 20.762132341155617], [84.7068193791071, 20.762132341155617], [84.7068193791071, 20.76222217268403], [84.70699904216391, 20.76222217268403], [84.70699904216391, 20.762401835740853], [84.70708887369233, 20.762401835740853], [84.70708887369233, 20.762491667269266], [84.70717870522074, 20.762491667269266], [84.70717870522074, 20.76186284657038]], [[84.7203839398973, 20.765635770763684], [84.72029410836889, 20.765635770763684], [84.72029410836889, 20.765725602292097], [84.7203839398973, 20.765725602292097], [84.7203839398973, 20.765635770763684]], [[84.7187669723859, 20.76446796089433], [84.71867714085748, 20.76446796089433], [84.71867714085748, 20.76455779242274], [84.7187669723859, 20.76455779242274], [84.7187669723859, 20.76446796089433]], [[84.72029410836889, 20.763479814081798], [84.71984495072682, 20.763479814081798], [84.71984495072682, 20.763569645610207], [84.71993478225524, 20.763569645610207], [84.71993478225524, 20.76365947713862], [84.71984495072682, 20.76365947713862], [84.71984495072682, 20.763749308667034], [84.71993478225524, 20.763749308667034], [84.71993478225524, 20.763839140195444], [84.72002461378365, 20.763839140195444], [84.72002461378365, 20.76401880325227], [84.72020427684048, 20.76401880325227], [84.72020427684048, 20.763928971723857], [84.7203839398973, 20.763928971723857], [84.7203839398973, 20.76401880325227], [84.72047377142572, 20.76401880325227], [84.72047377142572, 20.76365947713862], [84.72029410836889, 20.76365947713862], [84.72029410836889, 20.763479814081798]], [[84.71777882557336, 20.762940824911325], [84.71759916251654, 20.762940824911325], [84.71759916251654, 20.76303065643974], [84.71750933098812, 20.76303065643974], [84.71750933098812, 20.76312048796815], [84.71777882557336, 20.76312048796815], [84.71777882557336, 20.762940824911325]], [[84.72397720103378, 20.762761161854502], [84.72388736950536, 20.762761161854502], [84.72388736950536, 20.762850993382912], [84.72397720103378, 20.762850993382912], [84.72397720103378, 20.762761161854502]], [[84.71921613002795, 20.76231200421244], [84.71912629849953, 20.76231200421244], [84.71912629849953, 20.762401835740853], [84.71921613002795, 20.762401835740853], [84.71921613002795, 20.76231200421244]], [[84.71795848863017, 20.761952678098794], [84.71786865710176, 20.761952678098794], [84.71786865710176, 20.762042509627207], [84.71795848863017, 20.762042509627207], [84.71795848863017, 20.761952678098794]], [[84.718138151687, 20.761952678098794], [84.71804832015859, 20.761952678098794], [84.71804832015859, 20.762042509627207], [84.718138151687, 20.762042509627207], [84.718138151687, 20.761952678098794]], [[84.71948562461318, 20.7612340258715], [84.71930596155636, 20.7612340258715], [84.71930596155636, 20.76132385739991], [84.71912629849953, 20.76132385739991], [84.71912629849953, 20.761503520456735], [84.71948562461318, 20.761503520456735], [84.71948562461318, 20.7612340258715]], [[84.71068213482882, 20.758359416962314], [84.71050247177199, 20.758359416962314], [84.71050247177199, 20.758449248490727], [84.71068213482882, 20.758449248490727], [84.71068213482882, 20.758359416962314]], [[84.7233483803349, 20.758359416962314], [84.72316871727807, 20.758359416962314], [84.72316871727807, 20.75853908001914], [84.72325854880648, 20.75853908001914], [84.72325854880648, 20.758449248490727], [84.7233483803349, 20.758449248490727], [84.7233483803349, 20.758359416962314]]]}, "id": "+798+826", "properties": {"area_ha": 129.08682910996984, "centroid_lat": 20.7609701691085, "centroid_lon": 84.71554875814736, "cluster_id": 3, "n_pixels": 12909, "perim_m": 12743.408377610258, "profile_annual_rainfall_p50": 1440.3388063930063, "profile_aspect_cos_p50": 0.48480962024633784, "profile_aspect_sin_p50": -0.25881904510252196, "profile_canopy_height_max_p50": 22.999999999999996, "profile_canopy_height_p50": 23.00000000000001, "profile_canopy_height_std_p50": 0.4714045207910619, "profile_distance_to_water_p50": 463409.50001051987, "profile_elevation_p50": 298.4744523964432, "profile_ndvi_amplitude_annual_p50": 0.1884337250973825, "profile_ndvi_mean_p50": 0.7002127628517398, "profile_ndvi_phase_annual_cos_p50": -0.9931870121433142, "profile_ndvi_phase_annual_sin_p50": 0.0898867809311113, "profile_ndvi_residual_variance_p50": 0.01263375671492384, "profile_ndvi_trend_p50": -0.008058781396729631, "profile_slope_p50": 6.999999999999996, "profile_vh_iqr_p50": 3.0932676732942106, "profile_vh_p10_p50": -15.564209668785168, "profile_vh_p50_p50": -13.937162022523776, "profile_vh_p90_p50": -12.312136600672632, "profile_vv_iqr_p50": 2.907736989783209, "profile_vv_minus_vh_median_p50": 6.282849576801798, "profile_vv_p10_p50": -9.186273520606147, "profile_vv_p50_p50": -7.595373323243498, "profile_vv_p90_p50": -6.0950475707483305, "unit_id": 66}}, {"type": "Feature", "geometry": {"type": "Polygon", "coordinates": [[[84.72343821186331, 20.758359416962314], [84.72352804339172, 20.758359416962314], [84.72352804339172, 20.758449248490727], [84.72370770644855, 20.758449248490727], [84.72370770644855, 20.75853908001914], [84.72379753797695, 20.75853908001914], [84.72379753797695, 20.75862891154755], [84.72388736950536, 20.75862891154755], [84.72388736950536, 20.758718743075963], [84.72406703256219, 20.758718743075963], [84.72406703256219, 20.758808574604377], [84.7241568640906, 20.758808574604377], [84.7241568640906, 20.758898406132786], [84.72424669561902, 20.758898406132786], [84.72424669561902, 20.7589882376612], [84.72433652714743, 20.7589882376612], [84.72433652714743, 20.759078069189613], [84.72451619020426, 20.759078069189613], [84.72451619020426, 20.759167900718023], [84.72460602173267, 20.759167900718023], [84.72460602173267, 20.759257732246436], [84.72469585326108, 20.759257732246436], [84.72469585326108, 20.759347563774845], [84.7248755163179, 20.759347563774845], [84.7248755163179, 20.75943739530326], [84.72451619020426, 20.75943739530326], [84.72451619020426, 20.759257732246436], [84.7241568640906, 20.759257732246436], [84.7241568640906, 20.75961705836008], [84.72397720103378, 20.75961705836008], [84.72397720103378, 20.759796721416908], [84.72424669561902, 20.759796721416908], [84.72424669561902, 20.759886552945318], [84.72433652714743, 20.759886552945318], [84.72433652714743, 20.759796721416908], [84.72469585326108, 20.759796721416908], [84.72469585326108, 20.759886552945318], [84.72451619020426, 20.759886552945318], [84.72451619020426, 20.75997638447373], [84.72397720103378, 20.75997638447373], [84.72397720103378, 20.759886552945318], [84.72370770644855, 20.759886552945318], [84.72370770644855, 20.759796721416908], [84.72352804339172, 20.759796721416908], [84.72352804339172, 20.759706889888495], [84.72361787492014, 20.759706889888495], [84.72361787492014, 20.759527226831672], [84.72343821186331, 20.759527226831672], [84.72343821186331, 20.759257732246436], [84.7233483803349, 20.759257732246436], [84.7233483803349, 20.759167900718023], [84.72352804339172, 20.759167900718023], [84.72352804339172, 20.759257732246436], [84.72370770644855, 20.759257732246436], [84.72370770644855, 20.758898406132786], [84.72361787492014, 20.758898406132786], [84.72361787492014, 20.758808574604377], [84.72352804339172, 20.758808574604377], [84.72352804339172, 20.75862891154755], [84.72325854880648, 20.75862891154755], [84.72325854880648, 20.75853908001914], [84.72316871727807, 20.75853908001914], [84.72316871727807, 20.758359416962314], [84.7233483803349, 20.758359416962314], [84.7233483803349, 20.758449248490727], [84.72325854880648, 20.758449248490727], [84.72325854880648, 20.75853908001914], [84.72343821186331, 20.75853908001914], [84.72343821186331, 20.758359416962314]]]}, "id": "+938+807", "properties": {"area_ha": 1.1569061114061832, "centroid_lat": 20.75923454905505, "centroid_lon": 84.72393011128516, "cluster_id": 1, "n_pixels": 116, "perim_m": 1094.7991505139776, "profile_annual_rainfall_p50": 1489.2637966702375, "profile_aspect_cos_p50": -0.529919264233205, "profile_aspect_sin_p50": -0.12186934340514723, "profile_canopy_height_max_p50": 18.999999999999996, "profile_canopy_height_p50": 18.999999999999993, "profile_canopy_height_std_p50": 0.47140452079104006, "profile_distance_to_water_p50": 463409.50001051987, "profile_elevation_p50": 188, "profile_ndvi_amplitude_annual_p50": 0.17920110982628168, "profile_ndvi_mean_p50": 0.6495254866009239, "profile_ndvi_phase_annual_cos_p50": -0.994191919067371, "profile_ndvi_phase_annual_sin_p50": 0.058502806294268024, "profile_ndvi_residual_variance_p50": 0.008975052430894357, "profile_ndvi_trend_p50": -0.004144396528579892, "profile_slope_p50": 4, "profile_vh_iqr_p50": 3.3123445792849506, "profile_vh_p10_p50": -16.437667431252414, "profile_vh_p50_p50": -14.6558245857463, "profile_vh_p90_p50": -13.028816985424658, "profile_vv_iqr_p50": 3.0930283255240894, "profile_vv_minus_vh_median_p50": 6.344056960104594, "profile_vv_p10_p50": -9.937872626254787, "profile_vv_p50_p50": -8.343753141921221, "profile_vv_p90_p50": -6.717165705436103, "unit_id": 67}}, {"type": "Feature", "geometry": {"type": "Polygon", "coordinates": [[[84.71831781474383, 20.75862891154755], [84.71849747780065, 20.75862891154755], [84.71849747780065, 20.758718743075963], [84.71840764627224, 20.758718743075963], [84.71840764627224, 20.758808574604377], [84.71858730932907, 20.758808574604377], [84.71858730932907, 20.758898406132786], [84.71849747780065, 20.758898406132786], [84.71849747780065, 20.7589882376612], [84.71840764627224, 20.7589882376612], [84.71840764627224, 20.758898406132786], [84.71822798321541, 20.758898406132786], [84.71822798321541, 20.758808574604377], [84.71831781474383, 20.758808574604377], [84.71831781474383, 20.75862891154755]]]}, "id": "+882+804", "properties": {"area_ha": 0.0746393042533197, "centroid_lat": 20.75880857625896, "centroid_lon": 84.71840764739575, "cluster_id": 1, "n_pixels": 7, "perim_m": 173.11209479505942, "profile_annual_rainfall_p50": 1489.2637966702375, "profile_aspect_cos_p50": -0.529919264233205, "profile_aspect_sin_p50": -0.12186934340514723, "profile_canopy_height_max_p50": 18.999999999999996, "profile_canopy_height_p50": 18.999999999999993, "profile_canopy_height_std_p50": 0.47140452079104006, "profile_distance_to_water_p50": 463409.50001051987, "profile_elevation_p50": 188, "profile_ndvi_amplitude_annual_p50": 0.17920110982628168, "profile_ndvi_mean_p50": 0.6495254866009239, "profile_ndvi_phase_annual_cos_p50": -0.994191919067371, "profile_ndvi_phase_annual_sin_p50": 0.058502806294268024, "profile_ndvi_residual_variance_p50": 0.008975052430894357, "profile_ndvi_trend_p50": -0.004144396528579892, "profile_slope_p50": 4, "profile_vh_iqr_p50": 3.3123445792849506, "profile_vh_p10_p50": -16.437667431252414, "profile_vh_p50_p50": -14.6558245857463, "profile_vh_p90_p50": -13.028816985424658, "profile_vv_iqr_p50": 3.0930283255240894, "profile_vv_minus_vh_median_p50": 6.344056960104594, "profile_vv_p10_p50": -9.937872626254787, "profile_vv_p50_p50": -8.343753141921221, "profile_vv_p90_p50": -6.717165705436103, "unit_id": 68}}, {"type": "Feature", "geometry": {"type": "Polygon", "coordinates": [[[84.71670084723242, 20.758449248490727], [84.71706017334606, 20.758449248490727], [84.71706017334606, 20.75862891154755], [84.7173296679313, 20.75862891154755], [84.7173296679313, 20.758718743075963], [84.71741949945971, 20.758718743075963], [84.71741949945971, 20.758808574604377], [84.71759916251654, 20.758808574604377], [84.71759916251654, 20.75862891154755], [84.718138151687, 20.75862891154755], [84.718138151687, 20.758718743075963], [84.71795848863017, 20.758718743075963], [84.71795848863017, 20.758808574604377], [84.71786865710176, 20.758808574604377], [84.71786865710176, 20.758898406132786], [84.7173296679313, 20.758898406132786], [84.7173296679313, 20.758718743075963], [84.71723983640288, 20.758718743075963], [84.71723983640288, 20.758808574604377], [84.71706017334606, 20.758808574604377], [84.71706017334606, 20.758718743075963], [84.71697034181764, 20.758718743075963], [84.71697034181764, 20.75862891154755], [84.71679067876083, 20.75862891154755], [84.71679067876083, 20.758718743075963], [84.71670084723242, 20.758718743075963], [84.71670084723242, 20.758898406132786], [84.71652118417559, 20.758898406132786], [84.71652118417559, 20.7589882376612], [84.71625168959035, 20.7589882376612], [84.71625168959035, 20.759078069189613], [84.71616185806194, 20.759078069189613], [84.71616185806194, 20.758898406132786], [84.71607202653352, 20.758898406132786], [84.71607202653352, 20.7589882376612], [84.7158923634767, 20.7589882376612], [84.7158923634767, 20.758898406132786], [84.71562286889147, 20.758898406132786], [84.71562286889147, 20.758808574604377], [84.71553303736306, 20.758808574604377], [84.71553303736306, 20.758718743075963], [84.71544320583465, 20.758718743075963], [84.71544320583465, 20.75862891154755], [84.71553303736306, 20.75862891154755], [84.71553303736306, 20.758718743075963], [84.71598219500511, 20.758718743075963], [84.71598219500511, 20.758808574604377], [84.71616185806194, 20.758808574604377], [84.71616185806194, 20.758898406132786], [84.71625168959035, 20.758898406132786], [84.71625168959035, 20.758808574604377], [84.71634152111876, 20.758808574604377], [84.71634152111876, 20.758898406132786], [84.71652118417559, 20.758898406132786], [84.71652118417559, 20.758808574604377], [84.716611015704, 20.758808574604377], [84.716611015704, 20.758718743075963], [84.71670084723242, 20.758718743075963], [84.71670084723242, 20.758449248490727]]]}, "id": "+866+806", "properties": {"area_ha": 0.5131453387585028, "centroid_lat": 20.758760394654733, "centroid_lon": 84.71682416190433, "cluster_id": 1, "n_pixels": 51, "perim_m": 919.3257503400538, "profile_annual_rainfall_p50": 1489.2637966702375, "profile_aspect_cos_p50": -0.529919264233205, "profile_aspect_sin_p50": -0.12186934340514723, "profile_canopy_height_max_p50": 18.999999999999996, "profile_canopy_height_p50": 18.999999999999993, "profile_canopy_height_std_p50": 0.47140452079104006, "profile_distance_to_water_p50": 463409.50001051987, "profile_elevation_p50": 188, "profile_ndvi_amplitude_annual_p50": 0.17920110982628168, "profile_ndvi_mean_p50": 0.6495254866009239, "profile_ndvi_phase_annual_cos_p50": -0.994191919067371, "profile_ndvi_phase_annual_sin_p50": 0.058502806294268024, "profile_ndvi_residual_variance_p50": 0.008975052430894357, "profile_ndvi_trend_p50": -0.004144396528579892, "profile_slope_p50": 4, "profile_vh_iqr_p50": 3.3123445792849506, "profile_vh_p10_p50": -16.437667431252414, "profile_vh_p50_p50": -14.6558245857463, "profile_vh_p90_p50": -13.028816985424658, "profile_vv_iqr_p50": 3.0930283255240894, "profile_vv_minus_vh_median_p50": 6.344056960104594, "profile_vv_p10_p50": -9.937872626254787, "profile_vv_p50_p50": -8.343753141921221, "profile_vv_p90_p50": -6.717165705436103, "unit_id": 69}}, {"type": "Feature", "geometry": {"type": "Polygon", "coordinates": [[[84.7187669723859, 20.758269585433904], [84.71903646697112, 20.758269585433904], [84.71903646697112, 20.75853908001914], [84.7189466354427, 20.75853908001914], [84.7189466354427, 20.758359416962314], [84.7187669723859, 20.758359416962314], [84.7187669723859, 20.758269585433904]]]}, "id": "+888+808", "properties": {"area_ha": 0.04664969523898527, "centroid_lat": 20.758368400366077, "centroid_lon": 84.71893765405898, "cluster_id": 1, "n_pixels": 5, "perim_m": 115.80212089281963, "profile_annual_rainfall_p50": 1489.2637966702375, "profile_aspect_cos_p50": -0.529919264233205, "profile_aspect_sin_p50": -0.12186934340514723, "profile_canopy_height_max_p50": 18.999999999999996, "profile_canopy_height_p50": 18.999999999999993, "profile_canopy_height_std_p50": 0.47140452079104006, "profile_distance_to_water_p50": 463409.50001051987, "profile_elevation_p50": 188, "profile_ndvi_amplitude_annual_p50": 0.17920110982628168, "profile_ndvi_mean_p50": 0.6495254866009239, "profile_ndvi_phase_annual_cos_p50": -0.994191919067371, "profile_ndvi_phase_annual_sin_p50": 0.058502806294268024, "profile_ndvi_residual_variance_p50": 0.008975052430894357, "profile_ndvi_trend_p50": -0.004144396528579892, "profile_slope_p50": 4, "profile_vh_iqr_p50": 3.3123445792849506, "profile_vh_p10_p50": -16.437667431252414, "profile_vh_p50_p50": -14.6558245857463, "profile_vh_p90_p50": -13.028816985424658, "profile_vv_iqr_p50": 3.0930283255240894, "profile_vv_minus_vh_median_p50": 6.344056960104594, "profile_vv_p10_p50": -9.937872626254787, "profile_vv_p50_p50": -8.343753141921221, "profile_vv_p90_p50": -6.717165705436103, "unit_id": 70}}, {"type": "Feature", "geometry": {"type": "Polygon", "coordinates": [[[84.71472455360735, 20.757910259320255], [84.71490421666417, 20.757910259320255], [84.71490421666417, 20.75808992237708], [84.71472455360735, 20.75808992237708], [84.71472455360735, 20.75817975390549], [84.71463472207894, 20.75817975390549], [84.71463472207894, 20.75808992237708], [84.71454489055053, 20.75808992237708], [84.71454489055053, 20.758000090848668], [84.71472455360735, 20.758000090848668], [84.71472455360735, 20.757910259320255]]]}, "id": "+842+812", "properties": {"area_ha": 0.06530972635892346, "centroid_lat": 20.758032173827306, "centroid_lon": 84.71474380265857, "cluster_id": 1, "n_pixels": 7, "perim_m": 134.51182000645085, "profile_annual_rainfall_p50": 1489.2637966702375, "profile_aspect_cos_p50": -0.529919264233205, "profile_aspect_sin_p50": -0.12186934340514723, "profile_canopy_height_max_p50": 18.999999999999996, "profile_canopy_height_p50": 18.999999999999993, "profile_canopy_height_std_p50": 0.47140452079104006, "profile_distance_to_water_p50": 463409.50001051987, "profile_elevation_p50": 188, "profile_ndvi_amplitude_annual_p50": 0.17920110982628168, "profile_ndvi_mean_p50": 0.6495254866009239, "profile_ndvi_phase_annual_cos_p50": -0.994191919067371, "profile_ndvi_phase_annual_sin_p50": 0.058502806294268024, "profile_ndvi_residual_variance_p50": 0.008975052430894357, "profile_ndvi_trend_p50": -0.004144396528579892, "profile_slope_p50": 4, "profile_vh_iqr_p50": 3.3123445792849506, "profile_vh_p10_p50": -16.437667431252414, "profile_vh_p50_p50": -14.6558245857463, "profile_vh_p90_p50": -13.028816985424658, "profile_vv_iqr_p50": 3.0930283255240894, "profile_vv_minus_vh_median_p50": 6.344056960104594, "profile_vv_p10_p50": -9.937872626254787, "profile_vv_p50_p50": -8.343753141921221, "profile_vv_p90_p50": -6.717165705436103, "unit_id": 71}}, {"type": "Feature", "geometry": {"type": "Polygon", "coordinates": [[[84.71706017334606, 20.757101775564546], [84.71795848863017, 20.757101775564546], [84.71795848863017, 20.75719160709296], [84.71804832015859, 20.75719160709296], [84.71804832015859, 20.757281438621373], [84.718138151687, 20.757281438621373], [84.718138151687, 20.757371270149783], [84.71804832015859, 20.757371270149783], [84.71804832015859, 20.75755093320661], [84.718138151687, 20.75755093320661], [84.718138151687, 20.757730596263432], [84.71822798321541, 20.757730596263432], [84.71822798321541, 20.758000090848668], [84.718138151687, 20.758000090848668], [84.718138151687, 20.757910259320255], [84.71723983640288, 20.757910259320255], [84.71723983640288, 20.757820427791845], [84.71688051028923, 20.757820427791845], [84.71688051028923, 20.75808992237708], [84.71652118417559, 20.75808992237708], [84.71652118417559, 20.757820427791845], [84.71643135264718, 20.757820427791845], [84.71643135264718, 20.757730596263432], [84.71652118417559, 20.757730596263432], [84.71652118417559, 20.75764076473502], [84.71643135264718, 20.75764076473502], [84.71643135264718, 20.757461101678196], [84.71670084723242, 20.757461101678196], [84.71670084723242, 20.75764076473502], [84.71679067876083, 20.75764076473502], [84.71679067876083, 20.757730596263432], [84.71688051028923, 20.757730596263432], [84.71688051028923, 20.75719160709296], [84.71706017334606, 20.75719160709296], [84.71706017334606, 20.757101775564546]]]}, "id": "+876+821", "properties": {"area_ha": 1.343518578876867, "centroid_lat": 20.757568400798498, "centroid_lon": 84.71736959328824, "cluster_id": 1, "n_pixels": 134, "perim_m": 729.8706015137344, "profile_annual_rainfall_p50": 1489.2637966702375, "profile_aspect_cos_p50": -0.529919264233205, "profile_aspect_sin_p50": -0.12186934340514723, "profile_canopy_height_max_p50": 18.999999999999996, "profile_canopy_height_p50": 18.999999999999993, "profile_canopy_height_std_p50": 0.47140452079104006, "profile_distance_to_water_p50": 463409.50001051987, "profile_elevation_p50": 188, "profile_ndvi_amplitude_annual_p50": 0.17920110982628168, "profile_ndvi_mean_p50": 0.6495254866009239, "profile_ndvi_phase_annual_cos_p50": -0.994191919067371, "profile_ndvi_phase_annual_sin_p50": 0.058502806294268024, "profile_ndvi_residual_variance_p50": 0.008975052430894357, "profile_ndvi_trend_p50": -0.004144396528579892, "profile_slope_p50": 4, "profile_vh_iqr_p50": 3.3123445792849506, "profile_vh_p10_p50": -16.437667431252414, "profile_vh_p50_p50": -14.6558245857463, "profile_vh_p90_p50": -13.028816985424658, "profile_vv_iqr_p50": 3.0930283255240894, "profile_vv_minus_vh_median_p50": 6.344056960104594, "profile_vv_p10_p50": -9.937872626254787, "profile_vv_p50_p50": -8.343753141921221, "profile_vv_p90_p50": -6.717165705436103, "unit_id": 72}}, {"type": "Feature", "geometry": {"type": "Polygon", "coordinates": [[[84.71454489055053, 20.756922112507723], [84.7151737112494, 20.756922112507723], [84.7151737112494, 20.757011944036137], [84.71499404819258, 20.757011944036137], [84.71499404819258, 20.757281438621373], [84.71490421666417, 20.757281438621373], [84.71490421666417, 20.757371270149783], [84.71499404819258, 20.757371270149783], [84.71499404819258, 20.757461101678196], [84.71490421666417, 20.757461101678196], [84.71490421666417, 20.757371270149783], [84.71481438513577, 20.757371270149783], [84.71481438513577, 20.757281438621373], [84.71463472207894, 20.757281438621373], [84.71463472207894, 20.757371270149783], [84.71454489055053, 20.757371270149783], [84.71454489055053, 20.75719160709296], [84.71445505902211, 20.75719160709296], [84.71445505902211, 20.757101775564546], [84.71454489055053, 20.757101775564546], [84.71454489055053, 20.756922112507723]]]}, "id": "+845+823", "properties": {"area_ha": 0.24258032146275776, "centroid_lat": 20.75712250710603, "centroid_lon": 84.71478674466452, "cluster_id": 1, "n_pixels": 24, "perim_m": 307.62538074238745, "profile_annual_rainfall_p50": 1489.2637966702375, "profile_aspect_cos_p50": -0.529919264233205, "profile_aspect_sin_p50": -0.12186934340514723, "profile_canopy_height_max_p50": 18.999999999999996, "profile_canopy_height_p50": 18.999999999999993, "profile_canopy_height_std_p50": 0.47140452079104006, "profile_distance_to_water_p50": 463409.50001051987, "profile_elevation_p50": 188, "profile_ndvi_amplitude_annual_p50": 0.17920110982628168, "profile_ndvi_mean_p50": 0.6495254866009239, "profile_ndvi_phase_annual_cos_p50": -0.994191919067371, "profile_ndvi_phase_annual_sin_p50": 0.058502806294268024, "profile_ndvi_residual_variance_p50": 0.008975052430894357, "profile_ndvi_trend_p50": -0.004144396528579892, "profile_slope_p50": 4, "profile_vh_iqr_p50": 3.3123445792849506, "profile_vh_p10_p50": -16.437667431252414, "profile_vh_p50_p50": -14.6558245857463, "profile_vh_p90_p50": -13.028816985424658, "profile_vv_iqr_p50": 3.0930283255240894, "profile_vv_minus_vh_median_p50": 6.344056960104594, "profile_vv_p10_p50": -9.937872626254787, "profile_vv_p50_p50": -8.343753141921221, "profile_vv_p90_p50": -6.717165705436103, "unit_id": 73}}, {"type": "Feature", "geometry": {"type": "Polygon", "coordinates": [[[84.69154801927706, 20.748477948837], [84.69163785080548, 20.748477948837], [84.69163785080548, 20.748567780365413], [84.69172768233389, 20.748567780365413], [84.69172768233389, 20.748657611893826], [84.69145818774865, 20.748657611893826], [84.69145818774865, 20.748567780365413], [84.69154801927706, 20.748567780365413], [84.69154801927706, 20.748477948837]]]}, "id": "+583+917", "properties": {"area_ha": 0.037322185236327736, "centroid_lat": 20.748590238365946, "centroid_lon": 84.6915929350721, "cluster_id": 5, "n_pixels": 4, "perim_m": 95.91451392531145, "profile_annual_rainfall_p50": 1505.9420581648747, "profile_aspect_cos_p50": -0.42261826174069866, "profile_aspect_sin_p50": 8.368282946838767e-17, "profile_canopy_height_max_p50": 16, "profile_canopy_height_p50": 15, "profile_canopy_height_std_p50": 0.4796882510175016, "profile_distance_to_water_p50": 463409.50001051987, "profile_elevation_p50": 172, "profile_ndvi_amplitude_annual_p50": 0.17048289900212668, "profile_ndvi_mean_p50": 0.5960216558462038, "profile_ndvi_phase_annual_cos_p50": -0.9975915864410161, "profile_ndvi_phase_annual_sin_p50": 0.07417168914717162, "profile_ndvi_residual_variance_p50": 0.00774859606117175, "profile_ndvi_trend_p50": -0.0036441331888788227, "profile_slope_p50": 3, "profile_vh_iqr_p50": 3.658622608586966, "profile_vh_p10_p50": -17.566743797684428, "profile_vh_p50_p50": -15.66873593089709, "profile_vh_p90_p50": -13.78548284778306, "profile_vv_iqr_p50": 3.419226960096244, "profile_vv_minus_vh_median_p50": 6.535462084537159, "profile_vv_p10_p50": -10.902273113810534, "profile_vv_p50_p50": -9.097122146378963, "profile_vv_p90_p50": -7.34188028419536, "unit_id": 74}}, {"type": "Feature", "geometry": {"type": "Polygon", "coordinates": [[[84.69621925875448, 20.747669465081295], [84.6963090902829, 20.747669465081295], [84.6963090902829, 20.747759296609704], [84.69639892181131, 20.747759296609704], [84.69639892181131, 20.747849128138117], [84.69648875333972, 20.747849128138117], [84.69648875333972, 20.748208454251763], [84.6963090902829, 20.748208454251763], [84.6963090902829, 20.748118622723354], [84.69639892181131, 20.748118622723354], [84.69639892181131, 20.74802879119494], [84.6963090902829, 20.74802879119494], [84.6963090902829, 20.747849128138117], [84.69621925875448, 20.747849128138117], [84.69621925875448, 20.747669465081295]]]}, "id": "+635+926", "properties": {"area_ha": 0.09330583752642722, "centroid_lat": 20.747947943309274, "centroid_lon": 84.69637197176132, "cluster_id": 5, "n_pixels": 9, "perim_m": 194.19010735285565, "profile_annual_rainfall_p50": 1505.9420581648747, "profile_aspect_cos_p50": -0.42261826174069866, "profile_aspect_sin_p50": 8.368282946838767e-17, "profile_canopy_height_max_p50": 16, "profile_canopy_height_p50": 15, "profile_canopy_height_std_p50": 0.4796882510175016, "profile_distance_to_water_p50": 463409.50001051987, "profile_elevation_p50": 172, "profile_ndvi_amplitude_annual_p50": 0.17048289900212668, "profile_ndvi_mean_p50": 0.5960216558462038, "profile_ndvi_phase_annual_cos_p50": -0.9975915864410161, "profile_ndvi_phase_annual_sin_p50": 0.07417168914717162, "profile_ndvi_residual_variance_p50": 0.00774859606117175, "profile_ndvi_trend_p50": -0.0036441331888788227, "profile_slope_p50": 3, "profile_vh_iqr_p50": 3.658622608586966, "profile_vh_p10_p50": -17.566743797684428, "profile_vh_p50_p50": -15.66873593089709, "profile_vh_p90_p50": -13.78548284778306, "profile_vv_iqr_p50": 3.419226960096244, "profile_vv_minus_vh_median_p50": 6.535462084537159, "profile_vv_p10_p50": -10.902273113810534, "profile_vv_p50_p50": -9.097122146378963, "profile_vv_p90_p50": -7.34188028419536, "unit_id": 75}}, {"type": "Feature", "geometry": {"type": "Polygon", "coordinates": [[[84.69469212277149, 20.747220307439232], [84.69487178582831, 20.747220307439232], [84.69487178582831, 20.747310138967645], [84.69514128041354, 20.747310138967645], [84.69514128041354, 20.747489802024468], [84.69424296512942, 20.747489802024468], [84.69424296512942, 20.74739997049606], [84.69460229124307, 20.74739997049606], [84.69460229124307, 20.747310138967645], [84.69469212277149, 20.747310138967645], [84.69469212277149, 20.747220307439232]]]}, "id": "+619+931", "properties": {"area_ha": 0.16795148067829602, "centroid_lat": 20.747394979026588, "centroid_lon": 84.694761991309, "cluster_id": 5, "n_pixels": 17, "perim_m": 246.78233698874365, "profile_annual_rainfall_p50": 1505.9420581648747, "profile_aspect_cos_p50": -0.42261826174069866, "profile_aspect_sin_p50": 8.368282946838767e-17, "profile_canopy_height_max_p50": 16, "profile_canopy_height_p50": 15, "profile_canopy_height_std_p50": 0.4796882510175016, "profile_distance_to_water_p50": 463409.50001051987, "profile_elevation_p50": 172, "profile_ndvi_amplitude_annual_p50": 0.17048289900212668, "profile_ndvi_mean_p50": 0.5960216558462038, "profile_ndvi_phase_annual_cos_p50": -0.9975915864410161, "profile_ndvi_phase_annual_sin_p50": 0.07417168914717162, "profile_ndvi_residual_variance_p50": 0.00774859606117175, "profile_ndvi_trend_p50": -0.0036441331888788227, "profile_slope_p50": 3, "profile_vh_iqr_p50": 3.658622608586966, "profile_vh_p10_p50": -17.566743797684428, "profile_vh_p50_p50": -15.66873593089709, "profile_vh_p90_p50": -13.78548284778306, "profile_vv_iqr_p50": 3.419226960096244, "profile_vv_minus_vh_median_p50": 6.535462084537159, "profile_vv_p10_p50": -10.902273113810534, "profile_vv_p50_p50": -9.097122146378963, "profile_vv_p90_p50": -7.34188028419536, "unit_id": 76}}, {"type": "Feature", "geometry": {"type": "Polygon", "coordinates": [[[84.69235650303277, 20.74434569853005], [84.69244633456118, 20.74434569853005], [84.69244633456118, 20.744435530058464], [84.6925361660896, 20.744435530058464], [84.6925361660896, 20.744525361586874], [84.69280566067484, 20.744525361586874], [84.69280566067484, 20.7447050246437], [84.69289549220325, 20.7447050246437], [84.69289549220325, 20.74479485617211], [84.69298532373166, 20.74479485617211], [84.69298532373166, 20.745064350757346], [84.69289549220325, 20.745064350757346], [84.69289549220325, 20.744884687700523], [84.69271582914642, 20.744884687700523], [84.69271582914642, 20.744974519228936], [84.69235650303277, 20.744974519228936], [84.69235650303277, 20.745064350757346], [84.69226667150436, 20.745064350757346], [84.69226667150436, 20.745333845342582], [84.69244633456118, 20.745333845342582], [84.69244633456118, 20.745423676870995], [84.69271582914642, 20.745423676870995], [84.69271582914642, 20.74560333992782], [84.69262599761801, 20.74560333992782], [84.69262599761801, 20.745513508399405], [84.69244633456118, 20.745513508399405], [84.69244633456118, 20.74560333992782], [84.69235650303277, 20.74560333992782], [84.69235650303277, 20.74569317145623], [84.69217683997594, 20.74569317145623], [84.69217683997594, 20.745872834513055], [84.69208700844754, 20.745872834513055], [84.69208700844754, 20.745962666041468], [84.69217683997594, 20.745962666041468], [84.69217683997594, 20.746052497569877], [84.69208700844754, 20.746052497569877], [84.69208700844754, 20.74614232909829], [84.69190734539072, 20.74614232909829], [84.69190734539072, 20.746321992155114], [84.69208700844754, 20.746321992155114], [84.69208700844754, 20.746501655211937], [84.69217683997594, 20.746501655211937], [84.69217683997594, 20.74659148674035], [84.69235650303277, 20.74659148674035], [84.69235650303277, 20.746681318268763], [84.69244633456118, 20.746681318268763], [84.69244633456118, 20.746860981325586], [84.69226667150436, 20.746860981325586], [84.69226667150436, 20.746681318268763], [84.69217683997594, 20.746681318268763], [84.69217683997594, 20.74659148674035], [84.69208700844754, 20.74659148674035], [84.69208700844754, 20.746860981325586], [84.69217683997594, 20.746860981325586], [84.69217683997594, 20.74704064438241], [84.69226667150436, 20.74704064438241], [84.69226667150436, 20.746950812854], [84.69235650303277, 20.746950812854], [84.69235650303277, 20.747130475910822], [84.69226667150436, 20.747130475910822], [84.69226667150436, 20.747220307439232], [84.69244633456118, 20.747220307439232], [84.69244633456118, 20.74739997049606], [84.6925361660896, 20.74739997049606], [84.6925361660896, 20.747310138967645], [84.69262599761801, 20.747310138967645], [84.69262599761801, 20.74739997049606], [84.69289549220325, 20.74739997049606], [84.69289549220325, 20.747489802024468], [84.69280566067484, 20.747489802024468], [84.69280566067484, 20.74757963355288], [84.69271582914642, 20.74757963355288], [84.69271582914642, 20.747759296609704], [84.6925361660896, 20.747759296609704], [84.6925361660896, 20.747849128138117], [84.69244633456118, 20.747849128138117], [84.69244633456118, 20.747759296609704], [84.69226667150436, 20.747759296609704], [84.69226667150436, 20.747669465081295], [84.69208700844754, 20.747669465081295], [84.69208700844754, 20.74757963355288], [84.69190734539072, 20.74757963355288], [84.69190734539072, 20.74802879119494], [84.69172768233389, 20.74802879119494], [84.69172768233389, 20.747849128138117], [84.69145818774865, 20.747849128138117], [84.69145818774865, 20.74802879119494], [84.69154801927706, 20.74802879119494], [84.69154801927706, 20.748298285780177], [84.6918175138623, 20.748298285780177], [84.6918175138623, 20.748208454251763], [84.69190734539072, 20.748208454251763], [84.69190734539072, 20.748298285780177], [84.6918175138623, 20.748298285780177], [84.6918175138623, 20.748477948837], [84.69154801927706, 20.748477948837], [84.69154801927706, 20.748567780365413], [84.69136835622024, 20.748567780365413], [84.69136835622024, 20.748477948837], [84.69073953552136, 20.748477948837], [84.69073953552136, 20.748567780365413], [84.69055987246453, 20.748567780365413], [84.69055987246453, 20.748477948837], [84.69047004093612, 20.748477948837], [84.69047004093612, 20.748567780365413], [84.6902903778793, 20.748567780365413], [84.6902903778793, 20.748477948837], [84.69002088329407, 20.748477948837], [84.69002088329407, 20.74838811730859], [84.68993105176565, 20.74838811730859], [84.68993105176565, 20.748298285780177], [84.68975138870883, 20.748298285780177], [84.68975138870883, 20.74838811730859], [84.68966155718041, 20.74838811730859], [84.68966155718041, 20.748477948837], [84.689571725652, 20.748477948837], [84.689571725652, 20.748657611893826], [84.68948189412359, 20.748657611893826], [84.68948189412359, 20.748477948837], [84.68939206259518, 20.748477948837], [84.68939206259518, 20.748298285780177], [84.68930223106676, 20.748298285780177], [84.68930223106676, 20.748118622723354], [84.68921239953835, 20.748118622723354], [84.68921239953835, 20.747759296609704], [84.68912256800995, 20.747759296609704], [84.68912256800995, 20.746681318268763], [84.68921239953835, 20.746681318268763], [84.68921239953835, 20.74614232909829], [84.68930223106676, 20.74614232909829], [84.68930223106676, 20.74569317145623], [84.68939206259518, 20.74569317145623], [84.68939206259518, 20.74578300298464], [84.68948189412359, 20.74578300298464], [84.68948189412359, 20.745962666041468], [84.689571725652, 20.745962666041468], [84.689571725652, 20.746052497569877], [84.68975138870883, 20.746052497569877], [84.68975138870883, 20.74659148674035], [84.69011071482248, 20.74659148674035], [84.69011071482248, 20.746681318268763], [84.69020054635088, 20.746681318268763], [84.69020054635088, 20.746321992155114], [84.6902903778793, 20.746321992155114], [84.6902903778793, 20.746501655211937], [84.69047004093612, 20.746501655211937], [84.69047004093612, 20.74659148674035], [84.69055987246453, 20.74659148674035], [84.69055987246453, 20.746411823683527], [84.69064970399295, 20.746411823683527], [84.69064970399295, 20.746321992155114], [84.69055987246453, 20.746321992155114], [84.69055987246453, 20.74614232909829], [84.69064970399295, 20.74614232909829], [84.69064970399295, 20.7462321606267], [84.69073953552136, 20.7462321606267], [84.69073953552136, 20.746411823683527], [84.69091919857819, 20.746411823683527], [84.69091919857819, 20.745962666041468], [84.6910090301066, 20.745962666041468], [84.6910090301066, 20.7462321606267], [84.69118869316341, 20.7462321606267], [84.69118869316341, 20.745962666041468], [84.69127852469182, 20.745962666041468], [84.69127852469182, 20.74578300298464], [84.69091919857819, 20.74578300298464], [84.69091919857819, 20.74569317145623], [84.69082936704977, 20.74569317145623], [84.69082936704977, 20.74560333992782], [84.69118869316341, 20.74560333992782], [84.69118869316341, 20.745423676870995], [84.69127852469182, 20.745423676870995], [84.69127852469182, 20.745333845342582], [84.69136835622024, 20.745333845342582], [84.69136835622024, 20.745513508399405], [84.69145818774865, 20.745513508399405], [84.69145818774865, 20.745423676870995], [84.69172768233389, 20.745423676870995], [84.69172768233389, 20.745513508399405], [84.6918175138623, 20.745513508399405], [84.6918175138623, 20.745423676870995], [84.69190734539072, 20.745423676870995], [84.69190734539072, 20.74524401381417], [84.6918175138623, 20.74524401381417], [84.6918175138623, 20.74515418228576], [84.69163785080548, 20.74515418228576], [84.69163785080548, 20.745064350757346], [84.69154801927706, 20.745064350757346], [84.69154801927706, 20.744974519228936], [84.69145818774865, 20.744974519228936], [84.69145818774865, 20.744884687700523], [84.69154801927706, 20.744884687700523], [84.69154801927706, 20.74479485617211], [84.69172768233389, 20.74479485617211], [84.69172768233389, 20.7447050246437], [84.6918175138623, 20.7447050246437], [84.6918175138623, 20.74479485617211], [84.69172768233389, 20.74479485617211], [84.69172768233389, 20.744884687700523], [84.6918175138623, 20.744884687700523], [84.6918175138623, 20.744974519228936], [84.69199717691913, 20.744974519228936], [84.69199717691913, 20.744884687700523], [84.69208700844754, 20.744884687700523], [84.69208700844754, 20.74479485617211], [84.69217683997594, 20.74479485617211], [84.69217683997594, 20.7447050246437], [84.69226667150436, 20.7447050246437], [84.69226667150436, 20.744615193115287], [84.6925361660896, 20.744615193115287], [84.6925361660896, 20.744525361586874], [84.69244633456118, 20.744525361586874], [84.69244633456118, 20.744435530058464], [84.69235650303277, 20.744435530058464], [84.69235650303277, 20.74434569853005]], [[84.69262599761801, 20.74739997049606], [84.6925361660896, 20.74739997049606], [84.6925361660896, 20.747489802024468], [84.69262599761801, 20.747489802024468], [84.69262599761801, 20.74739997049606]], [[84.69199717691913, 20.74515418228576], [84.69190734539072, 20.74515418228576], [84.69190734539072, 20.74524401381417], [84.69199717691913, 20.74524401381417], [84.69199717691913, 20.74515418228576]], [[84.69271582914642, 20.7447050246437], [84.6925361660896, 20.7447050246437], [84.6925361660896, 20.744884687700523], [84.69271582914642, 20.744884687700523], [84.69271582914642, 20.7447050246437]]]}, "id": "+592+963", "properties": {"area_ha": 9.218675726729321, "centroid_lat": 20.746978268389604, "centroid_lon": 84.69091292982613, "cluster_id": 3, "n_pixels": 922, "perim_m": 3576.0084771362685, "profile_annual_rainfall_p50": 1440.3388063930063, "profile_aspect_cos_p50": 0.48480962024633784, "profile_aspect_sin_p50": -0.25881904510252196, "profile_canopy_height_max_p50": 22.999999999999996, "profile_canopy_height_p50": 23.00000000000001, "profile_canopy_height_std_p50": 0.4714045207910619, "profile_distance_to_water_p50": 463409.50001051987, "profile_elevation_p50": 298.4744523964432, "profile_ndvi_amplitude_annual_p50": 0.1884337250973825, "profile_ndvi_mean_p50": 0.7002127628517398, "profile_ndvi_phase_annual_cos_p50": -0.9931870121433142, "profile_ndvi_phase_annual_sin_p50": 0.0898867809311113, "profile_ndvi_residual_variance_p50": 0.01263375671492384, "profile_ndvi_trend_p50": -0.008058781396729631, "profile_slope_p50": 6.999999999999996, "profile_vh_iqr_p50": 3.0932676732942106, "profile_vh_p10_p50": -15.564209668785168, "profile_vh_p50_p50": -13.937162022523776, "profile_vh_p90_p50": -12.312136600672632, "profile_vv_iqr_p50": 2.907736989783209, "profile_vv_minus_vh_median_p50": 6.282849576801798, "profile_vv_p10_p50": -9.186273520606147, "profile_vv_p50_p50": -7.595373323243498, "profile_vv_p90_p50": -6.0950475707483305, "unit_id": 77}}, {"type": "Feature", "geometry": {"type": "Polygon", "coordinates": [[[84.6971175740386, 20.744974519228936], [84.69729723709543, 20.744974519228936], [84.69729723709543, 20.745333845342582], [84.69738706862384, 20.745333845342582], [84.69738706862384, 20.745423676870995], [84.69747690015225, 20.745423676870995], [84.69747690015225, 20.745513508399405], [84.6978362262659, 20.745513508399405], [84.6978362262659, 20.74578300298464], [84.69810572085113, 20.74578300298464], [84.69810572085113, 20.745872834513055], [84.69828538390796, 20.745872834513055], [84.69828538390796, 20.745962666041468], [84.69810572085113, 20.745962666041468], [84.69810572085113, 20.746052497569877], [84.69819555237954, 20.746052497569877], [84.69819555237954, 20.74614232909829], [84.69837521543637, 20.74614232909829], [84.69837521543637, 20.746052497569877], [84.69846504696478, 20.746052497569877], [84.69846504696478, 20.74614232909829], [84.69837521543637, 20.74614232909829], [84.69837521543637, 20.7462321606267], [84.69828538390796, 20.7462321606267], [84.69828538390796, 20.746411823683527], [84.69819555237954, 20.746411823683527], [84.69819555237954, 20.746501655211937], [84.69810572085113, 20.746501655211937], [84.69810572085113, 20.74659148674035], [84.69801588932273, 20.74659148674035], [84.69801588932273, 20.746681318268763], [84.69792605779432, 20.746681318268763], [84.69792605779432, 20.746771149797173], [84.6978362262659, 20.746771149797173], [84.6978362262659, 20.746860981325586], [84.69774639473749, 20.746860981325586], [84.69774639473749, 20.746950812854], [84.69765656320908, 20.746950812854], [84.69765656320908, 20.74704064438241], [84.69756673168067, 20.74704064438241], [84.69756673168067, 20.747130475910822], [84.69747690015225, 20.747130475910822], [84.69747690015225, 20.747220307439232], [84.69738706862384, 20.747220307439232], [84.69738706862384, 20.747310138967645], [84.69729723709543, 20.747310138967645], [84.69729723709543, 20.74739997049606], [84.69720740556701, 20.74739997049606], [84.69720740556701, 20.747489802024468], [84.6971175740386, 20.747489802024468], [84.6971175740386, 20.747669465081295], [84.6970277425102, 20.747669465081295], [84.6970277425102, 20.747759296609704], [84.69693791098179, 20.747759296609704], [84.69693791098179, 20.747849128138117], [84.69684807945337, 20.747849128138117], [84.69684807945337, 20.74793895966653], [84.69675824792496, 20.74793895966653], [84.69675824792496, 20.74802879119494], [84.69666841639655, 20.74802879119494], [84.69666841639655, 20.748118622723354], [84.69657858486813, 20.748118622723354], [84.69657858486813, 20.748208454251763], [84.69648875333972, 20.748208454251763], [84.69648875333972, 20.747849128138117], [84.69639892181131, 20.747849128138117], [84.69639892181131, 20.747759296609704], [84.6963090902829, 20.747759296609704], [84.6963090902829, 20.747489802024468], [84.69621925875448, 20.747489802024468], [84.69621925875448, 20.74739997049606], [84.69612942722607, 20.74739997049606], [84.69612942722607, 20.747220307439232], [84.69603959569767, 20.747220307439232], [84.69603959569767, 20.747130475910822], [84.69594976416926, 20.747130475910822], [84.69594976416926, 20.746950812854], [84.69612942722607, 20.746950812854], [84.69612942722607, 20.746321992155114], [84.69621925875448, 20.746321992155114], [84.69621925875448, 20.7462321606267], [84.69612942722607, 20.7462321606267], [84.69612942722607, 20.74614232909829], [84.69594976416926, 20.74614232909829], [84.69594976416926, 20.746052497569877], [84.69603959569767, 20.746052497569877], [84.69603959569767, 20.745962666041468], [84.69612942722607, 20.745962666041468], [84.69612942722607, 20.74578300298464], [84.69621925875448, 20.74578300298464], [84.69621925875448, 20.745962666041468], [84.6963090902829, 20.745962666041468], [84.6963090902829, 20.746052497569877], [84.69657858486813, 20.746052497569877], [84.69657858486813, 20.745872834513055], [84.69648875333972, 20.745872834513055], [84.69648875333972, 20.74578300298464], [84.69657858486813, 20.74578300298464], [84.69657858486813, 20.745872834513055], [84.69666841639655, 20.745872834513055], [84.69666841639655, 20.745513508399405], [84.69675824792496, 20.745513508399405], [84.69675824792496, 20.745333845342582], [84.69684807945337, 20.745333845342582], [84.69684807945337, 20.745064350757346], [84.6971175740386, 20.745064350757346], [84.6971175740386, 20.744974519228936]]]}, "id": "+646+956", "properties": {"area_ha": 4.506714701453028, "centroid_lat": 20.74650732549768, "centroid_lon": 84.69704122820139, "cluster_id": 3, "n_pixels": 451, "perim_m": 1451.7109443598906, "profile_annual_rainfall_p50": 1440.3388063930063, "profile_aspect_cos_p50": 0.48480962024633784, "profile_aspect_sin_p50": -0.25881904510252196, "profile_canopy_height_max_p50": 22.999999999999996, "profile_canopy_height_p50": 23.00000000000001, "profile_canopy_height_std_p50": 0.4714045207910619, "profile_distance_to_water_p50": 463409.50001051987, "profile_elevation_p50": 298.4744523964432, "profile_ndvi_amplitude_annual_p50": 0.1884337250973825, "profile_ndvi_mean_p50": 0.7002127628517398, "profile_ndvi_phase_annual_cos_p50": -0.9931870121433142, "profile_ndvi_phase_annual_sin_p50": 0.0898867809311113, "profile_ndvi_residual_variance_p50": 0.01263375671492384, "profile_ndvi_trend_p50": -0.008058781396729631, "profile_slope_p50": 6.999999999999996, "profile_vh_iqr_p50": 3.0932676732942106, "profile_vh_p10_p50": -15.564209668785168, "profile_vh_p50_p50": -13.937162022523776, "profile_vh_p90_p50": -12.312136600672632, "profile_vv_iqr_p50": 2.907736989783209, "profile_vv_minus_vh_median_p50": 6.282849576801798, "profile_vv_p10_p50": -9.186273520606147, "profile_vv_p50_p50": -7.595373323243498, "profile_vv_p90_p50": -6.0950475707483305, "unit_id": 78}}, {"type": "Feature", "geometry": {"type": "Polygon", "coordinates": [[[84.69846504696478, 20.74389654088799], [84.6985548784932, 20.74389654088799], [84.6985548784932, 20.743986372416405], [84.69927353072049, 20.743986372416405], [84.69927353072049, 20.744166035473228], [84.69900403613526, 20.744166035473228], [84.69900403613526, 20.744255867001637], [84.69909386766366, 20.744255867001637], [84.69909386766366, 20.744435530058464], [84.69900403613526, 20.744435530058464], [84.69900403613526, 20.744525361586874], [84.69909386766366, 20.744525361586874], [84.69909386766366, 20.7447050246437], [84.69918369919208, 20.7447050246437], [84.69918369919208, 20.744525361586874], [84.6993633622489, 20.744525361586874], [84.6993633622489, 20.744435530058464], [84.69945319377732, 20.744435530058464], [84.69945319377732, 20.74434569853005], [84.69954302530573, 20.74434569853005], [84.69954302530573, 20.744255867001637], [84.69945319377732, 20.744255867001637], [84.69945319377732, 20.744076203944815], [84.69963285683414, 20.744076203944815], [84.69963285683414, 20.744166035473228], [84.69981251989097, 20.744166035473228], [84.69981251989097, 20.744255867001637], [84.69972268836256, 20.744255867001637], [84.69972268836256, 20.744435530058464], [84.69963285683414, 20.744435530058464], [84.69963285683414, 20.744615193115287], [84.69981251989097, 20.744615193115287], [84.69981251989097, 20.7447050246437], [84.69972268836256, 20.7447050246437], [84.69972268836256, 20.74479485617211], [84.69963285683414, 20.74479485617211], [84.69963285683414, 20.744884687700523], [84.69954302530573, 20.744884687700523], [84.69954302530573, 20.745064350757346], [84.69945319377732, 20.745064350757346], [84.69945319377732, 20.74515418228576], [84.6993633622489, 20.74515418228576], [84.6993633622489, 20.74524401381417], [84.69927353072049, 20.74524401381417], [84.69927353072049, 20.745333845342582], [84.69918369919208, 20.745333845342582], [84.69918369919208, 20.745423676870995], [84.69909386766366, 20.745423676870995], [84.69909386766366, 20.745513508399405], [84.69900403613526, 20.745513508399405], [84.69900403613526, 20.74560333992782], [84.69891420460685, 20.74560333992782], [84.69891420460685, 20.74569317145623], [84.69882437307844, 20.74569317145623], [84.69882437307844, 20.74578300298464], [84.69873454155002, 20.74578300298464], [84.69873454155002, 20.745872834513055], [84.69864471002161, 20.745872834513055], [84.69864471002161, 20.745962666041468], [84.6985548784932, 20.745962666041468], [84.6985548784932, 20.746052497569877], [84.69837521543637, 20.746052497569877], [84.69837521543637, 20.74614232909829], [84.69819555237954, 20.74614232909829], [84.69819555237954, 20.746052497569877], [84.69810572085113, 20.746052497569877], [84.69810572085113, 20.745962666041468], [84.69828538390796, 20.745962666041468], [84.69828538390796, 20.745872834513055], [84.69810572085113, 20.745872834513055], [84.69810572085113, 20.74578300298464], [84.6978362262659, 20.74578300298464], [84.6978362262659, 20.745513508399405], [84.69747690015225, 20.745513508399405], [84.69747690015225, 20.745423676870995], [84.69738706862384, 20.745423676870995], [84.69738706862384, 20.745333845342582], [84.69729723709543, 20.745333845342582], [84.69729723709543, 20.745064350757346], [84.69747690015225, 20.745064350757346], [84.69747690015225, 20.744974519228936], [84.69756673168067, 20.744974519228936], [84.69756673168067, 20.74479485617211], [84.69774639473749, 20.74479485617211], [84.69774639473749, 20.744615193115287], [84.6978362262659, 20.744615193115287], [84.6978362262659, 20.744525361586874], [84.69810572085113, 20.744525361586874], [84.69810572085113, 20.744615193115287], [84.69837521543637, 20.744615193115287], [84.69837521543637, 20.744435530058464], [84.69846504696478, 20.744435530058464], [84.69846504696478, 20.744255867001637], [84.69837521543637, 20.744255867001637], [84.69837521543637, 20.744166035473228], [84.69846504696478, 20.744166035473228], [84.69846504696478, 20.74389654088799]], [[84.69963285683414, 20.744615193115287], [84.69954302530573, 20.744615193115287], [84.69954302530573, 20.74479485617211], [84.69963285683414, 20.74479485617211], [84.69963285683414, 20.744615193115287]]]}, "id": "+660+968", "properties": {"area_ha": 3.247106176977952, "centroid_lat": 20.74499904148799, "centroid_lon": 84.69855617060453, "cluster_id": 0, "n_pixels": 325, "perim_m": 1425.9264059736986, "profile_annual_rainfall_p50": 1349.2374738878182, "profile_aspect_cos_p50": -0.5299192642332051, "profile_aspect_sin_p50": -0.6946583704589975, "profile_canopy_height_max_p50": 23.000000000000007, "profile_canopy_height_p50": 23.00000000000002, "profile_canopy_height_std_p50": 0.41573970964156065, "profile_distance_to_water_p50": 463409.50001051987, "profile_elevation_p50": 402.99999999999994, "profile_ndvi_amplitude_annual_p50": 0.19874806999787228, "profile_ndvi_mean_p50": 0.6616100861201363, "profile_ndvi_phase_annual_cos_p50": -0.9604385072139832, "profile_ndvi_phase_annual_sin_p50": 0.27726550451906984, "profile_ndvi_residual_variance_p50": 0.014376159371358839, "profile_ndvi_trend_p50": 0.00453259844123035, "profile_slope_p50": 16, "profile_vh_iqr_p50": 2.9111939694232007, "profile_vh_p10_p50": -13.307917863649147, "profile_vh_p50_p50": -11.782986482860734, "profile_vh_p90_p50": -10.22371009723851, "profile_vv_iqr_p50": 2.9725327121765406, "profile_vv_minus_vh_median_p50": 6.405291279978171, "profile_vv_p10_p50": -7.054425417038126, "profile_vv_p50_p50": -5.429281408935865, "profile_vv_p90_p50": -3.815000442628127, "unit_id": 79}}, {"type": "Feature", "geometry": {"type": "Polygon", "coordinates": [[[84.69370397595895, 20.740932100450397], [84.694153133601, 20.740932100450397], [84.694153133601, 20.74111176350722], [84.6940633020726, 20.74111176350722], [84.6940633020726, 20.741291426564043], [84.69388363901578, 20.741291426564043], [84.69388363901578, 20.741650752677693], [84.69370397595895, 20.741650752677693], [84.69370397595895, 20.741740584206106], [84.69379380748737, 20.741740584206106], [84.69379380748737, 20.741830415734515], [84.69388363901578, 20.741830415734515], [84.69388363901578, 20.74192024726293], [84.6939734705442, 20.74192024726293], [84.6939734705442, 20.741830415734515], [84.6940633020726, 20.741830415734515], [84.6940633020726, 20.74192024726293], [84.694153133601, 20.74192024726293], [84.694153133601, 20.74209991031975], [84.69424296512942, 20.74209991031975], [84.69424296512942, 20.742189741848165], [84.694153133601, 20.742189741848165], [84.694153133601, 20.742279573376575], [84.69424296512942, 20.742279573376575], [84.69424296512942, 20.742369404904988], [84.69451245971466, 20.742369404904988], [84.69451245971466, 20.742279573376575], [84.6947819542999, 20.742279573376575], [84.6947819542999, 20.742189741848165], [84.69487178582831, 20.742189741848165], [84.69487178582831, 20.74209991031975], [84.69496161735673, 20.74209991031975], [84.69496161735673, 20.742279573376575], [84.69514128041354, 20.742279573376575], [84.69514128041354, 20.74209991031975], [84.69505144888514, 20.74209991031975], [84.69505144888514, 20.742010078791342], [84.69514128041354, 20.742010078791342], [84.69514128041354, 20.74192024726293], [84.69532094347036, 20.74192024726293], [84.69532094347036, 20.74209991031975], [84.69550060652719, 20.74209991031975], [84.69550060652719, 20.742189741848165], [84.69541077499878, 20.742189741848165], [84.69541077499878, 20.742369404904988], [84.69532094347036, 20.742369404904988], [84.69532094347036, 20.7424592364334], [84.69523111194195, 20.7424592364334], [84.69523111194195, 20.74254906796181], [84.69532094347036, 20.74254906796181], [84.69532094347036, 20.742638899490224], [84.69523111194195, 20.742638899490224], [84.69523111194195, 20.74290839407546], [84.69487178582831, 20.74290839407546], [84.69487178582831, 20.743267720189106], [84.6947819542999, 20.743267720189106], [84.6947819542999, 20.743537214774342], [84.69469212277149, 20.743537214774342], [84.69469212277149, 20.743447383245933], [84.69442262818625, 20.743447383245933], [84.69442262818625, 20.743537214774342], [84.69433279665783, 20.743537214774342], [84.69433279665783, 20.74335755171752], [84.69424296512942, 20.74335755171752], [84.69424296512942, 20.743447383245933], [84.694153133601, 20.743447383245933], [84.694153133601, 20.743627046302755], [84.6940633020726, 20.743627046302755], [84.6940633020726, 20.74371687783117], [84.6939734705442, 20.74371687783117], [84.6939734705442, 20.74380670935958], [84.69379380748737, 20.74380670935958], [84.69379380748737, 20.74389654088799], [84.69370397595895, 20.74389654088799], [84.69370397595895, 20.743986372416405], [84.69343448137371, 20.743986372416405], [84.69343448137371, 20.744076203944815], [84.69352431290213, 20.744076203944815], [84.69352431290213, 20.744166035473228], [84.69316498678847, 20.744166035473228], [84.69316498678847, 20.744255867001637], [84.69307515526008, 20.744255867001637], [84.69307515526008, 20.744525361586874], [84.6925361660896, 20.744525361586874], [84.6925361660896, 20.744615193115287], [84.69226667150436, 20.744615193115287], [84.69226667150436, 20.7447050246437], [84.69217683997594, 20.7447050246437], [84.69217683997594, 20.74479485617211], [84.69208700844754, 20.74479485617211], [84.69208700844754, 20.744884687700523], [84.69199717691913, 20.744884687700523], [84.69199717691913, 20.744974519228936], [84.6918175138623, 20.744974519228936], [84.6918175138623, 20.744884687700523], [84.69172768233389, 20.744884687700523], [84.69172768233389, 20.74479485617211], [84.69154801927706, 20.74479485617211], [84.69154801927706, 20.744884687700523], [84.69145818774865, 20.744884687700523], [84.69145818774865, 20.744974519228936], [84.69154801927706, 20.744974519228936], [84.69154801927706, 20.745064350757346], [84.69163785080548, 20.745064350757346], [84.69163785080548, 20.74515418228576], [84.6918175138623, 20.74515418228576], [84.6918175138623, 20.74524401381417], [84.69190734539072, 20.74524401381417], [84.69190734539072, 20.74515418228576], [84.69199717691913, 20.74515418228576], [84.69199717691913, 20.74524401381417], [84.69190734539072, 20.74524401381417], [84.69190734539072, 20.745423676870995], [84.6918175138623, 20.745423676870995], [84.6918175138623, 20.745513508399405], [84.69172768233389, 20.745513508399405], [84.69172768233389, 20.745423676870995], [84.69145818774865, 20.745423676870995], [84.69145818774865, 20.745513508399405], [84.69136835622024, 20.745513508399405], [84.69136835622024, 20.745333845342582], [84.69127852469182, 20.745333845342582], [84.69127852469182, 20.745423676870995], [84.69118869316341, 20.745423676870995], [84.69118869316341, 20.74560333992782], [84.69082936704977, 20.74560333992782], [84.69082936704977, 20.74569317145623], [84.69091919857819, 20.74569317145623], [84.69091919857819, 20.74578300298464], [84.69127852469182, 20.74578300298464], [84.69127852469182, 20.745962666041468], [84.69118869316341, 20.745962666041468], [84.69118869316341, 20.7462321606267], [84.6910090301066, 20.7462321606267], [84.6910090301066, 20.745962666041468], [84.69091919857819, 20.745962666041468], [84.69091919857819, 20.746411823683527], [84.69073953552136, 20.746411823683527], [84.69073953552136, 20.7462321606267], [84.69064970399295, 20.7462321606267], [84.69064970399295, 20.74614232909829], [84.69055987246453, 20.74614232909829], [84.69055987246453, 20.746321992155114], [84.69064970399295, 20.746321992155114], [84.69064970399295, 20.746411823683527], [84.69055987246453, 20.746411823683527], [84.69055987246453, 20.74659148674035], [84.69047004093612, 20.74659148674035], [84.69047004093612, 20.746501655211937], [84.6902903778793, 20.746501655211937], [84.6902903778793, 20.746321992155114], [84.69020054635088, 20.746321992155114], [84.69020054635088, 20.746681318268763], [84.69011071482248, 20.746681318268763], [84.69011071482248, 20.74659148674035], [84.68975138870883, 20.74659148674035], [84.68975138870883, 20.746052497569877], [84.689571725652, 20.746052497569877], [84.689571725652, 20.745962666041468], [84.68948189412359, 20.745962666041468], [84.68948189412359, 20.74578300298464], [84.68939206259518, 20.74578300298464], [84.68939206259518, 20.74569317145623], [84.68930223106676, 20.74569317145623], [84.68930223106676, 20.74560333992782], [84.68939206259518, 20.74560333992782], [84.68939206259518, 20.74515418228576], [84.68948189412359, 20.74515418228576], [84.68948189412359, 20.74479485617211], [84.689571725652, 20.74479485617211], [84.689571725652, 20.744525361586874], [84.68966155718041, 20.744525361586874], [84.68966155718041, 20.74434569853005], [84.68975138870883, 20.74434569853005], [84.68975138870883, 20.744166035473228], [84.68984122023724, 20.744166035473228], [84.68984122023724, 20.744076203944815], [84.68993105176565, 20.744076203944815], [84.68993105176565, 20.743986372416405], [84.69002088329407, 20.743986372416405], [84.69002088329407, 20.74380670935958], [84.69011071482248, 20.74380670935958], [84.69011071482248, 20.74371687783117], [84.69020054635088, 20.74371687783117], [84.69020054635088, 20.743627046302755], [84.6903802094077, 20.743627046302755], [84.6903802094077, 20.743537214774342], [84.69047004093612, 20.743537214774342], [84.69047004093612, 20.743447383245933], [84.69055987246453, 20.743447383245933], [84.69055987246453, 20.74335755171752], [84.69064970399295, 20.74335755171752], [84.69064970399295, 20.743267720189106], [84.69073953552136, 20.743267720189106], [84.69073953552136, 20.743177888660696], [84.69091919857819, 20.743177888660696], [84.69091919857819, 20.743088057132283], [84.6910090301066, 20.743088057132283], [84.6910090301066, 20.742998225603873], [84.69109886163501, 20.742998225603873], [84.69109886163501, 20.74290839407546], [84.69118869316341, 20.74290839407546], [84.69118869316341, 20.742818562547047], [84.69136835622024, 20.742818562547047], [84.69136835622024, 20.742728731018637], [84.69145818774865, 20.742728731018637], [84.69145818774865, 20.742638899490224], [84.69154801927706, 20.742638899490224], [84.69154801927706, 20.74254906796181], [84.69163785080548, 20.74254906796181], [84.69163785080548, 20.7424592364334], [84.6918175138623, 20.7424592364334], [84.6918175138623, 20.742369404904988], [84.69190734539072, 20.742369404904988], [84.69190734539072, 20.742279573376575], [84.69199717691913, 20.742279573376575], [84.69199717691913, 20.742189741848165], [84.69217683997594, 20.742189741848165], [84.69217683997594, 20.74209991031975], [84.69226667150436, 20.74209991031975], [84.69226667150436, 20.742010078791342], [84.69235650303277, 20.742010078791342], [84.69235650303277, 20.74192024726293], [84.6925361660896, 20.74192024726293], [84.6925361660896, 20.741830415734515], [84.69262599761801, 20.741830415734515], [84.69262599761801, 20.741740584206106], [84.69271582914642, 20.741740584206106], [84.69271582914642, 20.741650752677693], [84.69289549220325, 20.741650752677693], [84.69289549220325, 20.74156092114928], [84.69298532373166, 20.74156092114928], [84.69298532373166, 20.74147108962087], [84.69307515526008, 20.74147108962087], [84.69307515526008, 20.741381258092456], [84.69325481831689, 20.741381258092456], [84.69325481831689, 20.741291426564043], [84.6933446498453, 20.741291426564043], [84.6933446498453, 20.741201595035633], [84.69343448137371, 20.741201595035633], [84.69343448137371, 20.74111176350722], [84.69361414443054, 20.74111176350722], [84.69361414443054, 20.741021931978807], [84.69370397595895, 20.741021931978807], [84.69370397595895, 20.740932100450397]], [[84.6918175138623, 20.7447050246437], [84.69172768233389, 20.7447050246437], [84.69172768233389, 20.74479485617211], [84.6918175138623, 20.74479485617211], [84.6918175138623, 20.7447050246437]], [[84.6925361660896, 20.744435530058464], [84.69244633456118, 20.744435530058464], [84.69244633456118, 20.744525361586874], [84.6925361660896, 20.744525361586874], [84.6925361660896, 20.744435530058464]], [[84.69244633456118, 20.74434569853005], [84.69235650303277, 20.74434569853005], [84.69235650303277, 20.744435530058464], [84.69244633456118, 20.744435530058464], [84.69244633456118, 20.74434569853005]], [[84.694153133601, 20.743177888660696], [84.6940633020726, 20.743177888660696], [84.6940633020726, 20.743267720189106], [84.6939734705442, 20.743267720189106], [84.6939734705442, 20.743537214774342], [84.6940633020726, 20.743537214774342], [84.6940633020726, 20.743447383245933], [84.694153133601, 20.743447383245933], [84.694153133601, 20.743177888660696]], [[84.69487178582831, 20.742818562547047], [84.6947819542999, 20.742818562547047], [84.6947819542999, 20.74290839407546], [84.69487178582831, 20.74290839407546], [84.69487178582831, 20.742818562547047]]]}, "id": "+611+1001", "properties": {"area_ha": 15.927748773579145, "centroid_lat": 20.743744528408627, "centroid_lon": 84.69208047522756, "cluster_id": 0, "n_pixels": 1593, "perim_m": 3745.6194486206023, "profile_annual_rainfall_p50": 1349.2374738878182, "profile_aspect_cos_p50": -0.5299192642332051, "profile_aspect_sin_p50": -0.6946583704589975, "profile_canopy_height_max_p50": 23.000000000000007, "profile_canopy_height_p50": 23.00000000000002, "profile_canopy_height_std_p50": 0.41573970964156065, "profile_distance_to_water_p50": 463409.50001051987, "profile_elevation_p50": 402.99999999999994, "profile_ndvi_amplitude_annual_p50": 0.19874806999787228, "profile_ndvi_mean_p50": 0.6616100861201363, "profile_ndvi_phase_annual_cos_p50": -0.9604385072139832, "profile_ndvi_phase_annual_sin_p50": 0.27726550451906984, "profile_ndvi_residual_variance_p50": 0.014376159371358839, "profile_ndvi_trend_p50": 0.00453259844123035, "profile_slope_p50": 16, "profile_vh_iqr_p50": 2.9111939694232007, "profile_vh_p10_p50": -13.307917863649147, "profile_vh_p50_p50": -11.782986482860734, "profile_vh_p90_p50": -10.22371009723851, "profile_vv_iqr_p50": 2.9725327121765406, "profile_vv_minus_vh_median_p50": 6.405291279978171, "profile_vv_p10_p50": -7.054425417038126, "profile_vv_p50_p50": -5.429281408935865, "profile_vv_p90_p50": -3.815000442628127, "unit_id": 80}}, {"type": "Feature", "geometry": {"type": "Polygon", "coordinates": [[[84.69882437307844, 20.73922530141057], [84.6993633622489, 20.73922530141057], [84.6993633622489, 20.73931513293898], [84.69963285683414, 20.73931513293898], [84.69963285683414, 20.739404964467393], [84.69981251989097, 20.739404964467393], [84.69981251989097, 20.739494795995807], [84.6999921829478, 20.739494795995807], [84.6999921829478, 20.739584627524216], [84.70017184600461, 20.739584627524216], [84.70017184600461, 20.73967445905263], [84.70035150906143, 20.73967445905263], [84.70035150906143, 20.739764290581043], [84.70017184600461, 20.739764290581043], [84.70017184600461, 20.739943953637866], [84.70026167753302, 20.739943953637866], [84.70026167753302, 20.74030327975151], [84.70035150906143, 20.74030327975151], [84.70035150906143, 20.740393111279925], [84.70026167753302, 20.740393111279925], [84.70026167753302, 20.740482942808338], [84.7000820144762, 20.740482942808338], [84.7000820144762, 20.740393111279925], [84.69990235141938, 20.740393111279925], [84.69990235141938, 20.740482942808338], [84.69963285683414, 20.740482942808338], [84.69963285683414, 20.740752437393574], [84.69972268836256, 20.740752437393574], [84.69972268836256, 20.74066260586516], [84.69990235141938, 20.74066260586516], [84.69990235141938, 20.740752437393574], [84.69981251989097, 20.740752437393574], [84.69981251989097, 20.740842268921984], [84.69972268836256, 20.740842268921984], [84.69972268836256, 20.741021931978807], [84.69981251989097, 20.741021931978807], [84.69981251989097, 20.741291426564043], [84.69963285683414, 20.741291426564043], [84.69963285683414, 20.741381258092456], [84.69981251989097, 20.741381258092456], [84.69981251989097, 20.741740584206106], [84.69972268836256, 20.741740584206106], [84.69972268836256, 20.741830415734515], [84.69990235141938, 20.741830415734515], [84.69990235141938, 20.74192024726293], [84.70035150906143, 20.74192024726293], [84.70035150906143, 20.74209991031975], [84.70026167753302, 20.74209991031975], [84.70026167753302, 20.742189741848165], [84.7000820144762, 20.742189741848165], [84.7000820144762, 20.7424592364334], [84.70017184600461, 20.7424592364334], [84.70017184600461, 20.742638899490224], [84.70035150906143, 20.742638899490224], [84.70035150906143, 20.74254906796181], [84.70044134058985, 20.74254906796181], [84.70044134058985, 20.7424592364334], [84.70053117211826, 20.7424592364334], [84.70053117211826, 20.742638899490224], [84.70044134058985, 20.742638899490224], [84.70044134058985, 20.742728731018637], [84.70026167753302, 20.742728731018637], [84.70026167753302, 20.74290839407546], [84.70044134058985, 20.74290839407546], [84.70044134058985, 20.742998225603873], [84.70017184600461, 20.742998225603873], [84.70017184600461, 20.74290839407546], [84.7000820144762, 20.74290839407546], [84.7000820144762, 20.743177888660696], [84.69990235141938, 20.743177888660696], [84.69990235141938, 20.742998225603873], [84.69963285683414, 20.742998225603873], [84.69963285683414, 20.74290839407546], [84.69954302530573, 20.74290839407546], [84.69954302530573, 20.742998225603873], [84.69945319377732, 20.742998225603873], [84.69945319377732, 20.743088057132283], [84.6993633622489, 20.743088057132283], [84.6993633622489, 20.743177888660696], [84.69918369919208, 20.743177888660696], [84.69918369919208, 20.743267720189106], [84.69927353072049, 20.743267720189106], [84.69927353072049, 20.74335755171752], [84.69918369919208, 20.74335755171752], [84.69918369919208, 20.743537214774342], [84.69900403613526, 20.743537214774342], [84.69900403613526, 20.743627046302755], [84.69873454155002, 20.743627046302755], [84.69873454155002, 20.74371687783117], [84.69864471002161, 20.74371687783117], [84.69864471002161, 20.74380670935958], [84.6985548784932, 20.74380670935958], [84.6985548784932, 20.74389654088799], [84.69846504696478, 20.74389654088799], [84.69846504696478, 20.744166035473228], [84.69837521543637, 20.744166035473228], [84.69837521543637, 20.744255867001637], [84.69846504696478, 20.744255867001637], [84.69846504696478, 20.744435530058464], [84.69837521543637, 20.744435530058464], [84.69837521543637, 20.744615193115287], [84.69810572085113, 20.744615193115287], [84.69810572085113, 20.744525361586874], [84.6978362262659, 20.744525361586874], [84.6978362262659, 20.744615193115287], [84.69774639473749, 20.744615193115287], [84.69774639473749, 20.74479485617211], [84.69756673168067, 20.74479485617211], [84.69756673168067, 20.744974519228936], [84.69747690015225, 20.744974519228936], [84.69747690015225, 20.745064350757346], [84.69729723709543, 20.745064350757346], [84.69729723709543, 20.744974519228936], [84.6971175740386, 20.744974519228936], [84.6971175740386, 20.745064350757346], [84.69684807945337, 20.745064350757346], [84.69684807945337, 20.745333845342582], [84.69675824792496, 20.745333845342582], [84.69675824792496, 20.745513508399405], [84.69666841639655, 20.745513508399405], [84.69666841639655, 20.745872834513055], [84.69657858486813, 20.745872834513055], [84.69657858486813, 20.746052497569877], [84.6963090902829, 20.746052497569877], [84.6963090902829, 20.745962666041468], [84.69621925875448, 20.745962666041468], [84.69621925875448, 20.74578300298464], [84.69612942722607, 20.74578300298464], [84.69612942722607, 20.745962666041468], [84.69603959569767, 20.745962666041468], [84.69603959569767, 20.746052497569877], [84.69594976416926, 20.746052497569877], [84.69594976416926, 20.74614232909829], [84.69612942722607, 20.74614232909829], [84.69612942722607, 20.7462321606267], [84.69621925875448, 20.7462321606267], [84.69621925875448, 20.746321992155114], [84.69603959569767, 20.746321992155114], [84.69603959569767, 20.7462321606267], [84.69577010111243, 20.7462321606267], [84.69577010111243, 20.746411823683527], [84.6955904380556, 20.746411823683527], [84.6955904380556, 20.746501655211937], [84.69550060652719, 20.746501655211937], [84.69550060652719, 20.74659148674035], [84.69532094347036, 20.74659148674035], [84.69532094347036, 20.746860981325586], [84.69514128041354, 20.746860981325586], [84.69514128041354, 20.747310138967645], [84.69487178582831, 20.747310138967645], [84.69487178582831, 20.747220307439232], [84.69469212277149, 20.747220307439232], [84.69469212277149, 20.747310138967645], [84.69460229124307, 20.747310138967645], [84.69460229124307, 20.74739997049606], [84.69424296512942, 20.74739997049606], [84.69424296512942, 20.747489802024468], [84.694153133601, 20.747489802024468], [84.694153133601, 20.747759296609704], [84.6940633020726, 20.747759296609704], [84.6940633020726, 20.747849128138117], [84.6939734705442, 20.747849128138117], [84.6939734705442, 20.74793895966653], [84.69388363901578, 20.74793895966653], [84.69388363901578, 20.74802879119494], [84.6939734705442, 20.74802879119494], [84.6939734705442, 20.748208454251763], [84.69343448137371, 20.748208454251763], [84.69343448137371, 20.74838811730859], [84.69325481831689, 20.74838811730859], [84.69325481831689, 20.748567780365413], [84.69316498678847, 20.748567780365413], [84.69316498678847, 20.748477948837], [84.69307515526008, 20.748477948837], [84.69307515526008, 20.748567780365413], [84.69298532373166, 20.748567780365413], [84.69298532373166, 20.748657611893826], [84.69280566067484, 20.748657611893826], [84.69280566067484, 20.748747443422236], [84.69271582914642, 20.748747443422236], [84.69271582914642, 20.74883727495065], [84.69235650303277, 20.74883727495065], [84.69235650303277, 20.749016938007472], [84.69199717691913, 20.749016938007472], [84.69199717691913, 20.748927106479062], [84.69208700844754, 20.748927106479062], [84.69208700844754, 20.748747443422236], [84.69217683997594, 20.748747443422236], [84.69217683997594, 20.748657611893826], [84.69172768233389, 20.748657611893826], [84.69172768233389, 20.748567780365413], [84.69163785080548, 20.748567780365413], [84.69163785080548, 20.748477948837], [84.6918175138623, 20.748477948837], [84.6918175138623, 20.748298285780177], [84.69154801927706, 20.748298285780177], [84.69154801927706, 20.74802879119494], [84.69145818774865, 20.74802879119494], [84.69145818774865, 20.747849128138117], [84.69172768233389, 20.747849128138117], [84.69172768233389, 20.74802879119494], [84.69190734539072, 20.74802879119494], [84.69190734539072, 20.74757963355288], [84.69208700844754, 20.74757963355288], [84.69208700844754, 20.747669465081295], [84.69226667150436, 20.747669465081295], [84.69226667150436, 20.747759296609704], [84.69244633456118, 20.747759296609704], [84.69244633456118, 20.747849128138117], [84.6925361660896, 20.747849128138117], [84.6925361660896, 20.747759296609704], [84.69271582914642, 20.747759296609704], [84.69271582914642, 20.74757963355288], [84.69280566067484, 20.74757963355288], [84.69280566067484, 20.747489802024468], [84.69289549220325, 20.747489802024468], [84.69289549220325, 20.74739997049606], [84.69262599761801, 20.74739997049606], [84.69262599761801, 20.747489802024468], [84.6925361660896, 20.747489802024468], [84.6925361660896, 20.74739997049606], [84.69244633456118, 20.74739997049606], [84.69244633456118, 20.747220307439232], [84.69226667150436, 20.747220307439232], [84.69226667150436, 20.747130475910822], [84.69235650303277, 20.747130475910822], [84.69235650303277, 20.746950812854], [84.69226667150436, 20.746950812854], [84.69226667150436, 20.74704064438241], [84.69217683997594, 20.74704064438241], [84.69217683997594, 20.746860981325586], [84.69208700844754, 20.746860981325586], [84.69208700844754, 20.74659148674035], [84.69217683997594, 20.74659148674035], [84.69217683997594, 20.746501655211937], [84.69208700844754, 20.746501655211937], [84.69208700844754, 20.746321992155114], [84.69190734539072, 20.746321992155114], [84.69190734539072, 20.74614232909829], [84.69208700844754, 20.74614232909829], [84.69208700844754, 20.746052497569877], [84.69217683997594, 20.746052497569877], [84.69217683997594, 20.745962666041468], [84.69208700844754, 20.745962666041468], [84.69208700844754, 20.745872834513055], [84.69217683997594, 20.745872834513055], [84.69217683997594, 20.74569317145623], [84.69235650303277, 20.74569317145623], [84.69235650303277, 20.74560333992782], [84.69244633456118, 20.74560333992782], [84.69244633456118, 20.745513508399405], [84.69262599761801, 20.745513508399405], [84.69262599761801, 20.74560333992782], [84.69271582914642, 20.74560333992782], [84.69271582914642, 20.745423676870995], [84.69244633456118, 20.745423676870995], [84.69244633456118, 20.745333845342582], [84.69226667150436, 20.745333845342582], [84.69226667150436, 20.745064350757346], [84.69235650303277, 20.745064350757346], [84.69235650303277, 20.744974519228936], [84.69271582914642, 20.744974519228936], [84.69271582914642, 20.744884687700523], [84.6925361660896, 20.744884687700523], [84.6925361660896, 20.7447050246437], [84.69271582914642, 20.7447050246437], [84.69271582914642, 20.744884687700523], [84.69289549220325, 20.744884687700523], [84.69289549220325, 20.745064350757346], [84.69298532373166, 20.745064350757346], [84.69298532373166, 20.74479485617211], [84.69289549220325, 20.74479485617211], [84.69289549220325, 20.7447050246437], [84.69280566067484, 20.7447050246437], [84.69280566067484, 20.744525361586874], [84.69307515526008, 20.744525361586874], [84.69307515526008, 20.744255867001637], [84.69316498678847, 20.744255867001637], [84.69316498678847, 20.744166035473228], [84.69352431290213, 20.744166035473228], [84.69352431290213, 20.744076203944815], [84.69343448137371, 20.744076203944815], [84.69343448137371, 20.743986372416405], [84.69370397595895, 20.743986372416405], [84.69370397595895, 20.74389654088799], [84.69379380748737, 20.74389654088799], [84.69379380748737, 20.74380670935958], [84.6939734705442, 20.74380670935958], [84.6939734705442, 20.74371687783117], [84.6940633020726, 20.74371687783117], [84.6940633020726, 20.743627046302755], [84.694153133601, 20.743627046302755], [84.694153133601, 20.743447383245933], [84.6940633020726, 20.743447383245933], [84.6940633020726, 20.743537214774342], [84.6939734705442, 20.743537214774342], [84.6939734705442, 20.743267720189106], [84.6940633020726, 20.743267720189106], [84.6940633020726, 20.743177888660696], [84.694153133601, 20.743177888660696], [84.694153133601, 20.743447383245933], [84.69424296512942, 20.743447383245933], [84.69424296512942, 20.74335755171752], [84.69433279665783, 20.74335755171752], [84.69433279665783, 20.743537214774342], [84.69442262818625, 20.743537214774342], [84.69442262818625, 20.743447383245933], [84.69469212277149, 20.743447383245933], [84.69469212277149, 20.743537214774342], [84.6947819542999, 20.743537214774342], [84.6947819542999, 20.743267720189106], [84.69487178582831, 20.743267720189106], [84.69487178582831, 20.74290839407546], [84.6947819542999, 20.74290839407546], [84.6947819542999, 20.742818562547047], [84.69487178582831, 20.742818562547047], [84.69487178582831, 20.74290839407546], [84.69523111194195, 20.74290839407546], [84.69523111194195, 20.742638899490224], [84.69532094347036, 20.742638899490224], [84.69532094347036, 20.74254906796181], [84.69523111194195, 20.74254906796181], [84.69523111194195, 20.7424592364334], [84.69532094347036, 20.7424592364334], [84.69532094347036, 20.742369404904988], [84.69541077499878, 20.742369404904988], [84.69541077499878, 20.742189741848165], [84.69550060652719, 20.742189741848165], [84.69550060652719, 20.74209991031975], [84.69532094347036, 20.74209991031975], [84.69532094347036, 20.74192024726293], [84.69514128041354, 20.74192024726293], [84.69514128041354, 20.742010078791342], [84.69505144888514, 20.742010078791342], [84.69505144888514, 20.74209991031975], [84.69514128041354, 20.74209991031975], [84.69514128041354, 20.742279573376575], [84.69496161735673, 20.742279573376575], [84.69496161735673, 20.74209991031975], [84.69487178582831, 20.74209991031975], [84.69487178582831, 20.742189741848165], [84.6947819542999, 20.742189741848165], [84.6947819542999, 20.742279573376575], [84.69451245971466, 20.742279573376575], [84.69451245971466, 20.742369404904988], [84.69424296512942, 20.742369404904988], [84.69424296512942, 20.742279573376575], [84.694153133601, 20.742279573376575], [84.694153133601, 20.742189741848165], [84.69424296512942, 20.742189741848165], [84.69424296512942, 20.74209991031975], [84.694153133601, 20.74209991031975], [84.694153133601, 20.74192024726293], [84.6940633020726, 20.74192024726293], [84.6940633020726, 20.741830415734515], [84.6939734705442, 20.741830415734515], [84.6939734705442, 20.74192024726293], [84.69388363901578, 20.74192024726293], [84.69388363901578, 20.741830415734515], [84.69379380748737, 20.741830415734515], [84.69379380748737, 20.741740584206106], [84.69370397595895, 20.741740584206106], [84.69370397595895, 20.741650752677693], [84.69388363901578, 20.741650752677693], [84.69388363901578, 20.741291426564043], [84.6940633020726, 20.741291426564043], [84.6940633020726, 20.74111176350722], [84.694153133601, 20.74111176350722], [84.694153133601, 20.740932100450397], [84.69388363901578, 20.740932100450397], [84.69388363901578, 20.740842268921984], [84.6939734705442, 20.740842268921984], [84.6939734705442, 20.740752437393574], [84.6940633020726, 20.740752437393574], [84.6940633020726, 20.74066260586516], [84.69424296512942, 20.74066260586516], [84.69424296512942, 20.740572774336748], [84.69433279665783, 20.740572774336748], [84.69433279665783, 20.740482942808338], [84.69442262818625, 20.740482942808338], [84.69442262818625, 20.740393111279925], [84.69460229124307, 20.740393111279925], [84.69460229124307, 20.74030327975151], [84.69469212277149, 20.74030327975151], [84.69469212277149, 20.740213448223102], [84.69487178582831, 20.740213448223102], [84.69487178582831, 20.74012361669469], [84.69505144888514, 20.74012361669469], [84.69505144888514, 20.740033785166275], [84.69523111194195, 20.740033785166275], [84.69523111194195, 20.739943953637866], [84.69550060652719, 20.739943953637866], [84.69550060652719, 20.739854122109453], [84.69585993264084, 20.739854122109453], [84.69585993264084, 20.739764290581043], [84.69612942722607, 20.739764290581043], [84.69612942722607, 20.73967445905263], [84.69639892181131, 20.73967445905263], [84.69639892181131, 20.739764290581043], [84.69657858486813, 20.739764290581043], [84.69657858486813, 20.73967445905263], [84.69666841639655, 20.73967445905263], [84.69666841639655, 20.739764290581043], [84.69693791098179, 20.739764290581043], [84.69693791098179, 20.739854122109453], [84.6970277425102, 20.739854122109453], [84.6970277425102, 20.739943953637866], [84.69720740556701, 20.739943953637866], [84.69720740556701, 20.739854122109453], [84.69729723709543, 20.739854122109453], [84.69729723709543, 20.739764290581043], [84.69747690015225, 20.739764290581043], [84.69747690015225, 20.739854122109453], [84.69774639473749, 20.739854122109453], [84.69774639473749, 20.739943953637866], [84.6978362262659, 20.739943953637866], [84.6978362262659, 20.740033785166275], [84.69810572085113, 20.740033785166275], [84.69810572085113, 20.739943953637866], [84.69819555237954, 20.739943953637866], [84.69819555237954, 20.739764290581043], [84.69828538390796, 20.739764290581043], [84.69828538390796, 20.73967445905263], [84.69837521543637, 20.73967445905263], [84.69837521543637, 20.739584627524216], [84.69846504696478, 20.739584627524216], [84.69846504696478, 20.73967445905263], [84.69873454155002, 20.73967445905263], [84.69873454155002, 20.739764290581043], [84.69882437307844, 20.739764290581043], [84.69882437307844, 20.73967445905263], [84.69900403613526, 20.73967445905263], [84.69900403613526, 20.739494795995807], [84.69882437307844, 20.739494795995807], [84.69882437307844, 20.739404964467393], [84.69873454155002, 20.739404964467393], [84.69873454155002, 20.73931513293898], [84.69882437307844, 20.73931513293898], [84.69882437307844, 20.73922530141057]], [[84.69190734539072, 20.748208454251763], [84.6918175138623, 20.748208454251763], [84.6918175138623, 20.748298285780177], [84.69190734539072, 20.748298285780177], [84.69190734539072, 20.748208454251763]], [[84.69262599761801, 20.747310138967645], [84.6925361660896, 20.747310138967645], [84.6925361660896, 20.74739997049606], [84.69262599761801, 20.74739997049606], [84.69262599761801, 20.747310138967645]], [[84.69235650303277, 20.74659148674035], [84.69217683997594, 20.74659148674035], [84.69217683997594, 20.746681318268763], [84.69226667150436, 20.746681318268763], [84.69226667150436, 20.746860981325586], [84.69244633456118, 20.746860981325586], [84.69244633456118, 20.746681318268763], [84.69235650303277, 20.746681318268763], [84.69235650303277, 20.74659148674035]], [[84.69657858486813, 20.74578300298464], [84.69648875333972, 20.74578300298464], [84.69648875333972, 20.745872834513055], [84.69657858486813, 20.745872834513055], [84.69657858486813, 20.74578300298464]], [[84.69469212277149, 20.744435530058464], [84.69451245971466, 20.744435530058464], [84.69451245971466, 20.744525361586874], [84.69469212277149, 20.744525361586874], [84.69469212277149, 20.744435530058464]]]}, "id": "+669+1020", "properties": {"area_ha": 45.4972647112977, "centroid_lat": 20.743494264426083, "centroid_lon": 84.69602427647223, "cluster_id": 4, "n_pixels": 4550, "perim_m": 7010.310735795053, "profile_annual_rainfall_p50": 1349.2374738878182, "profile_aspect_cos_p50": 0.6819983600624965, "profile_aspect_sin_p50": 0.6517704480800552, "profile_canopy_height_max_p50": 22.999999999999986, "profile_canopy_height_p50": 21.999999999999996, "profile_canopy_height_std_p50": 0.4714045207910385, "profile_distance_to_water_p50": 463409.50001051987, "profile_elevation_p50": 346, "profile_ndvi_amplitude_annual_p50": 0.13527438595339727, "profile_ndvi_mean_p50": 0.7002102296727223, "profile_ndvi_phase_annual_cos_p50": -0.9492631758575721, "profile_ndvi_phase_annual_sin_p50": 0.3162783246184241, "profile_ndvi_residual_variance_p50": 0.011167300924795252, "profile_ndvi_trend_p50": 0.0012204209171082126, "profile_slope_p50": 16, "profile_vh_iqr_p50": 3.2161500533375373, "profile_vh_p10_p50": -17.56163370521746, "profile_vh_p50_p50": -15.686565273329682, "profile_vh_p90_p50": -14.155479243244207, "profile_vv_iqr_p50": 2.904943508541496, "profile_vv_minus_vh_median_p50": 5.9696356638838735, "profile_vv_p10_p50": -11.307100791208024, "profile_vv_p50_p50": -9.813717132904792, "profile_vv_p90_p50": -8.314149990034547, "unit_id": 81}}, {"type": "Feature", "geometry": {"type": "Polygon", "coordinates": [[[84.70133965587397, 20.74156092114928], [84.70142948740238, 20.74156092114928], [84.70142948740238, 20.741830415734515], [84.70151931893079, 20.741830415734515], [84.70151931893079, 20.742010078791342], [84.70142948740238, 20.742010078791342], [84.70142948740238, 20.74254906796181], [84.70133965587397, 20.74254906796181], [84.70133965587397, 20.742818562547047], [84.70115999281714, 20.742818562547047], [84.70115999281714, 20.743177888660696], [84.70107016128873, 20.743177888660696], [84.70107016128873, 20.74335755171752], [84.70098032976033, 20.74335755171752], [84.70098032976033, 20.743447383245933], [84.70089049823191, 20.743447383245933], [84.70089049823191, 20.743537214774342], [84.7008006667035, 20.743537214774342], [84.7008006667035, 20.74371687783117], [84.70071083517509, 20.74371687783117], [84.70071083517509, 20.74380670935958], [84.70062100364667, 20.74380670935958], [84.70062100364667, 20.74389654088799], [84.70053117211826, 20.74389654088799], [84.70053117211826, 20.743986372416405], [84.70044134058985, 20.743986372416405], [84.70044134058985, 20.744076203944815], [84.70035150906143, 20.744076203944815], [84.70035150906143, 20.744166035473228], [84.70026167753302, 20.744166035473228], [84.70026167753302, 20.744255867001637], [84.70017184600461, 20.744255867001637], [84.70017184600461, 20.74434569853005], [84.7000820144762, 20.74434569853005], [84.7000820144762, 20.744435530058464], [84.6999921829478, 20.744435530058464], [84.6999921829478, 20.744525361586874], [84.69990235141938, 20.744525361586874], [84.69990235141938, 20.744615193115287], [84.69963285683414, 20.744615193115287], [84.69963285683414, 20.74479485617211], [84.69954302530573, 20.74479485617211], [84.69954302530573, 20.744615193115287], [84.69963285683414, 20.744615193115287], [84.69963285683414, 20.744435530058464], [84.69972268836256, 20.744435530058464], [84.69972268836256, 20.744255867001637], [84.69981251989097, 20.744255867001637], [84.69981251989097, 20.744166035473228], [84.69963285683414, 20.744166035473228], [84.69963285683414, 20.744076203944815], [84.69945319377732, 20.744076203944815], [84.69945319377732, 20.744255867001637], [84.69954302530573, 20.744255867001637], [84.69954302530573, 20.74434569853005], [84.69945319377732, 20.74434569853005], [84.69945319377732, 20.744435530058464], [84.6993633622489, 20.744435530058464], [84.6993633622489, 20.744525361586874], [84.69918369919208, 20.744525361586874], [84.69918369919208, 20.7447050246437], [84.69909386766366, 20.7447050246437], [84.69909386766366, 20.744525361586874], [84.69900403613526, 20.744525361586874], [84.69900403613526, 20.744435530058464], [84.69909386766366, 20.744435530058464], [84.69909386766366, 20.744255867001637], [84.69900403613526, 20.744255867001637], [84.69900403613526, 20.744166035473228], [84.69927353072049, 20.744166035473228], [84.69927353072049, 20.743986372416405], [84.6985548784932, 20.743986372416405], [84.6985548784932, 20.74380670935958], [84.69864471002161, 20.74380670935958], [84.69864471002161, 20.74371687783117], [84.69873454155002, 20.74371687783117], [84.69873454155002, 20.743627046302755], [84.69900403613526, 20.743627046302755], [84.69900403613526, 20.743537214774342], [84.69918369919208, 20.743537214774342], [84.69918369919208, 20.74335755171752], [84.69927353072049, 20.74335755171752], [84.69927353072049, 20.743267720189106], [84.69918369919208, 20.743267720189106], [84.69918369919208, 20.743177888660696], [84.6993633622489, 20.743177888660696], [84.6993633622489, 20.743088057132283], [84.69945319377732, 20.743088057132283], [84.69945319377732, 20.742998225603873], [84.69954302530573, 20.742998225603873], [84.69954302530573, 20.74290839407546], [84.69963285683414, 20.74290839407546], [84.69963285683414, 20.742998225603873], [84.69990235141938, 20.742998225603873], [84.69990235141938, 20.743177888660696], [84.7000820144762, 20.743177888660696], [84.7000820144762, 20.74290839407546], [84.70017184600461, 20.74290839407546], [84.70017184600461, 20.742998225603873], [84.70044134058985, 20.742998225603873], [84.70044134058985, 20.74290839407546], [84.70026167753302, 20.74290839407546], [84.70026167753302, 20.742728731018637], [84.70044134058985, 20.742728731018637], [84.70044134058985, 20.742638899490224], [84.70053117211826, 20.742638899490224], [84.70053117211826, 20.7424592364334], [84.70044134058985, 20.7424592364334], [84.70044134058985, 20.74254906796181], [84.70035150906143, 20.74254906796181], [84.70035150906143, 20.742638899490224], [84.70017184600461, 20.742638899490224], [84.70017184600461, 20.7424592364334], [84.7000820144762, 20.7424592364334], [84.7000820144762, 20.742189741848165], [84.70026167753302, 20.742189741848165], [84.70026167753302, 20.74209991031975], [84.70035150906143, 20.74209991031975], [84.70035150906143, 20.74192024726293], [84.70026167753302, 20.74192024726293], [84.70026167753302, 20.741740584206106], [84.70035150906143, 20.741740584206106], [84.70035150906143, 20.741830415734515], [84.70053117211826, 20.741830415734515], [84.70053117211826, 20.74192024726293], [84.70044134058985, 20.74192024726293], [84.70044134058985, 20.742279573376575], [84.70062100364667, 20.742279573376575], [84.70062100364667, 20.742189741848165], [84.70053117211826, 20.742189741848165], [84.70053117211826, 20.74209991031975], [84.7008006667035, 20.74209991031975], [84.7008006667035, 20.742010078791342], [84.70098032976033, 20.742010078791342], [84.70098032976033, 20.74192024726293], [84.70124982434555, 20.74192024726293], [84.70124982434555, 20.741830415734515], [84.70133965587397, 20.741830415734515], [84.70133965587397, 20.74156092114928]], [[84.70098032976033, 20.742998225603873], [84.7008006667035, 20.742998225603873], [84.7008006667035, 20.743088057132283], [84.70089049823191, 20.743088057132283], [84.70089049823191, 20.743177888660696], [84.70098032976033, 20.743177888660696], [84.70098032976033, 20.742998225603873]]]}, "id": "+692+994", "properties": {"area_ha": 4.058929604676607, "centroid_lat": 20.74326616945427, "centroid_lon": 84.70018909406171, "cluster_id": 3, "n_pixels": 406, "perim_m": 2144.2096335745546, "profile_annual_rainfall_p50": 1440.3388063930063, "profile_aspect_cos_p50": 0.48480962024633784, "profile_aspect_sin_p50": -0.25881904510252196, "profile_canopy_height_max_p50": 22.999999999999996, "profile_canopy_height_p50": 23.00000000000001, "profile_canopy_height_std_p50": 0.4714045207910619, "profile_distance_to_water_p50": 463409.50001051987, "profile_elevation_p50": 298.4744523964432, "profile_ndvi_amplitude_annual_p50": 0.1884337250973825, "profile_ndvi_mean_p50": 0.7002127628517398, "profile_ndvi_phase_annual_cos_p50": -0.9931870121433142, "profile_ndvi_phase_annual_sin_p50": 0.0898867809311113, "profile_ndvi_residual_variance_p50": 0.01263375671492384, "profile_ndvi_trend_p50": -0.008058781396729631, "profile_slope_p50": 6.999999999999996, "profile_vh_iqr_p50": 3.0932676732942106, "profile_vh_p10_p50": -15.564209668785168, "profile_vh_p50_p50": -13.937162022523776, "profile_vh_p90_p50": -12.312136600672632, "profile_vv_iqr_p50": 2.907736989783209, "profile_vv_minus_vh_median_p50": 6.282849576801798, "profile_vv_p10_p50": -9.186273520606147, "profile_vv_p50_p50": -7.595373323243498, "profile_vv_p90_p50": -6.0950475707483305, "unit_id": 82}}, {"type": "Feature", "geometry": {"type": "Polygon", "coordinates": [[[84.70017184600461, 20.739764290581043], [84.70044134058985, 20.739764290581043], [84.70044134058985, 20.739854122109453], [84.70053117211826, 20.739854122109453], [84.70053117211826, 20.739943953637866], [84.70062100364667, 20.739943953637866], [84.70062100364667, 20.740033785166275], [84.70071083517509, 20.740033785166275], [84.70071083517509, 20.74012361669469], [84.7008006667035, 20.74012361669469], [84.7008006667035, 20.740213448223102], [84.70089049823191, 20.740213448223102], [84.70089049823191, 20.74030327975151], [84.70098032976033, 20.74030327975151], [84.70098032976033, 20.740393111279925], [84.70107016128873, 20.740393111279925], [84.70107016128873, 20.740572774336748], [84.70115999281714, 20.740572774336748], [84.70115999281714, 20.740752437393574], [84.70124982434555, 20.740752437393574], [84.70124982434555, 20.740932100450397], [84.70133965587397, 20.740932100450397], [84.70133965587397, 20.741021931978807], [84.70115999281714, 20.741021931978807], [84.70115999281714, 20.740932100450397], [84.70107016128873, 20.740932100450397], [84.70107016128873, 20.740842268921984], [84.70044134058985, 20.740842268921984], [84.70044134058985, 20.741021931978807], [84.70026167753302, 20.741021931978807], [84.70026167753302, 20.74156092114928], [84.69981251989097, 20.74156092114928], [84.69981251989097, 20.741381258092456], [84.69963285683414, 20.741381258092456], [84.69963285683414, 20.741291426564043], [84.69981251989097, 20.741291426564043], [84.69981251989097, 20.741021931978807], [84.69972268836256, 20.741021931978807], [84.69972268836256, 20.740842268921984], [84.69981251989097, 20.740842268921984], [84.69981251989097, 20.740752437393574], [84.69990235141938, 20.740752437393574], [84.69990235141938, 20.74066260586516], [84.69972268836256, 20.74066260586516], [84.69972268836256, 20.740752437393574], [84.69963285683414, 20.740752437393574], [84.69963285683414, 20.740482942808338], [84.69990235141938, 20.740482942808338], [84.69990235141938, 20.740393111279925], [84.7000820144762, 20.740393111279925], [84.7000820144762, 20.740482942808338], [84.70026167753302, 20.740482942808338], [84.70026167753302, 20.740393111279925], [84.70035150906143, 20.740393111279925], [84.70035150906143, 20.74030327975151], [84.70026167753302, 20.74030327975151], [84.70026167753302, 20.739943953637866], [84.70017184600461, 20.739943953637866], [84.70017184600461, 20.739764290581043]]]}, "id": "+681+1014", "properties": {"area_ha": 1.5209582907262793, "centroid_lat": 20.740686027526795, "centroid_lon": 84.70036225658339, "cluster_id": 3, "n_pixels": 152, "perim_m": 945.179779542633, "profile_annual_rainfall_p50": 1440.3388063930063, "profile_aspect_cos_p50": 0.48480962024633784, "profile_aspect_sin_p50": -0.25881904510252196, "profile_canopy_height_max_p50": 22.999999999999996, "profile_canopy_height_p50": 23.00000000000001, "profile_canopy_height_std_p50": 0.4714045207910619, "profile_distance_to_water_p50": 463409.50001051987, "profile_elevation_p50": 298.4744523964432, "profile_ndvi_amplitude_annual_p50": 0.1884337250973825, "profile_ndvi_mean_p50": 0.7002127628517398, "profile_ndvi_phase_annual_cos_p50": -0.9931870121433142, "profile_ndvi_phase_annual_sin_p50": 0.0898867809311113, "profile_ndvi_residual_variance_p50": 0.01263375671492384, "profile_ndvi_trend_p50": -0.008058781396729631, "profile_slope_p50": 6.999999999999996, "profile_vh_iqr_p50": 3.0932676732942106, "profile_vh_p10_p50": -15.564209668785168, "profile_vh_p50_p50": -13.937162022523776, "profile_vh_p90_p50": -12.312136600672632, "profile_vv_iqr_p50": 2.907736989783209, "profile_vv_minus_vh_median_p50": 6.282849576801798, "profile_vv_p10_p50": -9.186273520606147, "profile_vv_p50_p50": -7.595373323243498, "profile_vv_p90_p50": -6.0950475707483305, "unit_id": 83}}, {"type": "Feature", "geometry": {"type": "Polygon", "coordinates": [[[84.6985548784932, 20.739135469882157], [84.69873454155002, 20.739135469882157], [84.69873454155002, 20.73922530141057], [84.69882437307844, 20.73922530141057], [84.69882437307844, 20.73931513293898], [84.69873454155002, 20.73931513293898], [84.69873454155002, 20.739404964467393], [84.69882437307844, 20.739404964467393], [84.69882437307844, 20.739494795995807], [84.69900403613526, 20.739494795995807], [84.69900403613526, 20.73967445905263], [84.69882437307844, 20.73967445905263], [84.69882437307844, 20.739764290581043], [84.69873454155002, 20.739764290581043], [84.69873454155002, 20.73967445905263], [84.69846504696478, 20.73967445905263], [84.69846504696478, 20.739584627524216], [84.69837521543637, 20.739584627524216], [84.69837521543637, 20.73967445905263], [84.69828538390796, 20.73967445905263], [84.69828538390796, 20.739764290581043], [84.69819555237954, 20.739764290581043], [84.69819555237954, 20.739943953637866], [84.69810572085113, 20.739943953637866], [84.69810572085113, 20.740033785166275], [84.6978362262659, 20.740033785166275], [84.6978362262659, 20.739943953637866], [84.69774639473749, 20.739943953637866], [84.69774639473749, 20.739854122109453], [84.69747690015225, 20.739854122109453], [84.69747690015225, 20.739764290581043], [84.69729723709543, 20.739764290581043], [84.69729723709543, 20.739854122109453], [84.69720740556701, 20.739854122109453], [84.69720740556701, 20.739943953637866], [84.6970277425102, 20.739943953637866], [84.6970277425102, 20.739854122109453], [84.69693791098179, 20.739854122109453], [84.69693791098179, 20.739764290581043], [84.69666841639655, 20.739764290581043], [84.69666841639655, 20.73967445905263], [84.69657858486813, 20.73967445905263], [84.69657858486813, 20.739764290581043], [84.69639892181131, 20.739764290581043], [84.69639892181131, 20.73967445905263], [84.69648875333972, 20.73967445905263], [84.69648875333972, 20.739584627524216], [84.69684807945337, 20.739584627524216], [84.69684807945337, 20.739494795995807], [84.69720740556701, 20.739494795995807], [84.69720740556701, 20.739404964467393], [84.69747690015225, 20.739404964467393], [84.69747690015225, 20.73931513293898], [84.6978362262659, 20.73931513293898], [84.6978362262659, 20.73922530141057], [84.6985548784932, 20.73922530141057], [84.6985548784932, 20.739135469882157]]]}, "id": "+662+1021", "properties": {"area_ha": 1.2970226152801838, "centroid_lat": 20.73957913500597, "centroid_lon": 84.69784818266831, "cluster_id": 3, "n_pixels": 130, "perim_m": 859.722416211344, "profile_annual_rainfall_p50": 1440.3388063930063, "profile_aspect_cos_p50": 0.48480962024633784, "profile_aspect_sin_p50": -0.25881904510252196, "profile_canopy_height_max_p50": 22.999999999999996, "profile_canopy_height_p50": 23.00000000000001, "profile_canopy_height_std_p50": 0.4714045207910619, "profile_distance_to_water_p50": 463409.50001051987, "profile_elevation_p50": 298.4744523964432, "profile_ndvi_amplitude_annual_p50": 0.1884337250973825, "profile_ndvi_mean_p50": 0.7002127628517398, "profile_ndvi_phase_annual_cos_p50": -0.9931870121433142, "profile_ndvi_phase_annual_sin_p50": 0.0898867809311113, "profile_ndvi_residual_variance_p50": 0.01263375671492384, "profile_ndvi_trend_p50": -0.008058781396729631, "profile_slope_p50": 6.999999999999996, "profile_vh_iqr_p50": 3.0932676732942106, "profile_vh_p10_p50": -15.564209668785168, "profile_vh_p50_p50": -13.937162022523776, "profile_vh_p90_p50": -12.312136600672632, "profile_vv_iqr_p50": 2.907736989783209, "profile_vv_minus_vh_median_p50": 6.282849576801798, "profile_vv_p10_p50": -9.186273520606147, "profile_vv_p50_p50": -7.595373323243498, "profile_vv_p90_p50": -6.0950475707483305, "unit_id": 84}}]}