{"type": "FeatureCollection", "columns": {}, "features": [{"type": "Feature", "geometry": {"type": "Polygon", "coordinates": [[[85.40549470670481, 21.61707779693155], [85.40549569718725, 21.616987482226296], [85.40559228193555, 21.616988408380372], [85.40559723397043, 21.61653683481817], [85.40579040289211, 21.616538686910722], [85.40579139315895, 21.616448372187502], [85.40598456198182, 21.616450224046496], [85.40598357183177, 21.616540538778697], [85.40617674079839, 21.616542390422094], [85.40617476072285, 21.616723019904466], [85.40636792994098, 21.61672487134125], [85.40636595009003, 21.616905500823623], [85.40733179771684, 21.616914754737675], [85.40733278704943, 21.61682443995157], [85.4075259565191, 21.616826290049868], [85.40752694572592, 21.61673597525478], [85.40772011509677, 21.616737825119515], [85.40772110417784, 21.616647510315445], [85.40781768880936, 21.61664843515798], [85.40781867782754, 21.616558120344926], [85.40801184698279, 21.616559969859317], [85.40801283587521, 21.61646965503728], [85.40820600494062, 21.61647150431811], [85.40820798247393, 21.616290874656073], [85.408111398058, 21.616289950056085], [85.40811238687854, 21.616199635225065], [85.40791921818143, 21.616197785863392], [85.40792119603813, 21.61601715621932], [85.40782461181982, 21.616016231457635], [85.40782560080207, 21.6159259166356], [85.40772901665564, 21.615924991828997], [85.40773000569177, 21.615834677006962], [85.40753683751569, 21.61583282723206], [85.40753881581256, 21.615652197614942], [85.40734564790596, 21.615650347624445], [85.40734960491292, 21.615289088408172], [85.40744618862817, 21.615290013412405], [85.40744816697894, 21.615109383795282], [85.40773791779229, 21.61511215844865], [85.40773890678352, 21.615021843626618], [85.40783549033706, 21.615022768397285], [85.40783450139973, 21.615113083228305], [85.40831741954477, 21.615117706246217], [85.40831643091286, 21.6152080210952], [85.40841301461913, 21.615208945542477], [85.40840807166623, 21.615660519796382], [85.40850465567792, 21.61566144419874], [85.40850267857581, 21.615842073896708], [85.40859926271327, 21.615842998263137], [85.4085982742161, 21.61593331311212], [85.40869485841644, 21.615934237415665], [85.40869386997319, 21.616024552273633], [85.40908020706199, 21.616028248957807], [85.40908218345443, 21.615847619214925], [85.40927535179222, 21.615849467202178], [85.40927337563333, 21.61603009697201], [85.40975629716502, 21.616034716001405], [85.4097533337846, 21.616305660710054], [85.40965674928782, 21.616304736999396], [85.40965576142847, 21.616395051893296], [85.40955917687779, 21.61639412812874], [85.40955818894658, 21.616484443013658], [85.409461604342, 21.616483519186218], [85.4094596283448, 21.616664148956055], [85.40936304363244, 21.616663225065732], [85.40936205556648, 21.616753539941666], [85.40926547079121, 21.616752615988464], [85.40926448266237, 21.616842930864397], [85.40916789783321, 21.616842006848312], [85.40916690964148, 21.616932321715264], [85.40907032474945, 21.61693139764528], [85.40906933649484, 21.61702171250325], [85.40887616662093, 21.617019864183618], [85.40887517824055, 21.617110179032604], [85.4087785932497, 21.617109254782957], [85.40877760479746, 21.61719956963194], [85.40858443471694, 21.617197720952984], [85.40858344614792, 21.617288035792985], [85.4083902759596, 21.61728618688047], [85.40838928726481, 21.617376501711487], [85.40809953185209, 21.61737372791152], [85.40809854296866, 21.617464042733552], [85.40771220225066, 21.617460343534095], [85.4077112131157, 21.61755065832918], [85.40664877590766, 21.617540480866168], [85.40664976569838, 21.617450166116], [85.4062634252948, 21.61744646354786], [85.4062644153101, 21.617356148815656], [85.40607124526551, 21.61735429720819], [85.4060722353976, 21.61726398247599], [85.40587906548777, 21.61726213065293], [85.40588005573663, 21.617171815938693], [85.40568688597052, 21.61716996390004], [85.40568787633617, 21.6170796491858], [85.40549470670481, 21.61707779693155]]]}, "id": "+240+508", "properties": {"A00": -0.014354667830975689, "A01": -0.020593763658162414, "A02": 0.1961572072682835, "A03": -0.052158114014117456, "A04": -0.09075287233786376, "A05": 0.06943679953009962, "A06": -0.05883567985815708, "A07": 0.03342315221369753, "A08": -0.026016018216671086, "A09": -0.03669527313952347, "A10": 0.139045457715908, "A11": -0.044086945668178494, "A12": -0.33143101814820364, "A13": 0.025469514245381446, "A14": 0.060374274626078216, "A15": 0.09999595988367184, "A16": -0.04301234674368254, "A17": 0.026038803029314866, "A18": -0.16659925123714822, "A19": -0.08664770069298011, "A20": -0.2287169026263139, "A21": 0.3022375516305383, "A22": 0.2174801007475418, "A23": -0.003124186484629258, "A24": -0.01680629418490938, "A25": 0.004843710284210162, "A26": 0.10358032506190924, "A27": -0.055689180905917415, "A28": -0.05605200177917144, "A29": 0.19018788970984563, "A30": 0.09278315770862429, "A31": 0.14393881950956508, "A32": 0.016117646298710465, "A33": -0.0645888141855103, "A34": 0.01905916224809657, "A35": -0.0007310225795091647, "A36": -0.2198455837134849, "A37": 0.08477980703791708, "A38": 0.13415485014218462, "A39": -0.032051530263352425, "A40": 0.05604821273050561, "A41": 0.004472048834856215, "A42": -0.23669002252388013, "A43": 0.22497931085374076, "A44": 0.02047967098803634, "A45": 0.06268276530944673, "A46": 0.04184429406259256, "A47": 0.016868661772390527, "A48": -0.18287262259894044, "A49": -0.0824235024761203, "A50": 0.03991006771690266, "A51": 0.10305419327355256, "A52": -0.026025618138086116, "A53": -0.02605727861487921, "A54": 0.20410118059040142, "A55": -0.07571357831003277, "A56": 0.0172793617095303, "A57": -0.023392964244905275, "A58": -0.09115643535038992, "A59": -0.24734151596627862, "A60": -0.04702649231038681, "A61": -0.03943482672947263, "A62": 0.16091377480771638, "A63": 0.01712236050100036, "area_ha": 4.9237223532531615, "centroid_lat": 21.61655792414304, "centroid_lon": 85.4078270420387, "cluster_id": 3, "n_pixels": 492, "perim_m": 1760.1127839837905, "stand_id": 1, "stand_lbl": 118}}, {"type": "Feature", "geometry": {"type": "Polygon", "coordinates": [[[85.40473094685113, 21.61625755359097], [85.40473292866939, 21.61607692423436], [85.4048295127799, 21.616077850792678], [85.40483050363063, 21.61598753610539], [85.40492708768724, 21.615988462600825], [85.40492807846613, 21.615898147913537], [85.40502466246883, 21.61589907434609], [85.40502763459884, 21.615628130257278], [85.40512421842189, 21.615629056626947], [85.40512619969218, 21.61544842721644], [85.40531936713165, 21.615450279767135], [85.40532035764103, 21.6153599650529], [85.40541694130238, 21.615360891242904], [85.40541595085588, 21.615451205957143], [85.40560911831332, 21.61545305817546], [85.4056011954959, 21.616175575952237], [85.4056977797232, 21.616176502007498], [85.40569579908173, 21.616357131453938], [85.40579238342579, 21.616358057464282], [85.40579040289211, 21.616538686910722], [85.40559723397043, 21.61653683481817], [85.40559228193555, 21.616988408380372], [85.40539911243894, 21.616986556018322], [85.40540010297526, 21.616896241313068], [85.40530351828984, 21.61689531506018], [85.40530450888008, 21.616805000354926], [85.4052079242665, 21.616804074048137], [85.40520891491065, 21.616713759351867], [85.40511233035997, 21.61671283299118], [85.405113321058, 21.616622518294907], [85.40501673657019, 21.61662159188032], [85.40501772732212, 21.616531277193037], [85.40492114289721, 21.61653035072455], [85.40492213371202, 21.616440036046246], [85.40482554935896, 21.61643910952386], [85.40482753107841, 21.61625848015827], [85.40473094685113, 21.61625755359097]]]}, "id": "+218+502", "properties": {"A00": -0.03717149874690072, "A01": -0.019974464013880238, "A02": 0.2212558269407235, "A03": -0.05861611350499066, "A04": -0.09375682436403299, "A05": 0.03992873330199808, "A06": -0.05404156077579232, "A07": 0.043314788771307663, "A08": -0.01624813282292891, "A09": -0.06357617879246721, "A10": 0.1258278568971939, "A11": -0.09458238476676178, "A12": -0.3380697505171019, "A13": 0.04210672466068995, "A14": 0.051428446594577425, "A15": 0.10615727592382383, "A16": -0.055445847022172354, "A17": 0.04015112582515232, "A18": -0.14579869130518486, "A19": -0.1221080695744358, "A20": -0.2284959543018854, "A21": 0.3291005787193176, "A22": 0.20232113550894662, "A23": -0.003164890218088809, "A24": -0.005430627451717772, "A25": 0.031156218609559118, "A26": 0.09420377001919007, "A27": -0.045252955260009345, "A28": -0.06118269272132775, "A29": 0.1718096245436555, "A30": 0.12442068656177027, "A31": 0.13859309164645106, "A32": -0.008148494377833793, "A33": -0.05417699498000434, "A34": 0.03703397106086849, "A35": -0.012341478092159838, "A36": -0.22592209892249993, "A37": 0.13623607860546214, "A38": 0.1328782480174441, "A39": -0.012685424441763852, "A40": 0.07246010807883832, "A41": -0.003312997191602615, "A42": -0.23242469246889805, "A43": 0.2069039248601402, "A44": 0.0055116436725446425, "A45": 0.04426368729114525, "A46": 0.009756954600638829, "A47": 0.03975801740287707, "A48": -0.1679194922155594, "A49": -0.07035413520696399, "A50": 0.0411513100727416, "A51": 0.15856277167296867, "A52": -0.023043063899977036, "A53": -0.007779468963587456, "A54": 0.20563907772497506, "A55": -0.034413736668287176, "A56": 0.01679813270575326, "A57": -0.023716878908642342, "A58": -0.1050982182210954, "A59": -0.21620289174847487, "A60": -0.0324641158675569, "A61": -0.024034932871679064, "A62": 0.13547724552019577, "A63": 0.05954168233122917, "area_ha": 1.1130998666771272, "centroid_lat": 21.61617389679895, "centroid_lon": 85.40529881250765, "n_pixels": 111, "perim_m": 580.036338053706, "stand_id": 2, "stand_lbl": 111}}, {"type": "Feature", "geometry": {"type": "Polygon", "coordinates": [[[85.4056011954959, 21.616175575952237], [85.40560713764489, 21.6156336876219], [85.4061866408796, 21.615639242974297], [85.40618367090553, 21.615910187215825], [85.40637683905469, 21.615912038580742], [85.40637584917413, 21.616002353330913], [85.40627926503667, 21.616001427679894], [85.4062772851408, 21.616182057180232], [85.40637386939504, 21.616182982840233], [85.40637188959798, 21.616363612340574], [85.40646847397798, 21.616364537964643], [85.40646748413334, 21.61645485271481], [85.4066606530281, 21.61645670379227], [85.40665966330025, 21.616547018551422], [85.40714258592787, 21.616551645279376], [85.40714456479068, 21.616371015716155], [85.40695139595881, 21.616369165204638], [85.40695931214667, 21.61564664696972], [85.40715248001733, 21.61564849740937], [85.40715940557003, 21.615016293834792], [85.40735257261424, 21.615018143986983], [85.4073575186843, 21.614566569939694], [85.40726093545415, 21.61456564490851], [85.4072629139666, 21.61438501529139], [85.4071663308712, 21.614384090215296], [85.40717028806681, 21.614022830981053], [85.40736345379948, 21.614024681034433], [85.40735949707998, 21.614385940304604], [85.40745608019336, 21.614386865272905], [85.4074550910584, 21.614477180085956], [85.40755167423465, 21.614478105000355], [85.40755266330673, 21.61438779017832], [85.4081321621307, 21.61439333844301], [85.40812622977334, 21.614935227527933], [85.4083193967996, 21.614937076548248], [85.40831741954477, 21.615117706246217], [85.40783450139973, 21.615113083228305], [85.40783549033706, 21.615022768397285], [85.40773890678352, 21.615021843626618], [85.40773791779229, 21.61511215844865], [85.40744816697894, 21.615109383795282], [85.40744618862817, 21.615290013412405], [85.40734960491292, 21.615289088408172], [85.40734564790596, 21.615650347624445], [85.40753881581256, 21.615652197614942], [85.40753683751569, 21.61583282723206], [85.40773000569177, 21.615834677006962], [85.40772901665564, 21.615924991828997], [85.40782560080207, 21.6159259166356], [85.40782461181982, 21.616016231457635], [85.40792119603813, 21.61601715621932], [85.40791921818143, 21.616197785863392], [85.40811238687854, 21.616199635225065], [85.408111398058, 21.616289950056085], [85.40820798247393, 21.616290874656073], [85.40820600494062, 21.61647150431811], [85.40801283587521, 21.61646965503728], [85.40801184698279, 21.616559969859317], [85.40781867782754, 21.616558120344926], [85.40781768880936, 21.61664843515798], [85.40772110417784, 21.616647510315445], [85.40772011509677, 21.616737825119515], [85.40752694572592, 21.61673597525478], [85.4075259565191, 21.616826290049868], [85.40733278704943, 21.61682443995157], [85.40733179771684, 21.616914754737675], [85.40636595009003, 21.616905500823623], [85.40636792994098, 21.61672487134125], [85.40617476072285, 21.616723019904466], [85.40617674079839, 21.616542390422094], [85.40598357183177, 21.616540538778697], [85.40598456198182, 21.616450224046496], [85.40579139315895, 21.616448372187502], [85.40579238342579, 21.616358057464282], [85.40569579908173, 21.616357131453938], [85.4056977797232, 21.616176502007498], [85.4056011954959, 21.616175575952237]]]}, "id": "+236+501", "properties": {"A00": 0.003630939359674542, "A01": -0.06125723414682578, "A02": 0.17224883434603405, "A03": -0.0015266064341447796, "A04": -0.06617408585998444, "A05": 0.007765462475732603, "A06": -0.06371574727303166, "A07": 0.07108938127482743, "A08": -0.05337981839304999, "A09": -0.04817724556176512, "A10": 0.11205253494387714, "A11": -0.05611165842579171, "A12": -0.3494856948903257, "A13": 0.019355718479708493, "A14": 0.02602131842404842, "A15": 0.08093473757199324, "A16": -0.048115200405826015, "A17": 0.03290477787913323, "A18": -0.1442857425536153, "A19": -0.04249370846738629, "A20": -0.24215100190703692, "A21": 0.29022477492195, "A22": 0.25636562747366726, "A23": -0.021924729868930033, "A24": 0.009982467044859899, "A25": 0.053767023922415, "A26": 0.11457737118191165, "A27": -0.0500984289518544, "A28": -0.051954528326493825, "A29": 0.202698417389681, "A30": 0.06833934826152765, "A31": 0.11750190567754402, "A32": 0.0034981370009720316, "A33": -0.05590646714484414, "A34": 0.029892882337375793, "A35": -0.055116545188068224, "A36": -0.21122943729723623, "A37": 0.09063608491157836, "A38": 0.13537365642365434, "A39": -0.09113440229784588, "A40": 0.050538503034444876, "A41": -0.01738862789797407, "A42": -0.2257468929186166, "A43": 0.26878077090343394, "A44": 0.043162571634169235, "A45": 0.061925898836856466, "A46": 0.013747383144165726, "A47": 0.036465983213774596, "A48": -0.17925967173003715, "A49": -0.03703458855564763, "A50": -0.0006677790025597806, "A51": 0.07069662116304447, "A52": -0.013104154633261748, "A53": 0.005983230013553444, "A54": 0.20526627677171716, "A55": -0.08985676257568553, "A56": -0.0002855780945755465, "A57": -0.03563788864424517, "A58": -0.09920363837477995, "A59": -0.22928166656285734, "A60": -0.011663468424309412, "A61": -0.04702641215547649, "A62": 0.12568694235400313, "A63": 0.032353873536050536, "area_ha": 3.0986343381108252, "centroid_lat": 21.61583906982471, "centroid_lon": 85.40710522175912, "cluster_id": 3, "n_pixels": 310, "perim_m": 1720.109421038635, "stand_id": 3, "stand_lbl": 116}}, {"type": "Feature", "geometry": {"type": "Polygon", "coordinates": [[[85.40541595085588, 21.615451205957143], [85.40542189346301, 21.614909317626804], [85.40580822697652, 21.614913021731063], [85.40581020733053, 21.61473239224869], [85.4061965404398, 21.614736095418703], [85.40619555050533, 21.614826410177855], [85.40629213386126, 21.61482733583786], [85.4062911439807, 21.614917650605992], [85.40658089424608, 21.61492042725362], [85.4065799045362, 21.615010742021756], [85.40667648803584, 21.615011667466163], [85.40667549837987, 21.61510198224328], [85.40677208194239, 21.615102907633787], [85.40677406111062, 21.614922278070566], [85.40687064455638, 21.61492320339819], [85.40687262358986, 21.614742573817004], [85.40716237358576, 21.61474534943157], [85.40715248001733, 21.61564849740937], [85.40695931214667, 21.61564664696972], [85.40695139595881, 21.616369165204638], [85.40714456479068, 21.616371015716155], [85.40714258592787, 21.616551645279376], [85.40665966330025, 21.616547018551422], [85.4066606530281, 21.61645670379227], [85.40646748413334, 21.61645485271481], [85.40646847397798, 21.616364537964643], [85.40637188959798, 21.616363612340574], [85.40637386939504, 21.616182982840233], [85.4062772851408, 21.616182057180232], [85.40627926503667, 21.616001427679894], [85.40637584917413, 21.616002353330913], [85.40637683905469, 21.615912038580742], [85.40618367090553, 21.615910187215825], [85.4061866408796, 21.615639242974297], [85.40560713764489, 21.6156336876219], [85.40560911831332, 21.61545305817546], [85.40541595085588, 21.615451205957143]]]}, "id": "+234+497", "properties": {"A00": 0.035147391338462695, "A01": -0.08814133207650005, "A02": 0.17256856840851933, "A03": 0.019484593010924214, "A04": -0.04491050140752737, "A05": -0.01816812619643347, "A06": -0.05716029262771287, "A07": 0.08911236569510637, "A08": -0.07472105203164915, "A09": -0.03264783602072899, "A10": 0.09321875482624249, "A11": -0.05505666173280775, "A12": -0.36440180526968613, "A13": 0.03338718123549298, "A14": -0.008455048349320123, "A15": 0.07198202776032628, "A16": -0.048521411338605575, "A17": 0.029973935391323883, "A18": -0.11166239635505984, "A19": -0.020900450587571392, "A20": -0.25675646100093563, "A21": 0.31321641333316563, "A22": 0.2792594813488841, "A23": -0.043700102191937956, "A24": 0.0023879317082324296, "A25": 0.0791466819309124, "A26": 0.09889956785014577, "A27": -0.03634323404688087, "A28": -0.041078389701622336, "A29": 0.18972713726831295, "A30": 0.047563714619220314, "A31": 0.09312544854887292, "A32": -0.003955216031646541, "A33": -0.05535635386969574, "A34": 0.05249865046030005, "A35": -0.08207783376380615, "A36": -0.22026075918599763, "A37": 0.0829283196924534, "A38": 0.11791316345222234, "A39": -0.14500092390851296, "A40": 0.03580948985917825, "A41": -0.009563857170853896, "A42": -0.2171714236258632, "A43": 0.29351368942467126, "A44": 0.04599882596638262, "A45": 0.06679364186673835, "A46": -0.028703994129412568, "A47": 0.04176228104742274, "A48": -0.1636753663298579, "A49": -0.013995195574070203, "A50": -0.03162307780778274, "A51": 0.061692459127656654, "A52": -0.0073409398754566025, "A53": 0.008708850322599795, "A54": 0.1954676802442364, "A55": -0.11209856529869265, "A56": -0.004020543167472094, "A57": -0.0341570022468646, "A58": -0.11042534943433559, "A59": -0.20857043388512272, "A60": 0.014278586002079794, "A61": -0.058338034544560734, "A62": 0.09205237569744186, "A63": 0.03278778001801104, "area_ha": 2.2061462062479693, "centroid_lat": 21.61549078636878, "centroid_lon": 85.40641833716855, "cluster_id": 3, "n_pixels": 221, "perim_m": 900.0569660864076, "stand_id": 4, "stand_lbl": 114}}, {"type": "Feature", "geometry": {"type": "Polygon", "coordinates": [[[85.40812622977334, 21.614935227527933], [85.4081321621307, 21.61439333844301], [85.40861507795807, 21.614397960463794], [85.40861606636541, 21.61430764558786], [85.40890581574146, 21.61431041811222], [85.4089048275138, 21.614400732997137], [85.40909799391123, 21.61440258107422], [85.409099970124, 21.614221951295406], [85.4100658012218, 21.614231188231297], [85.4100628386858, 21.614502133038762], [85.41015942200579, 21.61450305643501], [85.41015152217626, 21.615225575900617], [85.41005493838017, 21.615224652468438], [85.41005000052071, 21.615676227081668], [85.40995341642818, 21.61567530356864], [85.40995045346996, 21.61594624831322], [85.40985386920674, 21.615945324737314], [85.40985189375753, 21.616125954552064], [85.40975530937753, 21.61612503090429], [85.40975629716502, 21.616034716001405], [85.40927337563333, 21.61603009697201], [85.40927535179222, 21.615849467202178], [85.40908218345443, 21.615847619214925], [85.40908020706199, 21.616028248957807], [85.40869386997319, 21.616024552273633], [85.40869485841644, 21.615934237415665], [85.4085982742161, 21.61593331311212], [85.40859926271327, 21.615842998263137], [85.40850267857581, 21.615842073896708], [85.40850465567792, 21.61566144419874], [85.40840807166623, 21.615660519796382], [85.40841301461913, 21.615208945542477], [85.40831643091286, 21.6152080210952], [85.4083193967996, 21.614937076548248], [85.40812622977334, 21.614935227527933]]]}, "id": "+262+492", "properties": {"A00": 0.037122061662976845, "A01": -0.060995147729117925, "A02": 0.1461499554157989, "A03": 0.023203390650988885, "A04": -0.05147345303328102, "A05": -0.01849962296176182, "A06": -0.048540097552428794, "A07": 0.0903127677126681, "A08": -0.07676836151649588, "A09": -0.026643661061517034, "A10": 0.09332972539574741, "A11": -0.036213094638380634, "A12": -0.362236690301067, "A13": 0.01211436088991823, "A14": -0.005386069833467565, "A15": 0.05581458891149146, "A16": -0.04740393695417202, "A17": 0.020171309360834288, "A18": -0.12248633538126008, "A19": 0.008861694692414865, "A20": -0.2590244534547073, "A21": 0.2919093963620512, "A22": 0.26002650532377175, "A23": -0.034489165390669124, "A24": 0.02107552022629343, "A25": 0.06282790654445147, "A26": 0.11436235389935095, "A27": -0.06300504135977265, "A28": -0.044276767523086485, "A29": 0.19461423114282678, "A30": 0.039316669542901146, "A31": 0.10061756494669205, "A32": 0.0059493706487542776, "A33": -0.04409384226771152, "A34": 0.054965640841639914, "A35": -0.07677054385470518, "A36": -0.20417643274718694, "A37": 0.05269459275787765, "A38": 0.12742691879659446, "A39": -0.1505412639382306, "A40": 0.016599734441941225, "A41": -0.0035746497281949796, "A42": -0.22265310244750283, "A43": 0.2944679308478628, "A44": 0.049508124262227046, "A45": 0.07768328991947396, "A46": -0.0030303976407006464, "A47": 0.034597519375229174, "A48": -0.16803005267735338, "A49": -0.006224748681954011, "A50": -0.029614547744209175, "A51": 0.03598005236765773, "A52": -0.012108864034527128, "A53": 0.011717977464762696, "A54": 0.20624803226721014, "A55": -0.12598951711941253, "A56": 0.0006217290908789148, "A57": -0.052181968969861436, "A58": -0.10147653146995762, "A59": -0.23195522505379876, "A60": 0.0005802487865832262, "A61": -0.0720290470869186, "A62": 0.09017178717507389, "A63": 0.038196745348191175, "area_ha": 3.439590872652281, "centroid_lat": 21.615089068943146, "centroid_lon": 85.40921875852645, "cluster_id": 3, "n_pixels": 344, "perim_m": 900.0580078461453, "stand_id": 5, "stand_lbl": 120}}, {"type": "Feature", "geometry": {"type": "Polygon", "coordinates": [[[85.4040687355755, 21.61498666087495], [85.40406972683049, 21.61489634620563], [85.40445606005653, 21.61490005344501], [85.40445804208142, 21.614719424079418], [85.40494095812439, 21.61472405683507], [85.40494194883141, 21.614633742129815], [85.40503853199867, 21.61463466850847], [85.40503754134556, 21.614724983213723], [85.40561704079836, 21.614730540326818], [85.40561902136797, 21.614549910853427], [85.40571560450829, 21.614550836836823], [85.40571659473021, 21.614460522095637], [85.40562001164378, 21.614459596121225], [85.40562199218644, 21.614278966638853], [85.40571857514709, 21.61427989260428], [85.40571956535105, 21.614189577863094], [85.40581614825781, 21.614190503774623], [85.40582010876821, 21.61382924476496], [85.40630302217912, 21.61383387337938], [85.40630203235246, 21.6139241881565], [85.40620544960738, 21.613923262541412], [85.40620445971784, 21.61401357730955], [85.4061078769099, 21.61401265163158], [85.40610688695747, 21.614102966399717], [85.40601030409563, 21.614102040658867], [85.40600733403174, 21.614372984936324], [85.40620050012373, 21.61437483637311], [85.4061965404398, 21.614736095418703], [85.40581020733053, 21.61473239224869], [85.40580822697652, 21.614913021731063], [85.40542189346301, 21.614909317626804], [85.40541694130238, 21.615360891242904], [85.40532035764103, 21.6153599650529], [85.40531936713165, 21.615450279767135], [85.40512619969218, 21.61544842721644], [85.40512421842189, 21.615629056626947], [85.40502763459884, 21.615628130257278], [85.40502466246883, 21.61589907434609], [85.40492807846613, 21.615898147913537], [85.40492708768724, 21.615988462600825], [85.40483050363063, 21.61598753610539], [85.4048295127799, 21.616077850792678], [85.40463634456788, 21.616075997622147], [85.40463733552642, 21.61598568294384], [85.40454075148777, 21.615984756277726], [85.40454372452508, 21.615713812251798], [85.40444714066612, 21.615712885540766], [85.40444912278981, 21.61553225619314], [85.40435253905659, 21.615531329437196], [85.4043545212791, 21.615350700098553], [85.40425793767166, 21.61534977329769], [85.40425991999298, 21.615169143959047], [85.40416333651129, 21.615168217104287], [85.40416531893143, 21.61498758777463], [85.4040687355755, 21.61498666087495]]]}, "id": "+210+492", "properties": {"A00": -0.017739469730150382, "A01": -0.055640421107249614, "A02": 0.17672184979587333, "A03": 0.0087049894598222, "A04": -0.06857783161676412, "A05": -0.003402146255886779, "A06": -0.0664280032212822, "A07": 0.08573884801635068, "A08": -0.03466698188921975, "A09": -0.052342126924183906, "A10": 0.1037273673760969, "A11": -0.06387507014620224, "A12": -0.3503464532051505, "A13": 0.030163739117089142, "A14": 0.03258406501656471, "A15": 0.10048192527710224, "A16": -0.05157474419930486, "A17": 0.05125287526986204, "A18": -0.1256374441693115, "A19": -0.07992405147316856, "A20": -0.28268974226826643, "A21": 0.3068839603920052, "A22": 0.26059705538926614, "A23": -0.004929791518534019, "A24": 0.012835280478287938, "A25": 0.07370112496625966, "A26": 0.10300546458180365, "A27": -0.04544119696320884, "A28": -0.059970909586552726, "A29": 0.17952525433988026, "A30": 0.0775531455826654, "A31": 0.10995571238121796, "A32": 0.011457169524844078, "A33": -0.04265181949717131, "A34": 0.05234625221210271, "A35": -0.062384966041603325, "A36": -0.1940356571395239, "A37": 0.11700705181731731, "A38": 0.14321453887092941, "A39": -0.07461510347811745, "A40": 0.07449006709830966, "A41": -0.008171672302811529, "A42": -0.21905948289569874, "A43": 0.26476548288213375, "A44": 0.03928605083571196, "A45": 0.042497702167919774, "A46": -0.009471368186215733, "A47": 0.037811665118106345, "A48": -0.16931860309007546, "A49": -0.01320409493594348, "A50": -0.007154183643422685, "A51": 0.104580879249791, "A52": -0.0054260985193306955, "A53": 0.021851586198289467, "A54": 0.21142026459206748, "A55": -0.06770900413592731, "A56": 0.018162365371178407, "A57": -0.0450031430413769, "A58": -0.12961345300168958, "A59": -0.22916001763174393, "A60": -0.0236428342856894, "A61": -0.042931533719473815, "A62": 0.11663213867435489, "A63": 0.057585107150914056, "area_ha": 1.8451385987996938, "centroid_lat": 21.615014873622865, "centroid_lon": 85.40511625653805, "cluster_id": 3, "n_pixels": 185, "perim_m": 1040.0653697412708, "stand_id": 6, "stand_lbl": 109}}, {"type": "Feature", "geometry": {"type": "Polygon", "coordinates": [[[85.40378493410665, 21.61444199191745], [85.40378592551434, 21.614351677257112], [85.40388250843907, 21.614352604291536], [85.40388647378239, 21.6139913456412], [85.40407963916473, 21.613993199512418], [85.40408063037479, 21.613902884834115], [85.40427379564933, 21.61390473847177], [85.40427478673364, 21.613814423784483], [85.40475769972234, 21.613819056881493], [85.40475869050121, 21.61372874217624], [85.40485527305763, 21.613729668626757], [85.40485428234165, 21.61381998333201], [85.40504744758923, 21.613821836071352], [85.40504546638181, 21.61400246550881], [85.40543179740699, 21.614006170340705], [85.40543278777264, 21.61391585559952], [85.40552937048177, 21.61391678166376], [85.40553036078454, 21.613826466922575], [85.40562694343977, 21.613827392923938], [85.40563090435441, 21.613466133941223], [85.40543773952903, 21.613464281911554], [85.40543972018847, 21.61328365242918], [85.40563288478027, 21.613285504440885], [85.40563684556915, 21.612924245431223], [85.40544368146243, 21.612922393446468], [85.4054446717652, 21.61283207870528], [85.40525150779322, 21.612830226513914], [85.40525051737367, 21.612920541246115], [85.40505735330288, 21.612918688821185], [85.40505537220326, 21.61309931828559], [85.40466904364845, 21.613095612726063], [85.40466805285162, 21.613185927431317], [85.40447488849337, 21.61318407431468], [85.40448182480789, 21.612551871377907], [85.40467498833968, 21.61255372444064], [85.40467696985252, 21.612373095003182], [85.40487013315975, 21.612374947832354], [85.40487211442105, 21.612194318367948], [85.4050652775037, 21.612196170954576], [85.40506725850449, 21.612015541472203], [85.40526042137154, 21.612017393816284], [85.40526438283415, 21.611656134815608], [85.4053609640341, 21.61165706087985], [85.40535898343755, 21.611837690398154], [85.40545556476329, 21.611838616417483], [85.40545358426554, 21.612019245935787], [85.4056467471775, 21.61202109782173], [85.40564476689536, 21.612201727349017], [85.40574134847262, 21.612202653224617], [85.40574233855979, 21.61211233845648], [85.40583892008314, 21.612113264269194], [85.40583793005885, 21.61220357903733], [85.4060310932493, 21.612205430501064], [85.40602911343427, 21.6123860600553], [85.40612569515525, 21.612386985715304], [85.40612371543007, 21.612567615278525], [85.40622029727682, 21.612568540884627], [85.4062084192311, 21.61365231822802], [85.40630500180549, 21.61365324382514], [85.40630302217912, 21.61383387337938], [85.40582010876821, 21.61382924476496], [85.40581614825781, 21.614190503774623], [85.40571956535105, 21.614189577863094], [85.40571857514709, 21.61427989260428], [85.40562199218644, 21.614278966638853], [85.40562001164378, 21.614459596121225], [85.40571659473021, 21.614460522095637], [85.40571560450829, 21.614550836836823], [85.40561902136797, 21.614549910853427], [85.40561704079836, 21.614730540326818], [85.40503754134556, 21.614724983213723], [85.40503853199867, 21.61463466850847], [85.40494194883141, 21.614633742129815], [85.40494095812439, 21.61472405683507], [85.40445804208142, 21.614719424079418], [85.40445606005653, 21.61490005344501], [85.40406972683049, 21.61489634620563], [85.40407071809446, 21.614806031545292], [85.40397413485532, 21.614805104591717], [85.40397611747308, 21.61462447527104], [85.4038795343687, 21.61462354827255], [85.40388151708527, 21.614442918951873], [85.40378493410665, 21.61444199191745]]]}, "id": "+206+479", "properties": {"A00": -0.053059403794257096, "A01": -0.03887422872458749, "A02": 0.2019334324543867, "A03": -0.017615965460908687, "A04": -0.06561443211923638, "A05": 0.03673556671177307, "A06": -0.055043767388735294, "A07": 0.08422713401779021, "A08": -0.01106816824919486, "A09": -0.06774031824035603, "A10": 0.10042773515258996, "A11": -0.07266386366506919, "A12": -0.32237364292072995, "A13": 0.03551258115999738, "A14": 0.04594219068509691, "A15": 0.10657539730681519, "A16": -0.0874770181053017, "A17": 0.08588933195947483, "A18": -0.12030884873913757, "A19": -0.12737570949720375, "A20": -0.28932782233440135, "A21": 0.3155809187787664, "A22": 0.21979660562619835, "A23": 0.013180721964840337, "A24": 0.0219950621158433, "A25": 0.027853632090940352, "A26": 0.10939411457482046, "A27": -0.05959507879567316, "A28": -0.08348811167719954, "A29": 0.14938279179734631, "A30": 0.08744454762087078, "A31": 0.13143625660139954, "A32": -0.022391965525039276, "A33": -0.014996429342139968, "A34": 0.03317194892065179, "A35": -0.02945089942219784, "A36": -0.1967925730279848, "A37": 0.1290818727608106, "A38": 0.1375362728893505, "A39": -0.022850101125135455, "A40": 0.10250671938138252, "A41": -0.010686338654181657, "A42": -0.21585733159214426, "A43": 0.21182519611599213, "A44": 0.015093916237837797, "A45": 0.058550180311702074, "A46": 0.002400355307143793, "A47": 0.005845263511543371, "A48": -0.1718066936599225, "A49": -0.03489172179244571, "A50": 0.029683189978784604, "A51": 0.14554199989372996, "A52": -0.023230550206638622, "A53": -0.002149685312357888, "A54": 0.18787084955110145, "A55": -0.03435064556400515, "A56": 0.031069878582599304, "A57": -0.037318061095542046, "A58": -0.1273694846279523, "A59": -0.2472073878666341, "A60": -0.0562852822551768, "A61": -0.010695785454963738, "A62": 0.15455257774849746, "A63": 0.04793411355355212, "area_ha": 4.081367445658939, "centroid_lat": 21.613485133456486, "centroid_lon": 85.40517063543152, "n_pixels": 408, "perim_m": 1720.1079595956555, "stand_id": 7, "stand_lbl": 110}}, {"type": "Feature", "geometry": {"type": "Polygon", "coordinates": [[[85.40446795191833, 21.61381627719756], [85.40446993381745, 21.61363564780502], [85.40466309877758, 21.61363750096657], [85.40466408961035, 21.613547186261314], [85.40456750717969, 21.61354625971198], [85.40456849805739, 21.61345594501571], [85.4044719156986, 21.613455018412477], [85.40447488849337, 21.61318407431468], [85.40466805285162, 21.613185927431317], [85.40466904364845, 21.613095612726063], [85.40505537220326, 21.61309931828559], [85.40505735330288, 21.612918688821185], [85.40525051737367, 21.612920541246115], [85.40525150779322, 21.612830226513914], [85.4054446717652, 21.61283207870528], [85.40544368146243, 21.612922393446468], [85.40563684556915, 21.612924245431223], [85.40563288478027, 21.613285504440885], [85.40543972018847, 21.61328365242918], [85.40543773952903, 21.613464281911554], [85.40563090435441, 21.613466133941223], [85.40562694343977, 21.613827392923938], [85.40553036078454, 21.613826466922575], [85.40552937048177, 21.61391678166376], [85.40543278777264, 21.61391585559952], [85.40543179740699, 21.614006170340705], [85.40504546638181, 21.61400246550881], [85.40504744758923, 21.613821836071352], [85.40485428234165, 21.61381998333201], [85.40485527305763, 21.613729668626757], [85.40475869050121, 21.61372874217624], [85.40475769972234, 21.613819056881493], [85.40446795191833, 21.61381627719756]]]}, "id": "+216+469", "properties": {"A00": -0.07403662245132521, "A01": -0.03533104160441252, "A02": 0.20709887664147483, "A03": -0.014266819805601684, "A04": -0.05838904761060565, "A05": 0.043427441876714455, "A06": -0.0515957120859431, "A07": 0.09539095243322437, "A08": 0.011865986258000219, "A09": -0.0838987613395937, "A10": 0.09126715186471862, "A11": -0.07650547742347197, "A12": -0.30934657551767153, "A13": 0.026059074801489997, "A14": 0.06255429123072553, "A15": 0.1117603598909936, "A16": -0.11506461969672079, "A17": 0.1114204127392241, "A18": -0.10733413951532736, "A19": -0.14503318139588592, "A20": -0.27991127342194166, "A21": 0.30105043291628586, "A22": 0.21146114308441066, "A23": 0.029077704587654105, "A24": 0.041046361160852605, "A25": 0.0137540716168656, "A26": 0.13293611555571994, "A27": -0.0823929301637152, "A28": -0.10473597480003784, "A29": 0.13490588638291312, "A30": 0.08599994643190019, "A31": 0.13940831739997875, "A32": -0.03728665619573187, "A33": -0.02015647734811677, "A34": 0.023738114172823913, "A35": -0.017198169915198423, "A36": -0.1817352928001891, "A37": 0.13720004215524642, "A38": 0.1497456723571219, "A39": 0.007171211142246608, "A40": 0.11684544879259315, "A41": -0.020656807492869068, "A42": -0.22240408532397196, "A43": 0.18689425963236847, "A44": 0.009145993937970515, "A45": 0.056237840043488245, "A46": 0.004100000028139883, "A47": -0.013773342148108257, "A48": -0.16949434723949106, "A49": -0.024637244750285715, "A50": 0.049605849725176135, "A51": 0.17828197655918962, "A52": -0.036004148909869124, "A53": -0.0037980287536198047, "A54": 0.18223191393814933, "A55": -0.011245542483046168, "A56": 0.042586420664079506, "A57": -0.035422153079977696, "A58": -0.13750023260169392, "A59": -0.2576441256247149, "A60": -0.05878831635914425, "A61": 0.022363193131836278, "A62": 0.1476699253756803, "A63": 0.051594451419297555, "area_ha": 1.0930443171221258, "centroid_lat": 21.613440875790207, "centroid_lon": 85.40511410117328, "n_pixels": 109, "perim_m": 600.0376976038882, "stand_id": 8, "stand_lbl": 108}}, {"type": "Feature", "geometry": {"type": "MultiPolygon", "coordinates": [[[[85.4060310932493, 21.612205430501064], [85.40622425646669, 21.612207281731234], [85.40622326667595, 21.61229759652632], [85.40631984835203, 21.61229852206056], [85.4063188586152, 21.612388836855644], [85.40718809444542, 21.612397164211377], [85.40719007283212, 21.612216534558325], [85.40776956289751, 21.612222083559633], [85.40776758522946, 21.612402713266583], [85.40815391252663, 21.612406411513827], [85.4081549011226, 21.61231609664688], [85.40825148289748, 21.61231702105822], [85.40825247143057, 21.612226706182287], [85.40883196183734, 21.61223225149152], [85.40883295000212, 21.61214193657965], [85.40892953169615, 21.61214286060472], [85.40893051979805, 21.612052545692855], [85.40922026472744, 21.612055317390762], [85.40921828888297, 21.612235947232463], [85.40931487064887, 21.61223687103295], [85.40931190702591, 21.612507815804484], [85.40940848898045, 21.612508739560056], [85.40940651332463, 21.612689369401757], [85.40950309540494, 21.61269029311241], [85.40950013206044, 21.612961237892925], [85.40959671432941, 21.61296216155867], [85.40959473886222, 21.613142791409352], [85.40969132125696, 21.613143715030176], [85.40968835819093, 21.613414659819675], [85.40978494076532, 21.6134155833866], [85.4097829654868, 21.61359621325525], [85.40987954818694, 21.613597136777262], [85.40987658540838, 21.613868081575742], [85.40997316829718, 21.613869005052837], [85.40997119319832, 21.614049634921486], [85.41006777621287, 21.61405055836265], [85.4100658012218, 21.614231188231297], [85.409099970124, 21.614221951295406], [85.40909799391123, 21.61440258107422], [85.4089048275138, 21.614400732997137], [85.40890581574146, 21.61431041811222], [85.40861606636541, 21.61430764558786], [85.40861507795807, 21.614397960463794], [85.40755266330673, 21.61438779017832], [85.40755167423465, 21.614478105000355], [85.4074550910584, 21.614477180085956], [85.40745608019336, 21.614386865272905], [85.40735949707998, 21.614385940304604], [85.40736345379948, 21.614024681034433], [85.40717028806681, 21.614022830981053], [85.4071663308712, 21.614384090215296], [85.4072629139666, 21.61438501529139], [85.40726093545415, 21.61456564490851], [85.4073575186843, 21.614566569939694], [85.40735257261424, 21.615018143986983], [85.40715940557003, 21.615016293834792], [85.40716237358576, 21.61474534943157], [85.40687262358986, 21.614742573817004], [85.40687064455638, 21.61492320339819], [85.40677406111062, 21.614922278070566], [85.40677208194239, 21.615102907633787], [85.40667549837987, 21.61510198224328], [85.40667648803584, 21.615011667466163], [85.4065799045362, 21.615010742021756], [85.40658089424608, 21.61492042725362], [85.4062911439807, 21.614917650605992], [85.40629213386126, 21.61482733583786], [85.40619555050533, 21.614826410177855], [85.40620050012373, 21.61437483637311], [85.40600733403174, 21.614372984936324], [85.40601030409563, 21.614102040658867], [85.40610688695747, 21.614102966399717], [85.4061078769099, 21.61401265163158], [85.40620445971784, 21.61401357730955], [85.40620544960738, 21.613923262541412], [85.40630203235246, 21.6139241881565], [85.40630500180549, 21.61365324382514], [85.4062084192311, 21.61365231822802], [85.40622029727682, 21.612568540884627], [85.40612371543007, 21.612567615278525], [85.40612569515525, 21.612386985715304], [85.40602911343427, 21.6123860600553], [85.4060310932493, 21.612205430501064]]], [[[85.4060310932493, 21.612205430501064], [85.40583793005885, 21.61220357903733], [85.40583991010743, 21.612022949492076], [85.40603307305533, 21.612024800937842], [85.4060310932493, 21.612205430501064]]]]}, "id": "+230+481", "properties": {"A00": 0.007334404115168443, "A01": -0.041674351258238485, "A02": 0.13309377693016414, "A03": -0.0011089007893350703, "A04": -0.061579135845230774, "A05": 0.00013404524172802817, "A06": -0.06980536623801152, "A07": 0.09076808956565538, "A08": -0.04732599106246273, "A09": -0.04232246764862192, "A10": 0.1235978945459148, "A11": -0.036361888350249456, "A12": -0.3412283440027796, "A13": 0.0004947742401858222, "A14": 0.0435484410992093, "A15": 0.079154972298191, "A16": -0.05311738963065957, "A17": 0.06025048047325985, "A18": -0.12614443026886846, "A19": -0.047082827990605314, "A20": -0.31689399501833426, "A21": 0.29401622602911204, "A22": 0.23058883205359074, "A23": -0.002849848568579509, "A24": 0.02704664776896907, "A25": 0.05665966197025341, "A26": 0.1256198256813793, "A27": -0.06678096411452987, "A28": -0.0465736395098825, "A29": 0.19478271925385268, "A30": 0.03326084010299588, "A31": 0.13332472956047808, "A32": 0.017944424580525364, "A33": -0.004728729188626686, "A34": 0.051384661862917756, "A35": -0.06867091097956575, "A36": -0.1953479044802058, "A37": 0.06559633534393118, "A38": 0.14326328379428227, "A39": -0.08437353499128236, "A40": 0.060682843445921314, "A41": 0.00727220928589706, "A42": -0.22694187281673214, "A43": 0.2673846624804832, "A44": 0.04995753288851552, "A45": 0.0484396400229607, "A46": 0.018489898300200366, "A47": 0.008592678674669845, "A48": -0.1664137836334709, "A49": 0.007534574973419407, "A50": 0.005692206226634367, "A51": 0.0669052024072169, "A52": -0.027324711198249696, "A53": 0.006249551016651209, "A54": 0.19767120030978313, "A55": -0.0844024102250085, "A56": 0.021661187599335874, "A57": -0.07371973879092251, "A58": -0.11412363650668263, "A59": -0.25877566460194107, "A60": -0.04130913201570466, "A61": -0.05395797665946694, "A62": 0.12176923688475276, "A63": 0.049686494045212845, "area_ha": 9.015129527903822, "centroid_lat": 21.613438497745424, "centroid_lon": 85.40784827163179, "cluster_id": 3, "n_pixels": 902, "perim_m": 1960.125173132029, "stand_id": 9, "stand_lbl": 119}}, {"type": "Feature", "geometry": {"type": "Polygon", "coordinates": [[[85.40265074040795, 21.61217299757333], [85.40265272440014, 21.611992368315537], [85.40294246832342, 21.611995150936963], [85.40294346013536, 21.611904836294592], [85.40304004138922, 21.611905763724273], [85.40303904964016, 21.61199607837563], [85.40313563096589, 21.611997005742428], [85.40313166414933, 21.612358264356832], [85.40332482729485, 21.61236011897365], [85.40332284409318, 21.61254074829433], [85.4034194257962, 21.61254167552638], [85.40341843424477, 21.612631990186717], [85.40351501601067, 21.612632917364873], [85.40351402451314, 21.61272323202521], [85.40380377001746, 21.61272601324526], [85.40380277869959, 21.612816327923568], [85.40370619679895, 21.61281540089813], [85.40370322263874, 21.61308634490609], [85.40447587940699, 21.613093759609427], [85.4044719156986, 21.613455018412477], [85.40456849805739, 21.61345594501571], [85.40456750717969, 21.61354625971198], [85.40466408961035, 21.613547186261314], [85.40466309877758, 21.61363750096657], [85.40446993381745, 21.61363564780502], [85.40446795191833, 21.61381627719756], [85.40427478673364, 21.613814423784483], [85.40427379564933, 21.61390473847177], [85.40408063037479, 21.613902884834115], [85.40407963916473, 21.613993199512418], [85.40388647378239, 21.6139913456412], [85.40388250843907, 21.614352604291536], [85.40378592551434, 21.614351677257112], [85.40378691692204, 21.614261362596775], [85.4036903340602, 21.614260435508452], [85.4036923169744, 21.61407980619676], [85.4035957342473, 21.61407887906352], [85.40359870875785, 21.61380793510047], [85.40350212621043, 21.61380700792232], [85.40350410931327, 21.613626378610626], [85.40340752689161, 21.613625451387556], [85.40340951009328, 21.613444822084844], [85.40331292779737, 21.613443894807876], [85.40331491109785, 21.61326326551415], [85.40321832892771, 21.613262338192264], [85.40322031232701, 21.613081708898537], [85.40312373028263, 21.61308078153174], [85.40312571378074, 21.612900152246993], [85.40302913185315, 21.612899224826297], [85.40303111545008, 21.61271859554155], [85.40293453365723, 21.612717668075938], [85.40293651735297, 21.612537038800177], [85.40283993568588, 21.612536111289646], [85.40284191948044, 21.612355482013886], [85.40274533793013, 21.612354554458438], [85.40274732183249, 21.612173925182677], [85.40265074040795, 21.61217299757333]]]}, "id": "+200+473", "properties": {"A00": -0.03548056905622365, "A01": -0.020885224078122915, "A02": 0.23524021894548905, "A03": -0.03726629267356498, "A04": -0.07077155336646214, "A05": 0.040617909987538246, "A06": -0.03714333078124061, "A07": 0.05673064913076418, "A08": -0.012876109000058596, "A09": -0.056565174965424556, "A10": 0.09558209759136246, "A11": -0.07787644549468592, "A12": -0.33684059157286295, "A13": 0.04176595954101033, "A14": 0.037774753845467954, "A15": 0.09263882409649699, "A16": -0.07771566872224367, "A17": 0.07770993036685034, "A18": -0.133987944929113, "A19": -0.12994187166989904, "A20": -0.2505151483789264, "A21": 0.3272649096521719, "A22": 0.22100156861721038, "A23": 0.01037242575405792, "A24": -0.0020591861996168254, "A25": 0.031044669448874584, "A26": 0.08693346121644324, "A27": -0.04437060862559892, "A28": -0.07687234448176264, "A29": 0.14539930872545845, "A30": 0.12499561559073197, "A31": 0.12193159776086893, "A32": -0.024695973982457996, "A33": -0.04399755241106926, "A34": 0.03538342725532916, "A35": -0.005687044155383515, "A36": -0.20471879124922956, "A37": 0.1331522238318897, "A38": 0.12942836033563607, "A39": -0.018738392639904036, "A40": 0.09988128064113252, "A41": -0.014602244045339495, "A42": -0.2189522411537479, "A43": 0.21118552174773333, "A44": 0.012158376539886113, "A45": 0.06177288211924704, "A46": -0.0005891256294867234, "A47": 0.01992475843246365, "A48": -0.17670589027353512, "A49": -0.06495598973681194, "A50": 0.02525118379572702, "A51": 0.14791146679802722, "A52": -0.008271737940857794, "A53": 0.007437061149916539, "A54": 0.19634102435025183, "A55": -0.05647025406564322, "A56": 0.017069210427073243, "A57": -0.016972142607452317, "A58": -0.12683729099447735, "A59": -0.23191260583795723, "A60": -0.06367714045575192, "A61": -0.016661960026110156, "A62": 0.15188075292894648, "A63": 0.04387672845215858, "area_ha": 1.8250809797007082, "centroid_lat": 21.61317861635773, "centroid_lon": 85.40364754511191, "n_pixels": 183, "perim_m": 980.0608039134604, "stand_id": 10, "stand_lbl": 105}}, {"type": "Feature", "geometry": {"type": "Polygon", "coordinates": [[[85.40370322263874, 21.61308634490609], [85.40370619679895, 21.61281540089813], [85.40380277869959, 21.612816327923568], [85.40380377001746, 21.61272601324526], [85.40390035186421, 21.61272694020782], [85.4039023343562, 21.61254631084223], [85.40399891608618, 21.612547237741907], [85.4039999072693, 21.61245692305462], [85.40409648894536, 21.612457849891413], [85.40409748005662, 21.61236753519514], [85.40419406167878, 21.612368461969055], [85.40419505273614, 21.612278147272782], [85.40429163429543, 21.612279073983814], [85.40429658917796, 21.611827500457544], [85.40468291429221, 21.611831206672846], [85.4046848957242, 21.611650577226406], [85.40497463925223, 21.611653356272534], [85.4049766203159, 21.61147272679016], [85.40488003925068, 21.611471800501338], [85.4048820204042, 21.61129117102795], [85.4039162112702, 21.61128190518427], [85.40392414048362, 21.610559387578174], [85.40411730131149, 21.610561241126], [85.40411333722581, 21.610922499973963], [85.40420991788679, 21.61092342667601], [85.40420793593377, 21.611104056104484], [85.40507716319406, 21.611112394024406], [85.40507617274757, 21.611202708774577], [85.40526933453664, 21.61120456103781], [85.40526834420692, 21.61129487579696], [85.40546150613972, 21.6112967278446], [85.40545952569587, 21.61147735737189], [85.40565268788919, 21.611479209212913], [85.4056487274327, 21.611840468294442], [85.40584189012009, 21.61184231993784], [85.40583892008314, 21.612113264269194], [85.40574233855979, 21.61211233845648], [85.40574134847262, 21.612202653224617], [85.40564476689536, 21.612201727349017], [85.4056467471775, 21.61202109782173], [85.40545358426554, 21.612019245935787], [85.40545556476329, 21.611838616417483], [85.40535898343755, 21.611837690398154], [85.4053609640341, 21.61165706087985], [85.40526438283415, 21.611656134815608], [85.40526042137154, 21.612017393816284], [85.40506725850449, 21.612015541472203], [85.4050652775037, 21.612196170954576], [85.40487211442105, 21.612194318367948], [85.40487013315975, 21.612374947832354], [85.40467696985252, 21.612373095003182], [85.40467498833968, 21.61255372444064], [85.40448182480789, 21.612551871377907], [85.40447587940699, 21.613093759609427], [85.40370322263874, 21.61308634490609]]]}, "id": "+206+459", "properties": {"A00": -0.04278819849121073, "A01": -0.05691106911062221, "A02": 0.17891257191415832, "A03": 0.013592406444098865, "A04": -0.053037523932263624, "A05": 0.0024814236024817663, "A06": -0.056677094790968184, "A07": 0.09482966976754346, "A08": -0.03721080578494858, "A09": -0.049551862734810936, "A10": 0.0883215500870583, "A11": -0.06536975519869134, "A12": -0.3289396771138597, "A13": 0.024286710403873465, "A14": 0.025381277556877066, "A15": 0.09372370634549863, "A16": -0.07056282206878177, "A17": 0.06733468574842633, "A18": -0.1232177095181807, "A19": -0.08037087725522617, "A20": -0.28973221047841924, "A21": 0.29841826229336166, "A22": 0.2607036002043708, "A23": -0.013205168217752182, "A24": 0.02960086200625648, "A25": 0.047521510567992566, "A26": 0.11250189432355141, "A27": -0.04814217607823435, "A28": -0.08074245315008342, "A29": 0.15447108008037772, "A30": 0.0898776955477541, "A31": 0.10760791869796077, "A32": 0.005359534045220674, "A33": -0.02449366713212256, "A34": 0.0324679168711527, "A35": -0.051439677386403454, "A36": -0.1859043211216067, "A37": 0.11658279630108734, "A38": 0.12837685200650592, "A39": -0.06968832305944556, "A40": 0.09994822138608606, "A41": -0.02530034187206654, "A42": -0.20395173668463434, "A43": 0.26709944246539485, "A44": 0.03369513908232244, "A45": 0.07323558868517673, "A46": -0.0019617370336526252, "A47": 0.033201711899975894, "A48": -0.15902485587466852, "A49": -0.024271589355731624, "A50": -0.005947480767769606, "A51": 0.10039243390629607, "A52": -0.003339937217487166, "A53": 0.03305439079084599, "A54": 0.2052914055474951, "A55": -0.06626125499573439, "A56": 0.013799786624044637, "A57": -0.0485959353744703, "A58": -0.120158495910336, "A59": -0.252242663067865, "A60": -0.04111658951743703, "A61": -0.04425690247547204, "A62": 0.1441878965030705, "A63": 0.051724445312316326, "area_ha": 2.0055855722695446, "centroid_lat": 21.611953737975057, "centroid_lon": 85.40465066113518, "cluster_id": 4, "n_pixels": 201, "perim_m": 1340.0838575770151, "stand_id": 11, "stand_lbl": 107}}, {"type": "Feature", "geometry": {"type": "Polygon", "coordinates": [[[85.40527131517811, 21.611023931519505], [85.40527230549884, 21.610933616760352], [85.40546546694655, 21.610935468772055], [85.40546645714153, 21.610845154003922], [85.40556303781149, 21.610846079924436], [85.40556402793459, 21.610755765147314], [85.40566060855065, 21.610756691004944], [85.40565862842122, 21.610937320568166], [85.40575520916303, 21.610938246371898], [85.40575421914772, 21.611028561158], [85.40585079995243, 21.611029486916816], [85.40585574967864, 21.610577912977323], [85.40604891071311, 21.610579764288342], [85.40604990052181, 21.610489449484273], [85.40624306145749, 21.61049130056173], [85.40624207176556, 21.6105816153658], [85.40643523284497, 21.610583466227663], [85.40643325368572, 21.610764095853764], [85.40662641502563, 21.610765946509016], [85.40662443609095, 21.610946576153083], [85.4068175976824, 21.61094842660172], [85.40681561896332, 21.611129056254775], [85.40720194269417, 21.61113275650526], [85.40719996443325, 21.611313386185262], [85.40739312657266, 21.611315235996095], [85.40739114853629, 21.611495865694064], [85.40758431092723, 21.611497715298285], [85.40758233310648, 21.611678345005238], [85.4076789144322, 21.611679269730992], [85.40767990328868, 21.611588954873024], [85.40787306583233, 21.611590804144868], [85.40787405456305, 21.611500489268934], [85.40797063578997, 21.611501413824005], [85.40797162444882, 21.61141109894807], [85.40806820561285, 21.61141202343128], [85.40807018280479, 21.61123139367043], [85.40816676386102, 21.61123231809974], [85.40815984402161, 21.611864522267208], [85.40825642550004, 21.611865446660584], [85.40825345995468, 21.612136391306354], [85.40815687829658, 21.61213546689501], [85.40815588970959, 21.612225781770942], [85.40825247143057, 21.612226706182287], [85.40825148289748, 21.61231702105822], [85.4081549011226, 21.61231609664688], [85.40815391252663, 21.612406411513827], [85.40776758522946, 21.612402713266583], [85.40776956289751, 21.612222083559633], [85.40719007283212, 21.612216534558325], [85.40718809444542, 21.612397164211377], [85.4063188586152, 21.612388836855644], [85.40631984835203, 21.61229852206056], [85.40622326667595, 21.61229759652632], [85.40622425646669, 21.612207281731234], [85.4060310932493, 21.612205430501064], [85.40603307305533, 21.612024800937842], [85.40583991010743, 21.612022949492076], [85.40584189012009, 21.61184231993784], [85.4056487274327, 21.611840468294442], [85.40565268788919, 21.611479209212913], [85.40545952569587, 21.61147735737189], [85.40546348655661, 21.61111609830833], [85.405366905707, 21.611115172324933], [85.40536789596484, 21.6110248575568], [85.40527131517811, 21.611023931519505]]]}, "id": "+244+451", "properties": {"A00": 0.011673075392223908, "A01": -0.019034861938333026, "A02": 0.14847426074448114, "A03": 0.008946024454054513, "A04": -0.0476326873947571, "A05": -0.04594956635569404, "A06": -0.07245025911303955, "A07": 0.12394891375621536, "A08": -0.025325231282796106, "A09": -0.0239248883952695, "A10": 0.12195062780640209, "A11": -0.016429535837112385, "A12": -0.3085937390528537, "A13": -0.0207052548167988, "A14": 0.030407236746793978, "A15": 0.09777140262032297, "A16": -0.03250795082258401, "A17": 0.06316782833578602, "A18": -0.09432418703851922, "A19": -0.10727681655183226, "A20": -0.3834950090138772, "A21": 0.29130423815362494, "A22": 0.2572873180897069, "A23": -0.0172543815376936, "A24": 0.03500015985022368, "A25": 0.0554045745517415, "A26": 0.12874781586776088, "A27": -0.02140200855137405, "A28": -0.032367331507546136, "A29": 0.15852489067802758, "A30": 0.03477979425846481, "A31": 0.11253307279658706, "A32": 0.06276814817850875, "A33": 0.04585551144192432, "A34": 0.0469432475304055, "A35": -0.09459185727013097, "A36": -0.16495644000423254, "A37": 0.06920073591188827, "A38": 0.12119536910592955, "A39": -0.07960314888744031, "A40": 0.09298589075811471, "A41": 0.05285011251602356, "A42": -0.1873497207029083, "A43": 0.30495957847254057, "A44": 0.05534252184710237, "A45": 0.016925672415297903, "A46": -0.0611449312822836, "A47": 0.030088034263422568, "A48": -0.11849848919085831, "A49": 0.04932809452442262, "A50": -0.047540674437863376, "A51": 0.06554404337961732, "A52": -0.010469649382790578, "A53": 0.024507294882174072, "A54": 0.17337395687280746, "A55": -0.08337931159806014, "A56": 0.04504157267518612, "A57": -0.0964563585102803, "A58": -0.1335039611726366, "A59": -0.2570659297410675, "A60": -0.05022755574589981, "A61": -0.07647957407013298, "A62": 0.06247052165802847, "A63": 0.09491817758854901, "area_ha": 3.670228220371464, "centroid_lat": 21.61160204271987, "centroid_lon": 85.40672730600744, "cluster_id": 4, "n_pixels": 367, "perim_m": 1260.080012252363, "stand_id": 12, "stand_lbl": 115}}, {"type": "Feature", "geometry": {"type": "Polygon", "coordinates": [[[85.40218767838141, 21.610362066292893], [85.40219065495809, 21.610091122392728], [85.40228723497228, 21.610092050181738], [85.40228822709862, 21.610001735539367], [85.40315744694782, 21.61001008308923], [85.40315645536944, 21.610100397767532], [85.4033496155146, 21.610102252168755], [85.40334862404401, 21.610192566856043], [85.4035417843329, 21.610194421041673], [85.4035398016253, 21.61037505042523], [85.40373296216572, 21.610376904404244], [85.40373097968269, 21.610557533796786], [85.40392414048362, 21.610559387578174], [85.4039162112702, 21.61128190518427], [85.4048820204042, 21.61129117102795], [85.40488003925068, 21.611471800501338], [85.4049766203159, 21.61147272679016], [85.40497463925223, 21.611653356272534], [85.4046848957242, 21.611650577226406], [85.40468291429221, 21.611831206672846], [85.40429658917796, 21.611827500457544], [85.40429262528092, 21.612188759287545], [85.40409946227912, 21.612186905802602], [85.40409748005662, 21.61236753519514], [85.40390431683922, 21.61236568147664], [85.4039023343562, 21.61254631084223], [85.40370917091424, 21.61254445688118], [85.40371115363081, 21.612363827533553], [85.40361457204457, 21.61236290047218], [85.40361655485997, 21.612182271133538], [85.40351997339052, 21.61218134402725], [85.40352195630473, 21.61200071468861], [85.40342537496103, 21.611999787537403], [85.4034293409781, 21.61163852886012], [85.40333275987695, 21.611637601663997], [85.40333870909568, 21.611095713639088], [85.40314554763, 21.61109385914803], [85.40314653927126, 21.61100354447871], [85.40295337794932, 21.61100168977206], [85.40295436969838, 21.61091137511172], [85.4025680473599, 21.610907665033665], [85.40257399920172, 21.61036577716147], [85.40218767838141, 21.610362066292893]]]}, "id": "+200+453", "properties": {"A00": -0.061586064711557885, "A01": -0.006751042775761859, "A02": 0.20013393220161418, "A03": -0.047408852432800595, "A04": -0.07414493339022671, "A05": 0.05376438108178148, "A06": -0.03514257567008881, "A07": 0.08206442688820813, "A08": -0.006743081743545723, "A09": -0.05810320593051555, "A10": 0.08671110767576536, "A11": -0.0741330038017644, "A12": -0.3096711170823208, "A13": 0.03530872194650304, "A14": 0.05254242804210123, "A15": 0.11778857712814864, "A16": -0.09258331737711781, "A17": 0.09276474225247971, "A18": -0.11828264961115623, "A19": -0.12208026616797144, "A20": -0.29569177498731436, "A21": 0.31796907280945136, "A22": 0.21378436401764334, "A23": 0.010948997021145677, "A24": 0.03963923668455278, "A25": 0.021230235212874673, "A26": 0.10832628138298701, "A27": -0.05811938849568892, "A28": -0.09116601120628147, "A29": 0.1217567448034186, "A30": 0.09454152661423154, "A31": 0.14373551238901913, "A32": -0.022326638605996485, "A33": -0.02147767541117104, "A34": 0.04666679757109219, "A35": -0.02484080513634331, "A36": -0.19580132947101397, "A37": 0.130477540948375, "A38": 0.1259994036420442, "A39": -0.017374348464917845, "A40": 0.10108303784259914, "A41": -0.01282670741802723, "A42": -0.22170156159589283, "A43": 0.21181765617743964, "A44": 0.015605644111091315, "A45": 0.08383464840034477, "A46": 0.007370758466330534, "A47": 0.003469874606843865, "A48": -0.15735865030529522, "A49": -0.041460072955001585, "A50": 0.040288607724683234, "A51": 0.16033743890630417, "A52": -0.009906420730483279, "A53": 0.005409946962606597, "A54": 0.19352558826850286, "A55": -0.03638013259204303, "A56": 0.04279366557440268, "A57": -0.04657448201359407, "A58": -0.11778297829323219, "A59": -0.2631627332386217, "A60": -0.06430078006096679, "A61": -0.017646436318948546, "A62": 0.1527399602040267, "A63": 0.05292467905582213, "area_ha": 2.9983480421035127, "centroid_lat": 21.61112672296173, "centroid_lon": 85.40356369383095, "n_pixels": 300, "perim_m": 1140.0708359131088, "stand_id": 13, "stand_lbl": 103}}, {"type": "Feature", "geometry": {"type": "MultiPolygon", "coordinates": [[[[85.4039023343562, 21.61254631084223], [85.40390035186421, 21.61272694020782], [85.40351402451314, 21.61272323202521], [85.40351501601067, 21.612632917364873], [85.40341843424477, 21.612631990186717], [85.4034194257962, 21.61254167552638], [85.40332284409318, 21.61254074829433], [85.40332482729485, 21.61236011897365], [85.40313166414933, 21.612358264356832], [85.40313563096589, 21.611997005742428], [85.40303904964016, 21.61199607837563], [85.40304004138922, 21.611905763724273], [85.40294346013536, 21.611904836294592], [85.40294246832342, 21.611995150936963], [85.40265272440014, 21.611992368315537], [85.40265371639174, 21.61190205368215], [85.40255713515585, 21.611901126027888], [85.40255911923786, 21.611720496761112], [85.40246253812774, 21.611719569061933], [85.40246452230856, 21.61153893980414], [85.4023679413242, 21.61153801206005], [85.40236992560385, 21.611357382811235], [85.40227334474524, 21.611356455013244], [85.40227532912371, 21.611175825764434], [85.40217874838189, 21.611174897921526], [85.40218073286815, 21.610994268681697], [85.40208415225209, 21.610993340793875], [85.40208613683716, 21.610812711554047], [85.40198955634686, 21.610811783612327], [85.40199154102177, 21.61063115438148], [85.40189496066623, 21.610630226394843], [85.40189694543996, 21.610449597164], [85.40180036520118, 21.610448669132445], [85.4018023500827, 21.6102680399016], [85.40170576996971, 21.61026711182513], [85.40170874742672, 21.60999616798785], [85.4016121674934, 21.60999523986646], [85.40161415256355, 21.6098146106446], [85.40151757275599, 21.6098136824783], [85.40151955792497, 21.60963305326542], [85.40142297824316, 21.60963212504522], [85.40142496351095, 21.609451495832342], [85.4013283839549, 21.609450567567226], [85.40133036932151, 21.609269938363333], [85.40123378989124, 21.6092690100533], [85.40123577534767, 21.609088380849403], [85.40113919605214, 21.609087452485475], [85.4011411816074, 21.608906823290564], [85.40104460242864, 21.608905894881715], [85.4010465880917, 21.608725265686804], [85.40095000903871, 21.608724337233042], [85.40095199480058, 21.608543708047115], [85.4010485737278, 21.608544636491892], [85.40104758090975, 21.60863495108935], [85.40114415990884, 21.60863587948023], [85.40114515266401, 21.60854556488277], [85.40143488950856, 21.608548349714052], [85.40143389693306, 21.608638664329476], [85.40153047595011, 21.608639592495777], [85.4015294834285, 21.608729907120182], [85.40162606250844, 21.608730835241566], [85.40162209261065, 21.609092093721223], [85.40181525127359, 21.609093949829244], [85.40181227414894, 21.609364893702462], [85.40190885366906, 21.6093658216891], [85.40190786134508, 21.609456136313504], [85.40219760011203, 21.60945891993206], [85.40219561580543, 21.60963954920782], [85.40238877524989, 21.60964140468702], [85.40238480705891, 21.610002663274475], [85.40228822709862, 21.610001735539367], [85.40228723497228, 21.610092050181738], [85.40219065495809, 21.610091122392728], [85.40218767838141, 21.610362066292893], [85.40257399920172, 21.61036577716147], [85.4025680473599, 21.610907665033665], [85.40295436969838, 21.61091137511172], [85.40295337794932, 21.61100168977206], [85.40314653927126, 21.61100354447871], [85.40314554763, 21.61109385914803], [85.40333870909568, 21.611095713639088], [85.40333275987695, 21.611637601663997], [85.4034293409781, 21.61163852886012], [85.40342537496103, 21.611999787537403], [85.40352195630473, 21.61200071468861], [85.40351997339052, 21.61218134402725], [85.40361655485997, 21.612182271133538], [85.40361457204457, 21.61236290047218], [85.40371115363081, 21.612363827533553], [85.40370917091424, 21.61254445688118], [85.4039023343562, 21.61254631084223]]], [[[85.40409748005662, 21.61236753519514], [85.40409946227912, 21.612186905802602], [85.40429262528092, 21.612188759287545], [85.40429163429543, 21.612279073983814], [85.40419505273614, 21.612278147272782], [85.40419406167878, 21.612368461969055], [85.40409748005662, 21.61236753519514]]], [[[85.40409748005662, 21.61236753519514], [85.40409648894536, 21.612457849891413], [85.4039999072693, 21.61245692305462], [85.40399891608618, 21.612547237741907], [85.4039023343562, 21.61254631084223], [85.40390431683922, 21.61236568147664], [85.40409748005662, 21.61236753519514]]]]}, "id": "+200+455", "properties": {"A00": -0.054401490720423995, "A01": -0.04010656455402797, "A02": 0.2022690937387938, "A03": -0.015898602133881487, "A04": -0.06572963064289086, "A05": 0.03324447679627329, "A06": -0.04770315651628403, "A07": 0.09275808818350868, "A08": -0.02007009893406329, "A09": -0.061982292945257346, "A10": 0.08117922650101456, "A11": -0.07429761299783098, "A12": -0.3225419583216605, "A13": 0.04291842093834136, "A14": 0.056036478962432607, "A15": 0.11415205837158333, "A16": -0.08386316084811127, "A17": 0.07817680598225601, "A18": -0.1354958571366566, "A19": -0.11532863790478363, "A20": -0.2749003435145884, "A21": 0.3080725333816914, "A22": 0.2207479291196338, "A23": 0.0019343408116213596, "A24": 0.02522660468625291, "A25": 0.044272138491728535, "A26": 0.11136754813862332, "A27": -0.06343860033089341, "A28": -0.09443824544669162, "A29": 0.14799903785071414, "A30": 0.0926710293114878, "A31": 0.11904638304975684, "A32": -0.027060869501230114, "A33": -0.040148098644725946, "A34": 0.04977156193084527, "A35": -0.024691503518620414, "A36": -0.1812627695654698, "A37": 0.14204753041864435, "A38": 0.12388091440261219, "A39": -0.031707747963079756, "A40": 0.09328419508881032, "A41": -0.02143549784443903, "A42": -0.21737084777305626, "A43": 0.22960438206539455, "A44": 0.022123859922565055, "A45": 0.08495970897135219, "A46": 0.010115144401410885, "A47": 0.027884719456866325, "A48": -0.1648088545015879, "A49": -0.04393124130250849, "A50": 0.030247707260158692, "A51": 0.1424324065113168, "A52": -0.004309331688577303, "A53": 0.012247370683097978, "A54": 0.20930397563969505, "A55": -0.04772114796564265, "A56": 0.02510846880233924, "A57": -0.03260258686733725, "A58": -0.12362952592864639, "A59": -0.2399226526430138, "A60": -0.04708962807652774, "A61": -0.022771212483655188, "A62": 0.15005859944936045, "A63": 0.04228195620543728, "area_ha": 3.2289872727371978, "centroid_lat": 21.610692218722132, "centroid_lon": 85.40242042857075, "n_pixels": 323, "perim_m": 1780.109510390372, "stand_id": 14, "stand_lbl": 96}}, {"type": "Feature", "geometry": {"type": "Polygon", "coordinates": [[[85.40210995016923, 21.608645160343738], [85.40211193447583, 21.60846453105001], [85.40220851341203, 21.608465458821055], [85.40220752132161, 21.608555773472407], [85.40240067932878, 21.608557628843812], [85.40239869536354, 21.60873825816449], [85.40268843276506, 21.608741040839814], [85.4026874409621, 21.608831355509132], [85.4027840201678, 21.608832282956783], [85.40278302840976, 21.608922597635086], [85.40287960767834, 21.608923525028835], [85.40287861598318, 21.609013839707142], [85.40297519531465, 21.609014767055974], [85.40297222037292, 21.609285711090887], [85.40306879989302, 21.609286638394806], [85.40306681668237, 21.609467267751416], [85.40316339632825, 21.609468195010418], [85.40316141322539, 21.60964882437601], [85.40335457276868, 21.60965067873232], [85.40335258988142, 21.609831308115876], [85.40354574968521, 21.609833162265573], [85.40354376702253, 21.610013791658112], [85.40373692708684, 21.610015645601198], [85.40373494463975, 21.61019627500272], [85.40392810496456, 21.610198128748177], [85.40392711385331, 21.610288443453427], [85.4040236940831, 21.610289370245308], [85.40402270302575, 21.610379684959543], [85.40421586362005, 21.61038153837262], [85.40421487267947, 21.61047185309584], [85.404311453044, 21.610472779726024], [85.40430848036601, 21.610743723886703], [85.40411531927764, 21.61074187054549], [85.40411730131149, 21.610561241126], [85.40373097968269, 21.610557533796786], [85.40373296216572, 21.610376904404244], [85.4035398016253, 21.61037505042523], [85.4035417843329, 21.610194421041673], [85.40334862404401, 21.610192566856043], [85.4033496155146, 21.610102252168755], [85.40315645536944, 21.610100397767532], [85.40315744694782, 21.61001008308923], [85.40238480705891, 21.610002663274475], [85.40238877524989, 21.60964140468702], [85.40258193471233, 21.60964325995063], [85.40258391853384, 21.609462630629952], [85.40277707778067, 21.609464485651014], [85.4027810448847, 21.60910322697373], [85.40258788612296, 21.609101371997582], [85.40258986989056, 21.608920742667923], [85.4023001321387, 21.608917959803954], [85.40230112419319, 21.608827645143617], [85.40220454501444, 21.60882671741749], [85.40220652922223, 21.608646088123763], [85.40210995016923, 21.608645160343738]]]}, "id": "+204+433", "properties": {"A00": -0.019875473459523244, "A01": -0.04262557935186508, "A02": 0.164391400499958, "A03": 0.0002761620351651125, "A04": -0.06245062337768885, "A05": -0.0003221414567580719, "A06": -0.06296902193389636, "A07": 0.12406854558194473, "A08": -0.038967903436160245, "A09": -0.04914983934878772, "A10": 0.12417148200976516, "A11": -0.07349538569538715, "A12": -0.33167611331074176, "A13": 0.04475792112392142, "A14": 0.029848612127685525, "A15": 0.11404830333278332, "A16": -0.016705152587892787, "A17": 0.0370269418554698, "A18": -0.1675115302124519, "A19": -0.10357134294083169, "A20": -0.3208155111926616, "A21": 0.26139551621239837, "A22": 0.23398889106916154, "A23": -0.04984351564066058, "A24": 0.039331717812116196, "A25": 0.056822355667331154, "A26": 0.1139561358858185, "A27": -0.028043557574107442, "A28": -0.06204187865429623, "A29": 0.19390637828344745, "A30": 0.04408978168884127, "A31": 0.10484196642077871, "A32": 0.0131947933268847, "A33": 0.00641296276597772, "A34": 0.02635554851177192, "A35": -0.07813703897509933, "A36": -0.1637267946130677, "A37": 0.117977933179267, "A38": 0.09991109232768806, "A39": -0.07579033547548451, "A40": 0.08250383815625685, "A41": -0.00593151796046178, "A42": -0.18771252033181968, "A43": 0.29283957454684045, "A44": 0.04231135938896715, "A45": 0.06806088606899872, "A46": -0.018520232536142555, "A47": 0.08940593712165135, "A48": -0.12992544152009727, "A49": -0.02071521811381394, "A50": -0.016938218414506895, "A51": 0.05683632545972526, "A52": 0.02752953031159937, "A53": 0.03274793428613106, "A54": 0.22555121851193224, "A55": -0.07206397108878788, "A56": 0.016057557446015943, "A57": -0.070843201489879, "A58": -0.07568865339520489, "A59": -0.22254583510766704, "A60": -0.0034480030803420957, "A61": -0.08219421322899245, "A62": 0.14604425581394753, "A63": 0.07321615515616028, "area_ha": 1.233433906249937, "centroid_lat": 21.609715282516678, "centroid_lon": 85.40308490354909, "cluster_id": 3, "n_pixels": 123, "perim_m": 1040.064426516993, "stand_id": 15, "stand_lbl": 98}}, {"type": "Feature", "geometry": {"type": "Polygon", "coordinates": [[[85.40608750947034, 21.607057486354748], [85.40609245746279, 21.60660591214576], [85.40647876904842, 21.60660961333948], [85.40648074773156, 21.60642898361456], [85.40667390331328, 21.606430833865566], [85.40667588173591, 21.606250204122684], [85.40686903710203, 21.606252054122162], [85.40686606982291, 21.606522998758948], [85.40696264769012, 21.606523923691313], [85.40696066959987, 21.606704553461146], [85.40705724759285, 21.606705478339613], [85.4070542806012, 21.606976422994364], [85.40715085877383, 21.606977347827915], [85.40714888087223, 21.607157977606732], [85.40724545917962, 21.60715890239537], [85.40724249246644, 21.6074298470591], [85.40733907095348, 21.60743077180282], [85.40733610436608, 21.607701716466554], [85.40743268304178, 21.607702641174342], [85.40743070541865, 21.60788327095316], [85.40752728422011, 21.60788419561603], [85.40752431792015, 21.608155140288748], [85.40762089690128, 21.608156064906705], [85.4076189194578, 21.60833669468552], [85.40771549857368, 21.60833761925856], [85.40771253255221, 21.608608563940262], [85.40780911184774, 21.608609488468385], [85.40780713459291, 21.608790118256184], [85.40790371401421, 21.608791042739394], [85.4079007482802, 21.609061987430078], [85.40799732788116, 21.609062911859386], [85.40799535082397, 21.60924354166515], [85.4080919305507, 21.609244466049546], [85.40808896509516, 21.609515410758195], [85.40818554501054, 21.609516335097673], [85.408183568133, 21.60969696490344], [85.40828014817414, 21.609697889198003], [85.40827718299708, 21.609968833915634], [85.40837376322686, 21.60996975816528], [85.40837178653798, 21.61015038798003], [85.40846836688455, 21.61015131218476], [85.40846540199495, 21.610422256911377], [85.40856198253016, 21.61042318107119], [85.40856000602992, 21.61060381088594], [85.4086565866909, 21.61060473500084], [85.40865362207977, 21.610875679736438], [85.4087502029294, 21.61087660380642], [85.4087482266178, 21.611057233630156], [85.4088448075842, 21.611058157655222], [85.40884184326055, 21.611329102399804], [85.4089384244156, 21.611330026379957], [85.4089354602177, 21.611600971133523], [85.40903204156139, 21.61160189506876], [85.4090300655193, 21.611782524901475], [85.40912664698875, 21.611783448791794], [85.40912368307832, 21.61205439354536], [85.40893051979805, 21.612052545692855], [85.40892953169615, 21.61214286060472], [85.40883295000212, 21.61214193657965], [85.40883196183734, 21.61223225149152], [85.40815588970959, 21.612225781770942], [85.40815687829658, 21.61213546689501], [85.40825345995468, 21.612136391306354], [85.40825642550004, 21.611865446660584], [85.40815984402161, 21.611864522267208], [85.40816676386102, 21.61123231809974], [85.40807018280479, 21.61123139367043], [85.40806820561285, 21.61141202343128], [85.40797162444882, 21.61141109894807], [85.40797063578997, 21.611501413824005], [85.40787405456305, 21.611500489268934], [85.40787306583233, 21.611590804144868], [85.40767990328868, 21.611588954873024], [85.4076789144322, 21.611679269730992], [85.40758233310648, 21.611678345005238], [85.40758431092723, 21.611497715298285], [85.40739114853629, 21.611495865694064], [85.40739312657266, 21.611315235996095], [85.40719996443325, 21.611313386185262], [85.40720194269417, 21.61113275650526], [85.40681561896332, 21.611129056254775], [85.4068175976824, 21.61094842660172], [85.40662443609095, 21.610946576153083], [85.40663235171286, 21.61022405755884], [85.4067289320235, 21.610224982778668], [85.40673091076054, 21.610044353107646], [85.4062480098362, 21.610039726505455], [85.40625196844218, 21.609678467244265], [85.4063485483755, 21.60967939266172], [85.40634953795065, 21.609589077839686], [85.40625295808019, 21.60958815242223], [85.40625394770922, 21.60949783760918], [85.40644710735131, 21.609499688363243], [85.40645106534642, 21.609138429048155], [85.40635448576343, 21.609137503711548], [85.4063564648598, 21.60895687404951], [85.40645304431703, 21.608957799377137], [85.40645403379335, 21.608867484546117], [85.40664719261798, 21.60886933501272], [85.40664818196854, 21.60877902017272], [85.40684134068536, 21.608780870414744], [85.40684232991914, 21.608690555556777], [85.40674575061462, 21.608689630471698], [85.40674673989331, 21.608599315622712], [85.40665016066066, 21.608598390483735], [85.40665411797305, 21.608237131087797], [85.40675069697214, 21.608238056208812], [85.40675267547562, 21.608057426492877], [85.40665609660229, 21.608056501380847], [85.40666203235529, 21.607514612242024], [85.40646887533626, 21.607512761901187], [85.40647085411823, 21.607332132194234], [85.40627769735971, 21.60733028164678], [85.40627967635727, 21.607149651948813], [85.40618309811276, 21.607148726603224], [85.40618408766095, 21.607058411754238], [85.40608750947034, 21.607057486354748]]]}, "id": "+251+449", "properties": {"A00": 0.033373650052055275, "A01": -0.02656926055768631, "A02": 0.15837515802698324, "A03": 0.017617101230107835, "A04": -0.042957986029471075, "A05": -0.04631849959893538, "A06": -0.07420818844723097, "A07": 0.143575540863715, "A08": -0.01956572542775072, "A09": -0.005704153774716067, "A10": 0.11499412000731972, "A11": -0.0026261408911919496, "A12": -0.3120071606557525, "A13": -0.017355999505980792, "A14": 0.04324119145986164, "A15": 0.09047083313118111, "A16": -0.021200124632871672, "A17": 0.05556387912826311, "A18": -0.09999271934447405, "A19": -0.11751290788181264, "A20": -0.37695011980474613, "A21": 0.2618006952836321, "A22": 0.2583212545320475, "A23": -0.027663676084088325, "A24": 0.027125370063711553, "A25": 0.07150058265932897, "A26": 0.11998103239357323, "A27": -0.017354513378714437, "A28": -0.012109451423125674, "A29": 0.16956168815172504, "A30": 0.036383944489150465, "A31": 0.11003596360661241, "A32": 0.07235105053112001, "A33": 0.05269387335881087, "A34": 0.06256703141217325, "A35": -0.08336447503380731, "A36": -0.14091177922335227, "A37": 0.04943758917669303, "A38": 0.110196494139393, "A39": -0.07410819647421373, "A40": 0.08120969605366353, "A41": 0.055246753505445056, "A42": -0.18900557738136117, "A43": 0.32709051401223654, "A44": 0.06351826995983212, "A45": 0.003285008526782707, "A46": -0.08496399522404026, "A47": 0.0648360717978964, "A48": -0.12519093372178042, "A49": 0.04022586633867825, "A50": -0.055574204645932726, "A51": 0.045031437785321, "A52": -0.006571037601680892, "A53": 0.01691315614418963, "A54": 0.18234287160630303, "A55": -0.10725837104091947, "A56": 0.04214579765963715, "A57": -0.0755791795586444, "A58": -0.13532632906977146, "A59": -0.24006885920395987, "A60": -0.055369126388244226, "A61": -0.07643431605984267, "A62": 0.03953565802058549, "A63": 0.08932219753893024, "area_ha": 8.664153152859862, "centroid_lat": 21.609609962999084, "centroid_lon": 85.40743851817683, "cluster_id": 4, "n_pixels": 866, "perim_m": 2280.1447932974984, "stand_id": 16, "stand_lbl": 117}}, {"type": "Feature", "geometry": {"type": "MultiPolygon", "coordinates": [[[[85.40365918042326, 21.6082987391939], [85.40366017160638, 21.608208424479663], [85.40385332928116, 21.60821027814427], [85.40385233822381, 21.60830059286749], [85.40365918042326, 21.6082987391939]]], [[[85.40365918042326, 21.6082987391939], [85.40365818924015, 21.60838905391712], [85.40375476819432, 21.608389980780863], [85.4037508036505, 21.608751239655778], [85.40394396206189, 21.608753093266486], [85.40394297103148, 21.608843407989706], [85.40413612957764, 21.608845261375834], [85.40413513866402, 21.608935576108035], [85.40423171801345, 21.60893650272025], [85.40422973628502, 21.609117132193642], [85.40442289522643, 21.609118985274343], [85.4044209137136, 21.609299614756715], [85.4046140729155, 21.60930146762182], [85.40461209162726, 21.60948209712216], [85.40470867135399, 21.609483023482845], [85.40470470895713, 21.60984428247454], [85.40451154902757, 21.60984242967232], [85.40450659531285, 21.610294003351303], [85.40412027432185, 21.610290296974306], [85.40412126531633, 21.610199982260067], [85.40373494463975, 21.61019627500272], [85.40373692708684, 21.610015645601198], [85.40354376702253, 21.610013791658112], [85.40354574968521, 21.609833162265573], [85.40335258988142, 21.609831308115876], [85.40335457276868, 21.60965067873232], [85.40316141322539, 21.60964882437601], [85.40316339632825, 21.609468195010418], [85.40306681668237, 21.609467267751416], [85.40306879989302, 21.609286638394806], [85.40297222037292, 21.609285711090887], [85.40297519531465, 21.609014767055974], [85.40287861598318, 21.609013839707142], [85.40287960767834, 21.608923525028835], [85.40278302840976, 21.608922597635086], [85.4027840201678, 21.608832282956783], [85.4026874409621, 21.608831355509132], [85.40268843276506, 21.608741040839814], [85.40239869536354, 21.60873825816449], [85.40240067932878, 21.608557628843812], [85.40220752132161, 21.608555773472407], [85.40221148965634, 21.608194514858006], [85.40259780472744, 21.608198225322337], [85.40259681289753, 21.60828853999166], [85.4027899705813, 21.60829039489594], [85.40278897885919, 21.608380709574245], [85.40356161028596, 21.608388126990494], [85.40356260153197, 21.608297812276255], [85.40365918042326, 21.6082987391939]]]]}, "id": "+206+428", "properties": {"A00": 0.0223935863491489, "A01": -0.09387373844124731, "A02": 0.12210819764350773, "A03": 0.052101320662963746, "A04": -0.02916641055401893, "A05": -0.07379070306987347, "A06": -0.1040600369785585, "A07": 0.17888936731177882, "A08": -0.04291152780460417, "A09": -0.007454092082867622, "A10": 0.09765906469664212, "A11": -0.032604721040721346, "A12": -0.3434784009615038, "A13": 0.0173632652368847, "A14": -0.013711244387831742, "A15": 0.07850333011065473, "A16": -0.03401447489750289, "A17": 0.014299066075877007, "A18": -0.11599490618457832, "A19": -0.07513076560076214, "A20": -0.29244000803464226, "A21": 0.2486799705231424, "A22": 0.2969125949678986, "A23": -0.07900876333848765, "A24": 0.03777986503401322, "A25": 0.05871829197584442, "A26": 0.11641669909481717, "A27": 0.001964502658906883, "A28": -0.037695405787676675, "A29": 0.17063567305010627, "A30": 0.03445739390022405, "A31": 0.06269230640120269, "A32": 0.0669460129687235, "A33": -0.009421414837384026, "A34": 0.02706258583786475, "A35": -0.11385881874437706, "A36": -0.14116403297903532, "A37": 0.056630033223099153, "A38": 0.1141112381872055, "A39": -0.11508108291381323, "A40": 0.052968922677563944, "A41": 0.017627777286816994, "A42": -0.15681627192330344, "A43": 0.3647587033212893, "A44": 0.046253841844828156, "A45": 0.00809641133857317, "A46": -0.07288366084367172, "A47": 0.11598626475875666, "A48": -0.09411390966503991, "A49": 0.03516826040536464, "A50": -0.06193659735903634, "A51": 0.01894298303551625, "A52": 0.038594540684445504, "A53": 0.03960948992276484, "A54": 0.19484301896179257, "A55": -0.10835841293743416, "A56": 0.001001075925329086, "A57": -0.04956488600896583, "A58": -0.1261950718465013, "A59": -0.19746495869807773, "A60": 0.01403502640549642, "A61": -0.118644065116509, "A62": 0.03538762836374847, "A63": 0.06597667323957863, "area_ha": 2.898069781239172, "centroid_lat": 21.609204739544463, "centroid_lon": 85.40360461896307, "cluster_id": 5, "n_pixels": 290, "perim_m": 1060.0658703114154, "stand_id": 17, "stand_lbl": 104}}, {"type": "Feature", "geometry": {"type": "Polygon", "coordinates": [[[85.40365818924015, 21.60838905391712], [85.40365918042326, 21.6082987391939], [85.40385233822381, 21.60830059286749], [85.40385332928116, 21.60821027814427], [85.40433622357592, 21.608214911322126], [85.4043342420541, 21.608395540813483], [85.40462397905138, 21.608398320075207], [85.40462496963262, 21.608308005316054], [85.40472154857781, 21.608308931622844], [85.40472253910517, 21.608218616854707], [85.40481911799645, 21.608219543098613], [85.40482010845194, 21.60812922833048], [85.40491668728933, 21.608130154511503], [85.40492064881482, 21.607768895403026], [85.40482407021099, 21.60776796923997], [85.40482506063952, 21.60767765446285], [85.40472848210756, 21.60767672824589], [85.40472947258999, 21.607586413468773], [85.40482605106806, 21.60758733968573], [85.40483001271032, 21.60722608056827], [85.4047334344748, 21.60722515436928], [85.40473640583227, 21.606954210028942], [85.40454324972953, 21.606952357496212], [85.40454424029281, 21.606862042728075], [85.4040613504447, 21.606857410421583], [85.40406234130444, 21.60676709567141], [85.40396576340129, 21.606766169050214], [85.40396378156505, 21.60694679854157], [85.4038672035631, 21.60694587185749], [85.40386621257761, 21.607036186598677], [85.40376963451277, 21.607035259851713], [85.40377458969174, 21.606583686154764], [85.40474036756436, 21.6065929509025], [85.40474234840346, 21.606412321330293], [85.40503208151102, 21.606415099639804], [85.40503010103126, 21.606595729238958], [85.40512667886253, 21.60659665524032], [85.40512469848157, 21.606777284839474], [85.40522127643862, 21.606778210786935], [85.40521929615647, 21.606958840395073], [85.40531587423928, 21.606959766297617], [85.40531389406493, 21.607140395905756], [85.40550705048209, 21.60714224756712], [85.40550903042286, 21.606961617941014], [85.4060884990814, 21.606967171514746], [85.40608750947034, 21.607057486354748], [85.40618408766095, 21.607058411754238], [85.40618309811276, 21.607148726603224], [85.40627967635727, 21.607149651948813], [85.40627769735971, 21.60733028164678], [85.40647085411823, 21.607332132194234], [85.40646887533626, 21.607512761901187], [85.40666203235529, 21.607514612242024], [85.40665609660229, 21.608056501380847], [85.40675267547562, 21.608057426492877], [85.40675069697214, 21.608238056208812], [85.40665411797305, 21.608237131087797], [85.40665016066066, 21.608598390483735], [85.40674673989331, 21.608599315622712], [85.40674575061462, 21.608689630471698], [85.40684232991914, 21.608690555556777], [85.40684134068536, 21.608780870414744], [85.40664818196854, 21.60877902017272], [85.40664719261798, 21.60886933501272], [85.40645403379335, 21.608867484546117], [85.40645304431703, 21.608957799377137], [85.4063564648598, 21.60895687404951], [85.40635448576343, 21.609137503711548], [85.40645106534642, 21.609138429048155], [85.40644710735131, 21.609499688363243], [85.40625394770922, 21.60949783760918], [85.40625295808019, 21.60958815242223], [85.40634953795065, 21.609589077839686], [85.4063485483755, 21.60967939266172], [85.40625196844218, 21.609678467244265], [85.4062480098362, 21.610039726505455], [85.40673091076054, 21.610044353107646], [85.4067289320235, 21.610224982778668], [85.40663235171286, 21.61022405755884], [85.40662641502563, 21.610765946509016], [85.40643325368572, 21.610764095853764], [85.40643523284497, 21.610583466227663], [85.40624207176556, 21.6105816153658], [85.40624306145749, 21.61049130056173], [85.40604990052181, 21.610489449484273], [85.40604891071311, 21.610579764288342], [85.40585574967864, 21.610577912977323], [85.40585079995243, 21.611029486916816], [85.40575421914772, 21.611028561158], [85.40575520916303, 21.610938246371898], [85.40565862842122, 21.610937320568166], [85.40566060855065, 21.610756691004944], [85.40556402793459, 21.610755765147314], [85.40556303781149, 21.610846079924436], [85.40546645714153, 21.610845154003922], [85.40546546694655, 21.610935468772055], [85.40527230549884, 21.610933616760352], [85.40527131517811, 21.611023931519505], [85.40536789596484, 21.6110248575568], [85.405366905707, 21.611115172324933], [85.40546348655661, 21.61111609830833], [85.40546150613972, 21.6112967278446], [85.40526834420692, 21.61129487579696], [85.40526933453664, 21.61120456103781], [85.40507617274757, 21.611202708774577], [85.40507716319406, 21.611112394024406], [85.40420793593377, 21.611104056104484], [85.40420991788679, 21.61092342667601], [85.40411333722581, 21.610922499973963], [85.40411531927764, 21.61074187054549], [85.40430848036601, 21.610743723886703], [85.404311453044, 21.610472779726024], [85.40421487267947, 21.61047185309584], [85.40421586362005, 21.61038153837262], [85.40402270302575, 21.610379684959543], [85.4040236940831, 21.610289370245308], [85.40392711385331, 21.610288443453427], [85.40392810496456, 21.610198128748177], [85.40412126531633, 21.610199982260067], [85.40412027432185, 21.610290296974306], [85.40450659531285, 21.610294003351303], [85.40451154902757, 21.60984242967232], [85.40470470895713, 21.60984428247454], [85.40470867135399, 21.609483023482845], [85.40461209162726, 21.60948209712216], [85.4046140729155, 21.60930146762182], [85.4044209137136, 21.609299614756715], [85.40442289522643, 21.609118985274343], [85.40422973628502, 21.609117132193642], [85.40423171801345, 21.60893650272025], [85.40413513866402, 21.608935576108035], [85.40413612957764, 21.608845261375834], [85.40394297103148, 21.608843407989706], [85.40394396206189, 21.608753093266486], [85.4037508036505, 21.608751239655778], [85.40375476819432, 21.608389980780863], [85.40365818924015, 21.60838905391712]]]}, "id": "+216+439", "properties": {"A00": 0.017901098686034154, "A01": -0.04821679193312798, "A02": 0.14954608218166257, "A03": 0.020813981950223933, "A04": -0.04274087333314619, "A05": -0.03803198104802839, "A06": -0.0772675219523963, "A07": 0.12937363373360683, "A08": -0.03564015950010843, "A09": -0.01640702987393054, "A10": 0.12017714220145338, "A11": -0.020912685910508003, "A12": -0.32511793130989636, "A13": -0.0022879644964291495, "A14": 0.024370278157975784, "A15": 0.08352093064477312, "A16": -0.053648573097299146, "A17": 0.06940889955674398, "A18": -0.0984553314831747, "A19": -0.09020996169774678, "A20": -0.3774669441542508, "A21": 0.2952004512076055, "A22": 0.24810963123417662, "A23": -0.020574949368748704, "A24": 0.029124271803310592, "A25": 0.051028289054854854, "A26": 0.12196942624347694, "A27": -0.035334901644921306, "A28": -0.03507319185120457, "A29": 0.16369547688158478, "A30": 0.0206388166217759, "A31": 0.11396674314548198, "A32": 0.0363801200496975, "A33": 0.03715562345677259, "A34": 0.04991965143668119, "A35": -0.09490483302635401, "A36": -0.15229518815890064, "A37": 0.05730007712829721, "A38": 0.11896426565519463, "A39": -0.08537510508550894, "A40": 0.07731384381502895, "A41": 0.0426194559391621, "A42": -0.18335499691945872, "A43": 0.3111415824037063, "A44": 0.05354332011789774, "A45": 0.036387612807888124, "A46": -0.050496692015262926, "A47": 0.027621881400819545, "A48": -0.13140807590638362, "A49": 0.039281604581640726, "A50": -0.04125535334594606, "A51": 0.05985587875100415, "A52": -0.001859692550045716, "A53": 0.012072920309415461, "A54": 0.17424782096235852, "A55": -0.09070025315421236, "A56": 0.029304500697275925, "A57": -0.08533516388136546, "A58": -0.13679843781410014, "A59": -0.24558669888423357, "A60": -0.05268640223576869, "A61": -0.06810202312989179, "A62": 0.08442623019061604, "A63": 0.06710619524429112, "area_ha": 9.977798834278461, "centroid_lat": 21.608918679299457, "centroid_lon": 85.40536909755471, "cluster_id": 4, "n_pixels": 998, "perim_m": 2680.1682442286883, "stand_id": 18, "stand_lbl": 112}}, {"type": "Feature", "geometry": {"type": "Polygon", "coordinates": [[[85.40143389693306, 21.608638664329476], [85.40143885976568, 21.608187091234395], [85.40153543848629, 21.60818801938273], [85.40153643097196, 21.608097704758325], [85.40143985231424, 21.60809677660999], [85.40144084486279, 21.60800646199457], [85.40153742345764, 21.60800739013392], [85.40153940842, 21.607826760876126], [85.40163598689807, 21.607827688952597], [85.40163697931189, 21.607737374319207], [85.40173355774503, 21.607738302332795], [85.40173455008699, 21.607647987690424], [85.40183112846623, 21.607648915650113], [85.40183708206874, 21.607107027759948], [85.40174050404882, 21.60710609983619], [85.40174248866084, 21.606925470533483], [85.40193564445815, 21.606927326327096], [85.4019366366384, 21.60683701166676], [85.4021297923369, 21.606838867217824], [85.40212880027342, 21.606929181887146], [85.40222537819453, 21.60693010957734], [85.40221744201018, 21.60765262690496], [85.4024105988226, 21.607654482195517], [85.40240861496515, 21.607835111534158], [85.40221545791918, 21.607833256225636], [85.40220851341203, 21.608465458821055], [85.40211193447583, 21.60846453105001], [85.40210995016923, 21.608645160343738], [85.40220652922223, 21.608646088123763], [85.40220454501444, 21.60882671741749], [85.40230112419319, 21.608827645143617], [85.4023001321387, 21.608917959803954], [85.40258986989056, 21.608920742667923], [85.40258788612296, 21.609101371997582], [85.4027810448847, 21.60910322697373], [85.40277707778067, 21.609464485651014], [85.40258391853384, 21.609462630629952], [85.40258193471233, 21.60964325995063], [85.40219561580543, 21.60963954920782], [85.40219760011203, 21.60945891993206], [85.40190786134508, 21.609456136313504], [85.40190885366906, 21.6093658216891], [85.40181227414894, 21.609364893702462], [85.40181525127359, 21.609093949829244], [85.40162209261065, 21.609092093721223], [85.40162606250844, 21.608730835241566], [85.4015294834285, 21.608729907120182], [85.40153047595011, 21.608639592495777], [85.40143389693306, 21.608638664329476]]]}, "id": "+186+421", "properties": {"A00": -0.04615830093762967, "A01": -0.03151853252525292, "A02": 0.2303379128869598, "A03": -0.024894217443397443, "A04": -0.07079501106560362, "A05": 0.038719181122542835, "A06": -0.049464266309213564, "A07": 0.09661770452452965, "A08": -0.020365844610132078, "A09": -0.054258124831685905, "A10": 0.08993528559909449, "A11": -0.08188266782399431, "A12": -0.3107910470033056, "A13": 0.05411450122382734, "A14": 0.04023760745783752, "A15": 0.10599230460442806, "A16": -0.07187188944119235, "A17": 0.08714921102505002, "A18": -0.1293618410491607, "A19": -0.13003687013762433, "A20": -0.30072795395503643, "A21": 0.3350598274973039, "A22": 0.2196063879062576, "A23": -0.017220372605393473, "A24": 0.01113199105461958, "A25": 0.03220966040140697, "A26": 0.09475287915319029, "A27": -0.03914902392392183, "A28": -0.07376983066007765, "A29": 0.15173846714412048, "A30": 0.09153353159041613, "A31": 0.12188078257241872, "A32": -0.03623511904367105, "A33": -0.004282042424777197, "A34": 0.0195035045078499, "A35": -0.04019988718830532, "A36": -0.18563768755858057, "A37": 0.13906191183180872, "A38": 0.09812676872861785, "A39": -0.029442788636194185, "A40": 0.09802573430078343, "A41": 0.0005343785273283169, "A42": -0.20451889886586974, "A43": 0.23051706720586956, "A44": 0.02550136405116987, "A45": 0.08825879454724014, "A46": -0.0022809100538831594, "A47": 0.029768325551772615, "A48": -0.15400484974051737, "A49": -0.06399324124838565, "A50": 0.022569299440899984, "A51": 0.12756862403603103, "A52": 0.005467949202814658, "A53": -0.0061900010097683126, "A54": 0.18707671128796813, "A55": -0.04416155058617839, "A56": 0.019488859499916578, "A57": -0.030427470817483603, "A58": -0.10434363219239708, "A59": -0.24588911376987777, "A60": -0.04933070106499318, "A61": -0.03351653729235437, "A62": 0.16726148403752342, "A63": 0.02912882118799462, "area_ha": 2.0557217291263163, "centroid_lat": 21.608404885996688, "centroid_lon": 85.40202613083937, "cluster_id": 3, "n_pixels": 206, "perim_m": 1000.0612445420877, "stand_id": 19, "stand_lbl": 93}}, {"type": "Feature", "geometry": {"type": "Polygon", "coordinates": [[[85.40221148965634, 21.608194514858006], [85.40221545791918, 21.607833256225636], [85.40240861496515, 21.607835111534158], [85.4024105988226, 21.607654482195517], [85.40279691249232, 21.607658192111877], [85.40279492911098, 21.60783882148645], [85.40298808621984, 21.60784067612124], [85.40298709465044, 21.607930990817508], [85.40318025189403, 21.6079328452367], [85.40318520913014, 21.60748127171941], [85.40337836579882, 21.60748312587809], [85.40338034841659, 21.607302496449616], [85.40347692664312, 21.607303423430142], [85.40347890911715, 21.607122793992684], [85.40357548722692, 21.607123720910327], [85.4035774695662, 21.606943091454905], [85.40377062555216, 21.606944945110527], [85.40376963451277, 21.607035259851713], [85.40386621257761, 21.607036186598677], [85.4038672035631, 21.60694587185749], [85.40396378156505, 21.60694679854157], [85.40396576340129, 21.606766169050214], [85.40406234130444, 21.60676709567141], [85.4040613504447, 21.606857410421583], [85.40454424029281, 21.606862042728075], [85.40454324972953, 21.606952357496212], [85.40473640583227, 21.606954210028942], [85.4047334344748, 21.60722515436928], [85.40483001271032, 21.60722608056827], [85.40482605106806, 21.60758733968573], [85.40472947258999, 21.607586413468773], [85.40472848210756, 21.60767672824589], [85.40482506063952, 21.60767765446285], [85.40482407021099, 21.60776796923997], [85.40492064881482, 21.607768895403026], [85.40491668728933, 21.608130154511503], [85.40482010845194, 21.60812922833048], [85.40481911799645, 21.608219543098613], [85.40472253910517, 21.608218616854707], [85.40472154857781, 21.608308931622844], [85.40462496963262, 21.608308005316054], [85.40462397905138, 21.608398320075207], [85.4043342420541, 21.608395540813483], [85.40433622357592, 21.608214911322126], [85.40366017160638, 21.608208424479663], [85.40365918042326, 21.6082987391939], [85.40356260153197, 21.608297812276255], [85.40356161028596, 21.608388126990494], [85.40278897885919, 21.608380709574245], [85.4027899705813, 21.60829039489594], [85.40259681289753, 21.60828853999166], [85.40259780472744, 21.608198225322337], [85.40221148965634, 21.608194514858006]]]}, "id": "+207+407", "properties": {"A00": 0.02047801094903463, "A01": -0.07380282913252159, "A02": 0.16989054543214904, "A03": 0.013045307510142644, "A04": -0.03681231161953593, "A05": -0.05696997857877598, "A06": -0.08449145669080552, "A07": 0.1440382108708935, "A08": -0.028579710256136856, "A09": -0.00794825492440404, "A10": 0.10985302036732686, "A11": -0.01993214787078132, "A12": -0.3284799286232661, "A13": 0.011220463459982087, "A14": -0.0059126498732766965, "A15": 0.06830063466070932, "A16": -0.09004508268765303, "A17": 0.10842894259456015, "A18": -0.0798657810204621, "A19": -0.10766762286798608, "A20": -0.3840757167833038, "A21": 0.33524353151073183, "A22": 0.235194879830391, "A23": -0.020364536589380606, "A24": 0.026373547300086224, "A25": 0.02897679016213593, "A26": 0.09214007419001789, "A27": -0.003984865289998163, "A28": -0.02534396392010007, "A29": 0.15035583668426472, "A30": 0.02953699484090488, "A31": 0.09734122868118605, "A32": -0.018434389958484027, "A33": 0.05097432215239551, "A34": 0.02738637674905931, "A35": -0.10597040300433355, "A36": -0.12813820243166704, "A37": 0.05264001240477387, "A38": 0.14853903951683786, "A39": -0.04704470801469637, "A40": 0.07794212899115091, "A41": 0.06304514296784189, "A42": -0.16211876033175543, "A43": 0.28929945808188195, "A44": 0.025014208547400142, "A45": 0.029436188023719265, "A46": -0.06453497090821937, "A47": 0.00395333156126736, "A48": -0.15376045289277937, "A49": 0.017038378267340275, "A50": -0.052113941191895434, "A51": 0.0961895356368289, "A52": 0.03769478987800024, "A53": -0.008806690854540854, "A54": 0.1470825114445409, "A55": -0.06651019333314835, "A56": 0.020227779010675295, "A57": -0.07141116414987915, "A58": -0.15809508389559618, "A59": -0.2386089036786689, "A60": -0.053526396133234115, "A61": -0.06728797814491459, "A62": 0.0794521559260237, "A63": 0.05284108216055614, "area_ha": 2.988322232555399, "centroid_lat": 21.60772300394513, "centroid_lon": 85.4038019551868, "cluster_id": 4, "n_pixels": 299, "perim_m": 1060.0659677613444, "stand_id": 20, "stand_lbl": 106}}, {"type": "Feature", "geometry": {"type": "Polygon", "coordinates": [[[85.40221744201018, 21.60765262690496], [85.4022233941754, 21.60711073891598], [85.40251312831603, 21.607113521699105], [85.40251511197583, 21.60693289233351], [85.40261168990592, 21.60693381980811], [85.40261367342201, 21.606753190433533], [85.40280682907559, 21.606755045194085], [85.40280980394546, 21.60648410109629], [85.40290638159708, 21.60648502838224], [85.40290539003666, 21.606575343087496], [85.40300196776015, 21.60657627031955], [85.40299998474713, 21.60675689973006], [85.40338629614412, 21.606760608128262], [85.40338827868104, 21.606579978681822], [85.4035814341729, 21.606581832526093], [85.40357945187854, 21.6067624619905], [85.40377260763093, 21.606764315637136], [85.40377062555216, 21.606944945110527], [85.4035774695662, 21.606943091454905], [85.40357548722692, 21.607123720910327], [85.40347890911715, 21.607122793992684], [85.40347692664312, 21.607303423430142], [85.40338034841659, 21.607302496449616], [85.40337836579882, 21.60748312587809], [85.40318520913014, 21.60748127171941], [85.40318025189403, 21.6079328452367], [85.40298709465044, 21.607930990817508], [85.40298808621984, 21.60784067612124], [85.40279492911098, 21.60783882148645], [85.40279691249232, 21.607658192111877], [85.40221744201018, 21.60765262690496]]]}, "id": "+192+402", "properties": {"A00": -0.019760058597222654, "A01": -0.057268911331547157, "A02": 0.20400486671698123, "A03": -0.011678079304282352, "A04": -0.05699491002258564, "A05": -0.016781833962242542, "A06": -0.06673196125432297, "A07": 0.12297409803699985, "A08": -0.018784636256815444, "A09": -0.03912809658924452, "A10": 0.09772154566078357, "A11": -0.05028064577681372, "A12": -0.32178610138380764, "A13": 0.03152629412041428, "A14": 0.007341766558798865, "A15": 0.08498317865465815, "A16": -0.09466224413411704, "A17": 0.12141144413881609, "A18": -0.10153947378128984, "A19": -0.13146333424409476, "A20": -0.3699209484660906, "A21": 0.3575238456130068, "A22": 0.20762574313301874, "A23": -0.0007147112766561005, "A24": 0.0258948683723692, "A25": 0.01965811893179447, "A26": 0.08792217545252656, "A27": -0.014658702127179105, "A28": -0.05074770135090741, "A29": 0.1440042205791575, "A30": 0.056485753417396214, "A31": 0.10574015148027567, "A32": -0.05134170705208985, "A33": 0.045794484468978096, "A34": 0.012140212238596808, "A35": -0.08558727444409774, "A36": -0.1462343081768032, "A37": 0.0979376814163322, "A38": 0.13522915036697852, "A39": -0.020761212041112944, "A40": 0.09021576830127577, "A41": 0.04474018079597957, "A42": -0.17077029088059978, "A43": 0.2435402530269518, "A44": 0.016358331454622992, "A45": 0.06444114262847354, "A46": -0.033571867913149575, "A47": 4.694427345914599e-05, "A48": -0.16933461495373744, "A49": -0.02704509542675125, "A50": -0.017714684676454165, "A51": 0.12535698265311535, "A52": 0.03597450925289523, "A53": -0.021296200374982546, "A54": 0.15639085593057364, "A55": -0.03578873225715444, "A56": 0.024401570598050728, "A57": -0.059048676360477725, "A58": -0.14401105013534313, "A59": -0.24348168998929548, "A60": -0.06262157385548138, "A61": -0.0397312991577564, "A62": 0.13176755261053172, "A63": 0.03869012307554011, "area_ha": 1.3537692795237894, "centroid_lat": 21.60720497163249, "centroid_lon": 85.40294390956889, "cluster_id": 4, "n_pixels": 135, "perim_m": 680.042022775834, "stand_id": 21, "stand_lbl": 97}}, {"type": "Feature", "geometry": {"type": "MultiPolygon", "coordinates": [[[[85.40224025763737, 21.605575389420743], [85.40224124955711, 21.605485074733455], [85.40243440348593, 21.60548692982638], [85.40243341169194, 21.60557724452265], [85.40224025763737, 21.605575389420743]]], [[[85.40224025763737, 21.605575389420743], [85.40223926570866, 21.605665704108027], [85.40233584279433, 21.605666631690426], [85.40233485091952, 21.605756946377713], [85.40243142806807, 21.60575787390621], [85.40243043625613, 21.605848188593498], [85.40262359067901, 21.605850043497778], [85.40262458238315, 21.605759728792524], [85.4027211595407, 21.605760656159323], [85.40272016790843, 21.605850970855595], [85.40281674513783, 21.605851898168495], [85.40281476196311, 21.606032527579003], [85.40271818461693, 21.606031600266103], [85.40271620130746, 21.606212229667626], [85.40242646892753, 21.60620944735163], [85.40242448524077, 21.606390076717222], [85.40223133010821, 21.606388221543448], [85.40222934616094, 21.606568850891072], [85.4020361908128, 21.60656699547475], [85.40203321448764, 21.60683793947373], [85.4019366366384, 21.60683701166676], [85.40193564445815, 21.606927326327096], [85.40174248866084, 21.606925470533483], [85.40174050404882, 21.60710609983619], [85.40183708206874, 21.607107027759948], [85.40183112846623, 21.607648915650113], [85.40173455008699, 21.607647987690424], [85.40173355774503, 21.607738302332795], [85.40163697931189, 21.607737374319207], [85.40163598689807, 21.607827688952597], [85.40153940842, 21.607826760876126], [85.40153742345764, 21.60800739013392], [85.40144084486279, 21.60800646199457], [85.40143985231424, 21.60809677660999], [85.40153643097196, 21.608097704758325], [85.40153543848629, 21.60818801938273], [85.40143885976568, 21.608187091234395], [85.40143488950856, 21.608548349714052], [85.40114515266401, 21.60854556488277], [85.40114415990884, 21.60863587948023], [85.40104758090975, 21.60863495108935], [85.4010485737278, 21.608544636491892], [85.40085541587335, 21.60854277953945], [85.40085740172505, 21.608362150353525], [85.40076082292359, 21.608361221809933], [85.40076380185386, 21.60809027803553], [85.40066722323206, 21.60808934944702], [85.40067417429691, 21.60745714730076], [85.4007707524965, 21.607458075862322], [85.40076975956167, 21.607548390459776], [85.40086633782414, 21.60754931897642], [85.40086733070507, 21.607459004369982], [85.40106048712222, 21.607460861214623], [85.40105949436705, 21.607551175830046], [85.40115607264748, 21.607552104167027], [85.40115706533977, 21.607461789551603], [85.4012536435663, 21.607462717834686], [85.40125265092792, 21.60755303245909], [85.40144580751574, 21.607554888863557], [85.40145275500531, 21.60692268643882], [85.40164591077567, 21.606924542555827], [85.4016518648453, 21.606382654674647], [85.40174844238014, 21.60638358262535], [85.40174943465021, 21.606293267974], [85.40184601212216, 21.60629419586182], [85.40185196525756, 21.60575230789081], [85.40204511950976, 21.60575416345086], [85.40204611156425, 21.605663848772558], [85.40214268863195, 21.605664776471734], [85.40214368062355, 21.605574461784446], [85.40224025763737, 21.605575389420743]]]]}, "id": "+171+410", "properties": {"A00": -0.008008920554876807, "A01": -0.060489581828594645, "A02": 0.1676008797202065, "A03": 0.017454074442710667, "A04": -0.0560886342487364, "A05": 0.006996333210240612, "A06": -0.05062634600692438, "A07": 0.07664517546503916, "A08": -0.044747543837281266, "A09": -0.04123710385285412, "A10": 0.09199438451672186, "A11": -0.04360199069312228, "A12": -0.34785508569301093, "A13": 0.02407537331868288, "A14": 0.04348236482216412, "A15": 0.07238623984651955, "A16": -0.06673819967976469, "A17": 0.06613181224093026, "A18": -0.12936754877451484, "A19": -0.046864545279212105, "A20": -0.2832532439977388, "A21": 0.3133745080994544, "A22": 0.24895554171521048, "A23": -0.010021222960414411, "A24": 0.008309371694289002, "A25": 0.04684134562207538, "A26": 0.11583134722996218, "A27": -0.06561519839107985, "A28": -0.06837884859600692, "A29": 0.17014176851553184, "A30": 0.07031039323034781, "A31": 0.10370752739810024, "A32": 6.327423547656567e-05, "A33": -0.042888691357932225, "A34": 0.04589372987118023, "A35": -0.04999136426284567, "A36": -0.18593365047524898, "A37": 0.08961934074979538, "A38": 0.12613561391423173, "A39": -0.08349286004139304, "A40": 0.060079923397106605, "A41": -0.011060413695227667, "A42": -0.22029493546197895, "A43": 0.2647612879483074, "A44": 0.037907499713942486, "A45": 0.08254477005667903, "A46": 0.03057147620040673, "A47": 0.013728757641081567, "A48": -0.17259271934393502, "A49": -0.026501720515093176, "A50": 0.004541115664622744, "A51": 0.07785292779908894, "A52": -0.015734929685863177, "A53": 0.01173139195359243, "A54": 0.20948007761066176, "A55": -0.09045843064880052, "A56": 0.008817414309720249, "A57": -0.04774063564636504, "A58": -0.12681276605535932, "A59": -0.26407790643819284, "A60": -0.04124889762311408, "A61": -0.049754246486417235, "A62": 0.15007040352165518, "A63": 0.021709609622684495, "area_ha": 2.156000563140096, "centroid_lat": 21.607134996539116, "centroid_lon": 85.401621809644, "cluster_id": 3, "n_pixels": 216, "perim_m": 1300.0794625246378, "stand_id": 22, "stand_lbl": 91}}, {"type": "Feature", "geometry": {"type": "Polygon", "coordinates": [[[85.40435504700913, 21.606498930907208], [85.40435801896848, 21.60622798659382], [85.40464775164484, 21.606230765550116], [85.40464874210932, 21.606140450764013], [85.4047453196172, 21.606141376971987], [85.40474631001878, 21.606051062176903], [85.40484288747277, 21.606051988321994], [85.40484486812322, 21.60587135873182], [85.40513460017078, 21.605874136789804], [85.40513658044394, 21.605693507172685], [85.40484684876469, 21.605690729132668], [85.40484882937922, 21.605510099533515], [85.40475225227557, 21.605509173415374], [85.40475324264122, 21.605418858620286], [85.404849819673, 21.605419784729445], [85.40485080996679, 21.60532946993436], [85.40523711793222, 21.605333173805057], [85.40523810798345, 21.605242858983022], [85.40514153104151, 21.605241933098444], [85.40514252114664, 21.60515161828539], [85.40475621368428, 21.60514791422605], [85.4047581943527, 21.60496728461791], [85.40514450133895, 21.604970988650305], [85.40514549142613, 21.60488067382827], [85.40524206812553, 21.6048815996859], [85.40524305814982, 21.604791284863865], [85.40553278809531, 21.604794062104382], [85.40553377793995, 21.60470374726438], [85.40563035454053, 21.60470467288845], [85.40563134431329, 21.604614358048448], [85.405727920851, 21.604615283618617], [85.40572990027077, 21.60443465392065], [85.40611620601734, 21.60443835559946], [85.40611323761534, 21.60470930020031], [85.40620981424289, 21.604710225492003], [85.40620783539804, 21.604890855234885], [85.40630441216032, 21.604891780481662], [85.4063014440278, 21.605162725091496], [85.40639802096976, 21.605163650293356], [85.40639604231356, 21.605344280036242], [85.40649261938127, 21.60534520519319], [85.40648965153622, 21.605616149812004], [85.40658622879258, 21.605617074924034], [85.40658425032503, 21.6057977046759], [85.40668082769817, 21.605798629743013], [85.4066778601316, 21.606069574370817], [85.40677443769339, 21.606070499393013], [85.40677245941448, 21.60625112914488], [85.40667588173591, 21.606250204122684], [85.40667390331328, 21.606430833865566], [85.40648074773156, 21.60642898361456], [85.40647876904842, 21.60660961333948], [85.40609245746279, 21.60660591214576], [85.4060884990814, 21.606967171514746], [85.40550903042286, 21.606961617941014], [85.40550705048209, 21.60714224756712], [85.40531389406493, 21.607140395905756], [85.40531587423928, 21.606959766297617], [85.40521929615647, 21.606958840395073], [85.40522127643862, 21.606778210786935], [85.40512469848157, 21.606777284839474], [85.40512667886253, 21.60659665524032], [85.40503010103126, 21.606595729238958], [85.40503208151102, 21.606415099639804], [85.40474234840346, 21.606412321330293], [85.40474036756436, 21.6065929509025], [85.40445063415137, 21.60659017206298], [85.40445162475059, 21.606499857294846], [85.40435504700913, 21.606498930907208]]]}, "id": "+216+393", "properties": {"A00": 0.02006226085679082, "A01": -0.05722317107492419, "A02": 0.1625091135441462, "A03": 0.015255643724960353, "A04": -0.04885640655066114, "A05": -0.04716621727043104, "A06": -0.08649934034530604, "A07": 0.15480374740531555, "A08": -0.02867678994863021, "A09": -0.012139160067912673, "A10": 0.1167625742286209, "A11": -0.03204829114320302, "A12": -0.326419523826664, "A13": 0.01075887572717413, "A14": 0.035616599304688815, "A15": 0.08302937656839317, "A16": -0.01893238854893994, "A17": 0.07560079135966631, "A18": -0.13960777607923383, "A19": -0.12570518226445604, "A20": -0.3705057817393795, "A21": 0.26183600589508643, "A22": 0.22616903522138504, "A23": -0.04356892787640405, "A24": 0.03236631266481158, "A25": 0.05821565622647839, "A26": 0.11382660189044806, "A27": -0.00740238683832002, "A28": -0.022767784325815124, "A29": 0.17679077180630653, "A30": 0.02923005228910947, "A31": 0.10430711080648652, "A32": 0.03713738895396397, "A33": 0.06766362622579922, "A34": 0.029097358096479096, "A35": -0.10439552090659374, "A36": -0.12373894557555912, "A37": 0.06682240036693277, "A38": 0.10939197197746851, "A39": -0.06596749787370958, "A40": 0.07835440713982944, "A41": 0.045611974817050864, "A42": -0.1715197828183728, "A43": 0.31979763234045666, "A44": 0.05882625381540585, "A45": 0.018799983812760893, "A46": -0.07127989761402022, "A47": 0.08936764839563843, "A48": -0.12753436855091152, "A49": 0.019021647623721025, "A50": -0.04113563765094906, "A51": 0.03997719569860211, "A52": 0.029604110621930618, "A53": 0.008256317859338183, "A54": 0.1900945089493663, "A55": -0.0809629429370409, "A56": 0.021539884260691568, "A57": -0.07403935659045481, "A58": -0.11595968552276462, "A59": -0.21193112788101423, "A60": -0.040286680084583276, "A61": -0.07910397849795993, "A62": 0.07860303788113546, "A63": 0.07306311512383386, "area_ha": 4.09140186727146, "centroid_lat": 21.6058365900533, "centroid_lon": 85.40567500230296, "cluster_id": 4, "n_pixels": 409, "perim_m": 1320.0830812938736, "stand_id": 23, "stand_lbl": 113}}, {"type": "Feature", "geometry": {"type": "MultiPolygon", "coordinates": [[[[85.40224918474432, 21.60476255721719], [85.4021526082695, 21.604761629616824], [85.40215360019822, 21.604671314929536], [85.40225017661915, 21.604672242520916], [85.40224918474432, 21.60476255721719]]], [[[85.40224918474432, 21.60476255721719], [85.40234576122813, 21.604763484754667], [85.40234377758628, 21.60494411414721], [85.40253693080543, 21.60494596907844], [85.40253891421371, 21.604765339658947], [85.40244233772091, 21.60476441223825], [85.40245027161455, 21.604041894578252], [85.40264342364793, 21.604043749311852], [85.40264144044626, 21.60422437874931], [85.4027380165887, 21.60422530603526], [85.40273405036503, 21.60458656491916], [85.40283062675002, 21.60458749216918], [85.4028296352435, 21.604677806883416], [85.40273305878665, 21.604676879633395], [85.40273206721726, 21.604767194347634], [85.4026354907065, 21.604766267034734], [85.40263350742399, 21.604946896454223], [85.40282666067905, 21.604948751044095], [85.40282467761213, 21.60512938048155], [85.40301783112773, 21.605131234855826], [85.4030198139521, 21.604950605409385], [85.4031163905976, 21.60495153250669], [85.40311738194242, 21.604861217774488], [85.40321395853402, 21.604862144817893], [85.40321494981596, 21.604771830076707], [85.40360125599373, 21.604775537657446], [85.40359233643262, 21.60558837039999], [85.40378549062194, 21.60559022392985], [85.40378648158948, 21.605499909179677], [85.40397963567997, 21.605501762475974], [85.40397864483822, 21.605592077235126], [85.40426837620305, 21.60559485677533], [85.40426936686515, 21.60550454199821], [85.40446252101854, 21.605506394737553], [85.40446153047323, 21.60559670951467], [85.4045581076128, 21.605597635803495], [85.40455711712139, 21.605687950589594], [85.40475027154427, 21.605689803005543], [85.40475126190992, 21.60559948821046], [85.40484783906747, 21.605600414337584], [85.40484684876469, 21.605690729132668], [85.40513658044394, 21.605693507172685], [85.40513460017078, 21.605874136789804], [85.40484486812322, 21.60587135873182], [85.40484288747277, 21.606051988321994], [85.40474631001878, 21.606051062176903], [85.4047453196172, 21.606141376971987], [85.40464874210932, 21.606140450764013], [85.40464775164484, 21.606230765550116], [85.40435801896848, 21.60622798659382], [85.40435504700913, 21.606498930907208], [85.40445162475059, 21.606499857294846], [85.40445063415137, 21.60659017206298], [85.40377458969174, 21.606583686154764], [85.40377260763093, 21.606764315637136], [85.40357945187854, 21.6067624619905], [85.4035814341729, 21.606581832526093], [85.40338827868104, 21.606579978681822], [85.40338629614412, 21.606760608128262], [85.40299998474713, 21.60675689973006], [85.40300196776015, 21.60657627031955], [85.40290539003666, 21.606575343087496], [85.40290638159708, 21.60648502838224], [85.40280980394546, 21.60648410109629], [85.40280682907559, 21.606755045194085], [85.40261367342201, 21.606753190433533], [85.40261168990592, 21.60693381980811], [85.40251511197583, 21.60693289233351], [85.40251312831603, 21.607113521699105], [85.4022233941754, 21.60711073891598], [85.40222537819453, 21.60693010957734], [85.40212880027342, 21.606929181887146], [85.4021297923369, 21.606838867217824], [85.40203321448764, 21.60683793947373], [85.4020361908128, 21.60656699547475], [85.40222934616094, 21.606568850891072], [85.40223133010821, 21.606388221543448], [85.40242448524077, 21.606390076717222], [85.40242646892753, 21.60620944735163], [85.40271620130746, 21.606212229667626], [85.40271818461693, 21.606031600266103], [85.40281476196311, 21.606032527579003], [85.40281674513783, 21.605851898168495], [85.40272016790843, 21.605850970855595], [85.4027211595407, 21.605760656159323], [85.40262458238315, 21.605759728792524], [85.40262359067901, 21.605850043497778], [85.40243043625613, 21.605848188593498], [85.40243142806807, 21.60575787390621], [85.40233485091952, 21.605756946377713], [85.40233584279433, 21.605666631690426], [85.40223926570866, 21.605665704108027], [85.40224025763737, 21.605575389420743], [85.40214368062355, 21.605574461784446], [85.40214268863195, 21.605664776471734], [85.40204611156425, 21.605663848772558], [85.40204511950976, 21.60575416345086], [85.40185196525756, 21.60575230789081], [85.40185692606896, 21.605300734544205], [85.4020500797193, 21.605302590068323], [85.40205107173784, 21.605212275390016], [85.40195449497557, 21.605211347654908], [85.401955487057, 21.605121032976605], [85.40205206376538, 21.605121960702732], [85.40205404778452, 21.604941331337137], [85.40224720097672, 21.604943186600746], [85.40224918474432, 21.60476255721719]], [[85.40224025763737, 21.605575389420743], [85.40243341169194, 21.60557724452265], [85.40243440348593, 21.60548692982638], [85.40224124955711, 21.605485074733455], [85.40224025763737, 21.605575389420743]]]]}, "id": "+185+393", "properties": {"A00": -0.012959661717047653, "A01": -0.05727878086988913, "A02": 0.18130634374115237, "A03": 0.0030542662400870977, "A04": -0.05072583949810057, "A05": 0.0012620798084966554, "A06": -0.05195607479994023, "A07": 0.10144139274000251, "A08": -0.028825591830279437, "A09": -0.0407004336056607, "A10": 0.1063120373241423, "A11": -0.05027839345200276, "A12": -0.33288707699667924, "A13": 0.03680033455262483, "A14": 0.03737705807279112, "A15": 0.0933587405855824, "A16": -0.06694464092657434, "A17": 0.076921736011724, "A18": -0.12790103883778708, "A19": -0.09503871399496656, "A20": -0.32837589534113837, "A21": 0.3224023737851561, "A22": 0.23544262166964086, "A23": -0.019307820024206827, "A24": 0.013811451565719984, "A25": 0.03574272258025794, "A26": 0.1110648408417693, "A27": -0.03768841152827624, "A28": -0.061457184740090785, "A29": 0.1497313979984671, "A30": 0.05784276067016227, "A31": 0.10754341527778538, "A32": -0.02363722815286535, "A33": -0.004556717710319625, "A34": 0.04024689141123611, "A35": -0.06540723914543932, "A36": -0.17487220016467475, "A37": 0.11691127009588383, "A38": 0.10304269261541973, "A39": -0.07160331078600708, "A40": 0.0722780136696511, "A41": 0.0004922282720958232, "A42": -0.1872110662856186, "A43": 0.27217543229972907, "A44": 0.03847100653733226, "A45": 0.09188863155941729, "A46": -0.009198436600150128, "A47": 0.021820630755910186, "A48": -0.1533326005197859, "A49": -0.02952670336264297, "A50": -0.010361016778467517, "A51": 0.09513896662979976, "A52": 0.008772779560013795, "A53": 0.0041922609029842765, "A54": 0.19099234759947506, "A55": -0.06457469949771898, "A56": 0.009149660490870612, "A57": -0.05189940223734686, "A58": -0.11711311012131018, "A59": -0.2525738875515174, "A60": -0.04630503026846717, "A61": -0.052457489201373816, "A62": 0.14815897198225633, "A63": 0.03348555367329117, "area_ha": 4.5326220887010225, "centroid_lat": 21.60580477789571, "centroid_lon": 85.40321643389917, "cluster_id": 3, "n_pixels": 453, "perim_m": 2060.127418094264, "stand_id": 24, "stand_lbl": 100}}, {"type": "Feature", "geometry": {"type": "Polygon", "coordinates": [[[85.39858822937077, 21.603914438407738], [85.39858922347342, 21.603824123873164], [85.39868579915773, 21.603825053494738], [85.39868679319748, 21.60373473895118], [85.39878336883687, 21.60373566850987], [85.39878436280478, 21.60364535395733], [85.39917066515572, 21.603649071635132], [85.39916768393476, 21.603920015346652], [85.399360835501, 21.603921873871144], [85.39935984186548, 21.604012188450632], [85.39955299357545, 21.604014046759527], [85.39955498058598, 21.603833417591567], [85.39984470781856, 21.603836204614733], [85.39984570113967, 21.60374589001728], [85.39994227684194, 21.603746818911215], [85.39993929704032, 21.60401776272155], [85.40013244880419, 21.60401962035671], [85.40013145565375, 21.604109934963148], [85.40022803159857, 21.60411086370437], [85.40022902469511, 21.604020549097932], [85.40061532831268, 21.60402426347892], [85.40061632116667, 21.60393394885451], [85.40071289702165, 21.603934877308273], [85.40070793301224, 21.604386450466233], [85.40061135685183, 21.604385521994505], [85.40060738531012, 21.60474678049213], [85.40051080892513, 21.60474585193955], [85.40050683706004, 21.60510711040124], [85.40060341368758, 21.605108038971782], [85.40060242077071, 21.605198353587205], [85.40069899746112, 21.605199282094866], [85.40069800459815, 21.60528959671927], [85.40079458136044, 21.605290525182017], [85.40079557416053, 21.605200210557612], [85.40089215086891, 21.605201138957476], [85.40089115812272, 21.60529145358188], [85.40108431167424, 21.60529331021991], [85.40107835581696, 21.605835198029222], [85.40117493295654, 21.605836126285357], [85.40117294775162, 21.606016755561118], [85.40126952501697, 21.606017683772333], [85.4012635696268, 21.606559571572664], [85.40136014725148, 21.60656049975693], [85.40135716966869, 21.60683144366608], [85.40145374749098, 21.60683237180543], [85.40144580751574, 21.607554888863557], [85.40125265092792, 21.60755303245909], [85.4012536435663, 21.607462717834686], [85.40115706533977, 21.607461789551603], [85.40115607264748, 21.607552104167027], [85.40105949436705, 21.607551175830046], [85.40106048712222, 21.607460861214623], [85.40086733070507, 21.607459004369982], [85.40086633782414, 21.60754931897642], [85.40076975956167, 21.607548390459776], [85.4007707524965, 21.607458075862322], [85.40067417429691, 21.60745714730076], [85.40066920928139, 21.60790872026109], [85.40057263078535, 21.607907791627667], [85.4005746169335, 21.607727162450722], [85.40047803856322, 21.607726233763398], [85.40048002481018, 21.607545604595433], [85.40038344656568, 21.607544675863195], [85.40038543291145, 21.60736404669523], [85.40028885479272, 21.60736311790909], [85.40029084122831, 21.607182488750116], [85.40019426323533, 21.60718155991906], [85.40019624977874, 21.60700093076008], [85.40009967191153, 21.60700000188411], [85.40010165855375, 21.606819372734115], [85.4000050808123, 21.60681844381323], [85.40000706754435, 21.60663781466323], [85.39991048992866, 21.60663688568845], [85.3999124767685, 21.606456256547435], [85.3998158992786, 21.606455327527733], [85.3998188796731, 21.606184383816213], [85.39972230236285, 21.606183454751598], [85.39972428939134, 21.60600282561957], [85.39962771220685, 21.606001896510037], [85.39962969933416, 21.605821267378005], [85.39953312227543, 21.605820338214574], [85.39953510949256, 21.605639709091527], [85.39943853256858, 21.605638779883183], [85.39944051988454, 21.605458150760136], [85.39934394307734, 21.60545722150687], [85.39934593050108, 21.60527659239281], [85.39924935381966, 21.60527566309463], [85.39925134134222, 21.605095033980568], [85.39915476477756, 21.60509410462849], [85.39915675239895, 21.60491347552341], [85.39906017596904, 21.604912546126418], [85.39906216368924, 21.604731917021336], [85.39896558737611, 21.604730987579426], [85.39896757519512, 21.604550358474345], [85.39887099901674, 21.60454942898752], [85.39887298692558, 21.604368799891425], [85.39877641087297, 21.6043678703507], [85.39877939288445, 21.604096926711048], [85.39868281701149, 21.60409599713439], [85.39868480511797, 21.603915368038294], [85.39858822937077, 21.603914438407738]]]}, "id": "+166+402", "properties": {"A00": -0.028443237032720566, "A01": -0.03616506135939767, "A02": 0.15870976923202562, "A03": -0.0030969835519161423, "A04": -0.060898059294473214, "A05": 0.03394077278611808, "A06": -0.017021659964844334, "A07": 0.07875645540793881, "A08": -0.01957755084531049, "A09": -0.034973809248626656, "A10": 0.07649264790919216, "A11": -0.037612926572682955, "A12": -0.33271797134498515, "A13": 0.0282451056801568, "A14": 0.08177572235544822, "A15": 0.09436310863410378, "A16": -0.09796486163872929, "A17": 0.09181166083162451, "A18": -0.12747950990229853, "A19": -0.07869919081021608, "A20": -0.28413148986231274, "A21": 0.30189130169162265, "A22": 0.20696282986719394, "A23": 0.020329781727816104, "A24": 0.026445108874425922, "A25": 0.01862260664205905, "A26": 0.1274159913143752, "A27": -0.07805660255885881, "A28": -0.08782710984271853, "A29": 0.14862669663411848, "A30": 0.05685055630983946, "A31": 0.10307761938640439, "A32": -0.033942525900764166, "A33": -0.0457118455252919, "A34": 0.08384535748831572, "A35": -0.012495269102229022, "A36": -0.1702249015502235, "A37": 0.090275430472231, "A38": 0.12442588637896711, "A39": -0.04459880156230201, "A40": 0.05510049161488768, "A41": -0.009386944611355086, "A42": -0.2523854658114468, "A43": 0.21791387728949294, "A44": 0.021062518634993796, "A45": 0.09922157586131539, "A46": 0.039958013411786154, "A47": -0.01356788234644996, "A48": -0.1825922602345746, "A49": -0.02979629234838499, "A50": 0.0410100914442969, "A51": 0.13309952521461976, "A52": -0.037774013439804764, "A53": -0.017770360677542254, "A54": 0.22703176712377246, "A55": -0.0667160307476458, "A56": 0.01183471507843737, "A57": -0.02470367989888067, "A58": -0.13452267630536457, "A59": -0.28139174116400995, "A60": -0.05438118345910626, "A61": -0.04532455928116989, "A62": 0.15202940373502488, "A63": 0.03772042024919446, "area_ha": 6.4178557713554065, "centroid_lat": 21.605572820427184, "centroid_lon": 85.40019610911402, "n_pixels": 642, "perim_m": 1760.106312705827, "stand_id": 25, "stand_lbl": 81}}, {"type": "Feature", "geometry": {"type": "Polygon", "coordinates": [[[85.40050683706004, 21.60510711040124], [85.40051080892513, 21.60474585193955], [85.40060738531012, 21.60474678049213], [85.40061135685183, 21.604385521994505], [85.40070793301224, 21.604386450466233], [85.40071091143047, 21.604115506575052], [85.40080748741121, 21.604116434974916], [85.400806494674, 21.604206749617287], [85.40109622282287, 21.604209534502466], [85.40109423768982, 21.604390163805174], [85.40148054244825, 21.6043938762458], [85.40148153478123, 21.60430356157648], [85.40167468706612, 21.60430541745094], [85.40167567928229, 21.60421510278162], [85.40196540757489, 21.604217886157628], [85.40196342351084, 21.604398515532203], [85.40186684728754, 21.60439758778811], [85.40186585518815, 21.604487902466413], [85.40167270263376, 21.604486046798566], [85.40166972594928, 21.60475699080653], [85.40224918474432, 21.60476255721719], [85.40224720097672, 21.604943186600746], [85.40205404778452, 21.604941331337137], [85.40205206376538, 21.605121960702732], [85.401955487057, 21.605121032976605], [85.40195449497557, 21.605211347654908], [85.40205107173784, 21.605212275390016], [85.4020500797193, 21.605302590068323], [85.40185692606896, 21.605300734544205], [85.40184601212216, 21.60629419586182], [85.40174943465021, 21.606293267974], [85.40174844238014, 21.60638358262535], [85.4016518648453, 21.606382654674647], [85.40164591077567, 21.606924542555827], [85.40145275500531, 21.60692268643882], [85.40145374749098, 21.60683237180543], [85.40135716966869, 21.60683144366608], [85.40136014725148, 21.60656049975693], [85.4012635696268, 21.606559571572664], [85.40126952501697, 21.606017683772333], [85.40117294775162, 21.606016755561118], [85.40117493295654, 21.605836126285357], [85.40107835581696, 21.605835198029222], [85.40108431167424, 21.60529331021991], [85.40089115812272, 21.60529145358188], [85.40089215086891, 21.605201138957476], [85.40079557416053, 21.605200210557612], [85.40079458136044, 21.605290525182017], [85.40069800459815, 21.60528959671927], [85.40069899746112, 21.605199282094866], [85.40060242077071, 21.605198353587205], [85.40060341368758, 21.605108038971782], [85.40050683706004, 21.60510711040124]]]}, "id": "+176+391", "properties": {"A00": -0.052150297258486425, "A01": -0.03219033893266881, "A02": 0.19674118096447993, "A03": -0.016597200021421482, "A04": -0.06807885042348712, "A05": 0.058209247629316854, "A06": -0.03770117962874594, "A07": 0.08643646482077855, "A08": -0.009137152625964623, "A09": -0.05888761777481502, "A10": 0.08983116378733451, "A11": -0.0718724385640187, "A12": -0.3030435835178629, "A13": 0.04168447819658898, "A14": 0.0815766206806576, "A15": 0.10819664068291511, "A16": -0.08374836104847648, "A17": 0.0871922788194991, "A18": -0.11719272248914699, "A19": -0.12273880083614801, "A20": -0.28636128986763376, "A21": 0.30729704801953955, "A22": 0.2120393635761575, "A23": 0.002704995972816045, "A24": 0.01890933637923257, "A25": 0.024705328947082106, "A26": 0.12970830186055113, "A27": -0.07401160862752561, "A28": -0.09030637891906637, "A29": 0.14228648010977904, "A30": 0.08533405562425168, "A31": 0.13934680879086878, "A32": -0.0271718691631033, "A33": -0.01911758892243322, "A34": 0.03676812854021624, "A35": -0.011731025782236865, "A36": -0.19017634744139933, "A37": 0.12071050207336245, "A38": 0.10745162438634188, "A39": -0.018278200336793178, "A40": 0.10400819586332853, "A41": -0.01961003786147961, "A42": -0.23386187642704404, "A43": 0.20849643809367002, "A44": 0.02149581752811279, "A45": 0.08197223560176276, "A46": 0.03198953296300469, "A47": -0.007770978075937705, "A48": -0.18033646514938326, "A49": -0.05465547840449804, "A50": 0.04981865947217735, "A51": 0.13671616160566574, "A52": -0.0434796693952403, "A53": -0.0011436239717670005, "A54": 0.19752677486287654, "A55": -0.04587905048158797, "A56": 0.025164375163913826, "A57": -0.01729397430435493, "A58": -0.1158047054240826, "A59": -0.2748495892929573, "A60": -0.0580355785117031, "A61": -0.018181187699988163, "A62": 0.172117772141763, "A63": 0.029794116856631313, "area_ha": 2.6273124212812244, "centroid_lat": 21.605257071494982, "centroid_lon": 85.40136709786682, "n_pixels": 263, "perim_m": 1120.0682936866965, "stand_id": 26, "stand_lbl": 89}}, {"type": "Feature", "geometry": {"type": "MultiPolygon", "coordinates": [[[[85.40572990027077, 21.60443465392065], [85.4057318796546, 21.6042540242137], [85.40602160860296, 21.604256800528947], [85.40601962957845, 21.60443743026285], [85.40572990027077, 21.60443465392065]]], [[[85.40207388690689, 21.603135037465623], [85.40207587070145, 21.602954408055115], [85.40188272016827, 21.60295255275558], [85.40188371217783, 21.602862238059306], [85.40178713697863, 21.602861310324197], [85.40178812904209, 21.602770995627925], [85.40188470418741, 21.60277192335405], [85.40189065611007, 21.602230035140497], [85.40208380568205, 21.60223189036817], [85.40208281383418, 21.60232220508241], [85.4022759635499, 21.60232406010347], [85.40227497180982, 21.602414374817705], [85.40246812166926, 21.60241622962317], [85.40247010490687, 21.602235600158764], [85.4025666797198, 21.602236527462683], [85.40256469660797, 21.602417156936074], [85.40304757136437, 21.602421792674132], [85.40304856262834, 21.60233147792396], [85.4031451375401, 21.602332404895503], [85.40314612873219, 21.60224209013635], [85.40343585330577, 21.602244870709615], [85.40343783533064, 21.60206424116436], [85.40382413435782, 21.6020679477839], [85.40382017126028, 21.602429206946276], [85.40401332128143, 21.602431059955112], [85.40401133993927, 21.602611689545284], [85.40449421569281, 21.60261632112414], [85.40449223493455, 21.602796950759227], [85.40458881021462, 21.602797876913304], [85.40458088744212, 21.603520395435684], [85.40448431167697, 21.603519469245676], [85.40448233081092, 21.60370009885381], [85.40457890669285, 21.603701025052803], [85.40457692592561, 21.603881654669923], [85.40477007795, 21.60388350691519], [85.40476809740734, 21.604064136541293], [85.40496124968325, 21.604065988579947], [85.4049592693562, 21.604246618224018], [85.4051524219016, 21.60424847005606], [85.40515044179013, 21.60442909970911], [85.40534359459605, 21.604430951334542], [85.40534161470916, 21.604611581005564], [85.40553476776661, 21.60461343242438], [85.40553674741993, 21.604432802735396], [85.40572990027077, 21.60443465392065], [85.405727920851, 21.604615283618617], [85.40563134431329, 21.604614358048448], [85.40563035454053, 21.60470467288845], [85.40553377793995, 21.60470374726438], [85.40553278809531, 21.604794062104382], [85.40524305814982, 21.604791284863865], [85.40524206812553, 21.6048815996859], [85.40514549142613, 21.60488067382827], [85.40514450133895, 21.604970988650305], [85.4047581943527, 21.60496728461791], [85.40475621368428, 21.60514791422605], [85.40514252114664, 21.60515161828539], [85.40514153104151, 21.605241933098444], [85.40523810798345, 21.605242858983022], [85.40523711793222, 21.605333173805057], [85.40485080996679, 21.60532946993436], [85.404849819673, 21.605419784729445], [85.40475324264122, 21.605418858620286], [85.40475225227557, 21.605509173415374], [85.40484882937922, 21.605510099533515], [85.40484783906747, 21.605600414337584], [85.40475126190992, 21.60559948821046], [85.40475027154427, 21.605689803005543], [85.40455711712139, 21.605687950589594], [85.4045581076128, 21.605597635803495], [85.40446153047323, 21.60559670951467], [85.40446252101854, 21.605506394737553], [85.40426936686515, 21.60550454199821], [85.40426837620305, 21.60559485677533], [85.40397864483822, 21.605592077235126], [85.40397963567997, 21.605501762475974], [85.40378648158948, 21.605499909179677], [85.40378549062194, 21.60559022392985], [85.40359233643262, 21.60558837039999], [85.40360125599373, 21.604775537657446], [85.40321494981596, 21.604771830076707], [85.40321395853402, 21.604862144817893], [85.40311738194242, 21.604861217774488], [85.4031163905976, 21.60495153250669], [85.4030198139521, 21.604950605409385], [85.40301783112773, 21.605131234855826], [85.40282467761213, 21.60512938048155], [85.40282666067905, 21.604948751044095], [85.40263350742399, 21.604946896454223], [85.4026354907065, 21.604766267034734], [85.40273206721726, 21.604767194347634], [85.40273305878665, 21.604676879633395], [85.4028296352435, 21.604677806883416], [85.40283062675002, 21.60458749216918], [85.40273405036503, 21.60458656491916], [85.4027380165887, 21.60422530603526], [85.40264144044626, 21.60422437874931], [85.40264342364793, 21.604043749311852], [85.40245027161455, 21.604041894578252], [85.40244233772091, 21.60476441223825], [85.40253891421371, 21.604765339658947], [85.40253693080543, 21.60494596907844], [85.40234377758628, 21.60494411414721], [85.40234576122813, 21.604763484754667], [85.40224918474432, 21.60476255721719], [85.40225017661915, 21.604672242520916], [85.40215360019822, 21.604671314929536], [85.4021526082695, 21.604761629616824], [85.40166972594928, 21.60475699080653], [85.40167270263376, 21.604486046798566], [85.40186585518815, 21.604487902466413], [85.40186684728754, 21.60439758778811], [85.40196342351084, 21.604398515532203], [85.40196540757489, 21.604217886157628], [85.40167567928229, 21.60421510278162], [85.40167468706612, 21.60430541745094], [85.40148153478123, 21.60430356157648], [85.40148054244825, 21.6043938762458], [85.40109423768982, 21.604390163805174], [85.40110019304404, 21.603848275897047], [85.40129334470012, 21.603850132184732], [85.40129433712292, 21.60375981751541], [85.4014874886712, 21.603761673569533], [85.40148848096823, 21.60367135889123], [85.40158505668846, 21.603672286832953], [85.40158704114778, 21.603491657476344], [85.40168361676021, 21.6034925853462], [85.4016856010758, 21.603311955980608], [85.40178217657146, 21.603312883787584], [85.40178316866186, 21.60322256909131], [85.40187974410364, 21.60322349684439], [85.40188073613116, 21.603133182148117], [85.40207388690689, 21.603135037465623]], [[85.40207388690689, 21.603135037465623], [85.40207190308539, 21.60331566686715], [85.40226505412161, 21.603317521978042], [85.40226703770058, 21.603136892558553], [85.40207388690689, 21.603135037465623]]]]}, "id": "+208+377", "properties": {"A00": -0.002420404162425167, "A01": -0.04575866686127974, "A02": 0.14412278026656206, "A03": 0.024187917222476544, "A04": -0.04957142760956605, "A05": -0.04033211551351412, "A06": -0.08050856531552744, "A07": 0.14312814426549805, "A08": -0.02799349267284183, "A09": -0.03372584044120885, "A10": 0.12094986662591771, "A11": -0.04741492361704726, "A12": -0.3239072891267557, "A13": 0.004157998188504213, "A14": 0.050197855310255286, "A15": 0.09679770241587786, "A16": -0.03255427758526733, "A17": 0.08265616124235763, "A18": -0.12972763424524053, "A19": -0.1139005620905198, "A20": -0.3791272151249252, "A21": 0.27116390246841415, "A22": 0.22854252928810398, "A23": -0.03300776825637174, "A24": 0.03673457796713612, "A25": 0.06762322306432311, "A26": 0.12477472515363211, "A27": -0.03398845641636595, "A28": -0.037040995749373716, "A29": 0.16925142838619353, "A30": 0.030435740523875633, "A31": 0.11575870468670675, "A32": 0.043291245973548276, "A33": 0.04971602885078259, "A34": 0.045777745722457915, "A35": -0.09440117763436998, "A36": -0.12732298415814092, "A37": 0.08518956676448054, "A38": 0.10511055223341567, "A39": -0.06519628286256703, "A40": 0.08562405635679748, "A41": 0.02511328381635293, "A42": -0.1737931524994089, "A43": 0.30782506825596434, "A44": 0.06213142493041145, "A45": 0.03212492163073562, "A46": -0.04254150453876242, "A47": 0.06981170077997596, "A48": -0.12344909217226963, "A49": 0.03210735806775593, "A50": -0.030169579691053744, "A51": 0.054176191209220154, "A52": 0.01672363484486038, "A53": 0.03192687906311443, "A54": 0.1988169278557278, "A55": -0.08002454198965786, "A56": 0.03605306571224834, "A57": -0.08884723840063236, "A58": -0.11544753679370269, "A59": -0.2399914613632717, "A60": -0.04215139361466002, "A61": -0.07317115858196602, "A62": 0.10034060501271279, "A63": 0.06396590436576916, "area_ha": 9.977789640340863, "centroid_lat": 21.603865288788477, "centroid_lon": 85.40337725406688, "cluster_id": 4, "n_pixels": 998, "perim_m": 2760.171130711271, "stand_id": 27, "stand_lbl": 102}}, {"type": "Feature", "geometry": {"type": "Polygon", "coordinates": [[[85.39974813207137, 21.6038352756669], [85.39975309891946, 21.603383702688603], [85.3998496743702, 21.60338463161847], [85.39985066766437, 21.603294317012033], [85.3999472430612, 21.603295245888003], [85.39995121595038, 21.60293398744428], [85.40072381738241, 21.60294141625117], [85.40071984641564, 21.60330267482964], [85.4008164218574, 21.60330360320255], [85.40081443646383, 21.603484232487297], [85.40091101203136, 21.60348516080631], [85.40090902673661, 21.60366579010902], [85.4010056024299, 21.603666718374136], [85.40100460982745, 21.60375703302549], [85.40110118558363, 21.60375796124569], [85.40109622282287, 21.604209534502466], [85.400806494674, 21.604206749617287], [85.40080748741121, 21.604116434974916], [85.40071091143047, 21.604115506575052], [85.40071289702165, 21.603934877308273], [85.40061632116667, 21.60393394885451], [85.40061532831268, 21.60402426347892], [85.40022902469511, 21.604020549097932], [85.40022803159857, 21.60411086370437], [85.40013145565375, 21.604109934963148], [85.40013244880419, 21.60401962035671], [85.39993929704032, 21.60401776272155], [85.39994227684194, 21.603746818911215], [85.39984570113967, 21.60374589001728], [85.39984470781856, 21.603836204614733], [85.39974813207137, 21.6038352756669]]]}, "id": "+170+361", "properties": {"A00": -0.054532350669836624, "A01": -0.017964674145291477, "A02": 0.17139238028106543, "A03": 0.0028214545724296785, "A04": -0.05344645042609926, "A05": 0.026731326475446703, "A06": -0.0410383061590204, "A07": 0.11412399433247154, "A08": -0.00244442338437876, "A09": -0.058291496694848705, "A10": 0.09340854397159745, "A11": -0.08194031889334476, "A12": -0.30742705565841955, "A13": 0.021466018069328408, "A14": 0.07815239946693775, "A15": 0.11679253036765462, "A16": -0.10358776825007378, "A17": 0.11865244916744498, "A18": -0.09942365754264625, "A19": -0.1349663516231964, "A20": -0.3611733212834823, "A21": 0.302908430979978, "A22": 0.19937815878888845, "A23": 0.015929169855398384, "A24": 0.04930858923964713, "A25": 0.03829077394223238, "A26": 0.1317762713106565, "A27": -0.07497638073426577, "A28": -0.09365387418798564, "A29": 0.12126504029581532, "A30": 0.055404663581706724, "A31": 0.12082155967865615, "A32": -0.030429554423427988, "A33": 0.011305483593976604, "A34": 0.05831319175132265, "A35": -0.03374919642643546, "A36": -0.15612610004788696, "A37": 0.12322094058759293, "A38": 0.097648938146705, "A39": -0.016881939150399376, "A40": 0.1098365273751288, "A41": -0.002862206284785289, "A42": -0.21952784677583545, "A43": 0.21617236744551685, "A44": 0.039700591583345456, "A45": 0.083112903698427, "A46": -0.0023929652836601964, "A47": -0.005809303628547416, "A48": -0.15622952479653243, "A49": 0.010058595716067915, "A50": 0.0266620803139816, "A51": 0.15019416278339648, "A52": -0.015354389503114225, "A53": 0.011231340239357287, "A54": 0.1937036218342582, "A55": -0.026792311656307542, "A56": 0.044673979195635975, "A57": -0.04738392827637624, "A58": -0.13564065416501517, "A59": -0.2743962797692051, "A60": -0.05754934663503164, "A61": -0.021928781055252235, "A62": 0.14345570458498227, "A63": 0.050221368811239224, "area_ha": 1.3437392036069638, "centroid_lat": 21.603563225179407, "centroid_lon": 85.4004070429273, "n_pixels": 134, "perim_m": 620.0376058262616, "stand_id": 28, "stand_lbl": 83}}, {"type": "Feature", "geometry": {"type": "Polygon", "coordinates": [[[85.3980207082067, 21.60282508520341], [85.39802170261477, 21.602734770668835], [85.39811827755346, 21.602735700577867], [85.39812026621689, 21.60255507150872], [85.39821684103882, 21.60255600135487], [85.3982188295675, 21.60237537227674], [85.39841197898677, 21.602377231780395], [85.39841595550514, 21.602015973570232], [85.3987056789558, 21.6020187623541], [85.39870667288777, 21.601928447783592], [85.39880324732343, 21.60192937727042], [85.39880424119251, 21.601839062690928], [85.39890081557425, 21.601839992114872], [85.39889882795288, 21.602020621264867], [85.39899540246039, 21.602021550634912], [85.39899440869911, 21.6021118652144], [85.3990909832695, 21.60211279453953], [85.39908800213836, 21.602383738277997], [85.3993777264155, 21.60238652593897], [85.39937573932411, 21.6025671551249], [85.3994723142179, 21.602568084243416], [85.39947132072611, 21.60265839883189], [85.39956789568278, 21.602659327896504], [85.39956292843944, 21.603110900883784], [85.39965950370154, 21.603111829912468], [85.39965751688864, 21.60329245910738], [85.3997540922765, 21.603293388082164], [85.39974813207137, 21.6038352756669], [85.39955498058598, 21.603833417591567], [85.39955299357545, 21.604014046759527], [85.39935984186548, 21.604012188450632], [85.399360835501, 21.603921873871144], [85.39916768393476, 21.603920015346652], [85.39917066515572, 21.603649071635132], [85.39878436280478, 21.60364535395733], [85.39878336883687, 21.60373566850987], [85.39868679319748, 21.60373473895118], [85.39868579915773, 21.603825053494738], [85.39858922347342, 21.603824123873164], [85.39859021757606, 21.603733809329608], [85.39849364195464, 21.60373287965414], [85.39849563024976, 21.603552250567024], [85.3983990547541, 21.603551320846638], [85.39840104315701, 21.603370691768504], [85.39830446777813, 21.603369762003204], [85.39830645627985, 21.603189132925074], [85.39820988103573, 21.603188203105873], [85.39821186963627, 21.603007574045705], [85.39811529450893, 21.603006644172606], [85.39811728320828, 21.60282601511244], [85.3980207082067, 21.60282508520341]]]}, "id": "+154+359", "properties": {"A00": 0.03244030859605274, "A01": -0.03955275018180925, "A02": 0.11539967940024107, "A03": 0.008767280547894118, "A04": -0.04339635692660797, "A05": 0.01449454196286035, "A06": -0.04720550541712694, "A07": 0.0889085703796652, "A08": -0.060679175858421815, "A09": -0.00737416073754327, "A10": 0.10293381378400793, "A11": -0.00674277651322164, "A12": -0.35196017816594005, "A13": 0.005346582115591341, "A14": 0.07238092898233196, "A15": 0.06735688882878493, "A16": -0.0756544384356108, "A17": 0.07444829248820078, "A18": -0.1449677037988338, "A19": -0.015039024331169604, "A20": -0.32315028327092526, "A21": 0.2914635114613014, "A22": 0.2140306882355116, "A23": 0.0005432217515926052, "A24": 0.024828102100529367, "A25": 0.01881548616807491, "A26": 0.13706943327719756, "A27": -0.07566864238206462, "A28": -0.058164936901595014, "A29": 0.1767880589099592, "A30": 0.021664506896736532, "A31": 0.1050905354021662, "A32": 0.014869149042188515, "A33": -0.03141605017765069, "A34": 0.06636405180605451, "A35": -0.041130105382373564, "A36": -0.14749452212349315, "A37": 0.033396876987147446, "A38": 0.11123150292703093, "A39": -0.08771468400468295, "A40": 0.016541386012185293, "A41": 0.01987593940765653, "A42": -0.2296511341488441, "A43": 0.27544327997033846, "A44": 0.05658837145794048, "A45": 0.1042527442045472, "A46": 0.04183985879430914, "A47": -0.01083088765549444, "A48": -0.17599598602869115, "A49": 0.0039850768357772536, "A50": 0.0016599624258739885, "A51": 0.046466866664931064, "A52": -0.013179553889041226, "A53": -0.025076308998170028, "A54": 0.22429917285296647, "A55": -0.11588833411460306, "A56": 0.013878028823720504, "A57": -0.06195904333017568, "A58": -0.12716380220993334, "A59": -0.28029915699794156, "A60": -0.050532483733810196, "A61": -0.07060497888918962, "A62": 0.1345423983121122, "A63": 0.017593338772512672, "area_ha": 2.5069731967430653, "centroid_lat": 21.602985928868918, "centroid_lon": 85.39892838506152, "cluster_id": 3, "n_pixels": 251, "perim_m": 880.052752342249, "stand_id": 29, "stand_lbl": 74}}, {"type": "Feature", "geometry": {"type": "Polygon", "coordinates": [[[85.39938964851459, 21.601302750751532], [85.39939163546222, 21.601122121538655], [85.39948820939482, 21.601123050585304], [85.39948920279677, 21.601032735978865], [85.39958577667547, 21.60103366496263], [85.39958875667472, 21.600762721107383], [85.39978190409074, 21.600764578895255], [85.39978389049043, 21.60058394962848], [85.39997703768186, 21.600585807173807], [85.39997902383001, 21.600405177898047], [85.40036531779968, 21.60040889227005], [85.40036333213662, 21.600589521581743], [85.4004599057638, 21.600590450044486], [85.40045891298168, 21.600680764704826], [85.40055548667172, 21.600681693122652], [85.40055250848705, 21.600952637103667], [85.40035936074764, 21.600950780205128], [85.40035836788466, 21.601041094856484], [85.4000686461408, 21.601038309064005], [85.40006765309816, 21.601128623706376], [85.39997107913862, 21.601127694992105], [85.39996313410587, 21.60185021202328], [85.40015628300412, 21.60185206946081], [85.40015429692784, 21.602032698718602], [85.4003474460866, 21.602034555949523], [85.4003454602349, 21.60221518522528], [85.40053860964518, 21.602217042249585], [85.400534638364, 21.602578300828057], [85.40092093820864, 21.60258201426581], [85.4009189530127, 21.602762643586487], [85.40130525341432, 21.60276635616186], [85.4013042610544, 21.602856670840165], [85.40140083622667, 21.602857598844768], [85.40139984392066, 21.602947913523074], [85.40168956965306, 21.60295069723146], [85.40168758537341, 21.603131326606032], [85.40188073613116, 21.603133182148117], [85.40187974410364, 21.60322349684439], [85.40178316866186, 21.60322256909131], [85.40178217657146, 21.603312883787584], [85.4016856010758, 21.603311955980608], [85.40168361676021, 21.6034925853462], [85.40158704114778, 21.603491657476344], [85.40158505668846, 21.603672286832953], [85.40148848096823, 21.60367135889123], [85.4014874886712, 21.603761673569533], [85.40129433712292, 21.60375981751541], [85.40129334470012, 21.603850132184732], [85.40110019304404, 21.603848275897047], [85.40110118558363, 21.60375796124569], [85.40100460982745, 21.60375703302549], [85.4010056024299, 21.603666718374136], [85.40090902673661, 21.60366579010902], [85.40091101203136, 21.60348516080631], [85.40081443646383, 21.603484232487297], [85.4008164218574, 21.60330360320255], [85.40071984641564, 21.60330267482964], [85.40072381738241, 21.60294141625117], [85.39995121595038, 21.60293398744428], [85.3999472430612, 21.603295245888003], [85.39985066766437, 21.603294317012033], [85.3998496743702, 21.60338463161847], [85.39975309891946, 21.603383702688603], [85.3997540922765, 21.603293388082164], [85.39965751688864, 21.60329245910738], [85.39965950370154, 21.603111829912468], [85.39975607897262, 21.603112758887253], [85.39976601212082, 21.602209612813876], [85.39957286279139, 21.602207754900242], [85.39957683639022, 21.601846496474483], [85.39976998523457, 21.60184835436117], [85.399771971769, 21.601667725121345], [85.39957882315821, 21.601665867252624], [85.39958180326526, 21.601394923424323], [85.39948522915302, 21.601393994413606], [85.39948622257293, 21.601303679807167], [85.39938964851459, 21.601302750751532]]]}, "id": "+172+357", "properties": {"A00": -0.02414573272906967, "A01": -0.025033500843055296, "A02": 0.14004959034325282, "A03": 0.015583956333609058, "A04": -0.048614285883542184, "A05": -0.002480926879951495, "A06": -0.07157698160828002, "A07": 0.12293134632933234, "A08": -0.02612708855367336, "A09": -0.038091336323193635, "A10": 0.1162756288601114, "A11": -0.05953588116346115, "A12": -0.3195926695034685, "A13": 0.016621318784529448, "A14": 0.06408159394180435, "A15": 0.11011247071582951, "A16": -0.07000781347610774, "A17": 0.09087815166403392, "A18": -0.12572564455764232, "A19": -0.11772549817537623, "A20": -0.3932271991789437, "A21": 0.2850209874302263, "A22": 0.19468487393517597, "A23": -0.0012620914942711049, "A24": 0.039540316871257, "A25": 0.061222671467238074, "A26": 0.12504083863264026, "A27": -0.06795845653662344, "A28": -0.06957947372417066, "A29": 0.14395765410219818, "A30": 0.02968065543987528, "A31": 0.12501640684171186, "A32": -0.0006868115457101441, "A33": 0.028395648841737425, "A34": 0.0724357795350661, "A35": -0.06536122760591216, "A36": -0.14487174980389217, "A37": 0.10556867296896545, "A38": 0.10108946770008007, "A39": -0.045363856741113824, "A40": 0.09173046240927504, "A41": 0.020793427560340208, "A42": -0.19677422031083897, "A43": 0.2628644740431101, "A44": 0.060407926213782485, "A45": 0.06179210344674425, "A46": -0.01123152771223631, "A47": 0.026788187649767526, "A48": -0.14016692473893705, "A49": 0.030369597942075784, "A50": -0.0004075088208081646, "A51": 0.09610191526508763, "A52": 0.006583502838345125, "A53": 0.02584203850062699, "A54": 0.19945976827951575, "A55": -0.05834667528083367, "A56": 0.050144851711590555, "A57": -0.08533048764023671, "A58": -0.1297646855742332, "A59": -0.2601547033833005, "A60": -0.06160911469358621, "A61": -0.05576343667761868, "A62": 0.1340275908172764, "A63": 0.05850137202506009, "area_ha": 3.0083719634546906, "centroid_lat": 21.602304061313642, "centroid_lon": 85.40041402453816, "cluster_id": 2, "n_pixels": 301, "perim_m": 1560.0945831065571, "stand_id": 30, "stand_lbl": 84}}, {"type": "Feature", "geometry": {"type": "MultiPolygon", "coordinates": [[[[85.40207388690689, 21.603135037465623], [85.40226703770058, 21.603136892558553], [85.40226505412161, 21.603317521978042], [85.40207190308539, 21.60331566686715], [85.40207388690689, 21.603135037465623]]], [[[85.40239336250588, 21.600428378049084], [85.40229678889668, 21.600427450718218], [85.40229778052895, 21.600337135968047], [85.40239435407527, 21.600338063298913], [85.40239336250588, 21.600428378049084]]], [[[85.40364881990156, 21.600440428301834], [85.4035522462205, 21.600439501689618], [85.40355323707124, 21.600349186894533], [85.40364981068942, 21.600350113497765], [85.40364881990156, 21.600440428301834]]], [[[85.40239336250588, 21.600428378049084], [85.40326252522222, 21.60043672153856], [85.40326054315243, 21.600617351110767], [85.40287424808682, 21.600613643413244], [85.40287226551396, 21.600794272949518], [85.40267911776557, 21.60079241874592], [85.40267614351552, 21.601063363014397], [85.40248299543475, 21.601061508568257], [85.40247407131021, 21.60187434122995], [85.40266722047794, 21.60187619574796], [85.40266821193954, 21.60178588100677], [85.402764786474, 21.60178680817594], [85.40276577787272, 21.601696493434755], [85.40286235235328, 21.601697420541043], [85.40286433502494, 21.601516791031724], [85.40383007885141, 21.601526059004406], [85.40383998592154, 21.600622910963722], [85.40364683830788, 21.600621057900987], [85.40364881990156, 21.600440428301834], [85.40403511466175, 21.600444134166793], [85.40403214298088, 21.60071507861493], [85.40422529075624, 21.60071693123749], [85.40422033845188, 21.601168505356647], [85.40441348683808, 21.60117035779056], [85.40441150612475, 21.601350987452598], [85.40460465477146, 21.601352839679897], [85.40460663525124, 21.60117221000888], [85.40470320946231, 21.60117313603719], [85.4047022192853, 21.60126345087719], [85.40479879356823, 21.601264376851603], [85.40479681332202, 21.601445006531605], [85.40489338772174, 21.6014459324611], [85.40489041748717, 21.60171687699907], [85.40498699207554, 21.601717802874667], [85.40498501201796, 21.601898432572636], [85.4050815867321, 21.601899358403315], [85.40507861678498, 21.60217030295027], [85.40517519167877, 21.602171228745018], [85.40517321180985, 21.602351858442987], [85.40526978682941, 21.602352784183836], [85.40526681716076, 21.602623728739772], [85.40536339236897, 21.60262465444469], [85.40536141268869, 21.602805284151643], [85.40545798801368, 21.602806209802658], [85.40545501863251, 21.60307715436758], [85.40555159414613, 21.603078079982662], [85.4055496146545, 21.603258709698597], [85.4056461902939, 21.603259635259786], [85.4056432211912, 21.603530579833688], [85.40573979701924, 21.60353150534996], [85.40573682804231, 21.603802449932843], [85.405833404059, 21.603803375404198], [85.40583142483686, 21.603984005129117], [85.40592800097032, 21.603984930555555], [85.40592503228085, 21.604255875147427], [85.4057318796546, 21.6042540242137], [85.40572990027077, 21.60443465392065], [85.40553674741993, 21.604432802735396], [85.40553476776661, 21.60461343242438], [85.40534161470916, 21.604611581005564], [85.40534359459605, 21.604430951334542], [85.40515044179013, 21.60442909970911], [85.4051524219016, 21.60424847005606], [85.4049592693562, 21.604246618224018], [85.40496124968325, 21.604065988579947], [85.40476809740734, 21.604064136541293], [85.40477007795, 21.60388350691519], [85.40457692592561, 21.603881654669923], [85.40457890669285, 21.603701025052803], [85.40448233081092, 21.60370009885381], [85.40448431167697, 21.603519469245676], [85.40458088744212, 21.603520395435684], [85.40458881021462, 21.602797876913304], [85.40449223493455, 21.602796950759227], [85.40449421569281, 21.60261632112414], [85.40401133993927, 21.602611689545284], [85.40401332128143, 21.602431059955112], [85.40382017126028, 21.602429206946276], [85.40382413435782, 21.6020679477839], [85.40343783533064, 21.60206424116436], [85.40343585330577, 21.602244870709615], [85.40314612873219, 21.60224209013635], [85.4031451375401, 21.602332404895503], [85.40304856262834, 21.60233147792396], [85.40304757136437, 21.602421792674132], [85.40256469660797, 21.602417156936074], [85.4025666797198, 21.602236527462683], [85.40247010490687, 21.602235600158764], [85.40246812166926, 21.60241622962317], [85.40227497180982, 21.602414374817705], [85.4022759635499, 21.60232406010347], [85.40208281383418, 21.60232220508241], [85.40208380568205, 21.60223189036817], [85.40189065611007, 21.602230035140497], [85.40188470418741, 21.60277192335405], [85.40178812904209, 21.602770995627925], [85.40178713697863, 21.602861310324197], [85.40188371217783, 21.602862238059306], [85.40188272016827, 21.60295255275558], [85.40207587070145, 21.602954408055115], [85.40207388690689, 21.603135037465623], [85.40168758537341, 21.603131326606032], [85.40168956965306, 21.60295069723146], [85.40139984392066, 21.602947913523074], [85.40140083622667, 21.602857598844768], [85.4013042610544, 21.602856670840165], [85.40130525341432, 21.60276635616186], [85.4009189530127, 21.602762643586487], [85.40092093820864, 21.60258201426581], [85.400534638364, 21.602578300828057], [85.40053860964518, 21.602217042249585], [85.4003454602349, 21.60221518522528], [85.40034843900347, 21.601944241307148], [85.40044501351996, 21.60194516984176], [85.40044600637394, 21.601854855190403], [85.40073572979767, 21.601857640425926], [85.40073771512834, 21.60167701110525], [85.4009308638649, 21.6016788676265], [85.40093185640447, 21.60158855295718], [85.40112500503322, 21.601590409244864], [85.40112599744702, 21.60150009456656], [85.401222571712, 21.60150102262506], [85.40122356406293, 21.60141070794676], [85.401320138274, 21.60141163594238], [85.40132113055306, 21.601321321246107], [85.40151427887638, 21.60132317706667], [85.40151626318298, 21.601142547665145], [85.40199913346578, 21.60114718618798], [85.40200310083031, 21.6007859272951], [85.40209967466409, 21.600786854814615], [85.40210165818915, 21.60060622535021], [85.40229480563212, 21.60060808020059], [85.4022957972644, 21.600517765459404], [85.40239237093648, 21.600518692799255], [85.40239336250588, 21.600428378049084]]]]}, "id": "+216+365", "properties": {"A00": -0.006244361727507715, "A01": -0.028865743621216636, "A02": 0.1428997042639232, "A03": 0.01951304421917474, "A04": -0.05380126879988678, "A05": -0.024508867809512197, "A06": -0.08215541310615587, "A07": 0.14027416784371075, "A08": -0.018729127404072267, "A09": -0.03503280356877373, "A10": 0.12889890795634207, "A11": -0.043638473193829706, "A12": -0.3118845109355639, "A13": 0.0004246737124277141, "A14": 0.06198923263936028, "A15": 0.10641627390091143, "A16": -0.041424216046020826, "A17": 0.09302478152684202, "A18": -0.1306748005336501, "A19": -0.13278318638964953, "A20": -0.410382104740245, "A21": 0.2604033799853917, "A22": 0.2033623909471209, "A23": -0.01810113518489196, "A24": 0.03437274648642927, "A25": 0.0692022185575204, "A26": 0.12514821517374847, "A27": -0.04389070142810967, "A28": -0.03792335895978017, "A29": 0.1625593305184142, "A30": 0.023003896915214816, "A31": 0.1311812970778832, "A32": 0.04924657110216847, "A33": 0.06932803334197984, "A34": 0.06199177299075431, "A35": -0.08044531130380961, "A36": -0.12605809425367695, "A37": 0.07838380717456721, "A38": 0.0976133730191466, "A39": -0.040767098411431876, "A40": 0.09097900649929205, "A41": 0.0387140989694427, "A42": -0.1761125358221449, "A43": 0.2891020290176121, "A44": 0.06950858974063166, "A45": 0.02535385477872192, "A46": -0.0508559522250177, "A47": 0.06222932655383332, "A48": -0.12674764062238472, "A49": 0.03983873098957274, "A50": -0.016318822298406647, "A51": 0.06648564094984699, "A52": 0.009684294682691632, "A53": 0.024604802871866605, "A54": 0.19353609053405857, "A55": -0.07138528835450936, "A56": 0.0589900838986793, "A57": -0.0947278075609683, "A58": -0.12428988339652905, "A59": -0.2421463625083763, "A60": -0.06543936443231983, "A61": -0.06507413030408657, "A62": 0.10330410918997902, "A63": 0.06711199539581031, "area_ha": 8.974998638272641, "centroid_lat": 21.60222997422584, "centroid_lon": 85.40334002740711, "cluster_id": 2, "n_pixels": 897, "perim_m": 3200.1981136568934, "stand_id": 31, "stand_lbl": 101}}, {"type": "Feature", "geometry": {"type": "Polygon", "coordinates": [[[85.397454189814, 21.601645415919403], [85.39745717387365, 21.60137447236958], [85.39755374788709, 21.601375402557093], [85.39755474250177, 21.6012850880315], [85.39803761232642, 21.601289738070736], [85.39803562368095, 21.601470367166833], [85.3990013649113, 21.601479663140008], [85.39900037118595, 21.60156997772848], [85.39890379697488, 21.6015690483764], [85.39890280318666, 21.601659362955893], [85.39880622892169, 21.601658433540933], [85.39880324732343, 21.60192937727042], [85.39870667288777, 21.601928447783592], [85.3987056789558, 21.6020187623541], [85.39841595550514, 21.602015973570232], [85.39841197898677, 21.602377231780395], [85.3982188295675, 21.60237537227674], [85.39821684103882, 21.60255600135487], [85.39812026621689, 21.60255507150872], [85.39811827755346, 21.602735700577867], [85.39802170261477, 21.602734770668835], [85.39802269700488, 21.602644456143246], [85.39792612213803, 21.602643526180312], [85.39792811103501, 21.602462897129133], [85.39783153628495, 21.602461967121283], [85.39783451976969, 21.602191023544513], [85.39773794520826, 21.60219009349175], [85.39773993428491, 21.602009464440567], [85.39764335984927, 21.60200853434289], [85.39764534903372, 21.60182790530069], [85.39754877471485, 21.601826975158094], [85.39755076399811, 21.601646346115896], [85.397454189814, 21.601645415919403]]]}, "id": "+139+345", "properties": {"A00": 0.031909706547677226, "A01": -0.008047596329125026, "A02": 0.09067049907662479, "A03": -0.0007140530241201232, "A04": -0.05406909755101917, "A05": 0.015984621920521278, "A06": -0.08573597538334442, "A07": 0.12080108366112803, "A08": -0.0709326787356869, "A09": -0.005802913178214609, "A10": 0.12968663263936772, "A11": 0.0005408700513817712, "A12": -0.3253581186405153, "A13": -0.020645630471290654, "A14": 0.07059657235459417, "A15": 0.06553104662494484, "A16": -0.0665995285185589, "A17": 0.06993507250219942, "A18": -0.1433591580893764, "A19": -0.027249801640129297, "A20": -0.38996510833581943, "A21": 0.25439586687979376, "A22": 0.17960834158062303, "A23": -0.005768196619806521, "A24": 0.048032436168909384, "A25": 0.02184040824419267, "A26": 0.15310763688986168, "A27": -0.08629638128007731, "A28": -0.06699034597185587, "A29": 0.17824705119310227, "A30": -0.009483113229221882, "A31": 0.1596316771140346, "A32": 0.0634273077625749, "A33": 0.02460114041580328, "A34": 0.04757172219876202, "A35": -0.04410074681965015, "A36": -0.10918420490337045, "A37": -0.01605648707427558, "A38": 0.10173384782418253, "A39": -0.04740737369483313, "A40": 0.03016762819771022, "A41": 0.05552095736081292, "A42": -0.20992195498390254, "A43": 0.2802370811650224, "A44": 0.08351131602293928, "A45": 0.09105422121593146, "A46": 0.04409360389404184, "A47": -0.024648029283599635, "A48": -0.16257605291531574, "A49": 0.0351554352061012, "A50": 0.014743406555159433, "A51": 0.028599237917647173, "A52": -0.0003919231665886846, "A53": -0.02307917205481026, "A54": 0.19730656744198452, "A55": -0.1196411170784216, "A56": 0.05087630650595717, "A57": -0.10067033202934063, "A58": -0.11759422382651193, "A59": -0.2995184793830991, "A60": -0.05537635437078922, "A61": -0.06999388763673658, "A62": 0.12042952762099855, "A63": 0.021520760992460784, "area_ha": 1.2735417390804777, "centroid_lat": 21.601850670803838, "centroid_lon": 85.3981261201901, "cluster_id": 2, "n_pixels": 127, "perim_m": 640.0382593202124, "stand_id": 32, "stand_lbl": 65}}, {"type": "Feature", "geometry": {"type": "Polygon", "coordinates": [[[85.39996313410587, 21.60185021202328], [85.39997107913862, 21.601127694992105], [85.40006765309816, 21.601128623706376], [85.4000686461408, 21.601038309064005], [85.40035836788466, 21.601041094856484], [85.40035936074764, 21.600950780205128], [85.40055250848705, 21.600952637103667], [85.40055350121527, 21.60086232244333], [85.40084322268068, 21.60086510736444], [85.40084421522923, 21.60077479269512], [85.40094078900013, 21.600775720879387], [85.40094376643918, 21.600504776835493], [85.4010403400394, 21.600505704965858], [85.40104133245322, 21.60041539027857], [85.40113790599054, 21.600416318337075], [85.40113989067443, 21.600235688953518], [85.4013330375335, 21.60023754489086], [85.40133402974969, 21.600147230185605], [85.40143060312532, 21.600148158064446], [85.40143258742293, 21.599967528653938], [85.40152916068179, 21.599968456469895], [85.40152420021174, 21.600420030023116], [85.40162077377602, 21.600420957812123], [85.40161878967604, 21.600601587231615], [85.40171536336608, 21.600602514966724], [85.40170941128173, 21.601144403243165], [85.40151626318298, 21.601142547665145], [85.40151427887638, 21.60132317706667], [85.40132113055306, 21.601321321246107], [85.401320138274, 21.60141163594238], [85.40122356406293, 21.60141070794676], [85.401222571712, 21.60150102262506], [85.40112599744702, 21.60150009456656], [85.40112500503322, 21.601590409244864], [85.40093185640447, 21.60158855295718], [85.4009308638649, 21.6016788676265], [85.40073771512834, 21.60167701110525], [85.40073572979767, 21.601857640425926], [85.40044600637394, 21.601854855190403], [85.40044501351996, 21.60194516984176], [85.40034843900347, 21.601944241307148], [85.4003474460866, 21.602034555949523], [85.40015429692784, 21.602032698718602], [85.40015628300412, 21.60185206946081], [85.39996313410587, 21.60185021202328]]]}, "id": "+162+337", "properties": {"A00": -0.027751269684229408, "A01": -0.01830016689079384, "A02": 0.1282911438762138, "A03": 0.008480883035996806, "A04": -0.056640360125824206, "A05": -0.015465585176073316, "A06": -0.07656659546187485, "A07": 0.13574624980032013, "A08": -0.015153005177089297, "A09": -0.05316834984648356, "A10": 0.14304812108072673, "A11": -0.052217248775598295, "A12": -0.31819679898229614, "A13": 0.014095870586824802, "A14": 0.07760306631903789, "A15": 0.1106115321911689, "A16": -0.04722852422755617, "A17": 0.10868888256555446, "A18": -0.15417876448133996, "A19": -0.1459445745136965, "A20": -0.40084215534394235, "A21": 0.2530568264971037, "A22": 0.17476280677297637, "A23": -0.005563343487218927, "A24": 0.05202768253887547, "A25": 0.07022245473311842, "A26": 0.127967052469275, "A27": -0.058710307370071484, "A28": -0.05710219104873699, "A29": 0.16000843601141052, "A30": 0.02673675642929034, "A31": 0.14534511668474967, "A32": 0.0218805232014315, "A33": 0.06624613400771796, "A34": 0.05954580670311046, "A35": -0.0835214353545414, "A36": -0.12451438017957406, "A37": 0.10078325633724128, "A38": 0.1222854887768114, "A39": -0.01401209680786417, "A40": 0.09328400731670686, "A41": 0.019028669221442637, "A42": -0.18272713446343505, "A43": 0.2589365590622388, "A44": 0.06761397850850753, "A45": 0.02274994236613734, "A46": -0.011231210566301353, "A47": 0.054275826996662294, "A48": -0.13769579793241857, "A49": 0.03344745033775203, "A50": 0.020115007958993802, "A51": 0.08749707755733806, "A52": 0.016008268318032263, "A53": 0.023606355655381397, "A54": 0.20481915650058966, "A55": -0.049615553578010486, "A56": 0.06056013481967384, "A57": -0.10103139730221128, "A58": -0.11394656583916196, "A59": -0.2481715897203426, "A60": -0.06738933942885213, "A61": -0.05829540482638758, "A62": 0.12584080216373703, "A63": 0.06216698456548123, "area_ha": 1.9554428569265674, "centroid_lat": 21.601136022050955, "centroid_lon": 85.40086129604305, "cluster_id": 2, "n_pixels": 196, "perim_m": 820.0498730180923, "stand_id": 33, "stand_lbl": 87}}, {"type": "Feature", "geometry": {"type": "Polygon", "coordinates": [[[85.40247407131021, 21.60187434122995], [85.40248299543475, 21.601061508568257], [85.40267614351552, 21.601063363014397], [85.40267911776557, 21.60079241874592], [85.40287226551396, 21.600794272949518], [85.40287424808682, 21.600613643413244], [85.40326054315243, 21.600617351110767], [85.40326252522222, 21.60043672153856], [85.40364881990156, 21.600440428301834], [85.40364683830788, 21.600621057900987], [85.40383998592154, 21.600622910963722], [85.40383007885141, 21.601526059004406], [85.40286433502494, 21.601516791031724], [85.40286235235328, 21.601697420541043], [85.40276577787272, 21.601696493434755], [85.402764786474, 21.60178680817594], [85.40266821193954, 21.60178588100677], [85.40266722047794, 21.60187619574796], [85.40247407131021, 21.60187434122995]]]}, "id": "+186+335", "properties": {"A00": -0.019606640425034478, "A01": 0.0022747001100111006, "A02": 0.13943049957059525, "A03": 0.008095199017798933, "A04": -0.05998791310273271, "A05": -0.009562948680834413, "A06": -0.06240041060977261, "A07": 0.13232615426287134, "A08": -0.007002755026329285, "A09": -0.04364024934323096, "A10": 0.13095465497560052, "A11": -0.04008011009668404, "A12": -0.2996482242601469, "A13": -0.001438073653017265, "A14": 0.06616366665904139, "A15": 0.11315199331349188, "A16": -0.06379240951770432, "A17": 0.11091176791760597, "A18": -0.122727702863336, "A19": -0.1447914561434015, "A20": -0.4223409853415635, "A21": 0.2575729675380323, "A22": 0.18801820804083214, "A23": 0.000917069143393586, "A24": 0.04189498348157248, "A25": 0.05972556167946332, "A26": 0.13071920245719906, "A27": -0.05621422646310162, "A28": -0.049490768869019416, "A29": 0.14734182948247354, "A30": 0.024371891244061167, "A31": 0.14161480814657437, "A32": 0.041578521014586006, "A33": 0.07123953932048398, "A34": 0.07979237571474805, "A35": -0.07111342519672549, "A36": -0.12607006808218377, "A37": 0.07943607003718259, "A38": 0.09537610607231053, "A39": -0.01818024447893244, "A40": 0.08665093380682519, "A41": 0.03911203871888276, "A42": -0.18004887341986164, "A43": 0.2584766227777598, "A44": 0.06709308552021742, "A45": 0.04183183470134257, "A46": -0.047701290714080295, "A47": 0.039305687151621846, "A48": -0.12471097442926225, "A49": 0.03976705272090661, "A50": 0.002168517332663498, "A51": 0.10034217504242918, "A52": 0.002587834149678839, "A53": 0.017658755443401092, "A54": 0.18469289610980508, "A55": -0.060016986681322125, "A56": 0.07779708082185953, "A57": -0.10039765996378529, "A58": -0.12408885606763523, "A59": -0.258096138877877, "A60": -0.08965229120995082, "A61": -0.05148869993706824, "A62": 0.10907797929912401, "A63": 0.06865891182951436, "area_ha": 1.474105959231066, "centroid_lat": 21.601117654867153, "centroid_lon": 85.40317916555303, "cluster_id": 2, "n_pixels": 147, "perim_m": 600.0370947302509, "stand_id": 34, "stand_lbl": 99}}, {"type": "Feature", "geometry": {"type": "Polygon", "coordinates": [[[85.39776579048475, 21.599661286460798], [85.39776777927395, 21.599480657355716], [85.39805749759525, 21.59948344695705], [85.39805550915639, 21.59966407608908], [85.39824865497343, 21.599665935565785], [85.3982476608618, 21.59975625013629], [85.39844080681357, 21.599758109388418], [85.39843881883286, 21.599938738547397], [85.39853539193003, 21.59993966810609], [85.39853439798907, 21.600029982685577], [85.3986309711581, 21.600030912181385], [85.39862997727104, 21.600121226769858], [85.39882312374384, 21.60012308560876], [85.39882212997358, 21.600213400206215], [85.39891870327735, 21.60021432954931], [85.39891770956098, 21.600304644146767], [85.39901428292764, 21.60030557343596], [85.39901328926517, 21.600395888033418], [85.3991098626947, 21.600396817268713], [85.39910886908613, 21.600487131875152], [85.39920544258753, 21.60048806105655], [85.39920047476926, 21.60093963407078], [85.39929704857609, 21.600940563225226], [85.39929605505735, 21.601030877831665], [85.39948920279677, 21.601032735978865], [85.39948820939482, 21.601123050585304], [85.39939163546222, 21.601122121538655], [85.39938964851459, 21.601302750751532], [85.39948622257293, 21.601303679807167], [85.39948522915302, 21.601393994413606], [85.39958180326526, 21.601394923424323], [85.39957882315821, 21.601665867252624], [85.399771971769, 21.601667725121345], [85.39976998523457, 21.60184835436117], [85.39957683639022, 21.601846496474483], [85.39957286279139, 21.602207754900242], [85.39976601212082, 21.602209612813876], [85.39975607897262, 21.603112758887253], [85.39956292843944, 21.603110900883784], [85.39956789568278, 21.602659327896504], [85.39947132072611, 21.60265839883189], [85.3994723142179, 21.602568084243416], [85.39937573932411, 21.6025671551249], [85.3993777264155, 21.60238652593897], [85.39908800213836, 21.602383738277997], [85.3990909832695, 21.60211279453953], [85.39899440869911, 21.6021118652144], [85.39899540246039, 21.602021550634912], [85.39889882795288, 21.602020621264867], [85.39890081557425, 21.601839992114872], [85.39880424119251, 21.601839062690928], [85.39880622892169, 21.601658433540933], [85.39890280318666, 21.601659362955893], [85.39890379697488, 21.6015690483764], [85.39900037118595, 21.60156997772848], [85.3990013649113, 21.601479663140008], [85.39861506835449, 21.601475945417288], [85.39861904418116, 21.60111468713526], [85.39823274866639, 21.60111096858609], [85.39823473703336, 21.60093033947203], [85.39804158954547, 21.600928479887525], [85.39804357811907, 21.600747850782444], [85.39785043090068, 21.600745990982347], [85.39785142529976, 21.600655676438787], [85.39794799884608, 21.60065660636579], [85.39794899318228, 21.600566291813248], [85.39804556668368, 21.600567221677366], [85.39805053798742, 21.600115648896697], [85.39795396479144, 21.60011471905953], [85.39795694769225, 21.599843775383942], [85.39786037467594, 21.599842845501858], [85.39786236337531, 21.59966221639678], [85.39776579048475, 21.599661286460798]]]}, "id": "+156+349", "properties": {"A00": 0.020834508541260913, "A01": -0.0050807832969787204, "A02": 0.10396386590968992, "A03": 0.013924770130756815, "A04": -0.04139480573303404, "A05": 0.011774022643849327, "A06": -0.07905812303176135, "A07": 0.12221374536363756, "A08": -0.058978974940330775, "A09": -0.01868521746138006, "A10": 0.12754849176086772, "A11": -0.003668472454682605, "A12": -0.32929497054317675, "A13": 0.006297847483977131, "A14": 0.061285529299951694, "A15": 0.07447024741100426, "A16": -0.047604943202859226, "A17": 0.05191539813596796, "A18": -0.16787091332336743, "A19": -0.04105033893329977, "A20": -0.38028986778990903, "A21": 0.24008855650288333, "A22": 0.1974793672386426, "A23": -0.026322867143501103, "A24": 0.03522272379080312, "A25": 0.029813780962751616, "A26": 0.15323630847179018, "A27": -0.06940138684876483, "A28": -0.07879060767676421, "A29": 0.16292706421027597, "A30": 0.022717971923043905, "A31": 0.1610056737730502, "A32": 0.06976685015069074, "A33": 0.009521360924317544, "A34": 0.05430077288570589, "A35": -0.03776706634726082, "A36": -0.12823628727875147, "A37": 0.035244760268572685, "A38": 0.07975850570601671, "A39": -0.07737032753820919, "A40": 0.027517576267748218, "A41": 0.014407936633187575, "A42": -0.19328912058322328, "A43": 0.29978321086830906, "A44": 0.09351081520989914, "A45": 0.09321351572777731, "A46": 0.021168303198300428, "A47": 0.02399774388627269, "A48": -0.1572059306800445, "A49": 0.02025662808633357, "A50": -0.0015589246890651556, "A51": 0.007943839826436708, "A52": 0.0116730775324649, "A53": 0.00260284877425442, "A54": 0.21276780541088847, "A55": -0.1183459545948434, "A56": 0.04035957882319229, "A57": -0.08393849275709453, "A58": -0.10598720029683552, "A59": -0.26810402373886383, "A60": -0.054943244077387196, "A61": -0.07245379303199649, "A62": 0.10766594953414368, "A63": 0.021599776270290073, "area_ha": 2.8780058528378705, "centroid_lat": 21.601102342552515, "centroid_lon": 85.39885693855724, "cluster_id": 2, "n_pixels": 288, "perim_m": 1360.0814991213745, "stand_id": 35, "stand_lbl": 73}}, {"type": "Feature", "geometry": {"type": "Polygon", "coordinates": [[[85.4013370063623, 21.599876286069843], [85.40134295945276, 21.599334397811372], [85.40172925083529, 21.599338108850628], [85.40172726697784, 21.59951873830605], [85.40192041293861, 21.599520593506774], [85.40191743746685, 21.599791537712367], [85.40211058381388, 21.59979339270648], [85.40211157551802, 21.599703077965295], [85.40230472176624, 21.599704932734827], [85.40230273858253, 21.599885562235166], [85.40249588508227, 21.599887416798087], [85.40249489360272, 21.59997773155724], [85.40239832028996, 21.599976804298237], [85.40239732874753, 21.600067119048408], [85.40230075537188, 21.600066191735504], [85.40229678889668, 21.600427450718218], [85.40239336250588, 21.600428378049084], [85.40239237093648, 21.600518692799255], [85.4022957972644, 21.600517765459404], [85.40229480563212, 21.60060808020059], [85.40210165818915, 21.60060622535021], [85.40209967466409, 21.600786854814615], [85.40200310083031, 21.6007859272951], [85.40199913346578, 21.60114718618798], [85.40170941128173, 21.601144403243165], [85.40171536336608, 21.600602514966724], [85.40161878967604, 21.600601587231615], [85.40162077377602, 21.600420957812123], [85.40152420021174, 21.600420030023116], [85.40152916068179, 21.599968456469895], [85.40143258742293, 21.599967528653938], [85.40143357955827, 21.599877213939703], [85.4013370063623, 21.599876286069843]]]}, "id": "+179+327", "properties": {"A00": -0.014441447421258339, "A01": -0.004762098772363196, "A02": 0.11670690435603716, "A03": 0.010411100961085452, "A04": -0.06126800687996687, "A05": 0.0021082191368033878, "A06": -0.0654981182837426, "A07": 0.12210124672720067, "A08": -0.029318050810157245, "A09": -0.03931211386163152, "A10": 0.12673194888501096, "A11": -0.03814894048771059, "A12": -0.3212773021117993, "A13": 0.010230879178245111, "A14": 0.04840848538871128, "A15": 0.09849391347557497, "A16": -0.07091652522116589, "A17": 0.09318824201418084, "A18": -0.12221846998237314, "A19": -0.10168526425361345, "A20": -0.40886767155231196, "A21": 0.2641024988699553, "A22": 0.20869988631279396, "A23": -0.014441311427950954, "A24": 0.03466021341225885, "A25": 0.04583191065772368, "A26": 0.1434428663083235, "A27": -0.07667360161859406, "A28": -0.07118290099606502, "A29": 0.1615731899222904, "A30": 0.005994761750568493, "A31": 0.15741010536434863, "A32": 0.04416884701396063, "A33": 0.040214331255198625, "A34": 0.07286902309367596, "A35": -0.07267579267312918, "A36": -0.15411644923155768, "A37": 0.06503189930213375, "A38": 0.08917351573934132, "A39": -0.06596550615312242, "A40": 0.0687922317944623, "A41": 0.009742112982399105, "A42": -0.1995487472752935, "A43": 0.26211553874594945, "A44": 0.07110108361334622, "A45": 0.06530203616983793, "A46": -0.010372643422620634, "A47": 0.013492547721124694, "A48": -0.131620062567411, "A49": 0.03367380723407695, "A50": 0.020883104903076148, "A51": 0.07288494115494082, "A52": -0.011008611214510288, "A53": 0.015487379685305617, "A54": 0.18023130624037897, "A55": -0.0796495187624248, "A56": 0.057362007700740084, "A57": -0.08149641143382479, "A58": -0.11167589830972487, "A59": -0.26573932086422747, "A60": -0.07917762168826027, "A61": -0.05996753502001561, "A62": 0.12631906249100408, "A63": 0.04674968723306176, "area_ha": 1.2534902633681662, "centroid_lat": 21.600151882344484, "centroid_lon": 85.401855916032, "cluster_id": 2, "n_pixels": 125, "perim_m": 680.0415675411316, "stand_id": 36, "stand_lbl": 92}}, {"type": "Feature", "geometry": {"type": "MultiPolygon", "coordinates": [[[[85.39776777927395, 21.599480657355716], [85.39776877366405, 21.599390342803176], [85.39767220096215, 21.59938941283126], [85.3976751842762, 21.59911846917364], [85.39786832932965, 21.599120329045604], [85.39787031793918, 21.598939699922557], [85.39806346276806, 21.598941559542993], [85.39806445695154, 21.598851244972487], [85.3982576016816, 21.598853104368345], [85.39825660762388, 21.598943418947833], [85.39883604229917, 21.598948995814883], [85.39883405488439, 21.59912962502776], [85.39893062746951, 21.599130554316957], [85.39892864015356, 21.599311183529835], [85.39902521286444, 21.599312112774115], [85.39901925115913, 21.599854000421733], [85.39911582422934, 21.59985492963906], [85.39911383707508, 21.60003555885194], [85.39921041027105, 21.60003648801537], [85.39920842321561, 21.600217117237232], [85.39940156986806, 21.60021897541138], [85.3993975961704, 21.60058023387307], [85.39959074331694, 21.600582091867555], [85.39958577667547, 21.60103366496263], [85.39929605505735, 21.601030877831665], [85.39929704857609, 21.600940563225226], [85.39920047476926, 21.60093963407078], [85.39920544258753, 21.60048806105655], [85.39910886908613, 21.600487131875152], [85.3991098626947, 21.600396817268713], [85.39901328926517, 21.600395888033418], [85.39901428292764, 21.60030557343596], [85.39891770956098, 21.600304644146767], [85.39891870327735, 21.60021432954931], [85.39882212997358, 21.600213400206215], [85.39882312374384, 21.60012308560876], [85.39862997727104, 21.600121226769858], [85.3986309711581, 21.600030912181385], [85.39853439798907, 21.600029982685577], [85.39853539193003, 21.59993966810609], [85.39843881883286, 21.599938738547397], [85.39844080681357, 21.599758109388418], [85.3982476608618, 21.59975625013629], [85.39824865497343, 21.599665935565785], [85.39805550915639, 21.59966407608908], [85.39805749759525, 21.59948344695705], [85.39776777927395, 21.599480657355716]]], [[[85.39776777927395, 21.599480657355716], [85.39776678488384, 21.599570971908257], [85.39767021206517, 21.599570041927358], [85.39767120651815, 21.599479727374817], [85.39776777927395, 21.599480657355716]]]]}, "id": "+154+326", "properties": {"A00": 0.03696507988265778, "A01": -0.022045273903195127, "A02": 0.09035868435831886, "A03": 0.06221972281112157, "A04": -0.025455778569552803, "A05": -0.035351599400022665, "A06": -0.11846620151354208, "A07": 0.13776654072821123, "A08": -0.05141886325061188, "A09": -0.014490606800732575, "A10": 0.1173047062313345, "A11": 0.0354367161934426, "A12": -0.3334237395989822, "A13": -0.015126009186634532, "A14": 0.014642295885769924, "A15": 0.058752439505118145, "A16": -0.04439186746667752, "A17": 0.030223457193741827, "A18": -0.17575441693855068, "A19": -0.03841993464192241, "A20": -0.3714866559140713, "A21": 0.18603882207716932, "A22": 0.2299761399951013, "A23": -0.060126553119799704, "A24": 0.027078030502791114, "A25": 0.028221605576167815, "A26": 0.16658813887354604, "A27": -0.0668807599696584, "A28": -0.06915742701032984, "A29": 0.1861008633184712, "A30": 0.01564361098197841, "A31": 0.15455083192720456, "A32": 0.1308770396493046, "A33": 0.017639534279458514, "A34": 0.018394100713559822, "A35": -0.05777541764581213, "A36": -0.10962786580045569, "A37": -0.006668661918647671, "A38": 0.08577047048228686, "A39": -0.09549883636705171, "A40": 0.03203169133253685, "A41": 0.009868467707105318, "A42": -0.16648620266908865, "A43": 0.34406189806593396, "A44": 0.10442433887433092, "A45": 0.05086063337332179, "A46": -0.01894269905800001, "A47": 0.06829139449925455, "A48": -0.13289470661418412, "A49": 0.05757398486097381, "A50": -0.017777363299194437, "A51": -0.05204759367332143, "A52": 0.021023903283314705, "A53": 0.011125189387854709, "A54": 0.18515790998648146, "A55": -0.14077791125174946, "A56": 0.030376257376958867, "A57": -0.08525143245483413, "A58": -0.12773553762941292, "A59": -0.24175893738618576, "A60": -0.04365156885881782, "A61": -0.08641073532223378, "A62": 0.05956430653973922, "A63": 0.024738520582066544, "area_ha": 1.6646306405197144, "centroid_lat": 21.599698691001365, "centroid_lon": 85.39865557281222, "cluster_id": 1, "n_pixels": 166, "perim_m": 920.0551258787034, "stand_id": 37, "stand_lbl": 72}}, {"type": "Feature", "geometry": {"type": "Polygon", "coordinates": [[[85.3986468726322, 21.598585878684972], [85.39864886021765, 21.598405249481075], [85.39903514863573, 21.59840896661989], [85.39903415508105, 21.598499281235313], [85.39922729943383, 21.598501139481325], [85.39922630599594, 21.598591454105733], [85.3996125950159, 21.598595169933006], [85.39961160181156, 21.59868548458436], [85.39980474646975, 21.598687342165622], [85.39980375337323, 21.598777656816974], [85.40009347058061, 21.598780442789117], [85.40009247766375, 21.598870757458435], [85.40018905014107, 21.59887168600203], [85.40018408578132, 21.59932325933067], [85.40076352252272, 21.599328829577136], [85.40076550756594, 21.59914820020256], [85.40086208024987, 21.59914912836886], [85.40086108779114, 21.59923944306513], [85.40095766054694, 21.599240371186518], [85.40095666814211, 21.599330685882787], [85.40105324096079, 21.599331613950273], [85.40105224861885, 21.599421928646546], [85.40114882150041, 21.59942285666013], [85.40114584460034, 21.59969380076691], [85.40133899074974, 21.59969565665934], [85.4013370063623, 21.599876286069843], [85.40143357955827, 21.599877213939703], [85.40143060312532, 21.600148158064446], [85.40133402974969, 21.600147230185605], [85.4013330375335, 21.60023754489086], [85.40113989067443, 21.600235688953518], [85.40113790599054, 21.600416318337075], [85.40104133245322, 21.60041539027857], [85.4010403400394, 21.600505704965858], [85.40094376643918, 21.600504776835493], [85.40094078900013, 21.600775720879387], [85.40084421522923, 21.60077479269512], [85.40084322268068, 21.60086510736444], [85.40055350121527, 21.60086232244333], [85.40055548667172, 21.600681693122652], [85.40045891298168, 21.600680764704826], [85.4004599057638, 21.600590450044486], [85.40036333213662, 21.600589521581743], [85.40036531779968, 21.60040889227005], [85.39997902383001, 21.600405177898047], [85.39997703768186, 21.600585807173807], [85.39978389049043, 21.60058394962848], [85.39978190409074, 21.600764578895255], [85.39958875667472, 21.600762721107383], [85.39959074331694, 21.600582091867555], [85.3993975961704, 21.60058023387307], [85.39940156986806, 21.60021897541138], [85.39920842321561, 21.600217117237232], [85.39921041027105, 21.60003648801537], [85.39911383707508, 21.60003555885194], [85.39911582422934, 21.59985492963906], [85.39901925115913, 21.599854000421733], [85.39902521286444, 21.599312112774115], [85.39892864015356, 21.599311183529835], [85.39893062746951, 21.599130554316957], [85.39883405488439, 21.59912962502776], [85.39883604229917, 21.598948995814883], [85.3989326147675, 21.598949925104076], [85.39893360840303, 21.598859610488656], [85.39883703599756, 21.598858681208444], [85.39883802969597, 21.598768366602005], [85.3987414573534, 21.598767437276877], [85.398743444849, 21.598586808064], [85.3986468726322, 21.598585878684972]]]}, "id": "+167+324", "properties": {"A00": 0.008549543162125665, "A01": 0.0004014573683605886, "A02": 0.10515856097629002, "A03": 0.026524067844978006, "A04": -0.04999183101947948, "A05": -0.012659813332473997, "A06": -0.09053888271231114, "A07": 0.13959660074435337, "A08": -0.03367086063537911, "A09": -0.03504438464877194, "A10": 0.13950033768280956, "A11": -0.012918287249182677, "A12": -0.3253324691309583, "A13": 0.009581093841283599, "A14": 0.04742471005885043, "A15": 0.08280637183551577, "A16": -0.042748498333657, "A17": 0.07505450866841312, "A18": -0.17975362367924105, "A19": -0.0953742239802865, "A20": -0.40175152224751787, "A21": 0.20887965038160008, "A22": 0.1934501596776249, "A23": -0.043549942112233606, "A24": 0.04580282644585216, "A25": 0.0472138642981294, "A26": 0.15002253078384373, "A27": -0.0591860153352126, "A28": -0.0709279175832254, "A29": 0.18144688993127514, "A30": 0.018749108810216596, "A31": 0.17300075463713382, "A32": 0.06759104062048245, "A33": 0.052732177530085314, "A34": 0.03702833243637156, "A35": -0.06574932340320426, "A36": -0.1203619236213239, "A37": 0.05640850142863308, "A38": 0.0988176910653961, "A39": -0.056664463189168915, "A40": 0.0583673214235171, "A41": 0.010069884820884039, "A42": -0.18049044481723112, "A43": 0.29122813257432834, "A44": 0.09585031531701346, "A45": 0.04579211635732004, "A46": -0.005104444270377358, "A47": 0.05868938479405405, "A48": -0.13856659561716297, "A49": 0.03257141782742566, "A50": 0.008492641427290316, "A51": 0.009914364266121042, "A52": 0.02556792342059269, "A53": 0.019153322233407526, "A54": 0.19841025724527736, "A55": -0.09491095476984622, "A56": 0.04484299639230048, "A57": -0.08956741406406044, "A58": -0.0981578169273845, "A59": -0.24395639548645373, "A60": -0.06117583404834468, "A61": -0.07612848275961501, "A62": 0.1025611988074771, "A63": 0.04392247790657028, "area_ha": 4.191665109349461, "centroid_lat": 21.599678076329763, "centroid_lon": 85.40000457956685, "cluster_id": 2, "n_pixels": 419, "perim_m": 1260.0762337957046, "stand_id": 38, "stand_lbl": 80}}, {"type": "Feature", "geometry": {"type": "Polygon", "coordinates": [[[85.3964147658535, 21.599557947037322], [85.39641576108804, 21.599467632547665], [85.39689862460651, 21.599472285524392], [85.39690061445572, 21.59929165649118], [85.3969971870588, 21.59929258691225], [85.39699818191603, 21.59920227238666], [85.39690160937582, 21.59920134197457], [85.39690658388655, 21.598749769373565], [85.39681001165177, 21.598748838925545], [85.39681100658984, 21.598658524408936], [85.39671443441794, 21.598657593907014], [85.3967154294189, 21.59856727939041], [85.39661885731887, 21.598566348834588], [85.39662184246548, 21.598295405293747], [85.39671841439483, 21.598296335831602], [85.39672338923792, 21.597844763221612], [85.39653024599008, 21.59784290212794], [85.39653223613573, 21.597662273094727], [85.39662880763389, 21.59766320365953], [85.39662980263485, 21.59757288914292], [85.39672637408809, 21.597573819644843], [85.39672736902617, 21.59748350511925], [85.39769308318128, 21.597492807057236], [85.39769706049017, 21.597131548757243], [85.39789020290257, 21.597133408440563], [85.39789219128753, 21.5969527792726], [85.39808533348435, 21.596954638713374], [85.39808334534195, 21.5971352678993], [85.39798677412226, 21.59713433819688], [85.39798577998369, 21.597224652785354], [85.39808235125726, 21.597225582487773], [85.39808135717259, 21.59731589708523], [85.39798478583613, 21.597314967373826], [85.39798279753202, 21.59749559654179], [85.39788622607878, 21.597494666767503], [85.39788026068139, 21.59803655423546], [85.39797683249395, 21.59803748402771], [85.39797484410902, 21.59821811318669], [85.39787827217067, 21.598217183376473], [85.39787429509535, 21.5985784416585], [85.39768115076953, 21.598576581840433], [85.39768015636146, 21.598666896392974], [85.39777672858726, 21.598667826337937], [85.39777573424206, 21.598758140899463], [85.39787230653074, 21.59875907079053], [85.39786832932965, 21.599120329045604], [85.3976751842762, 21.59911846917364], [85.39767220096215, 21.59938941283126], [85.39776877366405, 21.599390342803176], [85.39776777927395, 21.599480657355716], [85.39767120651815, 21.599479727374817], [85.39767021206517, 21.599570041927358], [85.39776678488384, 21.599570971908257], [85.39776579048475, 21.599661286460798], [85.39786236337531, 21.59966221639678], [85.39786037467594, 21.599842845501858], [85.39795694769225, 21.599843775383942], [85.39795396479144, 21.60011471905953], [85.39805053798742, 21.600115648896697], [85.39804556668368, 21.600567221677366], [85.39794899318228, 21.600566291813248], [85.39794799884608, 21.60065660636579], [85.39785142529976, 21.600655676438787], [85.39785043090068, 21.600745990982347], [85.39804357811907, 21.600747850782444], [85.39804158954547, 21.600928479887525], [85.39823473703336, 21.60093033947203], [85.39823274866639, 21.60111096858609], [85.39861904418116, 21.60111468713526], [85.39861506835449, 21.601475945417288], [85.39803562368095, 21.601470367166833], [85.39803761232642, 21.601289738070736], [85.39755474250177, 21.6012850880315], [85.39755374788709, 21.601375402557093], [85.39745717387365, 21.60137447236958], [85.39745617919608, 21.601464786886186], [85.39735960512874, 21.601463856644777], [85.39736159460963, 21.601283227620545], [85.39726502066806, 21.601282297334222], [85.39726701024776, 21.60110166830999], [85.39717043643195, 21.601100737969766], [85.39717242611047, 21.600920108945534], [85.39707585242043, 21.600919178569377], [85.39707784219777, 21.600738549545145], [85.39698126863348, 21.60073761911509], [85.39698325850964, 21.600556990108824], [85.39688668507112, 21.600556059624868], [85.39688967002908, 21.600285116119963], [85.39679309677022, 21.600284185591093], [85.39679508683503, 21.600103556584827], [85.39669851371092, 21.600102626020025], [85.39670050387453, 21.59992199702274], [85.3966039308672, 21.59992106640404], [85.39660592112963, 21.599740437406755], [85.39650934824806, 21.599739506743138], [85.39651133860932, 21.599558877754838], [85.3964147658535, 21.599557947037322]]]}, "id": "+144+331", "properties": {"A00": 0.03793707308877911, "A01": 0.012613041060645239, "A02": 0.09260996828093074, "A03": 0.04945999644486743, "A04": -0.04243286448650357, "A05": -0.009841695387714051, "A06": -0.10451819777007658, "A07": 0.1312780914178003, "A08": -0.03583742933433892, "A09": -0.005451059603970869, "A10": 0.13099216979579448, "A11": 0.04568793584692118, "A12": -0.3071153978387998, "A13": -0.02177116596481296, "A14": 0.039043200170618526, "A15": 0.07496704523410593, "A16": -0.041287578816913, "A17": 0.04150692344953037, "A18": -0.1710134194495116, "A19": -0.0667045892397446, "A20": -0.39994931676799855, "A21": 0.1828789143056705, "A22": 0.2066046790452407, "A23": -0.03208099319189038, "A24": 0.03298513138448101, "A25": 0.03715907763576088, "A26": 0.16373149005687765, "A27": -0.06317953761025107, "A28": -0.05820599749302839, "A29": 0.1898798793241176, "A30": 0.004013285489383327, "A31": 0.18320592485875364, "A32": 0.12643773660352955, "A33": 0.04653292525208786, "A34": 0.03155346691762525, "A35": -0.04579472590904666, "A36": -0.09952627860531428, "A37": -0.018797535220730823, "A38": 0.07966499475764036, "A39": -0.06999426528364813, "A40": 0.036532802150588836, "A41": 0.03276320541046486, "A42": -0.17965364857875563, "A43": 0.31806945998366815, "A44": 0.11490164906576407, "A45": 0.04508020047432599, "A46": -0.019091235058309158, "A47": 0.0490627777352133, "A48": -0.14282561034409114, "A49": 0.048106587652044445, "A50": -0.00911584070851671, "A51": -0.03977424190382499, "A52": 0.019150903095902182, "A53": -0.0020331925635121797, "A54": 0.18512530859453197, "A55": -0.14094168500100823, "A56": 0.054560124864756254, "A57": -0.08456033704661801, "A58": -0.11819891846243122, "A59": -0.26597871918518073, "A60": -0.0755355684739644, "A61": -0.07447685493935728, "A62": 0.0666470539698951, "A63": 0.02868508826885071, "area_ha": 5.2345561771896865, "centroid_lat": 21.599358003132465, "centroid_lon": 85.39741129175475, "cluster_id": 1, "n_pixels": 523, "perim_m": 1840.1092259955435, "stand_id": 39, "stand_lbl": 61}}, {"type": "Feature", "geometry": {"type": "Polygon", "coordinates": [[[85.39952496189854, 21.597781409257724], [85.39952595511186, 21.597691094615353], [85.39971909844054, 21.59769295221458], [85.39972009152808, 21.59760263755424], [85.39981666314303, 21.597603566268514], [85.39981964219007, 21.597332622269533], [85.39991621363433, 21.597333550920926], [85.39991522068154, 21.597423865590244], [85.40001179217968, 21.597424794178753], [85.40001079928079, 21.59751510885706], [85.40020394242981, 21.597516965881365], [85.40020195685659, 21.597697595246956], [85.40107110233427, 21.597705949174856], [85.40107209458638, 21.59761563446062], [85.40116866627318, 21.597616562384374], [85.40116965845343, 21.597526247661154], [85.40155594501199, 21.597529958808206], [85.40155396111862, 21.597710588290578], [85.40165053288628, 21.59771151594484], [85.40164854909172, 21.597892145427213], [85.40174512099412, 21.59789307303656], [85.40174313729838, 21.598073702527916], [85.40193628134573, 21.59807555759389], [85.40193826479891, 21.59789492808457], [85.40213140863067, 21.597896782908002], [85.40213339182336, 21.59771615337173], [85.40261625089518, 21.59772078940623], [85.40261525959528, 21.597811104192335], [85.4027118314797, 21.59781203123574], [85.4027088577417, 21.59808297560303], [85.40280542981479, 21.598083902601523], [85.40279948255437, 21.59862579132712], [85.4033789172566, 21.59863135230297], [85.4033779263879, 21.59872166711602], [85.40347449891912, 21.598722593755184], [85.40347747132762, 21.598451649307048], [85.4036706160397, 21.59845350238775], [85.40366764399054, 21.598724446862835], [85.40376421653075, 21.59872537333132], [85.40376223526046, 21.59890600297539], [85.40385880792643, 21.59890692939896], [85.40385583615573, 21.59917787388303], [85.40395240901034, 21.599178800261683], [85.4039494373744, 21.599449744745755], [85.40404601040868, 21.59945067107949], [85.40404402940788, 21.599631300741528], [85.4041406025769, 21.59963222703035], [85.40413763121944, 21.599903171523405], [85.40423420456813, 21.59990409776731], [85.40423222375597, 21.60008472743833], [85.40432879723042, 21.600085653637322], [85.40432582615144, 21.600356598139356], [85.40442239980555, 21.600357524293432], [85.40442041919103, 21.60053815396445], [85.40451699297091, 21.60053908007361], [85.40451402217938, 21.600810024593613], [85.4046105961479, 21.600810950648874], [85.40460861570406, 21.60099158033786], [85.40470518979835, 21.600992506348202], [85.40470320946231, 21.60117313603719], [85.40460663525124, 21.60117221000888], [85.40460465477146, 21.601352839679897], [85.40441150612475, 21.601350987452598], [85.40441348683808, 21.60117035779056], [85.40422033845188, 21.601168505356647], [85.40422529075624, 21.60071693123749], [85.40403214298088, 21.60071507861493], [85.40403511466175, 21.600444134166793], [85.40364881990156, 21.600440428301834], [85.40364981068942, 21.600350113497765], [85.40355323707124, 21.600349186894533], [85.4035522462205, 21.600439501689618], [85.40239336250588, 21.600428378049084], [85.40239435407527, 21.600338063298913], [85.40229778052895, 21.600337135968047], [85.40230075537188, 21.600066191735504], [85.40239732874753, 21.600067119048408], [85.40239832028996, 21.599976804298237], [85.40249489360272, 21.59997773155724], [85.40249588508227, 21.599887416798087], [85.40230273858253, 21.599885562235166], [85.40230472176624, 21.599704932734827], [85.40211157551802, 21.599703077965295], [85.40211058381388, 21.59979339270648], [85.40191743746685, 21.599791537712367], [85.40192041293861, 21.599520593506774], [85.40172726697784, 21.59951873830605], [85.40172925083529, 21.599338108850628], [85.40134295945276, 21.599334397811372], [85.40133899074974, 21.59969565665934], [85.40114584460034, 21.59969380076691], [85.40114882150041, 21.59942285666013], [85.40105224861885, 21.599421928646546], [85.40105324096079, 21.599331613950273], [85.40095666814211, 21.599330685882787], [85.40095766054694, 21.599240371186518], [85.40086108779114, 21.59923944306513], [85.40086307269961, 21.59905881367259], [85.40095964533863, 21.59905974178499], [85.40096262248125, 21.598788797687195], [85.40115576740894, 21.59879065371437], [85.40115775190418, 21.598610024285897], [85.4013508966073, 21.59861188007053], [85.40135288084203, 21.59843125063307], [85.40125630860724, 21.598430322772195], [85.40125730077851, 21.59834000805796], [85.40116072861561, 21.598339080143187], [85.40116172084076, 21.59824876542895], [85.40096857663173, 21.598246909455675], [85.40096758428979, 21.59833722416093], [85.40077443998193, 21.59833536795409], [85.40077543244963, 21.59824505325782], [85.40067886036758, 21.598244125073553], [85.40067786783698, 21.59833443976084], [85.40048472356506, 21.598332583221623], [85.40048373091768, 21.59842289790891], [85.39990429785938, 21.59841732689888], [85.39990529087505, 21.598327012247527], [85.39980871877503, 21.598326083551218], [85.39981070489623, 21.598145454239525], [85.39971413292196, 21.598144525498302], [85.39971512603645, 21.598054210846946], [85.39961855413405, 21.598053282051826], [85.39962153362127, 21.597782338097762], [85.39952496189854, 21.597781409257724]]]}, "id": "+206+329", "properties": {"A00": 0.0175584749857783, "A01": -0.004144723935749985, "A02": 0.13340631747957765, "A03": 0.03411448965637158, "A04": -0.057831633064796814, "A05": -0.032075828645883216, "A06": -0.08929916338468145, "A07": 0.142447028582847, "A08": -0.012338234591322408, "A09": -0.01419845306774365, "A10": 0.12674633393615997, "A11": -0.0055164972269309154, "A12": -0.30723936601448837, "A13": -0.00041719358475182097, "A14": 0.0262332721880367, "A15": 0.09396527411321272, "A16": -0.03236301455195652, "A17": 0.06970983980059195, "A18": -0.1513288323827142, "A19": -0.12456308472556094, "A20": -0.4016107119365457, "A21": 0.21796989623337745, "A22": 0.2219976640399088, "A23": -0.0484783874441662, "A24": 0.028290148007351672, "A25": 0.054419716952339436, "A26": 0.14011545397931388, "A27": -0.032372366391005054, "A28": -0.036397532479837125, "A29": 0.18722608989013642, "A30": 0.01802145349698006, "A31": 0.1470121683581352, "A32": 0.08152655264418683, "A33": 0.06593234425259575, "A34": 0.03437225282751359, "A35": -0.08132929448698578, "A36": -0.12412155035443265, "A37": 0.04391189729763325, "A38": 0.08533245794323534, "A39": -0.07008016256464637, "A40": 0.0715357342487105, "A41": 0.03087577502320623, "A42": -0.18010616240431424, "A43": 0.30938411466991184, "A44": 0.08620937272168282, "A45": 0.01973109023968496, "A46": -0.06301520744217086, "A47": 0.0802433239049886, "A48": -0.11907562947434223, "A49": 0.035231758326590326, "A50": -0.01796804521397936, "A51": 0.01065666208578856, "A52": 0.017163366577094274, "A53": 0.01904159062738992, "A54": 0.1804676509153233, "A55": -0.10615984747507039, "A56": 0.047255013688961595, "A57": -0.0718650114885362, "A58": -0.10473297476383926, "A59": -0.23437996662579272, "A60": -0.06857629458685176, "A61": -0.08380539588521552, "A62": 0.07693206733586642, "A63": 0.06321813699424285, "area_ha": 8.192816913410187, "centroid_lat": 21.599048637814782, "centroid_lon": 85.40232983829681, "cluster_id": 1, "n_pixels": 819, "perim_m": 2460.1512418245647, "stand_id": 40, "stand_lbl": 94}}, {"type": "Feature", "geometry": {"type": "Polygon", "coordinates": [[[85.39999689817516, 21.598779514191623], [85.40000087002228, 21.598418255541286], [85.40048373091768, 21.59842289790891], [85.40048472356506, 21.598332583221623], [85.40067786783698, 21.59833443976084], [85.40067886036758, 21.598244125073553], [85.40077543244963, 21.59824505325782], [85.40077443998193, 21.59833536795409], [85.40096758428979, 21.59833722416093], [85.40096857663173, 21.598246909455675], [85.40116172084076, 21.59824876542895], [85.40116072861561, 21.598339080143187], [85.40125730077851, 21.59834000805796], [85.40125630860724, 21.598430322772195], [85.40135288084203, 21.59843125063307], [85.4013508966073, 21.59861188007053], [85.40115775190418, 21.598610024285897], [85.40115576740894, 21.59879065371437], [85.40096262248125, 21.598788797687195], [85.40095964533863, 21.59905974178499], [85.40086307269961, 21.59905881367259], [85.40086208024987, 21.59914912836886], [85.40076550756594, 21.59914820020256], [85.40076352252272, 21.599328829577136], [85.40018408578132, 21.59932325933067], [85.40018905014107, 21.59887168600203], [85.40009247766375, 21.598870757458435], [85.40009347058061, 21.598780442789117], [85.39999689817516, 21.598779514191623]]]}, "id": "+166+307", "properties": {"A00": 0.029225461945179474, "A01": -0.027090891230287968, "A02": 0.08491505032406821, "A03": 0.05966563213759045, "A04": -0.030344794949227292, "A05": -0.04204018883357582, "A06": -0.1122055722095625, "A07": 0.13649957356208026, "A08": -0.042611624068765605, "A09": -0.018299282685927527, "A10": 0.14228556779709073, "A11": 0.01573248737108405, "A12": -0.3304248694673445, "A13": 0.010635797356158706, "A14": -0.0022742311416045404, "A15": 0.06854438943008435, "A16": -0.02218325326133335, "A17": 0.025717584424926453, "A18": -0.1817578901521864, "A19": -0.06507874020910112, "A20": -0.3672684541431992, "A21": 0.18109886506062106, "A22": 0.23577614788282336, "A23": -0.07593059550819646, "A24": 0.023279083184652525, "A25": 0.04188830797191048, "A26": 0.149283113750432, "A27": -0.04990089678434435, "A28": -0.057750359948233014, "A29": 0.19039416225543226, "A30": 0.014515550658906739, "A31": 0.14327217133109552, "A32": 0.10534354339142266, "A33": 0.031878657860791554, "A34": 0.010433410295433366, "A35": -0.08268303949315903, "A36": -0.13898816594287144, "A37": 0.03691255316515698, "A38": 0.09549210803953027, "A39": -0.11277831930761088, "A40": 0.04902000848751301, "A41": -0.008836377210309394, "A42": -0.1574165821983458, "A43": 0.34677216864363475, "A44": 0.09389994485886476, "A45": 0.027786289690700374, "A46": -0.031458123671242816, "A47": 0.09721817362136755, "A48": -0.12472289037530206, "A49": 0.046986392861402895, "A50": -0.023406245660282904, "A51": -0.0542188543086945, "A52": 0.02758766316457114, "A53": 0.03487733322489711, "A54": 0.19090090219399863, "A55": -0.12058939077194787, "A56": 0.01751229452463887, "A57": -0.07527848470149347, "A58": -0.1024266401175078, "A59": -0.22737681967678278, "A60": -0.03746121922648077, "A61": -0.09790537510972235, "A62": 0.08354441309189468, "A63": 0.044451177770728705, "area_ha": 1.0729867564340092, "centroid_lat": 21.598752121711268, "centroid_lon": 85.4006159599049, "cluster_id": 1, "n_pixels": 107, "perim_m": 540.032863079209, "stand_id": 41, "stand_lbl": 85}}, {"type": "Feature", "geometry": {"type": "Polygon", "coordinates": [[[85.39768015636146, 21.598666896392974], [85.39768115076953, 21.598576581840433], [85.39787429509535, 21.5985784416585], [85.39787827217067, 21.598217183376473], [85.39797484410902, 21.59821811318669], [85.39797683249395, 21.59803748402771], [85.39788026068139, 21.59803655423546], [85.39788622607878, 21.597494666767503], [85.39798279753202, 21.59749559654179], [85.39798379168856, 21.5974052819623], [85.39808036308791, 21.597406211673704], [85.39807936899425, 21.597496526262177], [85.39846565488806, 21.5975002445688], [85.39846366715888, 21.597680873781677], [85.39865681037978, 21.59768273262058], [85.39865482286619, 21.597863361842442], [85.3989445380883, 21.597866149701044], [85.39894354450668, 21.59795646432545], [85.39904011631926, 21.597957393497865], [85.39903912279152, 21.59804770813125], [85.39884597905859, 21.598045849705574], [85.39884399174264, 21.59822647893642], [85.39865084779412, 21.598224620268198], [85.3986468726322, 21.598585878684972], [85.398743444849, 21.598586808064], [85.3987414573534, 21.598767437276877], [85.39883802969597, 21.598768366602005], [85.39883703599756, 21.598858681208444], [85.39893360840303, 21.598859610488656], [85.3989326147675, 21.598949925104076], [85.39825660762388, 21.598943418947833], [85.3982576016816, 21.598853104368345], [85.39806445695154, 21.598851244972487], [85.39806346276806, 21.598941559542993], [85.39787031793918, 21.598939699922557], [85.39787230653074, 21.59875907079053], [85.39777573424206, 21.598758140899463], [85.39777672858726, 21.598667826337937], [85.39768015636146, 21.598666896392974]]]}, "id": "+147+303", "properties": {"A00": 0.025908372892368785, "A01": 0.029532348561792772, "A02": 0.10322218016730157, "A03": 0.03063541330447532, "A04": -0.05488890378265769, "A05": 0.01441010408995663, "A06": -0.07857263647497996, "A07": 0.11226002744108136, "A08": -0.022385227906854144, "A09": -0.009882512855978343, "A10": 0.13485559859094987, "A11": 0.037316227479617804, "A12": -0.30224313139694814, "A13": -0.0012525484047322894, "A14": 0.04239941811866008, "A15": 0.09669421666769785, "A16": -0.05800085814044772, "A17": 0.06978998954167936, "A18": -0.16648953574216663, "A19": -0.10819502147155528, "A20": -0.41634609021310326, "A21": 0.19570220979450523, "A22": 0.1936958108576768, "A23": -0.02795391637381974, "A24": 0.020084420160920675, "A25": 0.03697842606148606, "A26": 0.1536273789021485, "A27": -0.06788282580851202, "A28": -0.05783009695470174, "A29": 0.180166316764618, "A30": 0.011836214573518732, "A31": 0.19258467177981414, "A32": 0.10322284639164815, "A33": 0.055618105847814285, "A34": 0.04581819066370147, "A35": -0.04595546405515629, "A36": -0.12510945999864112, "A37": 0.0008094319290611745, "A38": 0.0895524457182874, "A39": -0.052946176296991374, "A40": 0.05718125260145638, "A41": 0.03158959930528756, "A42": -0.18972649728731347, "A43": 0.27686513412667335, "A44": 0.10719046649988913, "A45": 0.03710939691298544, "A46": -0.011355024804248947, "A47": 0.03157271446095419, "A48": -0.15257216546772812, "A49": 0.03157057536469382, "A50": 0.01813360497890964, "A51": -0.00712636474063055, "A52": 0.003729449227053682, "A53": -0.0006532750202331606, "A54": 0.17548656937367857, "A55": -0.12036451981765595, "A56": 0.07227789105622044, "A57": -0.07733819061444852, "A58": -0.11508344771046972, "A59": -0.2741202801251999, "A60": -0.09585914151989051, "A61": -0.07743759741738118, "A62": 0.09373834769720757, "A63": 0.03695066234731651, "area_ha": 1.4239610655249557, "centroid_lat": 21.598248112709236, "centroid_lon": 85.3983159524103, "cluster_id": 2, "n_pixels": 142, "perim_m": 720.0430863629069, "stand_id": 42, "stand_lbl": 66}}, {"type": "Feature", "geometry": {"type": "Polygon", "coordinates": [[[85.39798379168856, 21.5974052819623], [85.39798478583613, 21.597314967373826], [85.39808135717259, 21.59731589708523], [85.39808235125726, 21.597225582487773], [85.39798577998369, 21.597224652785354], [85.39798677412226, 21.59713433819688], [85.39808334534195, 21.5971352678993], [85.39808533348435, 21.596954638713374], [85.39885790247821, 21.596962074230674], [85.39885988964144, 21.596781444972883], [85.3996324580065, 21.596788876843025], [85.39963047180446, 21.596969506172684], [85.39982361418991, 21.59697136359225], [85.39981666314303, 21.597603566268514], [85.39972009152808, 21.59760263755424], [85.39971909844054, 21.59769295221458], [85.39952595511186, 21.597691094615353], [85.39952496189854, 21.597781409257724], [85.39962153362127, 21.597782338097762], [85.39961855413405, 21.598053282051826], [85.39971512603645, 21.598054210846946], [85.39971413292196, 21.598144525498302], [85.39981070489623, 21.598145454239525], [85.39980871877503, 21.598326083551218], [85.39990529087505, 21.598327012247527], [85.39990429785938, 21.59841732689888], [85.40000087002228, 21.598418255541286], [85.39999689817516, 21.598779514191623], [85.39980375337323, 21.598777656816974], [85.39980474646975, 21.598687342165622], [85.39961160181156, 21.59868548458436], [85.3996125950159, 21.598595169933006], [85.39922630599594, 21.598591454105733], [85.39922729943383, 21.598501139481325], [85.39903415508105, 21.598499281235313], [85.39903514863573, 21.59840896661989], [85.39864886021765, 21.598405249481075], [85.39865084779412, 21.598224620268198], [85.39884399174264, 21.59822647893642], [85.39884597905859, 21.598045849705574], [85.39903912279152, 21.59804770813125], [85.39904011631926, 21.597957393497865], [85.39894354450668, 21.59795646432545], [85.3989445380883, 21.597866149701044], [85.39865482286619, 21.597863361842442], [85.39865681037978, 21.59768273262058], [85.39846366715888, 21.597680873781677], [85.39846565488806, 21.5975002445688], [85.39807936899425, 21.597496526262177], [85.39808036308791, 21.597406211673704], [85.39798379168856, 21.5974052819623]]]}, "id": "+158+301", "properties": {"A00": 0.027214941068776106, "A01": 0.02687957964649773, "A02": 0.09016956212597842, "A03": 0.03950955867963742, "A04": -0.05944983167070781, "A05": -0.0025905826686261325, "A06": -0.09020564463313634, "A07": 0.11116623872980097, "A08": -0.01738482557160285, "A09": -0.012658682348960771, "A10": 0.13977394729312223, "A11": 0.0390723347111337, "A12": -0.3043759261158187, "A13": -0.01338749602953903, "A14": 0.037457195199534894, "A15": 0.08749458414255067, "A16": -0.050086782522723375, "A17": 0.06546109383966109, "A18": -0.17483961530991474, "A19": -0.09130478952781022, "A20": -0.4098059718265008, "A21": 0.18468615715874304, "A22": 0.19323604780233344, "A23": -0.027297279207114316, "A24": 0.02508324771210326, "A25": 0.04125245819707023, "A26": 0.16007148434283358, "A27": -0.06849725239242628, "A28": -0.05268744675445854, "A29": 0.188334237607753, "A30": 0.013814234948659188, "A31": 0.18939877807103764, "A32": 0.11209131219712953, "A33": 0.05931228259619287, "A34": 0.03478115661099673, "A35": -0.04378195531067865, "A36": -0.11238893153389935, "A37": -0.005459108940381448, "A38": 0.09948787611331514, "A39": -0.055224296709880716, "A40": 0.04914251909508728, "A41": 0.0281168605181953, "A42": -0.18623425126534396, "A43": 0.2872705724196918, "A44": 0.10675175413486582, "A45": 0.03240106173563749, "A46": -0.012134486258929725, "A47": 0.03853916918451813, "A48": -0.16370018420230384, "A49": 0.03943825098165219, "A50": 0.013510758215921178, "A51": -0.018675180712832015, "A52": 0.010867081552422057, "A53": 0.003688710383381441, "A54": 0.18055681282526373, "A55": -0.11731841402720251, "A56": 0.067620851793824, "A57": -0.07759171098759507, "A58": -0.11683588139111, "A59": -0.2773429792902464, "A60": -0.08746696940060779, "A61": -0.07160430131972248, "A62": 0.08027119017616755, "A63": 0.04164414062119337, "area_ha": 2.5370593590016153, "centroid_lat": 21.59762821686899, "centroid_lon": 85.39913172997726, "cluster_id": 1, "n_pixels": 254, "perim_m": 1020.0614919651039, "stand_id": 43, "stand_lbl": 76}}, {"type": "Feature", "geometry": {"type": "Polygon", "coordinates": [[[85.39546994995244, 21.59765203317185], [85.39547194139166, 21.597471404228468], [85.39585822671954, 21.59747512858974], [85.3958592221966, 21.597384814100078], [85.39595579347916, 21.597385745042175], [85.39595678888436, 21.597295430543532], [85.39614993135966, 21.597297292257043], [85.39615192190955, 21.597116663250777], [85.39634506416026, 21.597118524721743], [85.39634605931393, 21.597028210205135], [85.39653920146583, 21.59703007144254], [85.39654019649373, 21.59693975691695], [85.39673333854682, 21.596941617929772], [85.39673433343998, 21.596851303395198], [85.39683090441711, 21.59685223380729], [85.39683189925637, 21.59676191926373], [85.39712161202608, 21.596764710167623], [85.39712360132731, 21.59658408105356], [85.39731674295818, 21.596585941356714], [85.39731773748304, 21.596495626795193], [85.3975108790151, 21.596497486864784], [85.39751187341419, 21.596407172285296], [85.39780158557303, 21.596409961958493], [85.39780257979247, 21.59631964737002], [85.39789915046417, 21.596320577144308], [85.39790014461173, 21.59623026254685], [85.39809328584734, 21.596232121924743], [85.39809427986914, 21.596141807318304], [85.39828742100595, 21.59614366646263], [85.39828841490197, 21.59605335184721], [85.40060610876817, 21.596075643945227], [85.40060412384173, 21.5962562733737], [85.40089383614432, 21.596259057648023], [85.40089284384729, 21.596349372371243], [85.40098941468968, 21.596350300357884], [85.40098842245553, 21.596440615081104], [85.40118156426607, 21.596442470892683], [85.40117958001336, 21.59662310036607], [85.40137272208442, 21.596624955962056], [85.4013707380563, 21.59680558544443], [85.40175702273739, 21.596809296007574], [85.4017560309524, 21.596899610766727], [85.40194917344566, 21.596901465715924], [85.40194818177744, 21.59699178048406], [85.40214132440545, 21.59699363521766], [85.40213934129362, 21.597174264762916], [85.40242905563537, 21.59717704647704], [85.40242806425462, 21.597267361263143], [85.40252463577075, 21.597268288387397], [85.4025236444439, 21.5973586031735], [85.40271678761988, 21.59736045727828], [85.40271579640083, 21.597450772073365], [85.40290893971155, 21.59745262595357], [85.40290794860928, 21.597542940757634], [85.40329423554513, 21.59754664786227], [85.40329126292104, 21.59781759231939], [85.40338783485039, 21.59781851896754], [85.40338585320282, 21.597999148602625], [85.40348242524894, 21.598000075205857], [85.40347945291231, 21.598271019671962], [85.40357602514709, 21.598271946230277], [85.40357404368815, 21.598452575874347], [85.40347747132762, 21.598451649307048], [85.40347449891912, 21.598722593755184], [85.4033779263879, 21.59872166711602], [85.4033789172566, 21.59863135230297], [85.40279948255437, 21.59862579132712], [85.40280542981479, 21.598083902601523], [85.4027088577417, 21.59808297560303], [85.4027118314797, 21.59781203123574], [85.40261525959528, 21.597811104192335], [85.40261625089518, 21.59772078940623], [85.40213339182336, 21.59771615337173], [85.40213140863067, 21.597896782908002], [85.40193826479891, 21.59789492808457], [85.40193628134573, 21.59807555759389], [85.40174313729838, 21.598073702527916], [85.40174512099412, 21.59789307303656], [85.40164854909172, 21.597892145427213], [85.40165053288628, 21.59771151594484], [85.40155396111862, 21.597710588290578], [85.40155594501199, 21.597529958808206], [85.40116965845343, 21.597526247661154], [85.40116866627318, 21.597616562384374], [85.40107209458638, 21.59761563446062], [85.40107110233427, 21.597705949174856], [85.40020195685659, 21.597697595246956], [85.40020394242981, 21.597516965881365], [85.40001079928079, 21.59751510885706], [85.40001179217968, 21.597424794178753], [85.39991522068154, 21.597423865590244], [85.39991621363433, 21.597333550920926], [85.39981964219007, 21.597332622269533], [85.39982361418991, 21.59697136359225], [85.39963047180446, 21.596969506172684], [85.3996324580065, 21.596788876843025], [85.39885988964144, 21.596781444972883], [85.39885790247821, 21.596962074230674], [85.39789219128753, 21.5969527792726], [85.39789020290257, 21.597133408440563], [85.39769706049017, 21.597131548757243], [85.39769308318128, 21.597492807057236], [85.39672736902617, 21.59748350511925], [85.39672637408809, 21.597573819644843], [85.39662980263485, 21.59757288914292], [85.39662880763389, 21.59766320365953], [85.39653223613573, 21.597662273094727], [85.39653024599008, 21.59784290212794], [85.39672338923792, 21.597844763221612], [85.39671841439483, 21.598296335831602], [85.39662184246548, 21.598295405293747], [85.39661885731887, 21.598566348834588], [85.3967154294189, 21.59856727939041], [85.39671443441794, 21.598657593907014], [85.39681100658984, 21.598658524408936], [85.39681001165177, 21.598748838925545], [85.39690658388655, 21.598749769373565], [85.39690160937582, 21.59920134197457], [85.39699818191603, 21.59920227238666], [85.3969971870588, 21.59929258691225], [85.39690061445572, 21.59929165649118], [85.39689862460651, 21.599472285524392], [85.39641576108804, 21.599467632547665], [85.39641675631357, 21.599377318049022], [85.39632018368353, 21.599376387295575], [85.3963221742424, 21.599195758307275], [85.39622560173814, 21.59919482750891], [85.39622759239582, 21.599014198529595], [85.39613102001731, 21.599013267668347], [85.39613301077381, 21.598832638698013], [85.39603643852108, 21.598831707800834], [85.39603842936741, 21.5986510788305], [85.39594185724043, 21.59865014787942], [85.39594484366265, 21.598379204428415], [85.3958482717243, 21.598378273441405], [85.39585026275928, 21.598197644480052], [85.39575369094672, 21.598196713439144], [85.39575568208052, 21.598016084477795], [85.39565911039371, 21.59801515339197], [85.39566110162632, 21.5978345244396], [85.39556453005629, 21.59783359330886], [85.3955665213967, 21.59765296435649], [85.39546994995244, 21.59765203317185]]]}, "id": "+126+309", "properties": {"A00": 0.035836580337220494, "A01": -0.004783564098487764, "A02": 0.09553312625014278, "A03": 0.07829254403159877, "A04": -0.04912311995733122, "A05": -0.04392349234028395, "A06": -0.12615021584211392, "A07": 0.14106628453827616, "A08": -0.014579763077934047, "A09": -0.005069160976504488, "A10": 0.13062323185979635, "A11": 0.06248958181290897, "A12": -0.3092400181794488, "A13": -0.01934267824579316, "A14": -0.0033809868424077966, "A15": 0.07483208274953582, "A16": -0.02480036482865027, "A17": 0.01613515039336048, "A18": -0.1766467051388316, "A19": -0.07061792966915653, "A20": -0.36637549622421856, "A21": 0.14831790587852717, "A22": 0.2537758397001484, "A23": -0.06148750869146723, "A24": 0.02913541247342351, "A25": 0.043146456584844034, "A26": 0.1545848902024548, "A27": -0.03970282140765228, "A28": -0.052483430286220954, "A29": 0.2031348823473359, "A30": 0.015042224076861626, "A31": 0.16975294997742713, "A32": 0.15717086638820116, "A33": 0.04243428032791861, "A34": 0.014596757469422232, "A35": -0.06424671057483008, "A36": -0.10998051884832784, "A37": -0.02477981538237541, "A38": 0.07499571959657728, "A39": -0.08997703104620393, "A40": 0.03443463070809348, "A41": 0.007923810039383774, "A42": -0.16547677704149663, "A43": 0.34165264566803855, "A44": 0.10888877348238987, "A45": 0.014885563996268367, "A46": -0.05616661317251963, "A47": 0.10619487199763113, "A48": -0.11701852911197537, "A49": 0.050391743623024954, "A50": -0.018898372211667725, "A51": -0.06474203414581184, "A52": 0.02999465449802566, "A53": 0.016048753539495853, "A54": 0.1725041830788249, "A55": -0.14898716474794588, "A56": 0.04725713900284373, "A57": -0.06585057857609174, "A58": -0.11302375053743544, "A59": -0.23921851820821102, "A60": -0.059492946495396916, "A61": -0.07615959561283754, "A62": 0.03414428205754391, "A63": 0.04111639385426423, "area_ha": 9.666899586966354, "centroid_lat": 21.59731023638582, "centroid_lon": 85.39926525077159, "cluster_id": 1, "n_pixels": 967, "perim_m": 3100.1871896061016, "stand_id": 44, "stand_lbl": 77}}, {"type": "Feature", "geometry": {"type": "Polygon", "coordinates": [[[85.39509163177384, 21.596925792219583], [85.39509362359934, 21.596745163294166], [85.39576961948707, 21.59675168165851], [85.395767628497, 21.59693231064681], [85.39615391245046, 21.59693603423553], [85.39615590296441, 21.596755405211297], [85.39654218653159, 21.596759127865766], [85.39654417654249, 21.596578498805602], [85.39673731811946, 21.596580359782493], [85.39673930787883, 21.596399730704363], [85.39712559060159, 21.596403451939494], [85.39712757985791, 21.596222822825432], [85.39741729160353, 21.596225613145418], [85.39741828603856, 21.59613529856593], [85.39751485657551, 21.59613622855581], [85.39751585094766, 21.59604591397632], [85.39809527388195, 21.596051492711865], [85.39809726190757, 21.59587086350797], [85.39964238872925, 21.59588573014083], [85.39964139568661, 21.595976044819135], [85.39993110728851, 21.59597883072839], [85.39993011441656, 21.59606914541568], [85.39828841490197, 21.59605335184721], [85.39828742100595, 21.59614366646263], [85.39809427986914, 21.596141807318304], [85.39809328584734, 21.596232121924743], [85.39790014461173, 21.59623026254685], [85.39789915046417, 21.596320577144308], [85.39780257979247, 21.59631964737002], [85.39780158557303, 21.596409961958493], [85.39751187341419, 21.596407172285296], [85.3975108790151, 21.596497486864784], [85.39731773748304, 21.596495626795193], [85.39731674295818, 21.596585941356714], [85.39712360132731, 21.59658408105356], [85.39712161202608, 21.596764710167623], [85.39683189925637, 21.59676191926373], [85.39683090441711, 21.59685223380729], [85.39673433343998, 21.596851303395198], [85.39673333854682, 21.596941617929772], [85.39654019649373, 21.59693975691695], [85.39653920146583, 21.59703007144254], [85.39634605931393, 21.597028210205135], [85.39634506416026, 21.597118524721743], [85.39615192190955, 21.597116663250777], [85.39614993135966, 21.597297292257043], [85.39595678888436, 21.597295430543532], [85.39595579347916, 21.597385745042175], [85.3958592221966, 21.597384814100078], [85.39585822671954, 21.59747512858974], [85.39537537007317, 21.597470472998914], [85.39537736161121, 21.597289844064512], [85.39528079040949, 21.597288912781057], [85.39528278204634, 21.597108283846655], [85.39518621097938, 21.597107352527267], [85.39518820271505, 21.59692672359287], [85.39509163177384, 21.596925792219583]]]}, "id": "+115+287", "properties": {"A00": 0.04323060838175249, "A01": -0.0203959725857387, "A02": 0.1544336631203177, "A03": 0.029888400908704742, "A04": -0.050008423986884654, "A05": -0.03056020085596635, "A06": -0.08935445736085958, "A07": 0.12858461829270346, "A08": 0.0037501378848640485, "A09": 0.020470678726277503, "A10": 0.10866815518538482, "A11": 0.052056375449310834, "A12": -0.30657057083232764, "A13": -0.01589127531638754, "A14": -0.02290624511475099, "A15": 0.07162577589782294, "A16": -0.11861863016784935, "A17": 0.1055270102436405, "A18": -0.10081524364760908, "A19": -0.11192020331102033, "A20": -0.39470323525063505, "A21": 0.2759635698987607, "A22": 0.2410789066722952, "A23": -0.035672911300146055, "A24": 0.00016960954790049836, "A25": 0.011638272331043633, "A26": 0.10482883043597109, "A27": -0.010641181294408724, "A28": -0.027341413285480894, "A29": 0.17427195493135178, "A30": 0.006145451656593697, "A31": 0.15106627533676756, "A32": 0.041463837852226126, "A33": 0.06297898727703322, "A34": 0.013533539840300724, "A35": -0.06691191131497959, "A36": -0.12990337427936574, "A37": -0.04599294027871075, "A38": 0.11481019130298163, "A39": -0.04645800001650459, "A40": 0.06082853259464388, "A41": 0.060278636016179964, "A42": -0.18486738979990736, "A43": 0.2816112149799289, "A44": 0.05600527998042149, "A45": 0.023890494080092153, "A46": -0.0706080347602809, "A47": 0.007269156403169951, "A48": -0.16158712734832212, "A49": -0.018259497259862225, "A50": -0.0015856423125264923, "A51": 0.05092346625413914, "A52": 0.03306922993291683, "A53": -0.039663384700183074, "A54": 0.10240796013853219, "A55": -0.12829473471204028, "A56": 0.04097308725516692, "A57": -0.012838918571865185, "A58": -0.14944108652533494, "A59": -0.2642914316448967, "A60": -0.10395531868757941, "A61": -0.07787771571432063, "A62": 0.04788762907034155, "A63": 0.02550480664015747, "area_ha": 1.7348242053805139, "centroid_lat": 21.596617030187936, "centroid_lon": 85.39693984804862, "cluster_id": 4, "n_pixels": 173, "perim_m": 1400.0836877212619, "stand_id": 45, "stand_lbl": 59}}, {"type": "Feature", "geometry": {"type": "Polygon", "coordinates": [[[85.40137669008676, 21.596263696979342], [85.401378674052, 21.596083067479004], [85.40263409334115, 21.59609512307673], [85.40263310214006, 21.59618543788978], [85.4027296729555, 21.59618636485234], [85.40272669948699, 21.59645730927353], [85.40282327049107, 21.59645823619117], [85.40282128826857, 21.59663886580829], [85.40291785938943, 21.596639792690002], [85.40291488621737, 21.596910737120172], [85.40301145751789, 21.596911663947985], [85.40300947549302, 21.59709229357409], [85.40310604691932, 21.59709322035698], [85.40310307402572, 21.597364164796137], [85.40300650241079, 21.59736323800426], [85.40300749345018, 21.59727292319121], [85.40291092189813, 21.59727199634543], [85.40291191298243, 21.59718168154136], [85.40271877003103, 21.597179827679128], [85.4027197612321, 21.597089512884043], [85.40252661841546, 21.597087658815195], [85.40252760973333, 21.59699734402011], [85.40243103839687, 21.596996416904837], [85.40243202975965, 21.596906102118734], [85.40233545848606, 21.596905174949562], [85.40233644991173, 21.596814860163462], [85.40223987870104, 21.596813932949374], [85.40224087018059, 21.59672361816327], [85.40214429904177, 21.596722690895287], [85.40214529057523, 21.596632376118166], [85.40195214842333, 21.596630521411516], [85.40195314006459, 21.59654020664338], [85.40175999805642, 21.596538351730118], [85.40176098981446, 21.59644803696198], [85.40156784795002, 21.59644618183312], [85.40156883982485, 21.596355867073967], [85.40147226895552, 21.59635493942869], [85.40147326088423, 21.596264624678522], [85.40137669008676, 21.596263696979342]]]}, "id": "+190+285", "properties": {"A00": 0.027798846338111034, "A01": -0.02716192323552485, "A02": 0.10059662990355271, "A03": 0.06982301000569993, "A04": -0.051843175871326315, "A05": -0.07398089784592889, "A06": -0.143832843729532, "A07": 0.16357170938014953, "A08": 0.0076397817831834495, "A09": -0.0032048257293438207, "A10": 0.13155136100013198, "A11": 0.025304970706398082, "A12": -0.316993734434622, "A13": -0.002732056954409426, "A14": -0.03240546646053444, "A15": 0.0802954067207323, "A16": 0.030293457921740742, "A17": 0.014201221893220557, "A18": -0.19055057459677474, "A19": -0.1283046631433347, "A20": -0.32290346099787637, "A21": 0.11874764948514918, "A22": 0.2606185333146042, "A23": -0.08832671593410045, "A24": 0.040558319564443474, "A25": 0.07596493428258834, "A26": 0.1363988438700617, "A27": 0.007017392467878214, "A28": -0.022758369593174815, "A29": 0.2236080873823498, "A30": 0.001949122675635547, "A31": 0.12693597580826688, "A32": 0.12526140967876212, "A33": 0.05656925631515684, "A34": 0.004407492753410293, "A35": -0.11854560154905573, "A36": -0.12751973488957355, "A37": 0.006179866387424267, "A38": 0.09074164026091813, "A39": -0.08173729247340078, "A40": 0.07270196868863932, "A41": -0.0008468048005469903, "A42": -0.15488726220779925, "A43": 0.35817019803384037, "A44": 0.09423631753709798, "A45": -0.033115540489087276, "A46": -0.08199808991847886, "A47": 0.18405433309016178, "A48": -0.0877438699720827, "A49": 0.02870363876057831, "A50": -0.008932859068740332, "A51": -0.05140059796598463, "A52": 0.05259611328888459, "A53": 0.03473456532105225, "A54": 0.18807857947234652, "A55": -0.14140766963027504, "A56": 0.04831148442398396, "A57": -0.04357713774127859, "A58": -0.08207537497434321, "A59": -0.19599123942710633, "A60": -0.02254447401009172, "A61": -0.09793559180388202, "A62": 0.023812823984885146, "A63": 0.0835581826849653, "area_ha": 1.1131004090227175, "centroid_lat": 21.59654024274083, "centroid_lon": 85.40233815925981, "cluster_id": 1, "n_pixels": 111, "perim_m": 640.0394569718118, "stand_id": 46, "stand_lbl": 95}}, {"type": "Feature", "geometry": {"type": "Polygon", "coordinates": [[[85.39480889154771, 21.59629079660025], [85.39481387180764, 21.595839224304672], [85.39491044202121, 21.59584015579474], [85.39491243397246, 21.595659526860338], [85.39500900406925, 21.595660458287526], [85.39500701223477, 21.595841087221924], [85.39558643364194, 21.59584667464418], [85.39558543808403, 21.59593698914282], [85.3956820083964, 21.59593792018373], [85.3956810128834, 21.59602823468237], [85.39577758326766, 21.596029165678363], [85.39577559234945, 21.596209794675648], [85.39587216285048, 21.596210725626726], [85.39587315825568, 21.596120411119102], [85.39596972870281, 21.596121342007297], [85.3959717193605, 21.595940712983065], [85.39616486003915, 21.595942574570813], [85.39616784563492, 21.59567163100302], [85.3965541263185, 21.59567535345088], [85.39655213640641, 21.595855982529013], [85.39684184733458, 21.59585877380121], [85.39684085254922, 21.595949088353752], [85.39693742293346, 21.59595001867601], [85.396936428202, 21.59604033322855], [85.39712956909625, 21.596042193702385], [85.39713155830765, 21.595861564579337], [85.39751783968295, 21.59586528481734], [85.39751684531979, 21.59595559939683], [85.39770998616015, 21.595957459196928], [85.39771098040652, 21.595867144608455], [85.39809726190757, 21.59587086350797], [85.39809527388195, 21.596051492711865], [85.39751585094766, 21.59604591397632], [85.39751485657551, 21.59613622855581], [85.39741828603856, 21.59613529856593], [85.39741729160353, 21.596225613145418], [85.39712757985791, 21.596222822825432], [85.39712559060159, 21.596403451939494], [85.39673930787883, 21.596399730704363], [85.39673731811946, 21.596580359782493], [85.39654417654249, 21.596578498805602], [85.39654218653159, 21.596759127865766], [85.39615590296441, 21.596755405211297], [85.39615391245046, 21.59693603423553], [85.395767628497, 21.59693231064681], [85.39576961948707, 21.59675168165851], [85.39499705278389, 21.596744231875963], [85.39500004067037, 21.596473288487836], [85.39490347003459, 21.59647235702472], [85.39490546205772, 21.596291728108284], [85.39480889154771, 21.59629079660025]]]}, "id": "+118+281", "properties": {"A00": 0.01869986424007707, "A01": -0.010769896997047682, "A02": 0.18582613505904313, "A03": 0.011516528376620082, "A04": -0.07109901118755087, "A05": -0.056129584462004764, "A06": -0.07904479238914984, "A07": 0.13534603200711043, "A08": 0.00946970826008925, "A09": 0.01753177342765786, "A10": 0.07595361026702473, "A11": 0.011971546567139427, "A12": -0.3054379099387106, "A13": -0.007223762670592416, "A14": -0.028941978931612874, "A15": 0.07491375710870908, "A16": -0.12729128707464807, "A17": 0.16370170389898214, "A18": -0.11360780202519453, "A19": -0.1519407452798383, "A20": -0.40569086870026566, "A21": 0.3150034478567532, "A22": 0.160426088810718, "A23": -0.0030279483877344413, "A24": 0.019514064380216998, "A25": 0.004704320000604379, "A26": 0.0959906112781102, "A27": 0.008687018327758084, "A28": -0.020937121909225902, "A29": 0.16463755232177776, "A30": 0.031269883599970426, "A31": 0.1192934919851348, "A32": -0.030696227883821568, "A33": 0.1150542512664274, "A34": 0.007107710831810857, "A35": -0.08823822948427662, "A36": -0.09494829170964479, "A37": 0.0151002071206167, "A38": 0.1391588072765902, "A39": -0.019808195232350508, "A40": 0.05721213099819654, "A41": 0.08677347761770007, "A42": -0.1781634104715804, "A43": 0.24792041507601337, "A44": 0.04450537555863246, "A45": 0.045310592016098994, "A46": -0.07061389953308025, "A47": 0.027403212660658843, "A48": -0.19188872042034863, "A49": -0.0322539475512772, "A50": -0.013107135968280986, "A51": 0.07731112564217908, "A52": 0.06852267917501496, "A53": -0.053861927692161506, "A54": 0.11902503226838286, "A55": -0.07659055410523082, "A56": 0.02778232306636033, "A57": -0.019637717326434906, "A58": -0.1440713113530203, "A59": -0.22682852216821273, "A60": -0.11530053821298221, "A61": -0.07269602711966548, "A62": 0.06123070527974699, "A63": 0.04425497568193414, "area_ha": 2.3866351386586064, "centroid_lat": 21.596257509728105, "centroid_lon": 85.39607982404883, "cluster_id": 4, "n_pixels": 239, "perim_m": 1140.0674218119088, "stand_id": 47, "stand_lbl": 54}}, {"type": "Feature", "geometry": {"type": "Polygon", "coordinates": [[[85.39993805726641, 21.595346627899414], [85.39994004292946, 21.59516599850687], [85.40003661293642, 21.595166926996566], [85.40003859845574, 21.594986297586058], [85.40042487805236, 21.594990010942965], [85.4004288480759, 21.59462875205907], [85.40052541775049, 21.594629680243337], [85.40052442530973, 21.594719994966557], [85.40062099505617, 21.594720923096926], [85.40061702549076, 21.595082182016753], [85.40071359547076, 21.59508311010221], [85.40071260312882, 21.59517342483441], [85.40080917318069, 21.59517435287495], [85.40080321937157, 21.595716241259183], [85.40099636020294, 21.595718097223475], [85.40099239136516, 21.596079356161273], [85.4011855326996, 21.59608121193692], [85.4011845406002, 21.596171526678106], [85.40137768206938, 21.596173382229175], [85.40137669008676, 21.596263696979342], [85.40147326088423, 21.596264624678522], [85.40147226895552, 21.59635493942869], [85.40156883982485, 21.596355867073967], [85.40156784795002, 21.59644618183312], [85.40176098981446, 21.59644803696198], [85.40175999805642, 21.596538351730118], [85.40195314006459, 21.59654020664338], [85.40195214842333, 21.596630521411516], [85.40214529057523, 21.596632376118166], [85.40214429904177, 21.596722690895287], [85.40224087018059, 21.59672361816327], [85.40223987870104, 21.596813932949374], [85.40233644991173, 21.596814860163462], [85.40233545848606, 21.596905174949562], [85.40243202975965, 21.596906102118734], [85.40243103839687, 21.596996416904837], [85.40252760973333, 21.59699734402011], [85.40252661841546, 21.597087658815195], [85.4027197612321, 21.597089512884043], [85.40271877003103, 21.597179827679128], [85.40291191298243, 21.59718168154136], [85.40291092189813, 21.59727199634543], [85.40300749345018, 21.59727292319121], [85.40300650241079, 21.59736323800426], [85.40319964564067, 21.5973650915431], [85.40319766380443, 21.597545721169205], [85.40290794860928, 21.597542940757634], [85.40290893971155, 21.59745262595357], [85.40271579640083, 21.597450772073365], [85.40271678761988, 21.59736045727828], [85.4025236444439, 21.5973586031735], [85.40252463577075, 21.597268288387397], [85.40242806425462, 21.597267361263143], [85.40242905563537, 21.59717704647704], [85.40213934129362, 21.597174264762916], [85.40214132440545, 21.59699363521766], [85.40194818177744, 21.59699178048406], [85.40194917344566, 21.596901465715924], [85.4017560309524, 21.596899610766727], [85.40175702273739, 21.596809296007574], [85.4013707380563, 21.59680558544443], [85.40137272208442, 21.596624955962056], [85.40117958001336, 21.59662310036607], [85.40118156426607, 21.596442470892683], [85.40098842245553, 21.596440615081104], [85.40098941468968, 21.596350300357884], [85.40089284384729, 21.596349372371243], [85.40089383614432, 21.596259057648023], [85.40060412384173, 21.5962562733737], [85.4006090861174, 21.595804699793533], [85.40051251566129, 21.595803771618247], [85.40051350815594, 21.59571345690401], [85.40032036737847, 21.595711600382764], [85.4003213599899, 21.595621285668525], [85.40022478966854, 21.595620357331544], [85.4002267750082, 21.595439727921036], [85.400033634617, 21.59543787108538], [85.40003462739014, 21.595347556389108], [85.39993805726641, 21.595346627899414]]]}, "id": "+191+287", "properties": {"A00": 0.03933925054164965, "A01": -0.019536100075029088, "A02": 0.16305205509361176, "A03": 0.016317815906352652, "A04": -0.054482954857393594, "A05": -0.022609916529311064, "A06": -0.10909964991746908, "A07": 0.11348325808951182, "A08": -0.03215545484110822, "A09": 0.007462311857578227, "A10": 0.11256221890594711, "A11": 0.018004223791249236, "A12": -0.31772175912894296, "A13": 0.01732691679425101, "A14": -0.039192332129297396, "A15": 0.07377871613378932, "A16": -0.043853402988059224, "A17": 0.08594920121413879, "A18": -0.15919381445061656, "A19": -0.09672077496240584, "A20": -0.36250625567371003, "A21": 0.2549896773571413, "A22": 0.21500054323857573, "A23": -0.06198224007709594, "A24": 0.002219421160290101, "A25": 0.013095889728211223, "A26": 0.1076474860096544, "A27": 0.011741234297292765, "A28": -0.042357157383283196, "A29": 0.1814148093154374, "A30": 0.023331320233584255, "A31": 0.14808080173361718, "A32": 0.05299007219709779, "A33": 0.06557718354113297, "A34": -0.0030306875951134943, "A35": -0.0861117660813873, "A36": -0.14512369807827155, "A37": 0.00456991089885787, "A38": 0.07001996659755977, "A39": -0.06739869629876981, "A40": 0.04640188129968226, "A41": 0.030167459101553166, "A42": -0.16203687185752116, "A43": 0.31185760635154014, "A44": 0.0703428978496497, "A45": 0.05729755059562465, "A46": -0.053595897332467786, "A47": 0.08488864687400903, "A48": -0.14631007838039561, "A49": -0.03289171981288851, "A50": -0.006430476052755806, "A51": -0.009889599645735455, "A52": 0.05385971543273099, "A53": -0.03461033369975146, "A54": 0.1467365378793653, "A55": -0.13228345196039643, "A56": 0.028791725173526017, "A57": -0.02941463373705131, "A58": -0.09432253339950027, "A59": -0.21056153178770182, "A60": -0.06338644539878854, "A61": -0.08187210914210415, "A62": 0.0711152989885995, "A63": 0.027019777951215594, "area_ha": 1.7649144159061514, "centroid_lat": 21.596137699637982, "centroid_lon": 85.40124253210442, "cluster_id": 1, "n_pixels": 176, "perim_m": 1320.0807296943888, "stand_id": 48, "stand_lbl": 88}}, {"type": "Feature", "geometry": {"type": "Polygon", "coordinates": [[[85.39867668431187, 21.59587644017739], [85.39868463329721, 21.595153923083327], [85.39926405301553, 21.59515949753391], [85.39926603949606, 21.594978868195266], [85.39945917920453, 21.594980725884323], [85.39946116542454, 21.594800096527717], [85.39975087466387, 21.594802882607652], [85.39974988173802, 21.59489319729494], [85.39984645155633, 21.59489412588345], [85.3998474444193, 21.59480381118718], [85.4000405839571, 21.594805668184534], [85.40003661293642, 21.595166926996566], [85.39994004292946, 21.59516599850687], [85.39993805726641, 21.595346627899414], [85.40003462739014, 21.595347556389108], [85.400033634617, 21.59543787108538], [85.4002267750082, 21.595439727921036], [85.40022478966854, 21.595620357331544], [85.4003213599899, 21.595621285668525], [85.40032036737847, 21.595711600382764], [85.40051350815594, 21.59571345690401], [85.40051251566129, 21.595803771618247], [85.4006090861174, 21.595804699793533], [85.40060610876817, 21.596075643945227], [85.39993011441656, 21.59606914541568], [85.39993110728851, 21.59597883072839], [85.39964139568661, 21.595976044819135], [85.39964238872925, 21.59588573014083], [85.39867668431187, 21.59587644017739]]]}, "id": "+164+271", "properties": {"A00": 0.03205568743707367, "A01": -0.019239560176178762, "A02": 0.17522522691735373, "A03": 0.009981133337325792, "A04": -0.06633973340328203, "A05": -0.039046942650476466, "A06": -0.09727105599246676, "A07": 0.13205525572349378, "A08": -0.04484336813887439, "A09": -0.0026757616347743277, "A10": 0.063011921490748, "A11": 0.04293749326867995, "A12": -0.32456926064352454, "A13": -0.015682982057928417, "A14": -0.041544528114519, "A15": 0.043951205239823196, "A16": -0.13297086037772968, "A17": 0.16465705337169803, "A18": -0.12598320757551387, "A19": -0.03040804070817717, "A20": -0.37460425763638316, "A21": 0.32632603621040146, "A22": 0.18006177313750074, "A23": -0.003124253927044598, "A24": 0.014342622540084208, "A25": -0.06838994130302475, "A26": 0.11682431771924667, "A27": 0.0039997303224119565, "A28": -0.0724087834741514, "A29": 0.1347530049886946, "A30": 0.052342904241582666, "A31": 0.15989429586608706, "A32": 0.03585801891659815, "A33": 0.0824605687031497, "A34": -0.035582804702002674, "A35": -0.044007844892680927, "A36": -0.11404724224714677, "A37": -0.05369703010873216, "A38": 0.0807977653535393, "A39": -0.022845026367077362, "A40": -0.011507365410842818, "A41": 0.07404798640923657, "A42": -0.1650531880816814, "A43": 0.2698440872736975, "A44": 0.05981621415015232, "A45": 0.1324557885223378, "A46": -0.015800086720424808, "A47": -0.011243406052612497, "A48": -0.22121525186610194, "A49": -0.04069234433888569, "A50": 0.0021303706937497078, "A51": 0.034815702159924515, "A52": 0.05861185209406169, "A53": -0.09838366359882174, "A54": 0.10385142399111803, "A55": -0.09543884364527326, "A56": 0.01580737292876306, "A57": -0.017557450603927955, "A58": -0.13413465564313268, "A59": -0.23684545923867562, "A60": -0.09637581038356009, "A61": -0.05455144442256663, "A62": 0.04263473986191304, "A63": -0.021571802477627938, "area_ha": 1.724800464531277, "centroid_lat": 21.595508563775084, "centroid_lon": 85.39957578519359, "cluster_id": 0, "n_pixels": 172, "perim_m": 720.0435853439848, "stand_id": 49, "stand_lbl": 79}}, {"type": "Feature", "geometry": {"type": "Polygon", "coordinates": [[[85.39577559234945, 21.596209794675648], [85.39578355587851, 21.595487278641603], [85.39588012590343, 21.59548820955675], [85.39588112125473, 21.59539789504014], [85.39597769122575, 21.595398825892403], [85.39598565341633, 21.594676309714625], [85.39617879241514, 21.594678171185592], [85.39617779727944, 21.594768485720166], [85.39656407557351, 21.594772207997345], [85.39656308067136, 21.5948625225409], [85.39665965031898, 21.59486345297994], [85.39665865547074, 21.59495376753248], [85.39675522518125, 21.59495469791762], [85.39675323559256, 21.595135327031684], [85.39665666575628, 21.595134396637558], [85.39665567089905, 21.5952247111901], [85.39675224078923, 21.59522564158422], [85.39674925634331, 21.595496585241843], [85.39665268627347, 21.595495654829755], [85.3966516913893, 21.595585969382295], [85.39674826152202, 21.595586899794384], [85.39674726669173, 21.59567721433794], [85.39665069650512, 21.59567628392585], [85.39664970161196, 21.59576659846941], [85.39674627186146, 21.59576752889048], [85.3967452770222, 21.59585784343404], [85.39655213640641, 21.595855982529013], [85.3965541263185, 21.59567535345088], [85.39616784563492, 21.59567163100302], [85.39616486003915, 21.595942574570813], [85.3959717193605, 21.595940712983065], [85.39596972870281, 21.596121342007297], [85.39587315825568, 21.596120411119102], [85.39587216285048, 21.596210725626726], [85.39577559234945, 21.596209794675648]]]}, "id": "+115+273", "properties": {"A00": 0.005706149365945768, "A01": -0.0007711510444572977, "A02": 0.18580628195792925, "A03": -0.021425299820565864, "A04": -0.08376914208316841, "A05": -0.06548164259011253, "A06": -0.04944313233365939, "A07": 0.13782543442640724, "A08": 0.01514884890041602, "A09": -0.012565622595209866, "A10": 0.0825987125209832, "A11": 0.0007399862171438301, "A12": -0.31646262653734697, "A13": 0.00040842881623183577, "A14": -0.0017724782420635182, "A15": 0.07172629527376025, "A16": -0.13227159605776526, "A17": 0.17613085985584856, "A18": -0.11896812039232171, "A19": -0.15037149836808825, "A20": -0.3863648347756467, "A21": 0.3225182885380468, "A22": 0.15999062736939468, "A23": 0.012693234650007126, "A24": 0.03542244689629473, "A25": 0.008496085382901496, "A26": 0.08195904590669148, "A27": 0.008751566141867527, "A28": -0.021760967262195865, "A29": 0.1573526405580966, "A30": 0.047015579753155595, "A31": 0.13226479065103003, "A32": -0.04938558665252412, "A33": 0.10561836496744474, "A34": 0.01844557360128294, "A35": -0.09502325608839825, "A36": -0.10616327283696017, "A37": 0.04990831278780731, "A38": 0.1761229836772688, "A39": -0.00521718010710538, "A40": 0.043414823752820846, "A41": 0.0573000881310394, "A42": -0.18863879037390893, "A43": 0.22645434772409334, "A44": 0.035065574667400054, "A45": 0.03614602617260457, "A46": -0.04640073219181587, "A47": 0.0246609927167572, "A48": -0.19761206287458746, "A49": -0.050268596299387125, "A50": 0.01744659275575478, "A51": 0.11795773270523781, "A52": 0.06853728554746558, "A53": -0.0476962522195961, "A54": 0.1341690541469891, "A55": -0.05577064808196646, "A56": 0.014682738959354982, "A57": -0.031726897468836175, "A58": -0.13649705889814212, "A59": -0.22825551995001864, "A60": -0.12096520297713817, "A61": -0.06850231259839604, "A62": 0.07677794347269296, "A63": 0.042832096061121684, "area_ha": 1.0228439569596175, "centroid_lat": 21.595362567850657, "centroid_lon": 85.3962583632953, "cluster_id": 0, "n_pixels": 102, "perim_m": 640.0376161614556, "stand_id": 50, "stand_lbl": 57}}, {"type": "Feature", "geometry": {"type": "Polygon", "coordinates": [[[85.39656308067136, 21.5948625225409], [85.39656407557351, 21.594772207997345], [85.39762634131112, 21.59478243963775], [85.39763031823374, 21.594421181238943], [85.39772688762984, 21.594422111040178], [85.39773086422906, 21.594060852605438], [85.39792400258108, 21.59406271199231], [85.3979249965939, 21.593972397376888], [85.39802156571152, 21.593973326980496], [85.39802057176159, 21.5940636416049], [85.3988896946107, 21.594072005593933], [85.39888870119077, 21.59416232025427], [85.39898527047907, 21.594163249309904], [85.3989862638451, 21.594072934640582], [85.3990828330795, 21.594073863633334], [85.39908779952336, 21.593622290277743], [85.39918436847029, 21.593623219189645], [85.399183375248, 21.593713533867952], [85.39927994425783, 21.593714462734937], [85.39927696475264, 21.593985406778835], [85.3994701031406, 21.593987264369076], [85.39946911008899, 21.594077579056364], [85.39956567935033, 21.59407850777962], [85.39956667234804, 21.59398819308335], [85.3996632415555, 21.593989121743725], [85.39966423449033, 21.59389880703847], [85.39976080364389, 21.593899735635965], [85.39976378224178, 21.593628791529184], [85.39986035121566, 21.593629720054814], [85.3998583656155, 21.593810349474303], [85.39995493471515, 21.59381127794603], [85.39995394196896, 21.59390159266027], [85.40005051114048, 21.59390252108708], [85.40005547453904, 21.593450947497928], [85.40015204341412, 21.593451875852878], [85.40015105080268, 21.5935421905761], [85.40024761974064, 21.593543118877147], [85.40024364949251, 21.593904377770027], [85.40043678787148, 21.593906234237377], [85.40043381048632, 21.594177178425003], [85.40053037986445, 21.594178106591304], [85.40052541775049, 21.594629680243337], [85.4004288480759, 21.59462875205907], [85.40042487805236, 21.594990010942965], [85.40003859845574, 21.594986297586058], [85.4000405839571, 21.594805668184534], [85.3998474444193, 21.59480381118718], [85.39984645155633, 21.59489412588345], [85.39974988173802, 21.59489319729494], [85.39975087466387, 21.594802882607652], [85.39946116542454, 21.594800096527717], [85.39945917920453, 21.594980725884323], [85.39926603949606, 21.594978868195266], [85.39926405301553, 21.59515949753391], [85.39868463329721, 21.595153923083327], [85.39867668431187, 21.59587644017739], [85.39771098040652, 21.595867144608455], [85.39770998616015, 21.595957459196928], [85.39751684531979, 21.59595559939683], [85.39751783968295, 21.59586528481734], [85.39713155830765, 21.595861564579337], [85.39712956909625, 21.596042193702385], [85.396936428202, 21.59604033322855], [85.39693742293346, 21.59595001867601], [85.39684085254922, 21.595949088353752], [85.39684184733458, 21.59585877380121], [85.3967452770222, 21.59585784343404], [85.39674627186146, 21.59576752889048], [85.39664970161196, 21.59576659846941], [85.39665069650512, 21.59567628392585], [85.39674726669173, 21.59567721433794], [85.39674826152202, 21.595586899794384], [85.3966516913893, 21.595585969382295], [85.39665268627347, 21.595495654829755], [85.39674925634331, 21.595496585241843], [85.39675224078923, 21.59522564158422], [85.39665567089905, 21.5952247111901], [85.39665666575628, 21.595134396637558], [85.39675323559256, 21.595135327031684], [85.39675522518125, 21.59495469791762], [85.39665865547074, 21.59495376753248], [85.39665965031898, 21.59486345297994], [85.39656308067136, 21.5948625225409]]]}, "id": "+128+271", "properties": {"A00": 0.03514030939574926, "A01": -0.002811477949628601, "A02": 0.15162051241177776, "A03": -0.014192306201551085, "A04": -0.0763028768134256, "A05": -0.06164967675180404, "A06": -0.06603774819958008, "A07": 0.12927519387741723, "A08": -0.031575926829141586, "A09": -0.00014434777026303428, "A10": 0.0790993112528105, "A11": 0.03184871251138034, "A12": -0.32901960701835753, "A13": -0.012828120063361585, "A14": -0.02578025154784946, "A15": 0.04433642074075951, "A16": -0.1392750997041314, "A17": 0.16816129285177936, "A18": -0.1309960205345139, "A19": -0.07277241365322087, "A20": -0.3831305498761671, "A21": 0.3245930389036971, "A22": 0.13478571423021846, "A23": 0.029657100780491354, "A24": 0.03776485352112406, "A25": -0.04619405516888175, "A26": 0.0972276782436745, "A27": 0.004192371078680829, "A28": -0.05454762661190458, "A29": 0.1411982956967709, "A30": 0.04619674302523393, "A31": 0.14332860027206534, "A32": -0.029737842240736407, "A33": 0.09701508191031263, "A34": -0.005773066104683253, "A35": -0.06873955941942829, "A36": -0.10379209673931265, "A37": -0.016442523441374677, "A38": 0.15437478836269528, "A39": 0.003778238106829071, "A40": 0.006693390930500254, "A41": 0.0731431066277171, "A42": -0.1758696685138109, "A43": 0.23628006348747713, "A44": 0.049402172590079715, "A45": 0.10185828907184771, "A46": 0.0018445555418691638, "A47": -0.021278447472898306, "A48": -0.230524847649556, "A49": -0.044377785263803454, "A50": 0.013406380131750634, "A51": 0.0767367892435164, "A52": 0.07744983597806286, "A53": -0.08039130915471086, "A54": 0.1166281153499135, "A55": -0.07548816931557778, "A56": 0.002529485686364061, "A57": -0.03549032845548867, "A58": -0.14222924122495123, "A59": -0.2447589969440175, "A60": -0.11245687498168681, "A61": -0.05777577495001588, "A62": 0.06604793903908017, "A63": 0.02444514804706157, "area_ha": 5.655736524384739, "centroid_lat": 21.594834440126135, "centroid_lon": 85.39851981931092, "cluster_id": 0, "n_pixels": 566, "perim_m": 1740.104322723757, "stand_id": 51, "stand_lbl": 69}}, {"type": "Feature", "geometry": {"type": "Polygon", "coordinates": [[[85.40043381048632, 21.594177178425003], [85.40043678787148, 21.593906234237377], [85.40053335706097, 21.593907162385708], [85.40053534184368, 21.59372653291232], [85.40063191091637, 21.593727460997773], [85.40063290324036, 21.593637146247602], [85.40082604129594, 21.593639002238845], [85.40082901787261, 21.593368057979355], [85.40102215558683, 21.593369913719066], [85.401032075961, 21.59246676603771], [85.40112864422522, 21.592467693772818], [85.40112765227853, 21.59255800855892], [85.40122422060564, 21.592558936249116], [85.4012222368021, 21.592739565803353], [85.40131880526394, 21.59274049344863], [85.40131582970237, 21.593011437797955], [85.40141239834388, 21.593012365398316], [85.40141041472899, 21.593192994961537], [85.40150698349626, 21.593193922516985], [85.40150400821317, 21.59346486687529], [85.40160057716909, 21.59346579438582], [85.40159859373385, 21.593646423958027], [85.40169516281554, 21.59364735142364], [85.40169218781092, 21.593918295781947], [85.40178875707227, 21.593919223202647], [85.40178677383467, 21.594099852783835], [85.40188334322178, 21.594100780159618], [85.40188036850462, 21.59437172453589], [85.4019769380714, 21.59437265186676], [85.40197495502244, 21.594553281447947], [85.40207152471498, 21.5945542087339], [85.4020685502763, 21.594825153119153], [85.40216512015749, 21.59482608036019], [85.40216313729718, 21.59500670995036], [85.40225970730414, 21.59500763714648], [85.40225673314393, 21.59527858154072], [85.40235330333952, 21.595279508682943], [85.40235032931406, 21.595550453086165], [85.40244689968932, 21.595551380192454], [85.4024449170985, 21.595732009791607], [85.40254148759954, 21.595732936852983], [85.40253851386154, 21.596003881265187], [85.40263508454223, 21.59600480827266], [85.40263409334115, 21.59609512307673], [85.401378674052, 21.596083067479004], [85.40137768206938, 21.596173382229175], [85.4011845406002, 21.596171526678106], [85.4011855326996, 21.59608121193692], [85.40099239136516, 21.596079356161273], [85.40099636020294, 21.595718097223475], [85.40080321937157, 21.595716241259183], [85.40080917318069, 21.59517435287495], [85.40071260312882, 21.59517342483441], [85.40071359547076, 21.59508311010221], [85.40061702549076, 21.595082182016753], [85.40062099505617, 21.594720923096926], [85.40052442530973, 21.594719994966557], [85.40053037986445, 21.594178106591304], [85.40043381048632, 21.594177178425003]]]}, "id": "+172+272", "properties": {"A00": 0.03845692215570314, "A01": -0.025262720999141453, "A02": 0.2026265612103741, "A03": 0.031515079510308804, "A04": -0.06851468910600207, "A05": -0.0924939751904376, "A06": -0.11973470221385873, "A07": 0.19774316510595893, "A08": 0.01546992170596288, "A09": 0.043865629284390244, "A10": 0.05106135240343793, "A11": 0.018958481556646808, "A12": -0.2621274634558742, "A13": -0.02068943682414647, "A14": -0.04700324912693818, "A15": 0.09294918909971185, "A16": -0.055679916211243595, "A17": 0.12148716878609712, "A18": -0.0997323153582046, "A19": -0.1669890395983352, "A20": -0.39510649740481846, "A21": 0.2913735773829253, "A22": 0.2112181025176957, "A23": -0.05964994878844019, "A24": 0.003117387151822771, "A25": 0.03317231028957661, "A26": 0.09974886266977051, "A27": 0.05320672306529005, "A28": 0.01631425081235684, "A29": 0.17627374841607632, "A30": 0.02433022665340215, "A31": 0.08750085447072925, "A32": 0.03405178433624083, "A33": 0.11492028116232632, "A34": -0.0055044748295739925, "A35": -0.1229987189684054, "A36": -0.10538593111052591, "A37": -0.016380058293109706, "A38": 0.09989615990145437, "A39": -0.05444362729399787, "A40": 0.06945632643526116, "A41": 0.12354003850611928, "A42": -0.17475662630005165, "A43": 0.2759890359108739, "A44": 0.04350645387714107, "A45": 0.0018549445330466917, "A46": -0.13589235786148493, "A47": 0.14663956860625577, "A48": -0.12963235498670642, "A49": -0.01599798648938271, "A50": -0.05400610959816003, "A51": 0.020294530809076554, "A52": 0.05304025711895085, "A53": -0.04139396688593612, "A54": 0.12437716422211643, "A55": -0.1107302895593849, "A56": 0.056199862568822936, "A57": -0.021456618772300647, "A58": -0.13054911867058488, "A59": -0.15786822467695039, "A60": -0.0593152715904375, "A61": -0.12730121057783136, "A62": 0.01834066205938989, "A63": 0.05748391936472284, "area_ha": 4.683041605055702, "centroid_lat": 21.594728084805322, "centroid_lon": 85.40139655485363, "cluster_id": 4, "n_pixels": 468, "perim_m": 1280.0778931822695, "stand_id": 52, "stand_lbl": 90}}, {"type": "Feature", "geometry": {"type": "Polygon", "coordinates": [[[85.3928247891733, 21.59229738883462], [85.39282578625836, 21.592207074425808], [85.39330862484859, 21.59221173633179], [85.39330065037805, 21.59293425177295], [85.39339721858838, 21.592935184017602], [85.39339622181772, 21.593025498444376], [85.39349279009093, 21.593026430644112], [85.3934917933742, 21.593116745079872], [85.39368493006434, 21.593118609308664], [85.39368393346437, 21.593208923744424], [85.39378050187233, 21.593209855782465], [85.39377950532626, 21.593300170227206], [85.39368293685544, 21.593299238189168], [85.39367895036577, 21.593660495932205], [85.39377551907914, 21.59366142798821], [85.39377352592415, 21.593842056868713], [85.3938700947543, 21.593842988879803], [85.39386909823519, 21.593933303315563], [85.39406223603925, 21.593935167176046], [85.39406123962793, 21.59402548162977], [85.39425437757572, 21.59402734527466], [85.39425039236166, 21.594388603089563], [85.39415382314522, 21.594387671276102], [85.39415183038547, 21.59456830017457], [85.39424839971869, 21.594569231997014], [85.39424640705776, 21.59474986089548], [85.3946326849386, 21.59475358764627], [85.39463368102652, 21.59466327318356], [85.39473025044957, 21.594664204727525], [85.39473124648359, 21.594573890255834], [85.39482781585274, 21.5945748217459], [85.39483080372123, 21.59430387831286], [85.39473423454073, 21.59430294684076], [85.39473523054781, 21.594212632360083], [85.3946386614212, 21.59421170084307], [85.39464264563813, 21.593850442947318], [85.39454607676306, 21.593849511385383], [85.39454806895687, 21.593668882442], [85.39445150020755, 21.59366795082617], [85.39445249635835, 21.59357763635448], [85.39435592767192, 21.593576704693728], [85.39435692387663, 21.59348639023102], [85.39464662977421, 21.5934891850336], [85.39464762579925, 21.593398870552925], [85.39484076297448, 21.59340073347018], [85.39483578341523, 21.5938523059005], [85.39502892121031, 21.593854168638092], [85.39502692958244, 21.594034797617407], [85.39599262006695, 21.594044108008543], [85.3960005816287, 21.593321591705], [85.39667656192168, 21.593328105416074], [85.39667755668009, 21.593237790836586], [85.39677412524973, 21.593238721140878], [85.3967771093004, 21.592967777402407], [85.39668054091041, 21.592966847116084], [85.39668253037334, 21.592786217966086], [85.39677909864655, 21.592787148243428], [85.39678009330615, 21.59269683366394], [85.39706979798203, 21.592699624154605], [85.3970688035021, 21.592789938743078], [85.39716537179326, 21.592790868804823], [85.39715940514722, 21.593332756380576], [85.39735254247516, 21.593334616369322], [85.39735453113859, 21.593153987165426], [85.39745109969027, 21.59315491707446], [85.39745209395461, 21.593064602468022], [85.39774179945694, 21.59306739182681], [85.39774279353264, 21.592977077211387], [85.3978393619855, 21.592978006877875], [85.39783836796371, 21.59306832150228], [85.39793493647946, 21.59306925112385], [85.39793593043838, 21.592978936499446], [85.39803249890022, 21.592979866058137], [85.39802951718518, 21.593250809958302], [85.39793294854367, 21.593249880381645], [85.39792897260921, 21.59361113888825], [85.39783240373413, 21.593610209239728], [85.39782942155196, 21.59388115309498], [85.39792599060671, 21.593882082752483], [85.39792400258108, 21.59406271199231], [85.39773086422906, 21.594060852605438], [85.39772688762984, 21.594422111040178], [85.39763031823374, 21.594421181238943], [85.39762634131112, 21.59478243963775], [85.39617779727944, 21.594768485720166], [85.39617879241514, 21.594678171185592], [85.39598565341633, 21.594676309714625], [85.39597769122575, 21.595398825892403], [85.39588112125473, 21.59539789504014], [85.39588012590343, 21.59548820955675], [85.39578355587851, 21.595487278641603], [85.39577758326766, 21.596029165678363], [85.3956810128834, 21.59602823468237], [85.3956820083964, 21.59593792018373], [85.39558543808403, 21.59593698914282], [85.39558643364194, 21.59584667464418], [85.39500701223477, 21.595841087221924], [85.39500900406925, 21.595660458287526], [85.39491243397246, 21.595659526860338], [85.39491044202121, 21.59584015579474], [85.39481387180764, 21.595839224304672], [85.39481088366965, 21.596110167683815], [85.3947143132854, 21.596109236130864], [85.39471630550615, 21.595928607214432], [85.39461973523869, 21.595927675607584], [85.39462172755826, 21.595747046709114], [85.39452515742555, 21.595746115057352], [85.39452714984392, 21.5955654861499], [85.39443057982798, 21.59556455445322], [85.3944325723452, 21.595383925554753], [85.394336002464, 21.595382993804172], [85.39433799507103, 21.595202364914687], [85.3942414253156, 21.595201433119193], [85.39424341803043, 21.59502080422971], [85.39414684839178, 21.595019872389297], [85.39414884120544, 21.594839243508797], [85.39405227169254, 21.594838311614488], [85.39405526105226, 21.594567368298225], [85.39395869172802, 21.594566436367984], [85.39396068472132, 21.594385807487484], [85.39386411552286, 21.594384875512326], [85.39386610862395, 21.594204246631822], [85.39376953954228, 21.59420331461175], [85.39377153274219, 21.59402268574023], [85.39367496379525, 21.594021753666258], [85.39367695708499, 21.593841124803724], [85.39358038826381, 21.593840192675852], [85.39358238166137, 21.5936595638223], [85.39348581295697, 21.59365863164951], [85.39348780645334, 21.59347800279596], [85.39339123787471, 21.593477070578256], [85.39339323146989, 21.59329644173369], [85.39329666301701, 21.593295509462084], [85.39329865670202, 21.593114880617517], [85.39320208837492, 21.593113948309984], [85.39320408216773, 21.592933319465413], [85.39310751396638, 21.592932387103982], [85.393109507858, 21.592751758268395], [85.39301293978242, 21.592750825862044], [85.3930159307591, 21.59247988261765], [85.39291936286318, 21.592478950166385], [85.39292135694346, 21.592298321330798], [85.3928247891733, 21.59229738883462]]]}, "id": "+104+272", "properties": {"A00": 0.016247980685213728, "A01": -0.02241284675692102, "A02": 0.1793773336411415, "A03": -0.012151324664922011, "A04": -0.0743004720895072, "A05": -0.06412144714848625, "A06": -0.07868819465068685, "A07": 0.1555006057260972, "A08": -0.028385628375256728, "A09": -0.0037203520628723797, "A10": 0.069165962543837, "A11": -0.0050811774120732974, "A12": -0.32003507656998736, "A13": 0.009766612490779328, "A14": -0.03016726639555793, "A15": 0.05821043611125928, "A16": -0.11317884628123161, "A17": 0.15219469148649467, "A18": -0.1399719473806753, "A19": -0.10027128787639317, "A20": -0.38291913857770404, "A21": 0.32645130000473327, "A22": 0.1595090417653789, "A23": -0.017523505743157034, "A24": 0.031950496651884215, "A25": -0.022244718705796047, "A26": 0.09969997613521624, "A27": 0.01803126437029802, "A28": -0.04502015785923816, "A29": 0.1646333460738908, "A30": 0.03813248083518969, "A31": 0.11891260662669395, "A32": -0.040397667269186, "A33": 0.0890897920391922, "A34": -0.007964220054681219, "A35": -0.10836707752674332, "A36": -0.10952124171921666, "A37": 0.02993063141041668, "A38": 0.14621655405335218, "A39": -0.028412033005204434, "A40": 0.025642965907620607, "A41": 0.06720790788124968, "A42": -0.17550198307864412, "A43": 0.24117405833639036, "A44": 0.04441299060007656, "A45": 0.08873516126557673, "A46": -0.019986643216386307, "A47": 0.04733915994233192, "A48": -0.19183353578730786, "A49": -0.055990409473985384, "A50": 0.006394120557782294, "A51": 0.07489101961029195, "A52": 0.07839044420169411, "A53": -0.06718092926113677, "A54": 0.13791871632262864, "A55": -0.06344406269387781, "A56": 0.004747343462716173, "A57": -0.036161769017911564, "A58": -0.1162362048221426, "A59": -0.20548443679286535, "A60": -0.07885630085801029, "A61": -0.08706437724217342, "A62": 0.09383924731538595, "A63": 0.02571297352064669, "area_ha": 7.63121612483461, "centroid_lat": 21.594262702147912, "centroid_lon": 85.39579813265469, "cluster_id": 0, "n_pixels": 763, "perim_m": 2920.170462625959, "stand_id": 53, "stand_lbl": 52}}, {"type": "Feature", "geometry": {"type": "Polygon", "coordinates": [[[85.39483578341523, 21.5938523059005], [85.39484175886477, 21.59331041898052], [85.39542117015691, 21.593316006348875], [85.39542316121884, 21.593135377315658], [85.39600257197198, 21.59314096262687], [85.39599262006695, 21.594044108008543], [85.39502692958244, 21.594034797617407], [85.39502892121031, 21.593854168638092], [85.39483578341523, 21.5938523059005]]]}, "id": "+116+249", "properties": {"A00": 0.035350195371960505, "A01": -0.0739031942523551, "A02": 0.1901393995213447, "A03": 0.026648052578514134, "A04": -0.037014539015430746, "A05": -0.0833692724308538, "A06": -0.07234623990956314, "A07": 0.16579827377681466, "A08": -0.05395146050987919, "A09": -0.00792747900689965, "A10": 0.0527011451394874, "A11": 0.0012679163519341663, "A12": -0.34800834212180504, "A13": 0.027549791233205147, "A14": -0.0735608358410654, "A15": 0.04775479410781457, "A16": -0.09520950739853198, "A17": 0.12328421606088488, "A18": -0.0954460300109019, "A19": -0.08201857570720493, "A20": -0.3358456377194776, "A21": 0.32720986182469386, "A22": 0.24494018035652276, "A23": -0.06710616495561014, "A24": 0.008462314781991357, "A25": 0.014161314854451398, "A26": 0.09618936162228525, "A27": 0.017737828645649396, "A28": -0.03521420559538441, "A29": 0.14498841760675263, "A30": 0.03665963047294507, "A31": 0.09291786060443581, "A32": -0.016687696552116466, "A33": 0.0360111351661261, "A34": 0.01918430279940936, "A35": -0.11314987893908716, "A36": -0.1177252306166064, "A37": 0.011658894256178387, "A38": 0.13554914718174424, "A39": -0.11157657773258553, "A40": 0.029372238954909813, "A41": 0.027415257193062526, "A42": -0.1707193784352801, "A43": 0.3161728495781501, "A44": 0.03967977182647477, "A45": 0.07241847881567982, "A46": -0.06592295706517129, "A47": 0.08770712849824445, "A48": -0.17762316710886897, "A49": -0.03838595625815519, "A50": -0.03813634741681787, "A51": 0.04180201924520272, "A52": 0.06336351636304825, "A53": -0.044256768325012324, "A54": 0.14175403052660493, "A55": -0.1078037386346634, "A56": -0.006210220328887479, "A57": -0.011644154253324112, "A58": -0.13301656687597893, "A59": -0.19276318807120504, "A60": -0.014227696793933447, "A61": -0.0973386567627169, "A62": 0.06048308703074161, "A63": -0.004182590406615433, "area_ha": 1.0428992352833693, "centroid_lat": 21.593615240389177, "centroid_lon": 85.39546987619288, "cluster_id": 5, "n_pixels": 104, "perim_m": 440.02581505247235, "stand_id": 54, "stand_lbl": 49}}, {"type": "Feature", "geometry": {"type": "Polygon", "coordinates": [[[85.39909077933396, 21.59335134624283], [85.39909475233094, 21.59299008752063], [85.3989981838062, 21.592989158581776], [85.39900017039452, 21.59280852922517], [85.39890360200454, 21.59280760023242], [85.39890658202177, 21.592536656197506], [85.39881001382042, 21.592535727159838], [85.39881100720442, 21.592445412490516], [85.39871443906596, 21.59244448339895], [85.39871543250383, 21.59235416872963], [85.39861886442827, 21.592353239593148], [85.39861985792903, 21.592262924923826], [85.39852328991634, 21.59226199573345], [85.39852428347102, 21.592171681064126], [85.39871741937962, 21.592173539382003], [85.39871841280852, 21.5920832247037], [85.39910468446405, 21.592086940647754], [85.39910369126869, 21.592177255344026], [85.39920025925444, 21.592178184193045], [85.39919926612198, 21.592268498889318], [85.39939240222822, 21.59227035642566], [85.39939041617889, 21.59245098583617], [85.39948698436226, 21.592451914523494], [85.39948499841175, 21.592632543934002], [85.39967813503003, 21.5926344011739], [85.39967515643214, 21.592905345307628], [85.39977172492992, 21.592906273851224], [85.39977073211188, 21.59299658856546], [85.39986730067254, 21.592997517064138], [85.39986531513524, 21.593178146492612], [85.39996188382167, 21.593179074946374], [85.39996089111142, 21.59326938966061], [85.40005745986073, 21.593270318060473], [85.40005051114048, 21.59390252108708], [85.39995394196896, 21.59390159266027], [85.39995493471515, 21.59381127794603], [85.3998583656155, 21.593810349474303], [85.39986035121566, 21.593629720054814], [85.39976378224178, 21.593628791529184], [85.39976080364389, 21.593899735635965], [85.39966423449033, 21.59389880703847], [85.3996632415555, 21.593989121743725], [85.39956667234804, 21.59398819308335], [85.39956567935033, 21.59407850777962], [85.39946911008899, 21.594077579056364], [85.3994701031406, 21.593987264369076], [85.39927696475264, 21.593985406778835], [85.39927994425783, 21.593714462734937], [85.399183375248, 21.593713533867952], [85.39918436847029, 21.593623219189645], [85.39908779952336, 21.593622290277743], [85.3990828330795, 21.594073863633334], [85.3989862638451, 21.594072934640582], [85.39898527047907, 21.594163249309904], [85.39888870119077, 21.59416232025427], [85.3988896946107, 21.594072005593933], [85.39802057176159, 21.5940636416049], [85.39802156571152, 21.593973326980496], [85.3979249965939, 21.593972397376888], [85.39792599060671, 21.593882082752483], [85.39782942155196, 21.59388115309498], [85.39783240373413, 21.593610209239728], [85.39792897260921, 21.59361113888825], [85.39793294854367, 21.593249880381645], [85.39802951718518, 21.593250809958302], [85.39803249890022, 21.592979866058137], [85.3982256358419, 21.592981725004837], [85.39822166068896, 21.593342983574324], [85.39909077933396, 21.59335134624283]], [[85.39909077933396, 21.59335134624283], [85.39908978606675, 21.593441660921133], [85.39918635488793, 21.59344258983304], [85.39918734809225, 21.593352275154732], [85.39909077933396, 21.59335134624283]]]}, "id": "+147+250", "properties": {"A00": 0.029944954640830777, "A01": -0.015763512632458704, "A02": 0.14792503865580015, "A03": -0.025456829713210956, "A04": -0.07111193580985911, "A05": -0.0642086098823685, "A06": -0.07045717307429786, "A07": 0.13846977511997915, "A08": -0.05338832681886796, "A09": -0.009506133805478918, "A10": 0.06446830954652796, "A11": 0.021316590392712883, "A12": -0.3269270114255806, "A13": -0.0029985776950995015, "A14": -0.01526856903973958, "A15": 0.030779126448861473, "A16": -0.13447158321224356, "A17": 0.16544291323443422, "A18": -0.14940403430130622, "A19": -0.03437387575684473, "A20": -0.37929068756158185, "A21": 0.3297997362850004, "A22": 0.13175249697873423, "A23": 0.028830206731195403, "A24": 0.050589497801479144, "A25": -0.06160682329152586, "A26": 0.10641650424896214, "A27": -0.0003975656486504869, "A28": -0.06579413740575575, "A29": 0.1384355627647231, "A30": 0.05127363334442094, "A31": 0.13639472845433062, "A32": -0.031333630352005135, "A33": 0.08399237455834578, "A34": -0.014545146937974627, "A35": -0.07983448479516825, "A36": -0.10865889515566507, "A37": 0.0016739998046446185, "A38": 0.15333485890792514, "A39": 0.006842121637907484, "A40": -0.007380845675181592, "A41": 0.06719234355573032, "A42": -0.1690983772365848, "A43": 0.234592983390182, "A44": 0.04844536163699159, "A45": 0.12395145520436822, "A46": 0.01284098936167618, "A47": -0.03697112886641254, "A48": -0.2308379058934989, "A49": -0.03560567892823408, "A50": 0.018741472025266964, "A51": 0.08459144581536202, "A52": 0.07526997631396348, "A53": -0.08531252663961646, "A54": 0.12731085833003877, "A55": -0.05379241642368591, "A56": 0.0032622177409792757, "A57": -0.04860389482774274, "A58": -0.1495497688232456, "A59": -0.24270052036966264, "A60": -0.10090524104928635, "A61": -0.05416563498134929, "A62": 0.06957075279384976, "A63": 0.022149339261967042, "area_ha": 2.6874793875766296, "centroid_lat": 21.59330849383076, "centroid_lon": 85.3990155730919, "cluster_id": 0, "n_pixels": 269, "perim_m": 1320.0792155050244, "stand_id": 55, "stand_lbl": 75}}, {"type": "Feature", "geometry": {"type": "Polygon", "coordinates": [[[85.39387607380608, 21.59330110221135], [85.39388205266025, 21.592759215506963], [85.39397862078971, 21.592760147410253], [85.3939806135764, 21.59257951849382], [85.3940771815891, 21.592580450334232], [85.39407917424106, 21.59239982139983], [85.39427231003287, 21.592401684892003], [85.39427629479778, 21.59204042698727], [85.39485570087069, 21.59204601601751], [85.39485370921588, 21.592226645023775], [85.39466057359473, 21.5922247822233], [85.3946565897551, 21.592586040190916], [85.39475315779474, 21.59258697163607], [85.39475116596924, 21.592767600615385], [85.39484773413466, 21.592768532015622], [85.39484673827131, 21.59285884651426], [85.39494330650858, 21.5928597778606], [85.39494430230904, 21.592769463361957], [85.39504087049242, 21.592770394645413], [85.3950388789993, 21.592951023660664], [85.39513544729945, 21.592951954899203], [85.39513345590515, 21.59313258390547], [85.39523002434005, 21.59313351509909], [85.39522803303558, 21.59331414411434], [85.39484175886477, 21.59331041898052], [85.39484076297448, 21.59340073347018], [85.39464762579925, 21.593398870552925], [85.39464662977421, 21.5934891850336], [85.39416378662952, 21.59348452674783], [85.39416478295101, 21.593394212294104], [85.39406821439933, 21.59339328047166], [85.3940692107747, 21.59330296600895], [85.39387607380608, 21.59330110221135]]]}, "id": "+102+243", "properties": {"A00": 0.014825339191903241, "A01": -0.04108358746423141, "A02": 0.2146256685733451, "A03": -0.03260908118799258, "A04": -0.06220536406648363, "A05": -0.007364637002510121, "A06": -0.05770452646775465, "A07": 0.1040690804574365, "A08": -0.048454125023564075, "A09": -0.012558023392501788, "A10": 0.08231807180976172, "A11": -0.023422543007339935, "A12": -0.3433463450605588, "A13": 0.06910998395882205, "A14": -0.059279319641844345, "A15": 0.07126327016235477, "A16": -0.11230333393902787, "A17": 0.12297107481239558, "A18": -0.10689860893948047, "A19": -0.1049271439947789, "A20": -0.35534027910525295, "A21": 0.3488900862508984, "A22": 0.2076183343753012, "A23": -0.03831803419283522, "A24": -0.0158684995874867, "A25": -0.00047178234679116395, "A26": 0.07035219629658662, "A27": 0.0158989537871574, "A28": -0.04653386387766223, "A29": 0.12849515188594415, "A30": 0.0467238089898931, "A31": 0.11734300292005602, "A32": -0.06631052285197765, "A33": 0.03323502495565771, "A34": 0.041830851417014876, "A35": -0.09067941601279526, "A36": -0.16853910704194144, "A37": 0.05856374885999818, "A38": 0.12390693970283524, "A39": -0.05948269247271442, "A40": 0.020615989848770933, "A41": 0.040995918310588894, "A42": -0.17821176543151546, "A43": 0.2505217591445725, "A44": 0.022823778379439528, "A45": 0.120330612590332, "A46": -0.03448484025557107, "A47": 0.062135871886459595, "A48": -0.1858540568929577, "A49": -0.07475808952829159, "A50": 0.004865890110471262, "A51": 0.08871523248577266, "A52": 0.06173101988426478, "A53": -0.06839395351944531, "A54": 0.15478458538605794, "A55": -0.07574548272927359, "A56": -0.0016060577089846595, "A57": -0.02169564716018961, "A58": -0.09477497108502252, "A59": -0.21917112397403624, "A60": -0.040803336102102336, "A61": -0.08475719054579277, "A62": 0.13923279442298114, "A63": -0.0024109463691372813, "area_ha": 1.3838460867183746, "centroid_lat": 21.592866367709263, "centroid_lon": 85.39447293850645, "cluster_id": 0, "n_pixels": 138, "perim_m": 660.03838771264, "stand_id": 56, "stand_lbl": 42}}, {"type": "Feature", "geometry": {"type": "Polygon", "coordinates": [[[85.40015700638148, 21.593000302218808], [85.40016196922309, 21.592548728557794], [85.40035510578747, 21.592550585007178], [85.40035609821923, 21.592460270265992], [85.40025952999993, 21.59245934207274], [85.4002615149623, 21.592278712590367], [85.40084092368525, 21.59228428084257], [85.40084290791998, 21.5921036513063], [85.40103604396333, 21.592105506929233], [85.40103405997115, 21.59228613648347], [85.4011306281186, 21.59228706421858], [85.40112864422522, 21.592467693772818], [85.401032075961, 21.59246676603771], [85.40102215558683, 21.593369913719066], [85.40082901787261, 21.593368057979355], [85.40082604129594, 21.593639002238845], [85.40063290324036, 21.593637146247602], [85.40063191091637, 21.593727460997773], [85.40053534184368, 21.59372653291232], [85.40053732659943, 21.59354590342995], [85.40044075764351, 21.59354497529958], [85.40044274249807, 21.59336434582619], [85.40034617365893, 21.593363417650906], [85.4003471661446, 21.5932731029187], [85.40025059737732, 21.593272174689517], [85.40025357496012, 21.59300123049291], [85.40015700638148, 21.593000302218808]]]}, "id": "+164+245", "properties": {"A00": 0.00700068467188448, "A01": -0.0037767284650021007, "A02": 0.16858160558433674, "A03": -0.0033953229223489916, "A04": -0.08775564575393223, "A05": -0.07380772062977314, "A06": -0.09652728472205986, "A07": 0.18536693314506333, "A08": 0.005428240755682425, "A09": 6.388507138771826e-06, "A10": 0.10860446899375409, "A11": -0.02617977393603522, "A12": -0.2820668889320165, "A13": 0.010167186709061847, "A14": -0.003670138381369617, "A15": 0.09966537093958885, "A16": -0.055789855537085244, "A17": 0.15025816890665247, "A18": -0.16781572392277735, "A19": -0.17564919012156752, "A20": -0.4166924752218631, "A21": 0.29474229400670404, "A22": 0.13592263684245562, "A23": -0.02826726566013413, "A24": 0.0320517650769143, "A25": 0.02559891098935588, "A26": 0.1015513046578232, "A27": 0.017450211393380686, "A28": 0.005075746698210119, "A29": 0.1924307088672157, "A30": 0.025388119260569643, "A31": 0.10041607917949279, "A32": -0.013908593187582483, "A33": 0.13234570876290272, "A34": 0.009642488245435338, "A35": -0.13861615315319065, "A36": -0.10523691035385209, "A37": 0.07823611985498578, "A38": 0.1508396301582863, "A39": -0.02357334621872463, "A40": 0.06515137569577852, "A41": 0.09508493149209046, "A42": -0.17407189665204703, "A43": 0.2233816071717416, "A44": 0.04698830578381271, "A45": 0.014838740637878182, "A46": -0.06203603048537468, "A47": 0.13625165037895381, "A48": -0.13027297002133567, "A49": -0.00901266980070723, "A50": -0.012646088131913591, "A51": 0.060502750521353295, "A52": 0.06351214634762313, "A53": -0.01844696385975101, "A54": 0.16942876587426636, "A55": -0.056515799944482276, "A56": 0.04861845377439981, "A57": -0.09090562826299527, "A58": -0.09185786295192283, "A59": -0.17690756409987307, "A60": -0.06901048791609667, "A61": -0.10702712547954646, "A62": 0.10634070553733152, "A63": 0.06927469071387195, "area_ha": 1.1732669295289821, "centroid_lat": 21.59286180322928, "centroid_lon": 85.40064678689353, "cluster_id": 4, "n_pixels": 117, "perim_m": 580.0351257422474, "stand_id": 57, "stand_lbl": 86}}, {"type": "Feature", "geometry": {"type": "Polygon", "coordinates": [[[85.39475116596924, 21.592767600615385], [85.39475315779474, 21.59258697163607], [85.39494629390997, 21.59258883435569], [85.39494728969245, 21.592498519857052], [85.39504385769617, 21.592499451131523], [85.39504584914437, 21.59231882210729], [85.3951424170313, 21.592319753318883], [85.39514341267905, 21.592229438802274], [85.3953365483541, 21.59223130104579], [85.39533754388505, 21.59214098652918], [85.39543411166419, 21.592141917561108], [85.39543510713227, 21.592051603026537], [85.39582137807811, 21.592055326588305], [85.39581640189652, 21.592506899306088], [85.39591296994516, 21.592507830077505], [85.39591197475555, 21.59259814462106], [85.39610511098755, 21.592600006002197], [85.39610610606037, 21.592509691449656], [85.39620267412697, 21.59251062205039], [85.3961996890702, 21.59278156572598], [85.39600655259565, 21.592779704443657], [85.39600257197198, 21.59314096262687], [85.39542316121884, 21.593135377315658], [85.39542117015691, 21.593316006348875], [85.39522803303558, 21.59331414411434], [85.39523002434005, 21.59313351509909], [85.39513345590515, 21.59313258390547], [85.39513544729945, 21.592951954899203], [85.3950388789993, 21.592951023660664], [85.39504087049242, 21.592770394645413], [85.39494430230904, 21.592769463361957], [85.39494330650858, 21.5928597778606], [85.39484673827131, 21.59285884651426], [85.39484773413466, 21.592768532015622], [85.39475116596924, 21.592767600615385]]]}, "id": "+110+241", "properties": {"A00": 0.02367775467505125, "A01": -0.05127659636974635, "A02": 0.2022134836090965, "A03": -0.013655287189237138, "A04": -0.05634688084857499, "A05": -0.03286290300118561, "A06": -0.0732335297474454, "A07": 0.12247790973350092, "A08": -0.05720254348641574, "A09": -0.00038692274909634755, "A10": 0.05967327180536742, "A11": 0.004047899171360054, "A12": -0.3446329711048641, "A13": 0.0406046496119389, "A14": -0.061955622762319716, "A15": 0.05282307178802632, "A16": -0.12389780320859646, "A17": 0.12828691348456747, "A18": -0.11070312187331177, "A19": -0.06652777996507994, "A20": -0.3531815780711381, "A21": 0.3553704730331014, "A22": 0.2049198873506495, "A23": -0.025781981379147858, "A24": 0.0014700224263886157, "A25": -0.02352213659717018, "A26": 0.08194582332773051, "A27": 0.016619093929078347, "A28": -0.05891976299951381, "A29": 0.13149706775494624, "A30": 0.039093089154322205, "A31": 0.11079957154243042, "A32": -0.05335774571200889, "A33": 0.030501199131198798, "A34": 0.02263588287355921, "A35": -0.08675866627964665, "A36": -0.14351432588175286, "A37": 0.02428554308560569, "A38": 0.12966081309300267, "A39": -0.055820340317240494, "A40": 0.006836304668887489, "A41": 0.046931223146251, "A42": -0.17331484184103957, "A43": 0.26918992555451005, "A44": 0.02721148421428472, "A45": 0.12971162849595697, "A46": -0.015204868335729892, "A47": 0.026866228246236894, "A48": -0.20815437694245478, "A49": -0.07134831066188664, "A50": 0.005548896364405274, "A51": 0.08136565448277583, "A52": 0.07315977696999307, "A53": -0.0809325766889396, "A54": 0.14232106805071762, "A55": -0.08067013318334149, "A56": -0.009195156457440023, "A57": -0.009668765722187202, "A58": -0.12954897926516248, "A59": -0.22277430787379468, "A60": -0.05490225681257925, "A61": -0.08568073874913196, "A62": 0.11464196256208868, "A63": -0.007559991998246817, "area_ha": 1.1632339700591747, "centroid_lat": 21.59267509576302, "centroid_lon": 85.3954940081007, "cluster_id": 0, "n_pixels": 116, "perim_m": 620.0363095103895, "stand_id": 58, "stand_lbl": 50}}, {"type": "Feature", "geometry": {"type": "Polygon", "coordinates": [[[85.39244649665059, 21.59157114310331], [85.39244749393326, 21.5914808286945], [85.39254406114645, 21.591481761379328], [85.39254605558605, 21.591301132561707], [85.39273918977888, 21.591302997742716], [85.39274118395797, 21.591122368898148], [85.39293431793519, 21.59112423384559], [85.39293531489447, 21.59103391940983], [85.39303188182919, 21.59103485178923], [85.39303287872559, 21.590944537362457], [85.39332257938601, 21.59094733415031], [85.39332457280152, 21.590766705251845], [85.39351770636553, 21.590768569489622], [85.39351870294752, 21.590678255026912], [85.39390496988688, 21.59068198280178], [85.39390397353846, 21.590772297282456], [85.39409710715636, 21.590774160846493], [85.39409511469306, 21.590954789807846], [85.39438481552415, 21.59095758476314], [85.39438282340221, 21.591138213751435], [85.39428625633275, 21.591137282144587], [85.39428426406708, 21.591317911123905], [85.39467053284798, 21.591321637227907], [85.39466754512321, 21.59159258073281], [85.39437784299854, 21.591589786199727], [85.39437485468987, 21.591860729659718], [85.39456798979897, 21.59186259276562], [85.3945669938009, 21.59195290726426], [85.39466356142731, 21.591953838736362], [85.39466455736252, 21.59186352423772], [85.39485769249856, 21.591865387002258], [85.39485968410847, 21.59168475798701], [85.39572879141673, 21.591693137597744], [85.39572978667819, 21.59160282305419], [85.39582635411597, 21.591603753834587], [85.39582535891738, 21.591694068387127], [85.39601849394563, 21.59169592979521], [85.39601650377304, 21.591876558909274], [85.39620963906181, 21.591878420110742], [85.39620864407883, 21.59196873468125], [85.39630521179507, 21.591969665201137], [85.39630421687495, 21.592059979771644], [85.39640078464511, 21.59206091023763], [85.39639680515332, 21.592422168519658], [85.39620366912793, 21.59242030749785], [85.39620267412697, 21.59251062205039], [85.39610610606037, 21.592509691449656], [85.39610511098755, 21.592600006002197], [85.39591197475555, 21.59259814462106], [85.39591296994516, 21.592507830077505], [85.39581640189652, 21.592506899306088], [85.39582137807811, 21.592055326588305], [85.39543510713227, 21.592051603026537], [85.39543411166419, 21.592141917561108], [85.39533754388505, 21.59214098652918], [85.3953365483541, 21.59223130104579], [85.39514341267905, 21.592229438802274], [85.3951424170313, 21.592319753318883], [85.39504584914437, 21.59231882210729], [85.39504385769617, 21.592499451131523], [85.39494728969245, 21.592498519857052], [85.39494629390997, 21.59258883435569], [85.3946565897551, 21.592586040190916], [85.39466057359473, 21.5922247822233], [85.39485370921588, 21.592226645023775], [85.39485570087069, 21.59204601601751], [85.39427629479778, 21.59204042698727], [85.39427231003287, 21.592401684892003], [85.39407917424106, 21.59239982139983], [85.3940771815891, 21.592580450334232], [85.3939806135764, 21.59257951849382], [85.39397862078971, 21.592760147410253], [85.39388205266025, 21.592759215506963], [85.39387607380608, 21.59330110221135], [85.3940692107747, 21.59330296600895], [85.39406821439933, 21.59339328047166], [85.39416478295101, 21.593394212294104], [85.39416378662952, 21.59348452674783], [85.39435692387663, 21.59348639023102], [85.39435592767192, 21.593576704693728], [85.39445249635835, 21.59357763635448], [85.39445150020755, 21.59366795082617], [85.39454806895687, 21.593668882442], [85.39454607676306, 21.593849511385383], [85.39464264563813, 21.593850442947318], [85.3946386614212, 21.59421170084307], [85.39473523054781, 21.594212632360083], [85.39473423454073, 21.59430294684076], [85.39483080372123, 21.59430387831286], [85.39482781585274, 21.5945748217459], [85.39473124648359, 21.594573890255834], [85.39473025044957, 21.594664204727525], [85.39463368102652, 21.59466327318356], [85.3946326849386, 21.59475358764627], [85.39424640705776, 21.59474986089548], [85.39424839971869, 21.594569231997014], [85.39415183038547, 21.59456830017457], [85.39415382314522, 21.594387671276102], [85.39425039236166, 21.594388603089563], [85.39425437757572, 21.59402734527466], [85.39406123962793, 21.59402548162977], [85.39406223603925, 21.593935167176046], [85.39386909823519, 21.593933303315563], [85.3938700947543, 21.593842988879803], [85.39377352592415, 21.593842056868713], [85.39377551907914, 21.59366142798821], [85.39367895036577, 21.593660495932205], [85.39368293685544, 21.593299238189168], [85.39377950532626, 21.593300170227206], [85.39378050187233, 21.593209855782465], [85.39368393346437, 21.593208923744424], [85.39368493006434, 21.593118609308664], [85.3934917933742, 21.593116745079872], [85.39349279009093, 21.593026430644112], [85.39339622181772, 21.593025498444376], [85.39339721858838, 21.592935184017602], [85.39330065037805, 21.59293425177295], [85.39330862484859, 21.59221173633179], [85.39282578625836, 21.592207074425808], [85.39282678334341, 21.592116760008015], [85.392730215708, 21.59211582746692], [85.39273220997691, 21.5919351986493], [85.3926356424583, 21.591934266054306], [85.392637636835, 21.591753637236685], [85.39254106944215, 21.591752704596775], [85.39254306391769, 21.591572075788136], [85.39244649665059, 21.59157114310331]]]}, "id": "+102+257", "properties": {"A00": 0.02222919822457322, "A01": -0.06859213634574601, "A02": 0.17594855846469618, "A03": 0.03321132189324224, "A04": -0.02341241592894837, "A05": -0.048023172438018, "A06": -0.08473554838566545, "A07": 0.14977601672829963, "A08": -0.04679918623232669, "A09": 0.0034264843792817857, "A10": 0.06398626123023249, "A11": -0.0023561594764684142, "A12": -0.34185138252128217, "A13": 0.029061513945316985, "A14": -0.04411640146282135, "A15": 0.04917954918338866, "A16": -0.12190348237740145, "A17": 0.10830444377792739, "A18": -0.10857313176061076, "A19": -0.06617362821884099, "A20": -0.3603828513993566, "A21": 0.3214173465115187, "A22": 0.21704546444685363, "A23": -0.03217163161415929, "A24": 0.01039587184731669, "A25": -0.009870025378791064, "A26": 0.10287038353427719, "A27": -0.01449400080191936, "A28": -0.06108477723984364, "A29": 0.1475951974840258, "A30": 0.014594137331056928, "A31": 0.07985923735661203, "A32": -0.058033563278722715, "A33": 0.027940740746723373, "A34": 0.023590253053282943, "A35": -0.09907368221466549, "A36": -0.11693626677909846, "A37": 0.03890660855871788, "A38": 0.12818665824901193, "A39": -0.08977657160245237, "A40": 0.030269400042650805, "A41": 0.04478325313794818, "A42": -0.17384073545864248, "A43": 0.2944109036903984, "A44": 0.036970184215734135, "A45": 0.10285532640120527, "A46": -0.04367055472181923, "A47": 0.019808905007909067, "A48": -0.17586522347637093, "A49": -0.015013546543074156, "A50": -0.03843257143880697, "A51": 0.06367635185964131, "A52": 0.05283217559877572, "A53": -0.050513959815799175, "A54": 0.1532589733334676, "A55": -0.08046464442616423, "A56": -0.013445623981190574, "A57": -0.022321468433355484, "A58": -0.14916013909092468, "A59": -0.22555539335096284, "A60": -0.04414309006367706, "A61": -0.08989112153154104, "A62": 0.10080597834630241, "A63": 0.009002395443848525, "area_ha": 5.615606118720057, "centroid_lat": 21.592215431767457, "centroid_lon": 85.39410932000828, "cluster_id": 5, "n_pixels": 562, "perim_m": 2400.1394432081397, "stand_id": 59, "stand_lbl": 40}}, {"type": "Feature", "geometry": {"type": "Polygon", "coordinates": [[[85.39437485468987, 21.591860729659718], [85.39437784299854, 21.591589786199727], [85.39466754512321, 21.59159258073281], [85.39467152873827, 21.59123132272028], [85.39486466304788, 21.591233185430923], [85.39486366726538, 21.591323499947528], [85.39505680170974, 21.591325362442575], [85.39505580604403, 21.59141567695918], [85.39515237333806, 21.591416608125854], [85.39515137772625, 21.591506922651448], [85.39524794508318, 21.59150785376422], [85.39525192724297, 21.59114659564389], [85.39563819575439, 21.59115031948414], [85.39564018632224, 21.590969690379058], [85.39621958852342, 21.590975274396694], [85.39621759867421, 21.591155903546692], [85.39612103150594, 21.591154973008837], [85.39612003651396, 21.591245287579344], [85.39602346929179, 21.59124435697861], [85.39602048410026, 21.591515300672164], [85.3961170515021, 21.591516231281883], [85.39611605648318, 21.591606545852386], [85.3962126239479, 21.591607476408207], [85.39621361890394, 21.5915171618377], [85.39640675373458, 21.591519022787644], [85.39640874338615, 21.59133839361968], [85.39650531068918, 21.59133932400482], [85.39650730019702, 21.591158694827875], [85.39670043457849, 21.591160555400524], [85.39669844530421, 21.591341184595436], [85.3966018779922, 21.59134025432708], [85.39659988858317, 21.591520883504025], [85.39679302344973, 21.591522743995824], [85.39679401803747, 21.59143242939837], [85.39689058542133, 21.59143335955893], [85.39689157994619, 21.591343044961476], [85.39698814727616, 21.591343975059154], [85.39698914173813, 21.591253660452715], [85.39689257446206, 21.591252730355034], [85.39689356897793, 21.591162415748595], [85.39699013619112, 21.591163345846276], [85.39699113063512, 21.591073031230852], [85.39718426495371, 21.591074891237565], [85.3971832706175, 21.591165205852988], [85.39737640507084, 21.591167065644104], [85.39737441664097, 21.591347694892914], [85.39756755134584, 21.591349554477418], [85.39756556313156, 21.591530183744194], [85.39775869810593, 21.5915320431131], [85.39776068608664, 21.59135141383734], [85.39795382083642, 21.591353272972686], [85.39795183309825, 21.591533902266413], [85.3978552655976, 21.591532972716706], [85.39785327771571, 21.59171360200145], [85.39794984534213, 21.59171453156014], [85.397943881939, 21.592256419414372], [85.39775074598548, 21.592254560198178], [85.39774676979948, 21.592615818704783], [85.39765020159814, 21.592614889002363], [85.3976521898124, 21.59243425975355], [85.39736248558567, 21.59243147030493], [85.39736347986799, 21.59234115569849], [85.39717034386057, 21.592339295790595], [85.39717133825965, 21.592248981193137], [85.39697820238698, 21.59224712107863], [85.39697621334626, 21.59242775026456], [85.39687964530661, 21.59242682011298], [85.39687765612217, 21.592607449289925], [85.39678108796573, 21.592606519075467], [85.39677909864655, 21.592787148243428], [85.39668253037334, 21.592786217966086], [85.39668054091041, 21.592966847116084], [85.3967771093004, 21.592967777402407], [85.39677412524973, 21.593238721140878], [85.39667755668009, 21.593237790836586], [85.39667656192168, 21.593328105416074], [85.3960005816287, 21.593321591705], [85.39600655259565, 21.592779704443657], [85.3961996890702, 21.59278156572598], [85.39620366912793, 21.59242030749785], [85.39639680515332, 21.592422168519658], [85.39640078464511, 21.59206091023763], [85.39630421687495, 21.592059979771644], [85.39630521179507, 21.591969665201137], [85.39620864407883, 21.59196873468125], [85.39620963906181, 21.591878420110742], [85.39601650377304, 21.591876558909274], [85.39601849394563, 21.59169592979521], [85.39582535891738, 21.591694068387127], [85.39582635411597, 21.591603753834587], [85.39572978667819, 21.59160282305419], [85.39572879141673, 21.591693137597744], [85.39485968410847, 21.59168475798701], [85.39485769249856, 21.591865387002258], [85.39466455736252, 21.59186352423772], [85.39466356142731, 21.591953838736362], [85.3945669938009, 21.59195290726426], [85.39456798979897, 21.59186259276562], [85.39437485468987, 21.591860729659718]]]}, "id": "+123+241", "properties": {"A00": 0.011132085693332457, "A01": -0.03941149446763584, "A02": 0.17142777968035375, "A03": -0.01483046636852894, "A04": -0.04617274163166274, "A05": -0.023378065595581327, "A06": -0.06310762751572455, "A07": 0.12264548255828045, "A08": -0.03728356843350997, "A09": -0.011323052360693689, "A10": 0.07983789560419347, "A11": 0.00410324653062194, "A12": -0.33898690383518365, "A13": 0.02955089608634124, "A14": -0.017199490045411443, "A15": 0.052338693910288045, "A16": -0.1502487475194446, "A17": 0.15087818999956237, "A18": -0.12248775686383782, "A19": -0.0772085636849152, "A20": -0.3651813478568746, "A21": 0.3417696029699583, "A22": 0.17473081069180246, "A23": 0.014523922207576156, "A24": 0.03093118299498275, "A25": -0.04061763139267579, "A26": 0.08891345753269952, "A27": -0.015992271968149816, "A28": -0.06684075907116707, "A29": 0.14142615170100284, "A30": 0.026992337250199002, "A31": 0.10924828712820897, "A32": -0.08470274319613576, "A33": 0.04554458730960048, "A34": 0.022966662918297055, "A35": -0.08342677567217324, "A36": -0.12616276062322745, "A37": 0.05230009539128675, "A38": 0.15752824096142531, "A39": -0.017159809079156842, "A40": 0.01661173353945057, "A41": 0.03987887180136914, "A42": -0.1817138442849469, "A43": 0.23337083640495598, "A44": 0.025016161634319217, "A45": 0.11699455890195967, "A46": 0.0059693415643256, "A47": -0.03251680684027369, "A48": -0.20296331341846063, "A49": -0.0430386855575827, "A50": 0.02719846465426561, "A51": 0.11860172808978293, "A52": 0.05486571284743928, "A53": -0.07441992702909866, "A54": 0.1458209056800604, "A55": -0.055234956465530054, "A56": -0.00483387242638385, "A57": -0.030923128296370898, "A58": -0.14811274158339793, "A59": -0.24838374803273855, "A60": -0.08884588407438684, "A61": -0.05971416852601463, "A62": 0.1260969054727259, "A63": 0.016182509731907848, "area_ha": 3.750430439205079, "centroid_lat": 21.591931698961094, "centroid_lon": 85.39650059414973, "cluster_id": 0, "n_pixels": 375, "perim_m": 1920.1131615536135, "stand_id": 60, "stand_lbl": 58}}, {"type": "Feature", "geometry": {"type": "MultiPolygon", "coordinates": [[[[85.39909077933396, 21.59335134624283], [85.39918734809225, 21.593352275154732], [85.39918635488793, 21.59344258983304], [85.39908978606675, 21.593441660921133], [85.39909077933396, 21.59335134624283]]], [[[85.39909077933396, 21.59335134624283], [85.39822166068896, 21.593342983574324], [85.3982256358419, 21.592981725004837], [85.39793593043838, 21.592978936499446], [85.39793493647946, 21.59306925112385], [85.39783836796371, 21.59306832150228], [85.3978393619855, 21.592978006877875], [85.39774279353264, 21.592977077211387], [85.39774179945694, 21.59306739182681], [85.39745209395461, 21.593064602468022], [85.39745109969027, 21.59315491707446], [85.39735453113859, 21.593153987165426], [85.39735254247516, 21.593334616369322], [85.39715940514722, 21.593332756380576], [85.39716537179326, 21.592790868804823], [85.3970688035021, 21.592789938743078], [85.39706979798203, 21.592699624154605], [85.39678009330615, 21.59269683366394], [85.39678108796573, 21.592606519075467], [85.39687765612217, 21.592607449289925], [85.39687964530661, 21.59242682011298], [85.39697621334626, 21.59242775026456], [85.39697820238698, 21.59224712107863], [85.39717133825965, 21.592248981193137], [85.39717034386057, 21.592339295790595], [85.39736347986799, 21.59234115569849], [85.39736248558567, 21.59243147030493], [85.3976521898124, 21.59243425975355], [85.39765020159814, 21.592614889002363], [85.39774676979948, 21.592615818704783], [85.39775074598548, 21.592254560198178], [85.397943881939, 21.592256419414372], [85.39794984534213, 21.59171453156014], [85.39785327771571, 21.59171360200145], [85.3978552655976, 21.591532972716706], [85.39795183309825, 21.591533902266413], [85.39795382083642, 21.591353272972686], [85.39776068608664, 21.59135141383734], [85.39775869810593, 21.5915320431131], [85.39756556313156, 21.591530183744194], [85.39756755134584, 21.591349554477418], [85.39737441664097, 21.591347694892914], [85.39737640507084, 21.591167065644104], [85.3971832706175, 21.591165205852988], [85.39718426495371, 21.591074891237565], [85.39699113063512, 21.591073031230852], [85.39699411395814, 21.59080208740255], [85.39680098002583, 21.590800227198212], [85.39680197456865, 21.590709912591773], [85.39660884078006, 21.590708052171834], [85.39660983543966, 21.59061773757438], [85.3964167017948, 21.59061587693885], [85.39641869133858, 21.590435247761903], [85.39622555795425, 21.590433386919756], [85.3962275477226, 21.590252757751795], [85.39642068087338, 21.590254618575973], [85.39642267038123, 21.590073989390046], [85.39690550274614, 21.590078640426412], [85.39690649719911, 21.589988325802004], [85.39709963006243, 21.5899901858177], [85.39709863573522, 21.590080500442106], [85.39719520223873, 21.59008143037809], [85.39719321368311, 21.590262059626898], [85.39738634694169, 21.590263919337165], [85.39738435861064, 21.590444548603944], [85.39757749212075, 21.590446408098614], [85.397576498072, 21.590536722740985], [85.39776963172584, 21.590538582029048], [85.39776863778488, 21.5906288966804], [85.39796177158244, 21.59063075574388], [85.39795978392513, 21.590811385055574], [85.39805635094969, 21.59081231451545], [85.39805436340016, 21.590992943827143], [85.39815093055049, 21.590993873242102], [85.3981489430908, 21.59117450256278], [85.39834207764295, 21.591176361231], [85.39834009040784, 21.591356990569643], [85.3985332252205, 21.591358849031252], [85.39852925116352, 21.591720107726502], [85.39910865717356, 21.591725681871655], [85.39910965033297, 21.591635367175385], [85.39920621795939, 21.591636295997457], [85.39920820415244, 21.59145566659593], [85.39911163664281, 21.59145473777386], [85.39911262979324, 21.59136442307759], [85.39891949491769, 21.591362565289717], [85.39892247469237, 21.591091621200906], [85.39901904195048, 21.59109255011281], [85.39902003513684, 21.591002235416536], [85.39921316954526, 21.59100409306068], [85.39921515566645, 21.59082346364119], [85.39931172276287, 21.590824392373428], [85.39931370874034, 21.590643762935972], [85.39989311068999, 21.590649334089733], [85.39989211806058, 21.59073964883092], [85.39998868513004, 21.5907405771679], [85.39998769255453, 21.59083089191807], [85.40008425968688, 21.590831820201153], [85.40008525220848, 21.590741505450982], [85.4004715205582, 21.590745217999405], [85.40046953600007, 21.59092584753568], [85.40056610322226, 21.590926775540282], [85.40056411876294, 21.591107405076553], [85.40066068611088, 21.591108333036242], [85.40065770957014, 21.591379277349635], [85.40075427709775, 21.591380205264407], [85.40075229283606, 21.59156083480966], [85.4006557251827, 21.591559906885905], [85.40065671738091, 21.591469592117768], [85.40056014979042, 21.591468664140113], [85.40056114204253, 21.59137834937198], [85.40007830450334, 21.59137370867522], [85.40007929704291, 21.591283393934035], [85.39998272961412, 21.591282465624], [85.39998173700268, 21.591372780365187], [85.39969203455462, 21.5913699951117], [85.39968409209105, 21.592092512888478], [85.39987722801762, 21.592094369849903], [85.39987524258812, 21.592274999296343], [85.40006837876624, 21.592276856060135], [85.40006738616377, 21.59236717079234], [85.40026052248561, 21.592369027331554], [85.40025952999993, 21.59245934207274], [85.40035609821923, 21.592460270265992], [85.40035510578747, 21.592550585007178], [85.40016196922309, 21.592548728557794], [85.40015700638148, 21.593000302218808], [85.40025357496012, 21.59300123049291], [85.40025059737732, 21.593272174689517], [85.4003471661446, 21.5932731029187], [85.40034617365893, 21.593363417650906], [85.40044274249807, 21.59336434582619], [85.40044075764351, 21.59354497529958], [85.40053732659943, 21.59354590342995], [85.40053335706097, 21.593907162385708], [85.40024364949251, 21.593904377770027], [85.40024761974064, 21.593543118877147], [85.40015105080268, 21.5935421905761], [85.40015204341412, 21.593451875852878], [85.40005547453904, 21.593450947497928], [85.40005745986073, 21.593270318060473], [85.39996089111142, 21.59326938966061], [85.39996188382167, 21.593179074946374], [85.39986531513524, 21.593178146492612], [85.39986730067254, 21.592997517064138], [85.39977073211188, 21.59299658856546], [85.39977172492992, 21.592906273851224], [85.39967515643214, 21.592905345307628], [85.39967813503003, 21.5926344011739], [85.39948499841175, 21.592632543934002], [85.39948698436226, 21.592451914523494], [85.39939041617889, 21.59245098583617], [85.39939240222822, 21.59227035642566], [85.39919926612198, 21.592268498889318], [85.39920025925444, 21.592178184193045], [85.39910369126869, 21.592177255344026], [85.39910468446405, 21.592086940647754], [85.39871841280852, 21.5920832247037], [85.39871741937962, 21.592173539382003], [85.39852428347102, 21.592171681064126], [85.39852328991634, 21.59226199573345], [85.39861985792903, 21.592262924923826], [85.39861886442827, 21.592353239593148], [85.39871543250383, 21.59235416872963], [85.39871443906596, 21.59244448339895], [85.39881100720442, 21.592445412490516], [85.39881001382042, 21.592535727159838], [85.39890658202177, 21.592536656197506], [85.39890360200454, 21.59280760023242], [85.39900017039452, 21.59280852922517], [85.3989981838062, 21.592989158581776], [85.39909475233094, 21.59299008752063], [85.39909077933396, 21.59335134624283]]]]}, "id": "+163+247", "properties": {"A00": 0.002050755401474157, "A01": -0.03740323003741853, "A02": 0.16702821628904596, "A03": -0.014371465570466525, "A04": -0.05097438388159797, "A05": -0.02834022188633231, "A06": -0.0658497785489407, "A07": 0.12681915235878896, "A08": -0.026660611456293587, "A09": -0.022931839251413764, "A10": 0.08974353017007322, "A11": -0.01125290098973763, "A12": -0.3285836130606982, "A13": 0.032634144328531484, "A14": -0.006192858941932477, "A15": 0.06632349105565952, "A16": -0.12992444593193866, "A17": 0.1403856435593727, "A18": -0.12974252428939093, "A19": -0.10536745149422058, "A20": -0.37331528979692197, "A21": 0.32009132567831483, "A22": 0.18033060659514064, "A23": 0.002004809207456814, "A24": 0.026409883209263747, "A25": -0.01952589729233857, "A26": 0.09209704017045771, "A27": -0.025739360535391945, "A28": -0.06114080059304618, "A29": 0.14398912672105424, "A30": 0.03982504822103381, "A31": 0.11028203075332862, "A32": -0.0711089088080061, "A33": 0.045267133487852045, "A34": 0.03014234600416219, "A35": -0.08290225409174219, "A36": -0.13609743863789905, "A37": 0.07504855511610313, "A38": 0.15840030034452332, "A39": -0.015423887751009812, "A40": 0.04880192151593376, "A41": 0.03554794149704189, "A42": -0.18041193504253422, "A43": 0.23341716686285072, "A44": 0.031983988267512614, "A45": 0.08728386933973571, "A46": -0.01407777182592506, "A47": -0.00593253235954717, "A48": -0.1884241939219881, "A49": -0.029652877888996135, "A50": 0.018603812374732277, "A51": 0.11760342661491867, "A52": 0.04479465662185576, "A53": -0.04157926549412321, "A54": 0.15328590670134773, "A55": -0.052399472354772644, "A56": 0.013448354000221208, "A57": -0.0436152786203667, "A58": -0.14831613043351688, "A59": -0.24194687949719207, "A60": -0.07905791369656598, "A61": -0.05937410693221757, "A62": 0.1212751591852362, "A63": 0.03525027074204051, "area_ha": 7.069674114462351, "centroid_lat": 21.59184466565344, "centroid_lon": 85.39856521185901, "cluster_id": 0, "n_pixels": 707, "perim_m": 3320.1989179957113, "stand_id": 61, "stand_lbl": 71}}, {"type": "Feature", "geometry": {"type": "Polygon", "coordinates": [[[85.39968409209105, 21.592092512888478], [85.39969203455462, 21.5913699951117], [85.39998173700268, 21.591372780365187], [85.39998272961412, 21.591282465624], [85.40007929704291, 21.591283393934035], [85.40007830450334, 21.59137370867522], [85.40056114204253, 21.59137834937198], [85.40056014979042, 21.591468664140113], [85.40065671738091, 21.591469592117768], [85.4006557251827, 21.591559906885905], [85.40075229283606, 21.59156083480966], [85.40075130069175, 21.591651149577796], [85.400847868408, 21.591652077447655], [85.40084588422717, 21.591832707001892], [85.40094245206917, 21.591833634826834], [85.40093947594166, 21.592104579149208], [85.40084290791998, 21.5921036513063], [85.40084092368525, 21.59228428084257], [85.4002615149623, 21.592278712590367], [85.40026052248561, 21.592369027331554], [85.40006738616377, 21.59236717079234], [85.40006837876624, 21.592276856060135], [85.39987524258812, 21.592274999296343], [85.39987722801762, 21.592094369849903], [85.39968409209105, 21.592092512888478]]]}, "id": "+160+230", "properties": {"A00": -0.02234498925091359, "A01": -0.0056421254874420065, "A02": 0.14971867794680244, "A03": -0.014933907232809665, "A04": -0.06730352182098046, "A05": -0.05012532713793552, "A06": -0.07795383131317765, "A07": 0.14125981041878374, "A08": 0.01611967775080527, "A09": -0.046262159461270214, "A10": 0.1440815486082092, "A11": -0.03127037947589496, "A12": -0.3083090190724269, "A13": 0.01698605018956971, "A14": 0.02261858277608563, "A15": 0.10133231248160186, "A16": -0.09053857078680409, "A17": 0.13829255129392384, "A18": -0.15987240379918244, "A19": -0.16833216251132221, "A20": -0.40021858488053774, "A21": 0.28167894517002917, "A22": 0.16248409425415747, "A23": -0.009703488278067662, "A24": 0.04181959827686278, "A25": 0.018469332806129588, "A26": 0.1061871194645507, "A27": -0.014049106402455753, "A28": -0.023481154689910362, "A29": 0.16327138099938907, "A30": 0.03467194938670883, "A31": 0.12914509967209092, "A32": -0.041685464480219585, "A33": 0.09235044691155364, "A34": 0.030690890369568208, "A35": -0.11724980050913233, "A36": -0.1305981426598511, "A37": 0.11736242526583658, "A38": 0.17932614121602372, "A39": -0.003984698179368666, "A40": 0.08236075026555177, "A41": 0.04109346286652829, "A42": -0.17465117345638562, "A43": 0.22710235128127387, "A44": 0.04975579722508834, "A45": 0.019659102745449002, "A46": -0.0343605934582089, "A47": 0.06872351079610577, "A48": -0.13459398833994812, "A49": -0.00178425070019848, "A50": 0.014635911687711738, "A51": 0.11439407573967085, "A52": 0.03916229125699177, "A53": 0.000714177246440527, "A54": 0.16862193497413955, "A55": -0.04065349155364252, "A56": 0.03252904648107045, "A57": -0.09518837975785464, "A58": -0.11520730017739438, "A59": -0.22971337671656464, "A60": -0.07983952077327769, "A61": -0.07432409132011493, "A62": 0.12300499955334529, "A63": 0.07167279097104413, "area_ha": 1.163238864118162, "centroid_lat": 21.59184042295609, "centroid_lon": 85.40027132685697, "cluster_id": 4, "n_pixels": 116, "perim_m": 500.03033333637177, "stand_id": 62, "stand_lbl": 82}}, {"type": "Feature", "geometry": {"type": "MultiPolygon", "coordinates": [[[[85.3979697219961, 21.589908238452193], [85.39777658915973, 21.589906379451595], [85.3977785769518, 21.58972575013092], [85.39797170954563, 21.589727609113552], [85.3979697219961, 21.589908238452193]]], [[[85.39921515566645, 21.59082346364119], [85.39921614871807, 21.59073314892695], [85.3993127157516, 21.590734077659192], [85.39931172276287, 21.590824392373428], [85.39921515566645, 21.59082346364119]]], [[[85.3979697219961, 21.589908238452193], [85.39816285485942, 21.58991009721923], [85.39815589909638, 21.590542299922447], [85.39825246595923, 21.590543229247572], [85.39825147231473, 21.59063354392588], [85.39912057479904, 21.590641905435557], [85.39911858857903, 21.59082253485505], [85.39921515566645, 21.59082346364119], [85.39921316954526, 21.59100409306068], [85.39902003513684, 21.591002235416536], [85.39901904195048, 21.59109255011281], [85.39892247469237, 21.591091621200906], [85.39891949491769, 21.591362565289717], [85.39911262979324, 21.59136442307759], [85.39911163664281, 21.59145473777386], [85.39920820415244, 21.59145566659593], [85.39920621795939, 21.591636295997457], [85.39910965033297, 21.591635367175385], [85.39910865717356, 21.591725681871655], [85.39852925116352, 21.591720107726502], [85.3985332252205, 21.591358849031252], [85.39834009040784, 21.591356990569643], [85.39834207764295, 21.591176361231], [85.3981489430908, 21.59117450256278], [85.39815093055049, 21.590993873242102], [85.39805436340016, 21.590992943827143], [85.39805635094969, 21.59081231451545], [85.39795978392513, 21.590811385055574], [85.39796177158244, 21.59063075574388], [85.39786520468367, 21.59062982623909], [85.39786719243979, 21.5904491969274], [85.39796375921281, 21.590450126423207], [85.3979697219961, 21.589908238452193]]]]}, "id": "+148+223", "properties": {"A00": -0.004966410810887786, "A01": -0.023442665930032195, "A02": 0.18436554046202808, "A03": -0.03247056874079569, "A04": -0.05679678768718111, "A05": 0.006208918134441771, "A06": -0.03500368533101701, "A07": 0.09391598730278826, "A08": -0.008706162213150698, "A09": -0.0462198991570964, "A10": 0.09737380610741113, "A11": -0.03685889010488017, "A12": -0.34268148157807576, "A13": 0.05934059815136393, "A14": -6.003398116464179e-05, "A15": 0.0821541072445778, "A16": -0.12307101809922939, "A17": 0.11820969258705372, "A18": -0.11101159784351333, "A19": -0.12155525791320215, "A20": -0.3597855637370249, "A21": 0.3110131658919835, "A22": 0.21245382937699284, "A23": -0.010479998823890467, "A24": 0.00742175488991942, "A25": 0.0049648872543659305, "A26": 0.0869946775555442, "A27": -0.03720525728863185, "A28": -0.06300344346458979, "A29": 0.10944828396055248, "A30": 0.06757940874283914, "A31": 0.11632719522267118, "A32": -0.08026767205005333, "A33": -0.0020299840753218224, "A34": 0.08141234918958316, "A35": -0.06467955877949484, "A36": -0.1720643123210667, "A37": 0.10884510046944205, "A38": 0.14885650475102663, "A39": -0.02407256186007196, "A40": 0.06070570040428911, "A41": 0.014345655122315932, "A42": -0.20200281793560299, "A43": 0.21806290530710576, "A44": 0.02220045043853437, "A45": 0.09516439595641664, "A46": -0.03553190720686066, "A47": 0.0027849875589755248, "A48": -0.18794570861217558, "A49": -0.025681882173919632, "A50": 0.006914830607261166, "A51": 0.14812329090638224, "A52": 0.020812994786780344, "A53": -0.007450096846458261, "A54": 0.1767005085744363, "A55": -0.04698341670195107, "A56": 0.03219689554649427, "A57": -0.04844856963837681, "A58": -0.1348304812494282, "A59": -0.2585445063533808, "A60": -0.04711509237944468, "A61": -0.05717847240393123, "A62": 0.12981265794321514, "A63": 0.055330709201144954, "area_ha": 1.2735442861178108, "centroid_lat": 21.590937561125337, "centroid_lon": 85.39854432353067, "n_pixels": 127, "perim_m": 860.0514297888726, "stand_id": 63, "stand_lbl": 70}}, {"type": "Feature", "geometry": {"type": "Polygon", "coordinates": [[[85.39206820770316, 21.590844896671317], [85.39206920519246, 21.59075458228047], [85.39245547205097, 21.590758313433007], [85.39245646929771, 21.590667999024195], [85.39255303596293, 21.590668931664105], [85.39255403313781, 21.590578617246315], [85.39265059975813, 21.590579549832327], [85.39265159687012, 21.59048923540555], [85.39274816342754, 21.59049016792868], [85.39274716637843, 21.59058048236444], [85.39284373299873, 21.59058141483367], [85.39284472999395, 21.590491100397912], [85.39294129656035, 21.590492032813245], [85.3929422934927, 21.590401718377485], [85.3930388600052, 21.590402650729935], [85.39303985686567, 21.59031233628519], [85.39313642332428, 21.59031326857476], [85.39313542652668, 21.5904035830195], [85.3934251261181, 21.590406379573796], [85.3934241294912, 21.59049669402752], [85.39361726270486, 21.590498558121567], [85.39361825921499, 21.59040824365886], [85.39371482576342, 21.590409175616053], [85.39371681863996, 21.590228546672666], [85.39390995152124, 21.590230410407386], [85.39391194414624, 21.590049781437056], [85.39410507680294, 21.590051644938214], [85.39410308442947, 21.59023227391753], [85.39429621734669, 21.59023413720309], [85.39429721342563, 21.590143822704448], [85.39439377983034, 21.5901447542574], [85.39439875982077, 21.589693181719277], [85.39449532593802, 21.589694113200363], [85.39448735836655, 21.590416629279325], [85.39439079177319, 21.590415697771288], [85.39438780367112, 21.590686641267215], [85.39467750400814, 21.590689435674534], [85.39467849987149, 21.590599121157926], [85.39525790032096, 21.590604708436448], [85.39525989131101, 21.590424079358318], [85.39564615790003, 21.590427803054833], [85.39564715315252, 21.59033748849331], [85.39574371975486, 21.59033841927371], [85.39574471493549, 21.590248104712185], [85.3962275477226, 21.590252757751795], [85.39622555795425, 21.590433386919756], [85.39641869133858, 21.590435247761903], [85.3964167017948, 21.59061587693885], [85.39660983543966, 21.59061773757438], [85.39660884078006, 21.590708052171834], [85.39680197456865, 21.590709912591773], [85.39680098002583, 21.590800227198212], [85.39699411395814, 21.59080208740255], [85.39699013619112, 21.591163345846276], [85.39689356897793, 21.591162415748595], [85.39689257446206, 21.591252730355034], [85.39698914173813, 21.591253660452715], [85.39698814727616, 21.591343975059154], [85.39689157994619, 21.591343044961476], [85.39689058542133, 21.59143335955893], [85.39679401803747, 21.59143242939837], [85.39679302344973, 21.591522743995824], [85.39659988858317, 21.591520883504025], [85.3966018779922, 21.59134025432708], [85.39669844530421, 21.591341184595436], [85.39670043457849, 21.591160555400524], [85.39650730019702, 21.591158694827875], [85.39650531068918, 21.59133932400482], [85.39640874338615, 21.59133839361968], [85.39640675373458, 21.591519022787644], [85.39621361890394, 21.5915171618377], [85.3962126239479, 21.591607476408207], [85.39611605648318, 21.591606545852386], [85.3961170515021, 21.591516231281883], [85.39602048410026, 21.591515300672164], [85.39602346929179, 21.59124435697861], [85.39612003651396, 21.591245287579344], [85.39612103150594, 21.591154973008837], [85.39621759867421, 21.591155903546692], [85.39621958852342, 21.590975274396694], [85.39564018632224, 21.590969690379058], [85.39563819575439, 21.59115031948414], [85.39525192724297, 21.59114659564389], [85.39524794508318, 21.59150785376422], [85.39515137772625, 21.591506922651448], [85.39515237333806, 21.591416608125854], [85.39505580604403, 21.59141567695918], [85.39505680170974, 21.591325362442575], [85.39486366726538, 21.591323499947528], [85.39486466304788, 21.591233185430923], [85.39467152873827, 21.59123132272028], [85.39467053284798, 21.591321637227907], [85.39428426406708, 21.591317911123905], [85.39428625633275, 21.591137282144587], [85.39438282340221, 21.591138213751435], [85.39438481552415, 21.59095758476314], [85.39409511469306, 21.590954789807846], [85.39409710715636, 21.590774160846493], [85.39390397353846, 21.590772297282456], [85.39390496988688, 21.59068198280178], [85.39351870294752, 21.590678255026912], [85.39351770636553, 21.590768569489622], [85.39332457280152, 21.590766705251845], [85.39332257938601, 21.59094733415031], [85.39303287872559, 21.590944537362457], [85.39303188182919, 21.59103485178923], [85.39293531489447, 21.59103391940983], [85.39293431793519, 21.59112423384559], [85.39274118395797, 21.591122368898148], [85.39273918977888, 21.591302997742716], [85.39254605558605, 21.591301132561707], [85.39254406114645, 21.591481761379328], [85.39244749393326, 21.5914808286945], [85.39244849121594, 21.591390514294673], [85.39235192407462, 21.591389581555948], [85.39235391874777, 21.591208952756293], [85.39225735173221, 21.591208019972655], [85.3922593464952, 21.591027391173], [85.3921627796054, 21.59102645834444], [85.3921647744672, 21.59084582955377], [85.39206820770316, 21.590844896671317]]]}, "id": "+118+222", "properties": {"A00": 0.011087793197637832, "A01": -0.058581063290323455, "A02": 0.1519377273257709, "A03": 0.01985190915489509, "A04": -0.026832962104547182, "A05": -0.015580304406176776, "A06": -0.06509771704127014, "A07": 0.13185822019759919, "A08": -0.039766896653483555, "A09": -0.011761027273314628, "A10": 0.0819124332941553, "A11": 0.005977936706809624, "A12": -0.33317517360651105, "A13": 0.027826722128195303, "A14": 0.0072282051766949925, "A15": 0.04666257432647778, "A16": -0.13812267102789613, "A17": 0.1200991773240027, "A18": -0.11633347679829113, "A19": -0.06486184106778714, "A20": -0.36565491973028985, "A21": 0.2966521241570259, "A22": 0.1959906348461397, "A23": 0.004890013251279081, "A24": 0.026180919725291393, "A25": -0.013048576989884786, "A26": 0.10694894221247965, "A27": -0.05648264402479301, "A28": -0.06694223277009442, "A29": 0.14754707220206156, "A30": 0.0072826853820154, "A31": 0.10258374636700632, "A32": -0.07460128779799004, "A33": 0.015307318528961994, "A34": 0.04924561980147731, "A35": -0.07751330985540052, "A36": -0.12381978773486209, "A37": 0.05567431760257146, "A38": 0.15032603091147806, "A39": -0.054217421252278075, "A40": 0.033031367030534914, "A41": 0.02517392467531111, "A42": -0.20026096480328814, "A43": 0.25422392240123054, "A44": 0.03867898899130342, "A45": 0.10625732835206593, "A46": 0.0055762280704129774, "A47": -0.03479176836817656, "A48": -0.18703504199667303, "A49": -0.010400095293500736, "A50": 0.006981635515692141, "A51": 0.09754223336532498, "A52": 0.01900556277437075, "A53": -0.047131742620371654, "A54": 0.168807276800124, "A55": -0.0736509286960014, "A56": 0.00941803297741218, "A57": -0.04608043222367401, "A58": -0.14933538247585568, "A59": -0.27188085929499145, "A60": -0.06506761541196637, "A61": -0.06853568289815969, "A62": 0.1377114073151505, "A63": 0.005429388153026155, "area_ha": 3.7805091022404698, "centroid_lat": 21.590812955449636, "centroid_lon": 85.39475337992666, "cluster_id": 0, "n_pixels": 378, "perim_m": 2160.1259094600396, "stand_id": 64, "stand_lbl": 43}}, {"type": "Feature", "geometry": {"type": "Polygon", "coordinates": [[[85.3977785769518, 21.58972575013092], [85.39778454019323, 21.589183862159906], [85.3983639358996, 21.589189438281355], [85.39836294239882, 21.589279752968643], [85.39855607446265, 21.58928161123262], [85.39854912063996, 21.58991381409753], [85.39864568709856, 21.589914743180117], [85.39864469373255, 21.590005057876386], [85.39874126025404, 21.59000598690507], [85.39874026694191, 21.590096301601342], [85.39883683353527, 21.590097230576127], [85.39883584027704, 21.59018754528138], [85.39893240693328, 21.590188474202265], [85.39893141372895, 21.59027878890752], [85.39912454717617, 21.59028064659658], [85.3991225609921, 21.590461276016068], [85.39921912784597, 21.590462204793223], [85.39921714176968, 21.590642834212716], [85.39931370874034, 21.590643762935972], [85.3993127157516, 21.590734077659192], [85.39921614871807, 21.59073314892695], [85.39921515566645, 21.59082346364119], [85.39911858857903, 21.59082253485505], [85.39912057479904, 21.590641905435557], [85.39825147231473, 21.59063354392588], [85.39825246595923, 21.590543229247572], [85.39815589909638, 21.590542299922447], [85.39816285485942, 21.58991009721923], [85.3979697219961, 21.589908238452193], [85.39797170954563, 21.589727609113552], [85.3977785769518, 21.58972575013092]]]}, "id": "+149+213", "properties": {"A00": -0.006482766765845214, "A01": -0.050498737480518745, "A02": 0.17421843618143723, "A03": -0.0015946341981462368, "A04": -0.04403388047024451, "A05": -0.014448101620545191, "A06": -0.05205331799025686, "A07": 0.09722800010389149, "A08": -0.02167136172147804, "A09": -0.05603137667850565, "A10": 0.10122955731273182, "A11": -0.051907251670165334, "A12": -0.35340527167065516, "A13": 0.05260952922895496, "A14": 0.0007382974372485767, "A15": 0.0667764445463002, "A16": -0.09963716147052082, "A17": 0.11703104739197781, "A18": -0.1206895402753302, "A19": -0.09851215801943736, "A20": -0.34463857718266633, "A21": 0.29964768773407935, "A22": 0.23045612489208941, "A23": -0.02231750066199914, "A24": -0.0017806303220637431, "A25": 0.020140400999633698, "A26": 0.08409288311974965, "A27": -0.04110301728206274, "A28": -0.05187043119486478, "A29": 0.12004039960556857, "A30": 0.07161425874461837, "A31": 0.10260564020547606, "A32": -0.04946377689157403, "A33": -0.0056814492998439985, "A34": 0.08266378111557295, "A35": -0.07837488932223043, "A36": -0.16268998619439368, "A37": 0.12706002340684297, "A38": 0.1391236399573069, "A39": -0.05609779597223518, "A40": 0.055628512450973, "A41": -0.008140042359584699, "A42": -0.1935399022224214, "A43": 0.24838250455256738, "A44": 0.04359193967213442, "A45": 0.076972631013171, "A46": -0.045231803665911244, "A47": 0.040958715881052814, "A48": -0.16368103493354352, "A49": -0.006942415788973667, "A50": -0.0034228117717907125, "A51": 0.12073016365833053, "A52": 0.009707200062494824, "A53": 0.02087750961018832, "A54": 0.1975394339474252, "A55": -0.060295951033455704, "A56": 0.029684850455078602, "A57": -0.05986581533094603, "A58": -0.12290673492096438, "A59": -0.25084793103932734, "A60": -0.040702985823812377, "A61": -0.0693769471040279, "A62": 0.12742986861273062, "A63": 0.048563582371333014, "area_ha": 1.2835722497601711, "centroid_lat": 21.589978228885208, "centroid_lon": 85.39842316416944, "cluster_id": 0, "n_pixels": 128, "perim_m": 680.0406756023033, "stand_id": 65, "stand_lbl": 68}}, {"type": "Feature", "geometry": {"type": "MultiPolygon", "coordinates": [[[[85.39682087000183, 21.588993934907734], [85.39701400154462, 21.58899579493241], [85.39701201288119, 21.589176424199188], [85.39720514467552, 21.589178284026236], [85.39720315622769, 21.589358913301997], [85.3973962882915, 21.589360772922433], [85.39739430005928, 21.58954140221616], [85.39778056471691, 21.589545120810243], [85.39777658915973, 21.589906379451595], [85.3979697219961, 21.589908238452193], [85.39796375921281, 21.590450126423207], [85.39786719243979, 21.5904491969274], [85.39786520468367, 21.59062982623909], [85.39776863778488, 21.5906288966804], [85.39776963172584, 21.590538582029048], [85.397576498072, 21.590536722740985], [85.39757749212075, 21.590446408098614], [85.39738435861064, 21.590444548603944], [85.39738634694169, 21.590263919337165], [85.39719321368311, 21.590262059626898], [85.39719520223873, 21.59008143037809], [85.39709863573522, 21.590080500442106], [85.39709963006243, 21.5899901858177], [85.39700306363078, 21.589989255845786], [85.39701002419082, 21.589357053456983], [85.39681689217191, 21.589355193396372], [85.39682087000183, 21.588993934907734]]], [[[85.39682087000183, 21.588993934907734], [85.39662773848599, 21.588992074649493], [85.39662972760755, 21.588811445409664], [85.39682285888983, 21.58881330564994], [85.39682087000183, 21.588993934907734]]]]}, "id": "+135+211", "properties": {"A00": -0.05227645908135863, "A01": -0.022777560936151593, "A02": 0.1833541654441045, "A03": -0.03693745974246454, "A04": -0.043225586713226, "A05": 0.041294322445795346, "A06": -0.03596486831517816, "A07": 0.09975927829816283, "A08": -0.0013825212979896111, "A09": -0.05030894606407389, "A10": 0.08653314478205607, "A11": -0.03917153724980635, "A12": -0.31382048910421306, "A13": 0.06223658632667014, "A14": 0.029945495830480104, "A15": 0.08946397063261294, "A16": -0.15360111394641113, "A17": 0.12475376919822827, "A18": -0.11437877971835374, "A19": -0.14070504366661302, "A20": -0.3385383805849683, "A21": 0.30479761227784435, "A22": 0.1818342946413388, "A23": 0.01513126401682718, "A24": 0.02650727658542728, "A25": -0.027449579101005952, "A26": 0.09121025541855203, "A27": -0.05969714081611672, "A28": -0.08563667485931228, "A29": 0.09685594539015942, "A30": 0.07110323380824783, "A31": 0.1254857649215406, "A32": -0.096774323487192, "A33": 0.0027549839986194527, "A34": 0.07145966679621471, "A35": -0.038161961621050906, "A36": -0.15981026079260444, "A37": 0.13534631487227963, "A38": 0.13772734695906247, "A39": 0.01006878473947297, "A40": 0.06965617236730419, "A41": -0.003304703277468945, "A42": -0.19787010706268152, "A43": 0.19381335003744773, "A44": 0.01064733455697446, "A45": 0.1063164695287395, "A46": -0.009798226604441821, "A47": -0.032427680881244356, "A48": -0.17495922646500883, "A49": -0.04774094985542615, "A50": 0.04848451893493797, "A51": 0.17867101108690714, "A52": 0.005313787584170574, "A53": -0.019979564330018892, "A54": 0.17212785748012763, "A55": -0.033051346287166675, "A56": 0.03742805086944442, "A57": -0.039620525413873384, "A58": -0.1397714360477659, "A59": -0.28091456070984266, "A60": -0.08211392427444891, "A61": -0.03228763216810371, "A62": 0.1601145964486841, "A63": 0.035052249086219636, "area_ha": 1.0729852710843906, "centroid_lat": 21.589829740936178, "centroid_lon": 85.39740060326386, "n_pixels": 107, "perim_m": 680.0402522676726, "stand_id": 66, "stand_lbl": 60}}, {"type": "Feature", "geometry": {"type": "Polygon", "coordinates": [[[85.39438780367112, 21.590686641267215], [85.39439079177319, 21.590415697771288], [85.39448735836655, 21.590416629279325], [85.39449831368974, 21.589423169650537], [85.39459487962733, 21.58942410105976], [85.3945958754727, 21.58933378654315], [85.39488557315072, 21.589336580420465], [85.39489154704617, 21.58879469318607], [85.39508467813083, 21.58879655543857], [85.39508567364382, 21.588706240895014], [85.39518223914123, 21.58870717192694], [85.39518323458236, 21.5886168573744], [85.39527980002588, 21.58861778835243], [85.39528179078238, 21.588437159229382], [85.39508866014688, 21.588435297237393], [85.39509164660502, 21.58816435357079], [85.39538134201928, 21.588167146441993], [85.39538233731668, 21.588076831871486], [85.39547890240985, 21.588077762705783], [85.3954729309129, 21.588619650137804], [85.39566606182687, 21.588621511707586], [85.39566407152851, 21.58880214085758], [85.39605033390443, 21.588805863350355], [85.39604635419704, 21.589167121713228], [85.3957566566987, 21.58916432987509], [85.3957586469162, 21.588983700725095], [85.39566208121218, 21.588982770007576], [85.39566307637484, 21.58889245543707], [85.39546994510154, 21.58889059384034], [85.39546496864148, 21.589342166665926], [85.39527183678427, 21.589340304808683], [85.3952678550467, 21.58970156300986], [85.39546098737102, 21.58970342489405], [85.39545999204667, 21.589793739455576], [85.39565312451472, 21.589795601133154], [85.39565212929817, 21.589885915694676], [85.39574869560407, 21.589886846448124], [85.39574371975486, 21.59033841927371], [85.39564715315252, 21.59033748849331], [85.39564615790003, 21.590427803054833], [85.39525989131101, 21.590424079358318], [85.39525790032096, 21.590604708436448], [85.39467849987149, 21.590599121157926], [85.39467750400814, 21.590689435674534], [85.39438780367112, 21.590686641267215]]]}, "id": "+102+212", "properties": {"A00": -0.005648788861916115, "A01": -0.030094504377482883, "A02": 0.19386932981046967, "A03": -0.024024945683630086, "A04": -0.03633659395705461, "A05": 0.03349156165962772, "A06": -0.030016364562634536, "A07": 0.09688986167114497, "A08": -0.021069183457538124, "A09": -0.014749676455675589, "A10": 0.08822184792996163, "A11": 0.00019721139685130622, "A12": -0.33296998557757157, "A13": 0.05238398551755902, "A14": 0.0243305596039672, "A15": 0.06519196594885288, "A16": -0.1294108216180505, "A17": 0.10618469556333912, "A18": -0.12115085290722175, "A19": -0.0978570771888827, "A20": -0.3244611569785494, "A21": 0.30533698569116613, "A22": 0.18729996403476215, "A23": 0.008942071055379785, "A24": 0.01294667786995106, "A25": -0.04471286191143996, "A26": 0.09277736328974974, "A27": -0.04318984728629785, "A28": -0.0798721347459545, "A29": 0.13221448494462387, "A30": 0.03371843350293071, "A31": 0.10875244474012447, "A32": -0.0917109931937308, "A33": -0.00224254675937342, "A34": 0.056169307382040914, "A35": -0.0491455473477405, "A36": -0.15560722103584423, "A37": 0.0888709124898732, "A38": 0.1255848499546193, "A39": -0.030579733815854847, "A40": 0.021998507826995927, "A41": 0.016195887031966807, "A42": -0.21062320567208734, "A43": 0.22465590558200446, "A44": 0.01386057579272241, "A45": 0.13375156045941086, "A46": 0.007307906528369322, "A47": -0.04897292580062847, "A48": -0.1742718979989438, "A49": -0.05995459075971473, "A50": 0.02962243001998728, "A51": 0.13267529973680156, "A52": -0.004893144507310187, "A53": -0.061665566421013535, "A54": 0.1783678937523192, "A55": -0.06923007432215292, "A56": -0.0007926915306624489, "A57": -0.03197196060502397, "A58": -0.11588950752205851, "A59": -0.279354554085732, "A60": -0.07529969807320443, "A61": -0.06852846802267887, "A62": 0.16655759605889145, "A63": 0.010124372757369713, "area_ha": 2.3164404711994733, "centroid_lat": 21.589613267670632, "centroid_lon": 85.39513357950037, "cluster_id": 5, "n_pixels": 232, "perim_m": 1120.065340499113, "stand_id": 67, "stand_lbl": 46}}, {"type": "Feature", "geometry": {"type": "Polygon", "coordinates": [[[85.3952678550467, 21.58970156300986], [85.39527183678427, 21.589340304808683], [85.39546496864148, 21.589342166665926], [85.39546994510154, 21.58889059384034], [85.39566307637484, 21.58889245543707], [85.39566208121218, 21.588982770007576], [85.3957586469162, 21.588983700725095], [85.3957566566987, 21.58916432987509], [85.39604635419704, 21.589167121713228], [85.39605033390443, 21.588805863350355], [85.39566407152851, 21.58880214085758], [85.39566606182687, 21.588621511707586], [85.3954729309129, 21.588619650137804], [85.39547890240985, 21.588077762705783], [85.39538233731668, 21.588076831871486], [85.3953833326051, 21.58798651730098], [85.3952867675838, 21.5879855864038], [85.39528975360177, 21.58771464269228], [85.39586914275043, 21.587720227132124], [85.39586715279343, 21.587900856327035], [85.39606028280011, 21.587902717375794], [85.3960582930587, 21.58808334657969], [85.3962514233169, 21.588085207421834], [85.39624843903268, 21.58835615124115], [85.39644156966817, 21.588358011885667], [85.39644057501756, 21.58844832650109], [85.39653714040718, 21.5884492567425], [85.39653515120476, 21.588629885982325], [85.39663171671116, 21.58863081617882], [85.39662773848599, 21.588992074649493], [85.39682087000183, 21.588993934907734], [85.39681689217191, 21.589355193396372], [85.39701002419082, 21.589357053456983], [85.39700306363078, 21.589989255845786], [85.39690649719911, 21.589988325802004], [85.39690550274614, 21.590078640426412], [85.39642267038123, 21.590073989390046], [85.39642068087338, 21.590254618575973], [85.39574471493549, 21.590248104712185], [85.39574869560407, 21.589886846448124], [85.39565212929817, 21.589885915694676], [85.39565312451472, 21.589795601133154], [85.39545999204667, 21.589793739455576], [85.39546098737102, 21.58970342489405], [85.3952678550467, 21.58970156300986]]]}, "id": "+120+207", "properties": {"A00": -0.020743497337899045, "A01": -0.0817987486121173, "A02": 0.16966240687905346, "A03": 0.03170622166898072, "A04": -0.025580778334933052, "A05": -0.030705979576695238, "A06": -0.06669197591081273, "A07": 0.12541572612808902, "A08": -0.03407177261826998, "A09": -0.02850612268631378, "A10": 0.08819033153133925, "A11": -0.029607045793672602, "A12": -0.3392685480112853, "A13": 0.05028214572190618, "A14": 0.0002643145469206077, "A15": 0.06241797084233321, "A16": -0.1145361783052825, "A17": 0.08498682158759618, "A18": -0.12930072242507898, "A19": -0.09775359339161353, "A20": -0.3305717099154464, "A21": 0.2890142932065033, "A22": 0.21539565919964337, "A23": -0.013055272913076784, "A24": 0.008112260222143118, "A25": 0.012580603879191516, "A26": 0.09084469016033207, "A27": -0.05052538825166837, "A28": -0.0680705826321595, "A29": 0.14305730252316487, "A30": 0.036041669490522614, "A31": 0.08580774572310303, "A32": -0.068122333957007, "A33": -0.013410986976293345, "A34": 0.060088467450963474, "A35": -0.08455873460911627, "A36": -0.138947563228042, "A37": 0.11733441781489759, "A38": 0.14070735101491014, "A39": -0.0656731503909887, "A40": 0.05490755303904093, "A41": -0.004540284641353218, "A42": -0.17983699429726924, "A43": 0.27305131475483185, "A44": 0.028576837629817862, "A45": 0.0864444404853795, "A46": -0.034459739702362616, "A47": 0.028202555008222385, "A48": -0.15666045078366295, "A49": -0.01930093570081182, "A50": -0.013397802746179677, "A51": 0.10531599679968534, "A52": 0.02811023408756995, "A53": -0.0016818396620119067, "A54": 0.1855262671489654, "A55": -0.07011974905028912, "A56": 0.002832833516500524, "A57": -0.04591876443084819, "A58": -0.14516626182205863, "A59": -0.24474807546757435, "A60": -0.050557750313049474, "A61": -0.08097064279332397, "A62": 0.135377362396315, "A63": 0.02711808662080405, "area_ha": 3.088590012524011, "centroid_lat": 21.589130658080407, "centroid_lon": 85.3960969253059, "cluster_id": 3, "n_pixels": 309, "perim_m": 1140.066945310321, "stand_id": 68, "stand_lbl": 55}}, {"type": "Feature", "geometry": {"type": "MultiPolygon", "coordinates": [[[[85.39760929911137, 21.587556339012714], [85.3979955585498, 21.587560056789332], [85.39799357124282, 21.58774068617289], [85.39818670123154, 21.587742544742298], [85.39818570769482, 21.587832859438567], [85.39828227275207, 21.587833788646915], [85.39828127926926, 21.58792410335217], [85.39847440952747, 21.58792596159818], [85.39847341616144, 21.58801627631242], [85.39856998135342, 21.588017205350084], [85.39856898804129, 21.588107520064323], [85.39866555330515, 21.588108449057074], [85.39866356677072, 21.58828907849453], [85.39876013216033, 21.588290007433383], [85.39875814573372, 21.588470636870838], [85.39895127676448, 21.588472494613796], [85.39894929055345, 21.588653124060237], [85.39914242183573, 21.58865498159658], [85.39913844983589, 21.58901624051641], [85.39894531806851, 21.589014382944136], [85.39894333179461, 21.58919501238159], [85.39952272787826, 21.5892005844696], [85.39952173509614, 21.589290899210788], [85.39971486728572, 21.589292756136278], [85.39971188925378, 21.589563700377806], [85.39990502182064, 21.589565557105665], [85.3999030366876, 21.58974618661499], [85.40009616951498, 21.58974804312725], [85.40009319212983, 21.590018987413693], [85.40018975873217, 21.59001991559796], [85.40018777389557, 21.59020054512525], [85.40028434062366, 21.5902014732646], [85.40028136351698, 21.59047241755104], [85.40037793043373, 21.590473345654463], [85.40037594578577, 21.59065397518175], [85.40047251282829, 21.590654903231272], [85.4004715205582, 21.590745217999405], [85.40008525220848, 21.590741505450982], [85.40008425968688, 21.590831820201153], [85.39998769255453, 21.59083089191807], [85.39998868513004, 21.5907405771679], [85.39989211806058, 21.59073964883092], [85.39989311068999, 21.590649334089733], [85.39921714176968, 21.590642834212716], [85.39921912784597, 21.590462204793223], [85.3991225609921, 21.590461276016068], [85.39912454717617, 21.59028064659658], [85.39893141372895, 21.59027878890752], [85.39893240693328, 21.590188474202265], [85.39883584027704, 21.59018754528138], [85.39883683353527, 21.590097230576127], [85.39874026694191, 21.590096301601342], [85.39874126025404, 21.59000598690507], [85.39864469373255, 21.590005057876386], [85.39864568709856, 21.589914743180117], [85.39854912063996, 21.58991381409753], [85.39855607446265, 21.58928161123262], [85.39836294239882, 21.589279752968643], [85.3983639358996, 21.589189438281355], [85.39778454019323, 21.589183862159906], [85.39778056471691, 21.589545120810243], [85.39739430005928, 21.58954140221616], [85.3973962882915, 21.589360772922433], [85.39720315622769, 21.589358913301997], [85.39720514467552, 21.589178284026236], [85.39701201288119, 21.589176424199188], [85.39701400154462, 21.58899579493241], [85.39682087000183, 21.588993934907734], [85.39682285888983, 21.58881330564994], [85.39662972760755, 21.588811445409664], [85.39663171671116, 21.58863081617882], [85.39653515120476, 21.588629885982325], [85.39653714040718, 21.5884492567425], [85.39644057501756, 21.58844832650109], [85.39644156966817, 21.588358011885667], [85.39624843903268, 21.58835615124115], [85.39625540228768, 21.587723948978113], [85.39644853209671, 21.587725809559746], [85.39644952670241, 21.587635494935338], [85.39654609155305, 21.587636425140815], [85.39654708609586, 21.58754611051641], [85.3967402156893, 21.5875479707477], [85.39674121011535, 21.58745765610533], [85.39683777485817, 21.58745858613114], [85.3968407579117, 21.58718764220403], [85.397033887056, 21.58718950206701], [85.39703189859918, 21.587370131369717], [85.3971284632971, 21.587371061224854], [85.39712746912258, 21.58746137588519], [85.39703090436178, 21.587460446021073], [85.39702593310298, 21.587912019259882], [85.39692936804573, 21.5879110893239], [85.39692837371851, 21.58800140396627], [85.39683180860739, 21.58800047396741], [85.39683081421728, 21.588090788600795], [85.3969273793823, 21.58809171860864], [85.39692539070091, 21.588272347884402], [85.3971185212915, 21.5882742077384], [85.39711752706309, 21.588364522380772], [85.3976003539393, 21.58836917105457], [85.39759935999835, 21.588459485714907], [85.39769592545085, 21.588460415291564], [85.39769493157277, 21.588550729960886], [85.39779149708815, 21.58855165947466], [85.39779050325501, 21.588641974143982], [85.39827333120918, 21.588646620922333], [85.39827432472792, 21.588556306235045], [85.39837089027924, 21.58855723541644], [85.3983718837351, 21.588466920720172], [85.3981787527762, 21.588465062303477], [85.39818073992147, 21.58828443291992], [85.39798760921411, 21.588282574296613], [85.39799158392687, 21.587921315556446], [85.39779845371358, 21.587919456744494], [85.39780044128106, 21.587738827378903], [85.39760731132829, 21.58773696836034], [85.39760929911137, 21.587556339012714]]], [[[85.39760929911137, 21.587556339012714], [85.39741616942808, 21.587554479787535], [85.39741815742676, 21.587373850457876], [85.39761128687647, 21.58737570966509], [85.39760929911137, 21.587556339012714]]]]}, "id": "+158+213", "properties": {"A00": -0.03723508211781951, "A01": -0.027301155961671115, "A02": 0.1417266962749468, "A03": 0.003178271806748035, "A04": -0.05940428453410649, "A05": -0.018217790904706165, "A06": -0.07691752775207857, "A07": 0.12236686936930438, "A08": 0.01226729059075593, "A09": -0.06323999392844701, "A10": 0.1432458472081692, "A11": -0.04783722436163807, "A12": -0.318433384008163, "A13": 0.03181465293550389, "A14": 0.04729983410772851, "A15": 0.10683433712114994, "A16": -0.09071148516284999, "A17": 0.12442682831097539, "A18": -0.16764981040669888, "A19": -0.14603336838118336, "A20": -0.3811634651439855, "A21": 0.2540707438810736, "A22": 0.17732276733096952, "A23": -0.0019356645082647902, "A24": 0.04234239303161518, "A25": 0.02352310613902316, "A26": 0.10762110383102318, "A27": -0.047649465404944163, "A28": -0.046588311769396, "A29": 0.14997544725341724, "A30": 0.03860330709773232, "A31": 0.12954754111898795, "A32": -0.029394683301898414, "A33": 0.049858254001019627, "A34": 0.05318917982355124, "A35": -0.0922453882569223, "A36": -0.13575747266199673, "A37": 0.1394025540153955, "A38": 0.15339889382360228, "A39": -0.004502141921852297, "A40": 0.0713337534826706, "A41": 0.01008867633806761, "A42": -0.1832959341340735, "A43": 0.22395728928729167, "A44": 0.05728108259519266, "A45": 0.03949944560402069, "A46": -0.02037258609551319, "A47": 0.06441877404353379, "A48": -0.13034725445618692, "A49": 0.01561148221868459, "A50": 0.02955899754054314, "A51": 0.12483852646610563, "A52": 0.021864389150561162, "A53": 0.024170869603908213, "A54": 0.19895822468217664, "A55": -0.02650055074481579, "A56": 0.05051333904441682, "A57": -0.10159802529147653, "A58": -0.11060052159193508, "A59": -0.25215693264828304, "A60": -0.06806746480436078, "A61": -0.059425782717337276, "A62": 0.1451158924092411, "A63": 0.0652567726177876, "area_ha": 5.635684728907879, "centroid_lat": 21.589071306993134, "centroid_lon": 85.39833018024501, "cluster_id": 2, "n_pixels": 564, "perim_m": 2340.1397745701784, "stand_id": 69, "stand_lbl": 67}}, {"type": "Feature", "geometry": {"type": "MultiPolygon", "coordinates": [[[[85.39990502182064, 21.589565557105665], [85.40000158811756, 21.589566485379763], [85.39999960310129, 21.58974711489807], [85.3999030366876, 21.58974618661499], [85.39990502182064, 21.589565557105665]]], [[[85.39990502182064, 21.589565557105665], [85.39971188925378, 21.589563700377806], [85.39971486728572, 21.589292756136278], [85.39952173509614, 21.589290899210788], [85.39952272787826, 21.5892005844696], [85.39894333179461, 21.58919501238159], [85.39894531806851, 21.589014382944136], [85.39913844983589, 21.58901624051641], [85.39914242183573, 21.58865498159658], [85.39894929055345, 21.588653124060237], [85.39895127676448, 21.588472494613796], [85.39875814573372, 21.588470636870838], [85.39876013216033, 21.588290007433383], [85.39866356677072, 21.58828907849453], [85.39866555330515, 21.588108449057074], [85.39856898804129, 21.588107520064323], [85.39857097466555, 21.58792689064483], [85.39934349594989, 21.58793432096089], [85.39934051743285, 21.58820526519343], [85.39943708279552, 21.588206193746007], [85.3994350972223, 21.58838682324635], [85.39953166271071, 21.588387751745024], [85.39952868448114, 21.588658695995534], [85.39962525014924, 21.58865962445828], [85.39962326475568, 21.58884025395862], [85.39971983055851, 21.588841182367464], [85.39971685260741, 21.58911212663594], [85.39981341858991, 21.58911305499987], [85.399811433385, 21.58929368450919], [85.39990799949327, 21.58929461283719], [85.39990502182064, 21.589565557105665]]]]}, "id": "+157+201", "properties": {"A00": -0.0066317612822694525, "A01": -0.021730024370430392, "A02": 0.12934721629625048, "A03": 0.012515111720107233, "A04": -0.07335127165120882, "A05": -0.04551280728585843, "A06": -0.10691025601624035, "A07": 0.14446304589376105, "A08": 0.02998930022547257, "A09": -0.042204799012252596, "A10": 0.15864515212817043, "A11": -0.034182858774865356, "A12": -0.3063194667912305, "A13": 0.009188359047742201, "A14": 0.041193872102083896, "A15": 0.11041399689554755, "A16": -0.04652425490293188, "A17": 0.12269742588734099, "A18": -0.18423038404050138, "A19": -0.162094122199745, "A20": -0.4152753870708285, "A21": 0.2188971961411665, "A22": 0.16296930522905298, "A23": -0.0070077550597519465, "A24": 0.04279963946295909, "A25": 0.045017669609666765, "A26": 0.11184412645804609, "A27": -0.018335324346117635, "A28": -0.0038322834904058137, "A29": 0.17484584726663915, "A30": 0.01329838368185046, "A31": 0.1266888497256407, "A32": 0.011071279307489912, "A33": 0.09882953678772853, "A34": 0.03660833743263168, "A35": -0.1180369381184724, "A36": -0.11766218206970096, "A37": 0.10458872102477568, "A38": 0.15943280880598662, "A39": -0.0041745146041883485, "A40": 0.07455410775065321, "A41": 0.05761451936613701, "A42": -0.17557246365761944, "A43": 0.23798201298833035, "A44": 0.06604193211061518, "A45": 0.001499272650665058, "A46": -0.05791766246831854, "A47": 0.10992411562958199, "A48": -0.12608268494956804, "A49": 0.041902694524381105, "A50": 0.0022630793425308976, "A51": 0.08236359887102142, "A52": 0.03850858169508593, "A53": 0.0290251260065655, "A54": 0.20719470143631027, "A55": -0.046050504003078724, "A56": 0.07489237092384893, "A57": -0.12067461323842896, "A58": -0.08948932029001033, "A59": -0.2268646458707072, "A60": -0.06010638430494908, "A61": -0.07606691703115498, "A62": 0.12100507735598855, "A63": 0.08192726993063632, "area_ha": 1.0830150716535343, "centroid_lat": 21.588640236855944, "centroid_lon": 85.39926151522216, "cluster_id": 2, "n_pixels": 108, "perim_m": 740.044503915263, "stand_id": 70, "stand_lbl": 78}}, {"type": "Feature", "geometry": {"type": "Polygon", "coordinates": [[[85.39093535850397, 21.588485524542246], [85.39093635656818, 21.58839521017835], [85.39103292166135, 21.58839614360878], [85.39103491766402, 21.588215514854042], [85.39122804761679, 21.588217381535237], [85.39123603045962, 21.587494866426454], [85.39142915947815, 21.587496732811204], [85.39143015719203, 21.58740641841138], [85.39181641504942, 21.587410150498158], [85.39181342261747, 21.587681093751538], [85.39219968128336, 21.5876848249939], [85.39219868403661, 21.58777513942966], [85.39239181352227, 21.58777700471847], [85.39240278165543, 21.586783545808334], [85.39220965349031, 21.58678168060936], [85.39221763087139, 21.586059165024473], [85.39212106727841, 21.586058232375578], [85.39212206448923, 21.585967917921852], [85.3922186280283, 21.585968850570747], [85.3922206223062, 21.585788221663297], [85.3923171857285, 21.585789154240324], [85.39231618865244, 21.585879468703034], [85.39260587913495, 21.58588226611971], [85.39260488222956, 21.585972580591402], [85.39279800936163, 21.58597444526037], [85.39279900614125, 21.585884130788678], [85.3930886967046, 21.58588692736094], [85.39308770009566, 21.585977241859577], [85.39318426367966, 21.585978173942536], [85.39318127401452, 21.586249117429475], [85.39327783778717, 21.586250049467516], [85.39327584476692, 21.586430678464797], [85.39337240866533, 21.58643161045792], [85.39337041574389, 21.586612239455206], [85.39356354380122, 21.58661410328874], [85.3935625474438, 21.586704417796366], [85.39365911153983, 21.586705349636773], [85.3936581152453, 21.5867956641444], [85.39375467940422, 21.58679659593091], [85.39375268692297, 21.58697722495514], [85.39394581549233, 21.586979088384435], [85.39393784630388, 21.58770160449933], [85.39384128154309, 21.587700672784685], [85.39384028531144, 21.58779098729231], [85.39355059085838, 21.58778819178006], [85.39354959443808, 21.587878506278702], [85.39325989985927, 21.587875710254412], [85.39325890325033, 21.58796602473509], [85.39296920853675, 21.58796322818978], [85.39296621816196, 21.588234171586887], [85.39286965308675, 21.58823323927935], [85.39286865622628, 21.588323553733076], [85.39277209109719, 21.588322621371642], [85.39277109417382, 21.58841293582537], [85.39238483346877, 21.588409205786746], [85.39238383629389, 21.588499520222506], [85.39199757543612, 21.588495789267604], [85.39199358573947, 21.588857046929792], [85.39209015119197, 21.588857979767333], [85.39208915381047, 21.588948294185126], [85.39199258830408, 21.5889473613386], [85.39198660358393, 21.589489247782478], [85.39189003771821, 21.589488314864088], [85.391889040184, 21.589578629263915], [85.39179247427336, 21.58957769627366], [85.39179147667627, 21.58966801067349], [85.3919846086323, 21.589669876591113], [85.39198261365371, 21.58985050539975], [85.39236887810473, 21.589854236606183], [85.39236688359328, 21.590034865432784], [85.39246344983628, 21.590035798108627], [85.39246245263446, 21.59012611252642], [85.39275215157909, 21.59012891021259], [85.39275314861024, 21.590038595776832], [85.39284971487122, 21.590039528228097], [85.3928507118305, 21.589949213792337], [85.39294727804658, 21.589950146171738], [85.39294827494298, 21.58985983173598], [85.39314140725833, 21.5898616963241], [85.39314340079062, 21.58968106742563], [85.39333653289037, 21.58968293178019], [85.39333752953524, 21.589592617308497], [85.39382035958249, 21.58959727719327], [85.39381637417979, 21.589958535133935], [85.39391294044975, 21.58995946695638], [85.39390995152124, 21.590230410407386], [85.39371681863996, 21.590228546672666], [85.39371482576342, 21.590409175616053], [85.39361825921499, 21.59040824365886], [85.39361726270486, 21.590498558121567], [85.3934241294912, 21.59049669402752], [85.3934251261181, 21.590406379573796], [85.39313542652668, 21.5904035830195], [85.39313642332428, 21.59031326857476], [85.39303985686567, 21.59031233628519], [85.3930388600052, 21.590402650729935], [85.3929422934927, 21.590401718377485], [85.39294129656035, 21.590492032813245], [85.39284472999395, 21.590491100397912], [85.39284373299873, 21.59058141483367], [85.39274716637843, 21.59058048236444], [85.39274816342754, 21.59049016792868], [85.39265159687012, 21.59048923540555], [85.39265059975813, 21.590579549832327], [85.39255403313781, 21.590578617246315], [85.39255303596293, 21.590668931664105], [85.39245646929771, 21.590667999024195], [85.39245547205097, 21.590758313433007], [85.39206920519246, 21.59075458228047], [85.39207120014409, 21.590573953489802], [85.39197463355971, 21.590573020571412], [85.39197662861915, 21.590392391780743], [85.39188006216054, 21.59039145881744], [85.3918820573098, 21.59021083003575], [85.39178549097696, 21.59020989701855], [85.39178748623402, 21.59002926823686], [85.39169092001795, 21.590028335174743], [85.39169291537382, 21.58984770640204], [85.39159634929251, 21.589846773295005], [85.39159834473821, 21.589666144531282], [85.39150177878267, 21.58966521137035], [85.39150377432719, 21.589484582606627], [85.3914072084974, 21.58948364940078], [85.39140920414074, 21.589303020637058], [85.39131263843672, 21.589302087386294], [85.39131463417887, 21.589121458631556], [85.39121806860061, 21.589120525335872], [85.39122006444157, 21.588939896581135], [85.3911234989801, 21.58893896324054], [85.39112649289426, 21.588668020112923], [85.39102992762142, 21.588667086727412], [85.39103192365104, 21.588486457981656], [85.39093535850397, 21.588485524542246]]]}, "id": "+79+213", "properties": {"A00": 0.03289582686744634, "A01": -0.02173379015458635, "A02": 0.08846937348947961, "A03": 0.026902050809231862, "A04": -0.048005844994911125, "A05": -0.034015002578138005, "A06": -0.08955808508628352, "A07": 0.12013630029375191, "A08": -0.03427500101233096, "A09": -0.04761447853348636, "A10": 0.1375351801382947, "A11": 0.04059956811148958, "A12": -0.34459856104437975, "A13": -0.029201393778826253, "A14": 0.05935918840764582, "A15": 0.03483273531983351, "A16": -0.12831093143102926, "A17": 0.14582544784636436, "A18": -0.177999944896328, "A19": 0.014514651812195696, "A20": -0.36392582342179786, "A21": 0.23690176291437165, "A22": 0.14993795829802378, "A23": 0.056787833838446086, "A24": 0.05138701206449452, "A25": -0.04312410089025297, "A26": 0.1410697385757004, "A27": -0.07656291708260823, "A28": -0.0709023043991038, "A29": 0.14008309726185855, "A30": 0.03691702503953484, "A31": 0.16959899075544724, "A32": 0.01767014269154939, "A33": 0.057169047820615077, "A34": 0.021339417641489396, "A35": -0.04309015384426553, "A36": -0.08919415229355686, "A37": -0.012099169713994735, "A38": 0.17785230526314783, "A39": 0.016108988181802984, "A40": -0.03256593140239897, "A41": 0.03682685689296481, "A42": -0.20005675919590019, "A43": 0.2140058441218801, "A44": 0.06956107008249864, "A45": 0.0912590309359359, "A46": 0.060711713995611157, "A47": -0.04617759420500409, "A48": -0.2179816832929032, "A49": 0.009944262918158498, "A50": 0.04059216973738684, "A51": 0.055914833705668285, "A52": 0.014139169998500185, "A53": -0.03179647913212897, "A54": 0.16986259388390845, "A55": -0.07242896837529393, "A56": 0.035824002158133, "A57": -0.11078932471887817, "A58": -0.12661593806182925, "A59": -0.3053147584657894, "A60": -0.09023324064567025, "A61": -0.027188902500471634, "A62": 0.11129671614724775, "A63": -0.0017958981555753306, "area_ha": 7.290254648847472, "centroid_lat": 21.588215548467016, "centroid_lon": 85.39252373149588, "cluster_id": 0, "n_pixels": 729, "perim_m": 2520.144192393177, "stand_id": 71, "stand_lbl": 31}}, {"type": "Feature", "geometry": {"type": "Polygon", "coordinates": [[[85.39683081421728, 21.588090788600795], [85.39683180860739, 21.58800047396741], [85.39692837371851, 21.58800140396627], [85.39692936804573, 21.5879110893239], [85.39702593310298, 21.587912019259882], [85.39703090436178, 21.587460446021073], [85.39712746912258, 21.58746137588519], [85.3971284632971, 21.587371061224854], [85.39703189859918, 21.587370131369717], [85.397033887056, 21.58718950206701], [85.39713045163712, 21.58719043191316], [85.39712945747159, 21.587280746564513], [85.39722602211562, 21.58728167636575], [85.39722502800399, 21.587371991026085], [85.39741815742676, 21.587373850457876], [85.39741616942808, 21.587554479787535], [85.39760929911137, 21.587556339012714], [85.39760731132829, 21.58773696836034], [85.39780044128106, 21.587738827378903], [85.39779845371358, 21.587919456744494], [85.39799158392687, 21.587921315556446], [85.39798760921411, 21.588282574296613], [85.39818073992147, 21.58828443291992], [85.3981787527762, 21.588465062303477], [85.3983718837351, 21.588466920720172], [85.39837089027924, 21.58855723541644], [85.39827432472792, 21.588556306235045], [85.39827333120918, 21.588646620922333], [85.39779050325501, 21.588641974143982], [85.39779149708815, 21.58855165947466], [85.39769493157277, 21.588550729960886], [85.39769592545085, 21.588460415291564], [85.39759935999835, 21.588459485714907], [85.3976003539393, 21.58836917105457], [85.39711752706309, 21.588364522380772], [85.3971185212915, 21.5882742077384], [85.39692539070091, 21.588272347884402], [85.3969273793823, 21.58809171860864], [85.39683081421728, 21.588090788600795]]]}, "id": "+139+189", "properties": {"A00": -0.0428246887687664, "A01": -0.011910274481919607, "A02": 0.11774979694135977, "A03": -0.008058961228989794, "A04": -0.06307451177906093, "A05": 0.011000936261693177, "A06": -0.07109145166953319, "A07": 0.10128588915845806, "A08": 0.017339992291562266, "A09": -0.06831991788399672, "A10": 0.16171895846006026, "A11": -0.04105979421081266, "A12": -0.320996493982433, "A13": 0.03009312977032718, "A14": 0.07049177148027837, "A15": 0.11301878816030933, "A16": -0.08451478446779465, "A17": 0.12053163995840506, "A18": -0.17947253065620627, "A19": -0.14363433199656644, "A20": -0.3764239600087395, "A21": 0.2452721206114691, "A22": 0.17206848513513665, "A23": 0.010585404786654767, "A24": 0.044297950848947866, "A25": 0.02234085124895717, "A26": 0.10927076208075207, "A27": -0.06658555931226234, "A28": -0.050065297318327186, "A29": 0.14582359935078495, "A30": 0.04403477398793767, "A31": 0.1528006403268973, "A32": -0.007962817752876083, "A33": 0.04199531116027796, "A34": 0.07020117271408897, "A35": -0.07390551501851765, "A36": -0.15265230736213897, "A37": 0.13404377601745562, "A38": 0.14639311667258062, "A39": -0.0074113568562055605, "A40": 0.06872738415138646, "A41": -0.003616890437298547, "A42": -0.19016116020846927, "A43": 0.21361658690485527, "A44": 0.060765215372866374, "A45": 0.033310858488299296, "A46": -0.003247259872797291, "A47": 0.05243986925822374, "A48": -0.1294173128557028, "A49": 0.017107427434739437, "A50": 0.04913326358518786, "A51": 0.12664718025725405, "A52": 0.008220260734576311, "A53": 0.03328883850623779, "A54": 0.20169040408633096, "A55": -0.02519967822656388, "A56": 0.06281959830354615, "A57": -0.10722673253175452, "A58": -0.10280189590970007, "A59": -0.26954209510540755, "A60": -0.0860812166924752, "A61": -0.05152486852926871, "A62": 0.16107122595218581, "A63": 0.06311775139680423, "area_ha": 1.1231251761455148, "centroid_lat": 21.588036061968207, "centroid_lon": 85.397512618027, "cluster_id": 2, "n_pixels": 112, "perim_m": 660.0392472426528, "stand_id": 72, "stand_lbl": 62}}, {"type": "Feature", "geometry": {"type": "Polygon", "coordinates": [[[85.39645847797405, 21.58682266328874], [85.39645947252585, 21.586732348655353], [85.39655603678358, 21.586733278815913], [85.39655703127251, 21.586642964182523], [85.39684672387503, 21.586645754313864], [85.39684473523856, 21.586826383616575], [85.39713442824532, 21.586829173271806], [85.39713343410675, 21.586919487932146], [85.39722999850822, 21.58692041770643], [85.39722900441456, 21.587010732375752], [85.39771182682613, 21.587015380447678], [85.39771083302891, 21.587105695134966], [85.3978073975831, 21.587106624585857], [85.39780640383978, 21.587196939273145], [85.39819266236192, 21.58720065652874], [85.39819067534242, 21.587381285939248], [85.398383804864, 21.587383144248143], [85.39838181806907, 21.587563773667632], [85.39847838295563, 21.587564702750218], [85.39847738960756, 21.587655017464453], [85.39857395456599, 21.587655946493136], [85.39857296127182, 21.587746261207375], [85.39924891653774, 21.58775276287204], [85.39924693076689, 21.587933392363396], [85.39857097466555, 21.58792689064483], [85.39856998135342, 21.588017205350084], [85.39847341616144, 21.58801627631242], [85.39847440952747, 21.58792596159818], [85.39828127926926, 21.58792410335217], [85.39828227275207, 21.587833788646915], [85.39818570769482, 21.587832859438567], [85.39818670123154, 21.587742544742298], [85.39799357124282, 21.58774068617289], [85.3979955585498, 21.587560056789332], [85.39760929911137, 21.587556339012714], [85.39761128687647, 21.58737570966509], [85.39722502800399, 21.587371991026085], [85.39722602211562, 21.58728167636575], [85.39712945747159, 21.587280746564513], [85.39713045163712, 21.58719043191316], [85.3968407579117, 21.58718764220403], [85.39684274658411, 21.587007012910302], [85.39664961770033, 21.587005152840707], [85.39665160659732, 21.586824523564946], [85.39645847797405, 21.58682266328874]]]}, "id": "+142+182", "properties": {"A00": -0.0032507965459681203, "A01": -0.03282711216407422, "A02": 0.10808285483028426, "A03": 0.028948117738376865, "A04": -0.07227954924308344, "A05": -0.026087866657415686, "A06": -0.11259680695052741, "A07": 0.143374298442701, "A08": 0.015542353716557773, "A09": -0.049559208251382915, "A10": 0.17998283869673332, "A11": -0.03447822320532881, "A12": -0.3182770632294925, "A13": 0.03306287610381407, "A14": 0.03460896991079882, "A15": 0.10479186129222585, "A16": 0.00029768691958216597, "A17": 0.06398186576848051, "A18": -0.2296939687926376, "A19": -0.13705464305580545, "A20": -0.3730632601842012, "A21": 0.17017130642081613, "A22": 0.17585701498838674, "A23": -0.03916624734266284, "A24": 0.05290611763023408, "A25": 0.05532404660014716, "A26": 0.11732945853203886, "A27": -0.018857873070949178, "A28": -0.012583574489492022, "A29": 0.2141083398732479, "A30": -0.007818922878611252, "A31": 0.12234330810977816, "A32": 0.017415942908934105, "A33": 0.08355279038555359, "A34": 0.026520318033001748, "A35": -0.11685468576049883, "A36": -0.1270455638391213, "A37": 0.10842718990055268, "A38": 0.13625944928553188, "A39": -0.03780865618802285, "A40": 0.061056976089699636, "A41": 0.02283190751427787, "A42": -0.16804984401268835, "A43": 0.26995249621564454, "A44": 0.05926332537869355, "A45": 0.008767532013698363, "A46": -0.04651954334764524, "A47": 0.14205112541447348, "A48": -0.12072351575755459, "A49": 0.025630926699110608, "A50": 0.001930668322622949, "A51": 0.03527486665070406, "A52": 0.05444047206150325, "A53": 0.04552431563997649, "A54": 0.23682594958797465, "A55": -0.06578709752534827, "A56": 0.05480835791458684, "A57": -0.10493013579929812, "A58": -0.05213477807933086, "A59": -0.2222519273386543, "A60": -0.03230695440090201, "A61": -0.09099178425083287, "A62": 0.1378832840947061, "A63": 0.09005060130785936, "area_ha": 1.0729860268621711, "centroid_lat": 21.58736014863848, "centroid_lon": 85.39779242370851, "cluster_id": 2, "n_pixels": 107, "perim_m": 880.0526646134335, "stand_id": 73, "stand_lbl": 64}}, {"type": "Feature", "geometry": {"type": "Polygon", "coordinates": [[[85.39123902393362, 21.58722392324494], [85.39124101956797, 21.587043294445287], [85.3913375837718, 21.587044227651138], [85.39133858152161, 21.58695391324233], [85.39143514567155, 21.586954846385296], [85.39143714102742, 21.586774217567676], [85.39201652534315, 21.586779815185807], [85.39201752265278, 21.586689500750047], [85.39221065068315, 21.58669136616462], [85.39220965349031, 21.58678168060936], [85.39240278165543, 21.586783545808334], [85.39239181352227, 21.58777700471847], [85.39219868403661, 21.58777513942966], [85.39219968128336, 21.5876848249939], [85.39181342261747, 21.587681093751538], [85.39181641504942, 21.587410150498158], [85.39143015719203, 21.58740641841138], [85.39142915947815, 21.587496732811204], [85.39133259496889, 21.58749579965027], [85.39133558826322, 21.587224856450792], [85.39123902393362, 21.58722392324494]]]}, "id": "+78+180", "properties": {"A00": 0.03969419242463614, "A01": -0.014506518747678613, "A02": 0.1191671435640065, "A03": 0.025673668378453852, "A04": -0.05688758702730928, "A05": -0.05994760451914349, "A06": -0.07623830822235407, "A07": 0.12648970181357025, "A08": -0.04326191360085718, "A09": -0.06872066911546393, "A10": 0.11808749767459914, "A11": 0.0431841186435163, "A12": -0.3663858208671703, "A13": -0.033396241817271174, "A14": 0.030122241575400645, "A15": 0.010052421813610461, "A16": -0.13214033452218737, "A17": 0.15898383930975657, "A18": -0.1793725470469776, "A19": 0.038799029529150174, "A20": -0.3428004117102818, "A21": 0.26390373809632744, "A22": 0.15015648941550305, "A23": 0.06022341285350477, "A24": 0.049593362448798736, "A25": -0.05935366450837645, "A26": 0.13230075254265306, "A27": -0.046685902603852504, "A28": -0.07771291304006256, "A29": 0.12423545282134003, "A30": 0.07506020016484678, "A31": 0.17973955343129333, "A32": 0.024165078862085205, "A33": 0.07331175331580318, "A34": -0.0015406149836961656, "A35": -0.03363831928955459, "A36": -0.09113745670576559, "A37": -0.03732955020055277, "A38": 0.17229539182667974, "A39": 0.013604115554488847, "A40": -0.05585960134871713, "A41": 0.044063536971405234, "A42": -0.19193598509376317, "A43": 0.2213421815852931, "A44": 0.06079299906796008, "A45": 0.10803569258711301, "A46": 0.04505757740394388, "A47": -0.04582043226118178, "A48": -0.24741763754274343, "A49": -0.022906142462860046, "A50": 0.017167335783805457, "A51": 0.040581096698534234, "A52": 0.04022759538809821, "A53": -0.040888729515245914, "A54": 0.14769030772000324, "A55": -0.07849569555778262, "A56": 0.015193616784121452, "A57": -0.09808403235861854, "A58": -0.1211542805440801, "A59": -0.29203491641290696, "A60": -0.09318810791616648, "A61": -0.023072693502683282, "A62": 0.08359340482313143, "A63": -0.018717306618186862, "area_ha": 1.0027856475613184, "centroid_lat": 21.58719073446405, "centroid_lon": 85.3919173444858, "cluster_id": 0, "n_pixels": 100, "perim_m": 500.0284986196988, "stand_id": 74, "stand_lbl": 27}}, {"type": "Feature", "geometry": {"type": "Polygon", "coordinates": [[[85.39017881361322, 21.587033025551747], [85.39018180899164, 21.586762082495998], [85.39027837296192, 21.586763016294736], [85.39027937134952, 21.586672701939825], [85.3903759352659, 21.586673635684665], [85.39037793190636, 21.586493006956875], [85.39047449571494, 21.58649394062985], [85.39047649221168, 21.58631331189308], [85.39057305590347, 21.58631424550317], [85.39057605043747, 21.586043302366573], [85.3906726139496, 21.586044235913782], [85.39067361205873, 21.58595392153192], [85.3908667389752, 21.58595578844668], [85.39086574099184, 21.58604610283752], [85.39096230452195, 21.58604703621405], [85.39096130658349, 21.586137350604893], [85.39105787018546, 21.586138283936506], [85.39105288073576, 21.586589855917676], [85.39114944463417, 21.586590789213357], [85.39114645108832, 21.586861732403854], [85.39104988701024, 21.58686079909919], [85.39104888908976, 21.58695111349003], [85.39124201737167, 21.586952980054445], [85.39123902393362, 21.58722392324494], [85.39133558826322, 21.587224856450792], [85.39133259496889, 21.58749579965027], [85.39123603045962, 21.587494866426454], [85.39122804761679, 21.588217381535237], [85.39103491766402, 21.588215514854042], [85.39103292166135, 21.58839614360878], [85.39093635656818, 21.58839521017835], [85.3909373546324, 21.588304895805475], [85.39084078961109, 21.588303962321145], [85.39084278583833, 21.588123333584374], [85.3907462209338, 21.58812240005513], [85.39074821726885, 21.587941771327344], [85.39065165249009, 21.587940837744203], [85.39065364892394, 21.587760209016412], [85.39055708427095, 21.587759275388358], [85.39055908079463, 21.587578646669552], [85.3904625162674, 21.587577712996577], [85.39046451289889, 21.58739708427777], [85.39036794849741, 21.587396150559883], [85.39036994521874, 21.587215521841078], [85.39027338094303, 21.58721458807827], [85.39027537777214, 21.58703395936845], [85.39017881361322, 21.587033025551747]]]}, "id": "+64+187", "properties": {"A00": 0.03501766225099943, "A01": -0.012701511271477605, "A02": 0.16948886430429408, "A03": -0.018124989897990804, "A04": -0.07066753352580256, "A05": -0.07116179388571522, "A06": -0.07432288967214164, "A07": 0.15628328167684644, "A08": -0.004515101079701443, "A09": -0.023434662050035183, "A10": 0.07852876319851919, "A11": 0.009344867737675485, "A12": -0.3293767269471514, "A13": -0.010328647317068966, "A14": 0.00550933579572785, "A15": 0.03645429342029271, "A16": -0.11140110031181508, "A17": 0.13958239709268333, "A18": -0.14255429537768477, "A19": -0.10478791605362545, "A20": -0.3775781923155664, "A21": 0.2782260180624793, "A22": 0.1452261848781724, "A23": -0.0035895377294375415, "A24": 0.0438656318087331, "A25": -0.0036565005237444836, "A26": 0.08634243839378514, "A27": -0.0034249971899964404, "A28": -0.02587962759527611, "A29": 0.1736203013859933, "A30": 0.036002954169468145, "A31": 0.13746696863299895, "A32": -0.04834842680903004, "A33": 0.0898521008229823, "A34": -0.0013251616252037404, "A35": -0.09643889151453525, "A36": -0.10646506499461723, "A37": 0.02089211315302064, "A38": 0.1856168493884736, "A39": -0.011759454641558857, "A40": 0.009532384285535517, "A41": 0.07486569688468564, "A42": -0.19592495875466626, "A43": 0.2331313207672918, "A44": 0.04607807402715481, "A45": 0.053594625988337925, "A46": -0.023697371731244515, "A47": 0.021680808882538653, "A48": -0.2073484982391738, "A49": -0.06371621346603752, "A50": 0.016662349943648996, "A51": 0.06667661087232409, "A52": 0.06316500833822793, "A53": -0.052463899088754734, "A54": 0.1376372163160819, "A55": -0.07647976822484809, "A56": 0.009036802419941875, "A57": -0.04815296295359261, "A58": -0.11683965685300476, "A59": -0.2313946239164769, "A60": -0.06577643708493068, "A61": -0.10573491109462285, "A62": 0.06855694006584725, "A63": 0.023267079181912106, "area_ha": 1.8250682268504566, "centroid_lat": 21.587129940766438, "centroid_lon": 85.39080919124777, "cluster_id": 0, "n_pixels": 183, "perim_m": 800.0450066009839, "stand_id": 75, "stand_lbl": 20}}, {"type": "Feature", "geometry": {"type": "MultiPolygon", "coordinates": [[[[85.39341027022012, 21.582999658737002], [85.39321714696877, 21.582997795011263], [85.39321913971055, 21.5828171659511], [85.39341226271935, 21.58281902965887], [85.39341027022012, 21.582999658737002]]], [[[85.39434999785679, 21.585357152749324], [85.39444656109046, 21.585358084077694], [85.39444456960632, 21.58553871319176], [85.39454113297472, 21.585539644475215], [85.39454013728206, 21.585629959036737], [85.39463670071335, 21.58563089025731], [85.39463570508357, 21.585721204827816], [85.39473226856876, 21.585722136003476], [85.39473127299287, 21.58581245057398], [85.39492440011595, 21.5858143127636], [85.39490946760066, 21.58716903127628], [85.39510259653834, 21.587170893376065], [85.39509662392747, 21.587712780772158], [85.39490349427113, 21.58771091861847], [85.39489951194066, 21.588072176828632], [85.3949960770069, 21.58807310794141], [85.39499508147593, 21.58816342249395], [85.39509164660502, 21.58816435357079], [85.39508866014688, 21.588435297237393], [85.39528179078238, 21.588437159229382], [85.39527980002588, 21.58861778835243], [85.39518323458236, 21.5886168573744], [85.39518223914123, 21.58870717192694], [85.39508567364382, 21.588706240895014], [85.39508467813083, 21.58879655543857], [85.39489154704617, 21.58879469318607], [85.39488557315072, 21.589336580420465], [85.3945958754727, 21.58933378654315], [85.39459487962733, 21.58942410105976], [85.39449831368974, 21.589423169650537], [85.39449532593802, 21.589694113200363], [85.39439875982077, 21.589693181719277], [85.39439377983034, 21.5901447542574], [85.39429721342563, 21.590143822704448], [85.39429621734669, 21.59023413720309], [85.39410308442947, 21.59023227391753], [85.39411105382453, 21.589509757955348], [85.39420761980703, 21.58951068959813], [85.39420961198287, 21.58933006058288], [85.39430617784859, 21.58933099216278], [85.39431215389102, 21.5887891050811], [85.39411902288721, 21.588787241930284], [85.39412499946863, 21.588245354875554], [85.39431812975378, 21.58824721797247], [85.39432609728036, 21.587524701758763], [85.39451922663126, 21.58752656456822], [85.39452320978818, 21.587165306402973], [85.39433008091338, 21.58716344363843], [85.39433705208252, 21.586531241869466], [85.39424048806734, 21.586530310433297], [85.39424148399355, 21.58643999588974], [85.39414492004126, 21.586439064399674], [85.39414890390783, 21.586077806261375], [85.39424546761761, 21.586078737733477], [85.39424447171832, 21.586169052277036], [85.39434103549097, 21.586169983695235], [85.3943400396456, 21.586260298238795], [85.39453316732563, 21.58626216093147], [85.39453416304525, 21.586171846378928], [85.39463072683586, 21.58617277762645], [85.39463172249259, 21.58608246307391], [85.3947282862293, 21.586083394267533], [85.39473027740802, 21.585902765135504], [85.39453715018611, 21.585900902712325], [85.3945391415894, 21.585720273589278], [85.39434601462801, 21.585718410959487], [85.39434999785679, 21.585357152749324]]], [[[85.39341027022012, 21.582999658737002], [85.39360339348045, 21.583001522229175], [85.39359940888622, 21.583362780412386], [85.39379253265858, 21.583364643715917], [85.3937895445116, 21.583635587373536], [85.39388610658644, 21.583636518953437], [85.39388511058836, 21.583726833505978], [85.39398167272606, 21.583727765031977], [85.39397768892236, 21.58408902325112], [85.39417081368288, 21.584090886177357], [85.3941698178375, 21.58418120073888], [85.39407325539436, 21.58418026929373], [85.3940722594861, 21.58427058385525], [85.39416882199212, 21.584271515300404], [85.39416085500454, 21.584994031729707], [85.39425741799566, 21.584994963156895], [85.39425642215927, 21.585085277709435], [85.39435298521326, 21.58508620908272], [85.39434999785679, 21.585357152749324], [85.39415687138948, 21.585355289921903], [85.394158863206, 21.585174660825807], [85.39396573700819, 21.585172797800755], [85.39397370502881, 21.5844502814523], [85.393877142415, 21.584449349881382], [85.39387913449202, 21.584268720794267], [85.39378257200397, 21.584267789178437], [85.39378456417083, 21.584087160100307], [85.39359143945522, 21.58408529672491], [85.39359741655767, 21.5835434094995], [85.3934042925787, 21.583541545944446], [85.39341027022012, 21.582999658737002]]]]}, "id": "+98+207", "properties": {"A00": 0.034238317735666365, "A01": -0.07129836244586014, "A02": 0.15129074089827943, "A03": 0.03582945840835042, "A04": -0.015773638248970673, "A05": -0.043824866389540376, "A06": -0.09994235434656762, "A07": 0.132728613148916, "A08": -0.04192997269013026, "A09": 0.005472737868115551, "A10": 0.08937455872393817, "A11": 0.006654253014013046, "A12": -0.3406013314187382, "A13": 0.013437402126077741, "A14": 0.011285957390663135, "A15": 0.05128485378987001, "A16": -0.10702920138347737, "A17": 0.08189869367753058, "A18": -0.11588938639341609, "A19": -0.06815749250879426, "A20": -0.38034498828486635, "A21": 0.2720332120725583, "A22": 0.22192809561133825, "A23": -0.017640346261587735, "A24": 0.004273622067678055, "A25": 0.012835755336999424, "A26": 0.09762564158214604, "A27": -0.0505982017979871, "A28": -0.039995959879284886, "A29": 0.16373036256036264, "A30": 0.0006642249401420377, "A31": 0.09105462054551307, "A32": -0.020493243705825222, "A33": 0.007480080731094501, "A34": 0.04319783346047557, "A35": -0.09924094823986734, "A36": -0.12761230091850398, "A37": 0.046672094201941246, "A38": 0.13945594561874228, "A39": -0.08683134616068978, "A40": 0.046030562834694776, "A41": 0.03873722315976026, "A42": -0.1929189764698605, "A43": 0.2992444365601862, "A44": 0.061298621883883, "A45": 0.05840237606344977, "A46": -0.0346718773115587, "A47": 0.006558035066924978, "A48": -0.14992931117446368, "A49": 0.031963623672618055, "A50": -0.039709755922359216, "A51": 0.04410902718044384, "A52": 0.007812224122699776, "A53": -0.013180018113766371, "A54": 0.17116538372830226, "A55": -0.10697678024810559, "A56": 0.008261129181645965, "A57": -0.071657175929437, "A58": -0.15857668656513815, "A59": -0.24480665900369536, "A60": -0.0573689573832625, "A61": -0.09811514138871545, "A62": 0.11269120346586932, "A63": 0.021834678676531973, "area_ha": 3.8206217036766734, "centroid_lat": 21.587115421296826, "centroid_lon": 85.39445139159413, "cluster_id": 5, "n_pixels": 382, "perim_m": 2420.1396661341805, "stand_id": 76, "stand_lbl": 41}}, {"type": "Feature", "geometry": {"type": "Polygon", "coordinates": [[[85.39088170816872, 21.58460107243131], [85.39088569975185, 21.58423981478709], [85.39156163618907, 21.584246346653117], [85.3915626336514, 21.584156032208373], [85.3919488829209, 21.58415976345074], [85.3919498801407, 21.58406944898803], [85.39223956696706, 21.584072246826913], [85.3922375728868, 21.584252875770296], [85.3924306977012, 21.58425474073571], [85.39242471603532, 21.584796627601794], [85.39261784158636, 21.58479849238754], [85.39261584790135, 21.58497912134889], [85.39300209955138, 21.58498285029157], [85.39300608596021, 21.58462159228802], [85.3931026486459, 21.584622524361993], [85.39310065557173, 21.58480315337724], [85.39319721838318, 21.584804085406297], [85.3931962219, 21.584894399913924], [85.39329278477433, 21.584895331898064], [85.39329178834505, 21.584985646405688], [85.39338835129125, 21.58498657833593], [85.39338237295811, 21.585528465408625], [85.39347893626363, 21.585529397302935], [85.3934779399242, 21.585619711819543], [85.3935745032926, 21.585620643659954], [85.39357151440002, 21.585891587209776], [85.39366807795707, 21.585892519014255], [85.39366708170745, 21.585982833530863], [85.39376364532738, 21.58598376528144], [85.39375966052654, 21.586345023356856], [85.39385622438903, 21.5863459550715], [85.39385522823822, 21.58643626958811], [85.39395179216358, 21.586437201248856], [85.39394780774003, 21.586798459342237], [85.39404437191692, 21.58679939096705], [85.394042379786, 21.58698002000925], [85.39413894408865, 21.586980951589148], [85.39412499946863, 21.588245354875554], [85.39393186919246, 21.58824349155406], [85.39392788435569, 21.588604749557607], [85.3936381882677, 21.588601954108242], [85.39363719186537, 21.5886922685979], [85.39354062645779, 21.588691336658673], [85.3935396299836, 21.58878165113935], [85.39334649906064, 21.588779787099202], [85.39333653289037, 21.58968293178019], [85.39314340079062, 21.58968106742563], [85.39314140725833, 21.5898616963241], [85.39294827494298, 21.58985983173598], [85.39294727804658, 21.589950146171738], [85.3928507118305, 21.589949213792337], [85.39284971487122, 21.590039528228097], [85.39275314861024, 21.590038595776832], [85.39275215157909, 21.59012891021259], [85.39246245263446, 21.59012611252642], [85.39246344983628, 21.590035798108627], [85.39236688359328, 21.590034865432784], [85.39236887810473, 21.589854236606183], [85.39198261365371, 21.58985050539975], [85.3919846086323, 21.589669876591113], [85.39179147667627, 21.58966801067349], [85.39179247427336, 21.58957769627366], [85.391889040184, 21.589578629263915], [85.39189003771821, 21.589488314864088], [85.39198660358393, 21.589489247782478], [85.39199258830408, 21.5889473613386], [85.39208915381047, 21.588948294185126], [85.39209015119197, 21.588857979767333], [85.39199358573947, 21.588857046929792], [85.39199757543612, 21.588495789267604], [85.39238383629389, 21.588499520222506], [85.39238483346877, 21.588409205786746], [85.39277109417382, 21.58841293582537], [85.39277209109719, 21.588322621371642], [85.39286865622628, 21.588323553733076], [85.39286965308675, 21.58823323927935], [85.39296621816196, 21.588234171586887], [85.39296920853675, 21.58796322818978], [85.39325890325033, 21.58796602473509], [85.39325989985927, 21.587875710254412], [85.39354959443808, 21.587878506278702], [85.39355059085838, 21.58778819178006], [85.39384028531144, 21.58779098729231], [85.39384128154309, 21.587700672784685], [85.39393784630388, 21.58770160449933], [85.39394581549233, 21.586979088384435], [85.39375268692297, 21.58697722495514], [85.39375467940422, 21.58679659593091], [85.3936581152453, 21.5867956641444], [85.39365911153983, 21.586705349636773], [85.3935625474438, 21.586704417796366], [85.39356354380122, 21.58661410328874], [85.39337041574389, 21.586612239455206], [85.39337240866533, 21.58643161045792], [85.39327584476692, 21.586430678464797], [85.39327783778717, 21.586250049467516], [85.39318127401452, 21.586249117429475], [85.39318426367966, 21.585978173942536], [85.39308770009566, 21.585977241859577], [85.3930886967046, 21.58588692736094], [85.39279900614125, 21.585884130788678], [85.39279800936163, 21.58597444526037], [85.39260488222956, 21.585972580591402], [85.39260587913495, 21.58588226611971], [85.39231618865244, 21.585879468703034], [85.3923171857285, 21.585789154240324], [85.3922206223062, 21.585788221663297], [85.3922186280283, 21.585968850570747], [85.39202550095912, 21.58596698521906], [85.39202649822383, 21.585876670774315], [85.3918333712894, 21.585874805216015], [85.3918323739079, 21.585965119651775], [85.39173581038679, 21.585964186778302], [85.39173680783117, 21.585873872351527], [85.39125399062982, 21.58586920718466], [85.39125997697592, 21.585327320695868], [85.39106685084997, 21.58532545429315], [85.3910738355208, 21.584693253404534], [85.39097727288902, 21.58469232015377], [85.39097827073763, 21.584602005735977], [85.39088170816872, 21.58460107243131]]]}, "id": "+82+206", "properties": {"A00": 0.042038469068123786, "A01": -0.033565410449814655, "A02": 0.09320902359544128, "A03": 0.01198020716421996, "A04": -0.04243501352331359, "A05": -0.03518187036963439, "A06": -0.08903947703111693, "A07": 0.11629777543023256, "A08": -0.03501343053234247, "A09": -0.03497443516584787, "A10": 0.13556501800520673, "A11": 0.04056510603815321, "A12": -0.3473867098360484, "A13": -0.02128814769326378, "A14": 0.05658485096387768, "A15": 0.027224589615236685, "A16": -0.13631961320393543, "A17": 0.15679172340257125, "A18": -0.16993904791561115, "A19": 0.005220938147263549, "A20": -0.3675093336527972, "A21": 0.2622464997525913, "A22": 0.1405812003980761, "A23": 0.06297082453300638, "A24": 0.04425418283512339, "A25": -0.051605021477142514, "A26": 0.12435100378688871, "A27": -0.0689212872923872, "A28": -0.06151486121017195, "A29": 0.14263714410105424, "A30": 0.022840893411902027, "A31": 0.14921820808130112, "A32": -0.01367645000447999, "A33": 0.061820177892078144, "A34": 0.022564904663975052, "A35": -0.05198204161128401, "A36": -0.09526006836465795, "A37": -0.005581484677067946, "A38": 0.18600701086978977, "A39": 0.018598198259027407, "A40": -0.026263543291910857, "A41": 0.046402709183066125, "A42": -0.19815696929630197, "A43": 0.21473685708231022, "A44": 0.053452230042149974, "A45": 0.08920879857487293, "A46": 0.06054973821119427, "A47": -0.06318061487926786, "A48": -0.21657415999403995, "A49": 0.0028175868080112954, "A50": 0.04509848825968602, "A51": 0.0717287792759998, "A52": 0.015655749584158288, "A53": -0.044541017061630224, "A54": 0.16361652283441205, "A55": -0.06658764968984061, "A56": 0.020692976884419068, "A57": -0.10548204415160907, "A58": -0.1347007564043376, "A59": -0.3025613267467212, "A60": -0.09594323949942396, "A61": -0.032103863112661724, "A62": 0.12112404112819494, "A63": 0.007162297948599682, "area_ha": 7.851816877254087, "centroid_lat": 21.586837131640014, "centroid_lon": 85.39260613077886, "cluster_id": 0, "n_pixels": 785, "perim_m": 2640.1512565663643, "stand_id": 77, "stand_lbl": 34}}, {"type": "Feature", "geometry": {"type": "Polygon", "coordinates": [[[85.39646046708663, 21.586642034021963], [85.39647041233515, 21.585738887625194], [85.3966635395301, 21.585740747802586], [85.39666552827437, 21.585560118490893], [85.39724490924836, 21.585565697612715], [85.39724292121375, 21.58574632696932], [85.39840168516498, 21.585757479275095], [85.39840069185286, 21.5858477940073], [85.39849725560754, 21.585848723009033], [85.39849427584184, 21.586119667196662], [85.39859083978516, 21.586120596153478], [85.39858885336753, 21.58630122562687], [85.39868541742763, 21.58630215452979], [85.39868243794041, 21.586573098735382], [85.39877900218916, 21.586574027602367], [85.39877701596018, 21.58675465707576], [85.3988735803347, 21.58675558589783], [85.39887060113493, 21.587026530112407], [85.39896716568911, 21.587027458889562], [85.39896418661512, 21.587298403104136], [85.39906075135795, 21.587299331836377], [85.39905876540743, 21.58747996131875], [85.39915533027602, 21.587480890006074], [85.39915235148051, 21.587751834229632], [85.39857296127182, 21.587746261207375], [85.39857395456599, 21.587655946493136], [85.39847738960756, 21.587655017464453], [85.39847838295563, 21.587564702750218], [85.39838181806907, 21.587563773667632], [85.398383804864, 21.587383144248143], [85.39819067534242, 21.587381285939248], [85.39819266236192, 21.58720065652874], [85.39780640383978, 21.587196939273145], [85.3978073975831, 21.587106624585857], [85.39771083302891, 21.587105695134966], [85.39771182682613, 21.587015380447678], [85.39722900441456, 21.587010732375752], [85.39722999850822, 21.58692041770643], [85.39713343410675, 21.586919487932146], [85.39713442824532, 21.586829173271806], [85.39684473523856, 21.586826383616575], [85.39684672387503, 21.586645754313864], [85.39646046708663, 21.586642034021963]]]}, "id": "+148+179", "properties": {"A00": 0.04260035527856156, "A01": -0.08314649732823787, "A02": 0.10874647210885774, "A03": 0.069400072565039, "A04": -0.0382037330392272, "A05": -0.09036387055662755, "A06": -0.13655322382325688, "A07": 0.19531624194842337, "A08": 0.031538125798105256, "A09": 0.0001463427003561805, "A10": 0.11278456271595184, "A11": -0.010425127608414903, "A12": -0.327963069209538, "A13": 0.03277102593583823, "A14": -0.0010837411678008082, "A15": 0.0786138879754056, "A16": -0.007257406473223549, "A17": 0.029480100693724, "A18": -0.1620494271030679, "A19": -0.1304425171955887, "A20": -0.2832524269309354, "A21": 0.16314424925600265, "A22": 0.2538645265628017, "A23": -0.07623413395497505, "A24": 0.03693552240776111, "A25": 0.07021447207772404, "A26": 0.0962687338312752, "A27": 0.020039957560987646, "A28": 0.016313794144491096, "A29": 0.2021939875007509, "A30": 0.02346130618993238, "A31": 0.058474118202057224, "A32": 0.03724735142192584, "A33": 0.03549059508703032, "A34": 0.006382070638205414, "A35": -0.1387218171443324, "A36": -0.16700749910498652, "A37": 0.06928363699647573, "A38": 0.14887068635537185, "A39": -0.08343766213122937, "A40": 0.05288758256889497, "A41": 0.023677169075737622, "A42": -0.16946740226916138, "A43": 0.32551417386779785, "A44": 0.03976566125867522, "A45": -0.04381005503004099, "A46": -0.09916404700330685, "A47": 0.22086898644971684, "A48": -0.09578710585879058, "A49": 0.004968707287798508, "A50": -0.020482035063584456, "A51": -0.005457179630791702, "A52": 0.0675753969236474, "A53": 0.04012110710577462, "A54": 0.21311462619816302, "A55": -0.11261709329752136, "A56": 0.020289785340072093, "A57": -0.03358710868494701, "A58": -0.08476217699635365, "A59": -0.17924581887594526, "A60": 0.004664102991309609, "A61": -0.13417143212278554, "A62": 0.055878065285681656, "A63": 0.07973075790547615, "area_ha": 3.7905492472558806, "centroid_lat": 21.586527929988616, "centroid_lon": 85.3977877055711, "cluster_id": 5, "n_pixels": 379, "perim_m": 1040.0620303365608, "stand_id": 78, "stand_lbl": 63}}, {"type": "Feature", "geometry": {"type": "Polygon", "coordinates": [[[85.39104888908976, 21.58695111349003], [85.39104988701024, 21.58686079909919], [85.39114645108832, 21.586861732403854], [85.3911504424738, 21.58650047481353], [85.39124700631831, 21.586501408046328], [85.39125399062982, 21.58586920718466], [85.39173680783117, 21.585873872351527], [85.39173581038679, 21.585964186778302], [85.3918323739079, 21.585965119651775], [85.3918333712894, 21.585874805216015], [85.39202649822383, 21.585876670774315], [85.39202550095912, 21.58596698521906], [85.39212206448923, 21.585967917921852], [85.39212106727841, 21.586058232375578], [85.39221763087139, 21.586059165024473], [85.39221065068315, 21.58669136616462], [85.39201752265278, 21.586689500750047], [85.39201652534315, 21.586779815185807], [85.39143714102742, 21.586774217567676], [85.39143514567155, 21.586954846385296], [85.39133858152161, 21.58695391324233], [85.3913375837718, 21.587044227651138], [85.39124101956797, 21.587043294445287], [85.39124201737167, 21.586952980054445], [85.39104888908976, 21.58695111349003]]]}, "id": "+67+172", "properties": {"A00": 0.029559166341725916, "A01": -0.022198620732733747, "A02": 0.1307710705116011, "A03": -0.018092588509881425, "A04": -0.06945790711238434, "A05": -0.057386445094312614, "A06": -0.07092235460818364, "A07": 0.12072563706267708, "A08": -0.033870054669567266, "A09": -0.04728676766579244, "A10": 0.0893428568887541, "A11": 0.03360067156980077, "A12": -0.35341429001037744, "A13": -0.02176334253655022, "A14": 0.030795613222529935, "A15": 0.015857350009461275, "A16": -0.14095106941035696, "A17": 0.1762729878562232, "A18": -0.1752700136222245, "A19": 0.010138481788859241, "A20": -0.34085391180719576, "A21": 0.3004698577607848, "A22": 0.13149678554318323, "A23": 0.0654556545214512, "A24": 0.05229239268271773, "A25": -0.07342726570567149, "A26": 0.11053002662234056, "A27": -0.014484421668466274, "A28": -0.06693116720796226, "A29": 0.12087092705547603, "A30": 0.06575805203553255, "A31": 0.16371665444539604, "A32": -0.010243789185063721, "A33": 0.07379708767402235, "A34": -0.007638580948345116, "A35": -0.05304833620550622, "A36": -0.0984014189026437, "A37": -0.010015394995823358, "A38": 0.1781391197840773, "A39": 0.02571006208567114, "A40": -0.057697050833714715, "A41": 0.0482357902591875, "A42": -0.18508129454969963, "A43": 0.20968013278903755, "A44": 0.04472715933894605, "A45": 0.11917867040363284, "A46": 0.047013308515067166, "A47": -0.05968300480651215, "A48": -0.25087524638185094, "A49": -0.042466769028827435, "A50": 0.04648791673563873, "A51": 0.0826610567062651, "A52": 0.04946742473577455, "A53": -0.0734004127885184, "A54": 0.14293067611042382, "A55": -0.05180203398406153, "A56": 0.005039950516563755, "A57": -0.07243501210731437, "A58": -0.1301071459260743, "A59": -0.27590170303847267, "A60": -0.10314022367014385, "A61": -0.03651204860016757, "A62": 0.0838215306149457, "A63": -0.013349727583261568, "area_ha": 1.0529248771204283, "centroid_lat": 21.58638369318397, "centroid_lon": 85.39166173612848, "cluster_id": 0, "n_pixels": 105, "perim_m": 520.0295614632594, "stand_id": 79, "stand_lbl": 25}}, {"type": "Feature", "geometry": {"type": "MultiPolygon", "coordinates": [[[[85.39417081368288, 21.584090886177357], [85.39436393847033, 21.584092748879016], [85.39436194701315, 21.584273378020026], [85.39455507206112, 21.584275240515073], [85.39455308082852, 21.584455869665067], [85.39445651817876, 21.584454938435513], [85.39445452680242, 21.584635567567542], [85.39455108956895, 21.58463649880608], [85.39454511567351, 21.585178386220136], [85.3947382419342, 21.585180248580436], [85.39473625083635, 21.58536087772145], [85.39492937735756, 21.585362739875134], [85.39492738647529, 21.585543369034113], [85.39502394987065, 21.58554430003909], [85.39502195908719, 21.58572492919807], [85.39511852259932, 21.585725860149147], [85.39511255048254, 21.58626774764405], [85.39520911436298, 21.58626867856818], [85.39520811904761, 21.58635899314767], [85.39530468299094, 21.586359924017902], [85.39530169720653, 21.586630867774335], [85.39549482547046, 21.586632729371065], [85.3954918399915, 21.586903673145468], [85.39558840431211, 21.586904603871968], [85.39558740920336, 21.586994918469422], [85.39568397358686, 21.586995849142024], [85.3956809884133, 21.58726679292541], [85.39577755297645, 21.587267723562075], [85.39577655796651, 21.587358038159532], [85.39587312260154, 21.5873589687423], [85.39587113268946, 21.587539597937212], [85.39606426221104, 21.58754145895902], [85.39606227251456, 21.587722088162916], [85.39625540228768, 21.587723948978113], [85.3962514233169, 21.588085207421834], [85.3960582930587, 21.58808334657969], [85.39606028280011, 21.587902717375794], [85.39586715279343, 21.587900856327035], [85.39586914275043, 21.587720227132124], [85.39528975360177, 21.58771464269228], [85.3952867675838, 21.5879855864038], [85.3953833326051, 21.58798651730098], [85.39538134201928, 21.588167146441993], [85.39499508147593, 21.58816342249395], [85.3949960770069, 21.58807310794141], [85.39489951194066, 21.588072176828632], [85.39490349427113, 21.58771091861847], [85.39509662392747, 21.587712780772158], [85.39510259653834, 21.587170893376065], [85.39490946760066, 21.58716903127628], [85.39492440011595, 21.5858143127636], [85.39473127299287, 21.58581245057398], [85.39473226856876, 21.585722136003476], [85.39463570508357, 21.585721204827816], [85.39463670071335, 21.58563089025731], [85.39454013728206, 21.585629959036737], [85.39454113297472, 21.585539644475215], [85.39444456960632, 21.58553871319176], [85.39444656109046, 21.585358084077694], [85.39434999785679, 21.585357152749324], [85.39435298521326, 21.58508620908272], [85.39425642215927, 21.585085277709435], [85.39425741799566, 21.584994963156895], [85.39416085500454, 21.584994031729707], [85.39416882199212, 21.584271515300404], [85.3940722594861, 21.58427058385525], [85.39407325539436, 21.58418026929373], [85.3941698178375, 21.58418120073888], [85.39417081368288, 21.584090886177357]]], [[[85.39417081368288, 21.584090886177357], [85.39397768892236, 21.58408902325112], [85.39398167272606, 21.583727765031977], [85.39388511058836, 21.583726833505978], [85.39388610658644, 21.583636518953437], [85.3937895445116, 21.583635587373536], [85.39379253265858, 21.583364643715917], [85.39359940888622, 21.583362780412386], [85.39360239733863, 21.583091836781716], [85.39379552075167, 21.583093700058296], [85.39379452472663, 21.583184014610836], [85.39389108649603, 21.583184946172768], [85.39389009052489, 21.583275260734293], [85.39398665235717, 21.583276192242327], [85.39398466052269, 21.583456821365374], [85.39408122248075, 21.58345775282849], [85.3940802266174, 21.583548067390016], [85.39417678863833, 21.583548998799234], [85.39417081368288, 21.584090886177357]]]]}, "id": "+109+184", "properties": {"A00": -0.020639159283303527, "A01": -0.040883152710265686, "A02": 0.1692706958428402, "A03": 0.010734924500819061, "A04": -0.04054950810703536, "A05": -0.022739798975928753, "A06": -0.0888022082995977, "A07": 0.1296812995098689, "A08": -0.004361734289452618, "A09": -0.03919879231285663, "A10": 0.11461430158160973, "A11": -0.0355156002193033, "A12": -0.32488619002874364, "A13": 0.03849600263793466, "A14": 0.03672912786927685, "A15": 0.08470282047523037, "A16": -0.1143645058296241, "A17": 0.11544409429534673, "A18": -0.1377894728934164, "A19": -0.1380923591954919, "A20": -0.3995075351743028, "A21": 0.2772343708472726, "A22": 0.1793237096171979, "A23": 0.00948587477866076, "A24": 0.0212940266488754, "A25": 0.023713304758433484, "A26": 0.08278557719074686, "A27": -0.04882207142298218, "A28": -0.03779654443718808, "A29": 0.13764349488428892, "A30": 0.028897990732580276, "A31": 0.11469953862210708, "A32": -0.04604669238987502, "A33": 0.04072229048586237, "A34": 0.06490684791410445, "A35": -0.09796734789995139, "A36": -0.13705472636076985, "A37": 0.13809406108881114, "A38": 0.14241371822631918, "A39": -0.034826049726137724, "A40": 0.060779364897565885, "A41": 0.024931729852475402, "A42": -0.1791251149896621, "A43": 0.24756045748539698, "A44": 0.06281907923978312, "A45": 0.04932975832218465, "A46": -0.03514591145390668, "A47": 0.036501069513704354, "A48": -0.12879584660316726, "A49": 0.023237701788856174, "A50": 0.0031723896073833436, "A51": 0.10969733779904799, "A52": 0.015099550538660902, "A53": 0.008406213400371792, "A54": 0.18517781906564368, "A55": -0.052259526864130615, "A56": 0.036795256866526876, "A57": -0.09833546199395536, "A58": -0.13410796574026043, "A59": -0.2379703667952541, "A60": -0.08388582511710166, "A61": -0.07141229326947962, "A62": 0.14283544075967064, "A63": 0.03694107359785825, "area_ha": 2.486915425251008, "centroid_lat": 21.586159780736537, "centroid_lon": 85.39494473564133, "cluster_id": 4, "n_pixels": 249, "perim_m": 1860.107921167407, "stand_id": 80, "stand_lbl": 44}}, {"type": "Feature", "geometry": {"type": "MultiPolygon", "coordinates": [[[[85.38895345510657, 21.584311451541293], [85.38905001738802, 21.584312385950884], [85.3890490183626, 21.584402700278847], [85.3893387054405, 21.584405503202195], [85.38933770658576, 21.584495817548124], [85.38953083144509, 21.5844976858912], [85.38952983270714, 21.58458800023713], [85.38962639520417, 21.58458893433231], [85.38962539651114, 21.58467924867824], [85.38972195908005, 21.58468018271952], [85.38971896316264, 21.584951125784254], [85.39049146530388, 21.584958596192124], [85.39049046713187, 21.585048910582966], [85.39058702998824, 21.585049844130175], [85.39058603187013, 21.585140158521018], [85.39068259478039, 21.585141092023314], [85.3906726139496, 21.586044235913782], [85.39057605043747, 21.586043302366573], [85.39057305590347, 21.58631424550317], [85.39047649221168, 21.58631331189308], [85.39047449571494, 21.58649394062985], [85.39037793190636, 21.586493006956875], [85.3903759352659, 21.586673635684665], [85.39027937134952, 21.586672701939825], [85.39027837296192, 21.586763016294736], [85.39008524503035, 21.586761148634377], [85.39008724203912, 21.586580519933538], [85.38999067819461, 21.586579586027003], [85.3899926753022, 21.58639895733515], [85.38989611159244, 21.586398023374713], [85.38989810879885, 21.58621739468286], [85.38980154520586, 21.58621646068649], [85.38980354251107, 21.586035831994636], [85.38970697904386, 21.58603489794437], [85.38970897644789, 21.585854269261496], [85.38961241310643, 21.585853335166316], [85.38961441060928, 21.585672706492428], [85.3895178473936, 21.585671772343346], [85.38951984500424, 21.585491143669458], [85.38942328190534, 21.585490209484444], [85.38942527960582, 21.585309580810552], [85.38932871664166, 21.58530864657164], [85.38933071444094, 21.585128017906737], [85.38923415160255, 21.585127083622908], [85.38923714844522, 21.58485614063004], [85.38914058578648, 21.584855206301295], [85.38914258377442, 21.584674577645373], [85.38904602124146, 21.58467364326273], [85.3890480193282, 21.584493014606807], [85.38895145692099, 21.584492080188234], [85.38895345510657, 21.584311451541293]]], [[[85.38895345510657, 21.584311451541293], [85.38885689282513, 21.58431051706882], [85.38885789196732, 21.58422020274984], [85.38895445418588, 21.58422113721333], [85.38895345510657, 21.584311451541293]]]]}, "id": "+56+169", "properties": {"A00": 0.029495312103215952, "A01": -0.03381145520663265, "A02": 0.1873455718857912, "A03": 0.013981547449437436, "A04": -0.04509736672284789, "A05": -0.056496471938585174, "A06": -0.07935471481294627, "A07": 0.17760653571344845, "A08": 0.0017792081042917857, "A09": -0.011209846528916177, "A10": 0.09966443520953823, "A11": -0.01615052547968897, "A12": -0.32546197903830143, "A13": 0.04234894837858513, "A14": -0.0018308362096839366, "A15": 0.07833871831544097, "A16": -0.06372202281596341, "A17": 0.09901681911629227, "A18": -0.13984458592860635, "A19": -0.148087230111776, "A20": -0.36981144806556093, "A21": 0.2624336218357784, "A22": 0.2047881174106951, "A23": -0.049091206266018976, "A24": 0.021106952505416415, "A25": 0.02344494327806624, "A26": 0.08985760545617115, "A27": 0.012998493587963919, "A28": -0.009129077498844536, "A29": 0.17706613208535882, "A30": 0.012943162853590989, "A31": 0.08937038085358112, "A32": -0.05372366079931435, "A33": 0.06844926233786167, "A34": 0.019528969076923197, "A35": -0.12712812846967583, "A36": -0.12258692979387441, "A37": 0.09148146121910926, "A38": 0.1341891592775693, "A39": -0.08804475284571242, "A40": 0.04517359598832519, "A41": 0.05531226732649333, "A42": -0.17653173902702393, "A43": 0.27946452027504204, "A44": 0.0439139045475433, "A45": 0.045826142438488246, "A46": -0.07514810200567663, "A47": 0.10524338567493817, "A48": -0.13921693131032545, "A49": -0.028299596955014283, "A50": -0.05005002892857001, "A51": 0.03492164579419169, "A52": 0.051914388447356685, "A53": -0.01603839455940176, "A54": 0.19112275650619476, "A55": -0.08062492491842924, "A56": 0.0004342502542901509, "A57": -0.054403157922773115, "A58": -0.08132034780548443, "A59": -0.19851119087361466, "A60": -0.02852182157854763, "A61": -0.11795565119059996, "A62": 0.12938926270241669, "A63": 0.032802672867983496, "area_ha": 2.2462367597760684, "centroid_lat": 21.585506420610955, "centroid_lon": 85.38997365756242, "cluster_id": 4, "n_pixels": 225, "perim_m": 940.0526115044355, "stand_id": 81, "stand_lbl": 14}}, {"type": "Feature", "geometry": {"type": "Polygon", "coordinates": [[[85.39398466052269, 21.583456821365374], [85.39399262775282, 21.58273430485522], [85.39418575072568, 21.582736167655693], [85.39418475495218, 21.58282648223518], [85.39437787806877, 21.582828344820058], [85.3943748910986, 21.58309928856751], [85.3945680145835, 21.583101150945772], [85.39456701904355, 21.583191465534245], [85.39476014267218, 21.5831933277059], [85.39476113809535, 21.583103013108442], [85.39514738518194, 21.583106736769025], [85.39513643781781, 21.584100197466803], [85.39523300026096, 21.584101128283137], [85.39523200508033, 21.584191442889576], [85.39532856758636, 21.58419237366099], [85.39532458702557, 21.58455363209573], [85.39542114977414, 21.58455456282223], [85.39542015468335, 21.58464487743765], [85.39551671750378, 21.584645808110253], [85.39551472742102, 21.584826437341096], [85.3957078533134, 21.58482829854257], [85.3957038735611, 21.585189557022222], [85.39589699995655, 21.58519141803505], [85.395895010287, 21.585372047283858], [85.39608813693398, 21.58537390809007], [85.39607818949358, 21.586277054361076], [85.39627131736226, 21.58627891503254], [85.39626733871489, 21.586640173539145], [85.39646046708663, 21.586642034021963], [85.39645847797405, 21.58682266328874], [85.39665160659732, 21.586824523564946], [85.39664961770033, 21.587005152840707], [85.39684274658411, 21.587007012910302], [85.39683777485817, 21.58745858613114], [85.39674121011535, 21.58745765610533], [85.3967402156893, 21.5875479707477], [85.39654708609586, 21.58754611051641], [85.39654609155305, 21.587636425140815], [85.39644952670241, 21.587635494935338], [85.39644853209671, 21.587725809559746], [85.39606227251456, 21.587722088162916], [85.39606426221104, 21.58754145895902], [85.39587113268946, 21.587539597937212], [85.39587312260154, 21.5873589687423], [85.39577655796651, 21.587358038159532], [85.39577755297645, 21.587267723562075], [85.3956809884133, 21.58726679292541], [85.39568397358686, 21.586995849142024], [85.39558740920336, 21.586994918469422], [85.39558840431211, 21.586904603871968], [85.3954918399915, 21.586903673145468], [85.39549482547046, 21.586632729371065], [85.39530169720653, 21.586630867774335], [85.39530468299094, 21.586359924017902], [85.39520811904761, 21.58635899314767], [85.39520911436298, 21.58626867856818], [85.39511255048254, 21.58626774764405], [85.39511852259932, 21.585725860149147], [85.39502195908719, 21.58572492919807], [85.39502394987065, 21.58554430003909], [85.39492738647529, 21.585543369034113], [85.39492937735756, 21.585362739875134], [85.39473625083635, 21.58536087772145], [85.3947382419342, 21.585180248580436], [85.39454511567351, 21.585178386220136], [85.39455108956895, 21.58463649880608], [85.39445452680242, 21.584635567567542], [85.39445651817876, 21.584454938435513], [85.39455308082852, 21.584455869665067], [85.39455507206112, 21.584275240515073], [85.39436194701315, 21.584273378020026], [85.39436393847033, 21.584092748879016], [85.39417081368288, 21.584090886177357], [85.39417678863833, 21.583548998799234], [85.3940802266174, 21.583548067390016], [85.39408122248075, 21.58345775282849], [85.39398466052269, 21.583456821365374]]]}, "id": "+120+179", "properties": {"A00": -0.036845327527380366, "A01": -0.024128055468685735, "A02": 0.1513023146598539, "A03": -0.0035684276705227613, "A04": -0.06195678506802168, "A05": -0.03460729450690212, "A06": -0.0911543340263485, "A07": 0.13190241857636253, "A08": 0.032616675344043874, "A09": -0.06482889655305775, "A10": 0.14968607885305799, "A11": -0.038284199607254876, "A12": -0.31493975007455494, "A13": 0.03247842883176619, "A14": 0.05917251481990236, "A15": 0.10458712017314283, "A16": -0.08965273493787541, "A17": 0.15200138419488612, "A18": -0.173779149052615, "A19": -0.17137597310700414, "A20": -0.39294575255564684, "A21": 0.2551594340972653, "A22": 0.14699998670428865, "A23": 0.01976439844968812, "A24": 0.03738419202487413, "A25": 0.02199066235548034, "A26": 0.09116705934815346, "A27": -0.0391824934134296, "A28": -0.015471690338444949, "A29": 0.14994077219416396, "A30": 0.038066291902570555, "A31": 0.11974478011372845, "A32": -0.035333601535844576, "A33": 0.08320582625999683, "A34": 0.051517949760197995, "A35": -0.10873653705224627, "A36": -0.11932223969430678, "A37": 0.15741469521036183, "A38": 0.17574902882684326, "A39": 0.02213508572147922, "A40": 0.061198380877732154, "A41": 0.030072916504940896, "A42": -0.17658050436710937, "A43": 0.19879448966367175, "A44": 0.04731403627980932, "A45": 0.01136488052806661, "A46": -0.03276295335114652, "A47": 0.08769542418236512, "A48": -0.1174573661588821, "A49": 0.024489084722659277, "A50": 0.034933593324786454, "A51": 0.1353062982752491, "A52": 0.02286162027502025, "A53": 0.010784534920431318, "A54": 0.2011696680761751, "A55": -0.011043491054280492, "A56": 0.05869804980148095, "A57": -0.12266291325182285, "A58": -0.11115087926841673, "A59": -0.23321847687812008, "A60": -0.08066323482243809, "A61": -0.057065624000200384, "A62": 0.14058961363278405, "A63": 0.06547066652921193, "area_ha": 5.4351157645386845, "centroid_lat": 21.585311052883853, "centroid_lon": 85.39534154251915, "cluster_id": 4, "n_pixels": 544, "perim_m": 1740.1013132800435, "stand_id": 82, "stand_lbl": 48}}, {"type": "Feature", "geometry": {"type": "MultiPolygon", "coordinates": [[[[85.39412499946863, 21.588245354875554], [85.39413894408865, 21.586980951589148], [85.394042379786, 21.58698002000925], [85.39404437191692, 21.58679939096705], [85.39394780774003, 21.586798459342237], [85.39395179216358, 21.586437201248856], [85.39385522823822, 21.58643626958811], [85.39385622438903, 21.5863459550715], [85.39375966052654, 21.586345023356856], [85.39376364532738, 21.58598376528144], [85.39366708170745, 21.585982833530863], [85.39366807795707, 21.585892519014255], [85.39357151440002, 21.585891587209776], [85.3935745032926, 21.585620643659954], [85.3934779399242, 21.585619711819543], [85.39347893626363, 21.585529397302935], [85.39338237295811, 21.585528465408625], [85.39338835129125, 21.58498657833593], [85.39329178834505, 21.584985646405688], [85.39329278477433, 21.584895331898064], [85.3931962219, 21.584894399913924], [85.39319721838318, 21.584804085406297], [85.39310065557173, 21.58480315337724], [85.3931026486459, 21.584622524361993], [85.39300608596021, 21.58462159228802], [85.39300209955138, 21.58498285029157], [85.39261584790135, 21.58497912134889], [85.39261784158636, 21.58479849238754], [85.39242471603532, 21.584796627601794], [85.3924306977012, 21.58425474073571], [85.3922375728868, 21.584252875770296], [85.39223956696706, 21.584072246826913], [85.3919498801407, 21.58406944898803], [85.3919488829209, 21.58415976345074], [85.3915626336514, 21.584156032208373], [85.39156163618907, 21.584246346653117], [85.39088569975185, 21.58423981478709], [85.39088170816872, 21.58460107243131], [85.39097827073763, 21.584602005735977], [85.39097727288902, 21.58469232015377], [85.3910738355208, 21.584693253404534], [85.39106685084997, 21.58532545429315], [85.39125997697592, 21.585327320695868], [85.39124700631831, 21.586501408046328], [85.3911504424738, 21.58650047481353], [85.39114944463417, 21.586590789213357], [85.39105288073576, 21.586589855917676], [85.39106285949143, 21.585686711919408], [85.39096629619489, 21.585685778614742], [85.39096928990244, 21.585414835415264], [85.39087272679456, 21.585413902065685], [85.39087771649578, 21.584962330057568], [85.39078115369331, 21.584961396672053], [85.39078215167667, 21.58487108227223], [85.39068558893709, 21.584870148841798], [85.3906905790785, 21.584418576842666], [85.39059401664434, 21.584417643376305], [85.39059601278176, 21.58423701457665], [85.39011320127572, 21.584232346445347], [85.39011519799703, 21.584051717681625], [85.38972894935635, 21.584047982199213], [85.38973094653582, 21.583867353471426], [85.38953782249395, 21.583865485415807], [85.38953981988003, 21.583684856697005], [85.38944325798485, 21.583683922592837], [85.38944425674077, 21.583593608237926], [85.38934769490848, 21.583592674079863], [85.389350691302, 21.583321731024114], [85.38915756801472, 21.583319862573237], [85.3891615636133, 21.582958605180544], [85.38974093210072, 21.582964209769603], [85.38973893502906, 21.583144838515356], [85.39012518127123, 21.58314857382709], [85.39012318465772, 21.583329202608777], [85.39050943146583, 21.583332937058124], [85.39050843338366, 21.58342325145795], [85.39089468051516, 21.583426985026954], [85.39091363850702, 21.581711010828375], [85.39129988117391, 21.581714743175667], [85.39129788615939, 21.581895372092102], [85.39149100776682, 21.581897237946848], [85.39149001036735, 21.58198755241854], [85.39158657123845, 21.58198848526506], [85.39158557390186, 21.58207879972777], [85.39187525672175, 21.582081597952932], [85.39187326238095, 21.58226222691428], [85.39196982344967, 21.58226315954521], [85.3919678292167, 21.58244378851554], [85.39206439041118, 21.582444721101552], [85.39206239626803, 21.582625350071886], [85.39225551890851, 21.58262721510018], [85.39225352498994, 21.582807844079497], [85.39244664789095, 21.58280970890118], [85.39244266047601, 21.58317096688676], [85.39263578387109, 21.583172831519796], [85.39263279361307, 21.58344377501572], [85.39282591739442, 21.583445639451128], [85.39282492074955, 21.58353595395875], [85.39301804466564, 21.58353781817856], [85.39301405851734, 21.58389907623601], [85.3932071829365, 21.58390094025819], [85.39320319717446, 21.5842621983336], [85.39339632209666, 21.58426406217612], [85.39339432942676, 21.58444469121832], [85.39349089201362, 21.58444562306771], [85.39348989572807, 21.584535937593305], [85.3935864583868, 21.584536869379814], [85.39358546215516, 21.58462718391439], [85.39368202487678, 21.584628115655985], [85.39368003252127, 21.58480874471615], [85.39377659535967, 21.584809676412828], [85.39377061853571, 21.585351563602305], [85.39396374494912, 21.585353426878886], [85.3939617528721, 21.585534055948035], [85.394154879555, 21.58553591900902], [85.39414492004126, 21.586439064399674], [85.39424148399355, 21.58643999588974], [85.39424048806734, 21.586530310433297], [85.39433705208252, 21.586531241869466], [85.39433008091338, 21.58716344363843], [85.39452320978818, 21.587165306402973], [85.39451922663126, 21.58752656456822], [85.39432609728036, 21.587524701758763], [85.39431812975378, 21.58824721797247], [85.39412499946863, 21.588245354875554]]], [[[85.39412499946863, 21.588245354875554], [85.39411902288721, 21.588787241930284], [85.39431215389102, 21.5887891050811], [85.39430617784859, 21.58933099216278], [85.39420961198287, 21.58933006058288], [85.39420761980703, 21.58951068959813], [85.39411105382453, 21.589509757955348], [85.39410507680294, 21.590051644938214], [85.39391194414624, 21.590049781437056], [85.39391294044975, 21.58995946695638], [85.39381637417979, 21.589958535133935], [85.39382035958249, 21.58959727719327], [85.39333752953524, 21.589592617308497], [85.39334649906064, 21.588779787099202], [85.3935396299836, 21.58878165113935], [85.39354062645779, 21.588691336658673], [85.39363719186537, 21.5886922685979], [85.3936381882677, 21.588601954108242], [85.39392788435569, 21.588604749557607], [85.39393186919246, 21.58824349155406], [85.39412499946863, 21.588245354875554]]]]}, "id": "+96+205", "properties": {"A00": 0.04690049372716102, "A01": -0.04454438733894923, "A02": 0.14035768688921055, "A03": 0.004336066047527484, "A04": -0.03503417465868635, "A05": -0.041036640577776576, "A06": -0.08507953556606017, "A07": 0.12940276697590106, "A08": -0.04725418974344812, "A09": -0.005681417868337643, "A10": 0.10365632987729302, "A11": 0.032398445303583163, "A12": -0.3433962471224138, "A13": -0.003322519800819294, "A14": 0.017747284741917096, "A15": 0.02693872959602543, "A16": -0.13041873899105585, "A17": 0.12907495062808622, "A18": -0.13024082456465402, "A19": -0.02691462234827125, "A20": -0.38453458472363394, "A21": 0.29910512866238265, "A22": 0.17162419710950724, "A23": 0.025629538740940025, "A24": 0.033602349467639105, "A25": -0.035320734764043, "A26": 0.10012198111055481, "A27": -0.03793983470883019, "A28": -0.052008379443378, "A29": 0.1552726292852809, "A30": -0.003496457835289597, "A31": 0.12101635262342175, "A32": -0.04036461265176988, "A33": 0.05495986676128732, "A34": 0.024390624675943398, "A35": -0.08185155983733353, "A36": -0.10856649380478918, "A37": 0.004995919288941059, "A38": 0.1523971104741649, "A39": -0.033746083709712923, "A40": -0.004806044635884851, "A41": 0.06149216885811567, "A42": -0.18795516963232245, "A43": 0.2625160883314407, "A44": 0.04027315085739448, "A45": 0.10187424910523053, "A46": 0.007195340478989612, "A47": -0.05742399743488277, "A48": -0.18457144045705268, "A49": -0.004493105451317508, "A50": 0.0007039837020096269, "A51": 0.06644669144179961, "A52": 0.03555051105168255, "A53": -0.056294496061535505, "A54": 0.15058282582031962, "A55": -0.08896093659419926, "A56": -0.0013702907799595535, "A57": -0.08014998912728259, "A58": -0.1453466577484645, "A59": -0.26996362374360927, "A60": -0.08594048637040308, "A61": -0.06675241670241873, "A62": 0.11516965825446704, "A63": 0.010320279631360034, "area_ha": 9.917556014815489, "centroid_lat": 21.584691387167297, "centroid_lon": 85.39210466806924, "cluster_id": 0, "n_pixels": 992, "perim_m": 3980.2267303039434, "stand_id": 83, "stand_lbl": 29}}, {"type": "Feature", "geometry": {"type": "Polygon", "coordinates": [[[85.38885789196732, 21.58422020274984], [85.38885989024271, 21.584039574093918], [85.38914957656603, 21.584042377304726], [85.38915157446412, 21.583861748621857], [85.38944126047302, 21.58386455130266], [85.38944225923792, 21.58377423694775], [85.38953882118699, 21.583775171060896], [85.38953782249395, 21.583865485415807], [85.38973094653582, 21.583867353471426], [85.38972894935635, 21.584047982199213], [85.39011519799703, 21.584051717681625], [85.39011320127572, 21.584232346445347], [85.39059601278176, 21.58423701457665], [85.39059401664434, 21.584417643376305], [85.3906905790785, 21.584418576842666], [85.39068558893709, 21.584870148841798], [85.39078215167667, 21.58487108227223], [85.39078115369331, 21.584961396672053], [85.39087771649578, 21.584962330057568], [85.39087272679456, 21.585413902065685], [85.39096928990244, 21.585414835415264], [85.39096629619489, 21.585685778614742], [85.39106285949143, 21.585686711919408], [85.39105787018546, 21.586138283936506], [85.39096130658349, 21.586137350604893], [85.39096230452195, 21.58604703621405], [85.39086574099184, 21.58604610283752], [85.3908667389752, 21.58595578844668], [85.39067361205873, 21.58595392153192], [85.39068259478039, 21.585141092023314], [85.39058603187013, 21.585140158521018], [85.39058702998824, 21.585049844130175], [85.39049046713187, 21.585048910582966], [85.39049146530388, 21.584958596192124], [85.38971896316264, 21.584951125784254], [85.38972195908005, 21.58468018271952], [85.38962539651114, 21.58467924867824], [85.38962639520417, 21.58458893433231], [85.38952983270714, 21.58458800023713], [85.38953083144509, 21.5844976858912], [85.38933770658576, 21.584495817548124], [85.3893387054405, 21.584405503202195], [85.3890490183626, 21.584402700278847], [85.38905001738802, 21.584312385950884], [85.38895345510657, 21.584311451541293], [85.38895445418588, 21.58422113721333], [85.38885789196732, 21.58422020274984]]]}, "id": "+64+162", "properties": {"A00": 0.03734993560128375, "A01": -0.08280036015848334, "A02": 0.13070327996152456, "A03": 0.057611520987153934, "A04": -0.02414876978475151, "A05": -0.10336646558321529, "A06": -0.09153353020457393, "A07": 0.18969861767120946, "A08": -0.0028364511665915537, "A09": -0.014743818723002042, "A10": 0.08629984875358489, "A11": -0.002838731644692142, "A12": -0.3586888674115095, "A13": 0.03173698697841636, "A14": -0.008868266267734577, "A15": 0.038748238370405134, "A16": -0.0702465564309617, "A17": 0.07778747244135004, "A18": -0.12434770834030394, "A19": -0.10829028707228654, "A20": -0.3016261228892738, "A21": 0.21516852555790505, "A22": 0.2419430492384896, "A23": -0.05141724708513366, "A24": 0.02959535635120388, "A25": 0.04908704626700478, "A26": 0.09146068206643089, "A27": -0.002699202891112326, "A28": -0.0035916734274936877, "A29": 0.1677304578045577, "A30": 0.027415902251491604, "A31": 0.06581328173962162, "A32": -0.019856121348130355, "A33": 0.030624391567016452, "A34": 0.021891263416710643, "A35": -0.12877750336564997, "A36": -0.12180576369892028, "A37": 0.06855168855881955, "A38": 0.17734813987215162, "A39": -0.09750231362366657, "A40": 0.03236405655979384, "A41": 0.011361390951006268, "A42": -0.17135388928966225, "A43": 0.32988007136831166, "A44": 0.03469061960271038, "A45": 0.009371932341023247, "A46": -0.07388515166382027, "A47": 0.128136233218508, "A48": -0.14384088271429235, "A49": -0.003413944349881553, "A50": -0.0466732273571033, "A51": 0.01937487941474662, "A52": 0.05155287595168106, "A53": 0.016838196378670456, "A54": 0.19600861341547143, "A55": -0.10553643291929297, "A56": -0.023438719180169803, "A57": -0.03640653031704527, "A58": -0.11245899346103116, "A59": -0.2069770574839697, "A60": -0.0066642351321557014, "A61": -0.12579039158805913, "A62": 0.07069755466040686, "A63": 0.038006215808124924, "area_ha": 1.7749285849440393, "centroid_lat": 21.584653739125592, "centroid_lon": 85.39007444286833, "cluster_id": 5, "n_pixels": 177, "perim_m": 980.0551061323567, "stand_id": 84, "stand_lbl": 17}}, {"type": "Feature", "geometry": {"type": "Polygon", "coordinates": [[[85.39283090053794, 21.58299406690402], [85.39283289376482, 21.582813437870804], [85.39321913971055, 21.5828171659511], [85.39321714696877, 21.582997795011263], [85.39341027022012, 21.582999658737002], [85.3934042925787, 21.583541545944446], [85.39359741655767, 21.5835434094995], [85.39359143945522, 21.58408529672491], [85.39378456417083, 21.584087160100307], [85.39378257200397, 21.584267789178437], [85.39387913449202, 21.584268720794267], [85.393877142415, 21.584449349881382], [85.39397370502881, 21.5844502814523], [85.39396573700819, 21.585172797800755], [85.394158863206, 21.585174660825807], [85.39415687138948, 21.585355289921903], [85.39434999785679, 21.585357152749324], [85.39434601462801, 21.585718410959487], [85.3945391415894, 21.585720273589278], [85.39453715018611, 21.585900902712325], [85.39473027740802, 21.585902765135504], [85.3947282862293, 21.586083394267533], [85.39463172249259, 21.58608246307391], [85.39463072683586, 21.58617277762645], [85.39453416304525, 21.586171846378928], [85.39453316732563, 21.58626216093147], [85.3943400396456, 21.586260298238795], [85.39434103549097, 21.586169983695235], [85.39424447171832, 21.586169052277036], [85.39424546761761, 21.586078737733477], [85.39414890390783, 21.586077806261375], [85.394154879555, 21.58553591900902], [85.3939617528721, 21.585534055948035], [85.39396374494912, 21.585353426878886], [85.39377061853571, 21.585351563602305], [85.39377659535967, 21.584809676412828], [85.39368003252127, 21.58480874471615], [85.39368202487678, 21.584628115655985], [85.39358546215516, 21.58462718391439], [85.3935864583868, 21.584536869379814], [85.39348989572807, 21.584535937593305], [85.39349089201362, 21.58444562306771], [85.39339432942676, 21.58444469121832], [85.39339632209666, 21.58426406217612], [85.39320319717446, 21.5842621983336], [85.3932071829365, 21.58390094025819], [85.39301405851734, 21.58389907623601], [85.39302402374437, 21.58299593106993], [85.39283090053794, 21.58299406690402]]]}, "id": "+100+163", "properties": {"A00": 0.0418479292114269, "A01": -0.08729020806897748, "A02": 0.14182416301958728, "A03": 0.060512136021784846, "A04": 0.006435070232203167, "A05": -0.08171235290477866, "A06": -0.10677235250797903, "A07": 0.1399142175516258, "A08": -0.046875856222573335, "A09": 0.0019612145355078813, "A10": 0.075458305235093, "A11": -0.003705391469106006, "A12": -0.3583068409858962, "A13": 0.020106424197348954, "A14": -0.018715112560808832, "A15": 0.03274573639889405, "A16": -0.09489308909059055, "A17": 0.05152386319612155, "A18": -0.11755875930421858, "A19": -0.06455267272396929, "A20": -0.34919180439707254, "A21": 0.2729993988166051, "A22": 0.23131273839359429, "A23": -0.03550176538956647, "A24": -0.0032012254005164458, "A25": 0.03645006989631216, "A26": 0.0827930522289935, "A27": -0.043865867379876605, "A28": -0.02704868942299446, "A29": 0.1590154308687229, "A30": 0.019889143261950976, "A31": 0.05534435645456216, "A32": -0.026312327422688964, "A33": -0.0011861718880529976, "A34": 0.04736795876899185, "A35": -0.11535662802446117, "A36": -0.1351032738011161, "A37": 0.06077669025802262, "A38": 0.15638476190513975, "A39": -0.10450723800960925, "A40": 0.06213034892263925, "A41": 0.03987399977981565, "A42": -0.16679294454430704, "A43": 0.33257430176490954, "A44": 0.04768554768325434, "A45": 0.03297211997842564, "A46": -0.062031712058145484, "A47": 0.047756270205211664, "A48": -0.14407032203158382, "A49": 0.029995283159464866, "A50": -0.06610983128095689, "A51": 0.03073791316112481, "A52": 0.03236634871341341, "A53": 0.02004962289966734, "A54": 0.16952038449504386, "A55": -0.11783919008876981, "A56": -0.016142469978032085, "A57": -0.06847832716594443, "A58": -0.17477831984099326, "A59": -0.21852374796436985, "A60": -0.039120966309742176, "A61": -0.1030154089639001, "A62": 0.08204403159744256, "A63": 0.04793411524594395, "area_ha": 1.5543208102519788, "centroid_lat": 21.58444599729472, "centroid_lon": 85.39368060626809, "cluster_id": 5, "n_pixels": 155, "perim_m": 1160.0667316536912, "stand_id": 85, "stand_lbl": 37}}, {"type": "Feature", "geometry": {"type": "MultiPolygon", "coordinates": [[[[85.39726280059861, 21.583940033196622], [85.39687655089793, 21.583936314306094], [85.39687555674138, 21.58402662899338], [85.39677899427129, 21.584025699129263], [85.39677998849072, 21.58393538445096], [85.39639373889783, 21.58393166444652], [85.39639274443586, 21.584021979106858], [85.39648930688797, 21.584022909195554], [85.39647836816565, 21.585016370441306], [85.39638180505776, 21.58501544029871], [85.39638081054188, 21.585105754950067], [85.39647737370368, 21.58510668509266], [85.3964763792417, 21.585196999744017], [85.39628325279236, 21.585195139395942], [85.3962802690022, 21.585466083314078], [85.39618370560686, 21.585465153045718], [85.39618271093828, 21.585555467679107], [85.39608614748903, 21.58555453735685], [85.39608813693398, 21.58537390809007], [85.395895010287, 21.585372047283858], [85.39589699995655, 21.58519141803505], [85.3957038735611, 21.585189557022222], [85.3957078533134, 21.58482829854257], [85.39551472742102, 21.584826437341096], [85.39551671750378, 21.584645808110253], [85.39542015468335, 21.58464487743765], [85.39542114977414, 21.58455456282223], [85.39532458702557, 21.58455363209573], [85.39532856758636, 21.58419237366099], [85.39523200508033, 21.584191442889576], [85.39523300026096, 21.584101128283137], [85.39513643781781, 21.584100197466803], [85.39513942353037, 21.583829253647487], [85.39523598579383, 21.583830184454836], [85.3952349906222, 21.583920499070256], [85.39533155294856, 21.583921429823707], [85.39532956271307, 21.58410205904557], [85.39571581254852, 21.584105781547326], [85.39571979204929, 21.58374452302275], [85.39591291652235, 21.58374638390083], [85.39591689545719, 21.583385125331343], [85.39582033345422, 21.58338419493722], [85.39582232301596, 21.58320356565248], [85.39572576113876, 21.583202635204454], [85.39572675596904, 21.583112320571068], [85.39591987960667, 21.58311418138626], [85.39592087431117, 21.58302386673491], [85.39621055961938, 21.583026657539982], [85.39620956509452, 21.583116972200322], [85.3964992506363, 21.583119762502342], [85.39649825628213, 21.583210077180645], [85.39669138012636, 21.583211937115493], [85.39669038588897, 21.583302251793796], [85.39688350986795, 21.583304111513048], [85.39688052747917, 21.583575055574908], [85.39707365184442, 21.58357691509653], [85.39707166380084, 21.58375754448009], [85.39726478841763, 21.5837594037951], [85.39726280059861, 21.583940033196622]]], [[[85.39735836917268, 21.58403127747853], [85.3974549316787, 21.58403220701027], [85.3974539378725, 21.584122521715525], [85.39735737531258, 21.584121592183784], [85.39735836917268, 21.58403127747853]]], [[[85.39726280059861, 21.583940033196622], [85.39735936303276, 21.58394096277328], [85.39735836917268, 21.58403127747853], [85.39726180667563, 21.58403034789289], [85.39726280059861, 21.583940033196622]]]]}, "id": "+117+155", "properties": {"A00": -0.013914183883057728, "A01": -0.03268283333785431, "A02": 0.14824139836120237, "A03": 0.0036045510956231324, "A04": -0.06237673681255552, "A05": -0.058337803312356926, "A06": -0.10102705515845939, "A07": 0.13870576605914173, "A08": 0.032054425357138594, "A09": -0.04765793548401429, "A10": 0.16186762624738035, "A11": -0.02668573997781605, "A12": -0.31942263072049665, "A13": 0.022106342413185914, "A14": 0.04968378362281906, "A15": 0.08610599469507811, "A16": -0.0858770718137831, "A17": 0.15463058139514602, "A18": -0.16822758164259186, "A19": -0.17933926502212996, "A20": -0.38561886961545655, "A21": 0.2475856103995913, "A22": 0.1493184763510003, "A23": 0.015044372782224098, "A24": 0.029431851066807003, "A25": 0.04064048603828425, "A26": 0.08512067677844605, "A27": -0.022129538143881515, "A28": 0.0016166652856998312, "A29": 0.16655635140489283, "A30": 0.031500128429034525, "A31": 0.11950793333280807, "A32": -0.025703263169113918, "A33": 0.10421655519964161, "A34": 0.039490396552162056, "A35": -0.10405954157928986, "A36": -0.11051420785741752, "A37": 0.1236839007626481, "A38": 0.18971612895061168, "A39": 0.027646275717510993, "A40": 0.06770782252762474, "A41": 0.03758227552771837, "A42": -0.1705719525406378, "A43": 0.21068959237295973, "A44": 0.04109060205271775, "A45": -0.018179815771092497, "A46": -0.046649997418728856, "A47": 0.09426917488315495, "A48": -0.13965936661334752, "A49": 0.013376475759590365, "A50": 0.025697695872255736, "A51": 0.1224784138315382, "A52": 0.038140363513830385, "A53": 0.013916813483622725, "A54": 0.18681945408785827, "A55": -0.03333944371060204, "A56": 0.0475403476825041, "A57": -0.10333161557626953, "A58": -0.11428895413538587, "A59": -0.231730699939736, "A60": -0.08974036988020201, "A61": -0.05408884553692935, "A62": 0.119220581964982, "A63": 0.0713684047443006, "area_ha": 2.6473649400848736, "centroid_lat": 21.584154818556197, "centroid_lon": 85.39615350787435, "cluster_id": 4, "n_pixels": 265, "perim_m": 1240.072878913569, "stand_id": 86, "stand_lbl": 56}}, {"type": "Feature", "geometry": {"type": "MultiPolygon", "coordinates": [[[[85.39646046708663, 21.586642034021963], [85.39655703127251, 21.586642964182523], [85.39655603678358, 21.586733278815913], [85.39645947252585, 21.586732348655353], [85.39646046708663, 21.586642034021963]]], [[[85.39646046708663, 21.586642034021963], [85.39626733871489, 21.586640173539145], [85.39627131736226, 21.58627891503254], [85.39607818949358, 21.586277054361076], [85.39608614748903, 21.58555453735685], [85.39618271093828, 21.585555467679107], [85.39618370560686, 21.585465153045718], [85.3962802690022, 21.585466083314078], [85.39628325279236, 21.585195139395942], [85.3964763792417, 21.585196999744017], [85.39647737370368, 21.58510668509266], [85.39638081054188, 21.585105754950067], [85.39638180505776, 21.58501544029871], [85.39647836816565, 21.585016370441306], [85.39648930688797, 21.584022909195554], [85.39639274443586, 21.584021979106858], [85.39639373889783, 21.58393166444652], [85.39677998849072, 21.58393538445096], [85.39677899427129, 21.584025699129263], [85.39687555674138, 21.58402662899338], [85.39687655089793, 21.583936314306094], [85.39726280059861, 21.583940033196622], [85.39726478841763, 21.5837594037951], [85.39707166380084, 21.58375754448009], [85.39707365184442, 21.58357691509653], [85.39688052747917, 21.583575055574908], [85.39688350986795, 21.583304111513048], [85.39669038588897, 21.583302251793796], [85.39669138012636, 21.583211937115493], [85.39649825628213, 21.583210077180645], [85.3964992506363, 21.583119762502342], [85.39620956509452, 21.583116972200322], [85.39621055961938, 21.583026657539982], [85.39592087431117, 21.58302386673491], [85.39591987960667, 21.58311418138626], [85.39572675596904, 21.583112320571068], [85.39572576113876, 21.583202635204454], [85.39582232301596, 21.58320356565248], [85.39582033345422, 21.58338419493722], [85.39591689545719, 21.583385125331343], [85.39591291652235, 21.58374638390083], [85.39571979204929, 21.58374452302275], [85.39571581254852, 21.584105781547326], [85.39532956271307, 21.58410205904557], [85.39533155294856, 21.583921429823707], [85.3952349906222, 21.583920499070256], [85.39523598579383, 21.583830184454836], [85.39513942353037, 21.583829253647487], [85.39514738518194, 21.583106736769025], [85.39476113809535, 21.583103013108442], [85.39476014267218, 21.5831933277059], [85.39456701904355, 21.583191465534245], [85.3945680145835, 21.583101150945772], [85.3943748910986, 21.58309928856751], [85.39437787806877, 21.582828344820058], [85.39418475495218, 21.58282648223518], [85.39418575072568, 21.582736167655693], [85.39408918923476, 21.582735236282407], [85.39409018505319, 21.5826449217119], [85.39399362363413, 21.582643990293697], [85.39399760710545, 21.58228273201167], [85.39361136241736, 21.58227900582682], [85.39361235851426, 21.582188691265298], [85.3935157974186, 21.582187759586585], [85.3935167935694, 21.582097445034044], [85.39342023253661, 21.58209651330143], [85.39342421731051, 21.581735255100252], [85.39323109573901, 21.58173339150028], [85.39323308833706, 21.581552762404183], [85.39303996702607, 21.581550898597598], [85.3930419598487, 21.581370269519468], [85.39362132312588, 21.58137586022057], [85.39361933102191, 21.5815564893526], [85.39458493809785, 21.581565802798004], [85.39458394263875, 21.58165611739546], [85.39468050343797, 21.58165704843637], [85.39467950803277, 21.581747363051793], [85.39525887327726, 21.581752948147408], [85.39525787823139, 21.581843262780797], [85.39535443918332, 21.581844193435433], [85.39535344418236, 21.58193450806882], [85.39670529889287, 21.58194753146652], [85.39670331056182, 21.58212816085906], [85.39689643298671, 21.582130020461527], [85.39689543892898, 21.58222033516678], [85.3969920002133, 21.582221264887167], [85.39699001220563, 21.582401894297675], [85.39708657360673, 21.582402823973148], [85.39708359173898, 21.58267376809789], [85.39718015332872, 21.582674697728446], [85.39717816550971, 21.582855327147936], [85.39727472722521, 21.582856256733578], [85.39727174563593, 21.58312720085832], [85.39736830754009, 21.583128130399043], [85.39736532608556, 21.58339907453277], [85.39746188816937, 21.583400004037564], [85.39745990061985, 21.583580633457053], [85.39755646282943, 21.58358156291693], [85.39755348165338, 21.58385250705964], [85.3976500440516, 21.583853436465617], [85.39764805669074, 21.58403406589409], [85.39774461921472, 21.584034995264133], [85.39774163831714, 21.584305939415827], [85.3978382010208, 21.58430686873197], [85.39783621385756, 21.58448749816943], [85.39793277667799, 21.584488427440657], [85.39792979606788, 21.584759371610318], [85.39802635907695, 21.58476030083663], [85.39802437210236, 21.58494093028307], [85.3981209352372, 21.584941859464468], [85.39811795490557, 21.58521280363413], [85.39821451822905, 21.58521373277061], [85.39821253143413, 21.585394362226033], [85.39830909488337, 21.5853952913176], [85.39830611483022, 21.585666235496245], [85.39840267845914, 21.585667164542894], [85.39840168516498, 21.585757479275095], [85.39724292121375, 21.58574632696932], [85.39724490924836, 21.585565697612715], [85.39666552827437, 21.585560118490893], [85.3966635395301, 21.585740747802586], [85.39647041233515, 21.585738887625194], [85.39646046708663, 21.586642034021963]], [[85.39735836917268, 21.58403127747853], [85.39735737531258, 21.584121592183784], [85.3974539378725, 21.584122521715525], [85.3974549316787, 21.58403220701027], [85.39735836917268, 21.58403127747853]], [[85.39735836917268, 21.58403127747853], [85.39735936303276, 21.58394096277328], [85.39726280059861, 21.583940033196622], [85.39726180667563, 21.58403034789289], [85.39735836917268, 21.58403127747853]]]]}, "id": "+121+168", "properties": {"A00": 0.006174459256023009, "A01": -0.0486915816909552, "A02": 0.1574972269639969, "A03": 0.009360940633876014, "A04": -0.05430286040363126, "A05": -0.07649800215793887, "A06": -0.10001103515469906, "A07": 0.1527887522123187, "A08": 0.011436807722798916, "A09": -0.023745774270762538, "A10": 0.12496596814007901, "A11": -0.0126069788739983, "A12": -0.32241493806393345, "A13": 0.00816433390769055, "A14": 0.014446001305188808, "A15": 0.06674181309037423, "A16": -0.10326991937095728, "A17": 0.15026265179954018, "A18": -0.13547325830596169, "A19": -0.1482899735140788, "A20": -0.39563137258367126, "A21": 0.28385895047175513, "A22": 0.16745869809587077, "A23": 0.006339979579082987, "A24": 0.033641728760979636, "A25": 0.02535248530551712, "A26": 0.08238496272842641, "A27": -0.0012296301834889846, "A28": -0.006180188455317374, "A29": 0.1567257853473083, "A30": 0.025821062420627667, "A31": 0.10628306444215403, "A32": -0.041682421387988736, "A33": 0.10091868742398859, "A34": 0.02805272105274642, "A35": -0.11461075821937308, "A36": -0.09938992593860356, "A37": 0.0826645516973751, "A38": 0.19109579708177934, "A39": 0.0006532122292186044, "A40": 0.0602337195259368, "A41": 0.06308729570632363, "A42": -0.1662332970775137, "A43": 0.24143750479969328, "A44": 0.03226713480283846, "A45": 0.009781934931621623, "A46": -0.056176611788388994, "A47": 0.05773435472560859, "A48": -0.1574519343253964, "A49": 0.0006319243107749765, "A50": -0.006449415487241904, "A51": 0.10809499532058477, "A52": 0.060427261916106964, "A53": -0.006385916478833216, "A54": 0.16376126907496327, "A55": -0.05021413505047617, "A56": 0.03338694304221752, "A57": -0.08709462989545773, "A58": -0.1373187011406706, "A59": -0.22982908414775474, "A60": -0.0812145121012894, "A61": -0.07083836924520885, "A62": 0.09253432742108907, "A63": 0.061282705177826885, "area_ha": 9.777200428363674, "centroid_lat": 21.58349558844827, "centroid_lon": 85.39605994391813, "cluster_id": 4, "n_pixels": 978, "perim_m": 3040.178752936273, "stand_id": 87, "stand_lbl": 53}}, {"type": "Feature", "geometry": {"type": "Polygon", "coordinates": [[[85.3882895129301, 21.583221137445037], [85.38829051236874, 21.58313082313504], [85.3883870738417, 21.583131757885994], [85.38839307002435, 21.58258987199009], [85.38848963114697, 21.582590806660193], [85.38848763255716, 21.582771435307134], [85.38858419380554, 21.582772369923337], [85.38858219531454, 21.582952998570278], [85.38867875668869, 21.58295393315055], [85.3886777574926, 21.58304424747851], [85.38877431892962, 21.583045181995903], [85.38877331979641, 21.583135496332847], [85.38896644279623, 21.583137365214913], [85.38896744181265, 21.58304705087797], [85.38906400326765, 21.583047985233662], [85.38906300431411, 21.583138299570606], [85.389159565823, 21.583139233881383], [85.38915756801472, 21.583319862573237], [85.389350691302, 21.583321731024114], [85.38934769490848, 21.583592674079863], [85.38944425674077, 21.583593608237926], [85.38944325798485, 21.583683922592837], [85.38953981988003, 21.583684856697005], [85.38953882118699, 21.583775171060896], [85.38944225923792, 21.58377423694775], [85.38944126047302, 21.58386455130266], [85.38915157446412, 21.583861748621857], [85.38914957656603, 21.584042377304726], [85.38885989024271, 21.584039574093918], [85.38885889110053, 21.584129888421877], [85.38876232894485, 21.58412895390449], [85.38876432732805, 21.583948325266533], [85.38866776529812, 21.583947390695243], [85.38866976378014, 21.58376676206627], [85.388573201867, 21.583765827450065], [85.38857520044783, 21.58358519882109], [85.38847863866945, 21.58358426415997], [85.38848063734909, 21.583403635531], [85.38838407568748, 21.583402700824962], [85.38838607446594, 21.583222072195987], [85.3882895129301, 21.583221137445037]]]}, "id": "+41+140", "properties": {"A00": 0.005207134275833387, "A01": -0.044289209930256195, "A02": 0.17995625149983102, "A03": 0.00917361591868059, "A04": -0.0468141096766867, "A05": -0.04602701925781806, "A06": -0.08996147781656177, "A07": 0.177152938940128, "A08": -0.000680704015223852, "A09": -0.016352739688713144, "A10": 0.11177415433096474, "A11": -0.021053465043653883, "A12": -0.31339184603282555, "A13": 0.04511513658683897, "A14": 0.022921300532577876, "A15": 0.09236781472781637, "A16": -0.06240342513016565, "A17": 0.07907333222561408, "A18": -0.16270864585308192, "A19": -0.15935122085912806, "A20": -0.36604132869471717, "A21": 0.24505062264045782, "A22": 0.18982886408461594, "A23": -0.044468672277421344, "A24": 0.02521437754082604, "A25": 0.03938350820240252, "A26": 0.09089046752190202, "A27": 0.0026527574049240604, "A28": -0.009421310378204078, "A29": 0.1858381991778758, "A30": 0.013838211128701101, "A31": 0.08799072402979934, "A32": -0.05247599138874025, "A33": 0.07253440745614745, "A34": 0.025523940988521183, "A35": -0.12295944752715589, "A36": -0.11537332124801203, "A37": 0.10365754472603725, "A38": 0.14348020710148984, "A39": -0.06533189911598504, "A40": 0.05818408611354439, "A41": 0.05681900488062038, "A42": -0.1739829435101355, "A43": 0.2802158453131728, "A44": 0.03775904436626513, "A45": 0.027828420977204577, "A46": -0.061308136734124045, "A47": 0.12391868228623744, "A48": -0.13353026202844884, "A49": -0.02625888755112614, "A50": -0.038322749014005154, "A51": 0.03731479393538218, "A52": 0.06124382748999611, "A53": -0.012876144063490191, "A54": 0.2005953435700039, "A55": -0.06784180747908866, "A56": 0.0016474543840108396, "A57": -0.07166782235682084, "A58": -0.08540961832978913, "A59": -0.1979339433125228, "A60": -0.030840881260554898, "A61": -0.12018620884435799, "A62": 0.1420263099388732, "A63": 0.03999554151392757, "area_ha": 0.9626723003091753, "centroid_lat": 21.583465672684635, "centroid_lon": 85.38886322150222, "cluster_id": 4, "n_pixels": 96, "perim_m": 620.0344495188332, "stand_id": 88, "stand_lbl": 14}}, {"type": "Feature", "geometry": {"type": "Polygon", "coordinates": [[[85.39264375767688, 21.582450315467785], [85.39264774445401, 21.58208905741932], [85.39284086644771, 21.582090921719978], [85.39284186301174, 21.58200060720337], [85.39293842394571, 21.58200153926836], [85.39293942044685, 21.581911224733787], [85.39313254222496, 21.581913088693085], [85.39313154584957, 21.58200340322766], [85.39322810680152, 21.58200433512197], [85.39323109573901, 21.58173339150028], [85.39342421731051, 21.581735255100252], [85.39342023253661, 21.58209651330143], [85.3935167935694, 21.582097445034044], [85.3935157974186, 21.582187759586585], [85.39361235851426, 21.582188691265298], [85.39361136241736, 21.58227900582682], [85.39399760710545, 21.58228273201167], [85.39399362363413, 21.582643990293697], [85.39409018505319, 21.5826449217119], [85.39408918923476, 21.582735236282407], [85.39399262775282, 21.58273430485522], [85.39398665235717, 21.583276192242327], [85.39389009052489, 21.583275260734293], [85.39389108649603, 21.583184946172768], [85.39379452472663, 21.583184014610836], [85.39379552075167, 21.583093700058296], [85.39360239733863, 21.583091836781716], [85.39360339348045, 21.583001522229175], [85.39341027022012, 21.582999658737002], [85.39341226271935, 21.58281902965887], [85.39321913971055, 21.5828171659511], [85.39322113243436, 21.582636536890934], [85.39293144832091, 21.582633740938512], [85.39293244485799, 21.582543426412922], [85.3928358835557, 21.582542494329967], [85.39283688014669, 21.582452179804374], [85.39264375767688, 21.582450315467785]]]}, "id": "+94+130", "properties": {"A00": -0.013257846172933678, "A01": -0.04089409605310323, "A02": 0.18779522279108377, "A03": -0.009686335829427387, "A04": -0.05857223177369375, "A05": -0.01893792796019587, "A06": -0.07992301357014453, "A07": 0.10437900214076352, "A08": -0.011003432546961227, "A09": -0.056297407695047104, "A10": 0.1291661887822974, "A11": -0.035842085404249754, "A12": -0.337292659060516, "A13": 0.053338841532455404, "A14": 0.017303612678405578, "A15": 0.0827357179705082, "A16": -0.08438857179370977, "A17": 0.09571573869765981, "A18": -0.15355230965583153, "A19": -0.13114723498924447, "A20": -0.35448181445045585, "A21": 0.3001684294349048, "A22": 0.2054502991631518, "A23": -0.010383272354806088, "A24": 0.0025067741789561167, "A25": 0.03485936369220339, "A26": 0.06903469408663913, "A27": -0.029387594890990687, "A28": -0.0325120208450668, "A29": 0.14761652690345642, "A30": 0.057274234580441806, "A31": 0.11399444527504092, "A32": -0.05182215239306358, "A33": 0.02717255791141945, "A34": 0.06191301250427711, "A35": -0.09951010220595095, "A36": -0.15687009537221605, "A37": 0.14037043952199846, "A38": 0.15856184007105628, "A39": -0.02594181836863353, "A40": 0.05997769152938087, "A41": 0.014836877447511157, "A42": -0.17488747561608706, "A43": 0.23832292104060437, "A44": 0.03379761922910045, "A45": 0.05041459073867632, "A46": -0.014720207617740252, "A47": 0.06608189967634094, "A48": -0.14458061441174935, "A49": -0.03813654108622231, "A50": 0.011777923633324125, "A51": 0.10520921017015011, "A52": 0.02674012589729871, "A53": 0.004808106485302303, "A54": 0.1988711591884309, "A55": -0.06000435484320366, "A56": 0.027579732643022943, "A57": -0.08607620531171216, "A58": -0.12137572113687571, "A59": -0.23117962934136846, "A60": -0.0597955122644608, "A61": -0.061359826518611306, "A62": 0.1601466213423587, "A63": 0.03924592060948664, "area_ha": 1.2033452044665713, "centroid_lat": 21.582473499090895, "centroid_lon": 85.39340802673557, "cluster_id": 4, "n_pixels": 120, "perim_m": 660.0380028194428, "stand_id": 89, "stand_lbl": 35}}, {"type": "Feature", "geometry": {"type": "Polygon", "coordinates": [[[85.38725033735379, 21.58113362318007], [85.38725233730904, 21.580952994613977], [85.38744545727255, 21.58095486507708], [85.3874474569673, 21.580774236484036], [85.3876405767152, 21.580776106713575], [85.387638577263, 21.580956735324584], [85.38773513726274, 21.580957670362995], [85.38773413759054, 21.581047984672992], [85.38783069766212, 21.581048919657505], [85.38782969803484, 21.5811392339675], [85.38802281830378, 21.581141103783814], [85.38802481730681, 21.580960475145858], [85.38841105742247, 21.580964214068818], [85.3884100581725, 21.58105452840576], [85.38860317838753, 21.58105639754834], [85.38860417752073, 21.580966083202412], [85.38879729763696, 21.580967952102448], [85.38879929565185, 21.580787323392624], [85.38889585559767, 21.580788257748317], [85.38889685453326, 21.580697943384425], [85.38899341442517, 21.580698877686217], [85.3889924155435, 21.580789192050112], [85.38918553546209, 21.580791060492004], [85.38918353792332, 21.58097168923776], [85.38937665810242, 21.580973557464056], [85.38937565944532, 21.581063871845917], [85.38985846027037, 21.581068541468426], [85.38985746190971, 21.581158855868253], [85.39034026317495, 21.581163524116338], [85.39033826702855, 21.58134415296091], [85.39072450860847, 21.581347886583806], [85.3907215150716, 21.581618829891084], [85.39062495448798, 21.58161789655049], [85.39062196071755, 21.5818888398398], [85.39052539996324, 21.58188790643632], [85.39050943146583, 21.583332937058124], [85.39012318465772, 21.583329202608777], [85.39012518127123, 21.58314857382709], [85.38973893502906, 21.583144838515356], [85.38974093210072, 21.582964209769603], [85.3891615636133, 21.582958605180544], [85.389159565823, 21.583139233881383], [85.38906300431411, 21.583138299570606], [85.38906400326765, 21.583047985233662], [85.38896744181265, 21.58304705087797], [85.38896644279623, 21.583137365214913], [85.38877331979641, 21.583135496332847], [85.38877431892962, 21.583045181995903], [85.3886777574926, 21.58304424747851], [85.38867875668869, 21.58295393315055], [85.38858219531454, 21.582952998570278], [85.38858419380554, 21.582772369923337], [85.38848763255716, 21.582771435307134], [85.38848963114697, 21.582590806660193], [85.38839307002435, 21.58258987199009], [85.3883870738417, 21.583131757885994], [85.38829051236874, 21.58313082313504], [85.38829251123703, 21.58295019451505], [85.38819594988983, 21.582949259719182], [85.38819794885694, 21.582768631099192], [85.38810138762652, 21.582767696258408], [85.38810338669244, 21.582587067647403], [85.38800682559678, 21.58258613275272], [85.38800882475252, 21.582405504150696], [85.38791226378262, 21.582404569211096], [85.38791426304617, 21.582223940609072], [85.38781770219305, 21.582223005615578], [85.38781970155542, 21.582042377022535], [85.38772314082806, 21.582041441984124], [85.38772514028923, 21.58186081339108], [85.38762857968763, 21.581859878307753], [85.38763057923865, 21.581679249723695], [85.38753401876282, 21.58167831459545], [85.38753601842161, 21.581497686011392], [85.38743945807155, 21.58149675082925], [85.38744145782917, 21.581316122254176], [85.38734489760488, 21.581315187027116], [85.38734689745233, 21.581134558452042], [85.38725033735379, 21.58113362318007]]]}, "id": "+58+131", "properties": {"A00": 0.043450817633583105, "A01": -0.09365986791363184, "A02": 0.14924139671022216, "A03": 0.052352801429600186, "A04": -0.015719748680256135, "A05": -0.08992863246511554, "A06": -0.09308368836559222, "A07": 0.18249142661255283, "A08": -0.0404459259245347, "A09": 0.020382891873097532, "A10": 0.08442825209304451, "A11": 0.020220788115660988, "A12": -0.345960411609028, "A13": 0.016092928632103817, "A14": -0.043413636774464734, "A15": 0.03299269185056329, "A16": -0.11917001915234879, "A17": 0.047822895161716915, "A18": -0.10119954319617983, "A19": -0.051821437759514796, "A20": -0.3315010532624447, "A21": 0.3140296335045227, "A22": 0.24000189647441889, "A23": -0.04063121259958014, "A24": 0.03409926877306326, "A25": 0.0009692751502892339, "A26": 0.07493041495642945, "A27": 0.006717230615137309, "A28": -0.03388313412100017, "A29": 0.1542709983193514, "A30": -0.0020442485952428, "A31": 0.06631746389040637, "A32": -0.05977648915220206, "A33": 0.017053500250482096, "A34": 0.029330991298730406, "A35": -0.12238061251908659, "A36": -0.12465352012978867, "A37": 0.019883274955350656, "A38": 0.14271905837103557, "A39": -0.12044125322418085, "A40": 0.02229989041941563, "A41": 0.05900837470618335, "A42": -0.15123903045718218, "A43": 0.33828418715863773, "A44": 0.007571773890063442, "A45": 0.06494199806037709, "A46": -0.050235552482189146, "A47": 0.02124702473486177, "A48": -0.1221243305439378, "A49": -0.008571788155786268, "A50": -0.07829328824544354, "A51": 0.031024088086489324, "A52": 0.08021090838743104, "A53": -0.03322619364485538, "A54": 0.14353599266609104, "A55": -0.10134849219249245, "A56": -0.03791550785529993, "A57": -0.053424965541521686, "A58": -0.15881286005373554, "A59": -0.21432118633475766, "A60": -0.02661444871208686, "A61": -0.1258543280255625, "A62": 0.08872237081409634, "A63": 0.00042207067164984075, "area_ha": 6.598319211845634, "centroid_lat": 21.58196820961918, "centroid_lon": 85.389134359003, "cluster_id": 5, "n_pixels": 660, "perim_m": 1580.0879730144052, "stand_id": 90, "stand_lbl": 11}}, {"type": "Feature", "geometry": {"type": "Polygon", "coordinates": [[[85.39361933102191, 21.5815564893526], [85.3936233152029, 21.58119523108854], [85.3947820408859, 21.581206406346272], [85.39478005024618, 21.581387035577116], [85.39497317150327, 21.58138889735351], [85.39497118107914, 21.58156952660232], [85.39564710648504, 21.581576041121878], [85.39564611168171, 21.581666355773233], [85.39574267253484, 21.581667286194303], [85.39574167779439, 21.581757600854644], [85.39593479963538, 21.581759461544074], [85.39593579425905, 21.581669146883737], [85.39632203777035, 21.581672867570894], [85.39632104338024, 21.581763182258182], [85.39651416528412, 21.581765042273876], [85.3965161538128, 21.581584412899304], [85.39670927550107, 21.581586272672453], [85.39670728720596, 21.581766902073976], [85.39680384817585, 21.581767831884193], [85.39680185998853, 21.58194846128572], [85.3968984210842, 21.581949391060004], [85.39689643298671, 21.582130020461527], [85.39670331056182, 21.58212816085906], [85.39670529889287, 21.58194753146652], [85.39535344418236, 21.58193450806882], [85.39535443918332, 21.581844193435433], [85.39525787823139, 21.581843262780797], [85.39525887327726, 21.581752948147408], [85.39467950803277, 21.581747363051793], [85.39468050343797, 21.58165704843637], [85.39458394263875, 21.58165611739546], [85.39458493809785, 21.581565802798004], [85.39361933102191, 21.5815564893526]]]}, "id": "+124+117", "properties": {"A00": -0.019959659250807744, "A01": -0.05394192670706021, "A02": 0.20534298162682085, "A03": -0.03927181806766755, "A04": -0.07133794862227598, "A05": -0.013326852553946947, "A06": -0.07245046951954787, "A07": 0.13524958183472102, "A08": -0.011728240266381878, "A09": -0.03317124973478072, "A10": 0.07844019052762326, "A11": -0.01875831327156064, "A12": -0.3165055095218606, "A13": 0.03397760361022933, "A14": 0.00025891428334661674, "A15": 0.06538688941080155, "A16": -0.13588337884340512, "A17": 0.15406210763966363, "A18": -0.13912626178359594, "A19": -0.11851548422061574, "A20": -0.3591548468268338, "A21": 0.3507630996214861, "A22": 0.17310329684269543, "A23": -0.004678725882354063, "A24": 0.034477985843348685, "A25": -0.03666268576950498, "A26": 0.07799923275975625, "A27": 0.004739131721857016, "A28": -0.06272124575244463, "A29": 0.14296494921456204, "A30": 0.05576441863292665, "A31": 0.10829597943616437, "A32": -0.09022403880383845, "A33": 0.06290839916219287, "A34": -0.008490517135545083, "A35": -0.07887703605278489, "A36": -0.11839012317326075, "A37": 0.0755186173194664, "A38": 0.15836159968575558, "A39": 0.013663179006796337, "A40": 0.03736123269367575, "A41": 0.054579764649730744, "A42": -0.169370420997962, "A43": 0.20930173727145174, "A44": 0.006910732907893692, "A45": 0.09898932218288815, "A46": -0.0016749570646766821, "A47": 0.0013320161685644748, "A48": -0.19022785350052224, "A49": -0.08969456197392385, "A50": 0.039416079762735104, "A51": 0.14084125853397297, "A52": 0.07085312096317806, "A53": -0.07139727172042584, "A54": 0.14920582624529075, "A55": -0.023787529500884634, "A56": 0.01595517808940808, "A57": -0.04147015906393015, "A58": -0.13423464803827126, "A59": -0.23647731251956527, "A60": -0.08777796396388313, "A61": -0.055662278326515144, "A62": 0.13566291914567397, "A63": 0.01063176063313126, "area_ha": 1.1732634949810972, "centroid_lat": 21.58160544043484, "centroid_lon": 85.39513297573937, "cluster_id": 0, "n_pixels": 117, "perim_m": 940.0553603722217, "stand_id": 91, "stand_lbl": 45}}, {"type": "Feature", "geometry": {"type": "Polygon", "coordinates": [[[85.39207236675021, 21.581722205193273], [85.39208433063894, 21.580638431209575], [85.39227745065634, 21.580640296049225], [85.39227944432338, 21.580459667016008], [85.39247256411622, 21.58046153161311], [85.39247655091131, 21.580100273510748], [85.39257311057865, 21.580101205710484], [85.39257111730687, 21.58028183477065], [85.39266767709998, 21.58028276692547], [85.392665683927, 21.58046339599462], [85.39285880376475, 21.580465260142564], [85.39285681080739, 21.58064588922968], [85.39304993090565, 21.58064775317101], [85.39304893453925, 21.58073806772355], [85.39314549465574, 21.580738999608876], [85.39314449834325, 21.580829314161416], [85.39304793817284, 21.580828382267107], [85.3930459454131, 21.581009011354222], [85.39323906601442, 21.58101087511589], [85.39323806974683, 21.58110118965945], [85.39304494902873, 21.581099325897778], [85.3930419598487, 21.581370269519468], [85.39294539931898, 21.58136933754431], [85.39294240990537, 21.58164028114803], [85.39303897061475, 21.581641213132173], [85.39303697776518, 21.581821842210303], [85.39294041693901, 21.581820910208194], [85.39293842394571, 21.58200153926836], [85.39284186301174, 21.58200060720337], [85.39284086644771, 21.582090921719978], [85.39264774445401, 21.58208905741932], [85.3926487411438, 21.581998742902712], [85.3922624974708, 21.581995013636643], [85.39226449129056, 21.581814384639358], [85.3921679305093, 21.581813452188094], [85.39216892746859, 21.58172313768945], [85.39207236675021, 21.581722205193273]]]}, "id": "+82+117", "properties": {"A00": -0.011697559290784872, "A01": -0.049389883193399604, "A02": 0.25319794968813436, "A03": -0.039870237526322364, "A04": -0.06551760474133728, "A05": 0.014698020173987712, "A06": -0.05319817495058332, "A07": 0.05910436067027589, "A08": -0.026129818412520444, "A09": -0.03637442189191131, "A10": 0.10171370052122941, "A11": -0.027347341055513886, "A12": -0.344649717848079, "A13": 0.06649956200411276, "A14": 0.009874902245816091, "A15": 0.08206108747125564, "A16": -0.0912762025119349, "A17": 0.07697187739042545, "A18": -0.1371931408885862, "A19": -0.1357144224970829, "A20": -0.26965365222001647, "A21": 0.3282602486415057, "A22": 0.23123438161919832, "A23": -0.014039274679233136, "A24": -0.03263549270139532, "A25": 0.006497236023757335, "A26": 0.0472040654037818, "A27": -0.0061816014314520955, "A28": -0.04824888287793228, "A29": 0.14203539368011003, "A30": 0.10950569463727829, "A31": 0.09744014510281218, "A32": -0.04582983636358567, "A33": -0.030689636163667808, "A34": 0.03899205809149782, "A35": -0.04353394846822349, "A36": -0.17469157307821107, "A37": 0.1215400567969067, "A38": 0.14096835708523486, "A39": -0.0143659518126116, "A40": 0.05071754216221873, "A41": 0.010844050718108686, "A42": -0.1917567933247601, "A43": 0.24311665132287444, "A44": 0.00725446493679092, "A45": 0.07251402486376238, "A46": -0.0036028809468804856, "A47": 0.03112163336785599, "A48": -0.17530480619612848, "A49": -0.10145619779814975, "A50": 0.02336629229514769, "A51": 0.12010791258699226, "A52": 0.02261664215624551, "A53": -0.037006886919851864, "A54": 0.19479783455881455, "A55": -0.07500614204098406, "A56": -0.003970701301801454, "A57": -0.023056561793952473, "A58": -0.1248501728274191, "A59": -0.22804400565305993, "A60": -0.06433734733491879, "A61": -0.05313850951561304, "A62": 0.16906689394768631, "A63": -0.006330618307146013, "area_ha": 1.6345431204953702, "centroid_lat": 21.581201430807887, "centroid_lon": 85.39257192975602, "cluster_id": 5, "n_pixels": 163, "perim_m": 720.0411261758284, "stand_id": 92, "stand_lbl": 33}}, {"type": "Feature", "geometry": {"type": "Polygon", "coordinates": [[[85.39478005024618, 21.581387035577116], [85.39478801268828, 21.580664518617805], [85.39536737365678, 21.580670103066634], [85.3953663787277, 21.580760417717986], [85.39565605946348, 21.5807632091968], [85.3956570542129, 21.580672894536463], [85.39633297569318, 21.58067940601073], [85.39633098702078, 21.58086003539429], [85.39642754737982, 21.580860965393153], [85.39642555880621, 21.581041594776714], [85.39652211928205, 21.581042524730663], [85.39651913656988, 21.581313468819474], [85.39661569723435, 21.581314398719524], [85.3966137088494, 21.581495028121047], [85.39671026963964, 21.58149595797618], [85.39670927550107, 21.581586272672453], [85.3965161538128, 21.581584412899304], [85.39651416528412, 21.581765042273876], [85.39632104338024, 21.581763182258182], [85.39632203777035, 21.581672867570894], [85.39593579425905, 21.581669146883737], [85.39593479963538, 21.581759461544074], [85.39574167779439, 21.581757600854644], [85.39574267253484, 21.581667286194303], [85.39564611168171, 21.581666355773233], [85.39564710648504, 21.581576041121878], [85.39497118107914, 21.58156952660232], [85.39497317150327, 21.58138889735351], [85.39478005024618, 21.581387035577116]]]}, "id": "+120+113", "properties": {"A00": -0.012350353545779175, "A01": -0.03573447450735152, "A02": 0.19729286696862938, "A03": -0.057284586235418856, "A04": -0.09422435937050001, "A05": -0.019771633964217786, "A06": -0.0743944355720488, "A07": 0.1155529038837798, "A08": -0.026654174666943864, "A09": -0.016358852318432177, "A10": 0.06663904227439874, "A11": -0.02367059906105712, "A12": -0.33605645240127857, "A13": 0.028400434252914296, "A14": -0.029123866321976798, "A15": 0.07586590042842925, "A16": -0.14771015163747525, "A17": 0.1422238079820985, "A18": -0.11763479077707893, "A19": -0.10805805562829081, "A20": -0.3628216011984773, "A21": 0.3595620728904546, "A22": 0.17861773688019142, "A23": 0.004649073211577082, "A24": 0.023128033646296606, "A25": -0.042915416281007125, "A26": 0.06482472629669964, "A27": 0.026721398041918316, "A28": -0.06996186217521878, "A29": 0.10182660114580401, "A30": 0.06256109116171638, "A31": 0.09653857603879275, "A32": -0.05761472241986429, "A33": 0.04494606360043797, "A34": 0.022354847980069127, "A35": -0.08219291528446461, "A36": -0.10582237421069134, "A37": 0.0524778554072066, "A38": 0.1614895020366729, "A39": 0.016698589838947904, "A40": 0.01647922842163544, "A41": 0.07777777813342049, "A42": -0.17368516605796014, "A43": 0.20479637786675406, "A44": 0.012282450588461225, "A45": 0.12638006688658135, "A46": 0.008916156723973322, "A47": 0.017708637387179427, "A48": -0.2036563971821647, "A49": -0.05403722151651287, "A50": 0.030061288384631256, "A51": 0.15352756265142958, "A52": 0.08769908043023428, "A53": -0.08416272860358602, "A54": 0.1599254418505213, "A55": -0.021200685484995787, "A56": 0.030139504979488984, "A57": -0.04632964468118971, "A58": -0.14673662025964168, "A59": -0.23259301377513047, "A60": -0.05931702863584257, "A61": -0.0771864839820686, "A62": 0.11831024807201845, "A63": 0.026572645108161583, "area_ha": 1.845133288050034, "centroid_lat": 21.58117791850685, "centroid_lon": 85.39569715306479, "cluster_id": 0, "n_pixels": 185, "perim_m": 680.0399935745893, "stand_id": 93, "stand_lbl": 51}}, {"type": "Feature", "geometry": {"type": "MultiPolygon", "coordinates": [[[[85.38706521781315, 21.58040923822802], [85.38725833704004, 21.580411108870788], [85.38725933697275, 21.580320794578757], [85.38745245610981, 21.58032266498796], [85.38745345591676, 21.58023235068695], [85.38783969400224, 21.58023609081365], [85.38783869442885, 21.580326405141612], [85.3880318136198, 21.58032827487708], [85.3880308141632, 21.58041858920504], [85.38812737383056, 21.580419523991925], [85.38812837322428, 21.58032920966396], [85.38822493283772, 21.580330144387965], [85.38822593216855, 21.58023983005102], [85.38861217042471, 21.580243568390078], [85.38861017223016, 21.580424197099898], [85.38870673192446, 21.580425131554406], [85.38870473382872, 21.580605760264227], [85.38880129364877, 21.58060669467382], [85.38879729763696, 21.580967952102448], [85.38860417752073, 21.580966083202412], [85.38860317838753, 21.58105639754834], [85.3884100581725, 21.58105452840576], [85.38841105742247, 21.580964214068818], [85.38802481730681, 21.580960475145858], [85.38802281830378, 21.581141103783814], [85.38782969803484, 21.5811392339675], [85.38783069766212, 21.581048919657505], [85.38773413759054, 21.581047984672992], [85.38773513726274, 21.580957670362995], [85.387638577263, 21.580956735324584], [85.3876405767152, 21.580776106713575], [85.3874474569673, 21.580774236484036], [85.38744545727255, 21.58095486507708], [85.38725233730904, 21.580952994613977], [85.38725333727768, 21.580862680321946], [85.38715677735881, 21.580861745005055], [85.3871587774039, 21.580681116438967], [85.38706221761078, 21.58068018107716], [85.38706521781315, 21.58040923822802]]], [[[85.38706521781315, 21.58040923822802], [85.3869686581997, 21.580408302830282], [85.38696965832106, 21.580317988547236], [85.38687309877947, 21.580317053086617], [85.38687409894575, 21.580226738812556], [85.38706721792111, 21.58022860966193], [85.38706521781315, 21.58040923822802]]]]}, "id": "+32+107", "properties": {"A00": 0.022816084280699415, "A01": -0.07211114475192819, "A02": 0.2301418513413522, "A03": -0.0191552901362271, "A04": -0.042536052398422314, "A05": 0.02832000829744216, "A06": -0.0543199349189969, "A07": 0.08303313148048497, "A08": -0.06141943284732001, "A09": 0.010467201023270298, "A10": 0.10440184319315199, "A11": -0.00028857391924468604, "A12": -0.3469800759895276, "A13": 0.0744535650283387, "A14": -0.012389938201378441, "A15": 0.06308879117665446, "A16": -0.0871334906845168, "A17": 0.06376248794335737, "A18": -0.1407898871066336, "A19": -0.07768159249112118, "A20": -0.2913820705916392, "A21": 0.33613372988322315, "A22": 0.2227182460647415, "A23": -0.028234957781713706, "A24": -0.024079873774048858, "A25": -0.018594436964654022, "A26": 0.0579722940818825, "A27": 0.004519820967862556, "A28": -0.0573549827052466, "A29": 0.13371299072187431, "A30": 0.04435991056844876, "A31": 0.08591440613125961, "A32": -0.0667518671466129, "A33": -0.006993523503420135, "A34": 0.022105721985136457, "A35": -0.05350267731999182, "A36": -0.17465180659964363, "A37": 0.08550188028473522, "A38": 0.08501900648373477, "A39": -0.07824942752279564, "A40": 0.025516997053513756, "A41": 0.023814959238447037, "A42": -0.17400283832565, "A43": 0.28490443064296883, "A44": 0.015099844493029682, "A45": 0.13941921935779727, "A46": 0.0007788185048881045, "A47": -0.010431154710823589, "A48": -0.16343130786069743, "A49": -0.09154701938424041, "A50": -0.005511748450367942, "A51": 0.07865960104042519, "A52": 0.03903528452167084, "A53": -0.06970549765426998, "A54": 0.17994539178704508, "A55": -0.08268093141330882, "A56": -0.021320437681982867, "A57": -0.021062229638660716, "A58": -0.10844063413973132, "A59": -0.25368815358456787, "A60": -0.0526057063710875, "A61": -0.0734409999845196, "A62": 0.18380370325366668, "A63": -0.029384879068919876, "area_ha": 1.2935904383177443, "centroid_lat": 21.580633779789025, "centroid_lon": 85.3879464606531, "cluster_id": 5, "n_pixels": 129, "perim_m": 740.0409614845374, "stand_id": 94, "stand_lbl": 7}}, {"type": "Feature", "geometry": {"type": "MultiPolygon", "coordinates": [[[[85.3930419598487, 21.581370269519468], [85.39304494902873, 21.581099325897778], [85.39323806974683, 21.58110118965945], [85.39323906601442, 21.58101087511589], [85.3930459454131, 21.581009011354222], [85.39304793817284, 21.580828382267107], [85.39314449834325, 21.580829314161416], [85.39314549465574, 21.580738999608876], [85.39304893453925, 21.58073806772355], [85.39304993090565, 21.58064775317101], [85.39314649095927, 21.58064868506532], [85.39314848355731, 21.580468055951258], [85.39343816339478, 21.58047085125689], [85.39344015560656, 21.580290222124862], [85.39401951469758, 21.580295811173066], [85.39402548906016, 21.579753923588328], [85.39412204857479, 21.579754854871783], [85.3941240398613, 21.579574225658906], [85.39441371806383, 21.57957701915893], [85.39441272259575, 21.579667333783334], [85.39460584154416, 21.579669195838203], [85.39460484619286, 21.579759510471593], [85.3951842035142, 21.579765095333645], [85.39518022349242, 21.580126353939065], [85.39460086474274, 21.580120768969213], [85.3945998693645, 21.580211083584636], [85.39450330953545, 21.580210152561694], [85.39450231409431, 21.580300467177114], [85.3944057542024, 21.58029953609129], [85.39440376318538, 21.58048016531315], [85.39421064318594, 21.58047830294387], [85.39420466929049, 21.58102019053759], [85.39401154859036, 21.581018327898814], [85.39400955701639, 21.58119895706678], [85.3936233152029, 21.58119523108854], [85.39362132312588, 21.58137586022057], [85.3930419598487, 21.581370269519468]]], [[[85.3930419598487, 21.581370269519468], [85.39303996702607, 21.581550898597598], [85.39323308833706, 21.581552762404183], [85.39322810680152, 21.58200433512197], [85.39313154584957, 21.58200340322766], [85.39313254222496, 21.581913088693085], [85.39293942044685, 21.581911224733787], [85.39294041693901, 21.581820910208194], [85.39303697776518, 21.581821842210303], [85.39303897061475, 21.581641213132173], [85.39294240990537, 21.58164028114803], [85.39294539931898, 21.58136933754431], [85.3930419598487, 21.581370269519468]]]]}, "id": "+86+116", "properties": {"A00": -2.9661125067284243e-05, "A01": -0.06565863954092334, "A02": 0.23028655282994923, "A03": -0.01692149385601475, "A04": -0.05391535724855625, "A05": -0.00545564623381871, "A06": -0.05716467655819025, "A07": 0.11001546795569449, "A08": -0.0436559110501617, "A09": -0.03264939085860387, "A10": 0.08187021449715114, "A11": -0.02448165751034671, "A12": -0.34365042596813167, "A13": 0.05705645698967093, "A14": -0.014501374191394875, "A15": 0.058771926740076724, "A16": -0.11074659702033919, "A17": 0.09832012411519465, "A18": -0.129273596727264, "A19": -0.09585533701764436, "A20": -0.32482966836483756, "A21": 0.3298334327712126, "A22": 0.2273062408504491, "A23": -0.023161537516965897, "A24": 0.0020475414408248384, "A25": -0.005089051599538738, "A26": 0.06912079066239664, "A27": -0.01697648649107867, "A28": -0.0672219363314367, "A29": 0.1414428232734516, "A30": 0.061927094543322424, "A31": 0.09095371373466125, "A32": -0.07109074377398794, "A33": 0.00047299076299185753, "A34": 0.01791735387484111, "A35": -0.07293874143703442, "A36": -0.14486222394518272, "A37": 0.09244568472844304, "A38": 0.13516730323851106, "A39": -0.03994329780810217, "A40": 0.047813736420383945, "A41": 0.02211954205275601, "A42": -0.17862162417914376, "A43": 0.24980736303710133, "A44": 0.02016260140654893, "A45": 0.10196209842013552, "A46": -0.0177807691038811, "A47": 0.0031018186447718575, "A48": -0.17464481687316757, "A49": -0.06439533693464569, "A50": 1.4321322867055706e-05, "A51": 0.1091708420886434, "A52": 0.04624951300676305, "A53": -0.03832417848964665, "A54": 0.1733868749212267, "A55": -0.06157315469753221, "A56": 0.00038774856063227735, "A57": -0.03858959574105609, "A58": -0.1439850761002936, "A59": -0.2402620905563518, "A60": -0.048678870033359946, "A61": -0.06482025389843389, "A62": 0.15285559280677002, "A63": 0.004273989564940636, "area_ha": 1.9955488892341364, "centroid_lat": 21.580571376853456, "centroid_lon": 85.39390753195187, "cluster_id": 0, "n_pixels": 200, "perim_m": 1120.0647972332542, "stand_id": 95, "stand_lbl": 39}}, {"type": "Feature", "geometry": {"type": "MultiPolygon", "coordinates": [[[[85.38706521781315, 21.58040923822802], [85.38706721792111, 21.58022860966193], [85.38687409894575, 21.580226738812556], [85.38687509911202, 21.58013642453849], [85.38677853969621, 21.580135489032955], [85.38678054013654, 21.57995486048483], [85.3866839808375, 21.579953924925395], [85.38668598137666, 21.579773296386254], [85.38658942220339, 21.5797723607819], [85.38659142284136, 21.579591732242758], [85.38649486379386, 21.579590796593493], [85.38649586416673, 21.579500482328413], [85.386688982136, 21.579502353555082], [85.38669298307956, 21.579141096440864], [85.38707921812872, 21.579144838157585], [85.38707521813737, 21.579506095343667], [85.38746145422859, 21.579509836224954], [85.38745945467758, 21.579690464844944], [85.38765257299717, 21.579692334975668], [85.38765857085069, 21.579150449052815], [85.38775512965566, 21.5791513840014], [85.38775612922005, 21.579061069673436], [85.38785268797112, 21.57906200456812], [85.38785368747264, 21.578971690231175], [85.3881433635821, 21.57897449456488], [85.38814136493839, 21.579155123256733], [85.3882379237703, 21.579156057926838], [85.38823992229723, 21.578975429226], [85.38843303973647, 21.578977298386544], [85.38843503800288, 21.57879666966774], [85.38804880361847, 21.57879293114902], [85.38805080234303, 21.578612302457167], [85.38824391927922, 21.57861417181534], [85.38824991460848, 21.578072285658923], [85.38815335649521, 21.578071351033735], [85.38815435576318, 21.577981036678825], [85.38805779771279, 21.57798010199974], [85.38805879702566, 21.57788978764483], [85.38892781911973, 21.57789819765455], [85.38892682034586, 21.57798851205438], [85.38902337844115, 21.577989446221427], [85.38902237971217, 21.578079760621254], [85.3894086123898, 21.578083496759433], [85.3894046183992, 21.578444754403655], [85.3891149431611, 21.578441952333705], [85.38911394447705, 21.57853226672455], [85.38901738601345, 21.578531332584454], [85.38901438972773, 21.57880227575698], [85.38920750701426, 21.578804144010228], [85.38920950430152, 21.578623515210577], [85.38998197269305, 21.578630985905907], [85.38998396901013, 21.578450357034388], [85.39017708591936, 21.578452224128807], [85.39017109764188, 21.578994110779295], [85.389977980014, 21.578992243630974], [85.389979976367, 21.57881161476844], [85.38978685899963, 21.57880974741351], [85.38978486240407, 21.57899037625808], [85.38959174482109, 21.578988508660604], [85.38959074639756, 21.579078823069413], [85.38949418754768, 21.579077889189826], [85.38949318906126, 21.579168203589653], [85.38920351237688, 21.579165401582586], [85.38920151502674, 21.579346030373255], [85.38929807402933, 21.579346964432506], [85.38929707540817, 21.57943727883233], [85.38939363448262, 21.579438212846664], [85.38939263591536, 21.57952852724649], [85.38948919505269, 21.579529461206928], [85.38948719801697, 21.57971009000658], [85.38958375728006, 21.579711023922098], [85.38957976338828, 21.580072281530388], [85.38977288241755, 21.58007414922668], [85.3897718840479, 21.580164463635487], [85.38986844362542, 21.580165397407278], [85.38986744531866, 21.580255711816086], [85.38996400495905, 21.580256645533975], [85.38995901362289, 21.58070821759599], [85.38986245367707, 21.580707283860136], [85.38986145533438, 21.580797598259963], [85.39034425539587, 21.580802266418218], [85.39034225929439, 21.58098289527177], [85.39053537959926, 21.580984762159577], [85.39053438166081, 21.581075076595337], [85.390920622567, 21.58107880971518], [85.39091962485313, 21.58116912415992], [85.39111274546342, 21.581170990400942], [85.39111075026925, 21.581351619308393], [85.39140043157097, 21.58135441827017], [85.39140142898839, 21.58126410379848], [85.39149798937439, 21.58126503667195], [85.39149898672893, 21.58117472220026], [85.39169210739313, 21.58117658775856], [85.39169011292658, 21.581357216719912], [85.39207635480295, 21.581360947216673], [85.39207236675021, 21.581722205193273], [85.39216892746859, 21.58172313768945], [85.3921679305093, 21.581813452188094], [85.39226449129056, 21.581814384639358], [85.3922624974708, 21.581995013636643], [85.3926487411438, 21.581998742902712], [85.39264375767688, 21.582450315467785], [85.39283688014669, 21.582452179804374], [85.3928358835557, 21.582542494329967], [85.39293244485799, 21.582543426412922], [85.39293144832091, 21.582633740938512], [85.39322113243436, 21.582636536890934], [85.39321913971055, 21.5828171659511], [85.39283289376482, 21.582813437870804], [85.39283090053794, 21.58299406690402], [85.39302402374437, 21.58299593106993], [85.39301804466564, 21.58353781817856], [85.39282492074955, 21.58353595395875], [85.39282591739442, 21.583445639451128], [85.39263279361307, 21.58344377501572], [85.39263578387109, 21.583172831519796], [85.39244266047601, 21.58317096688676], [85.39244664789095, 21.58280970890118], [85.39225352498994, 21.582807844079497], [85.39225551890851, 21.58262721510018], [85.39206239626803, 21.582625350071886], [85.39206439041118, 21.582444721101552], [85.3919678292167, 21.58244378851554], [85.39196982344967, 21.58226315954521], [85.39187326238095, 21.58226222691428], [85.39187525672175, 21.582081597952932], [85.39158557390186, 21.58207879972777], [85.39158657123845, 21.58198848526506], [85.39149001036735, 21.58198755241854], [85.39149100776682, 21.581897237946848], [85.39129788615939, 21.581895372092102], [85.39129988117391, 21.581714743175667], [85.39091363850702, 21.581711010828375], [85.39089468051516, 21.583426985026954], [85.39050843338366, 21.58342325145795], [85.39052539996324, 21.58188790643632], [85.39062196071755, 21.5818888398398], [85.39062495448798, 21.58161789655049], [85.3907215150716, 21.581618829891084], [85.39072450860847, 21.581347886583806], [85.39033826702855, 21.58134415296091], [85.39034026317495, 21.581163524116338], [85.38985746190971, 21.581158855868253], [85.38985846027037, 21.581068541468426], [85.38937565944532, 21.581063871845917], [85.38937665810242, 21.580973557464056], [85.38918353792332, 21.58097168923776], [85.38918553546209, 21.580791060492004], [85.3889924155435, 21.580789192050112], [85.38899341442517, 21.580698877686217], [85.38889685453326, 21.580697943384425], [85.38889585559767, 21.580788257748317], [85.38879929565185, 21.580787323392624], [85.38880129364877, 21.58060669467382], [85.38870473382872, 21.580605760264227], [85.38870673192446, 21.580425131554406], [85.38861017223016, 21.580424197099898], [85.38861217042471, 21.580243568390078], [85.38822593216855, 21.58023983005102], [85.38822493283772, 21.580330144387965], [85.38812837322428, 21.58032920966396], [85.38812737383056, 21.580419523991925], [85.3880308141632, 21.58041858920504], [85.3880318136198, 21.58032827487708], [85.38783869442885, 21.580326405141612], [85.38783969400224, 21.58023609081365], [85.38745345591676, 21.58023235068695], [85.38745245610981, 21.58032266498796], [85.38725933697275, 21.580320794578757], [85.38725833704004, 21.580411108870788], [85.38706521781315, 21.58040923822802]]], [[[85.38706521781315, 21.58040923822802], [85.38706421774569, 21.580499552511068], [85.38696765807835, 21.580498617104347], [85.3869686581997, 21.580408302830282], [85.38706521781315, 21.58040923822802]]]]}, "id": "+84+133", "properties": {"A00": 0.015112226354220971, "A01": -0.05743661717885196, "A02": 0.14743802288794722, "A03": 0.025758431802822043, "A04": -0.035133006224482566, "A05": -0.021357971500867774, "A06": -0.07910414470827487, "A07": 0.12096415298936933, "A08": -0.05014396952064587, "A09": -0.01183510523758289, "A10": 0.10991657467363458, "A11": -0.004727537689598074, "A12": -0.3456235502573714, "A13": 0.02350797690738028, "A14": 0.013328076379454388, "A15": 0.05500209544411336, "A16": -0.08676224142921332, "A17": 0.06557491436113387, "A18": -0.13656336432320537, "A19": -0.05745408716795813, "A20": -0.34912148516428954, "A21": 0.2764360103798389, "A22": 0.22288106116421205, "A23": -0.020492039817546194, "A24": 0.023365384957110373, "A25": 0.024915163463439582, "A26": 0.1042280396471465, "A27": -0.05097834214629317, "A28": -0.05762871012277483, "A29": 0.15254504828869356, "A30": 0.013620568233849252, "A31": 0.10917608259052071, "A32": -0.018183622128804835, "A33": 0.006140261003677782, "A34": 0.050816838958342415, "A35": -0.08673090201976875, "A36": -0.1298620392238232, "A37": 0.06264842927017901, "A38": 0.1321156358804781, "A39": -0.09253436539031587, "A40": 0.036451659267449976, "A41": 0.011208086912754538, "A42": -0.1880596917296061, "A43": 0.3002507504192727, "A44": 0.054737916998503715, "A45": 0.08532273385379126, "A46": -0.0012421706982089916, "A47": 0.010445858678265552, "A48": -0.149290615449037, "A49": 0.001206043986335004, "A50": -0.015650620971666283, "A51": 0.05101238544523606, "A52": 0.02784707643813017, "A53": -0.0017405551834991568, "A54": 0.19532798613767222, "A55": -0.09827739189739293, "A56": 0.00735502189821616, "A57": -0.07621909390110634, "A58": -0.13236621343065758, "A59": -0.26448434748324656, "A60": -0.045848326857905644, "A61": -0.08676596717768402, "A62": 0.13496321078157306, "A63": 0.01867280541122686, "area_ha": 9.436204013345893, "centroid_lat": 21.580410623061308, "centroid_lon": 85.38957320277531, "cluster_id": 5, "n_pixels": 944, "perim_m": 3980.22331584704, "stand_id": 96, "stand_lbl": 13}}, {"type": "Feature", "geometry": {"type": "Polygon", "coordinates": [[[85.39400955701639, 21.58119895706678], [85.39401154859036, 21.581018327898814], [85.39420466929049, 21.58102019053759], [85.39421064318594, 21.58047830294387], [85.39440376318538, 21.58048016531315], [85.3944057542024, 21.58029953609129], [85.39450231409431, 21.580300467177114], [85.39450330953545, 21.580210152561694], [85.3945998693645, 21.580211083584636], [85.39460086474274, 21.580120768969213], [85.39518022349242, 21.580126353939065], [85.3951842035142, 21.579765095333645], [85.39537732266025, 21.57976695650817], [85.39538130211612, 21.579405697857833], [85.39576753951887, 21.579409419470256], [85.39576555028052, 21.579590048826866], [85.39586210975922, 21.579590979104207], [85.39586111519844, 21.579681293782514], [85.39595767474002, 21.579682224005953], [85.39595469119241, 21.579953168058836], [85.39605125092264, 21.579954098237362], [85.39604926198074, 21.580134727611938], [85.39614582183673, 21.580135657745547], [85.39614283855862, 21.58040660180741], [85.39623939860326, 21.580407531896107], [85.39623740985, 21.580588161279664], [85.3963339700204, 21.58058909131446], [85.39633297569318, 21.58067940601073], [85.3956570542129, 21.580672894536463], [85.39565605946348, 21.5807632091968], [85.3953663787277, 21.580760417717986], [85.39536737365678, 21.580670103066634], [85.39478801268828, 21.580664518617805], [85.3947820408859, 21.581206406346272], [85.39400955701639, 21.58119895706678]]]}, "id": "+102+107", "properties": {"A00": -0.009967886346789275, "A01": -0.04444093678611895, "A02": 0.22610812834470964, "A03": -0.05397775400187992, "A04": -0.07493646226975718, "A05": -0.00987076056515575, "A06": -0.06527138115643309, "A07": 0.10914009159494903, "A08": -0.01969085706163062, "A09": -0.035883426966976835, "A10": 0.0764049491706432, "A11": -0.02032986721283157, "A12": -0.34077665586294087, "A13": 0.046299077009161665, "A14": -0.012312753074848895, "A15": 0.08097693741039844, "A16": -0.13849234910813019, "A17": 0.1345562043587396, "A18": -0.106915567460769, "A19": -0.11944812848309484, "A20": -0.3537196435025113, "A21": 0.34041558281773193, "A22": 0.20885666874105296, "A23": -0.009399197177231373, "A24": 0.00783327892088643, "A25": -0.032196084791530334, "A26": 0.06953275074019687, "A27": 0.005477232448814733, "A28": -0.07589498724701148, "A29": 0.10712574410771065, "A30": 0.05897886664931354, "A31": 0.09082369021372852, "A32": -0.07038228712338328, "A33": 0.01243930787009725, "A34": 0.04197200404353961, "A35": -0.07032826961454877, "A36": -0.12451871695365217, "A37": 0.08291431518058864, "A38": 0.14967804841054205, "A39": 0.0016777464685369258, "A40": 0.025443402581720426, "A41": 0.05613679498920113, "A42": -0.18435537692010281, "A43": 0.21713528590982317, "A44": 0.007078093107870475, "A45": 0.12248265297155632, "A46": -0.01506384961055371, "A47": 0.008983346445679715, "A48": -0.1785401248958765, "A49": -0.043213268537906475, "A50": 0.02638956076441739, "A51": 0.15518344803913667, "A52": 0.05551174444506745, "A53": -0.06474841409666977, "A54": 0.17066244956896914, "A55": -0.034013513564103176, "A56": 0.022404049024937048, "A57": -0.0512120514667009, "A58": -0.13961889460466695, "A59": -0.23534782135232765, "A60": -0.041782853308922834, "A61": -0.0730313160974757, "A62": 0.13109600622837458, "A63": 0.016437210914447605, "area_ha": 2.095830124905024, "centroid_lat": 21.580373673019004, "centroid_lon": 85.39521469456838, "cluster_id": 5, "n_pixels": 210, "perim_m": 900.0526156807233, "stand_id": 97, "stand_lbl": 47}}, {"type": "Feature", "geometry": {"type": "Polygon", "coordinates": [[[85.39111075026925, 21.581351619308393], [85.39111274546342, 21.581170990400942], [85.3913058660827, 21.581172856408397], [85.39130786101637, 21.58099222748298], [85.39121130081902, 21.580991294510692], [85.39121329584252, 21.580810665585275], [85.39130985592308, 21.580811598539597], [85.39131085336746, 21.58072128407689], [85.39140741338515, 21.58072221697731], [85.39140841076664, 21.580631902496638], [85.39150497073942, 21.58063283534316], [85.3915079626683, 21.580361891901134], [85.3916045224614, 21.58036282466681], [85.39160551969917, 21.580272510186134], [85.39170207943839, 21.580273442888927], [85.39170307661327, 21.58018312839927], [85.39160651693693, 21.580182195696477], [85.39160751416571, 21.58009188120682], [85.39151095455227, 21.580090948450128], [85.39151294911763, 21.579910319470812], [85.39122327067255, 21.579907520886323], [85.39122426812591, 21.57981720641463], [85.39151394639133, 21.57982000498115], [85.39151494365603, 21.57972969050048], [85.3917080624158, 21.57973155592403], [85.39170905955476, 21.57964124142539], [85.39209529688564, 21.579644971589776], [85.39209429998026, 21.57973528610638], [85.39228741879393, 21.5797371508562], [85.39229140590344, 21.579375892753834], [85.39248452425896, 21.579377757252125], [85.39248552090383, 21.57928744271755], [85.39229240266509, 21.579285578228244], [85.39229339942675, 21.579195263702655], [85.39210028133174, 21.579193398997752], [85.39210227507064, 21.579012769946573], [85.3925850697602, 21.579017431250684], [85.39258307661419, 21.579198060337795], [85.39267963568864, 21.57919899243872], [85.39267365648413, 21.57974087970006], [85.39257709705934, 21.57973994757219], [85.39257610044142, 21.579830262106764], [85.39247954096271, 21.579829329924994], [85.39247256411622, 21.58046153161311], [85.39227944432338, 21.580459667016008], [85.39227745065634, 21.580640296049225], [85.39208433063894, 21.580638431209575], [85.39207635480295, 21.581360947216673], [85.39169011292658, 21.581357216719912], [85.39169210739313, 21.58117658775856], [85.39149898672893, 21.58117472220026], [85.39149798937439, 21.58126503667195], [85.39140142898839, 21.58126410379848], [85.39140043157097, 21.58135441827017], [85.39111075026925, 21.581351619308393]]]}, "id": "+74+109", "properties": {"A00": 0.047804261475969466, "A01": -0.08246210256850221, "A02": 0.18456204682691338, "A03": 0.023995002451093893, "A04": -0.02034161913733961, "A05": -0.03005902151428243, "A06": -0.06213643375758158, "A07": 0.08888520438188581, "A08": -0.0696746258936815, "A09": -0.0019925758483254736, "A10": 0.09962865394375989, "A11": -0.0036913539946037523, "A12": -0.38275644538751785, "A13": 0.041762093754869015, "A14": -0.010503701665502104, "A15": 0.03046494629126585, "A16": -0.06769769857756983, "A17": 0.04875442932730053, "A18": -0.1264586961731107, "A19": -0.0387089093099332, "A20": -0.2734828211935701, "A21": 0.29218132870432983, "A22": 0.26685211702434497, "A23": -0.04145008938317789, "A24": -0.00029679041554527257, "A25": 0.036572084367499556, "A26": 0.07672652152940419, "A27": -0.019524318887906754, "A28": -0.029889094494490034, "A29": 0.1550584288922313, "A30": 0.045011175834444535, "A31": 0.08357530037029756, "A32": -0.014822496814640174, "A33": -0.03239469393528111, "A34": 0.03593488829857391, "A35": -0.09347700264492219, "A36": -0.15570737198286622, "A37": 0.07369845277380803, "A38": 0.14260285698624903, "A39": -0.1202333001039608, "A40": 0.02516803896840376, "A41": 0.004844371749219912, "A42": -0.18682764361984433, "A43": 0.3306138628101162, "A44": 0.045340023585425784, "A45": 0.07004723608067705, "A46": -0.02379872771596389, "A47": 0.03071645050407753, "A48": -0.14905441566001598, "A49": -0.016528812797578556, "A50": -0.043386162375757945, "A51": 0.030440441398494913, "A52": 0.03237925273246165, "A53": -0.004639661951414367, "A54": 0.20632554384896126, "A55": -0.11875071985256493, "A56": -0.03197790380815701, "A57": -0.05357433127609889, "A58": -0.13157295161089613, "A59": -0.24040713897227395, "A60": -0.015824565112665265, "A61": -0.08883771305178863, "A62": 0.12625699084948258, "A63": 0.005404013346502545, "area_ha": 1.965462022498138, "centroid_lat": 21.580289678758657, "centroid_lon": 85.39195170147104, "cluster_id": 5, "n_pixels": 197, "perim_m": 1100.0626616572983, "stand_id": 98, "stand_lbl": 28}}, {"type": "Feature", "geometry": {"type": "Polygon", "coordinates": [[[85.38920151502674, 21.579346030373255], [85.38920351237688, 21.579165401582586], [85.38949318906126, 21.579168203589653], [85.38949418754768, 21.579077889189826], [85.38959074639756, 21.579078823069413], [85.38959174482109, 21.578988508660604], [85.38978486240407, 21.57899037625808], [85.38978685899963, 21.57880974741351], [85.389979976367, 21.57881161476844], [85.389977980014, 21.578992243630974], [85.39017109764188, 21.578994110779295], [85.39016910150448, 21.579174739650814], [85.39036221939288, 21.57917660659252], [85.39036022348004, 21.579357235482004], [85.39045678255451, 21.5793581688765], [85.39045578464301, 21.57944848332124], [85.39055234378034, 21.579449416661838], [85.39055134593173, 21.579539731115563], [85.39093758276854, 21.579543463947946], [85.39093558752946, 21.579724092873363], [85.39074246885951, 21.579722226551496], [85.3907414711097, 21.57981254100522], [85.39064491172084, 21.579811607754454], [85.39064391391715, 21.57990192220818], [85.39054735447438, 21.579900988894533], [85.39054535871426, 21.580081617784018], [85.39035223960414, 21.580079750986044], [85.39034824754492, 21.580441008711112], [85.38996200843536, 21.58043727436058], [85.38996400495905, 21.580256645533975], [85.38986744531866, 21.580255711816086], [85.38986844362542, 21.580165397407278], [85.3897718840479, 21.580164463635487], [85.38977288241755, 21.58007414922668], [85.38957976338828, 21.580072281530388], [85.38958375728006, 21.579711023922098], [85.38948719801697, 21.57971009000658], [85.38948919505269, 21.579529461206928], [85.38939263591536, 21.57952852724649], [85.38939363448262, 21.579438212846664], [85.38929707540817, 21.57943727883233], [85.38929807402933, 21.579346964432506], [85.38920151502674, 21.579346030373255]]]}, "id": "+56+99", "properties": {"A00": -0.030819478532432876, "A01": -0.032181002308364244, "A02": 0.17519198247784762, "A03": -0.01933213871011128, "A04": -0.050830381353106864, "A05": 0.05333737702735379, "A06": -0.038085756702595654, "A07": 0.10216206693804027, "A08": -0.027147429682228243, "A09": -0.019863683379943885, "A10": 0.11126199292636928, "A11": -0.022455384152087983, "A12": -0.3137261428025728, "A13": 0.03637052684653147, "A14": 0.06997248754962511, "A15": 0.08840178003401299, "A16": -0.10849461556067741, "A17": 0.07873913200170427, "A18": -0.13466807297200623, "A19": -0.09971256869419967, "A20": -0.34455241536700704, "A21": 0.28026936688769377, "A22": 0.187807368751381, "A23": -0.01080633711971376, "A24": 0.03497628666442201, "A25": 0.0013878858057915476, "A26": 0.11808017136801524, "A27": -0.0720860819742883, "A28": -0.09199873621519218, "A29": 0.1366945112301941, "A30": 0.02510887219892836, "A31": 0.13151069421839923, "A32": -0.04379741711890108, "A33": 0.011557374791014602, "A34": 0.04865908674420267, "A35": -0.041054587669812494, "A36": -0.15339600003796597, "A37": 0.09274602092487157, "A38": 0.10578767994306473, "A39": -0.042145620756386684, "A40": 0.05171265766874793, "A41": -9.107251685941124e-05, "A42": -0.2236840325503852, "A43": 0.23969492306354567, "A44": 0.045832507393059885, "A45": 0.11417485008117649, "A46": 0.03702699420090239, "A47": -0.03133243672267726, "A48": -0.14393405601084172, "A49": -0.028000965938239142, "A50": 0.05136086458882993, "A51": 0.1205091803290292, "A52": -0.023991589012096224, "A53": -0.01736799188410786, "A54": 0.2028405736342317, "A55": -0.06624320876179232, "A56": 0.01977526966541603, "A57": -0.06527271294845446, "A58": -0.11608841421251975, "A59": -0.3073435704218699, "A60": -0.07195286725076248, "A61": -0.06704628041835893, "A62": 0.17694657242597292, "A63": 0.021730267669268954, "area_ha": 1.5743727830374536, "centroid_lat": 21.579625809857387, "centroid_lon": 85.39002295288664, "cluster_id": 5, "n_pixels": 157, "perim_m": 720.0404733285388, "stand_id": 99, "stand_lbl": 16}}, {"type": "Feature", "geometry": {"type": "Polygon", "coordinates": [[[85.39576555028052, 21.579590048826866], [85.39576654490419, 21.579499734148563], [85.39586310432, 21.57950066441692], [85.39586210975922, 21.579590979104207], [85.39576555028052, 21.579590048826866]]]}, "id": "+113+89", "properties": {"A00": 0.011115756146447263, "A01": -0.05833355183658118, "A02": 0.20772067723240353, "A03": -0.024241113669317672, "A04": -0.05395900879070483, "A05": -0.0034893348319219018, "A06": -0.06498394614901527, "A07": 0.1458498671549355, "A08": -0.05338357434978099, "A09": -0.022571218555786827, "A10": 0.04847114996049756, "A11": -0.06633892161527422, "A12": -0.3471426796747297, "A13": 0.034576818131154, "A14": -0.017005346700821915, "A15": 0.03909725260399404, "A16": -0.11545554490045333, "A17": 0.10858419224750479, "A18": -0.11284961133427905, "A19": -0.07815003856950589, "A20": -0.36266031877905297, "A21": 0.32651271271536686, "A22": 0.19745768279515247, "A23": -0.03838723980314085, "A24": -0.002900308997963746, "A25": -0.008615489768892306, "A26": 0.11698752272802043, "A27": -0.006033910722028023, "A28": -0.09325168677142058, "A29": 0.14967996884978418, "A30": 0.05060378094091917, "A31": 0.06789890714004783, "A32": -0.06878560805034709, "A33": 0.02927515352922027, "A34": -0.00013697453037759833, "A35": -0.059616956441254795, "A36": -0.10828793130454296, "A37": 0.04160985336713506, "A38": 0.12291973369118764, "A39": -0.0178554372691906, "A40": 0.07756580507644424, "A41": 0.07154866754755393, "A42": -0.2016358969902037, "A43": 0.27249874913028344, "A44": 0.027528109583552455, "A45": 0.13764180492521053, "A46": -0.04769298378705901, "A47": -0.008870583717923599, "A48": -0.18645592151166931, "A49": -0.05495396946748549, "A50": -0.012067860725538806, "A51": 0.13547272072878938, "A52": 0.06660744983140879, "A53": -0.037908319965353744, "A54": 0.1762886560478999, "A55": -0.05651682254050044, "A56": 0.01220495310036468, "A57": -0.026274323216878462, "A58": -0.14835543653266284, "A59": -0.23319467951956785, "A60": -0.03556902910414159, "A61": -0.08115676110426141, "A62": 0.11058939409785902, "A63": 0.04555033602853406, "area_ha": 0.01002790114007165, "centroid_lat": 21.579545355794522, "centroid_lon": 85.39581432981934, "n_pixels": 1, "perim_m": 40.002345656334626, "stand_id": 100, "stand_lbl": 32}}, {"type": "Feature", "geometry": {"type": "MultiPolygon", "coordinates": [[[[85.39162247198657, 21.578737163745167], [85.3918155894348, 21.578739028962104], [85.39181658646595, 21.5786487144455], [85.39210626249455, 21.57865151184421], [85.39210526564307, 21.57874182637878], [85.39220182439414, 21.578742758731234], [85.39220082759654, 21.578833073265805], [85.39258706287927, 21.578836802154584], [85.39258606632423, 21.578927116698143], [85.39268262521004, 21.578928048790083], [85.3926816287089, 21.57901836334262], [85.39345410051403, 21.579025818056923], [85.39345609256411, 21.57884518888896], [85.39355265144093, 21.57884612046886], [85.39355165547877, 21.578936435057333], [85.39364821442747, 21.578937366583332], [85.39364921032674, 21.57884705199486], [85.39384232811634, 21.578848914867198], [85.39384332388984, 21.57875860026974], [85.39403644157163, 21.578760462917497], [85.39403743722836, 21.578670148302077], [85.39423055481133, 21.57867201071627], [85.39423254586428, 21.57849138146746], [85.3948118980293, 21.578496967326647], [85.39481289319195, 21.57840665267529], [85.39500601050544, 21.578408514164224], [85.39500700553334, 21.578318199503883], [85.39510356414067, 21.578319130167504], [85.3951045591057, 21.578228815498182], [85.39520111765914, 21.578229746098916], [85.39520211256128, 21.578139431429594], [85.39529867105183, 21.57814036196745], [85.39529668136433, 21.578320991315074], [85.39539323998063, 21.578321921808012], [85.39539125039195, 21.578502551155637], [85.39548780913402, 21.578503481603658], [85.39548482488574, 21.57877442563857], [85.39558138381646, 21.578775356032697], [85.39557939440743, 21.578955985398288], [85.39567595346392, 21.578956915747494], [85.39567296949411, 21.57922785979139], [85.39576952873925, 21.579228790104665], [85.39576753951887, 21.579409419470256], [85.39538130211612, 21.579405697857833], [85.39537732266025, 21.57976695650817], [85.39460484619286, 21.579759510471593], [85.39460584154416, 21.579669195838203], [85.39441272259575, 21.579667333783334], [85.39441371806383, 21.57957701915893], [85.3941240398613, 21.579574225658906], [85.39412204857479, 21.579754854871783], [85.39402548906016, 21.579753923588328], [85.39401951469758, 21.580295811173066], [85.39344015560656, 21.580290222124862], [85.39343816339478, 21.58047085125689], [85.39314848355731, 21.580468055951258], [85.39314649095927, 21.58064868506532], [85.39285681080739, 21.58064588922968], [85.39285880376475, 21.580465260142564], [85.392665683927, 21.58046339599462], [85.39266767709998, 21.58028276692547], [85.39257111730687, 21.58028183477065], [85.39257311057865, 21.580101205710484], [85.39247655091131, 21.580100273510748], [85.39247954096271, 21.579829329924994], [85.39257610044142, 21.579830262106764], [85.39257709705934, 21.57973994757219], [85.39267365648413, 21.57974087970006], [85.39267963568864, 21.57919899243872], [85.39258307661419, 21.579198060337795], [85.3925850697602, 21.579017431250684], [85.39210227507064, 21.579012769946573], [85.39210028133174, 21.579193398997752], [85.39229339942675, 21.579195263702655], [85.39229240266509, 21.579285578228244], [85.39248552090383, 21.57928744271755], [85.39248452425896, 21.579377757252125], [85.39229140590344, 21.579375892753834], [85.39228741879393, 21.5797371508562], [85.39209429998026, 21.57973528610638], [85.39209529688564, 21.579644971589776], [85.39170905955476, 21.57964124142539], [85.3917080624158, 21.57973155592403], [85.39151494365603, 21.57972969050048], [85.39151394639133, 21.57982000498115], [85.39122426812591, 21.57981720641463], [85.39122327067255, 21.579907520886323], [85.39151294911763, 21.579910319470812], [85.39151095455227, 21.580090948450128], [85.39160751416571, 21.58009188120682], [85.39160651693693, 21.580182195696477], [85.39170307661327, 21.58018312839927], [85.39170207943839, 21.580273442888927], [85.39160551969917, 21.580272510186134], [85.3916045224614, 21.58036282466681], [85.3915079626683, 21.580361891901134], [85.39150497073942, 21.58063283534316], [85.39140841076664, 21.580631902496638], [85.39140741338515, 21.58072221697731], [85.39131085336746, 21.58072128407689], [85.39130985592308, 21.580811598539597], [85.39121329584252, 21.580810665585275], [85.39121130081902, 21.580991294510692], [85.39130786101637, 21.58099222748298], [85.3913058660827, 21.581172856408397], [85.39091962485313, 21.58116912415992], [85.390920622567, 21.58107880971518], [85.39053438166081, 21.581075076595337], [85.39053537959926, 21.580984762159577], [85.39034225929439, 21.58098289527177], [85.39034425539587, 21.580802266418218], [85.38986145533438, 21.580797598259963], [85.38986245367707, 21.580707283860136], [85.38995901362289, 21.58070821759599], [85.38996200843536, 21.58043727436058], [85.39034824754492, 21.580441008711112], [85.39035223960414, 21.580079750986044], [85.39054535871426, 21.580081617784018], [85.39054735447438, 21.579900988894533], [85.39064391391715, 21.57990192220818], [85.39064491172084, 21.579811607754454], [85.3907414711097, 21.57981254100522], [85.39074246885951, 21.579722226551496], [85.39093558752946, 21.579724092873363], [85.39093758276854, 21.579543463947946], [85.39055134593173, 21.579539731115563], [85.39055234378034, 21.579449416661838], [85.39045578464301, 21.57944848332124], [85.39045678255451, 21.5793581688765], [85.39036022348004, 21.579357235482004], [85.39036221939288, 21.57917660659252], [85.39016910150448, 21.579174739650814], [85.39017808394765, 21.578361909684062], [85.39027464234837, 21.578362843150426], [85.39027564031377, 21.5782725286967], [85.39037219866059, 21.578273462100178], [85.39037419444766, 21.578092833183746], [85.39018107799656, 21.578090966349837], [85.3901830740082, 21.577910337451367], [85.38998995781762, 21.577908470401866], [85.38999195404486, 21.577727841521362], [85.3901850699929, 21.577729708543917], [85.39018706595964, 21.57754907964545], [85.39028362383034, 21.577550013066894], [85.39028262590986, 21.57764032752062], [85.39037918383447, 21.577641260888168], [85.39037818596789, 21.577731575350874], [85.39057130196983, 21.577733441933255], [85.39057529292413, 21.57737218404649], [85.39076840845894, 21.577374050368356], [85.39076741085287, 21.577464364849032], [85.39086396868765, 21.577465297929116], [85.3908629711265, 21.577555612418774], [85.39095952903314, 21.57755654544496], [85.39095653651137, 21.57782748890495], [85.39105309459768, 21.577828421895205], [85.39105209713534, 21.577918736384866], [85.39114865528452, 21.57791966932122], [85.39114466564178, 21.578280927279852], [85.39066187373699, 21.578276261960273], [85.39065389180145, 21.578998777670925], [85.39075045065132, 21.578999710876776], [85.3907474575187, 21.579270654264903], [85.39094057558675, 21.579272520541853], [85.39093957798967, 21.579362835013544], [85.39103613709108, 21.57936376806668], [85.39103713463427, 21.57927345359499], [85.39113369368178, 21.57927438659423], [85.3911346911531, 21.579184072122537], [85.39152092716347, 21.579187803544563], [85.39152292162103, 21.57900717454728], [85.39171603941959, 21.57900903990795], [85.39171803361664, 21.5788284108927], [85.39162147483863, 21.578827478243806], [85.39162247198657, 21.578737163745167]]], [[[85.39162247198657, 21.578737163745167], [85.39152591327144, 21.578736231051355], [85.39152691048224, 21.57864591654373], [85.3916234691345, 21.57864684923754], [85.39162247198657, 21.578737163745167]]]]}, "id": "+66+107", "properties": {"A00": 0.023434943349722293, "A01": -0.06940174864600743, "A02": 0.16267969227759504, "A03": 0.014724818248182158, "A04": -0.03747994815173489, "A05": -0.024190904158699414, "A06": -0.07019921706560299, "A07": 0.11561062382773683, "A08": -0.05768412173070811, "A09": -0.007721003752569549, "A10": 0.10930320321587135, "A11": -0.01656923370880998, "A12": -0.3530589462093588, "A13": 0.03860890235117717, "A14": 0.0009572594294701189, "A15": 0.05531467514919473, "A16": -0.06949410274766762, "A17": 0.0447390906724115, "A18": -0.1392335103366602, "A19": -0.0650740275880269, "A20": -0.32203717476421384, "A21": 0.2712639262808634, "A22": 0.2397677412937548, "A23": -0.04825101842348682, "A24": 0.01195766521084115, "A25": 0.028229059427417588, "A26": 0.09278849422120941, "A27": -0.034171269825819583, "A28": -0.0469561480108215, "A29": 0.15242072254051584, "A30": 0.032582622605869374, "A31": 0.09814294968114241, "A32": -0.012900088941131664, "A33": -0.0077957800344663165, "A34": 0.03139547375800989, "A35": -0.08829856490570778, "A36": -0.14699876163481806, "A37": 0.07558013775213579, "A38": 0.12993436317672966, "A39": -0.1047362398793973, "A40": 0.04285683646324646, "A41": 0.012477233451841591, "A42": -0.18498023937317815, "A43": 0.3140293884984859, "A44": 0.05142790984444645, "A45": 0.07764068076940475, "A46": -0.02026624798058626, "A47": 0.038659010723317816, "A48": -0.14235101900128272, "A49": -0.006722276300957755, "A50": -0.03075517814788499, "A51": 0.04013574235049427, "A52": 0.03291802257263911, "A53": 0.005033539432231901, "A54": 0.19971403921578113, "A55": -0.09833186436630544, "A56": -0.008778689827723545, "A57": -0.06469500235703757, "A58": -0.12717578290031117, "A59": -0.24743399711090103, "A60": -0.016581564694552325, "A61": -0.09997663278820387, "A62": 0.1310113195202654, "A63": 0.022363543537562085, "area_ha": 9.065198206363315, "centroid_lat": 21.579427704403344, "centroid_lon": 85.3925662309997, "cluster_id": 5, "n_pixels": 907, "perim_m": 3540.202343311533, "stand_id": 101, "stand_lbl": 32}}, {"type": "Feature", "geometry": {"type": "Polygon", "coordinates": [[[85.39065389180145, 21.578998777670925], [85.39066187373699, 21.578276261960273], [85.39114466564178, 21.578280927279852], [85.39114865528452, 21.57791966932122], [85.39134177160986, 21.57792153502325], [85.39133977703553, 21.57810216402053], [85.39143633531945, 21.578103096795193], [85.39143434084393, 21.57828372580146], [85.39153089925364, 21.5782846585312], [85.39152591327144, 21.578736231051355], [85.39162247198657, 21.578737163745167], [85.39162147483863, 21.578827478243806], [85.39171803361664, 21.5788284108927], [85.39171603941959, 21.57900903990795], [85.39152292162103, 21.57900717454728], [85.39152092716347, 21.579187803544563], [85.3911346911531, 21.579184072122537], [85.39113369368178, 21.57927438659423], [85.39103713463427, 21.57927345359499], [85.39103613709108, 21.57936376806668], [85.39093957798967, 21.579362835013544], [85.39094057558675, 21.579272520541853], [85.3907474575187, 21.579270654264903], [85.39075045065132, 21.578999710876776], [85.39065389180145, 21.578998777670925]]]}, "id": "+63+87", "properties": {"A00": 0.015000390911270535, "A01": -0.037909954847648426, "A02": 0.17268842359356323, "A03": -0.03982225617083406, "A04": -0.052517140062562785, "A05": 0.03168178393408218, "A06": -0.037669376279843486, "A07": 0.07069612137755536, "A08": -0.053948164334213594, "A09": -0.023308072466554565, "A10": 0.12861904962933765, "A11": -0.026810768048620582, "A12": -0.3665613216464753, "A13": 0.06227090636483448, "A14": 0.025666612303919197, "A15": 0.06966012704049877, "A16": -0.0643305443878466, "A17": 0.05815987798451253, "A18": -0.1392166959976108, "A19": -0.07257158542451049, "A20": -0.319634824995694, "A21": 0.28082583599285865, "A22": 0.23668994625014153, "A23": -0.04110226080758314, "A24": -0.00028967207857487435, "A25": 0.020405254231689336, "A26": 0.08726704150989241, "A27": -0.043258991102440796, "A28": -0.062117362637546227, "A29": 0.12807957062552414, "A30": 0.043991658451844315, "A31": 0.14088519308352676, "A32": -0.0033269818812679936, "A33": -0.02072111829146477, "A34": 0.0585728029588083, "A35": -0.07707773677764432, "A36": -0.19000590168120013, "A37": 0.08862110560165486, "A38": 0.11510937562099506, "A39": -0.09718893407401917, "A40": 0.029750299853345475, "A41": -0.00832785672049008, "A42": -0.20712440754738248, "A43": 0.2739729709935825, "A44": 0.05607276301913826, "A45": 0.10334335600455029, "A46": 0.0064441846352216335, "A47": 0.022065265542982944, "A48": -0.14175413247657534, "A49": -0.021844050984960495, "A50": 0.014524741638146026, "A51": 0.06917494789719819, "A52": 0.0028421021831938936, "A53": -0.00832300115928634, "A54": 0.21377424627101635, "A55": -0.09114682546774237, "A56": 0.01472646882460111, "A57": -0.07625213734306856, "A58": -0.09217815445506243, "A59": -0.2673581387608073, "A60": -0.01706619082097951, "A61": -0.0961940047387207, "A62": 0.16209514967693403, "A63": 0.010777577112433054, "area_ha": 1.0830092237461308, "centroid_lat": 21.578699817004583, "centroid_lon": 85.39113288588585, "cluster_id": 3, "n_pixels": 108, "perim_m": 540.0305165921401, "stand_id": 102, "stand_lbl": 22}}, {"type": "Feature", "geometry": {"type": "Polygon", "coordinates": [[[85.38555029285439, 21.577684838126668], [85.38555329541033, 21.577413895385327], [85.38574641052294, 21.57741576752828], [85.38574741124617, 21.577325453272184], [85.38671298653972, 21.577334810618257], [85.38671498677344, 21.57715418200725], [85.38719777401597, 21.577158858537803], [85.38719977362088, 21.576978229890862], [85.38787567514957, 21.576984774620765], [85.38787467576483, 21.577075088975675], [85.38797123320435, 21.577076023717645], [85.38797023387352, 21.57716633808154], [85.38835646392806, 21.577170076510424], [85.38835546483078, 21.577260390883303], [85.38845202242301, 21.577261325355778], [85.38845102337964, 21.577351639737635], [85.38864413868987, 21.57735350852089], [85.38864313976327, 21.577443822902747], [85.38873969748128, 21.577444757213527], [85.3887376997269, 21.577625385995212], [85.38883425757965, 21.577626320261075], [85.38883625520826, 21.577445691470405], [85.38941560168695, 21.577451295834884], [85.38941660012846, 21.57736098141709], [85.38951315783747, 21.57736191527871], [85.38951515459472, 21.57718128642516], [85.38941859701147, 21.577180352572523], [85.38942059387651, 21.57699972371897], [85.38932403641903, 21.576998789821417], [85.38932503489646, 21.576908475394642], [85.38922847750186, 21.576907541452172], [85.38922947604217, 21.576817227025398], [85.38903636138771, 21.57681535896978], [85.38903835868395, 21.576634730143176], [85.38884524428998, 21.57663286188095], [85.38884724181081, 21.57645223306333], [85.38875068473959, 21.57645129886035], [85.38875268235023, 21.576270670051713], [85.38865612541377, 21.576269735794835], [85.38865912196898, 21.575998792595353], [85.38875567873477, 21.575999726834265], [85.38875667751763, 21.575909412425457], [85.38885323422952, 21.57591034661047], [85.38885523166948, 21.57572971778387], [85.38875867507437, 21.575728783607836], [85.38876366886294, 21.57527721154582], [85.38905333775892, 21.575280013840352], [85.38905533487551, 21.575099384977815], [85.38915189106636, 21.575100318956217], [85.38915288956177, 21.575010004520458], [85.38924944568976, 21.575010938435977], [85.38924545193271, 21.575372196187995], [85.38943856469173, 21.575374063884286], [85.38943556967264, 21.575645007218515], [85.38953212624081, 21.575645940999287], [85.38953112795201, 21.575736255444028], [85.38962768458305, 21.5757371891709], [85.38962568810427, 21.575917818060386], [85.38943257460865, 21.575915950534775], [85.38943057786936, 21.576096579406293], [85.38933402100476, 21.576095645553657], [85.38933202413072, 21.57627627441619], [85.38942858111211, 21.576277208277812], [85.38942458753473, 21.576638466011865], [85.38961770199157, 21.57664033360036], [85.38961570541399, 21.57682096248086], [85.38990537749899, 21.576823763481816], [85.38990338125379, 21.57700439238028], [85.38999993874721, 21.577005325936476], [85.38999794260081, 21.577185954843927], [85.39019105783919, 21.577187821821564], [85.39018906190839, 21.577368450729015], [85.39047873516121, 21.577371250804706], [85.39047773737548, 21.577461565267413], [85.3905742951923, 21.57746249851818], [85.39057130196983, 21.577733441933255], [85.39037818596789, 21.577731575350874], [85.39037918383447, 21.577641260888168], [85.39028262590986, 21.57764032752062], [85.39028362383034, 21.577550013066894], [85.39018706595964, 21.57754907964545], [85.3901850699929, 21.577729708543917], [85.38999195404486, 21.577727841521362], [85.38998995781762, 21.577908470401866], [85.3901830740082, 21.577910337451367], [85.39018107799656, 21.578090966349837], [85.39037419444766, 21.578092833183746], [85.39037219866059, 21.578273462100178], [85.39027564031377, 21.5782725286967], [85.39027464234837, 21.578362843150426], [85.39017808394765, 21.578361909684062], [85.39017708591936, 21.578452224128807], [85.38998396901013, 21.578450357034388], [85.38998197269305, 21.578630985905907], [85.38920950430152, 21.578623515210577], [85.38920750701426, 21.578804144010228], [85.38901438972773, 21.57880227575698], [85.38901738601345, 21.578531332584454], [85.38911394447705, 21.57853226672455], [85.3891149431611, 21.578441952333705], [85.3894046183992, 21.578444754403655], [85.3894086123898, 21.578083496759433], [85.38902237971217, 21.578079760621254], [85.38902337844115, 21.577989446221427], [85.38892682034586, 21.57798851205438], [85.38892781911973, 21.57789819765455], [85.38805879702566, 21.57788978764483], [85.38805779771279, 21.57798010199974], [85.38815435576318, 21.577981036678825], [85.38815335649521, 21.578071351033735], [85.38824991460848, 21.578072285658923], [85.38824391927922, 21.57861417181534], [85.38805080234303, 21.578612302457167], [85.38804880361847, 21.57879293114902], [85.38843503800288, 21.57879666966774], [85.38843303973647, 21.578977298386544], [85.38823992229723, 21.578975429226], [85.3882379237703, 21.579156057926838], [85.38814136493839, 21.579155123256733], [85.3881433635821, 21.57897449456488], [85.38785368747264, 21.578971690231175], [85.38785268797112, 21.57906200456812], [85.38775612922005, 21.579061069673436], [85.38775512965566, 21.5791513840014], [85.38765857085069, 21.579150449052815], [85.38765257299717, 21.579692334975668], [85.38745945467758, 21.579690464844944], [85.38746145422859, 21.579509836224954], [85.38707521813737, 21.579506095343667], [85.38707921812872, 21.579144838157585], [85.38669298307956, 21.579141096440864], [85.386688982136, 21.579502353555082], [85.38649586416673, 21.579500482328413], [85.38649686453064, 21.579410168063333], [85.38640030560889, 21.579409232369148], [85.3864023064445, 21.57922860383899], [85.38630574764852, 21.57922766809091], [85.38630874903666, 21.578956725304653], [85.38621219042933, 21.578955789520638], [85.3862141914446, 21.57877516099048], [85.38611763296302, 21.57877422516155], [85.38611963407709, 21.578593596640374], [85.3860230757213, 21.578592660766528], [85.38602507693419, 21.578412032245353], [85.38592851869515, 21.57841109631761], [85.38593052001585, 21.578230467805415], [85.38583396190259, 21.578229531832754], [85.38583596331311, 21.578048903329545], [85.38573940533459, 21.57804796731197], [85.38574140684393, 21.57786733880876], [85.3856448489822, 21.577866402737286], [85.38564685059035, 21.577685774243058], [85.38555029285439, 21.577684838126668]]]}, "id": "+28+91", "properties": {"A00": 0.01888574360841624, "A01": -0.010535096040895111, "A02": 0.09217192074766004, "A03": 0.014650949539695604, "A04": -0.04684045215922431, "A05": -0.001622989752401325, "A06": -0.10110603031199179, "A07": 0.12181067972966762, "A08": -0.047525518185702414, "A09": -0.02866513596624411, "A10": 0.14904524639084074, "A11": 0.0047599090957418655, "A12": -0.33139881719095976, "A13": 0.002260512264467519, "A14": 0.04367560897198749, "A15": 0.06755251306648313, "A16": -0.0659686932651522, "A17": 0.05983536636142057, "A18": -0.17422003988789644, "A19": -0.05402112963416954, "A20": -0.39795645458071366, "A21": 0.21318775524093142, "A22": 0.2031872018359384, "A23": -0.022688829238591113, "A24": 0.041819586272084666, "A25": 0.025885017234907024, "A26": 0.13812673940990752, "A27": -0.07791686865086563, "A28": -0.06025530173018706, "A29": 0.16246265071565943, "A30": -0.006019306683687658, "A31": 0.17488696998572822, "A32": 0.04771582669141302, "A33": 0.025166081808066534, "A34": 0.05221272401005913, "A35": -0.08099880876388992, "A36": -0.1175785852111953, "A37": 0.03919391238664095, "A38": 0.12975553255960212, "A39": -0.07049117646732934, "A40": 0.0339458315191794, "A41": 0.011412876680006038, "A42": -0.19174730659031217, "A43": 0.2808378326380625, "A44": 0.09679769255116245, "A45": 0.07017555651087083, "A46": 0.02401538740432726, "A47": 0.017176271543332955, "A48": -0.1451600905264235, "A49": 0.04102810913614941, "A50": 0.016477129502569292, "A51": 0.02200596415738781, "A52": 0.016604681807846917, "A53": 0.009478991545068902, "A54": 0.20188665523908259, "A55": -0.10156553829415088, "A56": 0.06207761691289654, "A57": -0.11494088793068566, "A58": -0.1182235468484992, "A59": -0.28036411696113006, "A60": -0.05115825182281627, "A61": -0.08836062155215185, "A62": 0.12678443199927475, "A63": 0.025209349978360503, "area_ha": 9.32588889216912, "centroid_lat": 21.577782389144122, "centroid_lon": 85.38799062397536, "cluster_id": 2, "n_pixels": 933, "perim_m": 3120.1732295941442, "stand_id": 103, "stand_lbl": 8}}, {"type": "Feature", "geometry": {"type": "Polygon", "coordinates": [[[85.39193507709957, 21.576662727306818], [85.39193906446062, 21.576301469132588], [85.39203562157674, 21.576302401485037], [85.39203661834738, 21.57621208694148], [85.39194006128515, 21.576211154589032], [85.39194105810071, 21.57612084003649], [85.39232728614301, 21.576124569086968], [85.39232927929802, 21.575943939954936], [85.39252239310807, 21.57594580412983], [85.39252040019561, 21.57612643327983], [85.39300318541693, 21.57613109276934], [85.39300517772752, 21.57595046358341], [85.39310173467297, 21.57595139529806], [85.39309177349733, 21.576854541263636], [85.39367111883516, 21.576860130680146], [85.39367311040014, 21.57667950144032], [85.39405934024806, 21.576683226565155], [85.39406133130998, 21.576502597289398], [85.39464067552493, 21.576508183247395], [85.39463868518165, 21.576688812577054], [85.39473524268405, 21.576689743375418], [85.39473225731287, 21.5769606873744], [85.39482881500392, 21.57696161813683], [85.39482682484929, 21.57714224746649], [85.39492338266611, 21.577143178184006], [85.39492039758238, 21.577414122182986], [85.39501695557885, 21.57741505285559], [85.39501496561287, 21.577595682194232], [85.39511152373511, 21.577596612821917], [85.39510853892988, 21.57786755682988], [85.39520509724076, 21.577868487412648], [85.39520310745444, 21.578049116760273], [85.39529966589109, 21.578050047289146], [85.39529867105183, 21.57814036196745], [85.39520211256128, 21.578139431429594], [85.39520111765914, 21.578229746098916], [85.3951045591057, 21.578228815498182], [85.39510356414067, 21.578319130167504], [85.39500700553334, 21.578318199503883], [85.39500601050544, 21.578408514164224], [85.39481289319195, 21.57840665267529], [85.3948118980293, 21.578496967326647], [85.39423254586428, 21.57849138146746], [85.39423055481133, 21.57867201071627], [85.39403743722836, 21.578670148302077], [85.39403644157163, 21.578760462917497], [85.39384332388984, 21.57875860026974], [85.39384232811634, 21.578848914867198], [85.39364921032674, 21.57884705199486], [85.39364821442747, 21.578937366583332], [85.39355165547877, 21.578936435057333], [85.39355265144093, 21.57884612046886], [85.39345609256411, 21.57884518888896], [85.39345410051403, 21.579025818056923], [85.3926816287089, 21.57901836334262], [85.39268262521004, 21.578928048790083], [85.39258606632423, 21.578927116698143], [85.39258706287927, 21.578836802154584], [85.39229738641049, 21.57883400557334], [85.39230137331339, 21.578472747426062], [85.39239793189377, 21.57847367966173], [85.39239992519249, 21.57829305057462], [85.3924964836561, 21.578293982738423], [85.3925024630762, 21.577752095432164], [85.39259902118047, 21.57775302751512], [85.3926010141648, 21.577572398401056], [85.39250445616831, 21.5775714663181], [85.39250644924248, 21.577390837204035], [85.39231333351901, 21.577388972894394], [85.39231532681774, 21.577208343789316], [85.39221876908178, 21.57720741156263], [85.39222275584991, 21.57684615336145], [85.3921261983565, 21.576845221089847], [85.3921281918259, 21.57666459199375], [85.39193507709957, 21.576662727306818]]]}, "id": "+88+83", "properties": {"A00": 0.05343540032131362, "A01": -0.0480001375943111, "A02": 0.08538427023950934, "A03": 0.048143635576742345, "A04": -0.034490163258090144, "A05": -0.05586108831375718, "A06": -0.14267684847976214, "A07": 0.1651674675473199, "A08": -0.015591738600690824, "A09": -0.00025640580294788583, "A10": 0.13357324962587824, "A11": 0.028065965307951874, "A12": -0.33992939167152236, "A13": 0.01748755033240502, "A14": 0.017373433755189127, "A15": 0.05801719859490485, "A16": 0.012882170136346661, "A17": -0.01075420100482603, "A18": -0.19754266592176276, "A19": -0.07560754218064529, "A20": -0.3020158497708636, "A21": 0.11674363170667196, "A22": 0.2480802629460365, "A23": -0.08064032437619165, "A24": 0.04993741129262814, "A25": 0.05201137884462301, "A26": 0.10989654068079589, "A27": -0.012794576887890458, "A28": -0.016572018266224172, "A29": 0.18557953054912996, "A30": 0.030110645793377383, "A31": 0.12171047598197081, "A32": 0.10650033962735586, "A33": 0.02047988337573196, "A34": 0.0010405203427374366, "A35": -0.10661537167395627, "A36": -0.13565045366238762, "A37": 0.04283432094695947, "A38": 0.1320377166038406, "A39": -0.0881496317695261, "A40": 0.0334593619028402, "A41": 0.008721005604298277, "A42": -0.1612778677902647, "A43": 0.3577552906392319, "A44": 0.09467412413136597, "A45": -0.010578475655680968, "A46": -0.045182126408659165, "A47": 0.16527796464934838, "A48": -0.09579419634062018, "A49": 0.03901357649722458, "A50": -0.012489815180880742, "A51": -0.05282902842908597, "A52": 0.054005451729482325, "A53": 0.040286492641059206, "A54": 0.23347414849796932, "A55": -0.12750306289659905, "A56": 0.02404708131047043, "A57": -0.077441152508322, "A58": -0.09702676888643483, "A59": -0.20716291998344, "A60": 0.008569244483534659, "A61": -0.12464202080469618, "A62": 0.05731511242960562, "A63": 0.05569577071376078, "area_ha": 7.099742603623687, "centroid_lat": 21.57759550197393, "centroid_lon": 85.39351447601629, "cluster_id": 1, "n_pixels": 710, "perim_m": 1600.0921859713549, "stand_id": 104, "stand_lbl": 36}}, {"type": "Feature", "geometry": {"type": "Polygon", "coordinates": [[[85.39106007665441, 21.57719622044065], [85.39106107407184, 21.57710590594201], [85.39115763169102, 21.577106838842433], [85.39116261839187, 21.576655266322277], [85.3915488477098, 21.576658997259212], [85.39155283602304, 21.57629773915685], [85.39164939312121, 21.576298671733877], [85.3916503901254, 21.576208357199306], [85.39174694717866, 21.576209289722435], [85.39174794411997, 21.57611897517888], [85.39194105810071, 21.57612084003649], [85.39194006128515, 21.576211154589032], [85.39203661834738, 21.57621208694148], [85.39203562157674, 21.576302401485037], [85.39193906446062, 21.576301469132588], [85.39193507709957, 21.576662727306818], [85.3921281918259, 21.57666459199375], [85.3921261983565, 21.576845221089847], [85.39222275584991, 21.57684615336145], [85.39221876908178, 21.57720741156263], [85.39231532681774, 21.577208343789316], [85.39231333351901, 21.577388972894394], [85.39250644924248, 21.577390837204035], [85.39250445616831, 21.5775714663181], [85.3926010141648, 21.577572398401056], [85.39259902118047, 21.57775302751512], [85.3925024630762, 21.577752095432164], [85.3924964836561, 21.578293982738423], [85.39239992519249, 21.57829305057462], [85.39239793189377, 21.57847367966173], [85.39230137331339, 21.578472747426062], [85.39229738641049, 21.57883400557334], [85.39220082759654, 21.578833073265805], [85.39220182439414, 21.578742758731234], [85.39210526564307, 21.57874182637878], [85.39210626249455, 21.57865151184421], [85.39181658646595, 21.5786487144455], [85.3918155894348, 21.578739028962104], [85.39162247198657, 21.578737163745167], [85.3916234691345, 21.57864684923754], [85.39152691048224, 21.57864591654373], [85.39153089925364, 21.5782846585312], [85.39162745767233, 21.578285591207045], [85.3916304490173, 21.578014647666205], [85.39153389077828, 21.578013715008325], [85.39153688225801, 21.57774277147647], [85.39134376615725, 21.577740906016984], [85.39134576069566, 21.57756027701072], [85.39115264485542, 21.577558411335637], [85.39115463960044, 21.577377782347337], [85.39125119739928, 21.577378715193863], [85.39125319200956, 21.577198086187597], [85.39106007665441, 21.57719622044065]]]}, "id": "+76+81", "properties": {"A00": 0.03579707017378523, "A01": -0.05428492416331605, "A02": 0.1294975828245983, "A03": 0.022625742318461022, "A04": -0.039559075638152516, "A05": -0.03746498430327478, "A06": -0.12037378798501852, "A07": 0.15089106195395874, "A08": -0.03235199283727387, "A09": -0.006900576442074327, "A10": 0.13529500045171436, "A11": -0.019895616058889058, "A12": -0.3321241566114273, "A13": 0.029599014247060212, "A14": 0.012674001139568647, "A15": 0.08243513703542676, "A16": 0.0013491628813199566, "A17": 0.025313994968013447, "A18": -0.18049999078190532, "A19": -0.11770549689460241, "A20": -0.3586390565534745, "A21": 0.18897961658760967, "A22": 0.2256809545805402, "A23": -0.0862084364831483, "A24": 0.020883137838915055, "A25": 0.052116115912750324, "A26": 0.11408121053609245, "A27": -0.01375533837038887, "A28": -0.010714059782051498, "A29": 0.1880482024265797, "A30": 0.0031277959575548827, "A31": 0.10991797715869406, "A32": 0.045988127054605886, "A33": 0.04364717566563877, "A34": 0.012267945030703952, "A35": -0.12106782946877073, "A36": -0.13293092949621216, "A37": 0.07412001294370901, "A38": 0.11775715670888873, "A39": -0.09624462492237008, "A40": 0.06445021252514196, "A41": 0.0351633530645433, "A42": -0.16817022178269017, "A43": 0.32663235762022735, "A44": 0.07966489423106507, "A45": 0.013901180671978765, "A46": -0.05958031396308021, "A47": 0.13325127468227407, "A48": -0.10223810251056512, "A49": 0.03538826904539351, "A50": -0.0353865315094929, "A51": -0.015120237439450339, "A52": 0.03757287379486427, "A53": 0.026581708628221495, "A54": 0.22016986018136536, "A55": -0.10287263195373994, "A56": 0.028602172238304396, "A57": -0.08974705686503205, "A58": -0.08984782217223282, "A59": -0.19424225383564678, "A60": 0.008257978977111564, "A61": -0.12556998545016498, "A62": 0.1118698249016683, "A63": 0.06331391674658834, "area_ha": 2.597218585127377, "centroid_lat": 21.57752495112995, "centroid_lon": 85.39185863337921, "cluster_id": 1, "n_pixels": 260, "perim_m": 1000.0567463521683, "stand_id": 105, "stand_lbl": 26}}, {"type": "Feature", "geometry": {"type": "Polygon", "coordinates": [[[85.38545573696013, 21.577503273471134], [85.38545773876591, 21.577322644976906], [85.38555429625035, 21.57732358112923], [85.38555629792138, 21.577142952635008], [85.38574941267466, 21.577144824751006], [85.38575041337992, 21.57705451049491], [85.38584697070266, 21.577055446467572], [85.38584797134504, 21.576965132202492], [85.38594452862287, 21.57696606811227], [85.38594853088695, 21.576604811016022], [85.3861416449665, 21.57660668263795], [85.38614264540226, 21.576516368354905], [85.38623920239263, 21.57651730408502], [85.3862402027655, 21.576426989792992], [85.386336759693, 21.57642792545124], [85.38633876030401, 21.576247296867184], [85.3864353171237, 21.576248232462554], [85.38643631735285, 21.57615791816154], [85.38653287411864, 21.57615885370301], [85.38653187394338, 21.576249168004022], [85.38672498760971, 21.576251038925264], [85.38672298748378, 21.576431667545254], [85.38681954444719, 21.57643260293401], [85.38681754442008, 21.576613231562984], [85.38691410150027, 21.57661416689784], [85.38691310154061, 21.57670448121682], [85.38710621584474, 21.576706351724837], [85.38710321628916, 21.576977294699738], [85.38719977362088, 21.576978229890862], [85.38719777401597, 21.577158858537803], [85.38671498677344, 21.57715418200725], [85.38671298653972, 21.577334810618257], [85.38574741124617, 21.577325453272184], [85.38574641052294, 21.57741576752828], [85.38555329541033, 21.577413895385327], [85.38555229456135, 21.57750420963244], [85.38545573696013, 21.577503273471134]]]}, "id": "+6+67", "properties": {"A00": 0.020948184331921794, "A01": 0.01533013046670012, "A02": 0.0712618722599716, "A03": 0.01330051911393374, "A04": -0.048960722391378685, "A05": 0.0035998949393630155, "A06": -0.11085265370969531, "A07": 0.11516314449941374, "A08": -0.03892948449922253, "A09": -0.03852247134517668, "A10": 0.16785061239052873, "A11": 0.029093753550819945, "A12": -0.32053684034296237, "A13": -0.0005242291283166929, "A14": 0.05163287468281951, "A15": 0.07156030873339445, "A16": -0.050544132441442687, "A17": 0.05696349727628943, "A18": -0.20798469582709445, "A19": -0.05386000474703184, "A20": -0.41433440928445575, "A21": 0.17708820002180037, "A22": 0.1858670580767618, "A23": -0.019334120109631932, "A24": 0.04642049080418839, "A25": 0.019594902545250124, "A26": 0.14261579534794178, "A27": -0.07335159199728176, "A28": -0.056351275165500564, "A29": 0.15621475600723225, "A30": 0.010311856363187944, "A31": 0.20474824463721675, "A32": 0.07230208265692006, "A33": 0.036804024334960196, "A34": 0.04379178261070434, "A35": -0.06572883146683926, "A36": -0.1147073691754675, "A37": 0.039938336620170316, "A38": 0.13404489434288877, "A39": -0.041335981718243826, "A40": 0.029379994111484654, "A41": 0.013284272814375738, "A42": -0.17741154297286307, "A43": 0.26983814518897287, "A44": 0.11308980442369017, "A45": 0.0692698221584531, "A46": 0.03540784621920067, "A47": 0.03253294366559678, "A48": -0.1593693670672436, "A49": 0.0438292272074709, "A50": 0.019884370646015063, "A51": -0.000562052031687713, "A52": 0.036452427429836405, "A53": 0.006301530979678507, "A54": 0.2044819684020602, "A55": -0.08845484710035964, "A56": 0.0764135865594824, "A57": -0.12612014012321485, "A58": -0.10898427197750661, "A59": -0.279330109403257, "A60": -0.05952533172200977, "A61": -0.07655766260101933, "A62": 0.123326328246646, "A63": 0.018633815213304723, "area_ha": 1.2534781522535807, "centroid_lat": 21.576900066033623, "centroid_lon": 85.3864037629903, "cluster_id": 2, "n_pixels": 125, "perim_m": 660.0360942369341, "stand_id": 106, "stand_lbl": 2}}, {"type": "Feature", "geometry": {"type": "Polygon", "coordinates": [[[85.38807678384887, 21.576264129085754], [85.38807878228597, 21.576083500331016], [85.38865812312324, 21.57608910699518], [85.38865612541377, 21.576269735794835], [85.38875268235023, 21.576270670051713], [85.38875068473959, 21.57645129886035], [85.38884724181081, 21.57645223306333], [85.38884524428998, 21.57663286188095], [85.38903835868395, 21.576634730143176], [85.38903636138771, 21.57681535896978], [85.38922947604217, 21.576817227025398], [85.38922847750186, 21.576907541452172], [85.38932503489646, 21.576908475394642], [85.38932403641903, 21.576998789821417], [85.38942059387651, 21.57699972371897], [85.38941859701147, 21.577180352572523], [85.38951515459472, 21.57718128642516], [85.38951315783747, 21.57736191527871], [85.38941660012846, 21.57736098141709], [85.38941560168695, 21.577451295834884], [85.38883625520826, 21.577445691470405], [85.38883425757965, 21.577626320261075], [85.3887376997269, 21.577625385995212], [85.38873969748128, 21.577444757213527], [85.38864313976327, 21.577443822902747], [85.38864713544271, 21.57708256534836], [85.38855057795827, 21.577081631001647], [85.38855157692979, 21.576991316610805], [85.38845501951721, 21.576990382210194], [85.38845901556496, 21.576629124673772], [85.38836245839492, 21.576628190228245], [85.38836345745628, 21.576537875846387], [85.3882669003581, 21.576536941355947], [85.38826789947335, 21.576446626974086], [85.38817134242909, 21.576445692429747], [85.38817334076737, 21.57626506367501], [85.38807678384887, 21.576264129085754]]]}, "id": "+40+68", "properties": {"A00": 0.01749238171705626, "A01": 0.0067649016108029016, "A02": 0.06075138679815316, "A03": -0.0037292435568622205, "A04": -0.0545548358876045, "A05": -0.0006686759747385617, "A06": -0.10093475077427513, "A07": 0.1137525506463685, "A08": -0.04024532596237143, "A09": -0.044773089025312504, "A10": 0.17684279402392183, "A11": 0.010153868334500068, "A12": -0.33199435172155806, "A13": -0.0013584392470881678, "A14": 0.06789894943362533, "A15": 0.0618796074005614, "A16": -0.06313010080736296, "A17": 0.07146361041151097, "A18": -0.2056322927995885, "A19": -0.052395550069526495, "A20": -0.4055787003274197, "A21": 0.18402018145934668, "A22": 0.1687534774015908, "A23": -0.01264907315815709, "A24": 0.05469161009209852, "A25": 0.024900726504578922, "A26": 0.1406584636177764, "A27": -0.07737640175087654, "A28": -0.06432557348329163, "A29": 0.1579976372798257, "A30": 0.014084936725690125, "A31": 0.21108797035025056, "A32": 0.06751268669825107, "A33": 0.03873016365552505, "A34": 0.049366750319990584, "A35": -0.06410515875591327, "A36": -0.10833465470305426, "A37": 0.03174047720072492, "A38": 0.1524474553598963, "A39": -0.013711899720536295, "A40": 0.025370229003822582, "A41": 0.010319574335894479, "A42": -0.1881958825066395, "A43": 0.25372101476927544, "A44": 0.1046793013456124, "A45": 0.048875081819143136, "A46": 0.05462557258465609, "A47": 0.011968209876472083, "A48": -0.17045656189165292, "A49": 0.03828220622036532, "A50": 0.05191891310400134, "A51": 0.02895159658047762, "A52": 0.02144403253142529, "A53": 0.007840419330474543, "A54": 0.20520436853611282, "A55": -0.0808454298166465, "A56": 0.0746352005298348, "A57": -0.12867861807538714, "A58": -0.11002238643613019, "A59": -0.2875385119300605, "A60": -0.05910803793122631, "A61": -0.07888405272776805, "A62": 0.11653519902016124, "A63": 0.02025769026552682, "area_ha": 1.0930351897020159, "centroid_lat": 21.576843249587913, "centroid_lon": 85.38879286151531, "cluster_id": 2, "n_pixels": 109, "perim_m": 640.035587710011, "stand_id": 107, "stand_lbl": 9}}, {"type": "Feature", "geometry": {"type": "Polygon", "coordinates": [[[85.38933202413072, 21.57627627441619], [85.38933402100476, 21.576095645553657], [85.38943057786936, 21.576096579406293], [85.38943257460865, 21.575915950534775], [85.38981880162687, 21.5759196853704], [85.38981680537267, 21.576100314277852], [85.3900099191468, 21.57610218137227], [85.3900079231082, 21.576282810297688], [85.39078037939943, 21.576290276510424], [85.39078137694263, 21.576199962020766], [85.39087793394198, 21.57620089503797], [85.39087893142228, 21.57611058053933], [85.3911686022766, 21.57611337925856], [85.3911725914163, 21.575752121201116], [85.39155881833571, 21.575755851967372], [85.39156081239801, 21.575575222898223], [85.39165736902007, 21.57557615543932], [85.3916563720518, 21.575666469982878], [85.39175292874572, 21.575667402470074], [85.39175193183135, 21.575757717013634], [85.39184848857917, 21.575758649455913], [85.39184450111034, 21.576119907639125], [85.39174794411997, 21.57611897517888], [85.39174694717866, 21.576209289722435], [85.3916503901254, 21.576208357199306], [85.39164939312121, 21.576298671733877], [85.39155283602304, 21.57629773915685], [85.3915488477098, 21.576658997259212], [85.39116261839187, 21.576655266322277], [85.39115763169102, 21.577106838842433], [85.39106107407184, 21.57710590594201], [85.39106007665441, 21.57719622044065], [85.39125319200956, 21.577198086187597], [85.39125119739928, 21.577378715193863], [85.39115463960044, 21.577377782347337], [85.39115264485542, 21.577558411335637], [85.39134576069566, 21.57756027701072], [85.39134376615725, 21.577740906016984], [85.39153688225801, 21.57774277147647], [85.39153389077828, 21.578013715008325], [85.3916304490173, 21.578014647666205], [85.39162745767233, 21.578285591207045], [85.39143434084393, 21.57828372580146], [85.39143633531945, 21.578103096795193], [85.39133977703553, 21.57810216402053], [85.39134177160986, 21.57792153502325], [85.39105209713534, 21.577918736384866], [85.39105309459768, 21.577828421895205], [85.39095653651137, 21.57782748890495], [85.39095952903314, 21.57755654544496], [85.3908629711265, 21.577555612418774], [85.39086396868765, 21.577465297929116], [85.39076741085287, 21.577464364849032], [85.39076840845894, 21.577374050368356], [85.39057529292413, 21.57737218404649], [85.3905742951923, 21.57746249851818], [85.39047773737548, 21.577461565267413], [85.39047873516121, 21.577371250804706], [85.39018906190839, 21.577368450729015], [85.39019105783919, 21.577187821821564], [85.38999794260081, 21.577185954843927], [85.38999993874721, 21.577005325936476], [85.38990338125379, 21.57700439238028], [85.38990537749899, 21.576823763481816], [85.38961570541399, 21.57682096248086], [85.38961770199157, 21.57664033360036], [85.38942458753473, 21.576638466011865], [85.38942858111211, 21.576277208277812], [85.38933202413072, 21.57627627441619]]]}, "id": "+69+75", "properties": {"A00": 0.03504576541982385, "A01": -0.026642828282328803, "A02": 0.09947446416580832, "A03": 0.02768617788407357, "A04": -0.03255847152230069, "A05": -0.02610876358537104, "A06": -0.12900806432751213, "A07": 0.12465936252067239, "A08": -0.04496969881779826, "A09": -0.009351468526915518, "A10": 0.1429410113901856, "A11": 0.020933871575363656, "A12": -0.32723644155131654, "A13": 0.0023679674890005817, "A14": 0.029768006965943422, "A15": 0.0672614910663843, "A16": -0.018977026464648706, "A17": 0.02712044559621116, "A18": -0.19433197349288234, "A19": -0.07667319346128261, "A20": -0.3739993672001149, "A21": 0.16839899930807356, "A22": 0.22824966660189575, "A23": -0.06492304599715674, "A24": 0.025423565407284247, "A25": 0.025931124335275092, "A26": 0.13470306562174517, "A27": -0.03328387764225575, "A28": -0.04646368894836274, "A29": 0.16789707159478356, "A30": 0.02347597104269964, "A31": 0.14912900258008668, "A32": 0.10913699561833906, "A33": 0.02416749297399951, "A34": 0.011902575989774707, "A35": -0.08452040240808108, "A36": -0.1143641647957451, "A37": 0.04511385022205122, "A38": 0.11605306355948887, "A39": -0.07841215154595726, "A40": 0.04747991254334967, "A41": 0.012549284960230046, "A42": -0.16869570885481158, "A43": 0.33216362130161026, "A44": 0.1149925043882105, "A45": 0.03584877718564859, "A46": -0.016961972280752708, "A47": 0.09410487006043247, "A48": -0.12078909181665858, "A49": 0.05686539350216817, "A50": -0.019650611448695558, "A51": -0.03350967154506729, "A52": 0.031503040957084734, "A53": 0.02882978523476676, "A54": 0.21088103960295065, "A55": -0.10952315739021572, "A56": 0.03784975695407125, "A57": -0.10663021236844562, "A58": -0.11383985033176344, "A59": -0.23832702175511236, "A60": -0.024100194364067636, "A61": -0.11032932179214029, "A62": 0.09354190243226236, "A63": 0.04550505818466078, "area_ha": 2.988302930767648, "centroid_lat": 21.57670369770432, "centroid_lon": 85.39068540271974, "cluster_id": 1, "n_pixels": 299, "perim_m": 1360.0768343753887, "stand_id": 108, "stand_lbl": 18}}, {"type": "Feature", "geometry": {"type": "Polygon", "coordinates": [[[85.38653187394338, 21.576249168004022], [85.38653587461745, 21.575887910773023], [85.38672898779868, 21.575889781658333], [85.38673098786172, 21.575709153020377], [85.38702065732366, 21.575711958899184], [85.38702165716653, 21.575621644571225], [85.38711821360893, 21.575622579744383], [85.38711721381995, 21.575712894081327], [85.38740688334475, 21.57571569929538], [85.38740588373544, 21.57580601364131], [85.38750244031259, 21.575806948598874], [85.38750144075716, 21.575897262953784], [85.38769455404619, 21.5758991327162], [85.38769255515994, 21.57607976144399], [85.38788566870947, 21.57608163099979], [85.38788666804031, 21.575991316626915], [85.38798322476119, 21.575992251323967], [85.38798222549323, 21.576082565696844], [85.38807878228597, 21.576083500331016], [85.38807678384887, 21.576264129085754], [85.38817334076737, 21.57626506367501], [85.38817134242909, 21.576445692429747], [85.38826789947335, 21.576446626974086], [85.3882669003581, 21.576536941355947], [85.38836345745628, 21.576537875846387], [85.38836245839492, 21.576628190228245], [85.38845901556496, 21.576629124673772], [85.38845501951721, 21.576990382210194], [85.38855157692979, 21.576991316610805], [85.38855057795827, 21.577081631001647], [85.38864713544271, 21.57708256534836], [85.38864413868987, 21.57735350852089], [85.38845102337964, 21.577351639737635], [85.38845202242301, 21.577261325355778], [85.38835546483078, 21.577260390883303], [85.38835646392806, 21.577170076510424], [85.38797023387352, 21.57716633808154], [85.38797123320435, 21.577076023717645], [85.38787467576483, 21.577075088975675], [85.38787567514957, 21.576984774620765], [85.38710321628916, 21.576977294699738], [85.38710621584474, 21.576706351724837], [85.38691310154061, 21.57670448121682], [85.38691410150027, 21.57661416689784], [85.38681754442008, 21.576613231562984], [85.38681954444719, 21.57643260293401], [85.38672298748378, 21.576431667545254], [85.38672498760971, 21.576251038925264], [85.38653187394338, 21.576249168004022]]]}, "id": "+38+65", "properties": {"A00": 0.008943635136958008, "A01": 0.004664529489855604, "A02": 0.06249678634986417, "A03": 0.008167059521687533, "A04": -0.05328848139132839, "A05": -0.0003454514246721924, "A06": -0.10629449936355663, "A07": 0.12478668935001626, "A08": -0.02409598868260821, "A09": -0.04094969431709208, "A10": 0.17188070770220204, "A11": 0.011295726496811704, "A12": -0.32613699716628297, "A13": 0.01568433363375382, "A14": 0.06544851811948912, "A15": 0.08683610103695302, "A16": -0.03636834598515676, "A17": 0.0643092572076813, "A18": -0.23582674633975162, "A19": -0.11234034659970871, "A20": -0.4064104545396009, "A21": 0.14567628925272913, "A22": 0.16094652871051596, "A23": -0.03075237810550913, "A24": 0.05536786291317007, "A25": 0.04284150020284105, "A26": 0.13566365587960783, "A27": -0.05917847853790026, "A28": -0.05460906537687814, "A29": 0.17156377548128904, "A30": 0.014131638260435262, "A31": 0.19289874066003546, "A32": 0.06057362842073511, "A33": 0.05063989608536226, "A34": 0.055506785269429676, "A35": -0.07450165051395674, "A36": -0.09873005557970854, "A37": 0.06463359124491726, "A38": 0.1537659745497557, "A39": -0.007594664207965031, "A40": 0.0611060862331, "A41": 0.012947852177776538, "A42": -0.1715164361636084, "A43": 0.2479938500011152, "A44": 0.11618477236987833, "A45": 0.02439019911027868, "A46": 0.026474537572415757, "A47": 0.07299186885179933, "A48": -0.16291221961744357, "A49": 0.04388508400207564, "A50": 0.039197595532144254, "A51": 0.018998459021832573, "A52": 0.04299310015125421, "A53": 0.01776821041921462, "A54": 0.22454576298853468, "A55": -0.06363052389453003, "A56": 0.08939534749738151, "A57": -0.12309051639880884, "A58": -0.10473754767692316, "A59": -0.25240481971228185, "A60": -0.043610139317417855, "A61": -0.08390744534187032, "A62": 0.11583992828457705, "A63": 0.050876608897697274, "area_ha": 2.1158733324664123, "centroid_lat": 21.57645653718433, "centroid_lon": 85.38754490790973, "cluster_id": 2, "n_pixels": 212, "perim_m": 840.0463728955158, "stand_id": 109, "stand_lbl": 6}}, {"type": "Feature", "geometry": {"type": "MultiPolygon", "coordinates": [[[[85.39339738089598, 21.575412302435055], [85.39349393750007, 21.575413233907156], [85.39349095001783, 21.575684177771386], [85.3935875068016, 21.575685109198574], [85.3935865110191, 21.57577542382298], [85.39387618159493, 21.575778217790123], [85.3938741903803, 21.575958847065884], [85.39426041835972, 21.575962571606816], [85.39426240909826, 21.575781942295123], [85.39435896598083, 21.575782873282137], [85.39435598005268, 21.576053817254166], [85.3944525371239, 21.576054748205244], [85.39445054659198, 21.576235377516937], [85.39454710378895, 21.576236308414117], [85.3945441181393, 21.576507252395132], [85.39406133130998, 21.576502597289398], [85.39405934024806, 21.576683226565155], [85.39367311040014, 21.57667950144032], [85.39367111883516, 21.576860130680146], [85.39309177349733, 21.576854541263636], [85.39309775026739, 21.576312653696867], [85.39319430744641, 21.57631358538456], [85.39319530349839, 21.576223270778122], [85.39329186063249, 21.576224202402937], [85.39329684049716, 21.575772629352777], [85.39339339733482, 21.575773560905727], [85.39339738089598, 21.575412302435055]]], [[[85.39339738089598, 21.575412302435055], [85.39330082430087, 21.57541137090007], [85.39330281617129, 21.575230741669227], [85.39339937264961, 21.57523167318624], [85.39339738089598, 21.575412302435055]]]]}, "id": "+90+59", "properties": {"A00": 0.0169200438541867, "A01": 0.009385721581078251, "A02": 0.11738939539591947, "A03": -0.0046845059054143375, "A04": -0.07174814840030908, "A05": -0.0063631299232519145, "A06": -0.09361329628749185, "A07": 0.12723021703428003, "A08": -0.008777134278652097, "A09": -0.02119237627675863, "A10": 0.15225675474159428, "A11": 0.01239048404409533, "A12": -0.313723683420473, "A13": -0.025481803510829612, "A14": 0.06474937742279466, "A15": 0.07545510030519335, "A16": -0.056840924252278574, "A17": 0.044510259865373374, "A18": -0.16895297233251264, "A19": -0.08896764016583437, "A20": -0.3924369718959342, "A21": 0.19440011419773814, "A22": 0.21522897243589842, "A23": -0.034609721134158396, "A24": 0.04769434275310966, "A25": 0.050917591617416845, "A26": 0.1113803558088554, "A27": -0.04506146780515064, "A28": -0.03258773495298852, "A29": 0.16804444724654743, "A30": 0.0059269546858794035, "A31": 0.21033132310776823, "A32": 0.09529710122092006, "A33": 0.04746274568310922, "A34": 0.04578507477694434, "A35": -0.07687669923091411, "A36": -0.12560035867484873, "A37": 0.029119774666720968, "A38": 0.12923511067056603, "A39": -0.04682255241563481, "A40": 0.03893364086767757, "A41": 0.0304190423892379, "A42": -0.1924849181729617, "A43": 0.29190137540970046, "A44": 0.11305326653986797, "A45": 0.022068595013592568, "A46": -0.0042424323687547125, "A47": 0.048805974123230615, "A48": -0.11968037128062885, "A49": 0.02363483316887269, "A50": 0.035523192257718626, "A51": 0.03276092985025132, "A52": 0.017452026930872958, "A53": 0.020902882489200168, "A54": 0.1852341024234798, "A55": -0.11213635781109829, "A56": 0.06727605833414597, "A57": -0.10535599588663179, "A58": -0.11257429477510007, "A59": -0.27037115447755017, "A60": -0.07844927682545587, "A61": -0.10060739463786426, "A62": 0.09399732209335876, "A63": 0.022498815569625994, "area_ha": 1.323681336224577, "centroid_lat": 21.576268063612, "centroid_lon": 85.39372446705879, "cluster_id": 2, "n_pixels": 132, "perim_m": 720.0415154109567, "stand_id": 110, "stand_lbl": 38}}, {"type": "Feature", "geometry": {"type": "Polygon", "coordinates": [[[85.38498496310349, 21.576414821079403], [85.38498896764031, 21.57605356413587], [85.38547175082246, 21.576058245436478], [85.3854727516445, 21.57596793118038], [85.38556930823961, 21.57596886726982], [85.38557030899877, 21.575878553004742], [85.38576342208118, 21.575880425003962], [85.38576542333898, 21.57569979645584], [85.38595853619682, 21.575701668212513], [85.3859605372031, 21.57552103963744], [85.38634676251453, 21.575524782459087], [85.38634876300877, 21.575344153848082], [85.38673498793392, 21.575347895735483], [85.38673598792951, 21.57525758140752], [85.38692910030227, 21.57525945200537], [85.38693010018108, 21.575169137677406], [85.3873163247469, 21.5751728781814], [85.3873143254654, 21.57535350688224], [85.3875074380178, 21.57535537682432], [85.38750543895188, 21.57553600553414], [85.38789166459568, 21.57553974477151], [85.38788966598791, 21.575720373517264], [85.38798622252912, 21.575721308196353], [85.38798422402016, 21.57590193695109], [85.38808078069611, 21.57590287157628], [85.38807878228597, 21.576083500331016], [85.38798222549323, 21.576082565696844], [85.38798322476119, 21.575992251323967], [85.38788666804031, 21.575991316626915], [85.38788566870947, 21.57608163099979], [85.38769255515994, 21.57607976144399], [85.38769455404619, 21.5758991327162], [85.38750144075716, 21.575897262953784], [85.38750244031259, 21.575806948598874], [85.38740588373544, 21.57580601364131], [85.38740688334475, 21.57571569929538], [85.38711721381995, 21.575712894081327], [85.38711821360893, 21.575622579744383], [85.38702165716653, 21.575621644571225], [85.38702065732366, 21.575711958899184], [85.38673098786172, 21.575709153020377], [85.38672898779868, 21.575889781658333], [85.38653587461745, 21.575887910773023], [85.38653287411864, 21.57615885370301], [85.38643631735285, 21.57615791816154], [85.3864353171237, 21.576248232462554], [85.38633876030401, 21.576247296867184], [85.386336759693, 21.57642792545124], [85.3862402027655, 21.576426989792992], [85.38623920239263, 21.57651730408502], [85.38614264540226, 21.576516368354905], [85.3861416449665, 21.57660668263795], [85.38594853088695, 21.576604811016022], [85.38594452862287, 21.57696606811227], [85.38584797134504, 21.576965132202492], [85.38584697070266, 21.577055446467572], [85.38575041337992, 21.57705451049491], [85.38574941267466, 21.577144824751006], [85.38555629792138, 21.577142952635008], [85.38555429625035, 21.57732358112923], [85.38536118128147, 21.577321708770686], [85.38536418412488, 21.57705076603833], [85.38526762682909, 21.577049829787192], [85.38526962882352, 21.576869201301946], [85.3851730716445, 21.576868265005892], [85.38517507373774, 21.576687636529634], [85.3850785166845, 21.576686700179682], [85.38508151996808, 21.57641575746529], [85.38498496310349, 21.576414821079403]]]}, "id": "+6+65", "properties": {"A00": 0.01959807396996432, "A01": 0.0028056235465952744, "A02": 0.07681198796541934, "A03": 0.04713705640901215, "A04": -0.042725177920919635, "A05": -0.016930855413647493, "A06": -0.1219826517523172, "A07": 0.1379068703867163, "A08": -0.023915471255492204, "A09": -0.042216125426649494, "A10": 0.15532013470502395, "A11": 0.03819438608985912, "A12": -0.317468968500412, "A13": -0.010742387655827999, "A14": 0.05504594288608567, "A15": 0.06382754759710507, "A16": -0.037293485459625984, "A17": 0.05682992214555387, "A18": -0.21546537325635362, "A19": -0.06143451574430042, "A20": -0.39292075785040076, "A21": 0.13887239787137026, "A22": 0.21229004863167308, "A23": -0.034499732007501296, "A24": 0.05365559077814732, "A25": 0.03013494195477191, "A26": 0.15871970780108818, "A27": -0.06050706547538469, "A28": -0.059406065508617004, "A29": 0.1818790004637206, "A30": 0.022180997938609302, "A31": 0.19479577325296696, "A32": 0.11629224019556048, "A33": 0.0426667534127683, "A34": 0.021847428917414598, "A35": -0.06453997272433104, "A36": -0.08312398490985269, "A37": 0.029317843822613956, "A38": 0.12669773524408912, "A39": -0.0347140967548654, "A40": 0.03411612100468772, "A41": -0.0016979598365189027, "A42": -0.1702295507547999, "A43": 0.28752980183397037, "A44": 0.12427159793758265, "A45": 0.04319614066305466, "A46": 0.0026642676037983426, "A47": 0.06834195551038136, "A48": -0.15170960546464396, "A49": 0.05509200016679169, "A50": 0.01277569005344089, "A51": -0.017081834698062417, "A52": 0.03425479026797358, "A53": 0.016124381373400096, "A54": 0.2105635643137417, "A55": -0.09166345444915558, "A56": 0.06932720606134783, "A57": -0.10449467656141398, "A58": -0.11888377162539691, "A59": -0.26297793106044526, "A60": -0.04915188462480285, "A61": -0.06512291964034589, "A62": 0.07781427230945015, "A63": 0.03166704843236951, "area_ha": 2.6072344833266383, "centroid_lat": 21.57608955955891, "centroid_lon": 85.38622945566762, "cluster_id": 1, "n_pixels": 261, "perim_m": 1240.067814371168, "stand_id": 111, "stand_lbl": 1}}, {"type": "Feature", "geometry": {"type": "MultiPolygon", "coordinates": [[[[85.39021700297225, 21.574839645557578], [85.39031355904633, 21.57484057885326], [85.39031455680511, 21.5747502643636], [85.39050766884549, 21.5747521307753], [85.39050866647851, 21.574661816276656], [85.39079833439533, 21.574664615454033], [85.39079733694197, 21.57475492997064], [85.39099044902726, 21.574756795816402], [85.39098745699057, 21.57502773937521], [85.39118056946214, 21.57502960502334], [85.39117857498661, 21.575210234074518], [85.39156480046871, 21.575213964741963], [85.39155881833571, 21.575755851967372], [85.3911725914163, 21.575752121201116], [85.3911686022766, 21.57611337925856], [85.39087893142228, 21.57611058053933], [85.39087793394198, 21.57620089503797], [85.39078137694263, 21.576199962020766], [85.39078037939943, 21.576290276510424], [85.39020103715181, 21.576284677185495], [85.39020303294787, 21.57610404824211], [85.3900099191468, 21.57610218137227], [85.39001191516743, 21.575921552446854], [85.39020502873494, 21.57592341930771], [85.39020702448607, 21.575742790355342], [85.39030358116202, 21.57574372369594], [85.3903045789747, 21.575653409215263], [85.39040113558778, 21.575654342483997], [85.39040811970165, 21.575022141074356], [85.39021500731992, 21.57502027452791], [85.39021700297225, 21.574839645557578]]], [[[85.39021700297225, 21.574839645557578], [85.39012044690715, 21.574838712207995], [85.39012144478271, 21.574748397727323], [85.39021800079391, 21.5747493310769], [85.39021700297225, 21.574839645557578]]]]}, "id": "+60+53", "properties": {"A00": 0.023044690295307427, "A01": 0.014448797289908067, "A02": 0.09593079258866291, "A03": 0.0002829062633290317, "A04": -0.058350568302260125, "A05": 0.006332324734334513, "A06": -0.11034459415732055, "A07": 0.11346611702201301, "A08": -0.03505893852251348, "A09": -0.012586076836705092, "A10": 0.15626217541967477, "A11": 0.015845069969379122, "A12": -0.3050842309008238, "A13": -0.018909253967140337, "A14": 0.06379768085072589, "A15": 0.0799551749553866, "A16": -0.05613978391929248, "A17": 0.057310886746565516, "A18": -0.184767206288549, "A19": -0.07910344683325106, "A20": -0.41697417960909783, "A21": 0.190829005852018, "A22": 0.19007422903671697, "A23": -0.01453829550348278, "A24": 0.04264575054977547, "A25": 0.02773048763106591, "A26": 0.13100591275200385, "A27": -0.05517554368962485, "A28": -0.044940764179821964, "A29": 0.16406800568986205, "A30": 0.0044110103964181205, "A31": 0.19907620720364022, "A32": 0.0935318577210068, "A33": 0.04748621258551849, "A34": 0.043035580498980174, "A35": -0.07026778627310695, "A36": -0.09828668189526633, "A37": 0.02310064593214983, "A38": 0.123580469895792, "A39": -0.03724832457263857, "A40": 0.04738974831335271, "A41": 0.041914870486330205, "A42": -0.18430238375639124, "A43": 0.2848667291018654, "A44": 0.12614980042509427, "A45": 0.04507825337847963, "A46": 0.012371548605975256, "A47": 0.02611920441886512, "A48": -0.1382211601359961, "A49": 0.049799931659721165, "A50": 0.020336862293719726, "A51": 0.021219645759883332, "A52": 0.02041661185442653, "A53": 0.0027592267235040852, "A54": 0.20158985852699632, "A55": -0.1023549323931908, "A56": 0.08230141284395877, "A57": -0.12121481171491649, "A58": -0.12534581159609706, "A59": -0.2782645400493607, "A60": -0.07708628605160052, "A61": -0.08721362881117907, "A62": 0.11288766353633686, "A63": 0.030417577292021457, "area_ha": 1.7348206054193895, "centroid_lat": 21.575521464800953, "centroid_lon": 85.3907791027699, "cluster_id": 2, "n_pixels": 173, "perim_m": 760.0429232236379, "stand_id": 112, "stand_lbl": 19}}, {"type": "Feature", "geometry": {"type": "Polygon", "coordinates": [[[85.39165736902007, 21.57557615543932], [85.39166035989793, 21.57530521180865], [85.39175691634931, 21.575306144286863], [85.39175891012414, 21.575125515190766], [85.39185546645874, 21.575126447597114], [85.3918564632743, 21.575036133044577], [85.39195301955499, 21.575037065397026], [85.39195501306034, 21.57485643627398], [85.39214812539714, 21.574858300790233], [85.392150118633, 21.57467767164922], [85.39224667468912, 21.574678603813023], [85.39224866779023, 21.574497974654044], [85.39253833563518, 21.574500770795115], [85.39253634289341, 21.57468139997206], [85.39272945505056, 21.574683263805593], [85.39272746252438, 21.574863893000508], [85.39282401873321, 21.574864824831934], [85.39282302251952, 21.574955139438373], [85.39291957879124, 21.574956071224886], [85.39291758648065, 21.57513670042878], [85.39301414287812, 21.575137632170375], [85.39301314677223, 21.575227946776813], [85.3931097032326, 21.57522887846451], [85.39310173467297, 21.57595139529806], [85.39300517772752, 21.57595046358341], [85.39300318541693, 21.57613109276934], [85.39252040019561, 21.57612643327983], [85.39252239310807, 21.57594580412983], [85.39232927929802, 21.575943939954936], [85.39232728614301, 21.576124569086968], [85.39184450111034, 21.576119907639125], [85.39184848857917, 21.575758649455913], [85.39175193183135, 21.575757717013634], [85.39175392565112, 21.57557708792652], [85.39165736902007, 21.57557615543932]]]}, "id": "+83+51", "properties": {"A00": 0.04217607291645336, "A01": -0.042619677598171625, "A02": 0.14073859281423715, "A03": 0.01566102314510847, "A04": -0.0633235066920186, "A05": -0.04701752518413696, "A06": -0.1476280514697525, "A07": 0.18175272209555368, "A08": 0.007491956697304245, "A09": 0.00829503633050299, "A10": 0.1313962623990161, "A11": -0.010386017381624922, "A12": -0.300769415708413, "A13": 0.03007288821544234, "A14": 0.04092345176994028, "A15": 0.10031367356620716, "A16": 0.016912091085412865, "A17": 0.057846564531066465, "A18": -0.2107579755053744, "A19": -0.1697243083227354, "A20": -0.35403176557818045, "A21": 0.15083801743387545, "A22": 0.18046876505699352, "A23": -0.07465629131833475, "A24": 0.02407142522560388, "A25": 0.06064553776611557, "A26": 0.10387175035937161, "A27": 0.004764111356520864, "A28": 0.02667421105804604, "A29": 0.23754140863093415, "A30": 0.002617012640492735, "A31": 0.09189663036239218, "A32": 0.04274920178210683, "A33": 0.08333712797628104, "A34": -0.008960124722055233, "A35": -0.12031531843405349, "A36": -0.0909965061671153, "A37": 0.07091474643518522, "A38": 0.1341162762155796, "A39": -0.04098917830174675, "A40": 0.07848971659779762, "A41": 0.0635462785623623, "A42": -0.1616809495928624, "A43": 0.2864983085342869, "A44": 0.07013523128525101, "A45": -0.025574354569968722, "A46": -0.07589498335305349, "A47": 0.1994517014028863, "A48": -0.10244700123754981, "A49": 0.017885911621428757, "A50": -0.007952323022678714, "A51": -0.01756409006067514, "A52": 0.05825937263111659, "A53": 0.012243601302865755, "A54": 0.22939299327638837, "A55": -0.10261709757995682, "A56": 0.04697067125053601, "A57": -0.08501343638847886, "A58": -0.07989030872477411, "A59": -0.16492616221752773, "A60": -0.014743893579369501, "A61": -0.12105889185070254, "A62": 0.10518732120383863, "A63": 0.07209629135213771, "area_ha": 1.945408497084336, "centroid_lat": 21.575427053112758, "centroid_lon": 85.3924171146339, "cluster_id": 1, "n_pixels": 195, "perim_m": 700.0399440146073, "stand_id": 113, "stand_lbl": 30}}, {"type": "Feature", "geometry": {"type": "MultiPolygon", "coordinates": [[[[85.3900099191468, 21.57610218137227], [85.39020303294787, 21.57610404824211], [85.39020103715181, 21.576284677185495], [85.3900079231082, 21.576282810297688], [85.3900099191468, 21.57610218137227]]], [[[85.3900099191468, 21.57610218137227], [85.38981680537267, 21.576100314277852], [85.38981880162687, 21.5759196853704], [85.38962568810427, 21.575917818060386], [85.38962768458305, 21.5757371891709], [85.38953112795201, 21.575736255444028], [85.38953212624081, 21.575645940999287], [85.38943556967264, 21.575645007218515], [85.38943856469173, 21.575374063884286], [85.38924545193271, 21.575372196187995], [85.38925144254581, 21.574830309555473], [85.38944455458619, 21.57483217720685], [85.38944655118173, 21.5746515482994], [85.38983277484925, 21.57465528289248], [85.38983177679403, 21.57474559736417], [85.39002488878049, 21.574747464332827], [85.39002389084204, 21.57483777880452], [85.39021700297225, 21.574839645557578], [85.39021500731992, 21.57502027452791], [85.39040811970165, 21.575022141074356], [85.39040113558778, 21.575654342483997], [85.3903045789747, 21.575653409215263], [85.39030358116202, 21.57574372369594], [85.39020702448607, 21.575742790355342], [85.39020502873494, 21.57592341930771], [85.39001191516743, 21.575921552446854], [85.3900099191468, 21.57610218137227]]]]}, "id": "+54+53", "properties": {"A00": 0.01913024611352377, "A01": -0.0016289146006936142, "A02": 0.09102261929877514, "A03": 0.030537424008673417, "A04": -0.044499487784615654, "A05": -0.012005826486910101, "A06": -0.1168118294826343, "A07": 0.1332342556487632, "A08": -0.017869399420655328, "A09": -0.016115710556830205, "A10": 0.15200149358443968, "A11": 0.020986639083955354, "A12": -0.3135252711693915, "A13": -0.011502811598557003, "A14": 0.06876364821347897, "A15": 0.08019257890543036, "A16": -0.032950346036294674, "A17": 0.05273297667986064, "A18": -0.20340595384798277, "A19": -0.10500981894801902, "A20": -0.4066427899221644, "A21": 0.15516743075901987, "A22": 0.19647293190407703, "A23": -0.03416056374803501, "A24": 0.04537925782526855, "A25": 0.05050988465438636, "A26": 0.1353605316556475, "A27": -0.05207602921617169, "A28": -0.04417394580660082, "A29": 0.17624651902454624, "A30": 0.010437211872338495, "A31": 0.17573313532216892, "A32": 0.09502194638418465, "A33": 0.048699015871116774, "A34": 0.04721117668023821, "A35": -0.07050112742417249, "A36": -0.07978442125431133, "A37": 0.03816794663585327, "A38": 0.1315592515126914, "A39": -0.03938197566853937, "A40": 0.06508616321609151, "A41": 0.016931644863531343, "A42": -0.18338128862024344, "A43": 0.2989415327423827, "A44": 0.13397022185994878, "A45": 0.013774373903564575, "A46": -0.002307165313762098, "A47": 0.07184663569521173, "A48": -0.14541829518787927, "A49": 0.057850732687703625, "A50": 0.01132267117322936, "A51": 0.006289125284329443, "A52": 0.02920731615078282, "A53": 0.025596913406306755, "A54": 0.2192099253898419, "A55": -0.09642752331287281, "A56": 0.07461792130562447, "A57": -0.10169384436537826, "A58": -0.1284136668738962, "A59": -0.2585298935567772, "A60": -0.06006015393783283, "A61": -0.09090456120858365, "A62": 0.08468992806240963, "A63": 0.04891899095025331, "area_ha": 1.363788559275773, "centroid_lat": 21.575332861194628, "centroid_lon": 85.3898480086613, "cluster_id": 2, "n_pixels": 136, "perim_m": 640.0358406648912, "stand_id": 114, "stand_lbl": 15}}, {"type": "Feature", "geometry": {"type": "Polygon", "coordinates": [[[85.38498896764031, 21.57605356413587], [85.38499997968313, 21.575060107444575], [85.38509653564942, 21.57506104377656], [85.38509953864555, 21.574790101008272], [85.38519609444116, 21.574791037268394], [85.38519809629186, 21.574610408738238], [85.38577743045464, 21.574616025059292], [85.38577542932259, 21.574796653634365], [85.38732032324705, 21.574811620770742], [85.38732232247466, 21.574630992051937], [85.38761198987046, 21.574633796771916], [85.38760999101116, 21.574814425517673], [85.38770654694152, 21.57481536031354], [85.38770454818102, 21.574995989059293], [85.38799421635835, 21.574998793159438], [85.38799521556344, 21.574908478777576], [85.38809177157464, 21.574909413357847], [85.38809277071682, 21.574819098967005], [85.38828588263142, 21.574820967956867], [85.38828788066428, 21.574640339157217], [85.38838443650481, 21.574641273557823], [85.38838343756024, 21.574731587966635], [85.38847999347263, 21.57473252232233], [85.38847899457298, 21.574822836722156], [85.38857555055723, 21.574823771023947], [85.38857455171149, 21.57491408543276], [85.38867110775863, 21.574915019680653], [85.38866711257326, 21.57527627733386], [85.38876366886294, 21.57527721154582], [85.38875867507437, 21.575728783607836], [85.38885523166948, 21.57572971778387], [85.38885323422952, 21.57591034661047], [85.38875667751763, 21.575909412425457], [85.38875567873477, 21.575999726834265], [85.38865912196898, 21.575998792595353], [85.38865812312324, 21.57608910699518], [85.38807878228597, 21.576083500331016], [85.38808078069611, 21.57590287157628], [85.38798422402016, 21.57590193695109], [85.38798622252912, 21.575721308196353], [85.38788966598791, 21.575720373517264], [85.38789166459568, 21.57553974477151], [85.38750543895188, 21.57553600553414], [85.3875074380178, 21.57535537682432], [85.3873143254654, 21.57535350688224], [85.3873163247469, 21.5751728781814], [85.38693010018108, 21.575169137677406], [85.38692910030227, 21.57525945200537], [85.38673598792951, 21.57525758140752], [85.38673498793392, 21.575347895735483], [85.38634876300877, 21.575344153848082], [85.38634676251453, 21.575524782459087], [85.3859605372031, 21.57552103963744], [85.38595853619682, 21.575701668212513], [85.38576542333898, 21.57569979645584], [85.38576342208118, 21.575880425003962], [85.38557030899877, 21.575878553004742], [85.38556930823961, 21.57596886726982], [85.3854727516445, 21.57596793118038], [85.38547175082246, 21.576058245436478], [85.38498896764031, 21.57605356413587]]]}, "id": "+38+51", "properties": {"A00": 0.013414148583836601, "A01": 0.0034673027524903316, "A02": 0.0958470003407863, "A03": 0.019306543667812977, "A04": -0.057211409104232884, "A05": 0.00815513467652833, "A06": -0.09832738260728656, "A07": 0.10915559239284371, "A08": -0.017757189857378588, "A09": -0.029788767384775976, "A10": 0.16208559743540082, "A11": 0.018727386317034907, "A12": -0.3114751640679065, "A13": -0.0007243700472359183, "A14": 0.05808709450216189, "A15": 0.0825342787790502, "A16": -0.07240221469608508, "A17": 0.07375408324870343, "A18": -0.18292908361755916, "A19": -0.07872190458241535, "A20": -0.40191603365143863, "A21": 0.194665861619745, "A22": 0.19754291266630558, "A23": -0.0057340578223408776, "A24": 0.035189813993081895, "A25": 0.0260571528515551, "A26": 0.14176033549528672, "A27": -0.06683766714034954, "A28": -0.04741808840750071, "A29": 0.1674990684480988, "A30": 0.015906226413370486, "A31": 0.19437178581084158, "A32": 0.07730566391342038, "A33": 0.04156139649710067, "A34": 0.043460184943962775, "A35": -0.056320435679779714, "A36": -0.11693284199471353, "A37": 0.03036096107278507, "A38": 0.13261346751583628, "A39": -0.029119582800365026, "A40": 0.039570489401646265, "A41": 0.01587658587920967, "A42": -0.1917771802559902, "A43": 0.2521582657277534, "A44": 0.1017283964744026, "A45": 0.043742926604472814, "A46": 0.008387151146785803, "A47": 0.027465253954299468, "A48": -0.16684356429975983, "A49": 0.038219611757887635, "A50": 0.03006259214681174, "A51": 0.0325784579981735, "A52": 0.011256695570869012, "A53": -0.0009773823722241794, "A54": 0.1935867737971806, "A55": -0.08872655605880603, "A56": 0.08163686070177971, "A57": -0.09764202848761458, "A58": -0.12758585113034315, "A59": -0.28917381066716047, "A60": -0.07912393820651355, "A61": -0.05806494216000729, "A62": 0.11278154503506813, "A63": 0.026676250511655022, "area_ha": 3.80054810023115, "centroid_lat": 21.575286227858584, "centroid_lon": 85.3868270155436, "cluster_id": 2, "n_pixels": 380, "perim_m": 1440.0791636390516, "stand_id": 115, "stand_lbl": 3}}, {"type": "Feature", "geometry": {"type": "Polygon", "coordinates": [[[85.38606509683517, 21.574799461058277], [85.38606609721704, 21.574709146757264], [85.38625920879927, 21.57471101809173], [85.38626020906436, 21.574620703781736], [85.38635676480607, 21.574621639359137], [85.38635776500827, 21.57453132504016], [85.3864543206871, 21.57453226056366], [85.38645532082641, 21.5744419462357], [85.38635876520149, 21.574441010730165], [85.3863617657542, 21.574170067773228], [85.38645832119946, 21.574171003269782], [85.38645932131183, 21.574080688941823], [85.38674898749491, 21.574083495099106], [85.38674698762051, 21.574264123772995], [85.38703665421681, 21.57426692944519], [85.38703765396986, 21.57417661509926], [85.38713420945105, 21.574177550200556], [85.3871352091502, 21.574087235845646], [85.38742487544107, 21.57409004082614], [85.38742587496056, 21.57399972645326], [85.38752243034294, 21.574000661329976], [85.38752342978157, 21.5739103469571], [85.38761998511005, 21.573911281770933], [85.38761898572531, 21.574001596152794], [85.38771554111668, 21.57400253091273], [85.38771354244602, 21.57418315967645], [85.38781009796315, 21.57418409440045], [85.3878090986862, 21.574274408782312], [85.38790565426622, 21.574275343443432], [85.38790665348927, 21.57418502905259], [85.38809976455047, 21.574186898213135], [85.38810076364774, 21.574096583813308], [85.38829387461014, 21.574098452731306], [85.38829787046923, 21.57373719509607], [85.38839442572585, 21.573738129460743], [85.38839642350717, 21.573557500625157], [85.38849297863803, 21.57355843491797], [85.38848398899935, 21.574371264678106], [85.38838743332951, 21.57437033034038], [85.38838643439394, 21.574460644749188], [85.38828987866121, 21.574459710357562], [85.38828588263142, 21.574820967956867], [85.38809277071682, 21.574819098967005], [85.38809177157464, 21.574909413357847], [85.38799521556344, 21.574908478777576], [85.38799421635835, 21.574998793159438], [85.38770454818102, 21.574995989059293], [85.38770654694152, 21.57481536031354], [85.38760999101116, 21.574814425517673], [85.38761198987046, 21.574633796771916], [85.38732232247466, 21.574630992051937], [85.38732032324705, 21.574811620770742], [85.38606509683517, 21.574799461058277]]]}, "id": "+31+39", "properties": {"A00": 0.016271851733831066, "A01": -0.0006663715387816622, "A02": 0.1012168183037361, "A03": 0.05242752150933732, "A04": -0.058645753663706085, "A05": -0.01520459201619356, "A06": -0.11421613435506833, "A07": 0.12994561846267227, "A08": -0.011068734381236019, "A09": -0.023559339713173203, "A10": 0.14805730845846382, "A11": 0.028837881081970537, "A12": -0.3032053290471127, "A13": -0.01476627655372677, "A14": 0.04409918618319009, "A15": 0.07720552475996184, "A16": -0.05281136915514921, "A17": 0.052455206574787326, "A18": -0.18335520916804604, "A19": -0.08228710552311656, "A20": -0.3953287876786573, "A21": 0.1585724326078426, "A22": 0.22126161448701417, "A23": -0.033265040928318744, "A24": 0.042685055054654315, "A25": 0.04498744418939866, "A26": 0.1640033785607508, "A27": -0.046080383323735465, "A28": -0.049813429100513215, "A29": 0.1866290281708292, "A30": 0.019384913944990992, "A31": 0.18664258218418311, "A32": 0.12028416664268443, "A33": 0.04829123732977032, "A34": 0.02783365151647494, "A35": -0.0587194255291996, "A36": -0.09796679363768829, "A37": 0.008011081334036269, "A38": 0.1091397601684626, "A39": -0.04701140399920321, "A40": 0.03750097932999682, "A41": 0.015286917944865905, "A42": -0.19158898083370235, "A43": 0.2911342018227208, "A44": 0.1141363490449235, "A45": 0.03406771764862232, "A46": -0.029546989918522202, "A47": 0.0652333773531382, "A48": -0.160791202518515, "A49": 0.04909116742372782, "A50": 0.004558475518506569, "A51": -0.0073048180075836215, "A52": 0.022236262956153576, "A53": 0.002792921073685536, "A54": 0.19467445838111738, "A55": -0.11262583878488984, "A56": 0.07278172479270789, "A57": -0.07856159789769243, "A58": -0.12168168768609171, "A59": -0.2767668763238053, "A60": -0.05698596645194662, "A61": -0.0676886880431927, "A62": 0.06642750167295292, "A63": 0.0354319517318694, "area_ha": 1.724788070323113, "centroid_lat": 21.574435714279183, "centroid_lon": 85.38743845476199, "cluster_id": 1, "n_pixels": 172, "perim_m": 1000.0551208867118, "stand_id": 116, "stand_lbl": 4}}, {"type": "Feature", "geometry": {"type": "Polygon", "coordinates": [[[85.38828788066428, 21.574640339157217], [85.38828987866121, 21.574459710357562], [85.38838643439394, 21.574460644749188], [85.38838743332951, 21.57437033034038], [85.38848398899935, 21.574371264678106], [85.38849497627562, 21.5733778060734], [85.38868808633072, 21.57337967447936], [85.3886900837078, 21.573199045616825], [85.389655633058, 21.57320838419709], [85.38964964444814, 21.57375027104521], [85.39061519791262, 21.573759604298466], [85.39061220532797, 21.574030547839303], [85.39070876088103, 21.574031480865493], [85.39070776340073, 21.574121795382098], [85.39080431901667, 21.57412272836337], [85.39080032929306, 21.5744839864298], [85.39060721757609, 21.57448212037743], [85.39060522244479, 21.574662749392676], [85.39050866647851, 21.574661816276656], [85.39050766884549, 21.5747521307753], [85.39031455680511, 21.5747502643636], [85.39031355904633, 21.57484057885326], [85.39021700297225, 21.574839645557578], [85.39021800079391, 21.5747493310769], [85.39012144478271, 21.574748397727323], [85.39012044690715, 21.574838712207995], [85.39002389084204, 21.57483777880452], [85.39002488878049, 21.574747464332827], [85.38983177679403, 21.57474559736417], [85.38983277484925, 21.57465528289248], [85.38944655118173, 21.5746515482994], [85.38944455458619, 21.57483217720685], [85.38925144254581, 21.574830309555473], [85.38924944568976, 21.575010938435977], [85.38915288956177, 21.575010004520458], [85.38915189106636, 21.575100318956217], [85.38905533487551, 21.575099384977815], [85.38905333775892, 21.575280013840352], [85.38866711257326, 21.57527627733386], [85.38867110775863, 21.574915019680653], [85.38857455171149, 21.57491408543276], [85.38857555055723, 21.574823771023947], [85.38847899457298, 21.574822836722156], [85.38847999347263, 21.57473252232233], [85.38838343756024, 21.574731587966635], [85.38838443650481, 21.574641273557823], [85.38828788066428, 21.574640339157217]]]}, "id": "+42+42", "properties": {"A00": 0.007011087504414595, "A01": 0.01593443194062274, "A02": 0.07913724151380586, "A03": 0.012900287667903469, "A04": -0.06486324732282231, "A05": 0.004053307187176811, "A06": -0.09400815846859573, "A07": 0.10825199951930024, "A08": -0.02275052187969928, "A09": -0.031247261262829146, "A10": 0.15682793672734632, "A11": 0.013591027029859233, "A12": -0.30809418634519115, "A13": -0.011553816447240326, "A14": 0.056507679507356495, "A15": 0.0809727738678192, "A16": -0.09305523796057666, "A17": 0.09610305198132438, "A18": -0.1764739422410434, "A19": -0.06391535233818305, "A20": -0.40460707246696886, "A21": 0.20262194555015342, "A22": 0.17194218482611623, "A23": 0.015291257703217716, "A24": 0.04375302823977146, "A25": 0.011408837652290357, "A26": 0.1444816139917189, "A27": -0.08452714721030789, "A28": -0.06343051863820605, "A29": 0.15593474038811223, "A30": 0.003129251852945001, "A31": 0.19995640738795528, "A32": 0.06427039715772856, "A33": 0.047468414863329325, "A34": 0.05709452387617213, "A35": -0.055905966955681154, "A36": -0.11268942383926188, "A37": 0.024536468043705996, "A38": 0.1322044118818524, "A39": -0.027339742710989715, "A40": 0.028434948889126607, "A41": 0.0178887209195385, "A42": -0.20040263620047746, "A43": 0.22466090857724974, "A44": 0.10781242537362878, "A45": 0.06511633648194785, "A46": 0.04341709900170704, "A47": 0.005625296078881767, "A48": -0.16391686363989463, "A49": 0.0483287431004615, "A50": 0.05646086349556266, "A51": 0.045649461152439244, "A52": 0.003483238618312009, "A53": -0.006483727825389237, "A54": 0.18747282741718907, "A55": -0.08891465321003715, "A56": 0.09200670159038357, "A57": -0.11186463509605875, "A58": -0.12441343716588314, "A59": -0.2995438806166019, "A60": -0.09415167626490131, "A61": -0.04771710958809802, "A62": 0.12556198664022009, "A63": 0.012538241389302592, "area_ha": 3.5899721734798664, "centroid_lat": 21.574175600354888, "centroid_lon": 85.38940946361595, "cluster_id": 2, "n_pixels": 359, "perim_m": 1040.058170679662, "stand_id": 117, "stand_lbl": 12}}, {"type": "Feature", "geometry": {"type": "Polygon", "coordinates": [[[85.38529465197068, 21.574611344935477], [85.38529665368662, 21.574430716396336], [85.38539320924868, 21.57443165252171], [85.38539521082089, 21.574251023973584], [85.38549176627514, 21.574251960036076], [85.38549376770362, 21.574071331469984], [85.38559032304109, 21.574072267469596], [85.38559232433482, 21.57389163889452], [85.3856888795555, 21.57389257483125], [85.385689880135, 21.57380226053922], [85.3857864353018, 21.573803196413067], [85.38578843631706, 21.573622567811043], [85.38588499137605, 21.573623503622006], [85.38588699224756, 21.573442875011], [85.38598354718978, 21.57344381075908], [85.38598454756266, 21.573353496440102], [85.38685354171912, 21.573361915594678], [85.38685254188523, 21.573452229940603], [85.38675598689811, 21.57345129470456], [85.38675398709557, 21.573631923396416], [85.38656087689675, 21.573630052726703], [85.3865598768742, 21.573720367054666], [85.3864633217164, 21.57371943163896], [85.38646132152759, 21.573900060294882], [85.38636476626199, 21.573899124807312], [85.38636276592945, 21.57407975345425], [85.38645932131183, 21.574080688941823], [85.38645832119946, 21.574171003269782], [85.3863617657542, 21.574170067773228], [85.38635876520149, 21.574441010730165], [85.38645532082641, 21.5744419462357], [85.3864543206871, 21.57453226056366], [85.38635776500827, 21.57453132504016], [85.38635676480607, 21.574621639359137], [85.38626020906436, 21.574620703781736], [85.38625920879927, 21.57471101809173], [85.38606609721704, 21.574709146757264], [85.38606509683517, 21.574799461058277], [85.38577542932259, 21.574796653634365], [85.38577743045464, 21.574616025059292], [85.38529465197068, 21.574611344935477]]]}, "id": "+11+37", "properties": {"A00": -0.00366568294223717, "A01": -0.013878318102887217, "A02": 0.17154343414465748, "A03": 0.028926848360833826, "A04": -0.058776997137006314, "A05": -0.01982950939173572, "A06": -0.09912488640042383, "A07": 0.12343999780682903, "A08": 0.022125154252197986, "A09": -0.0046624609355221565, "A10": 0.12797791788231108, "A11": 0.0032747678825016924, "A12": -0.2863748818865332, "A13": 0.0023372226228127427, "A14": 0.01737562271672375, "A15": 0.10823818135105627, "A16": -0.07561494510198165, "A17": 0.09285486536376188, "A18": -0.11915767160113568, "A19": -0.16443992144339803, "A20": -0.406645306716233, "A21": 0.24372835920827846, "A22": 0.22903791270417495, "A23": -0.01636579115965462, "A24": 0.006798427818861079, "A25": 0.05226164684502799, "A26": 0.11366669615189606, "A27": -0.004978913919860801, "A28": -0.003907551548214728, "A29": 0.15360370377548427, "A30": 0.0283867057395649, "A31": 0.13363164434320074, "A32": 0.03946446900111276, "A33": 0.07592352486750557, "A34": 0.03795900316292583, "A35": -0.08374356177042346, "A36": -0.12307071822429555, "A37": 0.048462951836982224, "A38": 0.12606667151461257, "A39": -0.038041509349992585, "A40": 0.09022487153081292, "A41": 0.05187937747294247, "A42": -0.1855924143008221, "A43": 0.270629268352747, "A44": 0.06892107085714717, "A45": 0.007006934219171214, "A46": -0.0933490621019115, "A47": 0.07178724137685416, "A48": -0.15308746710450588, "A49": 0.017468277565114165, "A50": -0.025702032542748186, "A51": 0.06700330433345081, "A52": 0.019487614353961777, "A53": -0.002316820942331358, "A54": 0.16743539877364644, "A55": -0.0892536567896118, "A56": 0.061917352681386234, "A57": -0.05338856733976367, "A58": -0.1419101152723383, "A59": -0.25704259202110924, "A60": -0.0822771058844954, "A61": -0.07193538698507623, "A62": 0.08612591418704994, "A63": 0.06324857544654525, "area_ha": 1.363784391343158, "centroid_lat": 21.574060664775722, "centroid_lon": 85.38603777826083, "cluster_id": 4, "n_pixels": 136, "perim_m": 680.0370941871295, "stand_id": 118, "stand_lbl": 0}}, {"type": "Feature", "geometry": {"type": "MultiPolygon", "coordinates": [[[[85.39165736902007, 21.57557615543932], [85.39175392565112, 21.57557708792652], [85.39175292874572, 21.575667402470074], [85.3916563720518, 21.575666469982878], [85.39165736902007, 21.57557615543932]]], [[[85.39165736902007, 21.57557615543932], [85.39156081239801, 21.575575222898223], [85.39156480046871, 21.575213964741963], [85.39117857498661, 21.575210234074518], [85.39118056946214, 21.57502960502334], [85.39098745699057, 21.57502773937521], [85.39099044902726, 21.574756795816402], [85.39118356113948, 21.574758661446566], [85.39118455835929, 21.57466834691199], [85.39157078240409, 21.57467207748062], [85.39157277634962, 21.574491448384524], [85.39176588816541, 21.574493313314], [85.39177186913959, 21.573951425953844], [85.39157875804244, 21.57394956106928], [85.39158075189813, 21.573768931955218], [85.39138764105252, 21.573767066873025], [85.39138863809266, 21.57367675232947], [85.3912920827462, 21.57367581970752], [85.39129307984024, 21.573585505154984], [85.3911965245477, 21.573584572488123], [85.39120051311247, 21.57322331430491], [85.39081429297534, 21.57321958312543], [85.39081329560283, 21.57330989765102], [85.390233965195, 21.573304299170506], [85.39023496292684, 21.573213984671863], [85.3898487429963, 21.573210251246593], [85.38984974096171, 21.573119936756935], [85.38975318604646, 21.57311900327261], [85.38975418406575, 21.57302868878295], [85.38965762922236, 21.573027755244723], [85.3896616214882, 21.572666497322025], [85.38985473070785, 21.57266836431763], [85.38985872240775, 21.57230710634103], [85.39063115757061, 21.57231457194291], [85.39062916268186, 21.572495201003075], [85.39101538086965, 21.57249893249697], [85.39101338643904, 21.57267956158408], [85.39120649580244, 21.57268142701662], [85.3912045015964, 21.572862056112715], [85.39139761121132, 21.57286392133864], [85.39139561722088, 21.573044550452703], [85.39158872710529, 21.573046415472014], [85.39158673333944, 21.57322704459506], [85.39177984347538, 21.57322890940776], [85.39177784992512, 21.573409538548773], [85.39187440511886, 21.573410470883257], [85.39187340839312, 21.573500785453763], [85.39196996365872, 21.57350171773435], [85.39196697363427, 21.57377266145485], [85.39216008453378, 21.573774525872288], [85.39215609824174, 21.574135784190247], [85.39234920963533, 21.574137648419043], [85.39234821317011, 21.574227963007516], [85.39244476893877, 21.574228895036573], [85.39244377252746, 21.574319209625045], [85.39254032835899, 21.574320141609185], [85.39254232105586, 21.574139512414273], [85.3929285439598, 21.574143239748967], [85.39292954006568, 21.574052925133543], [85.39312265143232, 21.574054788455037], [85.39312165544321, 21.574145103079445], [85.39331476695358, 21.574146966185342], [85.39330082430087, 21.57541137090007], [85.39339738089598, 21.575412302435055], [85.39339339733482, 21.575773560905727], [85.39329684049716, 21.575772629352777], [85.39329186063249, 21.576224202402937], [85.39319530349839, 21.576223270778122], [85.39319430744641, 21.57631358538456], [85.39309775026739, 21.576312653696867], [85.3931097032326, 21.57522887846451], [85.39301314677223, 21.575227946776813], [85.39301414287812, 21.575137632170375], [85.39291758648065, 21.57513670042878], [85.39291957879124, 21.574956071224886], [85.39282302251952, 21.574955139438373], [85.39282401873321, 21.574864824831934], [85.39272746252438, 21.574863893000508], [85.39272945505056, 21.574683263805593], [85.39253634289341, 21.57468139997206], [85.39253833563518, 21.574500770795115], [85.39224866779023, 21.574497974654044], [85.39224667468912, 21.574678603813023], [85.392150118633, 21.57467767164922], [85.39214812539714, 21.574858300790233], [85.39195501306034, 21.57485643627398], [85.39195301955499, 21.575037065397026], [85.3918564632743, 21.575036133044577], [85.39185546645874, 21.575126447597114], [85.39175891012414, 21.575125515190766], [85.39175691634931, 21.575306144286863], [85.39166035989793, 21.57530521180865], [85.39165736902007, 21.57557615543932]]]]}, "id": "+85+53", "properties": {"A00": 0.021007085915556254, "A01": -0.03880970118234001, "A02": 0.09597340366663758, "A03": 0.058333903065601544, "A04": -0.05637400961865631, "A05": -0.055379158062349186, "A06": -0.13441231002477205, "A07": 0.16824601170160033, "A08": 0.017766269993461804, "A09": -0.004046955961237008, "A10": 0.1263935714585256, "A11": 0.007522648523343784, "A12": -0.31846100276971046, "A13": 0.004725416157301849, "A14": 0.030657800795384556, "A15": 0.08213831244321845, "A16": -0.020104297785769373, "A17": 0.0465410457221031, "A18": -0.19595140435473327, "A19": -0.12068198170407586, "A20": -0.3545907176561963, "A21": 0.13347404894579556, "A22": 0.2356762105929539, "A23": -0.06638246627341875, "A24": 0.04054052420847286, "A25": 0.07074695194067258, "A26": 0.12801729330309763, "A27": -0.024397296295420114, "A28": -0.02140502628995764, "A29": 0.2037442367575956, "A30": 0.01894392113027216, "A31": 0.12396390957842408, "A32": 0.09048749862717662, "A33": 0.04883928174550949, "A34": 0.03137065682769408, "A35": -0.08763929653221889, "A36": -0.08921021848632396, "A37": 0.04521704085591422, "A38": 0.13585669367170694, "A39": -0.059032714005906824, "A40": 0.06661037530860754, "A41": 0.011274299105609344, "A42": -0.17456070663553888, "A43": 0.31012671105065415, "A44": 0.0943004095097239, "A45": -0.013868933660211635, "A46": -0.05962315329420367, "A47": 0.14765272209597333, "A48": -0.13395415633400057, "A49": 0.04426051351873612, "A50": 0.00017712894195382728, "A51": 0.0007860490248931539, "A52": 0.04396585857242738, "A53": 0.04428772411219823, "A54": 0.22079694658551344, "A55": -0.11286326119508948, "A56": 0.06260173107181216, "A57": -0.05882364660484324, "A58": -0.11335872907345204, "A59": -0.23091247650817404, "A60": -0.025848590124785457, "A61": -0.09518102851948838, "A62": 0.04642968411798654, "A63": 0.07379962977200044, "area_ha": 4.211707181071, "centroid_lat": 21.57393787949301, "centroid_lon": 85.39161613436777, "cluster_id": 1, "n_pixels": 421, "perim_m": 2180.123881796908, "stand_id": 119, "stand_lbl": 24}}, {"type": "Feature", "geometry": {"type": "Polygon", "coordinates": [[[85.38964964444814, 21.57375027104521], [85.389655633058, 21.57320838419709], [85.39023496292684, 21.573213984671863], [85.390233965195, 21.573304299170506], [85.39081329560283, 21.57330989765102], [85.39081429297534, 21.57321958312543], [85.39120051311247, 21.57322331430491], [85.3911965245477, 21.573584572488123], [85.39129307984024, 21.573585505154984], [85.3912920827462, 21.57367581970752], [85.39138863809266, 21.57367675232947], [85.39138764105252, 21.573767066873025], [85.39158075189813, 21.573768931955218], [85.39157875804244, 21.57394956106928], [85.39177186913959, 21.573951425953844], [85.39176588816541, 21.574493313314], [85.39157277634962, 21.574491448384524], [85.39157078240409, 21.57467207748062], [85.39118455835929, 21.57466834691199], [85.39118356113948, 21.574758661446566], [85.39079733694197, 21.57475492997064], [85.39079833439533, 21.574664615454033], [85.39060522244479, 21.574662749392676], [85.39060721757609, 21.57448212037743], [85.39080032929306, 21.5744839864298], [85.39080431901667, 21.57412272836337], [85.39070776340073, 21.574121795382098], [85.39070876088103, 21.574031480865493], [85.39061220532797, 21.574030547839303], [85.39061519791262, 21.573759604298466], [85.38964964444814, 21.57375027104521]]]}, "id": "+64+36", "properties": {"A00": 0.0010889969253577946, "A01": 0.016884816484543753, "A02": 0.09007967750058934, "A03": 0.009940628696029151, "A04": -0.07426518611783661, "A05": 0.003597466291916446, "A06": -0.09655637076959435, "A07": 0.11597104619656004, "A08": -0.006379391968192498, "A09": -0.02190466258923807, "A10": 0.1710827653547376, "A11": -0.009366617453113095, "A12": -0.31237947782720693, "A13": 0.010502996868527827, "A14": 0.05191357488150051, "A15": 0.09995913881286901, "A16": -0.055120277147093645, "A17": 0.06972311156269903, "A18": -0.2075955553240675, "A19": -0.1102352162974478, "A20": -0.40837907372786514, "A21": 0.18462301519181668, "A22": 0.17248653642631967, "A23": -0.01843513813857619, "A24": 0.048234421757307, "A25": 0.041421043731881595, "A26": 0.12934400214398192, "A27": -0.05662725600190145, "A28": -0.046592724451495496, "A29": 0.18000725893867417, "A30": -0.0015948436656023231, "A31": 0.18321167237487687, "A32": 0.0488526438798628, "A33": 0.0681081373634818, "A34": 0.06345808272279742, "A35": -0.07270748233772698, "A36": -0.10755616940843313, "A37": 0.05937717565561604, "A38": 0.12207671966311559, "A39": -0.02577917493134117, "A40": 0.06271775899560655, "A41": 0.019851695206601367, "A42": -0.18248190182592947, "A43": 0.24392011084782125, "A44": 0.09892959451005472, "A45": 0.03280901239040113, "A46": 0.010613298162027194, "A47": 0.05512172376170189, "A48": -0.13750461492204, "A49": 0.033971893286735014, "A50": 0.044274045748414745, "A51": 0.04320143274765166, "A52": 0.03209130453059263, "A53": 0.019479395148362756, "A54": 0.20492775365854052, "A55": -0.08159038305346253, "A56": 0.08768861056723498, "A57": -0.10666417035396156, "A58": -0.10479851127837428, "A59": -0.27666673663413416, "A60": -0.08335163280343585, "A61": -0.06753565219290977, "A62": 0.1316553452419079, "A63": 0.05384452383891177, "area_ha": 2.005573548506029, "centroid_lat": 21.573894126242912, "centroid_lon": 85.39084257325406, "cluster_id": 2, "n_pixels": 201, "perim_m": 840.0475754514044, "stand_id": 120, "stand_lbl": 21}}, {"type": "Feature", "geometry": {"type": "Polygon", "coordinates": [[[85.38608110245097, 21.573354432125303], [85.38608310305301, 21.573173803496328], [85.38617965782453, 21.57317473911865], [85.38618065806267, 21.573084424790686], [85.3862772127803, 21.57308536035012], [85.38627821295555, 21.57299504602216], [85.38637476761029, 21.572995981518716], [85.38637676781707, 21.57281535285381], [85.38647332236403, 21.57281628828748], [85.38647432240452, 21.572725973950536], [85.3866674313996, 21.572727844647197], [85.38666843130537, 21.572637530292287], [85.3867649857535, 21.57263846555528], [85.38676598559638, 21.57254815120037], [85.38686253998164, 21.572549086391497], [85.3868635397706, 21.572458772036583], [85.3870566484423, 21.57246064225714], [85.38705764809653, 21.572370327884265], [85.38725075667838, 21.572372197871257], [85.38725175620685, 21.57228188349838], [85.3874448646809, 21.572283753251813], [85.3874458640926, 21.57219343886097], [85.38763897246784, 21.572195308389823], [85.38763997175376, 21.572104993989996], [85.38812274248525, 21.572109666801527], [85.38812074451528, 21.57229029563711], [85.38831385308815, 21.572292164384432], [85.38831185533378, 21.57247279323798], [85.38850496416717, 21.572474661787673], [85.38849997028876, 21.57292623393952], [85.38840341557113, 21.572925299673656], [85.38840141786167, 21.57310592852721], [85.38849797269609, 21.573106862802057], [85.38849297863803, 21.57355843491797], [85.38839642350717, 21.573557500625157], [85.38839442572585, 21.573738129460743], [85.38829787046923, 21.57373719509607], [85.38829387461014, 21.574098452731306], [85.38810076364774, 21.574096583813308], [85.38809976455047, 21.574186898213135], [85.38790665348927, 21.57418502905259], [85.38790565426622, 21.574275343443432], [85.3878090986862, 21.574274408782312], [85.38781009796315, 21.57418409440045], [85.38771354244602, 21.57418315967645], [85.38771554111668, 21.57400253091273], [85.38761898572531, 21.574001596152794], [85.38761998511005, 21.573911281770933], [85.38752342978157, 21.5739103469571], [85.38752243034294, 21.574000661329976], [85.38742587496056, 21.57399972645326], [85.38742487544107, 21.57409004082614], [85.3871352091502, 21.574087235845646], [85.38713420945105, 21.574177550200556], [85.38703765396986, 21.57417661509926], [85.38703665421681, 21.57426692944519], [85.38674698762051, 21.574264123772995], [85.38674898749491, 21.574083495099106], [85.38636276592945, 21.57407975345425], [85.38636476626199, 21.573899124807312], [85.38646132152759, 21.573900060294882], [85.3864633217164, 21.57371943163896], [85.3865598768742, 21.573720367054666], [85.38656087689675, 21.573630052726703], [85.38675398709557, 21.573631923396416], [85.38675598689811, 21.57345129470456], [85.38685254188523, 21.573452229940603], [85.38685354171912, 21.573361915594678], [85.38608110245097, 21.573354432125303]]]}, "id": "+30+31", "properties": {"A00": 0.04507914577065511, "A01": -0.023312884938166377, "A02": 0.16043911573822087, "A03": 0.05246847220422261, "A04": -0.05539366837675311, "A05": -0.06320241870665924, "A06": -0.11533271312177046, "A07": 0.15872263807815845, "A08": 0.015073376912435377, "A09": 0.01734639032421578, "A10": 0.09972673815081612, "A11": 0.04294939120538328, "A12": -0.2808188312750821, "A13": -0.03059847768830537, "A14": -0.00029790659400540564, "A15": 0.07515662578449116, "A16": -0.07854743222693165, "A17": 0.06425524237469173, "A18": -0.10504623304081818, "A19": -0.12362418508376605, "A20": -0.3788390127959196, "A21": 0.2109070287380867, "A22": 0.26540016185652354, "A23": -0.04442436652409003, "A24": 0.01395329979112173, "A25": 0.04562534184965694, "A26": 0.12377251124472241, "A27": 7.079650747406622e-05, "A28": 0.00010644717944522389, "A29": 0.1813031487119898, "A30": 0.02026446055705739, "A31": 0.13508295247725743, "A32": 0.09903414584327487, "A33": 0.05949757620024635, "A34": 0.016883373780446194, "A35": -0.08517917794857566, "A36": -0.1063113149627525, "A37": -0.03815010058341145, "A38": 0.10108812701196151, "A39": -0.06806758598026862, "A40": 0.05416083058449918, "A41": 0.06606766435272665, "A42": -0.1945473562852871, "A43": 0.29913594145324696, "A44": 0.07337596802872856, "A45": -0.0009718136049700347, "A46": -0.11069376869931766, "A47": 0.0830636487698057, "A48": -0.13372127348232532, "A49": 0.025399776697942435, "A50": -0.029636595968139133, "A51": 0.014788563594433536, "A52": 0.01613882793141468, "A53": -0.018566820435618796, "A54": 0.1402466796518324, "A55": -0.147081043716144, "A56": 0.061445787229649475, "A57": -0.039505394795255416, "A58": -0.14174924932453428, "A59": -0.24693927355308573, "A60": -0.056459636466757904, "A61": -0.09700041259089606, "A62": 0.013936077765991987, "A63": 0.041838005771121185, "area_ha": 4.081330830667936, "centroid_lat": 21.573207523793904, "centroid_lon": 85.387467977451, "cluster_id": 1, "n_pixels": 408, "perim_m": 1180.0649893105701, "stand_id": 121, "stand_lbl": 5}}, {"type": "Feature", "geometry": {"type": "Polygon", "coordinates": [[[85.38792963418187, 21.572107797838612], [85.38793063327915, 21.5720174834298], [85.38812374146575, 21.57201935237475], [85.38812474043726, 21.571929037956956], [85.3884144025869, 21.57193184094319], [85.38841540137875, 21.57184152650743], [85.3886085093767, 21.571843394877455], [85.38860950804279, 21.571753080432714], [85.38880261595091, 21.57175494856918], [85.38880361449122, 21.571664634115454], [85.38909327620968, 21.571667435897943], [85.38909427456134, 21.57157712142625], [85.38938393614505, 21.571579922687718], [85.38938493431706, 21.571489608198057], [85.39064013429152, 21.571501741122763], [85.39063913689205, 21.57159205566632], [85.39102535269032, 21.571595786989533], [85.39102435553342, 21.571686101542074], [85.39121746357628, 21.571687966875793], [85.39121646653615, 21.5717782814463], [85.39140957472274, 21.571780146564425], [85.3914085777904, 21.57187046113493], [85.39160168612074, 21.57187232603746], [85.39160068930518, 21.571962640616952], [85.39169724353772, 21.571963572987368], [85.39169624677606, 21.57205388756686], [85.3918893553669, 21.572055752154977], [85.39188835872203, 21.57214606674345], [85.3919849130893, 21.572146998961152], [85.39198391649833, 21.572237313549625], [85.3920804709285, 21.572238245713432], [85.39207947439142, 21.572328560301905], [85.39217602889346, 21.572329492420792], [85.39217503241028, 21.572419807018246], [85.3922715869662, 21.572420739074254], [85.39227059053692, 21.57251105367171], [85.39236714516473, 21.5725119856828], [85.39236614878935, 21.57260230028924], [85.39246270348002, 21.57260323224643], [85.39246170716753, 21.57269354685287], [85.39255826192108, 21.572694478756162], [85.39255626938592, 21.572875107978025], [85.39265282426524, 21.5728760398364], [85.39265182805156, 21.57296635444284], [85.39274838299376, 21.5729672862563], [85.39274738683397, 21.573057600871724], [85.39284394184806, 21.5730585326223], [85.39284294574216, 21.573148847246706], [85.39293950081912, 21.57314977894339], [85.39293850476713, 21.573240093567794], [85.39303505990696, 21.57324102521956], [85.39303406390889, 21.573331339843964], [85.39313061912058, 21.573332271441828], [85.39312962317639, 21.573422586075218], [85.39322617844199, 21.573423517619183], [85.39322518256068, 21.573513832252573], [85.39332173789815, 21.57351476374264], [85.39331974622537, 21.5736953930184], [85.39341630167961, 21.57369632446355], [85.39341530589712, 21.573786639105922], [85.39351186142324, 21.573787570497178], [85.39350986996604, 21.57396819978192], [85.39360642560894, 21.57396913113724], [85.39360443425056, 21.574149760421985], [85.39370099001923, 21.574150691723407], [85.39369800311192, 21.574421635659505], [85.3937945590782, 21.57442256691601], [85.3937925678995, 21.574603196209736], [85.39388912398256, 21.574604127421324], [85.39388613735373, 21.574875071366407], [85.39398269362545, 21.57487600253308], [85.39397970713138, 21.575146946487145], [85.39407626358275, 21.575147877608906], [85.39407427268252, 21.5753285069206], [85.39417082925966, 21.57532943799744], [85.39416784304406, 21.575600381951503], [85.39426439980984, 21.575601312992415], [85.39426041835972, 21.575962571606816], [85.3938741903803, 21.575958847065884], [85.39387618159493, 21.575778217790123], [85.3935865110191, 21.57577542382298], [85.3935875068016, 21.575685109198574], [85.39349095001783, 21.575684177771386], [85.39349393750007, 21.575413233907156], [85.39339738089598, 21.575412302435055], [85.39339937264961, 21.57523167318624], [85.39330281617129, 21.575230741669227], [85.39331476695358, 21.574146966185342], [85.39312165544321, 21.574145103079445], [85.39312265143232, 21.574054788455037], [85.39292954006568, 21.574052925133543], [85.3929285439598, 21.574143239748967], [85.39254232105586, 21.574139512414273], [85.39254032835899, 21.574320141609185], [85.39244377252746, 21.574319209625045], [85.39244476893877, 21.574228895036573], [85.39234821317011, 21.574227963007516], [85.39234920963533, 21.574137648419043], [85.39215609824174, 21.574135784190247], [85.39216008453378, 21.573774525872288], [85.39196697363427, 21.57377266145485], [85.39196996365872, 21.57350171773435], [85.39187340839312, 21.573500785453763], [85.39187440511886, 21.573410470883257], [85.39177784992512, 21.573409538548773], [85.39177984347538, 21.57322890940776], [85.39158673333944, 21.57322704459506], [85.39158872710529, 21.573046415472014], [85.39139561722088, 21.573044550452703], [85.39139761121132, 21.57286392133864], [85.3912045015964, 21.572862056112715], [85.39120649580244, 21.57268142701662], [85.39101338643904, 21.57267956158408], [85.39101538086965, 21.57249893249697], [85.39062916268186, 21.572495201003075], [85.39063115757061, 21.57231457194291], [85.38889317892355, 21.57229776929688], [85.38889218041018, 21.572388083750607], [85.38869907165764, 21.57238621565906], [85.38869807301852, 21.5724765301038], [85.38831185533378, 21.57247279323798], [85.38831385308815, 21.572292164384432], [85.38812074451528, 21.57229029563711], [85.38812274248525, 21.572109666801527], [85.38792963418187, 21.572107797838612]]]}, "id": "+96+49", "properties": {"A00": -0.003066943154475413, "A01": -0.012587464078007154, "A02": 0.1169737764352713, "A03": 0.02566930168822565, "A04": -0.07118083004631788, "A05": -0.00288185101800712, "A06": -0.07732533546964421, "A07": 0.10999040778577397, "A08": 0.02322517062308632, "A09": -0.013695748337042266, "A10": 0.13055554619163204, "A11": 0.00795253455205927, "A12": -0.3002944596985288, "A13": 0.0006217489145280843, "A14": 0.055445262223718865, "A15": 0.1002049260129075, "A16": -0.1176975607607025, "A17": 0.0937251939384121, "A18": -0.14224435355668488, "A19": -0.0982553687295917, "A20": -0.3751517966060529, "A21": 0.22839832270433644, "A22": 0.21909156718898415, "A23": -0.010275769435530907, "A24": 0.03154900116007032, "A25": 0.038380570183438115, "A26": 0.13266766987862055, "A27": -0.07258336666805726, "A28": -0.035501190404376305, "A29": 0.16206679206630492, "A30": 0.016035284424383442, "A31": 0.1779277857934649, "A32": 0.04416110020559907, "A33": 0.03392555610662673, "A34": 0.07008448782326698, "A35": -0.06325804068718884, "A36": -0.13252808537085303, "A37": 0.04786982074518157, "A38": 0.13515777159232426, "A39": -0.04543066741352644, "A40": 0.046247272482279986, "A41": 0.00672636471229301, "A42": -0.2110776726787882, "A43": 0.2378033035429305, "A44": 0.08029234272970834, "A45": 0.03565590236929771, "A46": -0.0032504583454942004, "A47": 0.019566060912602164, "A48": -0.15456045792210993, "A49": 0.017892710581065133, "A50": 0.05796042521147881, "A51": 0.0831503576190349, "A52": -0.010771973937032464, "A53": 0.015238167924315829, "A54": 0.17290116932188232, "A55": -0.09705805594414162, "A56": 0.08260286443532158, "A57": -0.07061217524593223, "A58": -0.1282083359387818, "A59": -0.30769385223533735, "A60": -0.10038084921148537, "A61": -0.05095117355724384, "A62": 0.10412069817264842, "A63": 0.03497835383825041, "area_ha": 6.989428997325114, "centroid_lat": 21.573039430382703, "centroid_lon": 85.3915563177862, "cluster_id": 2, "n_pixels": 699, "perim_m": 2400.136688654814, "stand_id": 122, "stand_lbl": 23}}, {"type": "Feature", "geometry": {"type": "Polygon", "coordinates": [[[85.38840141786167, 21.57310592852721], [85.38840341557113, 21.572925299673656], [85.38849997028876, 21.57292623393952], [85.38850496416717, 21.572474661787673], [85.38869807301852, 21.5724765301038], [85.38869907165764, 21.57238621565906], [85.38889218041018, 21.572388083750607], [85.38889317892355, 21.57229776929688], [85.38985872240775, 21.57230710634103], [85.38985473070785, 21.57266836431763], [85.3896616214882, 21.572666497322025], [85.38965762922236, 21.573027755244723], [85.38975418406575, 21.57302868878295], [85.38975318604646, 21.57311900327261], [85.38984974096171, 21.573119936756935], [85.3898487429963, 21.573210251246593], [85.3886900837078, 21.573199045616825], [85.38868808633072, 21.57337967447936], [85.38849497627562, 21.5733778060734], [85.38849797269609, 21.573106862802057], [85.38840141786167, 21.57310592852721]]]}, "id": "+38+21", "properties": {"A00": 0.022656917104230515, "A01": 0.003171107537467927, "A02": 0.09546120020744492, "A03": 0.0651304547780292, "A04": -0.06563417776585093, "A05": -0.02073601149976806, "A06": -0.11229150260442508, "A07": 0.12410425964385458, "A08": 0.01040520539898186, "A09": -0.01533302476186895, "A10": 0.15045705384499586, "A11": 0.04418483548648851, "A12": -0.2943518666822364, "A13": -0.020495382308386073, "A14": 0.03560025316301561, "A15": 0.08845673822599052, "A16": -0.07785254522473445, "A17": 0.07432393497572154, "A18": -0.16878655120606476, "A19": -0.06899121960942455, "A20": -0.399235413705607, "A21": 0.17309521511258194, "A22": 0.24420755385985451, "A23": -0.030972229371000515, "A24": 0.03662086809406795, "A25": 0.02501662050989141, "A26": 0.16795296636006243, "A27": -0.051239257428745744, "A28": -0.045851861670099386, "A29": 0.1857668119177639, "A30": 0.00954729033880108, "A31": 0.18995984358068163, "A32": 0.11515928824298174, "A33": 0.04420823275401907, "A34": 0.0386477846278881, "A35": -0.053208764068982166, "A36": -0.10380660547397709, "A37": -0.005085291833945414, "A38": 0.1041401397261662, "A39": -0.06032667554557358, "A40": 0.028914985961362417, "A41": 0.009734788175962631, "A42": -0.20061724324254315, "A43": 0.26739510049697485, "A44": 0.11009392020508454, "A45": 0.04887225242967348, "A46": -0.01306679164116462, "A47": 0.051917352492925894, "A48": -0.15441480989006146, "A49": 0.05313222976373043, "A50": 0.01393655054855479, "A51": 0.0032546353903904622, "A52": 0.008446010334153107, "A53": 0.005158772678420131, "A54": 0.18259041986130042, "A55": -0.12812038751500554, "A56": 0.08103600698777896, "A57": -0.07759806789960413, "A58": -0.11018220173803304, "A59": -0.29631524650866636, "A60": -0.06761992500947567, "A61": -0.05045570358730562, "A62": 0.07869252116732828, "A63": 0.022246654455239046, "area_ha": 1.3136489813639847, "centroid_lat": 21.572781695005506, "centroid_lon": 85.38913218968722, "cluster_id": 1, "n_pixels": 131, "perim_m": 580.0324546526696, "stand_id": 123, "stand_lbl": 10}}]}