{"type": "FeatureCollection", "columns": {}, "features": [{"type": "Feature", "geometry": {"type": "Polygon", "coordinates": [[[84.64187118406525, 20.830134808163464], [84.64205084712208, 20.830134808163464], [84.64205084712208, 20.8304043027487], [84.64187118406525, 20.8304043027487], [84.64187118406525, 20.830494134277114], [84.64160168948003, 20.830494134277114], [84.64160168948003, 20.8304043027487], [84.64169152100843, 20.8304043027487], [84.64169152100843, 20.830224639691878], [84.64187118406525, 20.830224639691878], [84.64187118406525, 20.830134808163464]]]}, "id": "+31+8", "properties": {"area_ha": 0.12123140222448282, "centroid_lat": 20.830324836685424, "centroid_lon": 84.64185390884543, "cluster_id": 2, "n_pixels": 12, "perim_m": 173.06867894842026, "profile_A00_p50": 0.01607929846723634, "profile_A01_p50": -0.09325928894552608, "profile_A02_p50": 0.15574265080948216, "profile_A03_p50": 0.05510718791275624, "profile_A04_p50": -0.03958326256288115, "profile_A05_p50": -0.012175294337919829, "profile_A06_p50": -0.06860958937213293, "profile_A07_p50": 0.15972123394716195, "profile_A08_p50": -0.09519653755341986, "profile_A09_p50": 0.03081455304969992, "profile_A10_p50": 0.09723644038592667, "profile_A11_p50": 0.054165564002202786, "profile_A12_p50": -0.3147218909719646, "profile_A13_p50": 0.040497469321907516, "profile_A14_p50": -0.022973498166712958, "profile_A15_p50": 0.09328417803107399, "profile_A16_p50": -0.03179032310251832, "profile_A17_p50": 0.05956912658424222, "profile_A18_p50": -0.08345493268382298, "profile_A19_p50": -0.00869351149030712, "profile_A20_p50": -0.32718595943376916, "profile_A21_p50": 0.3294839047918634, "profile_A22_p50": 0.2685499623513489, "profile_A23_p50": -0.03656012355091588, "profile_A24_p50": 0.0424956708138624, "profile_A25_p50": 0.04968691852140866, "profile_A26_p50": 0.14118621676056847, "profile_A27_p50": -0.0015169094507810382, "profile_A28_p50": -0.0551930306465149, "profile_A29_p50": 0.19672973847713127, "profile_A30_p50": 0.03563462265510587, "profile_A31_p50": 0.06891962816152455, "profile_A32_p50": -0.03370277333875243, "profile_A33_p50": -0.021022160498186202, "profile_A34_p50": 0.02194537343692845, "profile_A35_p50": -0.06489623050346346, "profile_A36_p50": -0.16667376452843582, "profile_A37_p50": 0.049301007118673384, "profile_A38_p50": 0.1625646481134659, "profile_A39_p50": -0.09667818203882567, "profile_A40_p50": 0.07177554247184999, "profile_A41_p50": 0.025849713758259157, "profile_A42_p50": -0.1603950383149332, "profile_A43_p50": 0.3206311935052324, "profile_A44_p50": 0.03949686181453972, "profile_A45_p50": 0.07957258653471222, "profile_A46_p50": -0.007244395135298514, "profile_A47_p50": 0.0009285263544765512, "profile_A48_p50": -0.14827138240108648, "profile_A49_p50": 0.04203039160903449, "profile_A50_p50": -0.0894084614750824, "profile_A51_p50": 0.0420021094092952, "profile_A52_p50": -0.026854651969123216, "profile_A53_p50": -0.05222646987672483, "profile_A54_p50": 0.19210230009974394, "profile_A55_p50": -0.09714178975171217, "profile_A56_p50": -0.02982483604049857, "profile_A57_p50": -0.031826696800191734, "profile_A58_p50": -0.11861554119579336, "profile_A59_p50": -0.16945468313000148, "profile_A60_p50": 0.024861352308783075, "profile_A61_p50": -0.06396893744907857, "profile_A62_p50": 0.09038286949991847, "profile_A63_p50": 0.06305566403851852, "unit_id": 1}}, {"type": "Feature", "geometry": {"type": "Polygon", "coordinates": [[[84.64241017323573, 20.829056829822523], [84.64250000476414, 20.829056829822523], [84.64250000476414, 20.829146661350933], [84.64276949934937, 20.829146661350933], [84.64276949934937, 20.82932632440776], [84.64303899393461, 20.82932632440776], [84.64303899393461, 20.829505987464582], [84.64321865699144, 20.829505987464582], [84.64321865699144, 20.829865313578228], [84.64357798310509, 20.829865313578228], [84.64357798310509, 20.82995514510664], [84.64339832004826, 20.82995514510664], [84.64339832004826, 20.830134808163464], [84.64321865699144, 20.830134808163464], [84.64321865699144, 20.83031447122029], [84.64312882546302, 20.83031447122029], [84.64312882546302, 20.830494134277114], [84.64330848851985, 20.830494134277114], [84.64330848851985, 20.830583965805523], [84.64339832004826, 20.830583965805523], [84.64339832004826, 20.83076362886235], [84.64348815157668, 20.83076362886235], [84.64348815157668, 20.83085346039076], [84.64330848851985, 20.83085346039076], [84.64330848851985, 20.83076362886235], [84.64276949934937, 20.83076362886235], [84.64276949934937, 20.830673797333937], [84.64241017323573, 20.830673797333937], [84.64241017323573, 20.829865313578228], [84.64232034170732, 20.829865313578228], [84.64232034170732, 20.830044976635055], [84.6422305101789, 20.830044976635055], [84.6422305101789, 20.829505987464582], [84.64241017323573, 20.829505987464582], [84.64241017323573, 20.829056829822523]], [[84.64303899393461, 20.829595818992992], [84.6429491624062, 20.829595818992992], [84.6429491624062, 20.829685650521405], [84.64303899393461, 20.829685650521405], [84.64303899393461, 20.829595818992992]]]}, "id": "+36+20", "properties": {"area_ha": 1.557360541163941, "centroid_lat": 20.830003287435446, "centroid_lon": 84.64281118705665, "cluster_id": 2, "n_pixels": 156, "perim_m": 831.5146364867152, "profile_A00_p50": 0.01607929846723634, "profile_A01_p50": -0.09325928894552608, "profile_A02_p50": 0.15574265080948216, "profile_A03_p50": 0.05510718791275624, "profile_A04_p50": -0.03958326256288115, "profile_A05_p50": -0.012175294337919829, "profile_A06_p50": -0.06860958937213293, "profile_A07_p50": 0.15972123394716195, "profile_A08_p50": -0.09519653755341986, "profile_A09_p50": 0.03081455304969992, "profile_A10_p50": 0.09723644038592667, "profile_A11_p50": 0.054165564002202786, "profile_A12_p50": -0.3147218909719646, "profile_A13_p50": 0.040497469321907516, "profile_A14_p50": -0.022973498166712958, "profile_A15_p50": 0.09328417803107399, "profile_A16_p50": -0.03179032310251832, "profile_A17_p50": 0.05956912658424222, "profile_A18_p50": -0.08345493268382298, "profile_A19_p50": -0.00869351149030712, "profile_A20_p50": -0.32718595943376916, "profile_A21_p50": 0.3294839047918634, "profile_A22_p50": 0.2685499623513489, "profile_A23_p50": -0.03656012355091588, "profile_A24_p50": 0.0424956708138624, "profile_A25_p50": 0.04968691852140866, "profile_A26_p50": 0.14118621676056847, "profile_A27_p50": -0.0015169094507810382, "profile_A28_p50": -0.0551930306465149, "profile_A29_p50": 0.19672973847713127, "profile_A30_p50": 0.03563462265510587, "profile_A31_p50": 0.06891962816152455, "profile_A32_p50": -0.03370277333875243, "profile_A33_p50": -0.021022160498186202, "profile_A34_p50": 0.02194537343692845, "profile_A35_p50": -0.06489623050346346, "profile_A36_p50": -0.16667376452843582, "profile_A37_p50": 0.049301007118673384, "profile_A38_p50": 0.1625646481134659, "profile_A39_p50": -0.09667818203882567, "profile_A40_p50": 0.07177554247184999, "profile_A41_p50": 0.025849713758259157, "profile_A42_p50": -0.1603950383149332, "profile_A43_p50": 0.3206311935052324, "profile_A44_p50": 0.03949686181453972, "profile_A45_p50": 0.07957258653471222, "profile_A46_p50": -0.007244395135298514, "profile_A47_p50": 0.0009285263544765512, "profile_A48_p50": -0.14827138240108648, "profile_A49_p50": 0.04203039160903449, "profile_A50_p50": -0.0894084614750824, "profile_A51_p50": 0.0420021094092952, "profile_A52_p50": -0.026854651969123216, "profile_A53_p50": -0.05222646987672483, "profile_A54_p50": 0.19210230009974394, "profile_A55_p50": -0.09714178975171217, "profile_A56_p50": -0.02982483604049857, "profile_A57_p50": -0.031826696800191734, "profile_A58_p50": -0.11861554119579336, "profile_A59_p50": -0.16945468313000148, "profile_A60_p50": 0.024861352308783075, "profile_A61_p50": -0.06396893744907857, "profile_A62_p50": 0.09038286949991847, "profile_A63_p50": 0.06305566403851852, "unit_id": 2}}, {"type": "Feature", "geometry": {"type": "Polygon", "coordinates": [[[84.6414220264232, 20.82977548204982], [84.64196101559367, 20.82977548204982], [84.64196101559367, 20.829865313578228], [84.64205084712208, 20.829865313578228], [84.64205084712208, 20.82995514510664], [84.64187118406525, 20.82995514510664], [84.64187118406525, 20.829865313578228], [84.6414220264232, 20.829865313578228], [84.6414220264232, 20.82977548204982]]]}, "id": "+30+12", "properties": {"area_ha": 0.07460414010239111, "centroid_lat": 20.82984285647507, "centroid_lon": 84.64175889479434, "cluster_id": 2, "n_pixels": 7, "perim_m": 170.6878090310324, "profile_A00_p50": 0.01607929846723634, "profile_A01_p50": -0.09325928894552608, "profile_A02_p50": 0.15574265080948216, "profile_A03_p50": 0.05510718791275624, "profile_A04_p50": -0.03958326256288115, "profile_A05_p50": -0.012175294337919829, "profile_A06_p50": -0.06860958937213293, "profile_A07_p50": 0.15972123394716195, "profile_A08_p50": -0.09519653755341986, "profile_A09_p50": 0.03081455304969992, "profile_A10_p50": 0.09723644038592667, "profile_A11_p50": 0.054165564002202786, "profile_A12_p50": -0.3147218909719646, "profile_A13_p50": 0.040497469321907516, "profile_A14_p50": -0.022973498166712958, "profile_A15_p50": 0.09328417803107399, "profile_A16_p50": -0.03179032310251832, "profile_A17_p50": 0.05956912658424222, "profile_A18_p50": -0.08345493268382298, "profile_A19_p50": -0.00869351149030712, "profile_A20_p50": -0.32718595943376916, "profile_A21_p50": 0.3294839047918634, "profile_A22_p50": 0.2685499623513489, "profile_A23_p50": -0.03656012355091588, "profile_A24_p50": 0.0424956708138624, "profile_A25_p50": 0.04968691852140866, "profile_A26_p50": 0.14118621676056847, "profile_A27_p50": -0.0015169094507810382, "profile_A28_p50": -0.0551930306465149, "profile_A29_p50": 0.19672973847713127, "profile_A30_p50": 0.03563462265510587, "profile_A31_p50": 0.06891962816152455, "profile_A32_p50": -0.03370277333875243, "profile_A33_p50": -0.021022160498186202, "profile_A34_p50": 0.02194537343692845, "profile_A35_p50": -0.06489623050346346, "profile_A36_p50": -0.16667376452843582, "profile_A37_p50": 0.049301007118673384, "profile_A38_p50": 0.1625646481134659, "profile_A39_p50": -0.09667818203882567, "profile_A40_p50": 0.07177554247184999, "profile_A41_p50": 0.025849713758259157, "profile_A42_p50": -0.1603950383149332, "profile_A43_p50": 0.3206311935052324, "profile_A44_p50": 0.03949686181453972, "profile_A45_p50": 0.07957258653471222, "profile_A46_p50": -0.007244395135298514, "profile_A47_p50": 0.0009285263544765512, "profile_A48_p50": -0.14827138240108648, "profile_A49_p50": 0.04203039160903449, "profile_A50_p50": -0.0894084614750824, "profile_A51_p50": 0.0420021094092952, "profile_A52_p50": -0.026854651969123216, "profile_A53_p50": -0.05222646987672483, "profile_A54_p50": 0.19210230009974394, "profile_A55_p50": -0.09714178975171217, "profile_A56_p50": -0.02982483604049857, "profile_A57_p50": -0.031826696800191734, "profile_A58_p50": -0.11861554119579336, "profile_A59_p50": -0.16945468313000148, "profile_A60_p50": 0.024861352308783075, "profile_A61_p50": -0.06396893744907857, "profile_A62_p50": 0.09038286949991847, "profile_A63_p50": 0.06305566403851852, "unit_id": 3}}, {"type": "Feature", "geometry": {"type": "Polygon", "coordinates": [[[84.64726107576998, 20.828248346066815], [84.64762040188361, 20.828248346066815], [84.64762040188361, 20.828338177595228], [84.6474407388268, 20.828338177595228], [84.6474407388268, 20.828428009123638], [84.64726107576998, 20.828428009123638], [84.64726107576998, 20.82896699829411], [84.64681191812791, 20.82896699829411], [84.64681191812791, 20.829056829822523], [84.64663225507108, 20.829056829822523], [84.64663225507108, 20.829146661350933], [84.64654242354268, 20.829146661350933], [84.64654242354268, 20.82941615593617], [84.64663225507108, 20.82941615593617], [84.64663225507108, 20.829505987464582], [84.64699158118474, 20.829505987464582], [84.64699158118474, 20.82932632440776], [84.6474407388268, 20.82932632440776], [84.6474407388268, 20.829146661350933], [84.6482492225825, 20.829146661350933], [84.6482492225825, 20.829236492879346], [84.6481593910541, 20.829236492879346], [84.6481593910541, 20.82932632440776], [84.64797972799727, 20.82932632440776], [84.64797972799727, 20.82941615593617], [84.64780006494044, 20.82941615593617], [84.64780006494044, 20.829505987464582], [84.64762040188361, 20.829505987464582], [84.64762040188361, 20.829595818992992], [84.6474407388268, 20.829595818992992], [84.6474407388268, 20.829685650521405], [84.64726107576998, 20.829685650521405], [84.64726107576998, 20.82977548204982], [84.64708141271315, 20.82977548204982], [84.64708141271315, 20.829865313578228], [84.64690174965632, 20.829865313578228], [84.64690174965632, 20.82995514510664], [84.6467220865995, 20.82995514510664], [84.6467220865995, 20.830044976635055], [84.64654242354268, 20.830044976635055], [84.64654242354268, 20.830134808163464], [84.64636276048586, 20.830134808163464], [84.64636276048586, 20.830224639691878], [84.64618309742903, 20.830224639691878], [84.64618309742903, 20.83031447122029], [84.6460034343722, 20.83031447122029], [84.6460034343722, 20.8304043027487], [84.64582377131538, 20.8304043027487], [84.64582377131538, 20.830494134277114], [84.64564410825855, 20.830494134277114], [84.64564410825855, 20.830583965805523], [84.64546444520174, 20.830583965805523], [84.64546444520174, 20.830673797333937], [84.64528478214491, 20.830673797333937], [84.64528478214491, 20.83076362886235], [84.64501528755967, 20.83076362886235], [84.64501528755967, 20.83085346039076], [84.64447629838921, 20.83085346039076], [84.64447629838921, 20.830943291919173], [84.64402714074714, 20.830943291919173], [84.64402714074714, 20.83085346039076], [84.64348815157668, 20.83085346039076], [84.64348815157668, 20.83076362886235], [84.64339832004826, 20.83076362886235], [84.64339832004826, 20.830583965805523], [84.64330848851985, 20.830583965805523], [84.64330848851985, 20.830494134277114], [84.64312882546302, 20.830494134277114], [84.64312882546302, 20.8304043027487], [84.64330848851985, 20.8304043027487], [84.64330848851985, 20.83031447122029], [84.64339832004826, 20.83031447122029], [84.64339832004826, 20.830224639691878], [84.64357798310509, 20.830224639691878], [84.64357798310509, 20.830134808163464], [84.64366781463349, 20.830134808163464], [84.64366781463349, 20.830044976635055], [84.64411697227555, 20.830044976635055], [84.64411697227555, 20.82995514510664], [84.64420680380397, 20.82995514510664], [84.64420680380397, 20.829865313578228], [84.64429663533238, 20.829865313578228], [84.64429663533238, 20.829685650521405], [84.64456612991762, 20.829685650521405], [84.64456612991762, 20.829505987464582], [84.64483562450285, 20.829505987464582], [84.64483562450285, 20.82941615593617], [84.64492545603126, 20.82941615593617], [84.64492545603126, 20.82932632440776], [84.64510511908809, 20.82932632440776], [84.64510511908809, 20.829236492879346], [84.6451949506165, 20.829236492879346], [84.6451949506165, 20.829146661350933], [84.64627292895744, 20.829146661350933], [84.64627292895744, 20.82860767218046], [84.64645259201427, 20.82860767218046], [84.64645259201427, 20.82851784065205], [84.64654242354268, 20.82851784065205], [84.64654242354268, 20.828428009123638], [84.64681191812791, 20.828428009123638], [84.64681191812791, 20.828338177595228], [84.64726107576998, 20.828338177595228], [84.64726107576998, 20.828248346066815]]]}, "id": "+93+29", "properties": {"area_ha": 5.809800392935935, "centroid_lat": 20.82981102678513, "centroid_lon": 84.64557540755138, "cluster_id": 3, "n_pixels": 581, "perim_m": 1966.6574153862105, "profile_A00_p50": 0.052276035215144005, "profile_A01_p50": -0.07570674553595987, "profile_A02_p50": 0.14301161547734112, "profile_A03_p50": 0.026838475293098074, "profile_A04_p50": -0.027107606071879665, "profile_A05_p50": -0.07910059001413451, "profile_A06_p50": -0.11086111526824538, "profile_A07_p50": 0.20628202758651923, "profile_A08_p50": -0.0727453446965644, "profile_A09_p50": 0.06395014083468452, "profile_A10_p50": 0.1029771457956181, "profile_A11_p50": 0.07079006683543519, "profile_A12_p50": -0.28761284092525874, "profile_A13_p50": -0.002395095713382588, "profile_A14_p50": -0.062022865351902386, "profile_A15_p50": 0.07179708596992768, "profile_A16_p50": -0.010801075327872237, "profile_A17_p50": 0.028243432664077608, "profile_A18_p50": -0.0649153155238889, "profile_A19_p50": -0.047833451260709835, "profile_A20_p50": -0.3279754786583093, "profile_A21_p50": 0.2938919125809585, "profile_A22_p50": 0.2901515835290164, "profile_A23_p50": -0.08739576495848039, "profile_A24_p50": 0.04542138120864045, "profile_A25_p50": 0.02687643612477525, "profile_A26_p50": 0.12930162852654958, "profile_A27_p50": 0.07567692598703289, "profile_A28_p50": -0.044442685112569796, "profile_A29_p50": 0.159567513681451, "profile_A30_p50": 0.0366322463400748, "profile_A31_p50": 0.0966807387618441, "profile_A32_p50": 0.034154572415841654, "profile_A33_p50": -0.012706078501532363, "profile_A34_p50": 0.011267298083066658, "profile_A35_p50": -0.10791025661018286, "profile_A36_p50": -0.1702649793303773, "profile_A37_p50": -0.016571453740257452, "profile_A38_p50": 0.15101684030307658, "profile_A39_p50": -0.10210032405048351, "profile_A40_p50": 0.06298088537151916, "profile_A41_p50": 0.04153433800584357, "profile_A42_p50": -0.13612640616746435, "profile_A43_p50": 0.3430850179197894, "profile_A44_p50": 0.05419105970806156, "profile_A45_p50": 0.03030801570708402, "profile_A46_p50": -0.04244070499533257, "profile_A47_p50": 0.05959002514080034, "profile_A48_p50": -0.10696707627859647, "profile_A49_p50": 0.02489349825142579, "profile_A50_p50": -0.09422902274896172, "profile_A51_p50": -0.0024358504884539486, "profile_A52_p50": -0.009291581830823261, "profile_A53_p50": -0.07372927312593018, "profile_A54_p50": 0.1604444915053086, "profile_A55_p50": -0.08644768000264685, "profile_A56_p50": -0.00635348464889088, "profile_A57_p50": -0.028833854609484788, "profile_A58_p50": -0.09809450944788282, "profile_A59_p50": -0.14602059648049545, "profile_A60_p50": 0.06690589851243738, "profile_A61_p50": -0.12253781276918109, "profile_A62_p50": 0.04590755036368143, "profile_A63_p50": 0.05519263608705948, "unit_id": 4}}, {"type": "Feature", "geometry": {"type": "Polygon", "coordinates": [[[84.64043387961067, 20.829146661350933], [84.64052371113908, 20.829146661350933], [84.64052371113908, 20.829236492879346], [84.6407033741959, 20.829236492879346], [84.6407033741959, 20.82941615593617], [84.6406135426675, 20.82941615593617], [84.6406135426675, 20.829505987464582], [84.6407033741959, 20.829505987464582], [84.6407033741959, 20.829685650521405], [84.64052371113908, 20.829685650521405], [84.64052371113908, 20.829595818992992], [84.64043387961067, 20.829595818992992], [84.64043387961067, 20.829505987464582], [84.64034404808226, 20.829505987464582], [84.64034404808226, 20.82941615593617], [84.64025421655384, 20.82941615593617], [84.64025421655384, 20.82932632440776], [84.64007455349702, 20.82932632440776], [84.64007455349702, 20.829236492879346], [84.64043387961067, 20.829236492879346], [84.64043387961067, 20.829146661350933]], [[84.64052371113908, 20.829236492879346], [84.64043387961067, 20.829236492879346], [84.64043387961067, 20.82932632440776], [84.64052371113908, 20.82932632440776], [84.64052371113908, 20.829236492879346]]]}, "id": "+14+19", "properties": {"area_ha": 0.18651095856264618, "centroid_lat": 20.829402680824497, "centroid_lon": 84.64047430348174, "cluster_id": 2, "n_pixels": 19, "perim_m": 307.54642541964995, "profile_A00_p50": 0.01607929846723634, "profile_A01_p50": -0.09325928894552608, "profile_A02_p50": 0.15574265080948216, "profile_A03_p50": 0.05510718791275624, "profile_A04_p50": -0.03958326256288115, "profile_A05_p50": -0.012175294337919829, "profile_A06_p50": -0.06860958937213293, "profile_A07_p50": 0.15972123394716195, "profile_A08_p50": -0.09519653755341986, "profile_A09_p50": 0.03081455304969992, "profile_A10_p50": 0.09723644038592667, "profile_A11_p50": 0.054165564002202786, "profile_A12_p50": -0.3147218909719646, "profile_A13_p50": 0.040497469321907516, "profile_A14_p50": -0.022973498166712958, "profile_A15_p50": 0.09328417803107399, "profile_A16_p50": -0.03179032310251832, "profile_A17_p50": 0.05956912658424222, "profile_A18_p50": -0.08345493268382298, "profile_A19_p50": -0.00869351149030712, "profile_A20_p50": -0.32718595943376916, "profile_A21_p50": 0.3294839047918634, "profile_A22_p50": 0.2685499623513489, "profile_A23_p50": -0.03656012355091588, "profile_A24_p50": 0.0424956708138624, "profile_A25_p50": 0.04968691852140866, "profile_A26_p50": 0.14118621676056847, "profile_A27_p50": -0.0015169094507810382, "profile_A28_p50": -0.0551930306465149, "profile_A29_p50": 0.19672973847713127, "profile_A30_p50": 0.03563462265510587, "profile_A31_p50": 0.06891962816152455, "profile_A32_p50": -0.03370277333875243, "profile_A33_p50": -0.021022160498186202, "profile_A34_p50": 0.02194537343692845, "profile_A35_p50": -0.06489623050346346, "profile_A36_p50": -0.16667376452843582, "profile_A37_p50": 0.049301007118673384, "profile_A38_p50": 0.1625646481134659, "profile_A39_p50": -0.09667818203882567, "profile_A40_p50": 0.07177554247184999, "profile_A41_p50": 0.025849713758259157, "profile_A42_p50": -0.1603950383149332, "profile_A43_p50": 0.3206311935052324, "profile_A44_p50": 0.03949686181453972, "profile_A45_p50": 0.07957258653471222, "profile_A46_p50": -0.007244395135298514, "profile_A47_p50": 0.0009285263544765512, "profile_A48_p50": -0.14827138240108648, "profile_A49_p50": 0.04203039160903449, "profile_A50_p50": -0.0894084614750824, "profile_A51_p50": 0.0420021094092952, "profile_A52_p50": -0.026854651969123216, "profile_A53_p50": -0.05222646987672483, "profile_A54_p50": 0.19210230009974394, "profile_A55_p50": -0.09714178975171217, "profile_A56_p50": -0.02982483604049857, "profile_A57_p50": -0.031826696800191734, "profile_A58_p50": -0.11861554119579336, "profile_A59_p50": -0.16945468313000148, "profile_A60_p50": 0.024861352308783075, "profile_A61_p50": -0.06396893744907857, "profile_A62_p50": 0.09038286949991847, "profile_A63_p50": 0.06305566403851852, "unit_id": 5}}, {"type": "Feature", "geometry": {"type": "Polygon", "coordinates": [[[84.64196101559367, 20.829056829822523], [84.64205084712208, 20.829056829822523], [84.64205084712208, 20.829236492879346], [84.64214067865049, 20.829236492879346], [84.64214067865049, 20.82932632440776], [84.64205084712208, 20.82932632440776], [84.64205084712208, 20.82941615593617], [84.64187118406525, 20.82941615593617], [84.64187118406525, 20.82932632440776], [84.64196101559367, 20.82932632440776], [84.64196101559367, 20.829236492879346], [84.64187118406525, 20.829236492879346], [84.64187118406525, 20.829146661350933], [84.64196101559367, 20.829146661350933], [84.64196101559367, 20.829056829822523]]]}, "id": "+31+20", "properties": {"area_ha": 0.06527890984394748, "centroid_lat": 20.829255743107375, "centroid_lon": 84.6419930974386, "cluster_id": 2, "n_pixels": 7, "perim_m": 154.36852275349386, "profile_A00_p50": 0.01607929846723634, "profile_A01_p50": -0.09325928894552608, "profile_A02_p50": 0.15574265080948216, "profile_A03_p50": 0.05510718791275624, "profile_A04_p50": -0.03958326256288115, "profile_A05_p50": -0.012175294337919829, "profile_A06_p50": -0.06860958937213293, "profile_A07_p50": 0.15972123394716195, "profile_A08_p50": -0.09519653755341986, "profile_A09_p50": 0.03081455304969992, "profile_A10_p50": 0.09723644038592667, "profile_A11_p50": 0.054165564002202786, "profile_A12_p50": -0.3147218909719646, "profile_A13_p50": 0.040497469321907516, "profile_A14_p50": -0.022973498166712958, "profile_A15_p50": 0.09328417803107399, "profile_A16_p50": -0.03179032310251832, "profile_A17_p50": 0.05956912658424222, "profile_A18_p50": -0.08345493268382298, "profile_A19_p50": -0.00869351149030712, "profile_A20_p50": -0.32718595943376916, "profile_A21_p50": 0.3294839047918634, "profile_A22_p50": 0.2685499623513489, "profile_A23_p50": -0.03656012355091588, "profile_A24_p50": 0.0424956708138624, "profile_A25_p50": 0.04968691852140866, "profile_A26_p50": 0.14118621676056847, "profile_A27_p50": -0.0015169094507810382, "profile_A28_p50": -0.0551930306465149, "profile_A29_p50": 0.19672973847713127, "profile_A30_p50": 0.03563462265510587, "profile_A31_p50": 0.06891962816152455, "profile_A32_p50": -0.03370277333875243, "profile_A33_p50": -0.021022160498186202, "profile_A34_p50": 0.02194537343692845, "profile_A35_p50": -0.06489623050346346, "profile_A36_p50": -0.16667376452843582, "profile_A37_p50": 0.049301007118673384, "profile_A38_p50": 0.1625646481134659, "profile_A39_p50": -0.09667818203882567, "profile_A40_p50": 0.07177554247184999, "profile_A41_p50": 0.025849713758259157, "profile_A42_p50": -0.1603950383149332, "profile_A43_p50": 0.3206311935052324, "profile_A44_p50": 0.03949686181453972, "profile_A45_p50": 0.07957258653471222, "profile_A46_p50": -0.007244395135298514, "profile_A47_p50": 0.0009285263544765512, "profile_A48_p50": -0.14827138240108648, "profile_A49_p50": 0.04203039160903449, "profile_A50_p50": -0.0894084614750824, "profile_A51_p50": 0.0420021094092952, "profile_A52_p50": -0.026854651969123216, "profile_A53_p50": -0.05222646987672483, "profile_A54_p50": 0.19210230009974394, "profile_A55_p50": -0.09714178975171217, "profile_A56_p50": -0.02982483604049857, "profile_A57_p50": -0.031826696800191734, "profile_A58_p50": -0.11861554119579336, "profile_A59_p50": -0.16945468313000148, "profile_A60_p50": 0.024861352308783075, "profile_A61_p50": -0.06396893744907857, "profile_A62_p50": 0.09038286949991847, "profile_A63_p50": 0.06305566403851852, "unit_id": 6}}, {"type": "Feature", "geometry": {"type": "Polygon", "coordinates": [[[84.64357798310509, 20.829056829822523], [84.64366781463349, 20.829056829822523], [84.64366781463349, 20.829146661350933], [84.64357798310509, 20.829146661350933], [84.64357798310509, 20.82932632440776], [84.64339832004826, 20.82932632440776], [84.64339832004826, 20.829236492879346], [84.64348815157668, 20.829236492879346], [84.64348815157668, 20.829146661350933], [84.64357798310509, 20.829146661350933], [84.64357798310509, 20.829056829822523]]]}, "id": "+49+20", "properties": {"area_ha": 0.037302245241064375, "centroid_lat": 20.829214034506833, "centroid_lon": 84.64353306677846, "cluster_id": 2, "n_pixels": 4, "perim_m": 115.77641531022377, "profile_A00_p50": 0.01607929846723634, "profile_A01_p50": -0.09325928894552608, "profile_A02_p50": 0.15574265080948216, "profile_A03_p50": 0.05510718791275624, "profile_A04_p50": -0.03958326256288115, "profile_A05_p50": -0.012175294337919829, "profile_A06_p50": -0.06860958937213293, "profile_A07_p50": 0.15972123394716195, "profile_A08_p50": -0.09519653755341986, "profile_A09_p50": 0.03081455304969992, "profile_A10_p50": 0.09723644038592667, "profile_A11_p50": 0.054165564002202786, "profile_A12_p50": -0.3147218909719646, "profile_A13_p50": 0.040497469321907516, "profile_A14_p50": -0.022973498166712958, "profile_A15_p50": 0.09328417803107399, "profile_A16_p50": -0.03179032310251832, "profile_A17_p50": 0.05956912658424222, "profile_A18_p50": -0.08345493268382298, "profile_A19_p50": -0.00869351149030712, "profile_A20_p50": -0.32718595943376916, "profile_A21_p50": 0.3294839047918634, "profile_A22_p50": 0.2685499623513489, "profile_A23_p50": -0.03656012355091588, "profile_A24_p50": 0.0424956708138624, "profile_A25_p50": 0.04968691852140866, "profile_A26_p50": 0.14118621676056847, "profile_A27_p50": -0.0015169094507810382, "profile_A28_p50": -0.0551930306465149, "profile_A29_p50": 0.19672973847713127, "profile_A30_p50": 0.03563462265510587, "profile_A31_p50": 0.06891962816152455, "profile_A32_p50": -0.03370277333875243, "profile_A33_p50": -0.021022160498186202, "profile_A34_p50": 0.02194537343692845, "profile_A35_p50": -0.06489623050346346, "profile_A36_p50": -0.16667376452843582, "profile_A37_p50": 0.049301007118673384, "profile_A38_p50": 0.1625646481134659, "profile_A39_p50": -0.09667818203882567, "profile_A40_p50": 0.07177554247184999, "profile_A41_p50": 0.025849713758259157, "profile_A42_p50": -0.1603950383149332, "profile_A43_p50": 0.3206311935052324, "profile_A44_p50": 0.03949686181453972, "profile_A45_p50": 0.07957258653471222, "profile_A46_p50": -0.007244395135298514, "profile_A47_p50": 0.0009285263544765512, "profile_A48_p50": -0.14827138240108648, "profile_A49_p50": 0.04203039160903449, "profile_A50_p50": -0.0894084614750824, "profile_A51_p50": 0.0420021094092952, "profile_A52_p50": -0.026854651969123216, "profile_A53_p50": -0.05222646987672483, "profile_A54_p50": 0.19210230009974394, "profile_A55_p50": -0.09714178975171217, "profile_A56_p50": -0.02982483604049857, "profile_A57_p50": -0.031826696800191734, "profile_A58_p50": -0.11861554119579336, "profile_A59_p50": -0.16945468313000148, "profile_A60_p50": 0.024861352308783075, "profile_A61_p50": -0.06396893744907857, "profile_A62_p50": 0.09038286949991847, "profile_A63_p50": 0.06305566403851852, "unit_id": 7}}, {"type": "Feature", "geometry": {"type": "Polygon", "coordinates": [[[84.64609326590062, 20.826990704669047], [84.64627292895744, 20.826990704669047], [84.64627292895744, 20.82717036772587], [84.64636276048586, 20.82717036772587], [84.64636276048586, 20.827260199254283], [84.64645259201427, 20.827260199254283], [84.64645259201427, 20.827350030782696], [84.64654242354268, 20.827350030782696], [84.64654242354268, 20.827439862311106], [84.64663225507108, 20.827439862311106], [84.64663225507108, 20.82752969383952], [84.64681191812791, 20.82752969383952], [84.64681191812791, 20.82761952536793], [84.64690174965632, 20.82761952536793], [84.64690174965632, 20.827709356896342], [84.64708141271315, 20.827709356896342], [84.64708141271315, 20.827799188424756], [84.64726107576998, 20.827799188424756], [84.64726107576998, 20.827709356896342], [84.6474407388268, 20.827709356896342], [84.6474407388268, 20.827799188424756], [84.64753057035522, 20.827799188424756], [84.64753057035522, 20.827709356896342], [84.6482492225825, 20.827709356896342], [84.6482492225825, 20.82797885148158], [84.6481593910541, 20.82797885148158], [84.6481593910541, 20.82860767218046], [84.64842888563933, 20.82860767218046], [84.64842888563933, 20.828787335237287], [84.64851871716775, 20.828787335237287], [84.64851871716775, 20.829056829822523], [84.64833905411092, 20.829056829822523], [84.64833905411092, 20.829146661350933], [84.6474407388268, 20.829146661350933], [84.6474407388268, 20.82932632440776], [84.64699158118474, 20.82932632440776], [84.64699158118474, 20.829505987464582], [84.64663225507108, 20.829505987464582], [84.64663225507108, 20.82941615593617], [84.64654242354268, 20.82941615593617], [84.64654242354268, 20.829146661350933], [84.64663225507108, 20.829146661350933], [84.64663225507108, 20.829056829822523], [84.64681191812791, 20.829056829822523], [84.64681191812791, 20.82896699829411], [84.64726107576998, 20.82896699829411], [84.64726107576998, 20.828428009123638], [84.6474407388268, 20.828428009123638], [84.6474407388268, 20.828338177595228], [84.64762040188361, 20.828338177595228], [84.64762040188361, 20.828248346066815], [84.64726107576998, 20.828248346066815], [84.64726107576998, 20.828338177595228], [84.64681191812791, 20.828338177595228], [84.64681191812791, 20.828428009123638], [84.64654242354268, 20.828428009123638], [84.64654242354268, 20.82851784065205], [84.64645259201427, 20.82851784065205], [84.64645259201427, 20.82860767218046], [84.64627292895744, 20.82860767218046], [84.64627292895744, 20.829146661350933], [84.6451949506165, 20.829146661350933], [84.6451949506165, 20.829236492879346], [84.64510511908809, 20.829236492879346], [84.64510511908809, 20.82932632440776], [84.64492545603126, 20.82932632440776], [84.64492545603126, 20.82941615593617], [84.64483562450285, 20.82941615593617], [84.64483562450285, 20.829505987464582], [84.64456612991762, 20.829505987464582], [84.64456612991762, 20.829685650521405], [84.64429663533238, 20.829685650521405], [84.64429663533238, 20.829865313578228], [84.64420680380397, 20.829865313578228], [84.64420680380397, 20.82995514510664], [84.64411697227555, 20.82995514510664], [84.64411697227555, 20.830044976635055], [84.64366781463349, 20.830044976635055], [84.64366781463349, 20.830134808163464], [84.64357798310509, 20.830134808163464], [84.64357798310509, 20.830224639691878], [84.64339832004826, 20.830224639691878], [84.64339832004826, 20.83031447122029], [84.64330848851985, 20.83031447122029], [84.64330848851985, 20.8304043027487], [84.64312882546302, 20.8304043027487], [84.64312882546302, 20.83031447122029], [84.64321865699144, 20.83031447122029], [84.64321865699144, 20.830134808163464], [84.64339832004826, 20.830134808163464], [84.64339832004826, 20.82995514510664], [84.64357798310509, 20.82995514510664], [84.64357798310509, 20.829865313578228], [84.64366781463349, 20.829865313578228], [84.64366781463349, 20.82977548204982], [84.6437576461619, 20.82977548204982], [84.6437576461619, 20.829685650521405], [84.64393730921873, 20.829685650521405], [84.64393730921873, 20.829505987464582], [84.64411697227555, 20.829505987464582], [84.64411697227555, 20.82932632440776], [84.64420680380397, 20.82932632440776], [84.64420680380397, 20.82941615593617], [84.64429663533238, 20.82941615593617], [84.64429663533238, 20.82932632440776], [84.64456612991762, 20.82932632440776], [84.64456612991762, 20.829236492879346], [84.64465596144602, 20.829236492879346], [84.64465596144602, 20.829146661350933], [84.64501528755967, 20.829146661350933], [84.64501528755967, 20.829056829822523], [84.64510511908809, 20.829056829822523], [84.64510511908809, 20.82896699829411], [84.64528478214491, 20.82896699829411], [84.64528478214491, 20.828877166765697], [84.64537461367333, 20.828877166765697], [84.64537461367333, 20.82851784065205], [84.64528478214491, 20.82851784065205], [84.64528478214491, 20.828428009123638], [84.64573393978696, 20.828428009123638], [84.64573393978696, 20.828248346066815], [84.64591360284379, 20.828248346066815], [84.64591360284379, 20.82806868300999], [84.64609326590062, 20.82806868300999], [84.64609326590062, 20.827889019953165], [84.64618309742903, 20.827889019953165], [84.64618309742903, 20.82752969383952], [84.64609326590062, 20.82752969383952], [84.64609326590062, 20.826990704669047]]]}, "id": "+78+43", "properties": {"area_ha": 4.998521111169585, "centroid_lat": 20.82862275763567, "centroid_lon": 84.64649131287226, "cluster_id": 1, "n_pixels": 500, "perim_m": 2496.5869186449363, "profile_A00_p50": 0.03271580154003711, "profile_A01_p50": -0.11375341467856491, "profile_A02_p50": 0.14502358012698188, "profile_A03_p50": 0.03959149222005681, "profile_A04_p50": -0.030527205081604964, "profile_A05_p50": -0.059109560931666284, "profile_A06_p50": -0.08714236728077558, "profile_A07_p50": 0.19004517366198861, "profile_A08_p50": -0.09742691013455672, "profile_A09_p50": 0.05246428032381147, "profile_A10_p50": 0.0903839912043517, "profile_A11_p50": 0.06396969638284118, "profile_A12_p50": -0.30311452402904115, "profile_A13_p50": 0.020052965951416372, "profile_A14_p50": -0.0444413117461945, "profile_A15_p50": 0.06305666426498278, "profile_A16_p50": -0.026828031713742637, "profile_A17_p50": 0.04446795441187518, "profile_A18_p50": -0.06983080122288483, "profile_A19_p50": -0.017052298189478024, "profile_A20_p50": -0.34466440272476034, "profile_A21_p50": 0.3176269253135612, "profile_A22_p50": 0.277795582794932, "profile_A23_p50": -0.06489128113118889, "profile_A24_p50": 0.038339063717992033, "profile_A25_p50": 0.023901987066316726, "profile_A26_p50": 0.13237431101973818, "profile_A27_p50": 0.03951433416721946, "profile_A28_p50": -0.05443751669899556, "profile_A29_p50": 0.17207930230729043, "profile_A30_p50": 0.0287977790236459, "profile_A31_p50": 0.06689361953663718, "profile_A32_p50": -0.006945243488371015, "profile_A33_p50": -0.018058437216514258, "profile_A34_p50": 0.01801798984134666, "profile_A35_p50": -0.09227289352806284, "profile_A36_p50": -0.1500168932694884, "profile_A37_p50": 0.01023623617125179, "profile_A38_p50": 0.1647150595981434, "profile_A39_p50": -0.10885468643849414, "profile_A40_p50": 0.06306588951537889, "profile_A41_p50": 0.03667100002942101, "profile_A42_p50": -0.14514428798165818, "profile_A43_p50": 0.3448491278411489, "profile_A44_p50": 0.04539794597451391, "profile_A45_p50": 0.06589870806710484, "profile_A46_p50": -0.02778112571053548, "profile_A47_p50": 0.010734444636125716, "profile_A48_p50": -0.12455038136189558, "profile_A49_p50": 0.044471451794797744, "profile_A50_p50": -0.10399952773930678, "profile_A51_p50": 0.029827144024000656, "profile_A52_p50": -0.018048708711274394, "profile_A53_p50": -0.07273904843045319, "profile_A54_p50": 0.17321766443731382, "profile_A55_p50": -0.07765784986453983, "profile_A56_p50": -0.03371831346917852, "profile_A57_p50": -0.03263588178288644, "profile_A58_p50": -0.1194501360713451, "profile_A59_p50": -0.152898037244058, "profile_A60_p50": 0.054211555243307334, "profile_A61_p50": -0.09398988437787739, "profile_A62_p50": 0.06786579055894833, "profile_A63_p50": 0.05609223609963694, "unit_id": 8}}, {"type": "Feature", "geometry": {"type": "Polygon", "coordinates": [[[84.63944573279814, 20.8281585145384], [84.63953556432655, 20.8281585145384], [84.63953556432655, 20.828338177595228], [84.63971522738336, 20.828338177595228], [84.63971522738336, 20.828697503708874], [84.63962539585496, 20.828697503708874], [84.63962539585496, 20.82860767218046], [84.63953556432655, 20.82860767218046], [84.63953556432655, 20.828428009123638], [84.63944573279814, 20.828428009123638], [84.63944573279814, 20.8281585145384]]]}, "id": "+3+30", "properties": {"area_ha": 0.09325608575005223, "centroid_lat": 20.82843699251559, "centroid_lon": 84.63958946197533, "cluster_id": 2, "n_pixels": 9, "perim_m": 175.45066259366888, "profile_A00_p50": 0.01607929846723634, "profile_A01_p50": -0.09325928894552608, "profile_A02_p50": 0.15574265080948216, "profile_A03_p50": 0.05510718791275624, "profile_A04_p50": -0.03958326256288115, "profile_A05_p50": -0.012175294337919829, "profile_A06_p50": -0.06860958937213293, "profile_A07_p50": 0.15972123394716195, "profile_A08_p50": -0.09519653755341986, "profile_A09_p50": 0.03081455304969992, "profile_A10_p50": 0.09723644038592667, "profile_A11_p50": 0.054165564002202786, "profile_A12_p50": -0.3147218909719646, "profile_A13_p50": 0.040497469321907516, "profile_A14_p50": -0.022973498166712958, "profile_A15_p50": 0.09328417803107399, "profile_A16_p50": -0.03179032310251832, "profile_A17_p50": 0.05956912658424222, "profile_A18_p50": -0.08345493268382298, "profile_A19_p50": -0.00869351149030712, "profile_A20_p50": -0.32718595943376916, "profile_A21_p50": 0.3294839047918634, "profile_A22_p50": 0.2685499623513489, "profile_A23_p50": -0.03656012355091588, "profile_A24_p50": 0.0424956708138624, "profile_A25_p50": 0.04968691852140866, "profile_A26_p50": 0.14118621676056847, "profile_A27_p50": -0.0015169094507810382, "profile_A28_p50": -0.0551930306465149, "profile_A29_p50": 0.19672973847713127, "profile_A30_p50": 0.03563462265510587, "profile_A31_p50": 0.06891962816152455, "profile_A32_p50": -0.03370277333875243, "profile_A33_p50": -0.021022160498186202, "profile_A34_p50": 0.02194537343692845, "profile_A35_p50": -0.06489623050346346, "profile_A36_p50": -0.16667376452843582, "profile_A37_p50": 0.049301007118673384, "profile_A38_p50": 0.1625646481134659, "profile_A39_p50": -0.09667818203882567, "profile_A40_p50": 0.07177554247184999, "profile_A41_p50": 0.025849713758259157, "profile_A42_p50": -0.1603950383149332, "profile_A43_p50": 0.3206311935052324, "profile_A44_p50": 0.03949686181453972, "profile_A45_p50": 0.07957258653471222, "profile_A46_p50": -0.007244395135298514, "profile_A47_p50": 0.0009285263544765512, "profile_A48_p50": -0.14827138240108648, "profile_A49_p50": 0.04203039160903449, "profile_A50_p50": -0.0894084614750824, "profile_A51_p50": 0.0420021094092952, "profile_A52_p50": -0.026854651969123216, "profile_A53_p50": -0.05222646987672483, "profile_A54_p50": 0.19210230009974394, "profile_A55_p50": -0.09714178975171217, "profile_A56_p50": -0.02982483604049857, "profile_A57_p50": -0.031826696800191734, "profile_A58_p50": -0.11861554119579336, "profile_A59_p50": -0.16945468313000148, "profile_A60_p50": 0.024861352308783075, "profile_A61_p50": -0.06396893744907857, "profile_A62_p50": 0.09038286949991847, "profile_A63_p50": 0.06305566403851852, "unit_id": 9}}, {"type": "Feature", "geometry": {"type": "Polygon", "coordinates": [[[84.64384747769031, 20.827889019953165], [84.64420680380397, 20.827889019953165], [84.64420680380397, 20.828248346066815], [84.64429663533238, 20.828248346066815], [84.64429663533238, 20.828428009123638], [84.6443864668608, 20.828428009123638], [84.6443864668608, 20.828787335237287], [84.64447629838921, 20.828787335237287], [84.64447629838921, 20.828697503708874], [84.64456612991762, 20.828697503708874], [84.64456612991762, 20.828877166765697], [84.6443864668608, 20.828877166765697], [84.6443864668608, 20.828787335237287], [84.64393730921873, 20.828787335237287], [84.64393730921873, 20.82860767218046], [84.64366781463349, 20.82860767218046], [84.64366781463349, 20.828697503708874], [84.64348815157668, 20.828697503708874], [84.64348815157668, 20.82860767218046], [84.64330848851985, 20.82860767218046], [84.64330848851985, 20.828697503708874], [84.64321865699144, 20.828697503708874], [84.64321865699144, 20.82851784065205], [84.64303899393461, 20.82851784065205], [84.64303899393461, 20.828428009123638], [84.64321865699144, 20.828428009123638], [84.64321865699144, 20.828248346066815], [84.64357798310509, 20.828248346066815], [84.64357798310509, 20.827889019953165], [84.64366781463349, 20.827889019953165], [84.64366781463349, 20.82806868300999], [84.64393730921873, 20.82806868300999], [84.64393730921873, 20.82797885148158], [84.64384747769031, 20.82797885148158], [84.64384747769031, 20.827889019953165]], [[84.64384747769031, 20.8281585145384], [84.64366781463349, 20.8281585145384], [84.64366781463349, 20.828248346066815], [84.64357798310509, 20.828248346066815], [84.64357798310509, 20.828338177595228], [84.64348815157668, 20.828338177595228], [84.64348815157668, 20.828428009123638], [84.64366781463349, 20.828428009123638], [84.64366781463349, 20.82851784065205], [84.6437576461619, 20.82851784065205], [84.6437576461619, 20.828248346066815], [84.64384747769031, 20.828248346066815], [84.64384747769031, 20.8281585145384]]]}, "id": "+55+33", "properties": {"area_ha": 0.7740257272668373, "centroid_lat": 20.828400410598203, "centroid_lon": 84.64387291188649, "cluster_id": 2, "n_pixels": 77, "perim_m": 809.2465255040688, "profile_A00_p50": 0.01607929846723634, "profile_A01_p50": -0.09325928894552608, "profile_A02_p50": 0.15574265080948216, "profile_A03_p50": 0.05510718791275624, "profile_A04_p50": -0.03958326256288115, "profile_A05_p50": -0.012175294337919829, "profile_A06_p50": -0.06860958937213293, "profile_A07_p50": 0.15972123394716195, "profile_A08_p50": -0.09519653755341986, "profile_A09_p50": 0.03081455304969992, "profile_A10_p50": 0.09723644038592667, "profile_A11_p50": 0.054165564002202786, "profile_A12_p50": -0.3147218909719646, "profile_A13_p50": 0.040497469321907516, "profile_A14_p50": -0.022973498166712958, "profile_A15_p50": 0.09328417803107399, "profile_A16_p50": -0.03179032310251832, "profile_A17_p50": 0.05956912658424222, "profile_A18_p50": -0.08345493268382298, "profile_A19_p50": -0.00869351149030712, "profile_A20_p50": -0.32718595943376916, "profile_A21_p50": 0.3294839047918634, "profile_A22_p50": 0.2685499623513489, "profile_A23_p50": -0.03656012355091588, "profile_A24_p50": 0.0424956708138624, "profile_A25_p50": 0.04968691852140866, "profile_A26_p50": 0.14118621676056847, "profile_A27_p50": -0.0015169094507810382, "profile_A28_p50": -0.0551930306465149, "profile_A29_p50": 0.19672973847713127, "profile_A30_p50": 0.03563462265510587, "profile_A31_p50": 0.06891962816152455, "profile_A32_p50": -0.03370277333875243, "profile_A33_p50": -0.021022160498186202, "profile_A34_p50": 0.02194537343692845, "profile_A35_p50": -0.06489623050346346, "profile_A36_p50": -0.16667376452843582, "profile_A37_p50": 0.049301007118673384, "profile_A38_p50": 0.1625646481134659, "profile_A39_p50": -0.09667818203882567, "profile_A40_p50": 0.07177554247184999, "profile_A41_p50": 0.025849713758259157, "profile_A42_p50": -0.1603950383149332, "profile_A43_p50": 0.3206311935052324, "profile_A44_p50": 0.03949686181453972, "profile_A45_p50": 0.07957258653471222, "profile_A46_p50": -0.007244395135298514, "profile_A47_p50": 0.0009285263544765512, "profile_A48_p50": -0.14827138240108648, "profile_A49_p50": 0.04203039160903449, "profile_A50_p50": -0.0894084614750824, "profile_A51_p50": 0.0420021094092952, "profile_A52_p50": -0.026854651969123216, "profile_A53_p50": -0.05222646987672483, "profile_A54_p50": 0.19210230009974394, "profile_A55_p50": -0.09714178975171217, "profile_A56_p50": -0.02982483604049857, "profile_A57_p50": -0.031826696800191734, "profile_A58_p50": -0.11861554119579336, "profile_A59_p50": -0.16945468313000148, "profile_A60_p50": 0.024861352308783075, "profile_A61_p50": -0.06396893744907857, "profile_A62_p50": 0.09038286949991847, "profile_A63_p50": 0.06305566403851852, "unit_id": 10}}, {"type": "Feature", "geometry": {"type": "Polygon", "coordinates": [[[84.64241017323573, 20.82797885148158], [84.64258983629256, 20.82797885148158], [84.64258983629256, 20.828248346066815], [84.64285933087778, 20.828248346066815], [84.64285933087778, 20.828428009123638], [84.64258983629256, 20.828428009123638], [84.64258983629256, 20.828248346066815], [84.64250000476414, 20.828248346066815], [84.64250000476414, 20.8281585145384], [84.64241017323573, 20.8281585145384], [84.64241017323573, 20.82797885148158]]]}, "id": "+37+32", "properties": {"area_ha": 0.10258183697212764, "centroid_lat": 20.82822792948969, "centroid_lon": 84.64262658599542, "cluster_id": 2, "n_pixels": 10, "perim_m": 192.96127762818844, "profile_A00_p50": 0.01607929846723634, "profile_A01_p50": -0.09325928894552608, "profile_A02_p50": 0.15574265080948216, "profile_A03_p50": 0.05510718791275624, "profile_A04_p50": -0.03958326256288115, "profile_A05_p50": -0.012175294337919829, "profile_A06_p50": -0.06860958937213293, "profile_A07_p50": 0.15972123394716195, "profile_A08_p50": -0.09519653755341986, "profile_A09_p50": 0.03081455304969992, "profile_A10_p50": 0.09723644038592667, "profile_A11_p50": 0.054165564002202786, "profile_A12_p50": -0.3147218909719646, "profile_A13_p50": 0.040497469321907516, "profile_A14_p50": -0.022973498166712958, "profile_A15_p50": 0.09328417803107399, "profile_A16_p50": -0.03179032310251832, "profile_A17_p50": 0.05956912658424222, "profile_A18_p50": -0.08345493268382298, "profile_A19_p50": -0.00869351149030712, "profile_A20_p50": -0.32718595943376916, "profile_A21_p50": 0.3294839047918634, "profile_A22_p50": 0.2685499623513489, "profile_A23_p50": -0.03656012355091588, "profile_A24_p50": 0.0424956708138624, "profile_A25_p50": 0.04968691852140866, "profile_A26_p50": 0.14118621676056847, "profile_A27_p50": -0.0015169094507810382, "profile_A28_p50": -0.0551930306465149, "profile_A29_p50": 0.19672973847713127, "profile_A30_p50": 0.03563462265510587, "profile_A31_p50": 0.06891962816152455, "profile_A32_p50": -0.03370277333875243, "profile_A33_p50": -0.021022160498186202, "profile_A34_p50": 0.02194537343692845, "profile_A35_p50": -0.06489623050346346, "profile_A36_p50": -0.16667376452843582, "profile_A37_p50": 0.049301007118673384, "profile_A38_p50": 0.1625646481134659, "profile_A39_p50": -0.09667818203882567, "profile_A40_p50": 0.07177554247184999, "profile_A41_p50": 0.025849713758259157, "profile_A42_p50": -0.1603950383149332, "profile_A43_p50": 0.3206311935052324, "profile_A44_p50": 0.03949686181453972, "profile_A45_p50": 0.07957258653471222, "profile_A46_p50": -0.007244395135298514, "profile_A47_p50": 0.0009285263544765512, "profile_A48_p50": -0.14827138240108648, "profile_A49_p50": 0.04203039160903449, "profile_A50_p50": -0.0894084614750824, "profile_A51_p50": 0.0420021094092952, "profile_A52_p50": -0.026854651969123216, "profile_A53_p50": -0.05222646987672483, "profile_A54_p50": 0.19210230009974394, "profile_A55_p50": -0.09714178975171217, "profile_A56_p50": -0.02982483604049857, "profile_A57_p50": -0.031826696800191734, "profile_A58_p50": -0.11861554119579336, "profile_A59_p50": -0.16945468313000148, "profile_A60_p50": 0.024861352308783075, "profile_A61_p50": -0.06396893744907857, "profile_A62_p50": 0.09038286949991847, "profile_A63_p50": 0.06305566403851852, "unit_id": 11}}, {"type": "Feature", "geometry": {"type": "Polygon", "coordinates": [[[84.64788989646885, 20.82752969383952], [84.64806955952568, 20.82752969383952], [84.64806955952568, 20.82761952536793], [84.6482492225825, 20.82761952536793], [84.6482492225825, 20.827709356896342], [84.64842888563933, 20.827709356896342], [84.64842888563933, 20.827889019953165], [84.64833905411092, 20.827889019953165], [84.64833905411092, 20.82806868300999], [84.6481593910541, 20.82806868300999], [84.6481593910541, 20.82797885148158], [84.6482492225825, 20.82797885148158], [84.6482492225825, 20.827709356896342], [84.64788989646885, 20.827709356896342], [84.64788989646885, 20.82752969383952]]]}, "id": "+98+37", "properties": {"area_ha": 0.12123347251314681, "centroid_lat": 20.827768090927336, "centroid_lon": 84.64818357602401, "cluster_id": 2, "n_pixels": 12, "perim_m": 250.2548812718393, "profile_A00_p50": 0.01607929846723634, "profile_A01_p50": -0.09325928894552608, "profile_A02_p50": 0.15574265080948216, "profile_A03_p50": 0.05510718791275624, "profile_A04_p50": -0.03958326256288115, "profile_A05_p50": -0.012175294337919829, "profile_A06_p50": -0.06860958937213293, "profile_A07_p50": 0.15972123394716195, "profile_A08_p50": -0.09519653755341986, "profile_A09_p50": 0.03081455304969992, "profile_A10_p50": 0.09723644038592667, "profile_A11_p50": 0.054165564002202786, "profile_A12_p50": -0.3147218909719646, "profile_A13_p50": 0.040497469321907516, "profile_A14_p50": -0.022973498166712958, "profile_A15_p50": 0.09328417803107399, "profile_A16_p50": -0.03179032310251832, "profile_A17_p50": 0.05956912658424222, "profile_A18_p50": -0.08345493268382298, "profile_A19_p50": -0.00869351149030712, "profile_A20_p50": -0.32718595943376916, "profile_A21_p50": 0.3294839047918634, "profile_A22_p50": 0.2685499623513489, "profile_A23_p50": -0.03656012355091588, "profile_A24_p50": 0.0424956708138624, "profile_A25_p50": 0.04968691852140866, "profile_A26_p50": 0.14118621676056847, "profile_A27_p50": -0.0015169094507810382, "profile_A28_p50": -0.0551930306465149, "profile_A29_p50": 0.19672973847713127, "profile_A30_p50": 0.03563462265510587, "profile_A31_p50": 0.06891962816152455, "profile_A32_p50": -0.03370277333875243, "profile_A33_p50": -0.021022160498186202, "profile_A34_p50": 0.02194537343692845, "profile_A35_p50": -0.06489623050346346, "profile_A36_p50": -0.16667376452843582, "profile_A37_p50": 0.049301007118673384, "profile_A38_p50": 0.1625646481134659, "profile_A39_p50": -0.09667818203882567, "profile_A40_p50": 0.07177554247184999, "profile_A41_p50": 0.025849713758259157, "profile_A42_p50": -0.1603950383149332, "profile_A43_p50": 0.3206311935052324, "profile_A44_p50": 0.03949686181453972, "profile_A45_p50": 0.07957258653471222, "profile_A46_p50": -0.007244395135298514, "profile_A47_p50": 0.0009285263544765512, "profile_A48_p50": -0.14827138240108648, "profile_A49_p50": 0.04203039160903449, "profile_A50_p50": -0.0894084614750824, "profile_A51_p50": 0.0420021094092952, "profile_A52_p50": -0.026854651969123216, "profile_A53_p50": -0.05222646987672483, "profile_A54_p50": 0.19210230009974394, "profile_A55_p50": -0.09714178975171217, "profile_A56_p50": -0.02982483604049857, "profile_A57_p50": -0.031826696800191734, "profile_A58_p50": -0.11861554119579336, "profile_A59_p50": -0.16945468313000148, "profile_A60_p50": 0.024861352308783075, "profile_A61_p50": -0.06396893744907857, "profile_A62_p50": 0.09038286949991847, "profile_A63_p50": 0.06305566403851852, "unit_id": 12}}, {"type": "Feature", "geometry": {"type": "Polygon", "coordinates": [[[84.64914753786663, 20.82752969383952], [84.64923736939504, 20.82752969383952], [84.64923736939504, 20.827889019953165], [84.6489678748098, 20.827889019953165], [84.6489678748098, 20.827709356896342], [84.64914753786663, 20.827709356896342], [84.64914753786663, 20.82752969383952]]]}, "id": "+111+37", "properties": {"area_ha": 0.0746052160279332, "centroid_lat": 20.82775427297373, "centroid_lon": 84.6491250825781, "cluster_id": 2, "n_pixels": 7, "perim_m": 135.6682569751693, "profile_A00_p50": 0.01607929846723634, "profile_A01_p50": -0.09325928894552608, "profile_A02_p50": 0.15574265080948216, "profile_A03_p50": 0.05510718791275624, "profile_A04_p50": -0.03958326256288115, "profile_A05_p50": -0.012175294337919829, "profile_A06_p50": -0.06860958937213293, "profile_A07_p50": 0.15972123394716195, "profile_A08_p50": -0.09519653755341986, "profile_A09_p50": 0.03081455304969992, "profile_A10_p50": 0.09723644038592667, "profile_A11_p50": 0.054165564002202786, "profile_A12_p50": -0.3147218909719646, "profile_A13_p50": 0.040497469321907516, "profile_A14_p50": -0.022973498166712958, "profile_A15_p50": 0.09328417803107399, "profile_A16_p50": -0.03179032310251832, "profile_A17_p50": 0.05956912658424222, "profile_A18_p50": -0.08345493268382298, "profile_A19_p50": -0.00869351149030712, "profile_A20_p50": -0.32718595943376916, "profile_A21_p50": 0.3294839047918634, "profile_A22_p50": 0.2685499623513489, "profile_A23_p50": -0.03656012355091588, "profile_A24_p50": 0.0424956708138624, "profile_A25_p50": 0.04968691852140866, "profile_A26_p50": 0.14118621676056847, "profile_A27_p50": -0.0015169094507810382, "profile_A28_p50": -0.0551930306465149, "profile_A29_p50": 0.19672973847713127, "profile_A30_p50": 0.03563462265510587, "profile_A31_p50": 0.06891962816152455, "profile_A32_p50": -0.03370277333875243, "profile_A33_p50": -0.021022160498186202, "profile_A34_p50": 0.02194537343692845, "profile_A35_p50": -0.06489623050346346, "profile_A36_p50": -0.16667376452843582, "profile_A37_p50": 0.049301007118673384, "profile_A38_p50": 0.1625646481134659, "profile_A39_p50": -0.09667818203882567, "profile_A40_p50": 0.07177554247184999, "profile_A41_p50": 0.025849713758259157, "profile_A42_p50": -0.1603950383149332, "profile_A43_p50": 0.3206311935052324, "profile_A44_p50": 0.03949686181453972, "profile_A45_p50": 0.07957258653471222, "profile_A46_p50": -0.007244395135298514, "profile_A47_p50": 0.0009285263544765512, "profile_A48_p50": -0.14827138240108648, "profile_A49_p50": 0.04203039160903449, "profile_A50_p50": -0.0894084614750824, "profile_A51_p50": 0.0420021094092952, "profile_A52_p50": -0.026854651969123216, "profile_A53_p50": -0.05222646987672483, "profile_A54_p50": 0.19210230009974394, "profile_A55_p50": -0.09714178975171217, "profile_A56_p50": -0.02982483604049857, "profile_A57_p50": -0.031826696800191734, "profile_A58_p50": -0.11861554119579336, "profile_A59_p50": -0.16945468313000148, "profile_A60_p50": 0.024861352308783075, "profile_A61_p50": -0.06396893744907857, "profile_A62_p50": 0.09038286949991847, "profile_A63_p50": 0.06305566403851852, "unit_id": 13}}, {"type": "Feature", "geometry": {"type": "Polygon", "coordinates": [[[84.64187118406525, 20.82672121008381], [84.64214067865049, 20.82672121008381], [84.64214067865049, 20.826900873140634], [84.6422305101789, 20.826900873140634], [84.6422305101789, 20.82708053619746], [84.64232034170732, 20.82708053619746], [84.64232034170732, 20.827260199254283], [84.64241017323573, 20.827260199254283], [84.64241017323573, 20.827439862311106], [84.64276949934937, 20.827439862311106], [84.64276949934937, 20.82752969383952], [84.64285933087778, 20.82752969383952], [84.64285933087778, 20.827709356896342], [84.64303899393461, 20.827709356896342], [84.64303899393461, 20.827889019953165], [84.64357798310509, 20.827889019953165], [84.64357798310509, 20.828248346066815], [84.64321865699144, 20.828248346066815], [84.64321865699144, 20.828428009123638], [84.64285933087778, 20.828428009123638], [84.64285933087778, 20.828248346066815], [84.64258983629256, 20.828248346066815], [84.64258983629256, 20.82797885148158], [84.64241017323573, 20.82797885148158], [84.64241017323573, 20.827799188424756], [84.64232034170732, 20.827799188424756], [84.64232034170732, 20.827709356896342], [84.64205084712208, 20.827709356896342], [84.64205084712208, 20.82761952536793], [84.64187118406525, 20.82761952536793], [84.64187118406525, 20.82672121008381]]]}, "id": "+32+46", "properties": {"area_ha": 1.2589633716821962, "centroid_lat": 20.82769172305472, "centroid_lon": 84.6426068017936, "cluster_id": 1, "n_pixels": 126, "perim_m": 733.253942642681, "profile_A00_p50": 0.03271580154003711, "profile_A01_p50": -0.11375341467856491, "profile_A02_p50": 0.14502358012698188, "profile_A03_p50": 0.03959149222005681, "profile_A04_p50": -0.030527205081604964, "profile_A05_p50": -0.059109560931666284, "profile_A06_p50": -0.08714236728077558, "profile_A07_p50": 0.19004517366198861, "profile_A08_p50": -0.09742691013455672, "profile_A09_p50": 0.05246428032381147, "profile_A10_p50": 0.0903839912043517, "profile_A11_p50": 0.06396969638284118, "profile_A12_p50": -0.30311452402904115, "profile_A13_p50": 0.020052965951416372, "profile_A14_p50": -0.0444413117461945, "profile_A15_p50": 0.06305666426498278, "profile_A16_p50": -0.026828031713742637, "profile_A17_p50": 0.04446795441187518, "profile_A18_p50": -0.06983080122288483, "profile_A19_p50": -0.017052298189478024, "profile_A20_p50": -0.34466440272476034, "profile_A21_p50": 0.3176269253135612, "profile_A22_p50": 0.277795582794932, "profile_A23_p50": -0.06489128113118889, "profile_A24_p50": 0.038339063717992033, "profile_A25_p50": 0.023901987066316726, "profile_A26_p50": 0.13237431101973818, "profile_A27_p50": 0.03951433416721946, "profile_A28_p50": -0.05443751669899556, "profile_A29_p50": 0.17207930230729043, "profile_A30_p50": 0.0287977790236459, "profile_A31_p50": 0.06689361953663718, "profile_A32_p50": -0.006945243488371015, "profile_A33_p50": -0.018058437216514258, "profile_A34_p50": 0.01801798984134666, "profile_A35_p50": -0.09227289352806284, "profile_A36_p50": -0.1500168932694884, "profile_A37_p50": 0.01023623617125179, "profile_A38_p50": 0.1647150595981434, "profile_A39_p50": -0.10885468643849414, "profile_A40_p50": 0.06306588951537889, "profile_A41_p50": 0.03667100002942101, "profile_A42_p50": -0.14514428798165818, "profile_A43_p50": 0.3448491278411489, "profile_A44_p50": 0.04539794597451391, "profile_A45_p50": 0.06589870806710484, "profile_A46_p50": -0.02778112571053548, "profile_A47_p50": 0.010734444636125716, "profile_A48_p50": -0.12455038136189558, "profile_A49_p50": 0.044471451794797744, "profile_A50_p50": -0.10399952773930678, "profile_A51_p50": 0.029827144024000656, "profile_A52_p50": -0.018048708711274394, "profile_A53_p50": -0.07273904843045319, "profile_A54_p50": 0.17321766443731382, "profile_A55_p50": -0.07765784986453983, "profile_A56_p50": -0.03371831346917852, "profile_A57_p50": -0.03263588178288644, "profile_A58_p50": -0.1194501360713451, "profile_A59_p50": -0.152898037244058, "profile_A60_p50": 0.054211555243307334, "profile_A61_p50": -0.09398988437787739, "profile_A62_p50": 0.06786579055894833, "profile_A63_p50": 0.05609223609963694, "unit_id": 14}}, {"type": "Feature", "geometry": {"type": "Polygon", "coordinates": [[[84.6474407388268, 20.827350030782696], [84.64762040188361, 20.827350030782696], [84.64762040188361, 20.82752969383952], [84.64771023341203, 20.82752969383952], [84.64771023341203, 20.827709356896342], [84.64753057035522, 20.827709356896342], [84.64753057035522, 20.827799188424756], [84.6474407388268, 20.827799188424756], [84.6474407388268, 20.827709356896342], [84.64726107576998, 20.827709356896342], [84.64726107576998, 20.82752969383952], [84.6474407388268, 20.82752969383952], [84.6474407388268, 20.827350030782696]]]}, "id": "+93+39", "properties": {"area_ha": 0.1398849276833547, "centroid_lat": 20.82758059783238, "centroid_lon": 84.64749763089075, "cluster_id": 2, "n_pixels": 14, "perim_m": 192.9616694917804, "profile_A00_p50": 0.01607929846723634, "profile_A01_p50": -0.09325928894552608, "profile_A02_p50": 0.15574265080948216, "profile_A03_p50": 0.05510718791275624, "profile_A04_p50": -0.03958326256288115, "profile_A05_p50": -0.012175294337919829, "profile_A06_p50": -0.06860958937213293, "profile_A07_p50": 0.15972123394716195, "profile_A08_p50": -0.09519653755341986, "profile_A09_p50": 0.03081455304969992, "profile_A10_p50": 0.09723644038592667, "profile_A11_p50": 0.054165564002202786, "profile_A12_p50": -0.3147218909719646, "profile_A13_p50": 0.040497469321907516, "profile_A14_p50": -0.022973498166712958, "profile_A15_p50": 0.09328417803107399, "profile_A16_p50": -0.03179032310251832, "profile_A17_p50": 0.05956912658424222, "profile_A18_p50": -0.08345493268382298, "profile_A19_p50": -0.00869351149030712, "profile_A20_p50": -0.32718595943376916, "profile_A21_p50": 0.3294839047918634, "profile_A22_p50": 0.2685499623513489, "profile_A23_p50": -0.03656012355091588, "profile_A24_p50": 0.0424956708138624, "profile_A25_p50": 0.04968691852140866, "profile_A26_p50": 0.14118621676056847, "profile_A27_p50": -0.0015169094507810382, "profile_A28_p50": -0.0551930306465149, "profile_A29_p50": 0.19672973847713127, "profile_A30_p50": 0.03563462265510587, "profile_A31_p50": 0.06891962816152455, "profile_A32_p50": -0.03370277333875243, "profile_A33_p50": -0.021022160498186202, "profile_A34_p50": 0.02194537343692845, "profile_A35_p50": -0.06489623050346346, "profile_A36_p50": -0.16667376452843582, "profile_A37_p50": 0.049301007118673384, "profile_A38_p50": 0.1625646481134659, "profile_A39_p50": -0.09667818203882567, "profile_A40_p50": 0.07177554247184999, "profile_A41_p50": 0.025849713758259157, "profile_A42_p50": -0.1603950383149332, "profile_A43_p50": 0.3206311935052324, "profile_A44_p50": 0.03949686181453972, "profile_A45_p50": 0.07957258653471222, "profile_A46_p50": -0.007244395135298514, "profile_A47_p50": 0.0009285263544765512, "profile_A48_p50": -0.14827138240108648, "profile_A49_p50": 0.04203039160903449, "profile_A50_p50": -0.0894084614750824, "profile_A51_p50": 0.0420021094092952, "profile_A52_p50": -0.026854651969123216, "profile_A53_p50": -0.05222646987672483, "profile_A54_p50": 0.19210230009974394, "profile_A55_p50": -0.09714178975171217, "profile_A56_p50": -0.02982483604049857, "profile_A57_p50": -0.031826696800191734, "profile_A58_p50": -0.11861554119579336, "profile_A59_p50": -0.16945468313000148, "profile_A60_p50": 0.024861352308783075, "profile_A61_p50": -0.06396893744907857, "profile_A62_p50": 0.09038286949991847, "profile_A63_p50": 0.06305566403851852, "unit_id": 15}}, {"type": "Feature", "geometry": {"type": "Polygon", "coordinates": [[[84.64914753786663, 20.826811041612224], [84.64941703245186, 20.826811041612224], [84.64941703245186, 20.826990704669047], [84.64932720092345, 20.826990704669047], [84.64932720092345, 20.827439862311106], [84.64923736939504, 20.827439862311106], [84.64923736939504, 20.827350030782696], [84.64914753786663, 20.827350030782696], [84.64914753786663, 20.82717036772587], [84.6489678748098, 20.82717036772587], [84.6489678748098, 20.826990704669047], [84.64914753786663, 20.826990704669047], [84.64914753786663, 20.826811041612224]]]}, "id": "+113+45", "properties": {"area_ha": 0.17718815641641075, "centroid_lat": 20.827078172214996, "centroid_lon": 84.64921609289934, "cluster_id": 2, "n_pixels": 18, "perim_m": 232.74463369817715, "profile_A00_p50": 0.01607929846723634, "profile_A01_p50": -0.09325928894552608, "profile_A02_p50": 0.15574265080948216, "profile_A03_p50": 0.05510718791275624, "profile_A04_p50": -0.03958326256288115, "profile_A05_p50": -0.012175294337919829, "profile_A06_p50": -0.06860958937213293, "profile_A07_p50": 0.15972123394716195, "profile_A08_p50": -0.09519653755341986, "profile_A09_p50": 0.03081455304969992, "profile_A10_p50": 0.09723644038592667, "profile_A11_p50": 0.054165564002202786, "profile_A12_p50": -0.3147218909719646, "profile_A13_p50": 0.040497469321907516, "profile_A14_p50": -0.022973498166712958, "profile_A15_p50": 0.09328417803107399, "profile_A16_p50": -0.03179032310251832, "profile_A17_p50": 0.05956912658424222, "profile_A18_p50": -0.08345493268382298, "profile_A19_p50": -0.00869351149030712, "profile_A20_p50": -0.32718595943376916, "profile_A21_p50": 0.3294839047918634, "profile_A22_p50": 0.2685499623513489, "profile_A23_p50": -0.03656012355091588, "profile_A24_p50": 0.0424956708138624, "profile_A25_p50": 0.04968691852140866, "profile_A26_p50": 0.14118621676056847, "profile_A27_p50": -0.0015169094507810382, "profile_A28_p50": -0.0551930306465149, "profile_A29_p50": 0.19672973847713127, "profile_A30_p50": 0.03563462265510587, "profile_A31_p50": 0.06891962816152455, "profile_A32_p50": -0.03370277333875243, "profile_A33_p50": -0.021022160498186202, "profile_A34_p50": 0.02194537343692845, "profile_A35_p50": -0.06489623050346346, "profile_A36_p50": -0.16667376452843582, "profile_A37_p50": 0.049301007118673384, "profile_A38_p50": 0.1625646481134659, "profile_A39_p50": -0.09667818203882567, "profile_A40_p50": 0.07177554247184999, "profile_A41_p50": 0.025849713758259157, "profile_A42_p50": -0.1603950383149332, "profile_A43_p50": 0.3206311935052324, "profile_A44_p50": 0.03949686181453972, "profile_A45_p50": 0.07957258653471222, "profile_A46_p50": -0.007244395135298514, "profile_A47_p50": 0.0009285263544765512, "profile_A48_p50": -0.14827138240108648, "profile_A49_p50": 0.04203039160903449, "profile_A50_p50": -0.0894084614750824, "profile_A51_p50": 0.0420021094092952, "profile_A52_p50": -0.026854651969123216, "profile_A53_p50": -0.05222646987672483, "profile_A54_p50": 0.19210230009974394, "profile_A55_p50": -0.09714178975171217, "profile_A56_p50": -0.02982483604049857, "profile_A57_p50": -0.031826696800191734, "profile_A58_p50": -0.11861554119579336, "profile_A59_p50": -0.16945468313000148, "profile_A60_p50": 0.024861352308783075, "profile_A61_p50": -0.06396893744907857, "profile_A62_p50": 0.09038286949991847, "profile_A63_p50": 0.06305566403851852, "unit_id": 16}}, {"type": "Feature", "geometry": {"type": "Polygon", "coordinates": [[[84.64420680380397, 20.825194074100807], [84.64501528755967, 20.825194074100807], [84.64501528755967, 20.825373737157634], [84.64528478214491, 20.825373737157634], [84.64528478214491, 20.825463568686043], [84.64537461367333, 20.825463568686043], [84.64537461367333, 20.825553400214456], [84.64573393978696, 20.825553400214456], [84.64573393978696, 20.82609238938493], [84.64564410825855, 20.82609238938493], [84.64564410825855, 20.82618222091334], [84.64555427673015, 20.82618222091334], [84.64555427673015, 20.826811041612224], [84.64564410825855, 20.826811041612224], [84.64564410825855, 20.826990704669047], [84.64573393978696, 20.826990704669047], [84.64573393978696, 20.82717036772587], [84.64591360284379, 20.82717036772587], [84.64591360284379, 20.826990704669047], [84.6460034343722, 20.826990704669047], [84.6460034343722, 20.826811041612224], [84.64609326590062, 20.826811041612224], [84.64609326590062, 20.82627205244175], [84.64627292895744, 20.82627205244175], [84.64627292895744, 20.82573306327128], [84.64654242354268, 20.82573306327128], [84.64654242354268, 20.825912726328102], [84.6467220865995, 20.825912726328102], [84.6467220865995, 20.82573306327128], [84.64735090729839, 20.82573306327128], [84.64735090729839, 20.825822894799693], [84.64726107576998, 20.825822894799693], [84.64726107576998, 20.825912726328102], [84.64753057035522, 20.825912726328102], [84.64753057035522, 20.826002557856516], [84.64762040188361, 20.826002557856516], [84.64762040188361, 20.82627205244175], [84.64771023341203, 20.82627205244175], [84.64771023341203, 20.826361883970165], [84.64762040188361, 20.826361883970165], [84.64762040188361, 20.826451715498575], [84.64771023341203, 20.826451715498575], [84.64771023341203, 20.826541547026988], [84.64762040188361, 20.826541547026988], [84.64762040188361, 20.826631378555398], [84.64771023341203, 20.826631378555398], [84.64771023341203, 20.826900873140634], [84.64762040188361, 20.826900873140634], [84.64762040188361, 20.826990704669047], [84.64753057035522, 20.826990704669047], [84.64753057035522, 20.82708053619746], [84.6474407388268, 20.82708053619746], [84.6474407388268, 20.826990704669047], [84.64708141271315, 20.826990704669047], [84.64708141271315, 20.82717036772587], [84.64690174965632, 20.82717036772587], [84.64690174965632, 20.82761952536793], [84.64681191812791, 20.82761952536793], [84.64681191812791, 20.82752969383952], [84.64663225507108, 20.82752969383952], [84.64663225507108, 20.827439862311106], [84.64654242354268, 20.827439862311106], [84.64654242354268, 20.827350030782696], [84.64645259201427, 20.827350030782696], [84.64645259201427, 20.827260199254283], [84.64636276048586, 20.827260199254283], [84.64636276048586, 20.82717036772587], [84.64627292895744, 20.82717036772587], [84.64627292895744, 20.826990704669047], [84.64609326590062, 20.826990704669047], [84.64609326590062, 20.82752969383952], [84.64618309742903, 20.82752969383952], [84.64618309742903, 20.827889019953165], [84.64609326590062, 20.827889019953165], [84.64609326590062, 20.82806868300999], [84.64591360284379, 20.82806868300999], [84.64591360284379, 20.828248346066815], [84.64573393978696, 20.828248346066815], [84.64573393978696, 20.828428009123638], [84.64528478214491, 20.828428009123638], [84.64528478214491, 20.82851784065205], [84.64537461367333, 20.82851784065205], [84.64537461367333, 20.828877166765697], [84.64528478214491, 20.828877166765697], [84.64528478214491, 20.82896699829411], [84.64510511908809, 20.82896699829411], [84.64510511908809, 20.829056829822523], [84.64501528755967, 20.829056829822523], [84.64501528755967, 20.829146661350933], [84.64474579297443, 20.829146661350933], [84.64474579297443, 20.82896699829411], [84.64510511908809, 20.82896699829411], [84.64510511908809, 20.828877166765697], [84.64492545603126, 20.828877166765697], [84.64492545603126, 20.828787335237287], [84.64510511908809, 20.828787335237287], [84.64510511908809, 20.828697503708874], [84.6451949506165, 20.828697503708874], [84.6451949506165, 20.828787335237287], [84.64528478214491, 20.828787335237287], [84.64528478214491, 20.82860767218046], [84.6451949506165, 20.82860767218046], [84.6451949506165, 20.828248346066815], [84.64546444520174, 20.828248346066815], [84.64546444520174, 20.828338177595228], [84.64555427673015, 20.828338177595228], [84.64555427673015, 20.828248346066815], [84.64573393978696, 20.828248346066815], [84.64573393978696, 20.82806868300999], [84.64591360284379, 20.82806868300999], [84.64591360284379, 20.82797885148158], [84.6460034343722, 20.82797885148158], [84.6460034343722, 20.827889019953165], [84.64609326590062, 20.827889019953165], [84.64609326590062, 20.82752969383952], [84.64573393978696, 20.82752969383952], [84.64573393978696, 20.82761952536793], [84.64564410825855, 20.82761952536793], [84.64564410825855, 20.82752969383952], [84.64537461367333, 20.82752969383952], [84.64537461367333, 20.827439862311106], [84.64528478214491, 20.827439862311106], [84.64528478214491, 20.82752969383952], [84.64501528755967, 20.82752969383952], [84.64501528755967, 20.82761952536793], [84.64492545603126, 20.82761952536793], [84.64492545603126, 20.827709356896342], [84.6443864668608, 20.827709356896342], [84.6443864668608, 20.82761952536793], [84.64420680380397, 20.82761952536793], [84.64420680380397, 20.82752969383952], [84.64411697227555, 20.82752969383952], [84.64411697227555, 20.827350030782696], [84.64348815157668, 20.827350030782696], [84.64348815157668, 20.827439862311106], [84.64339832004826, 20.827439862311106], [84.64339832004826, 20.82752969383952], [84.64321865699144, 20.82752969383952], [84.64321865699144, 20.82761952536793], [84.64312882546302, 20.82761952536793], [84.64312882546302, 20.82752969383952], [84.64303899393461, 20.82752969383952], [84.64303899393461, 20.827709356896342], [84.64321865699144, 20.827709356896342], [84.64321865699144, 20.827799188424756], [84.64348815157668, 20.827799188424756], [84.64348815157668, 20.827889019953165], [84.64303899393461, 20.827889019953165], [84.64303899393461, 20.827709356896342], [84.64285933087778, 20.827709356896342], [84.64285933087778, 20.82752969383952], [84.64276949934937, 20.82752969383952], [84.64276949934937, 20.827439862311106], [84.64241017323573, 20.827439862311106], [84.64241017323573, 20.827260199254283], [84.64232034170732, 20.827260199254283], [84.64232034170732, 20.82708053619746], [84.6422305101789, 20.82708053619746], [84.6422305101789, 20.826900873140634], [84.64214067865049, 20.826900873140634], [84.64214067865049, 20.82672121008381], [84.64187118406525, 20.82672121008381], [84.64187118406525, 20.82761952536793], [84.64205084712208, 20.82761952536793], [84.64205084712208, 20.827709356896342], [84.64232034170732, 20.827709356896342], [84.64232034170732, 20.827889019953165], [84.6422305101789, 20.827889019953165], [84.6422305101789, 20.82797885148158], [84.64187118406525, 20.82797885148158], [84.64187118406525, 20.827799188424756], [84.64178135253684, 20.827799188424756], [84.64178135253684, 20.827439862311106], [84.64169152100843, 20.827439862311106], [84.64169152100843, 20.826811041612224], [84.64178135253684, 20.826811041612224], [84.64178135253684, 20.82672121008381], [84.64187118406525, 20.82672121008381], [84.64187118406525, 20.826541547026988], [84.64196101559367, 20.826541547026988], [84.64196101559367, 20.826451715498575], [84.64187118406525, 20.826451715498575], [84.64187118406525, 20.826002557856516], [84.64214067865049, 20.826002557856516], [84.64214067865049, 20.825912726328102], [84.64232034170732, 20.825912726328102], [84.64232034170732, 20.826002557856516], [84.64241017323573, 20.826002557856516], [84.64241017323573, 20.82609238938493], [84.64232034170732, 20.82609238938493], [84.64232034170732, 20.82618222091334], [84.64214067865049, 20.82618222091334], [84.64214067865049, 20.82627205244175], [84.64205084712208, 20.82627205244175], [84.64205084712208, 20.826361883970165], [84.64196101559367, 20.826361883970165], [84.64196101559367, 20.826451715498575], [84.64205084712208, 20.826451715498575], [84.64205084712208, 20.826541547026988], [84.64214067865049, 20.826541547026988], [84.64214067865049, 20.826631378555398], [84.6422305101789, 20.826631378555398], [84.6422305101789, 20.826900873140634], [84.64250000476414, 20.826900873140634], [84.64250000476414, 20.826990704669047], [84.64267966782096, 20.826990704669047], [84.64267966782096, 20.82672121008381], [84.64250000476414, 20.82672121008381], [84.64250000476414, 20.82618222091334], [84.64285933087778, 20.82618222091334], [84.64285933087778, 20.826541547026988], [84.6429491624062, 20.826541547026988], [84.6429491624062, 20.82672121008381], [84.64303899393461, 20.82672121008381], [84.64303899393461, 20.826811041612224], [84.64312882546302, 20.826811041612224], [84.64312882546302, 20.826900873140634], [84.64303899393461, 20.826900873140634], [84.64303899393461, 20.826990704669047], [84.64357798310509, 20.826990704669047], [84.64357798310509, 20.826811041612224], [84.64384747769031, 20.826811041612224], [84.64384747769031, 20.826631378555398], [84.64429663533238, 20.826631378555398], [84.64429663533238, 20.826811041612224], [84.6443864668608, 20.826811041612224], [84.6443864668608, 20.826990704669047], [84.64447629838921, 20.826990704669047], [84.64447629838921, 20.82708053619746], [84.64474579297443, 20.82708053619746], [84.64474579297443, 20.826990704669047], [84.64492545603126, 20.826990704669047], [84.64492545603126, 20.826811041612224], [84.64510511908809, 20.826811041612224], [84.64510511908809, 20.82672121008381], [84.6451949506165, 20.82672121008381], [84.6451949506165, 20.826451715498575], [84.64492545603126, 20.826451715498575], [84.64492545603126, 20.82627205244175], [84.64483562450285, 20.82627205244175], [84.64483562450285, 20.826361883970165], [84.64474579297443, 20.826361883970165], [84.64474579297443, 20.82627205244175], [84.64402714074714, 20.82627205244175], [84.64402714074714, 20.82609238938493], [84.6437576461619, 20.82609238938493], [84.6437576461619, 20.826002557856516], [84.64366781463349, 20.826002557856516], [84.64366781463349, 20.82573306327128], [84.64384747769031, 20.82573306327128], [84.64384747769031, 20.825643231742866], [84.6437576461619, 20.825643231742866], [84.6437576461619, 20.825553400214456], [84.64384747769031, 20.825553400214456], [84.64384747769031, 20.825373737157634], [84.64402714074714, 20.825373737157634], [84.64402714074714, 20.825463568686043], [84.64411697227555, 20.825463568686043], [84.64411697227555, 20.825553400214456], [84.64420680380397, 20.825553400214456], [84.64420680380397, 20.825373737157634], [84.64429663533238, 20.825373737157634], [84.64429663533238, 20.82528390562922], [84.64420680380397, 20.82528390562922], [84.64420680380397, 20.825194074100807]], [[84.64214067865049, 20.827799188424756], [84.64205084712208, 20.827799188424756], [84.64205084712208, 20.827889019953165], [84.64214067865049, 20.827889019953165], [84.64214067865049, 20.827799188424756]], [[84.64753057035522, 20.826002557856516], [84.6474407388268, 20.826002557856516], [84.6474407388268, 20.82618222091334], [84.64753057035522, 20.82618222091334], [84.64753057035522, 20.826002557856516]]]}, "id": "+64+63", "properties": {"area_ha": 8.83145343745247, "centroid_lat": 20.826698684545452, "centroid_lon": 84.64493612996155, "cluster_id": 2, "n_pixels": 883, "perim_m": 5034.5236268888575, "profile_A00_p50": 0.01607929846723634, "profile_A01_p50": -0.09325928894552608, "profile_A02_p50": 0.15574265080948216, "profile_A03_p50": 0.05510718791275624, "profile_A04_p50": -0.03958326256288115, "profile_A05_p50": -0.012175294337919829, "profile_A06_p50": -0.06860958937213293, "profile_A07_p50": 0.15972123394716195, "profile_A08_p50": -0.09519653755341986, "profile_A09_p50": 0.03081455304969992, "profile_A10_p50": 0.09723644038592667, "profile_A11_p50": 0.054165564002202786, "profile_A12_p50": -0.3147218909719646, "profile_A13_p50": 0.040497469321907516, "profile_A14_p50": -0.022973498166712958, "profile_A15_p50": 0.09328417803107399, "profile_A16_p50": -0.03179032310251832, "profile_A17_p50": 0.05956912658424222, "profile_A18_p50": -0.08345493268382298, "profile_A19_p50": -0.00869351149030712, "profile_A20_p50": -0.32718595943376916, "profile_A21_p50": 0.3294839047918634, "profile_A22_p50": 0.2685499623513489, "profile_A23_p50": -0.03656012355091588, "profile_A24_p50": 0.0424956708138624, "profile_A25_p50": 0.04968691852140866, "profile_A26_p50": 0.14118621676056847, "profile_A27_p50": -0.0015169094507810382, "profile_A28_p50": -0.0551930306465149, "profile_A29_p50": 0.19672973847713127, "profile_A30_p50": 0.03563462265510587, "profile_A31_p50": 0.06891962816152455, "profile_A32_p50": -0.03370277333875243, "profile_A33_p50": -0.021022160498186202, "profile_A34_p50": 0.02194537343692845, "profile_A35_p50": -0.06489623050346346, "profile_A36_p50": -0.16667376452843582, "profile_A37_p50": 0.049301007118673384, "profile_A38_p50": 0.1625646481134659, "profile_A39_p50": -0.09667818203882567, "profile_A40_p50": 0.07177554247184999, "profile_A41_p50": 0.025849713758259157, "profile_A42_p50": -0.1603950383149332, "profile_A43_p50": 0.3206311935052324, "profile_A44_p50": 0.03949686181453972, "profile_A45_p50": 0.07957258653471222, "profile_A46_p50": -0.007244395135298514, "profile_A47_p50": 0.0009285263544765512, "profile_A48_p50": -0.14827138240108648, "profile_A49_p50": 0.04203039160903449, "profile_A50_p50": -0.0894084614750824, "profile_A51_p50": 0.0420021094092952, "profile_A52_p50": -0.026854651969123216, "profile_A53_p50": -0.05222646987672483, "profile_A54_p50": 0.19210230009974394, "profile_A55_p50": -0.09714178975171217, "profile_A56_p50": -0.02982483604049857, "profile_A57_p50": -0.031826696800191734, "profile_A58_p50": -0.11861554119579336, "profile_A59_p50": -0.16945468313000148, "profile_A60_p50": 0.024861352308783075, "profile_A61_p50": -0.06396893744907857, "profile_A62_p50": 0.09038286949991847, "profile_A63_p50": 0.06305566403851852, "unit_id": 17}}, {"type": "Feature", "geometry": {"type": "Polygon", "coordinates": [[[84.64833905411092, 20.82627205244175], [84.64878821175297, 20.82627205244175], [84.64878821175297, 20.826451715498575], [84.64842888563933, 20.826451715498575], [84.64842888563933, 20.826361883970165], [84.64833905411092, 20.826361883970165], [84.64833905411092, 20.82627205244175]]]}, "id": "+106+51", "properties": {"area_ha": 0.08393161421902078, "centroid_lat": 20.826356893367983, "centroid_lon": 84.6485835947797, "cluster_id": 2, "n_pixels": 8, "perim_m": 133.2884705933742, "profile_A00_p50": 0.01607929846723634, "profile_A01_p50": -0.09325928894552608, "profile_A02_p50": 0.15574265080948216, "profile_A03_p50": 0.05510718791275624, "profile_A04_p50": -0.03958326256288115, "profile_A05_p50": -0.012175294337919829, "profile_A06_p50": -0.06860958937213293, "profile_A07_p50": 0.15972123394716195, "profile_A08_p50": -0.09519653755341986, "profile_A09_p50": 0.03081455304969992, "profile_A10_p50": 0.09723644038592667, "profile_A11_p50": 0.054165564002202786, "profile_A12_p50": -0.3147218909719646, "profile_A13_p50": 0.040497469321907516, "profile_A14_p50": -0.022973498166712958, "profile_A15_p50": 0.09328417803107399, "profile_A16_p50": -0.03179032310251832, "profile_A17_p50": 0.05956912658424222, "profile_A18_p50": -0.08345493268382298, "profile_A19_p50": -0.00869351149030712, "profile_A20_p50": -0.32718595943376916, "profile_A21_p50": 0.3294839047918634, "profile_A22_p50": 0.2685499623513489, "profile_A23_p50": -0.03656012355091588, "profile_A24_p50": 0.0424956708138624, "profile_A25_p50": 0.04968691852140866, "profile_A26_p50": 0.14118621676056847, "profile_A27_p50": -0.0015169094507810382, "profile_A28_p50": -0.0551930306465149, "profile_A29_p50": 0.19672973847713127, "profile_A30_p50": 0.03563462265510587, "profile_A31_p50": 0.06891962816152455, "profile_A32_p50": -0.03370277333875243, "profile_A33_p50": -0.021022160498186202, "profile_A34_p50": 0.02194537343692845, "profile_A35_p50": -0.06489623050346346, "profile_A36_p50": -0.16667376452843582, "profile_A37_p50": 0.049301007118673384, "profile_A38_p50": 0.1625646481134659, "profile_A39_p50": -0.09667818203882567, "profile_A40_p50": 0.07177554247184999, "profile_A41_p50": 0.025849713758259157, "profile_A42_p50": -0.1603950383149332, "profile_A43_p50": 0.3206311935052324, "profile_A44_p50": 0.03949686181453972, "profile_A45_p50": 0.07957258653471222, "profile_A46_p50": -0.007244395135298514, "profile_A47_p50": 0.0009285263544765512, "profile_A48_p50": -0.14827138240108648, "profile_A49_p50": 0.04203039160903449, "profile_A50_p50": -0.0894084614750824, "profile_A51_p50": 0.0420021094092952, "profile_A52_p50": -0.026854651969123216, "profile_A53_p50": -0.05222646987672483, "profile_A54_p50": 0.19210230009974394, "profile_A55_p50": -0.09714178975171217, "profile_A56_p50": -0.02982483604049857, "profile_A57_p50": -0.031826696800191734, "profile_A58_p50": -0.11861554119579336, "profile_A59_p50": -0.16945468313000148, "profile_A60_p50": 0.024861352308783075, "profile_A61_p50": -0.06396893744907857, "profile_A62_p50": 0.09038286949991847, "profile_A63_p50": 0.06305566403851852, "unit_id": 18}}, {"type": "Feature", "geometry": {"type": "Polygon", "coordinates": [[[84.64321865699144, 20.826002557856516], [84.64330848851985, 20.826002557856516], [84.64330848851985, 20.82609238938493], [84.64339832004826, 20.82609238938493], [84.64339832004826, 20.826451715498575], [84.64321865699144, 20.826451715498575], [84.64321865699144, 20.826002557856516]]]}, "id": "+45+54", "properties": {"area_ha": 0.08393170212774059, "centroid_lat": 20.826247099613415, "centroid_lon": 84.64330349730452, "cluster_id": 2, "n_pixels": 8, "perim_m": 136.8589419502268, "profile_A00_p50": 0.01607929846723634, "profile_A01_p50": -0.09325928894552608, "profile_A02_p50": 0.15574265080948216, "profile_A03_p50": 0.05510718791275624, "profile_A04_p50": -0.03958326256288115, "profile_A05_p50": -0.012175294337919829, "profile_A06_p50": -0.06860958937213293, "profile_A07_p50": 0.15972123394716195, "profile_A08_p50": -0.09519653755341986, "profile_A09_p50": 0.03081455304969992, "profile_A10_p50": 0.09723644038592667, "profile_A11_p50": 0.054165564002202786, "profile_A12_p50": -0.3147218909719646, "profile_A13_p50": 0.040497469321907516, "profile_A14_p50": -0.022973498166712958, "profile_A15_p50": 0.09328417803107399, "profile_A16_p50": -0.03179032310251832, "profile_A17_p50": 0.05956912658424222, "profile_A18_p50": -0.08345493268382298, "profile_A19_p50": -0.00869351149030712, "profile_A20_p50": -0.32718595943376916, "profile_A21_p50": 0.3294839047918634, "profile_A22_p50": 0.2685499623513489, "profile_A23_p50": -0.03656012355091588, "profile_A24_p50": 0.0424956708138624, "profile_A25_p50": 0.04968691852140866, "profile_A26_p50": 0.14118621676056847, "profile_A27_p50": -0.0015169094507810382, "profile_A28_p50": -0.0551930306465149, "profile_A29_p50": 0.19672973847713127, "profile_A30_p50": 0.03563462265510587, "profile_A31_p50": 0.06891962816152455, "profile_A32_p50": -0.03370277333875243, "profile_A33_p50": -0.021022160498186202, "profile_A34_p50": 0.02194537343692845, "profile_A35_p50": -0.06489623050346346, "profile_A36_p50": -0.16667376452843582, "profile_A37_p50": 0.049301007118673384, "profile_A38_p50": 0.1625646481134659, "profile_A39_p50": -0.09667818203882567, "profile_A40_p50": 0.07177554247184999, "profile_A41_p50": 0.025849713758259157, "profile_A42_p50": -0.1603950383149332, "profile_A43_p50": 0.3206311935052324, "profile_A44_p50": 0.03949686181453972, "profile_A45_p50": 0.07957258653471222, "profile_A46_p50": -0.007244395135298514, "profile_A47_p50": 0.0009285263544765512, "profile_A48_p50": -0.14827138240108648, "profile_A49_p50": 0.04203039160903449, "profile_A50_p50": -0.0894084614750824, "profile_A51_p50": 0.0420021094092952, "profile_A52_p50": -0.026854651969123216, "profile_A53_p50": -0.05222646987672483, "profile_A54_p50": 0.19210230009974394, "profile_A55_p50": -0.09714178975171217, "profile_A56_p50": -0.02982483604049857, "profile_A57_p50": -0.031826696800191734, "profile_A58_p50": -0.11861554119579336, "profile_A59_p50": -0.16945468313000148, "profile_A60_p50": 0.024861352308783075, "profile_A61_p50": -0.06396893744907857, "profile_A62_p50": 0.09038286949991847, "profile_A63_p50": 0.06305566403851852, "unit_id": 19}}, {"type": "Feature", "geometry": {"type": "Polygon", "coordinates": [[[84.64133219489479, 20.825822894799693], [84.64160168948003, 20.825822894799693], [84.64160168948003, 20.825912726328102], [84.6414220264232, 20.825912726328102], [84.6414220264232, 20.826002557856516], [84.64133219489479, 20.826002557856516], [84.64133219489479, 20.825822894799693]]]}, "id": "+26+56", "properties": {"area_ha": 0.03730305872368022, "centroid_lat": 20.825890267443604, "centroid_lon": 84.6414444858792, "cluster_id": 2, "n_pixels": 4, "perim_m": 95.88630763227022, "profile_A00_p50": 0.01607929846723634, "profile_A01_p50": -0.09325928894552608, "profile_A02_p50": 0.15574265080948216, "profile_A03_p50": 0.05510718791275624, "profile_A04_p50": -0.03958326256288115, "profile_A05_p50": -0.012175294337919829, "profile_A06_p50": -0.06860958937213293, "profile_A07_p50": 0.15972123394716195, "profile_A08_p50": -0.09519653755341986, "profile_A09_p50": 0.03081455304969992, "profile_A10_p50": 0.09723644038592667, "profile_A11_p50": 0.054165564002202786, "profile_A12_p50": -0.3147218909719646, "profile_A13_p50": 0.040497469321907516, "profile_A14_p50": -0.022973498166712958, "profile_A15_p50": 0.09328417803107399, "profile_A16_p50": -0.03179032310251832, "profile_A17_p50": 0.05956912658424222, "profile_A18_p50": -0.08345493268382298, "profile_A19_p50": -0.00869351149030712, "profile_A20_p50": -0.32718595943376916, "profile_A21_p50": 0.3294839047918634, "profile_A22_p50": 0.2685499623513489, "profile_A23_p50": -0.03656012355091588, "profile_A24_p50": 0.0424956708138624, "profile_A25_p50": 0.04968691852140866, "profile_A26_p50": 0.14118621676056847, "profile_A27_p50": -0.0015169094507810382, "profile_A28_p50": -0.0551930306465149, "profile_A29_p50": 0.19672973847713127, "profile_A30_p50": 0.03563462265510587, "profile_A31_p50": 0.06891962816152455, "profile_A32_p50": -0.03370277333875243, "profile_A33_p50": -0.021022160498186202, "profile_A34_p50": 0.02194537343692845, "profile_A35_p50": -0.06489623050346346, "profile_A36_p50": -0.16667376452843582, "profile_A37_p50": 0.049301007118673384, "profile_A38_p50": 0.1625646481134659, "profile_A39_p50": -0.09667818203882567, "profile_A40_p50": 0.07177554247184999, "profile_A41_p50": 0.025849713758259157, "profile_A42_p50": -0.1603950383149332, "profile_A43_p50": 0.3206311935052324, "profile_A44_p50": 0.03949686181453972, "profile_A45_p50": 0.07957258653471222, "profile_A46_p50": -0.007244395135298514, "profile_A47_p50": 0.0009285263544765512, "profile_A48_p50": -0.14827138240108648, "profile_A49_p50": 0.04203039160903449, "profile_A50_p50": -0.0894084614750824, "profile_A51_p50": 0.0420021094092952, "profile_A52_p50": -0.026854651969123216, "profile_A53_p50": -0.05222646987672483, "profile_A54_p50": 0.19210230009974394, "profile_A55_p50": -0.09714178975171217, "profile_A56_p50": -0.02982483604049857, "profile_A57_p50": -0.031826696800191734, "profile_A58_p50": -0.11861554119579336, "profile_A59_p50": -0.16945468313000148, "profile_A60_p50": 0.024861352308783075, "profile_A61_p50": -0.06396893744907857, "profile_A62_p50": 0.09038286949991847, "profile_A63_p50": 0.06305566403851852, "unit_id": 20}}, {"type": "Feature", "geometry": {"type": "Polygon", "coordinates": [[[84.64205084712208, 20.824744916458748], [84.64232034170732, 20.824744916458748], [84.64232034170732, 20.82492457951557], [84.64214067865049, 20.82492457951557], [84.64214067865049, 20.82528390562922], [84.64196101559367, 20.82528390562922], [84.64196101559367, 20.825373737157634], [84.64187118406525, 20.825373737157634], [84.64187118406525, 20.825104242572397], [84.64205084712208, 20.825104242572397], [84.64205084712208, 20.824744916458748]]]}, "id": "+34+68", "properties": {"area_ha": 0.13988728418371202, "centroid_lat": 20.825035372003246, "centroid_lon": 84.64208378543596, "cluster_id": 2, "n_pixels": 14, "perim_m": 232.74585288223892, "profile_A00_p50": 0.01607929846723634, "profile_A01_p50": -0.09325928894552608, "profile_A02_p50": 0.15574265080948216, "profile_A03_p50": 0.05510718791275624, "profile_A04_p50": -0.03958326256288115, "profile_A05_p50": -0.012175294337919829, "profile_A06_p50": -0.06860958937213293, "profile_A07_p50": 0.15972123394716195, "profile_A08_p50": -0.09519653755341986, "profile_A09_p50": 0.03081455304969992, "profile_A10_p50": 0.09723644038592667, "profile_A11_p50": 0.054165564002202786, "profile_A12_p50": -0.3147218909719646, "profile_A13_p50": 0.040497469321907516, "profile_A14_p50": -0.022973498166712958, "profile_A15_p50": 0.09328417803107399, "profile_A16_p50": -0.03179032310251832, "profile_A17_p50": 0.05956912658424222, "profile_A18_p50": -0.08345493268382298, "profile_A19_p50": -0.00869351149030712, "profile_A20_p50": -0.32718595943376916, "profile_A21_p50": 0.3294839047918634, "profile_A22_p50": 0.2685499623513489, "profile_A23_p50": -0.03656012355091588, "profile_A24_p50": 0.0424956708138624, "profile_A25_p50": 0.04968691852140866, "profile_A26_p50": 0.14118621676056847, "profile_A27_p50": -0.0015169094507810382, "profile_A28_p50": -0.0551930306465149, "profile_A29_p50": 0.19672973847713127, "profile_A30_p50": 0.03563462265510587, "profile_A31_p50": 0.06891962816152455, "profile_A32_p50": -0.03370277333875243, "profile_A33_p50": -0.021022160498186202, "profile_A34_p50": 0.02194537343692845, "profile_A35_p50": -0.06489623050346346, "profile_A36_p50": -0.16667376452843582, "profile_A37_p50": 0.049301007118673384, "profile_A38_p50": 0.1625646481134659, "profile_A39_p50": -0.09667818203882567, "profile_A40_p50": 0.07177554247184999, "profile_A41_p50": 0.025849713758259157, "profile_A42_p50": -0.1603950383149332, "profile_A43_p50": 0.3206311935052324, "profile_A44_p50": 0.03949686181453972, "profile_A45_p50": 0.07957258653471222, "profile_A46_p50": -0.007244395135298514, "profile_A47_p50": 0.0009285263544765512, "profile_A48_p50": -0.14827138240108648, "profile_A49_p50": 0.04203039160903449, "profile_A50_p50": -0.0894084614750824, "profile_A51_p50": 0.0420021094092952, "profile_A52_p50": -0.026854651969123216, "profile_A53_p50": -0.05222646987672483, "profile_A54_p50": 0.19210230009974394, "profile_A55_p50": -0.09714178975171217, "profile_A56_p50": -0.02982483604049857, "profile_A57_p50": -0.031826696800191734, "profile_A58_p50": -0.11861554119579336, "profile_A59_p50": -0.16945468313000148, "profile_A60_p50": 0.024861352308783075, "profile_A61_p50": -0.06396893744907857, "profile_A62_p50": 0.09038286949991847, "profile_A63_p50": 0.06305566403851852, "unit_id": 21}}, {"type": "Feature", "geometry": {"type": "Polygon", "coordinates": [[[84.64582377131538, 20.82384660117463], [84.64627292895744, 20.82384660117463], [84.64627292895744, 20.824026264231453], [84.64618309742903, 20.824026264231453], [84.64618309742903, 20.824116095759866], [84.64582377131538, 20.824116095759866], [84.64582377131538, 20.824026264231453], [84.64573393978696, 20.824026264231453], [84.64573393978696, 20.82393643270304], [84.64582377131538, 20.82393643270304], [84.64582377131538, 20.82384660117463]]]}, "id": "+78+78", "properties": {"area_ha": 0.13988825154517678, "centroid_lat": 20.823975359953977, "centroid_lon": 84.64601840659411, "cluster_id": 5, "n_pixels": 14, "perim_m": 171.8826998106955, "profile_A00_p50": -0.03275663206459054, "profile_A01_p50": -0.10132513135973344, "profile_A02_p50": 0.12512110726643597, "profile_A03_p50": 0.07216711521209791, "profile_A04_p50": -0.049416890939382285, "profile_A05_p50": -0.017716262975778545, "profile_A06_p50": -0.10172497757272843, "profile_A07_p50": 0.16973984364987826, "profile_A08_p50": -0.10524157375368448, "profile_A09_p50": 0.015737536844803276, "profile_A10_p50": 0.0758887607330514, "profile_A11_p50": 0.012856593617839293, "profile_A12_p50": -0.27524798154555935, "profile_A13_p50": 0.02345764449570678, "profile_A14_p50": 0.01306164295783673, "profile_A15_p50": 0.08453159041394336, "profile_A16_p50": -0.0318236575676022, "profile_A17_p50": 0.03020376778162245, "profile_A18_p50": -0.1271305907984109, "profile_A19_p50": 0.014384211200820196, "profile_A20_p50": -0.32651031654491863, "profile_A21_p50": 0.3029296424452134, "profile_A22_p50": 0.23034217608612073, "profile_A23_p50": -0.050452390106369344, "profile_A24_p50": 0.07285403050108932, "profile_A25_p50": 0.050124311162373446, "profile_A26_p50": 0.15833910034602075, "profile_A27_p50": -0.03082916826861463, "profile_A28_p50": -0.07287453543508908, "profile_A29_p50": 0.17593233371780084, "profile_A30_p50": 0.04729463027040882, "profile_A31_p50": 0.07934384211200822, "profile_A32_p50": -0.006766628219915417, "profile_A33_p50": -0.028112264513648597, "profile_A34_p50": -0.008242983467896963, "profile_A35_p50": -0.06182237600922722, "profile_A36_p50": -0.1505267204921184, "profile_A37_p50": 0.05915673458926055, "profile_A38_p50": 0.15109060617711137, "profile_A39_p50": -0.07641163655004486, "profile_A40_p50": 0.07374599513007818, "profile_A41_p50": 0.009534794309880815, "profile_A42_p50": -0.17832115852877098, "profile_A43_p50": 0.31510957324106115, "profile_A44_p50": 0.06233499935922082, "profile_A45_p50": 0.10306805074971166, "profile_A46_p50": 0.02247340766371908, "profile_A47_p50": 0.03464308599256696, "profile_A48_p50": -0.16359861591695504, "profile_A49_p50": 0.04015891323849802, "profile_A50_p50": -0.04874022811739075, "profile_A51_p50": 0.054819941048314745, "profile_A52_p50": -0.02653338459566833, "profile_A53_p50": -0.0293118031526336, "profile_A54_p50": 0.2106984493143663, "profile_A55_p50": -0.0675842624631552, "profile_A56_p50": -0.007812379853902343, "profile_A57_p50": -0.03699090093553762, "profile_A58_p50": -0.11006023324362424, "profile_A59_p50": -0.18804049724464952, "profile_A60_p50": 0.043531974881455854, "profile_A61_p50": -0.08715622196591055, "profile_A62_p50": 0.07704728950403691, "profile_A63_p50": 0.06002819428424965, "unit_id": 22}}, {"type": "Feature", "geometry": {"type": "Polygon", "coordinates": [[[84.65238147288946, 20.808305746759363], [84.65265096747468, 20.808305746759363], [84.65265096747468, 20.808395578287772], [84.65247130441787, 20.808395578287772], [84.65247130441787, 20.808485409816186], [84.65238147288946, 20.808485409816186], [84.65238147288946, 20.808305746759363]]]}, "id": "+149+251", "properties": {"area_ha": 0.03730739513361478, "centroid_lat": 20.808373121041566, "centroid_lon": 84.6524937616208, "cluster_id": 2, "n_pixels": 4, "perim_m": 95.89270964812768, "profile_A00_p50": 0.01607929846723634, "profile_A01_p50": -0.09325928894552608, "profile_A02_p50": 0.15574265080948216, "profile_A03_p50": 0.05510718791275624, "profile_A04_p50": -0.03958326256288115, "profile_A05_p50": -0.012175294337919829, "profile_A06_p50": -0.06860958937213293, "profile_A07_p50": 0.15972123394716195, "profile_A08_p50": -0.09519653755341986, "profile_A09_p50": 0.03081455304969992, "profile_A10_p50": 0.09723644038592667, "profile_A11_p50": 0.054165564002202786, "profile_A12_p50": -0.3147218909719646, "profile_A13_p50": 0.040497469321907516, "profile_A14_p50": -0.022973498166712958, "profile_A15_p50": 0.09328417803107399, "profile_A16_p50": -0.03179032310251832, "profile_A17_p50": 0.05956912658424222, "profile_A18_p50": -0.08345493268382298, "profile_A19_p50": -0.00869351149030712, "profile_A20_p50": -0.32718595943376916, "profile_A21_p50": 0.3294839047918634, "profile_A22_p50": 0.2685499623513489, "profile_A23_p50": -0.03656012355091588, "profile_A24_p50": 0.0424956708138624, "profile_A25_p50": 0.04968691852140866, "profile_A26_p50": 0.14118621676056847, "profile_A27_p50": -0.0015169094507810382, "profile_A28_p50": -0.0551930306465149, "profile_A29_p50": 0.19672973847713127, "profile_A30_p50": 0.03563462265510587, "profile_A31_p50": 0.06891962816152455, "profile_A32_p50": -0.03370277333875243, "profile_A33_p50": -0.021022160498186202, "profile_A34_p50": 0.02194537343692845, "profile_A35_p50": -0.06489623050346346, "profile_A36_p50": -0.16667376452843582, "profile_A37_p50": 0.049301007118673384, "profile_A38_p50": 0.1625646481134659, "profile_A39_p50": -0.09667818203882567, "profile_A40_p50": 0.07177554247184999, "profile_A41_p50": 0.025849713758259157, "profile_A42_p50": -0.1603950383149332, "profile_A43_p50": 0.3206311935052324, "profile_A44_p50": 0.03949686181453972, "profile_A45_p50": 0.07957258653471222, "profile_A46_p50": -0.007244395135298514, "profile_A47_p50": 0.0009285263544765512, "profile_A48_p50": -0.14827138240108648, "profile_A49_p50": 0.04203039160903449, "profile_A50_p50": -0.0894084614750824, "profile_A51_p50": 0.0420021094092952, "profile_A52_p50": -0.026854651969123216, "profile_A53_p50": -0.05222646987672483, "profile_A54_p50": 0.19210230009974394, "profile_A55_p50": -0.09714178975171217, "profile_A56_p50": -0.02982483604049857, "profile_A57_p50": -0.031826696800191734, "profile_A58_p50": -0.11861554119579336, "profile_A59_p50": -0.16945468313000148, "profile_A60_p50": 0.024861352308783075, "profile_A61_p50": -0.06396893744907857, "profile_A62_p50": 0.09038286949991847, "profile_A63_p50": 0.06305566403851852, "unit_id": 23}}, {"type": "Feature", "geometry": {"type": "Polygon", "coordinates": [[[84.65112383149169, 20.806329453134296], [84.65139332607693, 20.806329453134296], [84.65139332607693, 20.806509116191123], [84.65130349454851, 20.806509116191123], [84.65130349454851, 20.806598947719532], [84.65139332607693, 20.806598947719532], [84.65139332607693, 20.80686844230477], [84.65130349454851, 20.80686844230477], [84.65130349454851, 20.80695827383318], [84.65112383149169, 20.80695827383318], [84.65112383149169, 20.807048105361595], [84.65103399996327, 20.807048105361595], [84.65103399996327, 20.80740743147524], [84.65148315760534, 20.80740743147524], [84.65148315760534, 20.80731759994683], [84.65139332607693, 20.80731759994683], [84.65139332607693, 20.807227768418418], [84.65148315760534, 20.807227768418418], [84.65148315760534, 20.80731759994683], [84.65157298913374, 20.80731759994683], [84.65157298913374, 20.807227768418418], [84.65211197830422, 20.807227768418418], [84.65211197830422, 20.807137936890005], [84.65220180983263, 20.807137936890005], [84.65220180983263, 20.807227768418418], [84.65211197830422, 20.807227768418418], [84.65211197830422, 20.807497263003654], [84.6520221467758, 20.807497263003654], [84.6520221467758, 20.807676926060477], [84.6519323152474, 20.807676926060477], [84.6519323152474, 20.808126083702536], [84.6520221467758, 20.808126083702536], [84.6520221467758, 20.808305746759363], [84.65229164136105, 20.808305746759363], [84.65229164136105, 20.808575241344595], [84.6520221467758, 20.808575241344595], [84.6520221467758, 20.80866507287301], [84.65175265219057, 20.80866507287301], [84.65175265219057, 20.808485409816186], [84.65139332607693, 20.808485409816186], [84.65139332607693, 20.808575241344595], [84.6512136630201, 20.808575241344595], [84.6512136630201, 20.80866507287301], [84.65103399996327, 20.80866507287301], [84.65103399996327, 20.808395578287772], [84.65094416843486, 20.808395578287772], [84.65094416843486, 20.808305746759363], [84.6512136630201, 20.808305746759363], [84.6512136630201, 20.808126083702536], [84.65103399996327, 20.808126083702536], [84.65103399996327, 20.807946420645713], [84.65085433690645, 20.807946420645713], [84.65085433690645, 20.8078565891173], [84.65067467384962, 20.8078565891173], [84.65067467384962, 20.80776675758889], [84.65049501079281, 20.80776675758889], [84.65049501079281, 20.807676926060477], [84.6504051792644, 20.807676926060477], [84.6504051792644, 20.807946420645713], [84.65031534773598, 20.807946420645713], [84.65031534773598, 20.80776675758889], [84.65013568467916, 20.80776675758889], [84.65013568467916, 20.807676926060477], [84.65004585315074, 20.807676926060477], [84.65004585315074, 20.807587094532064], [84.65013568467916, 20.807587094532064], [84.65013568467916, 20.807676926060477], [84.65031534773598, 20.807676926060477], [84.65031534773598, 20.807587094532064], [84.6504051792644, 20.807587094532064], [84.6504051792644, 20.807497263003654], [84.65022551620757, 20.807497263003654], [84.65022551620757, 20.80731759994683], [84.65004585315074, 20.80731759994683], [84.65004585315074, 20.80677861077636], [84.65022551620757, 20.80677861077636], [84.65022551620757, 20.806688779247946], [84.65049501079281, 20.806688779247946], [84.65049501079281, 20.806598947719532], [84.65076450537804, 20.806598947719532], [84.65076450537804, 20.806688779247946], [84.65130349454851, 20.806688779247946], [84.65130349454851, 20.806598947719532], [84.6512136630201, 20.806598947719532], [84.6512136630201, 20.80641928466271], [84.65112383149169, 20.80641928466271], [84.65112383149169, 20.806329453134296]], [[84.65058484232121, 20.807587094532064], [84.65049501079281, 20.807587094532064], [84.65049501079281, 20.807676926060477], [84.65058484232121, 20.807676926060477], [84.65058484232121, 20.807587094532064]]]}, "id": "+135+273", "properties": {"area_ha": 2.872684986712776, "centroid_lat": 20.807575135701175, "centroid_lon": 84.65115153688824, "cluster_id": 2, "n_pixels": 287, "perim_m": 1578.821925725311, "profile_A00_p50": 0.01607929846723634, "profile_A01_p50": -0.09325928894552608, "profile_A02_p50": 0.15574265080948216, "profile_A03_p50": 0.05510718791275624, "profile_A04_p50": -0.03958326256288115, "profile_A05_p50": -0.012175294337919829, "profile_A06_p50": -0.06860958937213293, "profile_A07_p50": 0.15972123394716195, "profile_A08_p50": -0.09519653755341986, "profile_A09_p50": 0.03081455304969992, "profile_A10_p50": 0.09723644038592667, "profile_A11_p50": 0.054165564002202786, "profile_A12_p50": -0.3147218909719646, "profile_A13_p50": 0.040497469321907516, "profile_A14_p50": -0.022973498166712958, "profile_A15_p50": 0.09328417803107399, "profile_A16_p50": -0.03179032310251832, "profile_A17_p50": 0.05956912658424222, "profile_A18_p50": -0.08345493268382298, "profile_A19_p50": -0.00869351149030712, "profile_A20_p50": -0.32718595943376916, "profile_A21_p50": 0.3294839047918634, "profile_A22_p50": 0.2685499623513489, "profile_A23_p50": -0.03656012355091588, "profile_A24_p50": 0.0424956708138624, "profile_A25_p50": 0.04968691852140866, "profile_A26_p50": 0.14118621676056847, "profile_A27_p50": -0.0015169094507810382, "profile_A28_p50": -0.0551930306465149, "profile_A29_p50": 0.19672973847713127, "profile_A30_p50": 0.03563462265510587, "profile_A31_p50": 0.06891962816152455, "profile_A32_p50": -0.03370277333875243, "profile_A33_p50": -0.021022160498186202, "profile_A34_p50": 0.02194537343692845, "profile_A35_p50": -0.06489623050346346, "profile_A36_p50": -0.16667376452843582, "profile_A37_p50": 0.049301007118673384, "profile_A38_p50": 0.1625646481134659, "profile_A39_p50": -0.09667818203882567, "profile_A40_p50": 0.07177554247184999, "profile_A41_p50": 0.025849713758259157, "profile_A42_p50": -0.1603950383149332, "profile_A43_p50": 0.3206311935052324, "profile_A44_p50": 0.03949686181453972, "profile_A45_p50": 0.07957258653471222, "profile_A46_p50": -0.007244395135298514, "profile_A47_p50": 0.0009285263544765512, "profile_A48_p50": -0.14827138240108648, "profile_A49_p50": 0.04203039160903449, "profile_A50_p50": -0.0894084614750824, "profile_A51_p50": 0.0420021094092952, "profile_A52_p50": -0.026854651969123216, "profile_A53_p50": -0.05222646987672483, "profile_A54_p50": 0.19210230009974394, "profile_A55_p50": -0.09714178975171217, "profile_A56_p50": -0.02982483604049857, "profile_A57_p50": -0.031826696800191734, "profile_A58_p50": -0.11861554119579336, "profile_A59_p50": -0.16945468313000148, "profile_A60_p50": 0.024861352308783075, "profile_A61_p50": -0.06396893744907857, "profile_A62_p50": 0.09038286949991847, "profile_A63_p50": 0.06305566403851852, "unit_id": 24}}, {"type": "Feature", "geometry": {"type": "Polygon", "coordinates": [[[84.64717124424156, 20.80641928466271], [84.64735090729839, 20.80641928466271], [84.64735090729839, 20.806598947719532], [84.64780006494044, 20.806598947719532], [84.64780006494044, 20.80677861077636], [84.64797972799727, 20.80677861077636], [84.64797972799727, 20.80695827383318], [84.6482492225825, 20.80695827383318], [84.6482492225825, 20.807048105361595], [84.6481593910541, 20.807048105361595], [84.6481593910541, 20.807137936890005], [84.64851871716775, 20.807137936890005], [84.64851871716775, 20.80731759994683], [84.64869838022456, 20.80731759994683], [84.64869838022456, 20.807497263003654], [84.64878821175297, 20.807497263003654], [84.64878821175297, 20.807587094532064], [84.64887804328139, 20.807587094532064], [84.64887804328139, 20.80776675758889], [84.6489678748098, 20.80776675758889], [84.6489678748098, 20.8078565891173], [84.64905770633821, 20.8078565891173], [84.64905770633821, 20.808036252174126], [84.64914753786663, 20.808036252174126], [84.64914753786663, 20.808126083702536], [84.6489678748098, 20.808126083702536], [84.6489678748098, 20.808036252174126], [84.64878821175297, 20.808036252174126], [84.64878821175297, 20.807946420645713], [84.64869838022456, 20.807946420645713], [84.64869838022456, 20.8078565891173], [84.64851871716775, 20.8078565891173], [84.64851871716775, 20.80776675758889], [84.64833905411092, 20.80776675758889], [84.64833905411092, 20.807676926060477], [84.6482492225825, 20.807676926060477], [84.6482492225825, 20.807587094532064], [84.64806955952568, 20.807587094532064], [84.64806955952568, 20.807497263003654], [84.64797972799727, 20.807497263003654], [84.64797972799727, 20.80740743147524], [84.64788989646885, 20.80740743147524], [84.64788989646885, 20.80731759994683], [84.64780006494044, 20.80731759994683], [84.64780006494044, 20.807227768418418], [84.64771023341203, 20.807227768418418], [84.64771023341203, 20.807137936890005], [84.64762040188361, 20.807137936890005], [84.64762040188361, 20.807048105361595], [84.64753057035522, 20.807048105361595], [84.64753057035522, 20.80695827383318], [84.6474407388268, 20.80695827383318], [84.6474407388268, 20.80686844230477], [84.64735090729839, 20.80686844230477], [84.64735090729839, 20.806688779247946], [84.64726107576998, 20.806688779247946], [84.64726107576998, 20.806509116191123], [84.64717124424156, 20.806509116191123], [84.64717124424156, 20.80641928466271]]]}, "id": "+90+272", "properties": {"area_ha": 1.0259609492857478, "centroid_lat": 20.807276767207604, "centroid_lon": 84.64816428841206, "cluster_id": 2, "n_pixels": 103, "perim_m": 808.1151815914211, "profile_A00_p50": 0.01607929846723634, "profile_A01_p50": -0.09325928894552608, "profile_A02_p50": 0.15574265080948216, "profile_A03_p50": 0.05510718791275624, "profile_A04_p50": -0.03958326256288115, "profile_A05_p50": -0.012175294337919829, "profile_A06_p50": -0.06860958937213293, "profile_A07_p50": 0.15972123394716195, "profile_A08_p50": -0.09519653755341986, "profile_A09_p50": 0.03081455304969992, "profile_A10_p50": 0.09723644038592667, "profile_A11_p50": 0.054165564002202786, "profile_A12_p50": -0.3147218909719646, "profile_A13_p50": 0.040497469321907516, "profile_A14_p50": -0.022973498166712958, "profile_A15_p50": 0.09328417803107399, "profile_A16_p50": -0.03179032310251832, "profile_A17_p50": 0.05956912658424222, "profile_A18_p50": -0.08345493268382298, "profile_A19_p50": -0.00869351149030712, "profile_A20_p50": -0.32718595943376916, "profile_A21_p50": 0.3294839047918634, "profile_A22_p50": 0.2685499623513489, "profile_A23_p50": -0.03656012355091588, "profile_A24_p50": 0.0424956708138624, "profile_A25_p50": 0.04968691852140866, "profile_A26_p50": 0.14118621676056847, "profile_A27_p50": -0.0015169094507810382, "profile_A28_p50": -0.0551930306465149, "profile_A29_p50": 0.19672973847713127, "profile_A30_p50": 0.03563462265510587, "profile_A31_p50": 0.06891962816152455, "profile_A32_p50": -0.03370277333875243, "profile_A33_p50": -0.021022160498186202, "profile_A34_p50": 0.02194537343692845, "profile_A35_p50": -0.06489623050346346, "profile_A36_p50": -0.16667376452843582, "profile_A37_p50": 0.049301007118673384, "profile_A38_p50": 0.1625646481134659, "profile_A39_p50": -0.09667818203882567, "profile_A40_p50": 0.07177554247184999, "profile_A41_p50": 0.025849713758259157, "profile_A42_p50": -0.1603950383149332, "profile_A43_p50": 0.3206311935052324, "profile_A44_p50": 0.03949686181453972, "profile_A45_p50": 0.07957258653471222, "profile_A46_p50": -0.007244395135298514, "profile_A47_p50": 0.0009285263544765512, "profile_A48_p50": -0.14827138240108648, "profile_A49_p50": 0.04203039160903449, "profile_A50_p50": -0.0894084614750824, "profile_A51_p50": 0.0420021094092952, "profile_A52_p50": -0.026854651969123216, "profile_A53_p50": -0.05222646987672483, "profile_A54_p50": 0.19210230009974394, "profile_A55_p50": -0.09714178975171217, "profile_A56_p50": -0.02982483604049857, "profile_A57_p50": -0.031826696800191734, "profile_A58_p50": -0.11861554119579336, "profile_A59_p50": -0.16945468313000148, "profile_A60_p50": 0.024861352308783075, "profile_A61_p50": -0.06396893744907857, "profile_A62_p50": 0.09038286949991847, "profile_A63_p50": 0.06305566403851852, "unit_id": 25}}, {"type": "Feature", "geometry": {"type": "Polygon", "coordinates": [[[84.64950686398028, 20.805880295492237], [84.64959669550868, 20.805880295492237], [84.64959669550868, 20.80597012702065], [84.64968652703709, 20.80597012702065], [84.64968652703709, 20.806059958549064], [84.65085433690645, 20.806059958549064], [84.65085433690645, 20.806149790077473], [84.65094416843486, 20.806149790077473], [84.65094416843486, 20.806239621605886], [84.65103399996327, 20.806239621605886], [84.65103399996327, 20.806329453134296], [84.65085433690645, 20.806329453134296], [84.65085433690645, 20.806239621605886], [84.65076450537804, 20.806239621605886], [84.65076450537804, 20.80641928466271], [84.65004585315074, 20.80641928466271], [84.65004585315074, 20.806329453134296], [84.64986619009392, 20.806329453134296], [84.64986619009392, 20.806239621605886], [84.64950686398028, 20.806239621605886], [84.64950686398028, 20.805880295492237]]]}, "id": "+115+278", "properties": {"area_ha": 0.5036565255541264, "centroid_lat": 20.806204687201543, "centroid_lon": 84.65024714216062, "cluster_id": 2, "n_pixels": 50, "perim_m": 457.2009960116562, "profile_A00_p50": 0.01607929846723634, "profile_A01_p50": -0.09325928894552608, "profile_A02_p50": 0.15574265080948216, "profile_A03_p50": 0.05510718791275624, "profile_A04_p50": -0.03958326256288115, "profile_A05_p50": -0.012175294337919829, "profile_A06_p50": -0.06860958937213293, "profile_A07_p50": 0.15972123394716195, "profile_A08_p50": -0.09519653755341986, "profile_A09_p50": 0.03081455304969992, "profile_A10_p50": 0.09723644038592667, "profile_A11_p50": 0.054165564002202786, "profile_A12_p50": -0.3147218909719646, "profile_A13_p50": 0.040497469321907516, "profile_A14_p50": -0.022973498166712958, "profile_A15_p50": 0.09328417803107399, "profile_A16_p50": -0.03179032310251832, "profile_A17_p50": 0.05956912658424222, "profile_A18_p50": -0.08345493268382298, "profile_A19_p50": -0.00869351149030712, "profile_A20_p50": -0.32718595943376916, "profile_A21_p50": 0.3294839047918634, "profile_A22_p50": 0.2685499623513489, "profile_A23_p50": -0.03656012355091588, "profile_A24_p50": 0.0424956708138624, "profile_A25_p50": 0.04968691852140866, "profile_A26_p50": 0.14118621676056847, "profile_A27_p50": -0.0015169094507810382, "profile_A28_p50": -0.0551930306465149, "profile_A29_p50": 0.19672973847713127, "profile_A30_p50": 0.03563462265510587, "profile_A31_p50": 0.06891962816152455, "profile_A32_p50": -0.03370277333875243, "profile_A33_p50": -0.021022160498186202, "profile_A34_p50": 0.02194537343692845, "profile_A35_p50": -0.06489623050346346, "profile_A36_p50": -0.16667376452843582, "profile_A37_p50": 0.049301007118673384, "profile_A38_p50": 0.1625646481134659, "profile_A39_p50": -0.09667818203882567, "profile_A40_p50": 0.07177554247184999, "profile_A41_p50": 0.025849713758259157, "profile_A42_p50": -0.1603950383149332, "profile_A43_p50": 0.3206311935052324, "profile_A44_p50": 0.03949686181453972, "profile_A45_p50": 0.07957258653471222, "profile_A46_p50": -0.007244395135298514, "profile_A47_p50": 0.0009285263544765512, "profile_A48_p50": -0.14827138240108648, "profile_A49_p50": 0.04203039160903449, "profile_A50_p50": -0.0894084614750824, "profile_A51_p50": 0.0420021094092952, "profile_A52_p50": -0.026854651969123216, "profile_A53_p50": -0.05222646987672483, "profile_A54_p50": 0.19210230009974394, "profile_A55_p50": -0.09714178975171217, "profile_A56_p50": -0.02982483604049857, "profile_A57_p50": -0.031826696800191734, "profile_A58_p50": -0.11861554119579336, "profile_A59_p50": -0.16945468313000148, "profile_A60_p50": 0.024861352308783075, "profile_A61_p50": -0.06396893744907857, "profile_A62_p50": 0.09038286949991847, "profile_A63_p50": 0.06305566403851852, "unit_id": 26}}, {"type": "Feature", "geometry": {"type": "Polygon", "coordinates": [[[84.65390860887246, 20.805431137850178], [84.65408827192928, 20.805431137850178], [84.65408827192928, 20.805610800907], [84.65444759804294, 20.805610800907], [84.65444759804294, 20.805700632435414], [84.65453742957133, 20.805700632435414], [84.65453742957133, 20.805790463963827], [84.65426793498611, 20.805790463963827], [84.65426793498611, 20.806059958549064], [84.6541781034577, 20.806059958549064], [84.6541781034577, 20.806149790077473], [84.65399844040087, 20.806149790077473], [84.65399844040087, 20.806239621605886], [84.65390860887246, 20.806239621605886], [84.65390860887246, 20.806329453134296], [84.65408827192928, 20.806329453134296], [84.65408827192928, 20.806688779247946], [84.65399844040087, 20.806688779247946], [84.65399844040087, 20.80677861077636], [84.65372894581563, 20.80677861077636], [84.65372894581563, 20.806688779247946], [84.65363911428722, 20.806688779247946], [84.65363911428722, 20.806598947719532], [84.6535492827588, 20.806598947719532], [84.6535492827588, 20.80641928466271], [84.65363911428722, 20.80641928466271], [84.65363911428722, 20.806329453134296], [84.65372894581563, 20.806329453134296], [84.65372894581563, 20.806059958549064], [84.65381877734404, 20.806059958549064], [84.65381877734404, 20.806149790077473], [84.65390860887246, 20.806149790077473], [84.65390860887246, 20.80597012702065], [84.65381877734404, 20.80597012702065], [84.65381877734404, 20.805610800907], [84.65390860887246, 20.805610800907], [84.65390860887246, 20.805431137850178]]]}, "id": "+165+283", "properties": {"area_ha": 0.6249083564792091, "centroid_lat": 20.806111577124973, "centroid_lon": 84.6539749778313, "cluster_id": 2, "n_pixels": 62, "perim_m": 580.1116552138166, "profile_A00_p50": 0.01607929846723634, "profile_A01_p50": -0.09325928894552608, "profile_A02_p50": 0.15574265080948216, "profile_A03_p50": 0.05510718791275624, "profile_A04_p50": -0.03958326256288115, "profile_A05_p50": -0.012175294337919829, "profile_A06_p50": -0.06860958937213293, "profile_A07_p50": 0.15972123394716195, "profile_A08_p50": -0.09519653755341986, "profile_A09_p50": 0.03081455304969992, "profile_A10_p50": 0.09723644038592667, "profile_A11_p50": 0.054165564002202786, "profile_A12_p50": -0.3147218909719646, "profile_A13_p50": 0.040497469321907516, "profile_A14_p50": -0.022973498166712958, "profile_A15_p50": 0.09328417803107399, "profile_A16_p50": -0.03179032310251832, "profile_A17_p50": 0.05956912658424222, "profile_A18_p50": -0.08345493268382298, "profile_A19_p50": -0.00869351149030712, "profile_A20_p50": -0.32718595943376916, "profile_A21_p50": 0.3294839047918634, "profile_A22_p50": 0.2685499623513489, "profile_A23_p50": -0.03656012355091588, "profile_A24_p50": 0.0424956708138624, "profile_A25_p50": 0.04968691852140866, "profile_A26_p50": 0.14118621676056847, "profile_A27_p50": -0.0015169094507810382, "profile_A28_p50": -0.0551930306465149, "profile_A29_p50": 0.19672973847713127, "profile_A30_p50": 0.03563462265510587, "profile_A31_p50": 0.06891962816152455, "profile_A32_p50": -0.03370277333875243, "profile_A33_p50": -0.021022160498186202, "profile_A34_p50": 0.02194537343692845, "profile_A35_p50": -0.06489623050346346, "profile_A36_p50": -0.16667376452843582, "profile_A37_p50": 0.049301007118673384, "profile_A38_p50": 0.1625646481134659, "profile_A39_p50": -0.09667818203882567, "profile_A40_p50": 0.07177554247184999, "profile_A41_p50": 0.025849713758259157, "profile_A42_p50": -0.1603950383149332, "profile_A43_p50": 0.3206311935052324, "profile_A44_p50": 0.03949686181453972, "profile_A45_p50": 0.07957258653471222, "profile_A46_p50": -0.007244395135298514, "profile_A47_p50": 0.0009285263544765512, "profile_A48_p50": -0.14827138240108648, "profile_A49_p50": 0.04203039160903449, "profile_A50_p50": -0.0894084614750824, "profile_A51_p50": 0.0420021094092952, "profile_A52_p50": -0.026854651969123216, "profile_A53_p50": -0.05222646987672483, "profile_A54_p50": 0.19210230009974394, "profile_A55_p50": -0.09714178975171217, "profile_A56_p50": -0.02982483604049857, "profile_A57_p50": -0.031826696800191734, "profile_A58_p50": -0.11861554119579336, "profile_A59_p50": -0.16945468313000148, "profile_A60_p50": 0.024861352308783075, "profile_A61_p50": -0.06396893744907857, "profile_A62_p50": 0.09038286949991847, "profile_A63_p50": 0.06305566403851852, "unit_id": 27}}, {"type": "Feature", "geometry": {"type": "Polygon", "coordinates": [[[84.64860854869615, 20.803275181168292], [84.64887804328139, 20.803275181168292], [84.64887804328139, 20.803365012696702], [84.6489678748098, 20.803365012696702], [84.6489678748098, 20.803454844225115], [84.64914753786663, 20.803454844225115], [84.64914753786663, 20.803365012696702], [84.64941703245186, 20.803365012696702], [84.64941703245186, 20.803634507281938], [84.64932720092345, 20.803634507281938], [84.64932720092345, 20.80372433881035], [84.64914753786663, 20.80372433881035], [84.64914753786663, 20.804083664924], [84.64932720092345, 20.804083664924], [84.64932720092345, 20.804263327980824], [84.64968652703709, 20.804263327980824], [84.64968652703709, 20.804442991037646], [84.65031534773598, 20.804442991037646], [84.65031534773598, 20.804353159509233], [84.6504051792644, 20.804353159509233], [84.6504051792644, 20.804442991037646], [84.65067467384962, 20.804442991037646], [84.65067467384962, 20.804353159509233], [84.65085433690645, 20.804353159509233], [84.65085433690645, 20.804442991037646], [84.65076450537804, 20.804442991037646], [84.65076450537804, 20.805071811736532], [84.65085433690645, 20.805071811736532], [84.65085433690645, 20.80498198020812], [84.6512136630201, 20.80498198020812], [84.6512136630201, 20.805071811736532], [84.65130349454851, 20.805071811736532], [84.65130349454851, 20.80516164326494], [84.65148315760534, 20.80516164326494], [84.65148315760534, 20.805251474793355], [84.65139332607693, 20.805251474793355], [84.65139332607693, 20.805341306321765], [84.65166282066215, 20.805341306321765], [84.65166282066215, 20.805251474793355], [84.6520221467758, 20.805251474793355], [84.6520221467758, 20.805071811736532], [84.65220180983263, 20.805071811736532], [84.65220180983263, 20.804892148679706], [84.65238147288946, 20.804892148679706], [84.65238147288946, 20.804712485622883], [84.65256113594627, 20.804712485622883], [84.65256113594627, 20.804353159509233], [84.65283063053151, 20.804353159509233], [84.65283063053151, 20.804892148679706], [84.65292046205992, 20.804892148679706], [84.65292046205992, 20.805071811736532], [84.65238147288946, 20.805071811736532], [84.65238147288946, 20.805431137850178], [84.65229164136105, 20.805431137850178], [84.65229164136105, 20.805610800907], [84.65220180983263, 20.805610800907], [84.65220180983263, 20.805790463963827], [84.6520221467758, 20.805790463963827], [84.6520221467758, 20.80597012702065], [84.65166282066215, 20.80597012702065], [84.65166282066215, 20.806059958549064], [84.65175265219057, 20.806059958549064], [84.65175265219057, 20.806149790077473], [84.65139332607693, 20.806149790077473], [84.65139332607693, 20.806329453134296], [84.65103399996327, 20.806329453134296], [84.65103399996327, 20.806239621605886], [84.65094416843486, 20.806239621605886], [84.65094416843486, 20.806149790077473], [84.65085433690645, 20.806149790077473], [84.65085433690645, 20.806059958549064], [84.64968652703709, 20.806059958549064], [84.64968652703709, 20.80597012702065], [84.64959669550868, 20.80597012702065], [84.64959669550868, 20.805880295492237], [84.64950686398028, 20.805880295492237], [84.64950686398028, 20.805610800907], [84.64959669550868, 20.805610800907], [84.64959669550868, 20.80552096937859], [84.64968652703709, 20.80552096937859], [84.64968652703709, 20.805341306321765], [84.6497763585655, 20.805341306321765], [84.6497763585655, 20.80516164326494], [84.64968652703709, 20.80516164326494], [84.64968652703709, 20.804892148679706], [84.64959669550868, 20.804892148679706], [84.64959669550868, 20.80498198020812], [84.64950686398028, 20.80498198020812], [84.64950686398028, 20.804802317151296], [84.64923736939504, 20.804802317151296], [84.64923736939504, 20.804712485622883], [84.64914753786663, 20.804712485622883], [84.64914753786663, 20.80462265409447], [84.64905770633821, 20.80462265409447], [84.64905770633821, 20.80453282256606], [84.6489678748098, 20.80453282256606], [84.6489678748098, 20.804263327980824], [84.64878821175297, 20.804263327980824], [84.64878821175297, 20.804083664924], [84.64860854869615, 20.804083664924], [84.64860854869615, 20.803904001867174], [84.64842888563933, 20.803904001867174], [84.64842888563933, 20.803365012696702], [84.64860854869615, 20.803365012696702], [84.64860854869615, 20.803275181168292]], [[84.6504051792644, 20.804892148679706], [84.65022551620757, 20.804892148679706], [84.65022551620757, 20.80498198020812], [84.6504051792644, 20.80498198020812], [84.6504051792644, 20.804892148679706]]]}, "id": "+107+307", "properties": {"area_ha": 5.33507645571079, "centroid_lat": 20.805062860176438, "centroid_lon": 84.65050568407315, "cluster_id": 4, "n_pixels": 534, "perim_m": 2155.3867909679834, "profile_A00_p50": 0.008298719271209898, "profile_A01_p50": -0.07469093083856637, "profile_A02_p50": 0.10800947522008073, "profile_A03_p50": 0.042509368788694345, "profile_A04_p50": -0.0426968752367191, "profile_A05_p50": -0.035637829955731025, "profile_A06_p50": -0.11672119490849256, "profile_A07_p50": 0.1879339575124317, "profile_A08_p50": -0.09056467087096307, "profile_A09_p50": 0.02784888560411792, "profile_A10_p50": 0.13035981317009449, "profile_A11_p50": 0.04055068175022038, "profile_A12_p50": -0.28337253413690394, "profile_A13_p50": 0.00920730971179795, "profile_A14_p50": -0.00631346145666523, "profile_A15_p50": 0.08445701720660749, "profile_A16_p50": 0.02009065134032393, "profile_A17_p50": -0.005374245558789961, "profile_A18_p50": -0.12753547752193758, "profile_A19_p50": -0.02636053172914466, "profile_A20_p50": -0.3448337901468831, "profile_A21_p50": 0.23924268443760954, "profile_A22_p50": 0.2668584096133238, "profile_A23_p50": -0.08246815537529702, "profile_A24_p50": 0.054209222287167604, "profile_A25_p50": 0.05517862437141477, "profile_A26_p50": 0.16861587015911478, "profile_A27_p50": 0.02004404617553407, "profile_A28_p50": -0.06304713017515787, "profile_A29_p50": 0.18409949661579186, "profile_A30_p50": 0.03468089694248157, "profile_A31_p50": 0.11366739288307917, "profile_A32_p50": 0.06355504293220554, "profile_A33_p50": -0.004423659897708341, "profile_A34_p50": 0.008257852016711918, "profile_A35_p50": -0.09322247950836049, "profile_A36_p50": -0.16167501343971927, "profile_A37_p50": 0.034661716321991116, "profile_A38_p50": 0.13828788705087675, "profile_A39_p50": -0.10208791913055798, "profile_A40_p50": 0.072745413785482, "profile_A41_p50": 0.010221496165756606, "profile_A42_p50": -0.14121588025699564, "profile_A43_p50": 0.36176283961759326, "profile_A44_p50": 0.0923545115367329, "profile_A45_p50": 0.04736357808490588, "profile_A46_p50": -0.001486207047519609, "profile_A47_p50": 0.06932482426170772, "profile_A48_p50": -0.09914769377745158, "profile_A49_p50": 0.05516344787003127, "profile_A50_p50": -0.07473759967606994, "profile_A51_p50": -0.018005005863692303, "profile_A52_p50": -0.021956786117321023, "profile_A53_p50": -0.02191261535365175, "profile_A54_p50": 0.21074593544216133, "profile_A55_p50": -0.08645343992073713, "profile_A56_p50": -0.001471265807888118, "profile_A57_p50": -0.06401087301105515, "profile_A58_p50": -0.079561458992199, "profile_A59_p50": -0.16944114490982223, "profile_A60_p50": 0.0542095775129224, "profile_A61_p50": -0.10405342674469938, "profile_A62_p50": 0.08108809878029077, "profile_A63_p50": 0.07466769191336665, "unit_id": 28}}, {"type": "Feature", "geometry": {"type": "Polygon", "coordinates": [[[84.65372894581563, 20.804353159509233], [84.65390860887246, 20.804353159509233], [84.65390860887246, 20.80453282256606], [84.65399844040087, 20.80453282256606], [84.65399844040087, 20.804712485622883], [84.65390860887246, 20.804712485622883], [84.65390860887246, 20.80453282256606], [84.65372894581563, 20.80453282256606], [84.65372894581563, 20.804353159509233]]]}, "id": "+163+295", "properties": {"area_ha": 0.05596254005649724, "centroid_lat": 20.804502877693274, "centroid_lon": 84.65386369449723, "cluster_id": 2, "n_pixels": 6, "perim_m": 135.67665208180935, "profile_A00_p50": 0.01607929846723634, "profile_A01_p50": -0.09325928894552608, "profile_A02_p50": 0.15574265080948216, "profile_A03_p50": 0.05510718791275624, "profile_A04_p50": -0.03958326256288115, "profile_A05_p50": -0.012175294337919829, "profile_A06_p50": -0.06860958937213293, "profile_A07_p50": 0.15972123394716195, "profile_A08_p50": -0.09519653755341986, "profile_A09_p50": 0.03081455304969992, "profile_A10_p50": 0.09723644038592667, "profile_A11_p50": 0.054165564002202786, "profile_A12_p50": -0.3147218909719646, "profile_A13_p50": 0.040497469321907516, "profile_A14_p50": -0.022973498166712958, "profile_A15_p50": 0.09328417803107399, "profile_A16_p50": -0.03179032310251832, "profile_A17_p50": 0.05956912658424222, "profile_A18_p50": -0.08345493268382298, "profile_A19_p50": -0.00869351149030712, "profile_A20_p50": -0.32718595943376916, "profile_A21_p50": 0.3294839047918634, "profile_A22_p50": 0.2685499623513489, "profile_A23_p50": -0.03656012355091588, "profile_A24_p50": 0.0424956708138624, "profile_A25_p50": 0.04968691852140866, "profile_A26_p50": 0.14118621676056847, "profile_A27_p50": -0.0015169094507810382, "profile_A28_p50": -0.0551930306465149, "profile_A29_p50": 0.19672973847713127, "profile_A30_p50": 0.03563462265510587, "profile_A31_p50": 0.06891962816152455, "profile_A32_p50": -0.03370277333875243, "profile_A33_p50": -0.021022160498186202, "profile_A34_p50": 0.02194537343692845, "profile_A35_p50": -0.06489623050346346, "profile_A36_p50": -0.16667376452843582, "profile_A37_p50": 0.049301007118673384, "profile_A38_p50": 0.1625646481134659, "profile_A39_p50": -0.09667818203882567, "profile_A40_p50": 0.07177554247184999, "profile_A41_p50": 0.025849713758259157, "profile_A42_p50": -0.1603950383149332, "profile_A43_p50": 0.3206311935052324, "profile_A44_p50": 0.03949686181453972, "profile_A45_p50": 0.07957258653471222, "profile_A46_p50": -0.007244395135298514, "profile_A47_p50": 0.0009285263544765512, "profile_A48_p50": -0.14827138240108648, "profile_A49_p50": 0.04203039160903449, "profile_A50_p50": -0.0894084614750824, "profile_A51_p50": 0.0420021094092952, "profile_A52_p50": -0.026854651969123216, "profile_A53_p50": -0.05222646987672483, "profile_A54_p50": 0.19210230009974394, "profile_A55_p50": -0.09714178975171217, "profile_A56_p50": -0.02982483604049857, "profile_A57_p50": -0.031826696800191734, "profile_A58_p50": -0.11861554119579336, "profile_A59_p50": -0.16945468313000148, "profile_A60_p50": 0.024861352308783075, "profile_A61_p50": -0.06396893744907857, "profile_A62_p50": 0.09038286949991847, "profile_A63_p50": 0.06305566403851852, "unit_id": 29}}, {"type": "Feature", "geometry": {"type": "Polygon", "coordinates": [[[84.65265096747468, 20.803634507281938], [84.6527407990031, 20.803634507281938], [84.6527407990031, 20.803814170338764], [84.65283063053151, 20.803814170338764], [84.65283063053151, 20.803993833395587], [84.65292046205992, 20.803993833395587], [84.65292046205992, 20.804083664924], [84.65301029358834, 20.804083664924], [84.65301029358834, 20.804802317151296], [84.65292046205992, 20.804802317151296], [84.65292046205992, 20.804892148679706], [84.65283063053151, 20.804892148679706], [84.65283063053151, 20.80417349645241], [84.6527407990031, 20.80417349645241], [84.6527407990031, 20.803993833395587], [84.65265096747468, 20.803993833395587], [84.65265096747468, 20.803634507281938]]]}, "id": "+150+303", "properties": {"area_ha": 0.24250470324355164, "centroid_lat": 20.804277147528683, "centroid_lon": 84.65286172682586, "cluster_id": 2, "n_pixels": 24, "perim_m": 353.2933258200874, "profile_A00_p50": 0.01607929846723634, "profile_A01_p50": -0.09325928894552608, "profile_A02_p50": 0.15574265080948216, "profile_A03_p50": 0.05510718791275624, "profile_A04_p50": -0.03958326256288115, "profile_A05_p50": -0.012175294337919829, "profile_A06_p50": -0.06860958937213293, "profile_A07_p50": 0.15972123394716195, "profile_A08_p50": -0.09519653755341986, "profile_A09_p50": 0.03081455304969992, "profile_A10_p50": 0.09723644038592667, "profile_A11_p50": 0.054165564002202786, "profile_A12_p50": -0.3147218909719646, "profile_A13_p50": 0.040497469321907516, "profile_A14_p50": -0.022973498166712958, "profile_A15_p50": 0.09328417803107399, "profile_A16_p50": -0.03179032310251832, "profile_A17_p50": 0.05956912658424222, "profile_A18_p50": -0.08345493268382298, "profile_A19_p50": -0.00869351149030712, "profile_A20_p50": -0.32718595943376916, "profile_A21_p50": 0.3294839047918634, "profile_A22_p50": 0.2685499623513489, "profile_A23_p50": -0.03656012355091588, "profile_A24_p50": 0.0424956708138624, "profile_A25_p50": 0.04968691852140866, "profile_A26_p50": 0.14118621676056847, "profile_A27_p50": -0.0015169094507810382, "profile_A28_p50": -0.0551930306465149, "profile_A29_p50": 0.19672973847713127, "profile_A30_p50": 0.03563462265510587, "profile_A31_p50": 0.06891962816152455, "profile_A32_p50": -0.03370277333875243, "profile_A33_p50": -0.021022160498186202, "profile_A34_p50": 0.02194537343692845, "profile_A35_p50": -0.06489623050346346, "profile_A36_p50": -0.16667376452843582, "profile_A37_p50": 0.049301007118673384, "profile_A38_p50": 0.1625646481134659, "profile_A39_p50": -0.09667818203882567, "profile_A40_p50": 0.07177554247184999, "profile_A41_p50": 0.025849713758259157, "profile_A42_p50": -0.1603950383149332, "profile_A43_p50": 0.3206311935052324, "profile_A44_p50": 0.03949686181453972, "profile_A45_p50": 0.07957258653471222, "profile_A46_p50": -0.007244395135298514, "profile_A47_p50": 0.0009285263544765512, "profile_A48_p50": -0.14827138240108648, "profile_A49_p50": 0.04203039160903449, "profile_A50_p50": -0.0894084614750824, "profile_A51_p50": 0.0420021094092952, "profile_A52_p50": -0.026854651969123216, "profile_A53_p50": -0.05222646987672483, "profile_A54_p50": 0.19210230009974394, "profile_A55_p50": -0.09714178975171217, "profile_A56_p50": -0.02982483604049857, "profile_A57_p50": -0.031826696800191734, "profile_A58_p50": -0.11861554119579336, "profile_A59_p50": -0.16945468313000148, "profile_A60_p50": 0.024861352308783075, "profile_A61_p50": -0.06396893744907857, "profile_A62_p50": 0.09038286949991847, "profile_A63_p50": 0.06305566403851852, "unit_id": 30}}, {"type": "Feature", "geometry": {"type": "Polygon", "coordinates": [[[84.65426793498611, 20.802017539770524], [84.65435776651452, 20.802017539770524], [84.65435776651452, 20.802107371298938], [84.65444759804294, 20.802107371298938], [84.65444759804294, 20.80237686588417], [84.65453742957133, 20.80237686588417], [84.65453742957133, 20.80273619199782], [84.65462726109975, 20.80273619199782], [84.65462726109975, 20.803005686583056], [84.65471709262816, 20.803005686583056], [84.65471709262816, 20.803365012696702], [84.65480692415657, 20.803365012696702], [84.65480692415657, 20.803814170338764], [84.65489675568499, 20.803814170338764], [84.65489675568499, 20.804353159509233], [84.65480692415657, 20.804353159509233], [84.65480692415657, 20.80453282256606], [84.65471709262816, 20.80453282256606], [84.65471709262816, 20.804712485622883], [84.65453742957133, 20.804712485622883], [84.65453742957133, 20.804892148679706], [84.6541781034577, 20.804892148679706], [84.6541781034577, 20.804712485622883], [84.65399844040087, 20.804712485622883], [84.65399844040087, 20.80453282256606], [84.65390860887246, 20.80453282256606], [84.65390860887246, 20.804353159509233], [84.6535492827588, 20.804353159509233], [84.6535492827588, 20.803634507281938], [84.65327978817358, 20.803634507281938], [84.65327978817358, 20.80354467575353], [84.65336961970199, 20.80354467575353], [84.65336961970199, 20.803454844225115], [84.65318995664516, 20.803454844225115], [84.65318995664516, 20.803634507281938], [84.65292046205992, 20.803634507281938], [84.65292046205992, 20.803814170338764], [84.6527407990031, 20.803814170338764], [84.6527407990031, 20.803634507281938], [84.65265096747468, 20.803634507281938], [84.65265096747468, 20.803454844225115], [84.65247130441787, 20.803454844225115], [84.65247130441787, 20.803275181168292], [84.65229164136105, 20.803275181168292], [84.65229164136105, 20.80309551811147], [84.65247130441787, 20.80309551811147], [84.65247130441787, 20.803275181168292], [84.65256113594627, 20.803275181168292], [84.65256113594627, 20.803365012696702], [84.65265096747468, 20.803365012696702], [84.65265096747468, 20.803454844225115], [84.65283063053151, 20.803454844225115], [84.65283063053151, 20.803275181168292], [84.65336961970199, 20.803275181168292], [84.65336961970199, 20.80309551811147], [84.65327978817358, 20.80309551811147], [84.65327978817358, 20.803005686583056], [84.65318995664516, 20.803005686583056], [84.65318995664516, 20.802826023526233], [84.65310012511675, 20.802826023526233], [84.65310012511675, 20.80273619199782], [84.65256113594627, 20.80273619199782], [84.65256113594627, 20.802826023526233], [84.65238147288946, 20.802826023526233], [84.65238147288946, 20.802915855054643], [84.65220180983263, 20.802915855054643], [84.65220180983263, 20.802646360469407], [84.65229164136105, 20.802646360469407], [84.65229164136105, 20.802556528940997], [84.65247130441787, 20.802556528940997], [84.65247130441787, 20.802466697412584], [84.65256113594627, 20.802466697412584], [84.65256113594627, 20.80237686588417], [84.65363911428722, 20.80237686588417], [84.65363911428722, 20.80228703435576], [84.65399844040087, 20.80228703435576], [84.65399844040087, 20.802197202827347], [84.6541781034577, 20.802197202827347], [84.6541781034577, 20.802107371298938], [84.65426793498611, 20.802107371298938], [84.65426793498611, 20.802017539770524]], [[84.65444759804294, 20.80309551811147], [84.65435776651452, 20.80309551811147], [84.65435776651452, 20.80318534963988], [84.65426793498611, 20.80318534963988], [84.65426793498611, 20.803275181168292], [84.6541781034577, 20.803275181168292], [84.6541781034577, 20.803454844225115], [84.65435776651452, 20.803454844225115], [84.65435776651452, 20.803365012696702], [84.65444759804294, 20.803365012696702], [84.65444759804294, 20.803275181168292], [84.65453742957133, 20.803275181168292], [84.65453742957133, 20.80318534963988], [84.65444759804294, 20.80318534963988], [84.65444759804294, 20.80309551811147]]]}, "id": "+168+321", "properties": {"area_ha": 4.355783093166837, "centroid_lat": 20.80337068545683, "centroid_lon": 84.65386984642453, "cluster_id": 4, "n_pixels": 436, "perim_m": 1794.0871089213038, "profile_A00_p50": 0.008298719271209898, "profile_A01_p50": -0.07469093083856637, "profile_A02_p50": 0.10800947522008073, "profile_A03_p50": 0.042509368788694345, "profile_A04_p50": -0.0426968752367191, "profile_A05_p50": -0.035637829955731025, "profile_A06_p50": -0.11672119490849256, "profile_A07_p50": 0.1879339575124317, "profile_A08_p50": -0.09056467087096307, "profile_A09_p50": 0.02784888560411792, "profile_A10_p50": 0.13035981317009449, "profile_A11_p50": 0.04055068175022038, "profile_A12_p50": -0.28337253413690394, "profile_A13_p50": 0.00920730971179795, "profile_A14_p50": -0.00631346145666523, "profile_A15_p50": 0.08445701720660749, "profile_A16_p50": 0.02009065134032393, "profile_A17_p50": -0.005374245558789961, "profile_A18_p50": -0.12753547752193758, "profile_A19_p50": -0.02636053172914466, "profile_A20_p50": -0.3448337901468831, "profile_A21_p50": 0.23924268443760954, "profile_A22_p50": 0.2668584096133238, "profile_A23_p50": -0.08246815537529702, "profile_A24_p50": 0.054209222287167604, "profile_A25_p50": 0.05517862437141477, "profile_A26_p50": 0.16861587015911478, "profile_A27_p50": 0.02004404617553407, "profile_A28_p50": -0.06304713017515787, "profile_A29_p50": 0.18409949661579186, "profile_A30_p50": 0.03468089694248157, "profile_A31_p50": 0.11366739288307917, "profile_A32_p50": 0.06355504293220554, "profile_A33_p50": -0.004423659897708341, "profile_A34_p50": 0.008257852016711918, "profile_A35_p50": -0.09322247950836049, "profile_A36_p50": -0.16167501343971927, "profile_A37_p50": 0.034661716321991116, "profile_A38_p50": 0.13828788705087675, "profile_A39_p50": -0.10208791913055798, "profile_A40_p50": 0.072745413785482, "profile_A41_p50": 0.010221496165756606, "profile_A42_p50": -0.14121588025699564, "profile_A43_p50": 0.36176283961759326, "profile_A44_p50": 0.0923545115367329, "profile_A45_p50": 0.04736357808490588, "profile_A46_p50": -0.001486207047519609, "profile_A47_p50": 0.06932482426170772, "profile_A48_p50": -0.09914769377745158, "profile_A49_p50": 0.05516344787003127, "profile_A50_p50": -0.07473759967606994, "profile_A51_p50": -0.018005005863692303, "profile_A52_p50": -0.021956786117321023, "profile_A53_p50": -0.02191261535365175, "profile_A54_p50": 0.21074593544216133, "profile_A55_p50": -0.08645343992073713, "profile_A56_p50": -0.001471265807888118, "profile_A57_p50": -0.06401087301105515, "profile_A58_p50": -0.079561458992199, "profile_A59_p50": -0.16944114490982223, "profile_A60_p50": 0.0542095775129224, "profile_A61_p50": -0.10405342674469938, "profile_A62_p50": 0.08108809878029077, "profile_A63_p50": 0.07466769191336665, "unit_id": 31}}, {"type": "Feature", "geometry": {"type": "Polygon", "coordinates": [[[84.65265096747468, 20.800220909202285], [84.6527407990031, 20.800220909202285], [84.6527407990031, 20.800310740730698], [84.65292046205992, 20.800310740730698], [84.65292046205992, 20.800400572259107], [84.65310012511675, 20.800400572259107], [84.65310012511675, 20.80049040378752], [84.65327978817358, 20.80049040378752], [84.65327978817358, 20.800580235315934], [84.65336961970199, 20.800580235315934], [84.65336961970199, 20.800670066844344], [84.6534594512304, 20.800670066844344], [84.6534594512304, 20.800759898372757], [84.65363911428722, 20.800759898372757], [84.65363911428722, 20.80084972990117], [84.65372894581563, 20.80084972990117], [84.65372894581563, 20.80093956142958], [84.65381877734404, 20.80093956142958], [84.65381877734404, 20.801029392957993], [84.65390860887246, 20.801029392957993], [84.65390860887246, 20.801209056014816], [84.65399844040087, 20.801209056014816], [84.65399844040087, 20.80129888754323], [84.65408827192928, 20.80129888754323], [84.65408827192928, 20.801478550600052], [84.6541781034577, 20.801478550600052], [84.6541781034577, 20.801568382128465], [84.65426793498611, 20.801568382128465], [84.65426793498611, 20.8018378767137], [84.65435776651452, 20.8018378767137], [84.65435776651452, 20.802017539770524], [84.65426793498611, 20.802017539770524], [84.65426793498611, 20.802107371298938], [84.6541781034577, 20.802107371298938], [84.6541781034577, 20.802197202827347], [84.65399844040087, 20.802197202827347], [84.65399844040087, 20.80228703435576], [84.65363911428722, 20.80228703435576], [84.65363911428722, 20.80237686588417], [84.65256113594627, 20.80237686588417], [84.65256113594627, 20.802466697412584], [84.65247130441787, 20.802466697412584], [84.65247130441787, 20.802556528940997], [84.65229164136105, 20.802556528940997], [84.65229164136105, 20.802646360469407], [84.65220180983263, 20.802646360469407], [84.65220180983263, 20.80309551811147], [84.65229164136105, 20.80309551811147], [84.65229164136105, 20.803275181168292], [84.65247130441787, 20.803275181168292], [84.65247130441787, 20.803454844225115], [84.65265096747468, 20.803454844225115], [84.65265096747468, 20.803993833395587], [84.6527407990031, 20.803993833395587], [84.6527407990031, 20.80417349645241], [84.65283063053151, 20.80417349645241], [84.65283063053151, 20.804353159509233], [84.65256113594627, 20.804353159509233], [84.65256113594627, 20.804712485622883], [84.65238147288946, 20.804712485622883], [84.65238147288946, 20.804892148679706], [84.65220180983263, 20.804892148679706], [84.65220180983263, 20.805071811736532], [84.6520221467758, 20.805071811736532], [84.6520221467758, 20.805251474793355], [84.65166282066215, 20.805251474793355], [84.65166282066215, 20.805341306321765], [84.65139332607693, 20.805341306321765], [84.65139332607693, 20.805251474793355], [84.65148315760534, 20.805251474793355], [84.65148315760534, 20.80516164326494], [84.65130349454851, 20.80516164326494], [84.65130349454851, 20.805071811736532], [84.6512136630201, 20.805071811736532], [84.6512136630201, 20.80498198020812], [84.65085433690645, 20.80498198020812], [84.65085433690645, 20.805071811736532], [84.65076450537804, 20.805071811736532], [84.65076450537804, 20.804442991037646], [84.65085433690645, 20.804442991037646], [84.65085433690645, 20.804353159509233], [84.65067467384962, 20.804353159509233], [84.65067467384962, 20.804442991037646], [84.6504051792644, 20.804442991037646], [84.6504051792644, 20.804353159509233], [84.65031534773598, 20.804353159509233], [84.65031534773598, 20.804442991037646], [84.64968652703709, 20.804442991037646], [84.64968652703709, 20.804263327980824], [84.64932720092345, 20.804263327980824], [84.64932720092345, 20.804083664924], [84.64914753786663, 20.804083664924], [84.64914753786663, 20.80372433881035], [84.64932720092345, 20.80372433881035], [84.64932720092345, 20.803634507281938], [84.64941703245186, 20.803634507281938], [84.64941703245186, 20.803365012696702], [84.64914753786663, 20.803365012696702], [84.64914753786663, 20.803454844225115], [84.6489678748098, 20.803454844225115], [84.6489678748098, 20.803365012696702], [84.64914753786663, 20.803365012696702], [84.64914753786663, 20.80318534963988], [84.64923736939504, 20.80318534963988], [84.64923736939504, 20.80309551811147], [84.64932720092345, 20.80309551811147], [84.64932720092345, 20.802826023526233], [84.64941703245186, 20.802826023526233], [84.64941703245186, 20.80273619199782], [84.64959669550868, 20.80273619199782], [84.64959669550868, 20.802646360469407], [84.6497763585655, 20.802646360469407], [84.6497763585655, 20.802466697412584], [84.64995602162233, 20.802466697412584], [84.64995602162233, 20.80228703435576], [84.65013568467916, 20.80228703435576], [84.65013568467916, 20.802107371298938], [84.65031534773598, 20.802107371298938], [84.65031534773598, 20.80237686588417], [84.6504051792644, 20.80237686588417], [84.6504051792644, 20.802466697412584], [84.65031534773598, 20.802466697412584], [84.65031534773598, 20.80273619199782], [84.65022551620757, 20.80273619199782], [84.65022551620757, 20.802826023526233], [84.65058484232121, 20.802826023526233], [84.65058484232121, 20.80273619199782], [84.65067467384962, 20.80273619199782], [84.65067467384962, 20.802646360469407], [84.65094416843486, 20.802646360469407], [84.65094416843486, 20.802466697412584], [84.65112383149169, 20.802466697412584], [84.65112383149169, 20.80237686588417], [84.6512136630201, 20.80237686588417], [84.6512136630201, 20.80228703435576], [84.6520221467758, 20.80228703435576], [84.6520221467758, 20.802197202827347], [84.65220180983263, 20.802197202827347], [84.65220180983263, 20.802107371298938], [84.65229164136105, 20.802107371298938], [84.65229164136105, 20.80192770824211], [84.65247130441787, 20.80192770824211], [84.65247130441787, 20.80174804518529], [84.65256113594627, 20.80174804518529], [84.65256113594627, 20.8018378767137], [84.65265096747468, 20.8018378767137], [84.65265096747468, 20.801209056014816], [84.65247130441787, 20.801209056014816], [84.65247130441787, 20.80049040378752], [84.65265096747468, 20.80049040378752], [84.65265096747468, 20.800220909202285]]]}, "id": "+150+341", "properties": {"area_ha": 11.938789690990758, "centroid_lat": 20.803063581297685, "centroid_lon": 84.65166598988507, "cluster_id": 3, "n_pixels": 1194, "perim_m": 2813.8962321554163, "profile_A00_p50": 0.052276035215144005, "profile_A01_p50": -0.07570674553595987, "profile_A02_p50": 0.14301161547734112, "profile_A03_p50": 0.026838475293098074, "profile_A04_p50": -0.027107606071879665, "profile_A05_p50": -0.07910059001413451, "profile_A06_p50": -0.11086111526824538, "profile_A07_p50": 0.20628202758651923, "profile_A08_p50": -0.0727453446965644, "profile_A09_p50": 0.06395014083468452, "profile_A10_p50": 0.1029771457956181, "profile_A11_p50": 0.07079006683543519, "profile_A12_p50": -0.28761284092525874, "profile_A13_p50": -0.002395095713382588, "profile_A14_p50": -0.062022865351902386, "profile_A15_p50": 0.07179708596992768, "profile_A16_p50": -0.010801075327872237, "profile_A17_p50": 0.028243432664077608, "profile_A18_p50": -0.0649153155238889, "profile_A19_p50": -0.047833451260709835, "profile_A20_p50": -0.3279754786583093, "profile_A21_p50": 0.2938919125809585, "profile_A22_p50": 0.2901515835290164, "profile_A23_p50": -0.08739576495848039, "profile_A24_p50": 0.04542138120864045, "profile_A25_p50": 0.02687643612477525, "profile_A26_p50": 0.12930162852654958, "profile_A27_p50": 0.07567692598703289, "profile_A28_p50": -0.044442685112569796, "profile_A29_p50": 0.159567513681451, "profile_A30_p50": 0.0366322463400748, "profile_A31_p50": 0.0966807387618441, "profile_A32_p50": 0.034154572415841654, "profile_A33_p50": -0.012706078501532363, "profile_A34_p50": 0.011267298083066658, "profile_A35_p50": -0.10791025661018286, "profile_A36_p50": -0.1702649793303773, "profile_A37_p50": -0.016571453740257452, "profile_A38_p50": 0.15101684030307658, "profile_A39_p50": -0.10210032405048351, "profile_A40_p50": 0.06298088537151916, "profile_A41_p50": 0.04153433800584357, "profile_A42_p50": -0.13612640616746435, "profile_A43_p50": 0.3430850179197894, "profile_A44_p50": 0.05419105970806156, "profile_A45_p50": 0.03030801570708402, "profile_A46_p50": -0.04244070499533257, "profile_A47_p50": 0.05959002514080034, "profile_A48_p50": -0.10696707627859647, "profile_A49_p50": 0.02489349825142579, "profile_A50_p50": -0.09422902274896172, "profile_A51_p50": -0.0024358504884539486, "profile_A52_p50": -0.009291581830823261, "profile_A53_p50": -0.07372927312593018, "profile_A54_p50": 0.1604444915053086, "profile_A55_p50": -0.08644768000264685, "profile_A56_p50": -0.00635348464889088, "profile_A57_p50": -0.028833854609484788, "profile_A58_p50": -0.09809450944788282, "profile_A59_p50": -0.14602059648049545, "profile_A60_p50": 0.06690589851243738, "profile_A61_p50": -0.12253781276918109, "profile_A62_p50": 0.04590755036368143, "profile_A63_p50": 0.05519263608705948, "unit_id": 32}}, {"type": "Feature", "geometry": {"type": "Polygon", "coordinates": [[[84.64986619009392, 20.80228703435576], [84.64995602162233, 20.80228703435576], [84.64995602162233, 20.802466697412584], [84.6497763585655, 20.802466697412584], [84.6497763585655, 20.802646360469407], [84.64959669550868, 20.802646360469407], [84.64959669550868, 20.80273619199782], [84.64941703245186, 20.80273619199782], [84.64941703245186, 20.802826023526233], [84.64932720092345, 20.802826023526233], [84.64932720092345, 20.80309551811147], [84.64923736939504, 20.80309551811147], [84.64923736939504, 20.80318534963988], [84.64914753786663, 20.80318534963988], [84.64914753786663, 20.803365012696702], [84.64887804328139, 20.803365012696702], [84.64887804328139, 20.803275181168292], [84.64860854869615, 20.803275181168292], [84.64860854869615, 20.803365012696702], [84.64851871716775, 20.803365012696702], [84.64851871716775, 20.803275181168292], [84.64860854869615, 20.803275181168292], [84.64860854869615, 20.80318534963988], [84.64878821175297, 20.80318534963988], [84.64878821175297, 20.802646360469407], [84.64887804328139, 20.802646360469407], [84.64887804328139, 20.80273619199782], [84.6489678748098, 20.80273619199782], [84.6489678748098, 20.802646360469407], [84.64932720092345, 20.802646360469407], [84.64932720092345, 20.802556528940997], [84.64950686398028, 20.802556528940997], [84.64950686398028, 20.802466697412584], [84.6497763585655, 20.802466697412584], [84.6497763585655, 20.80237686588417], [84.64986619009392, 20.80237686588417], [84.64986619009392, 20.80228703435576]]]}, "id": "+119+318", "properties": {"area_ha": 0.5503041924629386, "centroid_lat": 20.802887687501144, "centroid_lon": 84.64916657110787, "cluster_id": 2, "n_pixels": 55, "perim_m": 577.742754905659, "profile_A00_p50": 0.01607929846723634, "profile_A01_p50": -0.09325928894552608, "profile_A02_p50": 0.15574265080948216, "profile_A03_p50": 0.05510718791275624, "profile_A04_p50": -0.03958326256288115, "profile_A05_p50": -0.012175294337919829, "profile_A06_p50": -0.06860958937213293, "profile_A07_p50": 0.15972123394716195, "profile_A08_p50": -0.09519653755341986, "profile_A09_p50": 0.03081455304969992, "profile_A10_p50": 0.09723644038592667, "profile_A11_p50": 0.054165564002202786, "profile_A12_p50": -0.3147218909719646, "profile_A13_p50": 0.040497469321907516, "profile_A14_p50": -0.022973498166712958, "profile_A15_p50": 0.09328417803107399, "profile_A16_p50": -0.03179032310251832, "profile_A17_p50": 0.05956912658424222, "profile_A18_p50": -0.08345493268382298, "profile_A19_p50": -0.00869351149030712, "profile_A20_p50": -0.32718595943376916, "profile_A21_p50": 0.3294839047918634, "profile_A22_p50": 0.2685499623513489, "profile_A23_p50": -0.03656012355091588, "profile_A24_p50": 0.0424956708138624, "profile_A25_p50": 0.04968691852140866, "profile_A26_p50": 0.14118621676056847, "profile_A27_p50": -0.0015169094507810382, "profile_A28_p50": -0.0551930306465149, "profile_A29_p50": 0.19672973847713127, "profile_A30_p50": 0.03563462265510587, "profile_A31_p50": 0.06891962816152455, "profile_A32_p50": -0.03370277333875243, "profile_A33_p50": -0.021022160498186202, "profile_A34_p50": 0.02194537343692845, "profile_A35_p50": -0.06489623050346346, "profile_A36_p50": -0.16667376452843582, "profile_A37_p50": 0.049301007118673384, "profile_A38_p50": 0.1625646481134659, "profile_A39_p50": -0.09667818203882567, "profile_A40_p50": 0.07177554247184999, "profile_A41_p50": 0.025849713758259157, "profile_A42_p50": -0.1603950383149332, "profile_A43_p50": 0.3206311935052324, "profile_A44_p50": 0.03949686181453972, "profile_A45_p50": 0.07957258653471222, "profile_A46_p50": -0.007244395135298514, "profile_A47_p50": 0.0009285263544765512, "profile_A48_p50": -0.14827138240108648, "profile_A49_p50": 0.04203039160903449, "profile_A50_p50": -0.0894084614750824, "profile_A51_p50": 0.0420021094092952, "profile_A52_p50": -0.026854651969123216, "profile_A53_p50": -0.05222646987672483, "profile_A54_p50": 0.19210230009974394, "profile_A55_p50": -0.09714178975171217, "profile_A56_p50": -0.02982483604049857, "profile_A57_p50": -0.031826696800191734, "profile_A58_p50": -0.11861554119579336, "profile_A59_p50": -0.16945468313000148, "profile_A60_p50": 0.024861352308783075, "profile_A61_p50": -0.06396893744907857, "profile_A62_p50": 0.09038286949991847, "profile_A63_p50": 0.06305566403851852, "unit_id": 33}}, {"type": "Feature", "geometry": {"type": "Polygon", "coordinates": [[[84.64833905411092, 20.80093956142958], [84.64851871716775, 20.80093956142958], [84.64851871716775, 20.801209056014816], [84.64860854869615, 20.801209056014816], [84.64860854869615, 20.801478550600052], [84.64869838022456, 20.801478550600052], [84.64869838022456, 20.801568382128465], [84.64860854869615, 20.801568382128465], [84.64860854869615, 20.80192770824211], [84.64869838022456, 20.80192770824211], [84.64869838022456, 20.802017539770524], [84.64878821175297, 20.802017539770524], [84.64878821175297, 20.802107371298938], [84.64914753786663, 20.802107371298938], [84.64914753786663, 20.802197202827347], [84.64923736939504, 20.802197202827347], [84.64923736939504, 20.802107371298938], [84.64941703245186, 20.802107371298938], [84.64941703245186, 20.80192770824211], [84.64950686398028, 20.80192770824211], [84.64950686398028, 20.8018378767137], [84.64959669550868, 20.8018378767137], [84.64959669550868, 20.80174804518529], [84.65031534773598, 20.80174804518529], [84.65031534773598, 20.801568382128465], [84.65049501079281, 20.801568382128465], [84.65049501079281, 20.801209056014816], [84.65076450537804, 20.801209056014816], [84.65076450537804, 20.80174804518529], [84.65031534773598, 20.80174804518529], [84.65031534773598, 20.80192770824211], [84.65013568467916, 20.80192770824211], [84.65013568467916, 20.802107371298938], [84.64986619009392, 20.802107371298938], [84.64986619009392, 20.802017539770524], [84.6497763585655, 20.802017539770524], [84.6497763585655, 20.8018378767137], [84.64959669550868, 20.8018378767137], [84.64959669550868, 20.80192770824211], [84.64950686398028, 20.80192770824211], [84.64950686398028, 20.802107371298938], [84.64941703245186, 20.802107371298938], [84.64941703245186, 20.802197202827347], [84.64932720092345, 20.802197202827347], [84.64932720092345, 20.802466697412584], [84.64914753786663, 20.802466697412584], [84.64914753786663, 20.80228703435576], [84.64860854869615, 20.80228703435576], [84.64860854869615, 20.802107371298938], [84.64842888563933, 20.802107371298938], [84.64842888563933, 20.801568382128465], [84.64797972799727, 20.801568382128465], [84.64797972799727, 20.801658213656875], [84.64780006494044, 20.801658213656875], [84.64780006494044, 20.80174804518529], [84.64806955952568, 20.80174804518529], [84.64806955952568, 20.8018378767137], [84.64797972799727, 20.8018378767137], [84.64797972799727, 20.80192770824211], [84.64806955952568, 20.80192770824211], [84.64806955952568, 20.802197202827347], [84.6481593910541, 20.802197202827347], [84.6481593910541, 20.80228703435576], [84.64842888563933, 20.80228703435576], [84.64842888563933, 20.802556528940997], [84.64851871716775, 20.802556528940997], [84.64851871716775, 20.802646360469407], [84.6482492225825, 20.802646360469407], [84.6482492225825, 20.802556528940997], [84.64797972799727, 20.802556528940997], [84.64797972799727, 20.80237686588417], [84.64788989646885, 20.80237686588417], [84.64788989646885, 20.80228703435576], [84.64780006494044, 20.80228703435576], [84.64780006494044, 20.802107371298938], [84.64771023341203, 20.802107371298938], [84.64771023341203, 20.802017539770524], [84.64762040188361, 20.802017539770524], [84.64762040188361, 20.80138871907164], [84.64780006494044, 20.80138871907164], [84.64780006494044, 20.80129888754323], [84.64788989646885, 20.80129888754323], [84.64788989646885, 20.801209056014816], [84.64797972799727, 20.801209056014816], [84.64797972799727, 20.801119224486406], [84.6481593910541, 20.801119224486406], [84.6481593910541, 20.801029392957993], [84.64833905411092, 20.801029392957993], [84.64833905411092, 20.80093956142958]]]}, "id": "+103+333", "properties": {"area_ha": 1.7068881334991801, "centroid_lat": 20.801789526450364, "centroid_lon": 84.64877863971519, "cluster_id": 2, "n_pixels": 171, "perim_m": 1697.0125645957417, "profile_A00_p50": 0.01607929846723634, "profile_A01_p50": -0.09325928894552608, "profile_A02_p50": 0.15574265080948216, "profile_A03_p50": 0.05510718791275624, "profile_A04_p50": -0.03958326256288115, "profile_A05_p50": -0.012175294337919829, "profile_A06_p50": -0.06860958937213293, "profile_A07_p50": 0.15972123394716195, "profile_A08_p50": -0.09519653755341986, "profile_A09_p50": 0.03081455304969992, "profile_A10_p50": 0.09723644038592667, "profile_A11_p50": 0.054165564002202786, "profile_A12_p50": -0.3147218909719646, "profile_A13_p50": 0.040497469321907516, "profile_A14_p50": -0.022973498166712958, "profile_A15_p50": 0.09328417803107399, "profile_A16_p50": -0.03179032310251832, "profile_A17_p50": 0.05956912658424222, "profile_A18_p50": -0.08345493268382298, "profile_A19_p50": -0.00869351149030712, "profile_A20_p50": -0.32718595943376916, "profile_A21_p50": 0.3294839047918634, "profile_A22_p50": 0.2685499623513489, "profile_A23_p50": -0.03656012355091588, "profile_A24_p50": 0.0424956708138624, "profile_A25_p50": 0.04968691852140866, "profile_A26_p50": 0.14118621676056847, "profile_A27_p50": -0.0015169094507810382, "profile_A28_p50": -0.0551930306465149, "profile_A29_p50": 0.19672973847713127, "profile_A30_p50": 0.03563462265510587, "profile_A31_p50": 0.06891962816152455, "profile_A32_p50": -0.03370277333875243, "profile_A33_p50": -0.021022160498186202, "profile_A34_p50": 0.02194537343692845, "profile_A35_p50": -0.06489623050346346, "profile_A36_p50": -0.16667376452843582, "profile_A37_p50": 0.049301007118673384, "profile_A38_p50": 0.1625646481134659, "profile_A39_p50": -0.09667818203882567, "profile_A40_p50": 0.07177554247184999, "profile_A41_p50": 0.025849713758259157, "profile_A42_p50": -0.1603950383149332, "profile_A43_p50": 0.3206311935052324, "profile_A44_p50": 0.03949686181453972, "profile_A45_p50": 0.07957258653471222, "profile_A46_p50": -0.007244395135298514, "profile_A47_p50": 0.0009285263544765512, "profile_A48_p50": -0.14827138240108648, "profile_A49_p50": 0.04203039160903449, "profile_A50_p50": -0.0894084614750824, "profile_A51_p50": 0.0420021094092952, "profile_A52_p50": -0.026854651969123216, "profile_A53_p50": -0.05222646987672483, "profile_A54_p50": 0.19210230009974394, "profile_A55_p50": -0.09714178975171217, "profile_A56_p50": -0.02982483604049857, "profile_A57_p50": -0.031826696800191734, "profile_A58_p50": -0.11861554119579336, "profile_A59_p50": -0.16945468313000148, "profile_A60_p50": 0.024861352308783075, "profile_A61_p50": -0.06396893744907857, "profile_A62_p50": 0.09038286949991847, "profile_A63_p50": 0.06305566403851852, "unit_id": 34}}, {"type": "Feature", "geometry": {"type": "Polygon", "coordinates": [[[84.65022551620757, 20.80049040378752], [84.65076450537804, 20.80049040378752], [84.65076450537804, 20.800580235315934], [84.65085433690645, 20.800580235315934], [84.65085433690645, 20.80084972990117], [84.65094416843486, 20.80084972990117], [84.65094416843486, 20.80093956142958], [84.65085433690645, 20.80093956142958], [84.65085433690645, 20.801029392957993], [84.65076450537804, 20.801029392957993], [84.65076450537804, 20.801209056014816], [84.65049501079281, 20.801209056014816], [84.65049501079281, 20.801568382128465], [84.65031534773598, 20.801568382128465], [84.65031534773598, 20.80174804518529], [84.64959669550868, 20.80174804518529], [84.64959669550868, 20.8018378767137], [84.64950686398028, 20.8018378767137], [84.64950686398028, 20.80192770824211], [84.64941703245186, 20.80192770824211], [84.64941703245186, 20.802107371298938], [84.64923736939504, 20.802107371298938], [84.64923736939504, 20.802197202827347], [84.64914753786663, 20.802197202827347], [84.64914753786663, 20.802107371298938], [84.64878821175297, 20.802107371298938], [84.64878821175297, 20.802017539770524], [84.64869838022456, 20.802017539770524], [84.64869838022456, 20.80192770824211], [84.64860854869615, 20.80192770824211], [84.64860854869615, 20.801568382128465], [84.64869838022456, 20.801568382128465], [84.64869838022456, 20.801478550600052], [84.64860854869615, 20.801478550600052], [84.64860854869615, 20.801209056014816], [84.64851871716775, 20.801209056014816], [84.64851871716775, 20.80084972990117], [84.64878821175297, 20.80084972990117], [84.64878821175297, 20.800759898372757], [84.64887804328139, 20.800759898372757], [84.64887804328139, 20.80084972990117], [84.6489678748098, 20.80084972990117], [84.6489678748098, 20.80093956142958], [84.64887804328139, 20.80093956142958], [84.64887804328139, 20.80138871907164], [84.64923736939504, 20.80138871907164], [84.64923736939504, 20.801209056014816], [84.64932720092345, 20.801209056014816], [84.64932720092345, 20.801119224486406], [84.64941703245186, 20.801119224486406], [84.64941703245186, 20.801029392957993], [84.64995602162233, 20.801029392957993], [84.64995602162233, 20.80084972990117], [84.65013568467916, 20.80084972990117], [84.65013568467916, 20.800580235315934], [84.65022551620757, 20.800580235315934], [84.65022551620757, 20.80049040378752]]]}, "id": "+128+338", "properties": {"area_ha": 2.3318216506999105, "centroid_lat": 20.801326556070908, "centroid_lon": 84.64967898322479, "cluster_id": 1, "n_pixels": 233, "perim_m": 1059.5961965507927, "profile_A00_p50": 0.03271580154003711, "profile_A01_p50": -0.11375341467856491, "profile_A02_p50": 0.14502358012698188, "profile_A03_p50": 0.03959149222005681, "profile_A04_p50": -0.030527205081604964, "profile_A05_p50": -0.059109560931666284, "profile_A06_p50": -0.08714236728077558, "profile_A07_p50": 0.19004517366198861, "profile_A08_p50": -0.09742691013455672, "profile_A09_p50": 0.05246428032381147, "profile_A10_p50": 0.0903839912043517, "profile_A11_p50": 0.06396969638284118, "profile_A12_p50": -0.30311452402904115, "profile_A13_p50": 0.020052965951416372, "profile_A14_p50": -0.0444413117461945, "profile_A15_p50": 0.06305666426498278, "profile_A16_p50": -0.026828031713742637, "profile_A17_p50": 0.04446795441187518, "profile_A18_p50": -0.06983080122288483, "profile_A19_p50": -0.017052298189478024, "profile_A20_p50": -0.34466440272476034, "profile_A21_p50": 0.3176269253135612, "profile_A22_p50": 0.277795582794932, "profile_A23_p50": -0.06489128113118889, "profile_A24_p50": 0.038339063717992033, "profile_A25_p50": 0.023901987066316726, "profile_A26_p50": 0.13237431101973818, "profile_A27_p50": 0.03951433416721946, "profile_A28_p50": -0.05443751669899556, "profile_A29_p50": 0.17207930230729043, "profile_A30_p50": 0.0287977790236459, "profile_A31_p50": 0.06689361953663718, "profile_A32_p50": -0.006945243488371015, "profile_A33_p50": -0.018058437216514258, "profile_A34_p50": 0.01801798984134666, "profile_A35_p50": -0.09227289352806284, "profile_A36_p50": -0.1500168932694884, "profile_A37_p50": 0.01023623617125179, "profile_A38_p50": 0.1647150595981434, "profile_A39_p50": -0.10885468643849414, "profile_A40_p50": 0.06306588951537889, "profile_A41_p50": 0.03667100002942101, "profile_A42_p50": -0.14514428798165818, "profile_A43_p50": 0.3448491278411489, "profile_A44_p50": 0.04539794597451391, "profile_A45_p50": 0.06589870806710484, "profile_A46_p50": -0.02778112571053548, "profile_A47_p50": 0.010734444636125716, "profile_A48_p50": -0.12455038136189558, "profile_A49_p50": 0.044471451794797744, "profile_A50_p50": -0.10399952773930678, "profile_A51_p50": 0.029827144024000656, "profile_A52_p50": -0.018048708711274394, "profile_A53_p50": -0.07273904843045319, "profile_A54_p50": 0.17321766443731382, "profile_A55_p50": -0.07765784986453983, "profile_A56_p50": -0.03371831346917852, "profile_A57_p50": -0.03263588178288644, "profile_A58_p50": -0.1194501360713451, "profile_A59_p50": -0.152898037244058, "profile_A60_p50": 0.054211555243307334, "profile_A61_p50": -0.09398988437787739, "profile_A62_p50": 0.06786579055894833, "profile_A63_p50": 0.05609223609963694, "unit_id": 35}}, {"type": "Feature", "geometry": {"type": "Polygon", "coordinates": [[[84.65238147288946, 20.80049040378752], [84.65247130441787, 20.80049040378752], [84.65247130441787, 20.80084972990117], [84.65238147288946, 20.80084972990117], [84.65238147288946, 20.800670066844344], [84.65220180983263, 20.800670066844344], [84.65220180983263, 20.800580235315934], [84.65238147288946, 20.800580235315934], [84.65238147288946, 20.80049040378752]]]}, "id": "+147+338", "properties": {"area_ha": 0.055963967891274044, "centroid_lat": 20.800655094493862, "centroid_lon": 84.65238147063418, "cluster_id": 2, "n_pixels": 6, "perim_m": 135.67804485147408, "profile_A00_p50": 0.01607929846723634, "profile_A01_p50": -0.09325928894552608, "profile_A02_p50": 0.15574265080948216, "profile_A03_p50": 0.05510718791275624, "profile_A04_p50": -0.03958326256288115, "profile_A05_p50": -0.012175294337919829, "profile_A06_p50": -0.06860958937213293, "profile_A07_p50": 0.15972123394716195, "profile_A08_p50": -0.09519653755341986, "profile_A09_p50": 0.03081455304969992, "profile_A10_p50": 0.09723644038592667, "profile_A11_p50": 0.054165564002202786, "profile_A12_p50": -0.3147218909719646, "profile_A13_p50": 0.040497469321907516, "profile_A14_p50": -0.022973498166712958, "profile_A15_p50": 0.09328417803107399, "profile_A16_p50": -0.03179032310251832, "profile_A17_p50": 0.05956912658424222, "profile_A18_p50": -0.08345493268382298, "profile_A19_p50": -0.00869351149030712, "profile_A20_p50": -0.32718595943376916, "profile_A21_p50": 0.3294839047918634, "profile_A22_p50": 0.2685499623513489, "profile_A23_p50": -0.03656012355091588, "profile_A24_p50": 0.0424956708138624, "profile_A25_p50": 0.04968691852140866, "profile_A26_p50": 0.14118621676056847, "profile_A27_p50": -0.0015169094507810382, "profile_A28_p50": -0.0551930306465149, "profile_A29_p50": 0.19672973847713127, "profile_A30_p50": 0.03563462265510587, "profile_A31_p50": 0.06891962816152455, "profile_A32_p50": -0.03370277333875243, "profile_A33_p50": -0.021022160498186202, "profile_A34_p50": 0.02194537343692845, "profile_A35_p50": -0.06489623050346346, "profile_A36_p50": -0.16667376452843582, "profile_A37_p50": 0.049301007118673384, "profile_A38_p50": 0.1625646481134659, "profile_A39_p50": -0.09667818203882567, "profile_A40_p50": 0.07177554247184999, "profile_A41_p50": 0.025849713758259157, "profile_A42_p50": -0.1603950383149332, "profile_A43_p50": 0.3206311935052324, "profile_A44_p50": 0.03949686181453972, "profile_A45_p50": 0.07957258653471222, "profile_A46_p50": -0.007244395135298514, "profile_A47_p50": 0.0009285263544765512, "profile_A48_p50": -0.14827138240108648, "profile_A49_p50": 0.04203039160903449, "profile_A50_p50": -0.0894084614750824, "profile_A51_p50": 0.0420021094092952, "profile_A52_p50": -0.026854651969123216, "profile_A53_p50": -0.05222646987672483, "profile_A54_p50": 0.19210230009974394, "profile_A55_p50": -0.09714178975171217, "profile_A56_p50": -0.02982483604049857, "profile_A57_p50": -0.031826696800191734, "profile_A58_p50": -0.11861554119579336, "profile_A59_p50": -0.16945468313000148, "profile_A60_p50": 0.024861352308783075, "profile_A61_p50": -0.06396893744907857, "profile_A62_p50": 0.09038286949991847, "profile_A63_p50": 0.06305566403851852, "unit_id": 36}}, {"type": "Feature", "geometry": {"type": "Polygon", "coordinates": [[[84.65112383149169, 20.80004124614546], [84.65211197830422, 20.80004124614546], [84.65211197830422, 20.800131077673875], [84.65247130441787, 20.800131077673875], [84.65247130441787, 20.800220909202285], [84.65265096747468, 20.800220909202285], [84.65265096747468, 20.80049040378752], [84.65238147288946, 20.80049040378752], [84.65238147288946, 20.800580235315934], [84.65211197830422, 20.800580235315934], [84.65211197830422, 20.800670066844344], [84.6519323152474, 20.800670066844344], [84.6519323152474, 20.80084972990117], [84.65130349454851, 20.80084972990117], [84.65130349454851, 20.800670066844344], [84.65103399996327, 20.800670066844344], [84.65103399996327, 20.800580235315934], [84.65094416843486, 20.800580235315934], [84.65094416843486, 20.80049040378752], [84.65085433690645, 20.80049040378752], [84.65085433690645, 20.800400572259107], [84.65076450537804, 20.800400572259107], [84.65076450537804, 20.800310740730698], [84.65085433690645, 20.800310740730698], [84.65085433690645, 20.800220909202285], [84.65076450537804, 20.800220909202285], [84.65076450537804, 20.800131077673875], [84.65112383149169, 20.800131077673875], [84.65112383149169, 20.80004124614546]], [[84.65211197830422, 20.800131077673875], [84.6520221467758, 20.800131077673875], [84.6520221467758, 20.800220909202285], [84.65211197830422, 20.800220909202285], [84.65211197830422, 20.800131077673875]]]}, "id": "+143+343", "properties": {"area_ha": 1.231208976003528, "centroid_lat": 20.800397850712468, "centroid_lon": 84.65167098714507, "cluster_id": 1, "n_pixels": 123, "perim_m": 629.1131452531887, "profile_A00_p50": 0.03271580154003711, "profile_A01_p50": -0.11375341467856491, "profile_A02_p50": 0.14502358012698188, "profile_A03_p50": 0.03959149222005681, "profile_A04_p50": -0.030527205081604964, "profile_A05_p50": -0.059109560931666284, "profile_A06_p50": -0.08714236728077558, "profile_A07_p50": 0.19004517366198861, "profile_A08_p50": -0.09742691013455672, "profile_A09_p50": 0.05246428032381147, "profile_A10_p50": 0.0903839912043517, "profile_A11_p50": 0.06396969638284118, "profile_A12_p50": -0.30311452402904115, "profile_A13_p50": 0.020052965951416372, "profile_A14_p50": -0.0444413117461945, "profile_A15_p50": 0.06305666426498278, "profile_A16_p50": -0.026828031713742637, "profile_A17_p50": 0.04446795441187518, "profile_A18_p50": -0.06983080122288483, "profile_A19_p50": -0.017052298189478024, "profile_A20_p50": -0.34466440272476034, "profile_A21_p50": 0.3176269253135612, "profile_A22_p50": 0.277795582794932, "profile_A23_p50": -0.06489128113118889, "profile_A24_p50": 0.038339063717992033, "profile_A25_p50": 0.023901987066316726, "profile_A26_p50": 0.13237431101973818, "profile_A27_p50": 0.03951433416721946, "profile_A28_p50": -0.05443751669899556, "profile_A29_p50": 0.17207930230729043, "profile_A30_p50": 0.0287977790236459, "profile_A31_p50": 0.06689361953663718, "profile_A32_p50": -0.006945243488371015, "profile_A33_p50": -0.018058437216514258, "profile_A34_p50": 0.01801798984134666, "profile_A35_p50": -0.09227289352806284, "profile_A36_p50": -0.1500168932694884, "profile_A37_p50": 0.01023623617125179, "profile_A38_p50": 0.1647150595981434, "profile_A39_p50": -0.10885468643849414, "profile_A40_p50": 0.06306588951537889, "profile_A41_p50": 0.03667100002942101, "profile_A42_p50": -0.14514428798165818, "profile_A43_p50": 0.3448491278411489, "profile_A44_p50": 0.04539794597451391, "profile_A45_p50": 0.06589870806710484, "profile_A46_p50": -0.02778112571053548, "profile_A47_p50": 0.010734444636125716, "profile_A48_p50": -0.12455038136189558, "profile_A49_p50": 0.044471451794797744, "profile_A50_p50": -0.10399952773930678, "profile_A51_p50": 0.029827144024000656, "profile_A52_p50": -0.018048708711274394, "profile_A53_p50": -0.07273904843045319, "profile_A54_p50": 0.17321766443731382, "profile_A55_p50": -0.07765784986453983, "profile_A56_p50": -0.03371831346917852, "profile_A57_p50": -0.03263588178288644, "profile_A58_p50": -0.1194501360713451, "profile_A59_p50": -0.152898037244058, "profile_A60_p50": 0.054211555243307334, "profile_A61_p50": -0.09398988437787739, "profile_A62_p50": 0.06786579055894833, "profile_A63_p50": 0.05609223609963694, "unit_id": 37}}, {"type": "Feature", "geometry": {"type": "Polygon", "coordinates": [[[84.71885680391429, 20.76689341216145], [84.71903646697112, 20.76689341216145], [84.71903646697112, 20.767162906746687], [84.7189466354427, 20.767162906746687], [84.7189466354427, 20.767073075218274], [84.71885680391429, 20.767073075218274], [84.71885680391429, 20.76689341216145]]]}, "id": "+888+712", "properties": {"area_ha": 0.04664703265373045, "centroid_lat": 20.767010193399535, "centroid_lon": 84.7189556184902, "cluster_id": 2, "n_pixels": 5, "perim_m": 97.09050052004275, "profile_A00_p50": 0.01607929846723634, "profile_A01_p50": -0.09325928894552608, "profile_A02_p50": 0.15574265080948216, "profile_A03_p50": 0.05510718791275624, "profile_A04_p50": -0.03958326256288115, "profile_A05_p50": -0.012175294337919829, "profile_A06_p50": -0.06860958937213293, "profile_A07_p50": 0.15972123394716195, "profile_A08_p50": -0.09519653755341986, "profile_A09_p50": 0.03081455304969992, "profile_A10_p50": 0.09723644038592667, "profile_A11_p50": 0.054165564002202786, "profile_A12_p50": -0.3147218909719646, "profile_A13_p50": 0.040497469321907516, "profile_A14_p50": -0.022973498166712958, "profile_A15_p50": 0.09328417803107399, "profile_A16_p50": -0.03179032310251832, "profile_A17_p50": 0.05956912658424222, "profile_A18_p50": -0.08345493268382298, "profile_A19_p50": -0.00869351149030712, "profile_A20_p50": -0.32718595943376916, "profile_A21_p50": 0.3294839047918634, "profile_A22_p50": 0.2685499623513489, "profile_A23_p50": -0.03656012355091588, "profile_A24_p50": 0.0424956708138624, "profile_A25_p50": 0.04968691852140866, "profile_A26_p50": 0.14118621676056847, "profile_A27_p50": -0.0015169094507810382, "profile_A28_p50": -0.0551930306465149, "profile_A29_p50": 0.19672973847713127, "profile_A30_p50": 0.03563462265510587, "profile_A31_p50": 0.06891962816152455, "profile_A32_p50": -0.03370277333875243, "profile_A33_p50": -0.021022160498186202, "profile_A34_p50": 0.02194537343692845, "profile_A35_p50": -0.06489623050346346, "profile_A36_p50": -0.16667376452843582, "profile_A37_p50": 0.049301007118673384, "profile_A38_p50": 0.1625646481134659, "profile_A39_p50": -0.09667818203882567, "profile_A40_p50": 0.07177554247184999, "profile_A41_p50": 0.025849713758259157, "profile_A42_p50": -0.1603950383149332, "profile_A43_p50": 0.3206311935052324, "profile_A44_p50": 0.03949686181453972, "profile_A45_p50": 0.07957258653471222, "profile_A46_p50": -0.007244395135298514, "profile_A47_p50": 0.0009285263544765512, "profile_A48_p50": -0.14827138240108648, "profile_A49_p50": 0.04203039160903449, "profile_A50_p50": -0.0894084614750824, "profile_A51_p50": 0.0420021094092952, "profile_A52_p50": -0.026854651969123216, "profile_A53_p50": -0.05222646987672483, "profile_A54_p50": 0.19210230009974394, "profile_A55_p50": -0.09714178975171217, "profile_A56_p50": -0.02982483604049857, "profile_A57_p50": -0.031826696800191734, "profile_A58_p50": -0.11861554119579336, "profile_A59_p50": -0.16945468313000148, "profile_A60_p50": 0.024861352308783075, "profile_A61_p50": -0.06396893744907857, "profile_A62_p50": 0.09038286949991847, "profile_A63_p50": 0.06305566403851852, "unit_id": 38}}, {"type": "Feature", "geometry": {"type": "Polygon", "coordinates": [[[84.7173296679313, 20.76635442299098], [84.71750933098812, 20.76635442299098], [84.71750933098812, 20.766444254519392], [84.71759916251654, 20.766444254519392], [84.71759916251654, 20.766623917576215], [84.71768899404495, 20.766623917576215], [84.71768899404495, 20.767073075218274], [84.71750933098812, 20.767073075218274], [84.71750933098812, 20.766534086047802], [84.71741949945971, 20.766534086047802], [84.71741949945971, 20.766444254519392], [84.7173296679313, 20.766444254519392], [84.7173296679313, 20.76635442299098]]]}, "id": "+871+718", "properties": {"area_ha": 0.13994137148320834, "centroid_lat": 20.766722731910434, "centroid_lon": 84.71756023394583, "cluster_id": 2, "n_pixels": 14, "perim_m": 233.9635453355282, "profile_A00_p50": 0.01607929846723634, "profile_A01_p50": -0.09325928894552608, "profile_A02_p50": 0.15574265080948216, "profile_A03_p50": 0.05510718791275624, "profile_A04_p50": -0.03958326256288115, "profile_A05_p50": -0.012175294337919829, "profile_A06_p50": -0.06860958937213293, "profile_A07_p50": 0.15972123394716195, "profile_A08_p50": -0.09519653755341986, "profile_A09_p50": 0.03081455304969992, "profile_A10_p50": 0.09723644038592667, "profile_A11_p50": 0.054165564002202786, "profile_A12_p50": -0.3147218909719646, "profile_A13_p50": 0.040497469321907516, "profile_A14_p50": -0.022973498166712958, "profile_A15_p50": 0.09328417803107399, "profile_A16_p50": -0.03179032310251832, "profile_A17_p50": 0.05956912658424222, "profile_A18_p50": -0.08345493268382298, "profile_A19_p50": -0.00869351149030712, "profile_A20_p50": -0.32718595943376916, "profile_A21_p50": 0.3294839047918634, "profile_A22_p50": 0.2685499623513489, "profile_A23_p50": -0.03656012355091588, "profile_A24_p50": 0.0424956708138624, "profile_A25_p50": 0.04968691852140866, "profile_A26_p50": 0.14118621676056847, "profile_A27_p50": -0.0015169094507810382, "profile_A28_p50": -0.0551930306465149, "profile_A29_p50": 0.19672973847713127, "profile_A30_p50": 0.03563462265510587, "profile_A31_p50": 0.06891962816152455, "profile_A32_p50": -0.03370277333875243, "profile_A33_p50": -0.021022160498186202, "profile_A34_p50": 0.02194537343692845, "profile_A35_p50": -0.06489623050346346, "profile_A36_p50": -0.16667376452843582, "profile_A37_p50": 0.049301007118673384, "profile_A38_p50": 0.1625646481134659, "profile_A39_p50": -0.09667818203882567, "profile_A40_p50": 0.07177554247184999, "profile_A41_p50": 0.025849713758259157, "profile_A42_p50": -0.1603950383149332, "profile_A43_p50": 0.3206311935052324, "profile_A44_p50": 0.03949686181453972, "profile_A45_p50": 0.07957258653471222, "profile_A46_p50": -0.007244395135298514, "profile_A47_p50": 0.0009285263544765512, "profile_A48_p50": -0.14827138240108648, "profile_A49_p50": 0.04203039160903449, "profile_A50_p50": -0.0894084614750824, "profile_A51_p50": 0.0420021094092952, "profile_A52_p50": -0.026854651969123216, "profile_A53_p50": -0.05222646987672483, "profile_A54_p50": 0.19210230009974394, "profile_A55_p50": -0.09714178975171217, "profile_A56_p50": -0.02982483604049857, "profile_A57_p50": -0.031826696800191734, "profile_A58_p50": -0.11861554119579336, "profile_A59_p50": -0.16945468313000148, "profile_A60_p50": 0.024861352308783075, "profile_A61_p50": -0.06396893744907857, "profile_A62_p50": 0.09038286949991847, "profile_A63_p50": 0.06305566403851852, "unit_id": 39}}, {"type": "Feature", "geometry": {"type": "Polygon", "coordinates": [[[84.71544320583465, 20.76635442299098], [84.71562286889147, 20.76635442299098], [84.71562286889147, 20.766444254519392], [84.71553303736306, 20.766444254519392], [84.71553303736306, 20.766534086047802], [84.71544320583465, 20.766534086047802], [84.71544320583465, 20.76671374910463], [84.71526354277782, 20.76671374910463], [84.71526354277782, 20.766803580633038], [84.71508387972099, 20.766803580633038], [84.71508387972099, 20.76671374910463], [84.7151737112494, 20.76671374910463], [84.7151737112494, 20.766534086047802], [84.71544320583465, 20.766534086047802], [84.71544320583465, 20.76635442299098]]]}, "id": "+850+718", "properties": {"area_ha": 0.10262375167210815, "centroid_lat": 20.766595335086286, "centroid_lon": 84.7153411254219, "cluster_id": 2, "n_pixels": 10, "perim_m": 211.7070926647465, "profile_A00_p50": 0.01607929846723634, "profile_A01_p50": -0.09325928894552608, "profile_A02_p50": 0.15574265080948216, "profile_A03_p50": 0.05510718791275624, "profile_A04_p50": -0.03958326256288115, "profile_A05_p50": -0.012175294337919829, "profile_A06_p50": -0.06860958937213293, "profile_A07_p50": 0.15972123394716195, "profile_A08_p50": -0.09519653755341986, "profile_A09_p50": 0.03081455304969992, "profile_A10_p50": 0.09723644038592667, "profile_A11_p50": 0.054165564002202786, "profile_A12_p50": -0.3147218909719646, "profile_A13_p50": 0.040497469321907516, "profile_A14_p50": -0.022973498166712958, "profile_A15_p50": 0.09328417803107399, "profile_A16_p50": -0.03179032310251832, "profile_A17_p50": 0.05956912658424222, "profile_A18_p50": -0.08345493268382298, "profile_A19_p50": -0.00869351149030712, "profile_A20_p50": -0.32718595943376916, "profile_A21_p50": 0.3294839047918634, "profile_A22_p50": 0.2685499623513489, "profile_A23_p50": -0.03656012355091588, "profile_A24_p50": 0.0424956708138624, "profile_A25_p50": 0.04968691852140866, "profile_A26_p50": 0.14118621676056847, "profile_A27_p50": -0.0015169094507810382, "profile_A28_p50": -0.0551930306465149, "profile_A29_p50": 0.19672973847713127, "profile_A30_p50": 0.03563462265510587, "profile_A31_p50": 0.06891962816152455, "profile_A32_p50": -0.03370277333875243, "profile_A33_p50": -0.021022160498186202, "profile_A34_p50": 0.02194537343692845, "profile_A35_p50": -0.06489623050346346, "profile_A36_p50": -0.16667376452843582, "profile_A37_p50": 0.049301007118673384, "profile_A38_p50": 0.1625646481134659, "profile_A39_p50": -0.09667818203882567, "profile_A40_p50": 0.07177554247184999, "profile_A41_p50": 0.025849713758259157, "profile_A42_p50": -0.1603950383149332, "profile_A43_p50": 0.3206311935052324, "profile_A44_p50": 0.03949686181453972, "profile_A45_p50": 0.07957258653471222, "profile_A46_p50": -0.007244395135298514, "profile_A47_p50": 0.0009285263544765512, "profile_A48_p50": -0.14827138240108648, "profile_A49_p50": 0.04203039160903449, "profile_A50_p50": -0.0894084614750824, "profile_A51_p50": 0.0420021094092952, "profile_A52_p50": -0.026854651969123216, "profile_A53_p50": -0.05222646987672483, "profile_A54_p50": 0.19210230009974394, "profile_A55_p50": -0.09714178975171217, "profile_A56_p50": -0.02982483604049857, "profile_A57_p50": -0.031826696800191734, "profile_A58_p50": -0.11861554119579336, "profile_A59_p50": -0.16945468313000148, "profile_A60_p50": 0.024861352308783075, "profile_A61_p50": -0.06396893744907857, "profile_A62_p50": 0.09038286949991847, "profile_A63_p50": 0.06305566403851852, "unit_id": 40}}, {"type": "Feature", "geometry": {"type": "Polygon", "coordinates": [[[84.716611015704, 20.76635442299098], [84.71715000487447, 20.76635442299098], [84.71715000487447, 20.766444254519392], [84.71697034181764, 20.766444254519392], [84.71697034181764, 20.766534086047802], [84.71679067876083, 20.766534086047802], [84.71679067876083, 20.766444254519392], [84.716611015704, 20.766444254519392], [84.716611015704, 20.76635442299098]]]}, "id": "+867+718", "properties": {"area_ha": 0.07463546918103899, "centroid_lat": 20.766421795406284, "centroid_lon": 84.71688051096699, "cluster_id": 2, "n_pixels": 7, "perim_m": 152.0336873694423, "profile_A00_p50": 0.01607929846723634, "profile_A01_p50": -0.09325928894552608, "profile_A02_p50": 0.15574265080948216, "profile_A03_p50": 0.05510718791275624, "profile_A04_p50": -0.03958326256288115, "profile_A05_p50": -0.012175294337919829, "profile_A06_p50": -0.06860958937213293, "profile_A07_p50": 0.15972123394716195, "profile_A08_p50": -0.09519653755341986, "profile_A09_p50": 0.03081455304969992, "profile_A10_p50": 0.09723644038592667, "profile_A11_p50": 0.054165564002202786, "profile_A12_p50": -0.3147218909719646, "profile_A13_p50": 0.040497469321907516, "profile_A14_p50": -0.022973498166712958, "profile_A15_p50": 0.09328417803107399, "profile_A16_p50": -0.03179032310251832, "profile_A17_p50": 0.05956912658424222, "profile_A18_p50": -0.08345493268382298, "profile_A19_p50": -0.00869351149030712, "profile_A20_p50": -0.32718595943376916, "profile_A21_p50": 0.3294839047918634, "profile_A22_p50": 0.2685499623513489, "profile_A23_p50": -0.03656012355091588, "profile_A24_p50": 0.0424956708138624, "profile_A25_p50": 0.04968691852140866, "profile_A26_p50": 0.14118621676056847, "profile_A27_p50": -0.0015169094507810382, "profile_A28_p50": -0.0551930306465149, "profile_A29_p50": 0.19672973847713127, "profile_A30_p50": 0.03563462265510587, "profile_A31_p50": 0.06891962816152455, "profile_A32_p50": -0.03370277333875243, "profile_A33_p50": -0.021022160498186202, "profile_A34_p50": 0.02194537343692845, "profile_A35_p50": -0.06489623050346346, "profile_A36_p50": -0.16667376452843582, "profile_A37_p50": 0.049301007118673384, "profile_A38_p50": 0.1625646481134659, "profile_A39_p50": -0.09667818203882567, "profile_A40_p50": 0.07177554247184999, "profile_A41_p50": 0.025849713758259157, "profile_A42_p50": -0.1603950383149332, "profile_A43_p50": 0.3206311935052324, "profile_A44_p50": 0.03949686181453972, "profile_A45_p50": 0.07957258653471222, "profile_A46_p50": -0.007244395135298514, "profile_A47_p50": 0.0009285263544765512, "profile_A48_p50": -0.14827138240108648, "profile_A49_p50": 0.04203039160903449, "profile_A50_p50": -0.0894084614750824, "profile_A51_p50": 0.0420021094092952, "profile_A52_p50": -0.026854651969123216, "profile_A53_p50": -0.05222646987672483, "profile_A54_p50": 0.19210230009974394, "profile_A55_p50": -0.09714178975171217, "profile_A56_p50": -0.02982483604049857, "profile_A57_p50": -0.031826696800191734, "profile_A58_p50": -0.11861554119579336, "profile_A59_p50": -0.16945468313000148, "profile_A60_p50": 0.024861352308783075, "profile_A61_p50": -0.06396893744907857, "profile_A62_p50": 0.09038286949991847, "profile_A63_p50": 0.06305566403851852, "unit_id": 41}}, {"type": "Feature", "geometry": {"type": "Polygon", "coordinates": [[[84.71427539596529, 20.766084928405743], [84.7143652274937, 20.766084928405743], [84.7143652274937, 20.766174759934156], [84.71454489055053, 20.766174759934156], [84.71454489055053, 20.76635442299098], [84.71445505902211, 20.76635442299098], [84.71445505902211, 20.766534086047802], [84.71409573290846, 20.766534086047802], [84.71409573290846, 20.766264591462566], [84.71391606985163, 20.766264591462566], [84.71391606985163, 20.766174759934156], [84.71427539596529, 20.766174759934156], [84.71427539596529, 20.766084928405743]]]}, "id": "+836+721", "properties": {"area_ha": 0.19591843923157554, "centroid_lat": 20.766322340191675, "centroid_lon": 84.71427325722696, "cluster_id": 2, "n_pixels": 20, "perim_m": 230.41587362479493, "profile_A00_p50": 0.01607929846723634, "profile_A01_p50": -0.09325928894552608, "profile_A02_p50": 0.15574265080948216, "profile_A03_p50": 0.05510718791275624, "profile_A04_p50": -0.03958326256288115, "profile_A05_p50": -0.012175294337919829, "profile_A06_p50": -0.06860958937213293, "profile_A07_p50": 0.15972123394716195, "profile_A08_p50": -0.09519653755341986, "profile_A09_p50": 0.03081455304969992, "profile_A10_p50": 0.09723644038592667, "profile_A11_p50": 0.054165564002202786, "profile_A12_p50": -0.3147218909719646, "profile_A13_p50": 0.040497469321907516, "profile_A14_p50": -0.022973498166712958, "profile_A15_p50": 0.09328417803107399, "profile_A16_p50": -0.03179032310251832, "profile_A17_p50": 0.05956912658424222, "profile_A18_p50": -0.08345493268382298, "profile_A19_p50": -0.00869351149030712, "profile_A20_p50": -0.32718595943376916, "profile_A21_p50": 0.3294839047918634, "profile_A22_p50": 0.2685499623513489, "profile_A23_p50": -0.03656012355091588, "profile_A24_p50": 0.0424956708138624, "profile_A25_p50": 0.04968691852140866, "profile_A26_p50": 0.14118621676056847, "profile_A27_p50": -0.0015169094507810382, "profile_A28_p50": -0.0551930306465149, "profile_A29_p50": 0.19672973847713127, "profile_A30_p50": 0.03563462265510587, "profile_A31_p50": 0.06891962816152455, "profile_A32_p50": -0.03370277333875243, "profile_A33_p50": -0.021022160498186202, "profile_A34_p50": 0.02194537343692845, "profile_A35_p50": -0.06489623050346346, "profile_A36_p50": -0.16667376452843582, "profile_A37_p50": 0.049301007118673384, "profile_A38_p50": 0.1625646481134659, "profile_A39_p50": -0.09667818203882567, "profile_A40_p50": 0.07177554247184999, "profile_A41_p50": 0.025849713758259157, "profile_A42_p50": -0.1603950383149332, "profile_A43_p50": 0.3206311935052324, "profile_A44_p50": 0.03949686181453972, "profile_A45_p50": 0.07957258653471222, "profile_A46_p50": -0.007244395135298514, "profile_A47_p50": 0.0009285263544765512, "profile_A48_p50": -0.14827138240108648, "profile_A49_p50": 0.04203039160903449, "profile_A50_p50": -0.0894084614750824, "profile_A51_p50": 0.0420021094092952, "profile_A52_p50": -0.026854651969123216, "profile_A53_p50": -0.05222646987672483, "profile_A54_p50": 0.19210230009974394, "profile_A55_p50": -0.09714178975171217, "profile_A56_p50": -0.02982483604049857, "profile_A57_p50": -0.031826696800191734, "profile_A58_p50": -0.11861554119579336, "profile_A59_p50": -0.16945468313000148, "profile_A60_p50": 0.024861352308783075, "profile_A61_p50": -0.06396893744907857, "profile_A62_p50": 0.09038286949991847, "profile_A63_p50": 0.06305566403851852, "unit_id": 42}}, {"type": "Feature", "geometry": {"type": "Polygon", "coordinates": [[[84.7158923634767, 20.765995096877333], [84.71598219500511, 20.765995096877333], [84.71598219500511, 20.766174759934156], [84.71607202653352, 20.766174759934156], [84.71607202653352, 20.766264591462566], [84.71616185806194, 20.766264591462566], [84.71616185806194, 20.76635442299098], [84.71598219500511, 20.76635442299098], [84.71598219500511, 20.766174759934156], [84.7158923634767, 20.766174759934156], [84.7158923634767, 20.765995096877333]]]}, "id": "+854+722", "properties": {"area_ha": 0.04664728710102533, "centroid_lat": 20.766201709481493, "centroid_lon": 84.71600914516556, "cluster_id": 2, "n_pixels": 5, "perim_m": 135.6904439358651, "profile_A00_p50": 0.01607929846723634, "profile_A01_p50": -0.09325928894552608, "profile_A02_p50": 0.15574265080948216, "profile_A03_p50": 0.05510718791275624, "profile_A04_p50": -0.03958326256288115, "profile_A05_p50": -0.012175294337919829, "profile_A06_p50": -0.06860958937213293, "profile_A07_p50": 0.15972123394716195, "profile_A08_p50": -0.09519653755341986, "profile_A09_p50": 0.03081455304969992, "profile_A10_p50": 0.09723644038592667, "profile_A11_p50": 0.054165564002202786, "profile_A12_p50": -0.3147218909719646, "profile_A13_p50": 0.040497469321907516, "profile_A14_p50": -0.022973498166712958, "profile_A15_p50": 0.09328417803107399, "profile_A16_p50": -0.03179032310251832, "profile_A17_p50": 0.05956912658424222, "profile_A18_p50": -0.08345493268382298, "profile_A19_p50": -0.00869351149030712, "profile_A20_p50": -0.32718595943376916, "profile_A21_p50": 0.3294839047918634, "profile_A22_p50": 0.2685499623513489, "profile_A23_p50": -0.03656012355091588, "profile_A24_p50": 0.0424956708138624, "profile_A25_p50": 0.04968691852140866, "profile_A26_p50": 0.14118621676056847, "profile_A27_p50": -0.0015169094507810382, "profile_A28_p50": -0.0551930306465149, "profile_A29_p50": 0.19672973847713127, "profile_A30_p50": 0.03563462265510587, "profile_A31_p50": 0.06891962816152455, "profile_A32_p50": -0.03370277333875243, "profile_A33_p50": -0.021022160498186202, "profile_A34_p50": 0.02194537343692845, "profile_A35_p50": -0.06489623050346346, "profile_A36_p50": -0.16667376452843582, "profile_A37_p50": 0.049301007118673384, "profile_A38_p50": 0.1625646481134659, "profile_A39_p50": -0.09667818203882567, "profile_A40_p50": 0.07177554247184999, "profile_A41_p50": 0.025849713758259157, "profile_A42_p50": -0.1603950383149332, "profile_A43_p50": 0.3206311935052324, "profile_A44_p50": 0.03949686181453972, "profile_A45_p50": 0.07957258653471222, "profile_A46_p50": -0.007244395135298514, "profile_A47_p50": 0.0009285263544765512, "profile_A48_p50": -0.14827138240108648, "profile_A49_p50": 0.04203039160903449, "profile_A50_p50": -0.0894084614750824, "profile_A51_p50": 0.0420021094092952, "profile_A52_p50": -0.026854651969123216, "profile_A53_p50": -0.05222646987672483, "profile_A54_p50": 0.19210230009974394, "profile_A55_p50": -0.09714178975171217, "profile_A56_p50": -0.02982483604049857, "profile_A57_p50": -0.031826696800191734, "profile_A58_p50": -0.11861554119579336, "profile_A59_p50": -0.16945468313000148, "profile_A60_p50": 0.024861352308783075, "profile_A61_p50": -0.06396893744907857, "profile_A62_p50": 0.09038286949991847, "profile_A63_p50": 0.06305566403851852, "unit_id": 43}}, {"type": "Feature", "geometry": {"type": "Polygon", "coordinates": [[[84.71229910234022, 20.76590526534892], [84.71256859692546, 20.76590526534892], [84.71256859692546, 20.765995096877333], [84.71265842845388, 20.765995096877333], [84.71265842845388, 20.766084928405743], [84.71274825998229, 20.766084928405743], [84.71274825998229, 20.766174759934156], [84.71256859692546, 20.766174759934156], [84.71256859692546, 20.766084928405743], [84.71229910234022, 20.766084928405743], [84.71229910234022, 20.76590526534892]]]}, "id": "+816+723", "properties": {"area_ha": 0.08396521024136436, "centroid_lat": 20.7660300317886, "centroid_lon": 84.71250371973008, "cluster_id": 2, "n_pixels": 8, "perim_m": 153.21653629748533, "profile_A00_p50": 0.01607929846723634, "profile_A01_p50": -0.09325928894552608, "profile_A02_p50": 0.15574265080948216, "profile_A03_p50": 0.05510718791275624, "profile_A04_p50": -0.03958326256288115, "profile_A05_p50": -0.012175294337919829, "profile_A06_p50": -0.06860958937213293, "profile_A07_p50": 0.15972123394716195, "profile_A08_p50": -0.09519653755341986, "profile_A09_p50": 0.03081455304969992, "profile_A10_p50": 0.09723644038592667, "profile_A11_p50": 0.054165564002202786, "profile_A12_p50": -0.3147218909719646, "profile_A13_p50": 0.040497469321907516, "profile_A14_p50": -0.022973498166712958, "profile_A15_p50": 0.09328417803107399, "profile_A16_p50": -0.03179032310251832, "profile_A17_p50": 0.05956912658424222, "profile_A18_p50": -0.08345493268382298, "profile_A19_p50": -0.00869351149030712, "profile_A20_p50": -0.32718595943376916, "profile_A21_p50": 0.3294839047918634, "profile_A22_p50": 0.2685499623513489, "profile_A23_p50": -0.03656012355091588, "profile_A24_p50": 0.0424956708138624, "profile_A25_p50": 0.04968691852140866, "profile_A26_p50": 0.14118621676056847, "profile_A27_p50": -0.0015169094507810382, "profile_A28_p50": -0.0551930306465149, "profile_A29_p50": 0.19672973847713127, "profile_A30_p50": 0.03563462265510587, "profile_A31_p50": 0.06891962816152455, "profile_A32_p50": -0.03370277333875243, "profile_A33_p50": -0.021022160498186202, "profile_A34_p50": 0.02194537343692845, "profile_A35_p50": -0.06489623050346346, "profile_A36_p50": -0.16667376452843582, "profile_A37_p50": 0.049301007118673384, "profile_A38_p50": 0.1625646481134659, "profile_A39_p50": -0.09667818203882567, "profile_A40_p50": 0.07177554247184999, "profile_A41_p50": 0.025849713758259157, "profile_A42_p50": -0.1603950383149332, "profile_A43_p50": 0.3206311935052324, "profile_A44_p50": 0.03949686181453972, "profile_A45_p50": 0.07957258653471222, "profile_A46_p50": -0.007244395135298514, "profile_A47_p50": 0.0009285263544765512, "profile_A48_p50": -0.14827138240108648, "profile_A49_p50": 0.04203039160903449, "profile_A50_p50": -0.0894084614750824, "profile_A51_p50": 0.0420021094092952, "profile_A52_p50": -0.026854651969123216, "profile_A53_p50": -0.05222646987672483, "profile_A54_p50": 0.19210230009974394, "profile_A55_p50": -0.09714178975171217, "profile_A56_p50": -0.02982483604049857, "profile_A57_p50": -0.031826696800191734, "profile_A58_p50": -0.11861554119579336, "profile_A59_p50": -0.16945468313000148, "profile_A60_p50": 0.024861352308783075, "profile_A61_p50": -0.06396893744907857, "profile_A62_p50": 0.09038286949991847, "profile_A63_p50": 0.06305566403851852, "unit_id": 44}}, {"type": "Feature", "geometry": {"type": "Polygon", "coordinates": [[[84.71777882557336, 20.765276444650034], [84.71795848863017, 20.765276444650034], [84.71795848863017, 20.76545610770686], [84.718138151687, 20.76545610770686], [84.718138151687, 20.765635770763684], [84.71822798321541, 20.765635770763684], [84.71822798321541, 20.765815433820507], [84.71831781474383, 20.765815433820507], [84.71831781474383, 20.765995096877333], [84.718138151687, 20.765995096877333], [84.718138151687, 20.766174759934156], [84.71831781474383, 20.766174759934156], [84.71831781474383, 20.76635442299098], [84.71849747780065, 20.76635442299098], [84.71849747780065, 20.766623917576215], [84.71840764627224, 20.766623917576215], [84.71840764627224, 20.76671374910463], [84.71831781474383, 20.76671374910463], [84.71831781474383, 20.766803580633038], [84.71822798321541, 20.766803580633038], [84.71822798321541, 20.76671374910463], [84.71804832015859, 20.76671374910463], [84.71804832015859, 20.766534086047802], [84.718138151687, 20.766534086047802], [84.718138151687, 20.766264591462566], [84.71795848863017, 20.766264591462566], [84.71795848863017, 20.766174759934156], [84.71768899404495, 20.766174759934156], [84.71768899404495, 20.765995096877333], [84.71750933098812, 20.765995096877333], [84.71750933098812, 20.765815433820507], [84.7173296679313, 20.765815433820507], [84.7173296679313, 20.76545610770686], [84.71768899404495, 20.76545610770686], [84.71768899404495, 20.765366276178447], [84.71777882557336, 20.765366276178447], [84.71777882557336, 20.765276444650034]], [[84.71840764627224, 20.766534086047802], [84.71831781474383, 20.766534086047802], [84.71831781474383, 20.766623917576215], [84.71840764627224, 20.766623917576215], [84.71840764627224, 20.766534086047802]], [[84.71795848863017, 20.76545610770686], [84.71777882557336, 20.76545610770686], [84.71777882557336, 20.76554593923527], [84.71795848863017, 20.76554593923527], [84.71795848863017, 20.76545610770686]]]}, "id": "+876+730", "properties": {"area_ha": 0.8583115323178887, "centroid_lat": 20.76593651033988, "centroid_lon": 84.7179301713078, "cluster_id": 2, "n_pixels": 86, "perim_m": 733.3959249450987, "profile_A00_p50": 0.01607929846723634, "profile_A01_p50": -0.09325928894552608, "profile_A02_p50": 0.15574265080948216, "profile_A03_p50": 0.05510718791275624, "profile_A04_p50": -0.03958326256288115, "profile_A05_p50": -0.012175294337919829, "profile_A06_p50": -0.06860958937213293, "profile_A07_p50": 0.15972123394716195, "profile_A08_p50": -0.09519653755341986, "profile_A09_p50": 0.03081455304969992, "profile_A10_p50": 0.09723644038592667, "profile_A11_p50": 0.054165564002202786, "profile_A12_p50": -0.3147218909719646, "profile_A13_p50": 0.040497469321907516, "profile_A14_p50": -0.022973498166712958, "profile_A15_p50": 0.09328417803107399, "profile_A16_p50": -0.03179032310251832, "profile_A17_p50": 0.05956912658424222, "profile_A18_p50": -0.08345493268382298, "profile_A19_p50": -0.00869351149030712, "profile_A20_p50": -0.32718595943376916, "profile_A21_p50": 0.3294839047918634, "profile_A22_p50": 0.2685499623513489, "profile_A23_p50": -0.03656012355091588, "profile_A24_p50": 0.0424956708138624, "profile_A25_p50": 0.04968691852140866, "profile_A26_p50": 0.14118621676056847, "profile_A27_p50": -0.0015169094507810382, "profile_A28_p50": -0.0551930306465149, "profile_A29_p50": 0.19672973847713127, "profile_A30_p50": 0.03563462265510587, "profile_A31_p50": 0.06891962816152455, "profile_A32_p50": -0.03370277333875243, "profile_A33_p50": -0.021022160498186202, "profile_A34_p50": 0.02194537343692845, "profile_A35_p50": -0.06489623050346346, "profile_A36_p50": -0.16667376452843582, "profile_A37_p50": 0.049301007118673384, "profile_A38_p50": 0.1625646481134659, "profile_A39_p50": -0.09667818203882567, "profile_A40_p50": 0.07177554247184999, "profile_A41_p50": 0.025849713758259157, "profile_A42_p50": -0.1603950383149332, "profile_A43_p50": 0.3206311935052324, "profile_A44_p50": 0.03949686181453972, "profile_A45_p50": 0.07957258653471222, "profile_A46_p50": -0.007244395135298514, "profile_A47_p50": 0.0009285263544765512, "profile_A48_p50": -0.14827138240108648, "profile_A49_p50": 0.04203039160903449, "profile_A50_p50": -0.0894084614750824, "profile_A51_p50": 0.0420021094092952, "profile_A52_p50": -0.026854651969123216, "profile_A53_p50": -0.05222646987672483, "profile_A54_p50": 0.19210230009974394, "profile_A55_p50": -0.09714178975171217, "profile_A56_p50": -0.02982483604049857, "profile_A57_p50": -0.031826696800191734, "profile_A58_p50": -0.11861554119579336, "profile_A59_p50": -0.16945468313000148, "profile_A60_p50": 0.024861352308783075, "profile_A61_p50": -0.06396893744907857, "profile_A62_p50": 0.09038286949991847, "profile_A63_p50": 0.06305566403851852, "unit_id": 45}}, {"type": "Feature", "geometry": {"type": "Polygon", "coordinates": [[[84.71104146094245, 20.76554593923527], [84.71158045011293, 20.76554593923527], [84.71158045011293, 20.765725602292097], [84.71167028164135, 20.765725602292097], [84.71167028164135, 20.76590526534892], [84.71149061858452, 20.76590526534892], [84.71149061858452, 20.765815433820507], [84.71113129247087, 20.765815433820507], [84.71113129247087, 20.765725602292097], [84.71104146094245, 20.765725602292097], [84.71104146094245, 20.76554593923527]]]}, "id": "+805+727", "properties": {"area_ha": 0.18658970171923553, "centroid_lat": 20.76569865287723, "centroid_lon": 84.71136485429902, "cluster_id": 2, "n_pixels": 19, "perim_m": 210.52520570308468, "profile_A00_p50": 0.01607929846723634, "profile_A01_p50": -0.09325928894552608, "profile_A02_p50": 0.15574265080948216, "profile_A03_p50": 0.05510718791275624, "profile_A04_p50": -0.03958326256288115, "profile_A05_p50": -0.012175294337919829, "profile_A06_p50": -0.06860958937213293, "profile_A07_p50": 0.15972123394716195, "profile_A08_p50": -0.09519653755341986, "profile_A09_p50": 0.03081455304969992, "profile_A10_p50": 0.09723644038592667, "profile_A11_p50": 0.054165564002202786, "profile_A12_p50": -0.3147218909719646, "profile_A13_p50": 0.040497469321907516, "profile_A14_p50": -0.022973498166712958, "profile_A15_p50": 0.09328417803107399, "profile_A16_p50": -0.03179032310251832, "profile_A17_p50": 0.05956912658424222, "profile_A18_p50": -0.08345493268382298, "profile_A19_p50": -0.00869351149030712, "profile_A20_p50": -0.32718595943376916, "profile_A21_p50": 0.3294839047918634, "profile_A22_p50": 0.2685499623513489, "profile_A23_p50": -0.03656012355091588, "profile_A24_p50": 0.0424956708138624, "profile_A25_p50": 0.04968691852140866, "profile_A26_p50": 0.14118621676056847, "profile_A27_p50": -0.0015169094507810382, "profile_A28_p50": -0.0551930306465149, "profile_A29_p50": 0.19672973847713127, "profile_A30_p50": 0.03563462265510587, "profile_A31_p50": 0.06891962816152455, "profile_A32_p50": -0.03370277333875243, "profile_A33_p50": -0.021022160498186202, "profile_A34_p50": 0.02194537343692845, "profile_A35_p50": -0.06489623050346346, "profile_A36_p50": -0.16667376452843582, "profile_A37_p50": 0.049301007118673384, "profile_A38_p50": 0.1625646481134659, "profile_A39_p50": -0.09667818203882567, "profile_A40_p50": 0.07177554247184999, "profile_A41_p50": 0.025849713758259157, "profile_A42_p50": -0.1603950383149332, "profile_A43_p50": 0.3206311935052324, "profile_A44_p50": 0.03949686181453972, "profile_A45_p50": 0.07957258653471222, "profile_A46_p50": -0.007244395135298514, "profile_A47_p50": 0.0009285263544765512, "profile_A48_p50": -0.14827138240108648, "profile_A49_p50": 0.04203039160903449, "profile_A50_p50": -0.0894084614750824, "profile_A51_p50": 0.0420021094092952, "profile_A52_p50": -0.026854651969123216, "profile_A53_p50": -0.05222646987672483, "profile_A54_p50": 0.19210230009974394, "profile_A55_p50": -0.09714178975171217, "profile_A56_p50": -0.02982483604049857, "profile_A57_p50": -0.031826696800191734, "profile_A58_p50": -0.11861554119579336, "profile_A59_p50": -0.16945468313000148, "profile_A60_p50": 0.024861352308783075, "profile_A61_p50": -0.06396893744907857, "profile_A62_p50": 0.09038286949991847, "profile_A63_p50": 0.06305566403851852, "unit_id": 46}}, {"type": "Feature", "geometry": {"type": "Polygon", "coordinates": [[[84.72209073893713, 20.76410863478068], [84.7233483803349, 20.76410863478068], [84.7233483803349, 20.764198466309093], [84.72343821186331, 20.764198466309093], [84.72343821186331, 20.764288297837503], [84.72370770644855, 20.764288297837503], [84.72370770644855, 20.76446796089433], [84.72388736950536, 20.76446796089433], [84.72388736950536, 20.764737455479565], [84.72379753797695, 20.764737455479565], [84.72379753797695, 20.76491711853639], [84.72388736950536, 20.76491711853639], [84.72388736950536, 20.7650069500648], [84.72406703256219, 20.7650069500648], [84.72406703256219, 20.765186613121625], [84.72442635867584, 20.765186613121625], [84.72442635867584, 20.765276444650034], [84.72433652714743, 20.765276444650034], [84.72433652714743, 20.765366276178447], [84.7241568640906, 20.765366276178447], [84.7241568640906, 20.76545610770686], [84.72397720103378, 20.76545610770686], [84.72397720103378, 20.76554593923527], [84.72379753797695, 20.76554593923527], [84.72379753797695, 20.765635770763684], [84.72352804339172, 20.765635770763684], [84.72352804339172, 20.765725602292097], [84.72325854880648, 20.765725602292097], [84.72325854880648, 20.765815433820507], [84.72307888574966, 20.765815433820507], [84.72307888574966, 20.76590526534892], [84.72280939116442, 20.76590526534892], [84.72280939116442, 20.765995096877333], [84.72253989657919, 20.765995096877333], [84.72253989657919, 20.766084928405743], [84.72227040199395, 20.766084928405743], [84.72227040199395, 20.766174759934156], [84.72209073893713, 20.766174759934156], [84.72209073893713, 20.766264591462566], [84.72182124435189, 20.766264591462566], [84.72182124435189, 20.76635442299098], [84.72155174976666, 20.76635442299098], [84.72155174976666, 20.766444254519392], [84.72128225518142, 20.766444254519392], [84.72128225518142, 20.766534086047802], [84.7211025921246, 20.766534086047802], [84.7211025921246, 20.766623917576215], [84.72083309753936, 20.766623917576215], [84.72083309753936, 20.76671374910463], [84.72056360295413, 20.76671374910463], [84.72056360295413, 20.766803580633038], [84.72029410836889, 20.766803580633038], [84.72029410836889, 20.76689341216145], [84.72011444531206, 20.76689341216145], [84.72011444531206, 20.766983243689864], [84.71984495072682, 20.766983243689864], [84.71984495072682, 20.767073075218274], [84.71948562461318, 20.767073075218274], [84.71948562461318, 20.767162906746687], [84.71939579308477, 20.767162906746687], [84.71939579308477, 20.766983243689864], [84.71930596155636, 20.766983243689864], [84.71930596155636, 20.767073075218274], [84.71921613002795, 20.767073075218274], [84.71921613002795, 20.76671374910463], [84.71912629849953, 20.76671374910463], [84.71912629849953, 20.766534086047802], [84.71903646697112, 20.766534086047802], [84.71903646697112, 20.76545610770686], [84.71930596155636, 20.76545610770686], [84.71930596155636, 20.76491711853639], [84.71948562461318, 20.76491711853639], [84.71948562461318, 20.764737455479565], [84.71966528767001, 20.764737455479565], [84.71966528767001, 20.76455779242274], [84.72002461378365, 20.76455779242274], [84.72002461378365, 20.764198466309093], [84.72011444531206, 20.764198466309093], [84.72011444531206, 20.76410863478068], [84.72020427684048, 20.76410863478068], [84.72020427684048, 20.764198466309093], [84.72083309753936, 20.764198466309093], [84.72083309753936, 20.764288297837503], [84.72155174976666, 20.764288297837503], [84.72155174976666, 20.764198466309093], [84.72182124435189, 20.764198466309093], [84.72182124435189, 20.76410863478068], [84.72200090740871, 20.76410863478068], [84.72200090740871, 20.764198466309093], [84.72209073893713, 20.764198466309093], [84.72209073893713, 20.76410863478068]]]}, "id": "+936+743", "properties": {"area_ha": 11.71785890896011, "centroid_lat": 20.765397390245628, "centroid_lon": 84.72133311251444, "cluster_id": 3, "n_pixels": 1172, "perim_m": 1897.0945045421654, "profile_A00_p50": 0.052276035215144005, "profile_A01_p50": -0.07570674553595987, "profile_A02_p50": 0.14301161547734112, "profile_A03_p50": 0.026838475293098074, "profile_A04_p50": -0.027107606071879665, "profile_A05_p50": -0.07910059001413451, "profile_A06_p50": -0.11086111526824538, "profile_A07_p50": 0.20628202758651923, "profile_A08_p50": -0.0727453446965644, "profile_A09_p50": 0.06395014083468452, "profile_A10_p50": 0.1029771457956181, "profile_A11_p50": 0.07079006683543519, "profile_A12_p50": -0.28761284092525874, "profile_A13_p50": -0.002395095713382588, "profile_A14_p50": -0.062022865351902386, "profile_A15_p50": 0.07179708596992768, "profile_A16_p50": -0.010801075327872237, "profile_A17_p50": 0.028243432664077608, "profile_A18_p50": -0.0649153155238889, "profile_A19_p50": -0.047833451260709835, "profile_A20_p50": -0.3279754786583093, "profile_A21_p50": 0.2938919125809585, "profile_A22_p50": 0.2901515835290164, "profile_A23_p50": -0.08739576495848039, "profile_A24_p50": 0.04542138120864045, "profile_A25_p50": 0.02687643612477525, "profile_A26_p50": 0.12930162852654958, "profile_A27_p50": 0.07567692598703289, "profile_A28_p50": -0.044442685112569796, "profile_A29_p50": 0.159567513681451, "profile_A30_p50": 0.0366322463400748, "profile_A31_p50": 0.0966807387618441, "profile_A32_p50": 0.034154572415841654, "profile_A33_p50": -0.012706078501532363, "profile_A34_p50": 0.011267298083066658, "profile_A35_p50": -0.10791025661018286, "profile_A36_p50": -0.1702649793303773, "profile_A37_p50": -0.016571453740257452, "profile_A38_p50": 0.15101684030307658, "profile_A39_p50": -0.10210032405048351, "profile_A40_p50": 0.06298088537151916, "profile_A41_p50": 0.04153433800584357, "profile_A42_p50": -0.13612640616746435, "profile_A43_p50": 0.3430850179197894, "profile_A44_p50": 0.05419105970806156, "profile_A45_p50": 0.03030801570708402, "profile_A46_p50": -0.04244070499533257, "profile_A47_p50": 0.05959002514080034, "profile_A48_p50": -0.10696707627859647, "profile_A49_p50": 0.02489349825142579, "profile_A50_p50": -0.09422902274896172, "profile_A51_p50": -0.0024358504884539486, "profile_A52_p50": -0.009291581830823261, "profile_A53_p50": -0.07372927312593018, "profile_A54_p50": 0.1604444915053086, "profile_A55_p50": -0.08644768000264685, "profile_A56_p50": -0.00635348464889088, "profile_A57_p50": -0.028833854609484788, "profile_A58_p50": -0.09809450944788282, "profile_A59_p50": -0.14602059648049545, "profile_A60_p50": 0.06690589851243738, "profile_A61_p50": -0.12253781276918109, "profile_A62_p50": 0.04590755036368143, "profile_A63_p50": 0.05519263608705948, "unit_id": 47}}, {"type": "Feature", "geometry": {"type": "Polygon", "coordinates": [[[84.71095162941404, 20.76446796089433], [84.71158045011293, 20.76446796089433], [84.71158045011293, 20.764647623951152], [84.71167028164135, 20.764647623951152], [84.71167028164135, 20.764827287007975], [84.71176011316976, 20.764827287007975], [84.71176011316976, 20.76491711853639], [84.71158045011293, 20.76491711853639], [84.71158045011293, 20.7650069500648], [84.71122112399928, 20.7650069500648], [84.71122112399928, 20.764827287007975], [84.71095162941404, 20.764827287007975], [84.71095162941404, 20.764737455479565], [84.71086179788564, 20.764737455479565], [84.71086179788564, 20.764647623951152], [84.71095162941404, 20.764647623951152], [84.71095162941404, 20.76446796089433]]]}, "id": "+805+739", "properties": {"area_ha": 0.3825113942308817, "centroid_lat": 20.76471664085688, "centroid_lon": 84.71132081530548, "cluster_id": 2, "n_pixels": 38, "perim_m": 306.43467423882805, "profile_A00_p50": 0.01607929846723634, "profile_A01_p50": -0.09325928894552608, "profile_A02_p50": 0.15574265080948216, "profile_A03_p50": 0.05510718791275624, "profile_A04_p50": -0.03958326256288115, "profile_A05_p50": -0.012175294337919829, "profile_A06_p50": -0.06860958937213293, "profile_A07_p50": 0.15972123394716195, "profile_A08_p50": -0.09519653755341986, "profile_A09_p50": 0.03081455304969992, "profile_A10_p50": 0.09723644038592667, "profile_A11_p50": 0.054165564002202786, "profile_A12_p50": -0.3147218909719646, "profile_A13_p50": 0.040497469321907516, "profile_A14_p50": -0.022973498166712958, "profile_A15_p50": 0.09328417803107399, "profile_A16_p50": -0.03179032310251832, "profile_A17_p50": 0.05956912658424222, "profile_A18_p50": -0.08345493268382298, "profile_A19_p50": -0.00869351149030712, "profile_A20_p50": -0.32718595943376916, "profile_A21_p50": 0.3294839047918634, "profile_A22_p50": 0.2685499623513489, "profile_A23_p50": -0.03656012355091588, "profile_A24_p50": 0.0424956708138624, "profile_A25_p50": 0.04968691852140866, "profile_A26_p50": 0.14118621676056847, "profile_A27_p50": -0.0015169094507810382, "profile_A28_p50": -0.0551930306465149, "profile_A29_p50": 0.19672973847713127, "profile_A30_p50": 0.03563462265510587, "profile_A31_p50": 0.06891962816152455, "profile_A32_p50": -0.03370277333875243, "profile_A33_p50": -0.021022160498186202, "profile_A34_p50": 0.02194537343692845, "profile_A35_p50": -0.06489623050346346, "profile_A36_p50": -0.16667376452843582, "profile_A37_p50": 0.049301007118673384, "profile_A38_p50": 0.1625646481134659, "profile_A39_p50": -0.09667818203882567, "profile_A40_p50": 0.07177554247184999, "profile_A41_p50": 0.025849713758259157, "profile_A42_p50": -0.1603950383149332, "profile_A43_p50": 0.3206311935052324, "profile_A44_p50": 0.03949686181453972, "profile_A45_p50": 0.07957258653471222, "profile_A46_p50": -0.007244395135298514, "profile_A47_p50": 0.0009285263544765512, "profile_A48_p50": -0.14827138240108648, "profile_A49_p50": 0.04203039160903449, "profile_A50_p50": -0.0894084614750824, "profile_A51_p50": 0.0420021094092952, "profile_A52_p50": -0.026854651969123216, "profile_A53_p50": -0.05222646987672483, "profile_A54_p50": 0.19210230009974394, "profile_A55_p50": -0.09714178975171217, "profile_A56_p50": -0.02982483604049857, "profile_A57_p50": -0.031826696800191734, "profile_A58_p50": -0.11861554119579336, "profile_A59_p50": -0.16945468313000148, "profile_A60_p50": 0.024861352308783075, "profile_A61_p50": -0.06396893744907857, "profile_A62_p50": 0.09038286949991847, "profile_A63_p50": 0.06305566403851852, "unit_id": 48}}, {"type": "Feature", "geometry": {"type": "Polygon", "coordinates": [[[84.70987365107311, 20.76446796089433], [84.71014314565834, 20.76446796089433], [84.71014314565834, 20.764647623951152], [84.71005331412992, 20.764647623951152], [84.71005331412992, 20.76455779242274], [84.70987365107311, 20.76455779242274], [84.70987365107311, 20.76446796089433]]]}, "id": "+789+739", "properties": {"area_ha": 0.03731823200047594, "centroid_lat": 20.764535335066277, "centroid_lon": 84.71003085371174, "cluster_id": 2, "n_pixels": 4, "perim_m": 95.90870845212937, "profile_A00_p50": 0.01607929846723634, "profile_A01_p50": -0.09325928894552608, "profile_A02_p50": 0.15574265080948216, "profile_A03_p50": 0.05510718791275624, "profile_A04_p50": -0.03958326256288115, "profile_A05_p50": -0.012175294337919829, "profile_A06_p50": -0.06860958937213293, "profile_A07_p50": 0.15972123394716195, "profile_A08_p50": -0.09519653755341986, "profile_A09_p50": 0.03081455304969992, "profile_A10_p50": 0.09723644038592667, "profile_A11_p50": 0.054165564002202786, "profile_A12_p50": -0.3147218909719646, "profile_A13_p50": 0.040497469321907516, "profile_A14_p50": -0.022973498166712958, "profile_A15_p50": 0.09328417803107399, "profile_A16_p50": -0.03179032310251832, "profile_A17_p50": 0.05956912658424222, "profile_A18_p50": -0.08345493268382298, "profile_A19_p50": -0.00869351149030712, "profile_A20_p50": -0.32718595943376916, "profile_A21_p50": 0.3294839047918634, "profile_A22_p50": 0.2685499623513489, "profile_A23_p50": -0.03656012355091588, "profile_A24_p50": 0.0424956708138624, "profile_A25_p50": 0.04968691852140866, "profile_A26_p50": 0.14118621676056847, "profile_A27_p50": -0.0015169094507810382, "profile_A28_p50": -0.0551930306465149, "profile_A29_p50": 0.19672973847713127, "profile_A30_p50": 0.03563462265510587, "profile_A31_p50": 0.06891962816152455, "profile_A32_p50": -0.03370277333875243, "profile_A33_p50": -0.021022160498186202, "profile_A34_p50": 0.02194537343692845, "profile_A35_p50": -0.06489623050346346, "profile_A36_p50": -0.16667376452843582, "profile_A37_p50": 0.049301007118673384, "profile_A38_p50": 0.1625646481134659, "profile_A39_p50": -0.09667818203882567, "profile_A40_p50": 0.07177554247184999, "profile_A41_p50": 0.025849713758259157, "profile_A42_p50": -0.1603950383149332, "profile_A43_p50": 0.3206311935052324, "profile_A44_p50": 0.03949686181453972, "profile_A45_p50": 0.07957258653471222, "profile_A46_p50": -0.007244395135298514, "profile_A47_p50": 0.0009285263544765512, "profile_A48_p50": -0.14827138240108648, "profile_A49_p50": 0.04203039160903449, "profile_A50_p50": -0.0894084614750824, "profile_A51_p50": 0.0420021094092952, "profile_A52_p50": -0.026854651969123216, "profile_A53_p50": -0.05222646987672483, "profile_A54_p50": 0.19210230009974394, "profile_A55_p50": -0.09714178975171217, "profile_A56_p50": -0.02982483604049857, "profile_A57_p50": -0.031826696800191734, "profile_A58_p50": -0.11861554119579336, "profile_A59_p50": -0.16945468313000148, "profile_A60_p50": 0.024861352308783075, "profile_A61_p50": -0.06396893744907857, "profile_A62_p50": 0.09038286949991847, "profile_A63_p50": 0.06305566403851852, "unit_id": 49}}, {"type": "Feature", "geometry": {"type": "Polygon", "coordinates": [[[84.70699904216391, 20.764198466309093], [84.70717870522074, 20.764198466309093], [84.70717870522074, 20.764288297837503], [84.70708887369233, 20.764288297837503], [84.70708887369233, 20.764378129365916], [84.70717870522074, 20.764378129365916], [84.70717870522074, 20.76446796089433], [84.70735836827757, 20.76446796089433], [84.70735836827757, 20.764647623951152], [84.7075380313344, 20.764647623951152], [84.7075380313344, 20.764827287007975], [84.70735836827757, 20.764827287007975], [84.70735836827757, 20.764737455479565], [84.70699904216391, 20.764737455479565], [84.70699904216391, 20.764647623951152], [84.70663971605028, 20.764647623951152], [84.70663971605028, 20.764378129365916], [84.7068193791071, 20.764378129365916], [84.7068193791071, 20.764288297837503], [84.70699904216391, 20.764288297837503], [84.70699904216391, 20.764198466309093]]]}, "id": "+756+742", "properties": {"area_ha": 0.3265346366119373, "centroid_lat": 20.764533409941535, "centroid_lon": 84.70705679059897, "cluster_id": 1, "n_pixels": 33, "perim_m": 345.03485984590566, "profile_A00_p50": 0.03271580154003711, "profile_A01_p50": -0.11375341467856491, "profile_A02_p50": 0.14502358012698188, "profile_A03_p50": 0.03959149222005681, "profile_A04_p50": -0.030527205081604964, "profile_A05_p50": -0.059109560931666284, "profile_A06_p50": -0.08714236728077558, "profile_A07_p50": 0.19004517366198861, "profile_A08_p50": -0.09742691013455672, "profile_A09_p50": 0.05246428032381147, "profile_A10_p50": 0.0903839912043517, "profile_A11_p50": 0.06396969638284118, "profile_A12_p50": -0.30311452402904115, "profile_A13_p50": 0.020052965951416372, "profile_A14_p50": -0.0444413117461945, "profile_A15_p50": 0.06305666426498278, "profile_A16_p50": -0.026828031713742637, "profile_A17_p50": 0.04446795441187518, "profile_A18_p50": -0.06983080122288483, "profile_A19_p50": -0.017052298189478024, "profile_A20_p50": -0.34466440272476034, "profile_A21_p50": 0.3176269253135612, "profile_A22_p50": 0.277795582794932, "profile_A23_p50": -0.06489128113118889, "profile_A24_p50": 0.038339063717992033, "profile_A25_p50": 0.023901987066316726, "profile_A26_p50": 0.13237431101973818, "profile_A27_p50": 0.03951433416721946, "profile_A28_p50": -0.05443751669899556, "profile_A29_p50": 0.17207930230729043, "profile_A30_p50": 0.0287977790236459, "profile_A31_p50": 0.06689361953663718, "profile_A32_p50": -0.006945243488371015, "profile_A33_p50": -0.018058437216514258, "profile_A34_p50": 0.01801798984134666, "profile_A35_p50": -0.09227289352806284, "profile_A36_p50": -0.1500168932694884, "profile_A37_p50": 0.01023623617125179, "profile_A38_p50": 0.1647150595981434, "profile_A39_p50": -0.10885468643849414, "profile_A40_p50": 0.06306588951537889, "profile_A41_p50": 0.03667100002942101, "profile_A42_p50": -0.14514428798165818, "profile_A43_p50": 0.3448491278411489, "profile_A44_p50": 0.04539794597451391, "profile_A45_p50": 0.06589870806710484, "profile_A46_p50": -0.02778112571053548, "profile_A47_p50": 0.010734444636125716, "profile_A48_p50": -0.12455038136189558, "profile_A49_p50": 0.044471451794797744, "profile_A50_p50": -0.10399952773930678, "profile_A51_p50": 0.029827144024000656, "profile_A52_p50": -0.018048708711274394, "profile_A53_p50": -0.07273904843045319, "profile_A54_p50": 0.17321766443731382, "profile_A55_p50": -0.07765784986453983, "profile_A56_p50": -0.03371831346917852, "profile_A57_p50": -0.03263588178288644, "profile_A58_p50": -0.1194501360713451, "profile_A59_p50": -0.152898037244058, "profile_A60_p50": 0.054211555243307334, "profile_A61_p50": -0.09398988437787739, "profile_A62_p50": 0.06786579055894833, "profile_A63_p50": 0.05609223609963694, "unit_id": 50}}, {"type": "Feature", "geometry": {"type": "Polygon", "coordinates": [[[84.71274825998229, 20.764198466309093], [84.7128380915107, 20.764198466309093], [84.7128380915107, 20.764288297837503], [84.7129279230391, 20.764288297837503], [84.7129279230391, 20.764647623951152], [84.71274825998229, 20.764647623951152], [84.71274825998229, 20.76455779242274], [84.71256859692546, 20.76455779242274], [84.71256859692546, 20.76446796089433], [84.71265842845388, 20.76446796089433], [84.71265842845388, 20.764378129365916], [84.71274825998229, 20.764378129365916], [84.71274825998229, 20.764198466309093]]]}, "id": "+819+742", "properties": {"area_ha": 0.11195478367887769, "centroid_lat": 20.76445298810883, "centroid_lon": 84.71279317595709, "cluster_id": 1, "n_pixels": 11, "perim_m": 174.2910418478161, "profile_A00_p50": 0.03271580154003711, "profile_A01_p50": -0.11375341467856491, "profile_A02_p50": 0.14502358012698188, "profile_A03_p50": 0.03959149222005681, "profile_A04_p50": -0.030527205081604964, "profile_A05_p50": -0.059109560931666284, "profile_A06_p50": -0.08714236728077558, "profile_A07_p50": 0.19004517366198861, "profile_A08_p50": -0.09742691013455672, "profile_A09_p50": 0.05246428032381147, "profile_A10_p50": 0.0903839912043517, "profile_A11_p50": 0.06396969638284118, "profile_A12_p50": -0.30311452402904115, "profile_A13_p50": 0.020052965951416372, "profile_A14_p50": -0.0444413117461945, "profile_A15_p50": 0.06305666426498278, "profile_A16_p50": -0.026828031713742637, "profile_A17_p50": 0.04446795441187518, "profile_A18_p50": -0.06983080122288483, "profile_A19_p50": -0.017052298189478024, "profile_A20_p50": -0.34466440272476034, "profile_A21_p50": 0.3176269253135612, "profile_A22_p50": 0.277795582794932, "profile_A23_p50": -0.06489128113118889, "profile_A24_p50": 0.038339063717992033, "profile_A25_p50": 0.023901987066316726, "profile_A26_p50": 0.13237431101973818, "profile_A27_p50": 0.03951433416721946, "profile_A28_p50": -0.05443751669899556, "profile_A29_p50": 0.17207930230729043, "profile_A30_p50": 0.0287977790236459, "profile_A31_p50": 0.06689361953663718, "profile_A32_p50": -0.006945243488371015, "profile_A33_p50": -0.018058437216514258, "profile_A34_p50": 0.01801798984134666, "profile_A35_p50": -0.09227289352806284, "profile_A36_p50": -0.1500168932694884, "profile_A37_p50": 0.01023623617125179, "profile_A38_p50": 0.1647150595981434, "profile_A39_p50": -0.10885468643849414, "profile_A40_p50": 0.06306588951537889, "profile_A41_p50": 0.03667100002942101, "profile_A42_p50": -0.14514428798165818, "profile_A43_p50": 0.3448491278411489, "profile_A44_p50": 0.04539794597451391, "profile_A45_p50": 0.06589870806710484, "profile_A46_p50": -0.02778112571053548, "profile_A47_p50": 0.010734444636125716, "profile_A48_p50": -0.12455038136189558, "profile_A49_p50": 0.044471451794797744, "profile_A50_p50": -0.10399952773930678, "profile_A51_p50": 0.029827144024000656, "profile_A52_p50": -0.018048708711274394, "profile_A53_p50": -0.07273904843045319, "profile_A54_p50": 0.17321766443731382, "profile_A55_p50": -0.07765784986453983, "profile_A56_p50": -0.03371831346917852, "profile_A57_p50": -0.03263588178288644, "profile_A58_p50": -0.1194501360713451, "profile_A59_p50": -0.152898037244058, "profile_A60_p50": 0.054211555243307334, "profile_A61_p50": -0.09398988437787739, "profile_A62_p50": 0.06786579055894833, "profile_A63_p50": 0.05609223609963694, "unit_id": 51}}, {"type": "Feature", "geometry": {"type": "Polygon", "coordinates": [[[84.70951432495946, 20.763928971723857], [84.70969398801628, 20.763928971723857], [84.70969398801628, 20.764288297837503], [84.70906516731739, 20.764288297837503], [84.70906516731739, 20.764198466309093], [84.70924483037422, 20.764198466309093], [84.70924483037422, 20.76410863478068], [84.70933466190263, 20.76410863478068], [84.70933466190263, 20.76401880325227], [84.70951432495946, 20.76401880325227], [84.70951432495946, 20.763928971723857]]]}, "id": "+784+745", "properties": {"area_ha": 0.16793263505443135, "centroid_lat": 20.764148559563655, "centroid_lon": 84.70945942794597, "cluster_id": 2, "n_pixels": 17, "perim_m": 210.52650639380627, "profile_A00_p50": 0.01607929846723634, "profile_A01_p50": -0.09325928894552608, "profile_A02_p50": 0.15574265080948216, "profile_A03_p50": 0.05510718791275624, "profile_A04_p50": -0.03958326256288115, "profile_A05_p50": -0.012175294337919829, "profile_A06_p50": -0.06860958937213293, "profile_A07_p50": 0.15972123394716195, "profile_A08_p50": -0.09519653755341986, "profile_A09_p50": 0.03081455304969992, "profile_A10_p50": 0.09723644038592667, "profile_A11_p50": 0.054165564002202786, "profile_A12_p50": -0.3147218909719646, "profile_A13_p50": 0.040497469321907516, "profile_A14_p50": -0.022973498166712958, "profile_A15_p50": 0.09328417803107399, "profile_A16_p50": -0.03179032310251832, "profile_A17_p50": 0.05956912658424222, "profile_A18_p50": -0.08345493268382298, "profile_A19_p50": -0.00869351149030712, "profile_A20_p50": -0.32718595943376916, "profile_A21_p50": 0.3294839047918634, "profile_A22_p50": 0.2685499623513489, "profile_A23_p50": -0.03656012355091588, "profile_A24_p50": 0.0424956708138624, "profile_A25_p50": 0.04968691852140866, "profile_A26_p50": 0.14118621676056847, "profile_A27_p50": -0.0015169094507810382, "profile_A28_p50": -0.0551930306465149, "profile_A29_p50": 0.19672973847713127, "profile_A30_p50": 0.03563462265510587, "profile_A31_p50": 0.06891962816152455, "profile_A32_p50": -0.03370277333875243, "profile_A33_p50": -0.021022160498186202, "profile_A34_p50": 0.02194537343692845, "profile_A35_p50": -0.06489623050346346, "profile_A36_p50": -0.16667376452843582, "profile_A37_p50": 0.049301007118673384, "profile_A38_p50": 0.1625646481134659, "profile_A39_p50": -0.09667818203882567, "profile_A40_p50": 0.07177554247184999, "profile_A41_p50": 0.025849713758259157, "profile_A42_p50": -0.1603950383149332, "profile_A43_p50": 0.3206311935052324, "profile_A44_p50": 0.03949686181453972, "profile_A45_p50": 0.07957258653471222, "profile_A46_p50": -0.007244395135298514, "profile_A47_p50": 0.0009285263544765512, "profile_A48_p50": -0.14827138240108648, "profile_A49_p50": 0.04203039160903449, "profile_A50_p50": -0.0894084614750824, "profile_A51_p50": 0.0420021094092952, "profile_A52_p50": -0.026854651969123216, "profile_A53_p50": -0.05222646987672483, "profile_A54_p50": 0.19210230009974394, "profile_A55_p50": -0.09714178975171217, "profile_A56_p50": -0.02982483604049857, "profile_A57_p50": -0.031826696800191734, "profile_A58_p50": -0.11861554119579336, "profile_A59_p50": -0.16945468313000148, "profile_A60_p50": 0.024861352308783075, "profile_A61_p50": -0.06396893744907857, "profile_A62_p50": 0.09038286949991847, "profile_A63_p50": 0.06305566403851852, "unit_id": 52}}, {"type": "Feature", "geometry": {"type": "Polygon", "coordinates": [[[84.70520241159568, 20.763749308667034], [84.70529224312409, 20.763749308667034], [84.70529224312409, 20.763839140195444], [84.70583123229457, 20.763839140195444], [84.70583123229457, 20.76401880325227], [84.7061007268798, 20.76401880325227], [84.7061007268798, 20.76410863478068], [84.70601089535138, 20.76410863478068], [84.70601089535138, 20.764198466309093], [84.70619055840821, 20.764198466309093], [84.70619055840821, 20.76446796089433], [84.70601089535138, 20.76446796089433], [84.70601089535138, 20.764378129365916], [84.70565156923774, 20.764378129365916], [84.70565156923774, 20.764288297837503], [84.70547190618092, 20.764288297837503], [84.70547190618092, 20.764198466309093], [84.70529224312409, 20.764198466309093], [84.70529224312409, 20.76410863478068], [84.70511258006727, 20.76410863478068], [84.70511258006727, 20.76401880325227], [84.70502274853885, 20.76401880325227], [84.70502274853885, 20.763928971723857], [84.70511258006727, 20.763928971723857], [84.70511258006727, 20.763839140195444], [84.70520241159568, 20.763839140195444], [84.70520241159568, 20.763749308667034]]]}, "id": "+735+747", "properties": {"area_ha": 0.49446802853073396, "centroid_lat": 20.764101008408833, "centroid_lon": 84.70564394150938, "cluster_id": 1, "n_pixels": 49, "perim_m": 421.0531399290785, "profile_A00_p50": 0.03271580154003711, "profile_A01_p50": -0.11375341467856491, "profile_A02_p50": 0.14502358012698188, "profile_A03_p50": 0.03959149222005681, "profile_A04_p50": -0.030527205081604964, "profile_A05_p50": -0.059109560931666284, "profile_A06_p50": -0.08714236728077558, "profile_A07_p50": 0.19004517366198861, "profile_A08_p50": -0.09742691013455672, "profile_A09_p50": 0.05246428032381147, "profile_A10_p50": 0.0903839912043517, "profile_A11_p50": 0.06396969638284118, "profile_A12_p50": -0.30311452402904115, "profile_A13_p50": 0.020052965951416372, "profile_A14_p50": -0.0444413117461945, "profile_A15_p50": 0.06305666426498278, "profile_A16_p50": -0.026828031713742637, "profile_A17_p50": 0.04446795441187518, "profile_A18_p50": -0.06983080122288483, "profile_A19_p50": -0.017052298189478024, "profile_A20_p50": -0.34466440272476034, "profile_A21_p50": 0.3176269253135612, "profile_A22_p50": 0.277795582794932, "profile_A23_p50": -0.06489128113118889, "profile_A24_p50": 0.038339063717992033, "profile_A25_p50": 0.023901987066316726, "profile_A26_p50": 0.13237431101973818, "profile_A27_p50": 0.03951433416721946, "profile_A28_p50": -0.05443751669899556, "profile_A29_p50": 0.17207930230729043, "profile_A30_p50": 0.0287977790236459, "profile_A31_p50": 0.06689361953663718, "profile_A32_p50": -0.006945243488371015, "profile_A33_p50": -0.018058437216514258, "profile_A34_p50": 0.01801798984134666, "profile_A35_p50": -0.09227289352806284, "profile_A36_p50": -0.1500168932694884, "profile_A37_p50": 0.01023623617125179, "profile_A38_p50": 0.1647150595981434, "profile_A39_p50": -0.10885468643849414, "profile_A40_p50": 0.06306588951537889, "profile_A41_p50": 0.03667100002942101, "profile_A42_p50": -0.14514428798165818, "profile_A43_p50": 0.3448491278411489, "profile_A44_p50": 0.04539794597451391, "profile_A45_p50": 0.06589870806710484, "profile_A46_p50": -0.02778112571053548, "profile_A47_p50": 0.010734444636125716, "profile_A48_p50": -0.12455038136189558, "profile_A49_p50": 0.044471451794797744, "profile_A50_p50": -0.10399952773930678, "profile_A51_p50": 0.029827144024000656, "profile_A52_p50": -0.018048708711274394, "profile_A53_p50": -0.07273904843045319, "profile_A54_p50": 0.17321766443731382, "profile_A55_p50": -0.07765784986453983, "profile_A56_p50": -0.03371831346917852, "profile_A57_p50": -0.03263588178288644, "profile_A58_p50": -0.1194501360713451, "profile_A59_p50": -0.152898037244058, "profile_A60_p50": 0.054211555243307334, "profile_A61_p50": -0.09398988437787739, "profile_A62_p50": 0.06786579055894833, "profile_A63_p50": 0.05609223609963694, "unit_id": 53}}, {"type": "Feature", "geometry": {"type": "Polygon", "coordinates": [[[84.7061007268798, 20.763749308667034], [84.70619055840821, 20.763749308667034], [84.70619055840821, 20.763928971723857], [84.7061007268798, 20.763928971723857], [84.7061007268798, 20.76401880325227], [84.70583123229457, 20.76401880325227], [84.70583123229457, 20.763839140195444], [84.7061007268798, 20.763839140195444], [84.7061007268798, 20.763749308667034]]]}, "id": "+745+747", "properties": {"area_ha": 0.07463678912595408, "centroid_lat": 20.763906513564333, "centroid_lon": 84.70601089604705, "cluster_id": 2, "n_pixels": 7, "perim_m": 134.5089699800232, "profile_A00_p50": 0.01607929846723634, "profile_A01_p50": -0.09325928894552608, "profile_A02_p50": 0.15574265080948216, "profile_A03_p50": 0.05510718791275624, "profile_A04_p50": -0.03958326256288115, "profile_A05_p50": -0.012175294337919829, "profile_A06_p50": -0.06860958937213293, "profile_A07_p50": 0.15972123394716195, "profile_A08_p50": -0.09519653755341986, "profile_A09_p50": 0.03081455304969992, "profile_A10_p50": 0.09723644038592667, "profile_A11_p50": 0.054165564002202786, "profile_A12_p50": -0.3147218909719646, "profile_A13_p50": 0.040497469321907516, "profile_A14_p50": -0.022973498166712958, "profile_A15_p50": 0.09328417803107399, "profile_A16_p50": -0.03179032310251832, "profile_A17_p50": 0.05956912658424222, "profile_A18_p50": -0.08345493268382298, "profile_A19_p50": -0.00869351149030712, "profile_A20_p50": -0.32718595943376916, "profile_A21_p50": 0.3294839047918634, "profile_A22_p50": 0.2685499623513489, "profile_A23_p50": -0.03656012355091588, "profile_A24_p50": 0.0424956708138624, "profile_A25_p50": 0.04968691852140866, "profile_A26_p50": 0.14118621676056847, "profile_A27_p50": -0.0015169094507810382, "profile_A28_p50": -0.0551930306465149, "profile_A29_p50": 0.19672973847713127, "profile_A30_p50": 0.03563462265510587, "profile_A31_p50": 0.06891962816152455, "profile_A32_p50": -0.03370277333875243, "profile_A33_p50": -0.021022160498186202, "profile_A34_p50": 0.02194537343692845, "profile_A35_p50": -0.06489623050346346, "profile_A36_p50": -0.16667376452843582, "profile_A37_p50": 0.049301007118673384, "profile_A38_p50": 0.1625646481134659, "profile_A39_p50": -0.09667818203882567, "profile_A40_p50": 0.07177554247184999, "profile_A41_p50": 0.025849713758259157, "profile_A42_p50": -0.1603950383149332, "profile_A43_p50": 0.3206311935052324, "profile_A44_p50": 0.03949686181453972, "profile_A45_p50": 0.07957258653471222, "profile_A46_p50": -0.007244395135298514, "profile_A47_p50": 0.0009285263544765512, "profile_A48_p50": -0.14827138240108648, "profile_A49_p50": 0.04203039160903449, "profile_A50_p50": -0.0894084614750824, "profile_A51_p50": 0.0420021094092952, "profile_A52_p50": -0.026854651969123216, "profile_A53_p50": -0.05222646987672483, "profile_A54_p50": 0.19210230009974394, "profile_A55_p50": -0.09714178975171217, "profile_A56_p50": -0.02982483604049857, "profile_A57_p50": -0.031826696800191734, "profile_A58_p50": -0.11861554119579336, "profile_A59_p50": -0.16945468313000148, "profile_A60_p50": 0.024861352308783075, "profile_A61_p50": -0.06396893744907857, "profile_A62_p50": 0.09038286949991847, "profile_A63_p50": 0.06305566403851852, "unit_id": 54}}, {"type": "Feature", "geometry": {"type": "Polygon", "coordinates": [[[84.72442635867584, 20.759796721416908], [84.72469585326108, 20.759796721416908], [84.72469585326108, 20.75997638447373], [84.7248755163179, 20.75997638447373], [84.7248755163179, 20.760156047530554], [84.72514501090313, 20.760156047530554], [84.72514501090313, 20.760245879058967], [84.72505517937472, 20.760245879058967], [84.72505517937472, 20.760515373644203], [84.7248755163179, 20.760515373644203], [84.7248755163179, 20.760605205172613], [84.72469585326108, 20.760605205172613], [84.72469585326108, 20.760695036701026], [84.72451619020426, 20.760695036701026], [84.72451619020426, 20.761054362814676], [84.72433652714743, 20.761054362814676], [84.72433652714743, 20.7612340258715], [84.7241568640906, 20.7612340258715], [84.7241568640906, 20.76141368892832], [84.72406703256219, 20.76141368892832], [84.72406703256219, 20.761593351985145], [84.72388736950536, 20.761593351985145], [84.72388736950536, 20.76177301504197], [84.72352804339172, 20.76177301504197], [84.72352804339172, 20.761952678098794], [84.72361787492014, 20.761952678098794], [84.72361787492014, 20.762042509627207], [84.72370770644855, 20.762042509627207], [84.72370770644855, 20.762132341155617], [84.72388736950536, 20.762132341155617], [84.72388736950536, 20.76231200421244], [84.72406703256219, 20.76231200421244], [84.72406703256219, 20.76267133032609], [84.7241568640906, 20.76267133032609], [84.7241568640906, 20.762850993382912], [84.72433652714743, 20.762850993382912], [84.72433652714743, 20.762940824911325], [84.72424669561902, 20.762940824911325], [84.72424669561902, 20.76321031949656], [84.72451619020426, 20.76321031949656], [84.72451619020426, 20.763749308667034], [84.72469585326108, 20.763749308667034], [84.72469585326108, 20.76401880325227], [84.72478568478948, 20.76401880325227], [84.72478568478948, 20.76410863478068], [84.72532467395996, 20.76410863478068], [84.72532467395996, 20.76446796089433], [84.72523484243155, 20.76446796089433], [84.72523484243155, 20.76455779242274], [84.72514501090313, 20.76455779242274], [84.72514501090313, 20.764647623951152], [84.72505517937472, 20.764647623951152], [84.72505517937472, 20.764827287007975], [84.72496534784631, 20.764827287007975], [84.72496534784631, 20.76491711853639], [84.7248755163179, 20.76491711853639], [84.7248755163179, 20.7650069500648], [84.72469585326108, 20.7650069500648], [84.72469585326108, 20.76509678159321], [84.72460602173267, 20.76509678159321], [84.72460602173267, 20.765186613121625], [84.72451619020426, 20.765186613121625], [84.72451619020426, 20.765276444650034], [84.72442635867584, 20.765276444650034], [84.72442635867584, 20.765186613121625], [84.72406703256219, 20.765186613121625], [84.72406703256219, 20.7650069500648], [84.72388736950536, 20.7650069500648], [84.72388736950536, 20.76491711853639], [84.72379753797695, 20.76491711853639], [84.72379753797695, 20.764737455479565], [84.72388736950536, 20.764737455479565], [84.72388736950536, 20.76446796089433], [84.72370770644855, 20.76446796089433], [84.72370770644855, 20.764288297837503], [84.72343821186331, 20.764288297837503], [84.72343821186331, 20.764198466309093], [84.7233483803349, 20.764198466309093], [84.7233483803349, 20.76410863478068], [84.72209073893713, 20.76410863478068], [84.72209073893713, 20.764198466309093], [84.72200090740871, 20.764198466309093], [84.72200090740871, 20.76410863478068], [84.72182124435189, 20.76410863478068], [84.72182124435189, 20.764198466309093], [84.72155174976666, 20.764198466309093], [84.72155174976666, 20.764288297837503], [84.72083309753936, 20.764288297837503], [84.72083309753936, 20.764198466309093], [84.72020427684048, 20.764198466309093], [84.72020427684048, 20.76410863478068], [84.72011444531206, 20.76410863478068], [84.72011444531206, 20.764198466309093], [84.72002461378365, 20.764198466309093], [84.72002461378365, 20.76455779242274], [84.71966528767001, 20.76455779242274], [84.71966528767001, 20.764737455479565], [84.71948562461318, 20.764737455479565], [84.71948562461318, 20.76491711853639], [84.71930596155636, 20.76491711853639], [84.71930596155636, 20.76545610770686], [84.71903646697112, 20.76545610770686], [84.71903646697112, 20.766534086047802], [84.71912629849953, 20.766534086047802], [84.71912629849953, 20.76671374910463], [84.71921613002795, 20.76671374910463], [84.71921613002795, 20.767073075218274], [84.71930596155636, 20.767073075218274], [84.71930596155636, 20.766983243689864], [84.71939579308477, 20.766983243689864], [84.71939579308477, 20.767162906746687], [84.71903646697112, 20.767162906746687], [84.71903646697112, 20.76689341216145], [84.71885680391429, 20.76689341216145], [84.71885680391429, 20.76671374910463], [84.71867714085748, 20.76671374910463], [84.71867714085748, 20.766623917576215], [84.71858730932907, 20.766623917576215], [84.71858730932907, 20.766534086047802], [84.71849747780065, 20.766534086047802], [84.71849747780065, 20.766264591462566], [84.71840764627224, 20.766264591462566], [84.71840764627224, 20.76635442299098], [84.71831781474383, 20.76635442299098], [84.71831781474383, 20.766264591462566], [84.71840764627224, 20.766264591462566], [84.71840764627224, 20.766174759934156], [84.71849747780065, 20.766174759934156], [84.71849747780065, 20.765995096877333], [84.71885680391429, 20.765995096877333], [84.71885680391429, 20.76545610770686], [84.71849747780065, 20.76545610770686], [84.71849747780065, 20.765366276178447], [84.71831781474383, 20.765366276178447], [84.71831781474383, 20.76545610770686], [84.71795848863017, 20.76545610770686], [84.71795848863017, 20.765276444650034], [84.71768899404495, 20.765276444650034], [84.71768899404495, 20.76491711853639], [84.7173296679313, 20.76491711853639], [84.7173296679313, 20.76509678159321], [84.71715000487447, 20.76509678159321], [84.71715000487447, 20.765276444650034], [84.71697034181764, 20.765276444650034], [84.71697034181764, 20.765366276178447], [84.71688051028923, 20.765366276178447], [84.71688051028923, 20.76545610770686], [84.7158923634767, 20.76545610770686], [84.7158923634767, 20.765366276178447], [84.7158025319483, 20.765366276178447], [84.7158025319483, 20.765276444650034], [84.71562286889147, 20.765276444650034], [84.71562286889147, 20.76545610770686], [84.71553303736306, 20.76545610770686], [84.71553303736306, 20.76554593923527], [84.71562286889147, 20.76554593923527], [84.71562286889147, 20.765815433820507], [84.7158025319483, 20.765815433820507], [84.7158025319483, 20.765995096877333], [84.7158923634767, 20.765995096877333], [84.7158923634767, 20.766174759934156], [84.71598219500511, 20.766174759934156], [84.71598219500511, 20.76635442299098], [84.71616185806194, 20.76635442299098], [84.71616185806194, 20.766444254519392], [84.71625168959035, 20.766444254519392], [84.71625168959035, 20.766534086047802], [84.71697034181764, 20.766534086047802], [84.71697034181764, 20.766444254519392], [84.71741949945971, 20.766444254519392], [84.71741949945971, 20.766534086047802], [84.71750933098812, 20.766534086047802], [84.71750933098812, 20.766983243689864], [84.71670084723242, 20.766983243689864], [84.71670084723242, 20.76689341216145], [84.7158923634767, 20.76689341216145], [84.7158923634767, 20.766803580633038], [84.71526354277782, 20.766803580633038], [84.71526354277782, 20.76671374910463], [84.71544320583465, 20.76671374910463], [84.71544320583465, 20.766534086047802], [84.71553303736306, 20.766534086047802], [84.71553303736306, 20.766444254519392], [84.71562286889147, 20.766444254519392], [84.71562286889147, 20.76635442299098], [84.71544320583465, 20.76635442299098], [84.71544320583465, 20.766264591462566], [84.71553303736306, 20.766264591462566], [84.71553303736306, 20.766084928405743], [84.71544320583465, 20.766084928405743], [84.71544320583465, 20.765815433820507], [84.71526354277782, 20.765815433820507], [84.71526354277782, 20.765366276178447], [84.7151737112494, 20.765366276178447], [84.7151737112494, 20.765276444650034], [84.71463472207894, 20.765276444650034], [84.71463472207894, 20.76545610770686], [84.71382623832324, 20.76545610770686], [84.71382623832324, 20.76554593923527], [84.71364657526641, 20.76554593923527], [84.71364657526641, 20.765635770763684], [84.71346691220958, 20.765635770763684], [84.71346691220958, 20.765815433820507], [84.71337708068117, 20.765815433820507], [84.71337708068117, 20.765635770763684], [84.71328724915276, 20.765635770763684], [84.71328724915276, 20.76554593923527], [84.71265842845388, 20.76554593923527], [84.71265842845388, 20.76545610770686], [84.71256859692546, 20.76545610770686], [84.71256859692546, 20.765366276178447], [84.71265842845388, 20.765366276178447], [84.71265842845388, 20.765186613121625], [84.71274825998229, 20.765186613121625], [84.71274825998229, 20.76509678159321], [84.7128380915107, 20.76509678159321], [84.7128380915107, 20.7650069500648], [84.71301775456752, 20.7650069500648], [84.71301775456752, 20.76491711853639], [84.7129279230391, 20.76491711853639], [84.7129279230391, 20.764827287007975], [84.71328724915276, 20.764827287007975], [84.71328724915276, 20.7650069500648], [84.71364657526641, 20.7650069500648], [84.71364657526641, 20.764827287007975], [84.71373640679482, 20.764827287007975], [84.71373640679482, 20.764647623951152], [84.71382623832324, 20.764647623951152], [84.71382623832324, 20.764737455479565], [84.71391606985163, 20.764737455479565], [84.71391606985163, 20.764288297837503], [84.71400590138005, 20.764288297837503], [84.71400590138005, 20.764378129365916], [84.71445505902211, 20.764378129365916], [84.71445505902211, 20.764288297837503], [84.71463472207894, 20.764288297837503], [84.71463472207894, 20.764198466309093], [84.71544320583465, 20.764198466309093], [84.71544320583465, 20.76410863478068], [84.71562286889147, 20.76410863478068], [84.71562286889147, 20.763839140195444], [84.71553303736306, 20.763839140195444], [84.71553303736306, 20.763749308667034], [84.71544320583465, 20.763749308667034], [84.71544320583465, 20.76365947713862], [84.71553303736306, 20.76365947713862], [84.71553303736306, 20.763569645610207], [84.71544320583465, 20.763569645610207], [84.71544320583465, 20.763479814081798], [84.7158025319483, 20.763479814081798], [84.7158025319483, 20.76365947713862], [84.71643135264718, 20.76365947713862], [84.71643135264718, 20.763569645610207], [84.71652118417559, 20.763569645610207], [84.71652118417559, 20.763479814081798], [84.71688051028923, 20.763479814081798], [84.71688051028923, 20.763569645610207], [84.71679067876083, 20.763569645610207], [84.71679067876083, 20.76365947713862], [84.71723983640288, 20.76365947713862], [84.71723983640288, 20.763569645610207], [84.7173296679313, 20.763569645610207], [84.7173296679313, 20.76365947713862], [84.71741949945971, 20.76365947713862], [84.71741949945971, 20.763839140195444], [84.71759916251654, 20.763839140195444], [84.71759916251654, 20.76410863478068], [84.71750933098812, 20.76410863478068], [84.71750933098812, 20.764198466309093], [84.71849747780065, 20.764198466309093], [84.71849747780065, 20.76365947713862], [84.71867714085748, 20.76365947713862], [84.71867714085748, 20.763389982553385], [84.71849747780065, 20.763389982553385], [84.71849747780065, 20.76330015102497], [84.71831781474383, 20.76330015102497], [84.71831781474383, 20.763389982553385], [84.71822798321541, 20.763389982553385], [84.71822798321541, 20.763479814081798], [84.718138151687, 20.763479814081798], [84.718138151687, 20.763389982553385], [84.71795848863017, 20.763389982553385], [84.71795848863017, 20.76330015102497], [84.71750933098812, 20.76330015102497], [84.71750933098812, 20.763389982553385], [84.7173296679313, 20.763389982553385], [84.7173296679313, 20.76330015102497], [84.71715000487447, 20.76330015102497], [84.71715000487447, 20.76312048796815], [84.71723983640288, 20.76312048796815], [84.71723983640288, 20.76321031949656], [84.71741949945971, 20.76321031949656], [84.71741949945971, 20.762850993382912], [84.7173296679313, 20.762850993382912], [84.7173296679313, 20.762761161854502], [84.71715000487447, 20.762761161854502], [84.71715000487447, 20.762401835740853], [84.71723983640288, 20.762401835740853], [84.71723983640288, 20.76231200421244], [84.7173296679313, 20.76231200421244], [84.7173296679313, 20.76222217268403], [84.71768899404495, 20.76222217268403], [84.71768899404495, 20.76231200421244], [84.71777882557336, 20.76231200421244], [84.71777882557336, 20.762401835740853], [84.718138151687, 20.762401835740853], [84.718138151687, 20.762491667269266], [84.71831781474383, 20.762491667269266], [84.71831781474383, 20.762581498797676], [84.7187669723859, 20.762581498797676], [84.7187669723859, 20.76267133032609], [84.71948562461318, 20.76267133032609], [84.71948562461318, 20.762581498797676], [84.71930596155636, 20.762581498797676], [84.71930596155636, 20.762401835740853], [84.71921613002795, 20.762401835740853], [84.71921613002795, 20.76231200421244], [84.71912629849953, 20.76231200421244], [84.71912629849953, 20.762401835740853], [84.7189466354427, 20.762401835740853], [84.7189466354427, 20.76222217268403], [84.71903646697112, 20.76222217268403], [84.71903646697112, 20.762042509627207], [84.71948562461318, 20.762042509627207], [84.71948562461318, 20.761952678098794], [84.71993478225524, 20.761952678098794], [84.71993478225524, 20.76186284657038], [84.72002461378365, 20.76186284657038], [84.72002461378365, 20.76177301504197], [84.72011444531206, 20.76177301504197], [84.72011444531206, 20.761683183513558], [84.72029410836889, 20.761683183513558], [84.72029410836889, 20.76186284657038], [84.7203839398973, 20.76186284657038], [84.7203839398973, 20.762042509627207], [84.72047377142572, 20.762042509627207], [84.72047377142572, 20.76222217268403], [84.72065343448254, 20.76222217268403], [84.72065343448254, 20.76231200421244], [84.72083309753936, 20.76231200421244], [84.72083309753936, 20.762761161854502], [84.72074326601096, 20.762761161854502], [84.72074326601096, 20.762850993382912], [84.72065343448254, 20.762850993382912], [84.72065343448254, 20.762940824911325], [84.72047377142572, 20.762940824911325], [84.72047377142572, 20.76330015102497], [84.7203839398973, 20.76330015102497], [84.7203839398973, 20.763479814081798], [84.72047377142572, 20.763479814081798], [84.72047377142572, 20.76365947713862], [84.72101276059618, 20.76365947713862], [84.72101276059618, 20.763839140195444], [84.72119242365301, 20.763839140195444], [84.72119242365301, 20.763928971723857], [84.72137208670983, 20.763928971723857], [84.72137208670983, 20.763839140195444], [84.72128225518142, 20.763839140195444], [84.72128225518142, 20.763749308667034], [84.72137208670983, 20.763749308667034], [84.72137208670983, 20.763569645610207], [84.72209073893713, 20.763569645610207], [84.72209073893713, 20.763479814081798], [84.72218057046554, 20.763479814081798], [84.72218057046554, 20.763389982553385], [84.72253989657919, 20.763389982553385], [84.72253989657919, 20.76321031949656], [84.72245006505078, 20.76321031949656], [84.72245006505078, 20.76303065643974], [84.72236023352237, 20.76303065643974], [84.72236023352237, 20.762850993382912], [84.72227040199395, 20.762850993382912], [84.72227040199395, 20.76267133032609], [84.72271955963602, 20.76267133032609], [84.72271955963602, 20.762761161854502], [84.72307888574966, 20.762761161854502], [84.72307888574966, 20.76267133032609], [84.72316871727807, 20.76267133032609], [84.72316871727807, 20.762491667269266], [84.72325854880648, 20.762491667269266], [84.72325854880648, 20.762401835740853], [84.7233483803349, 20.762401835740853], [84.7233483803349, 20.762132341155617], [84.72325854880648, 20.762132341155617], [84.72325854880648, 20.762042509627207], [84.72316871727807, 20.762042509627207], [84.72316871727807, 20.761683183513558], [84.72307888574966, 20.761683183513558], [84.72307888574966, 20.761593351985145], [84.72289922269283, 20.761593351985145], [84.72289922269283, 20.7612340258715], [84.72280939116442, 20.7612340258715], [84.72280939116442, 20.761144194343085], [84.72289922269283, 20.761144194343085], [84.72289922269283, 20.760515373644203], [84.72298905422124, 20.760515373644203], [84.72298905422124, 20.760335710587377], [84.72307888574966, 20.760335710587377], [84.72307888574966, 20.760245879058967], [84.72298905422124, 20.760245879058967], [84.72298905422124, 20.75997638447373], [84.72316871727807, 20.75997638447373], [84.72316871727807, 20.759796721416908], [84.72352804339172, 20.759796721416908], [84.72352804339172, 20.759886552945318], [84.72379753797695, 20.759886552945318], [84.72379753797695, 20.759796721416908], [84.72388736950536, 20.759796721416908], [84.72388736950536, 20.759886552945318], [84.72406703256219, 20.759886552945318], [84.72406703256219, 20.75997638447373], [84.72433652714743, 20.75997638447373], [84.72433652714743, 20.759886552945318], [84.72442635867584, 20.759886552945318], [84.72442635867584, 20.759796721416908]], [[84.71319741762434, 20.765186613121625], [84.71310758609593, 20.765186613121625], [84.71310758609593, 20.765366276178447], [84.71328724915276, 20.765366276178447], [84.71328724915276, 20.765276444650034], [84.71319741762434, 20.765276444650034], [84.71319741762434, 20.765186613121625]], [[84.71328724915276, 20.7650069500648], [84.71310758609593, 20.7650069500648], [84.71310758609593, 20.76509678159321], [84.71319741762434, 20.76509678159321], [84.71319741762434, 20.765186613121625], [84.71328724915276, 20.765186613121625], [84.71328724915276, 20.7650069500648]], [[84.71535337430623, 20.764288297837503], [84.71526354277782, 20.764288297837503], [84.71526354277782, 20.764378129365916], [84.71535337430623, 20.764378129365916], [84.71535337430623, 20.764288297837503]], [[84.72029410836889, 20.763479814081798], [84.71984495072682, 20.763479814081798], [84.71984495072682, 20.763569645610207], [84.71993478225524, 20.763569645610207], [84.71993478225524, 20.76365947713862], [84.71984495072682, 20.76365947713862], [84.71984495072682, 20.763749308667034], [84.71993478225524, 20.763749308667034], [84.71993478225524, 20.763839140195444], [84.72002461378365, 20.763839140195444], [84.72002461378365, 20.76401880325227], [84.72020427684048, 20.76401880325227], [84.72020427684048, 20.763928971723857], [84.7203839398973, 20.763928971723857], [84.7203839398973, 20.76401880325227], [84.72047377142572, 20.76401880325227], [84.72047377142572, 20.76365947713862], [84.72029410836889, 20.76365947713862], [84.72029410836889, 20.763479814081798]], [[84.71777882557336, 20.762940824911325], [84.71759916251654, 20.762940824911325], [84.71759916251654, 20.76303065643974], [84.71750933098812, 20.76303065643974], [84.71750933098812, 20.76312048796815], [84.71777882557336, 20.76312048796815], [84.71777882557336, 20.762940824911325]]]}, "id": "+951+791", "properties": {"area_ha": 28.324692831082327, "centroid_lat": 20.76374533070977, "centroid_lon": 84.71965204459522, "cluster_id": 1, "n_pixels": 2832, "perim_m": 8918.553147225295, "profile_A00_p50": 0.03271580154003711, "profile_A01_p50": -0.11375341467856491, "profile_A02_p50": 0.14502358012698188, "profile_A03_p50": 0.03959149222005681, "profile_A04_p50": -0.030527205081604964, "profile_A05_p50": -0.059109560931666284, "profile_A06_p50": -0.08714236728077558, "profile_A07_p50": 0.19004517366198861, "profile_A08_p50": -0.09742691013455672, "profile_A09_p50": 0.05246428032381147, "profile_A10_p50": 0.0903839912043517, "profile_A11_p50": 0.06396969638284118, "profile_A12_p50": -0.30311452402904115, "profile_A13_p50": 0.020052965951416372, "profile_A14_p50": -0.0444413117461945, "profile_A15_p50": 0.06305666426498278, "profile_A16_p50": -0.026828031713742637, "profile_A17_p50": 0.04446795441187518, "profile_A18_p50": -0.06983080122288483, "profile_A19_p50": -0.017052298189478024, "profile_A20_p50": -0.34466440272476034, "profile_A21_p50": 0.3176269253135612, "profile_A22_p50": 0.277795582794932, "profile_A23_p50": -0.06489128113118889, "profile_A24_p50": 0.038339063717992033, "profile_A25_p50": 0.023901987066316726, "profile_A26_p50": 0.13237431101973818, "profile_A27_p50": 0.03951433416721946, "profile_A28_p50": -0.05443751669899556, "profile_A29_p50": 0.17207930230729043, "profile_A30_p50": 0.0287977790236459, "profile_A31_p50": 0.06689361953663718, "profile_A32_p50": -0.006945243488371015, "profile_A33_p50": -0.018058437216514258, "profile_A34_p50": 0.01801798984134666, "profile_A35_p50": -0.09227289352806284, "profile_A36_p50": -0.1500168932694884, "profile_A37_p50": 0.01023623617125179, "profile_A38_p50": 0.1647150595981434, "profile_A39_p50": -0.10885468643849414, "profile_A40_p50": 0.06306588951537889, "profile_A41_p50": 0.03667100002942101, "profile_A42_p50": -0.14514428798165818, "profile_A43_p50": 0.3448491278411489, "profile_A44_p50": 0.04539794597451391, "profile_A45_p50": 0.06589870806710484, "profile_A46_p50": -0.02778112571053548, "profile_A47_p50": 0.010734444636125716, "profile_A48_p50": -0.12455038136189558, "profile_A49_p50": 0.044471451794797744, "profile_A50_p50": -0.10399952773930678, "profile_A51_p50": 0.029827144024000656, "profile_A52_p50": -0.018048708711274394, "profile_A53_p50": -0.07273904843045319, "profile_A54_p50": 0.17321766443731382, "profile_A55_p50": -0.07765784986453983, "profile_A56_p50": -0.03371831346917852, "profile_A57_p50": -0.03263588178288644, "profile_A58_p50": -0.1194501360713451, "profile_A59_p50": -0.152898037244058, "profile_A60_p50": 0.054211555243307334, "profile_A61_p50": -0.09398988437787739, "profile_A62_p50": 0.06786579055894833, "profile_A63_p50": 0.05609223609963694, "unit_id": 55}}, {"type": "Feature", "geometry": {"type": "Polygon", "coordinates": [[[84.71472455360735, 20.763479814081798], [84.71508387972099, 20.763479814081798], [84.71508387972099, 20.763839140195444], [84.71490421666417, 20.763839140195444], [84.71490421666417, 20.763749308667034], [84.71481438513577, 20.763749308667034], [84.71481438513577, 20.76365947713862], [84.71472455360735, 20.76365947713862], [84.71472455360735, 20.763479814081798]]]}, "id": "+844+750", "properties": {"area_ha": 0.12128497818412075, "centroid_lat": 20.763635291699675, "centroid_lon": 84.71492840317333, "cluster_id": 1, "n_pixels": 12, "perim_m": 154.4002770911576, "profile_A00_p50": 0.03271580154003711, "profile_A01_p50": -0.11375341467856491, "profile_A02_p50": 0.14502358012698188, "profile_A03_p50": 0.03959149222005681, "profile_A04_p50": -0.030527205081604964, "profile_A05_p50": -0.059109560931666284, "profile_A06_p50": -0.08714236728077558, "profile_A07_p50": 0.19004517366198861, "profile_A08_p50": -0.09742691013455672, "profile_A09_p50": 0.05246428032381147, "profile_A10_p50": 0.0903839912043517, "profile_A11_p50": 0.06396969638284118, "profile_A12_p50": -0.30311452402904115, "profile_A13_p50": 0.020052965951416372, "profile_A14_p50": -0.0444413117461945, "profile_A15_p50": 0.06305666426498278, "profile_A16_p50": -0.026828031713742637, "profile_A17_p50": 0.04446795441187518, "profile_A18_p50": -0.06983080122288483, "profile_A19_p50": -0.017052298189478024, "profile_A20_p50": -0.34466440272476034, "profile_A21_p50": 0.3176269253135612, "profile_A22_p50": 0.277795582794932, "profile_A23_p50": -0.06489128113118889, "profile_A24_p50": 0.038339063717992033, "profile_A25_p50": 0.023901987066316726, "profile_A26_p50": 0.13237431101973818, "profile_A27_p50": 0.03951433416721946, "profile_A28_p50": -0.05443751669899556, "profile_A29_p50": 0.17207930230729043, "profile_A30_p50": 0.0287977790236459, "profile_A31_p50": 0.06689361953663718, "profile_A32_p50": -0.006945243488371015, "profile_A33_p50": -0.018058437216514258, "profile_A34_p50": 0.01801798984134666, "profile_A35_p50": -0.09227289352806284, "profile_A36_p50": -0.1500168932694884, "profile_A37_p50": 0.01023623617125179, "profile_A38_p50": 0.1647150595981434, "profile_A39_p50": -0.10885468643849414, "profile_A40_p50": 0.06306588951537889, "profile_A41_p50": 0.03667100002942101, "profile_A42_p50": -0.14514428798165818, "profile_A43_p50": 0.3448491278411489, "profile_A44_p50": 0.04539794597451391, "profile_A45_p50": 0.06589870806710484, "profile_A46_p50": -0.02778112571053548, "profile_A47_p50": 0.010734444636125716, "profile_A48_p50": -0.12455038136189558, "profile_A49_p50": 0.044471451794797744, "profile_A50_p50": -0.10399952773930678, "profile_A51_p50": 0.029827144024000656, "profile_A52_p50": -0.018048708711274394, "profile_A53_p50": -0.07273904843045319, "profile_A54_p50": 0.17321766443731382, "profile_A55_p50": -0.07765784986453983, "profile_A56_p50": -0.03371831346917852, "profile_A57_p50": -0.03263588178288644, "profile_A58_p50": -0.1194501360713451, "profile_A59_p50": -0.152898037244058, "profile_A60_p50": 0.054211555243307334, "profile_A61_p50": -0.09398988437787739, "profile_A62_p50": 0.06786579055894833, "profile_A63_p50": 0.05609223609963694, "unit_id": 56}}, {"type": "Feature", "geometry": {"type": "Polygon", "coordinates": [[[84.72424669561902, 20.76303065643974], [84.72442635867584, 20.76303065643974], [84.72442635867584, 20.76312048796815], [84.72451619020426, 20.76312048796815], [84.72451619020426, 20.76321031949656], [84.72424669561902, 20.76321031949656], [84.72424669561902, 20.76303065643974]]]}, "id": "+948+755", "properties": {"area_ha": 0.04664824033385167, "centroid_lat": 20.763129472240042, "centroid_lon": 84.72436347713256, "cluster_id": 2, "n_pixels": 5, "perim_m": 95.9092158735809, "profile_A00_p50": 0.01607929846723634, "profile_A01_p50": -0.09325928894552608, "profile_A02_p50": 0.15574265080948216, "profile_A03_p50": 0.05510718791275624, "profile_A04_p50": -0.03958326256288115, "profile_A05_p50": -0.012175294337919829, "profile_A06_p50": -0.06860958937213293, "profile_A07_p50": 0.15972123394716195, "profile_A08_p50": -0.09519653755341986, "profile_A09_p50": 0.03081455304969992, "profile_A10_p50": 0.09723644038592667, "profile_A11_p50": 0.054165564002202786, "profile_A12_p50": -0.3147218909719646, "profile_A13_p50": 0.040497469321907516, "profile_A14_p50": -0.022973498166712958, "profile_A15_p50": 0.09328417803107399, "profile_A16_p50": -0.03179032310251832, "profile_A17_p50": 0.05956912658424222, "profile_A18_p50": -0.08345493268382298, "profile_A19_p50": -0.00869351149030712, "profile_A20_p50": -0.32718595943376916, "profile_A21_p50": 0.3294839047918634, "profile_A22_p50": 0.2685499623513489, "profile_A23_p50": -0.03656012355091588, "profile_A24_p50": 0.0424956708138624, "profile_A25_p50": 0.04968691852140866, "profile_A26_p50": 0.14118621676056847, "profile_A27_p50": -0.0015169094507810382, "profile_A28_p50": -0.0551930306465149, "profile_A29_p50": 0.19672973847713127, "profile_A30_p50": 0.03563462265510587, "profile_A31_p50": 0.06891962816152455, "profile_A32_p50": -0.03370277333875243, "profile_A33_p50": -0.021022160498186202, "profile_A34_p50": 0.02194537343692845, "profile_A35_p50": -0.06489623050346346, "profile_A36_p50": -0.16667376452843582, "profile_A37_p50": 0.049301007118673384, "profile_A38_p50": 0.1625646481134659, "profile_A39_p50": -0.09667818203882567, "profile_A40_p50": 0.07177554247184999, "profile_A41_p50": 0.025849713758259157, "profile_A42_p50": -0.1603950383149332, "profile_A43_p50": 0.3206311935052324, "profile_A44_p50": 0.03949686181453972, "profile_A45_p50": 0.07957258653471222, "profile_A46_p50": -0.007244395135298514, "profile_A47_p50": 0.0009285263544765512, "profile_A48_p50": -0.14827138240108648, "profile_A49_p50": 0.04203039160903449, "profile_A50_p50": -0.0894084614750824, "profile_A51_p50": 0.0420021094092952, "profile_A52_p50": -0.026854651969123216, "profile_A53_p50": -0.05222646987672483, "profile_A54_p50": 0.19210230009974394, "profile_A55_p50": -0.09714178975171217, "profile_A56_p50": -0.02982483604049857, "profile_A57_p50": -0.031826696800191734, "profile_A58_p50": -0.11861554119579336, "profile_A59_p50": -0.16945468313000148, "profile_A60_p50": 0.024861352308783075, "profile_A61_p50": -0.06396893744907857, "profile_A62_p50": 0.09038286949991847, "profile_A63_p50": 0.06305566403851852, "unit_id": 57}}, {"type": "Feature", "geometry": {"type": "Polygon", "coordinates": [[[84.7091549988458, 20.760605205172613], [84.70933466190263, 20.760605205172613], [84.70933466190263, 20.760695036701026], [84.71014314565834, 20.760695036701026], [84.71014314565834, 20.76078486822944], [84.70996348260151, 20.76078486822944], [84.70996348260151, 20.76087469975785], [84.70969398801628, 20.76087469975785], [84.70969398801628, 20.760964531286263], [84.70951432495946, 20.760964531286263], [84.70951432495946, 20.761054362814676], [84.70933466190263, 20.761054362814676], [84.70933466190263, 20.7612340258715], [84.70924483037422, 20.7612340258715], [84.70924483037422, 20.76132385739991], [84.7091549988458, 20.76132385739991], [84.7091549988458, 20.76141368892832], [84.70897533578898, 20.76141368892832], [84.70897533578898, 20.761593351985145], [84.70879567273217, 20.761593351985145], [84.70879567273217, 20.761683183513558], [84.70852617814693, 20.761683183513558], [84.70852617814693, 20.762042509627207], [84.70843634661851, 20.762042509627207], [84.70843634661851, 20.762132341155617], [84.70870584120375, 20.762132341155617], [84.70870584120375, 20.76222217268403], [84.70888550426058, 20.76222217268403], [84.70888550426058, 20.762132341155617], [84.70897533578898, 20.762132341155617], [84.70897533578898, 20.762491667269266], [84.7083465150901, 20.762491667269266], [84.7083465150901, 20.76267133032609], [84.70798718897645, 20.76267133032609], [84.70798718897645, 20.762850993382912], [84.70780752591963, 20.762850993382912], [84.70780752591963, 20.762761161854502], [84.70735836827757, 20.762761161854502], [84.70735836827757, 20.762850993382912], [84.70726853674915, 20.762850993382912], [84.70726853674915, 20.762940824911325], [84.70708887369233, 20.762940824911325], [84.70708887369233, 20.762850993382912], [84.70699904216391, 20.762850993382912], [84.70699904216391, 20.762581498797676], [84.70646005299345, 20.762581498797676], [84.70646005299345, 20.762401835740853], [84.70628038993662, 20.762401835740853], [84.70628038993662, 20.762491667269266], [84.70619055840821, 20.762491667269266], [84.70619055840821, 20.762401835740853], [84.7061007268798, 20.762401835740853], [84.7061007268798, 20.762581498797676], [84.70583123229457, 20.762581498797676], [84.70583123229457, 20.76303065643974], [84.70565156923774, 20.76303065643974], [84.70565156923774, 20.76330015102497], [84.70556173770933, 20.76330015102497], [84.70556173770933, 20.763389982553385], [84.70547190618092, 20.763389982553385], [84.70547190618092, 20.763479814081798], [84.70475325395363, 20.763479814081798], [84.70475325395363, 20.763389982553385], [84.7045735908968, 20.763389982553385], [84.7045735908968, 20.76330015102497], [84.70448375936839, 20.76330015102497], [84.70448375936839, 20.763479814081798], [84.70439392783997, 20.763479814081798], [84.70439392783997, 20.763389982553385], [84.70430409631156, 20.763389982553385], [84.70430409631156, 20.76330015102497], [84.70421426478315, 20.76330015102497], [84.70421426478315, 20.76321031949656], [84.70412443325473, 20.76321031949656], [84.70412443325473, 20.762940824911325], [84.70403460172632, 20.762940824911325], [84.70403460172632, 20.762850993382912], [84.70394477019792, 20.762850993382912], [84.70394477019792, 20.76267133032609], [84.70385493866951, 20.76267133032609], [84.70385493866951, 20.76231200421244], [84.7037651071411, 20.76231200421244], [84.7037651071411, 20.76222217268403], [84.70394477019792, 20.76222217268403], [84.70394477019792, 20.762042509627207], [84.70412443325473, 20.762042509627207], [84.70412443325473, 20.76186284657038], [84.70421426478315, 20.76186284657038], [84.70421426478315, 20.761683183513558], [84.7045735908968, 20.761683183513558], [84.7045735908968, 20.761593351985145], [84.70466342242521, 20.761593351985145], [84.70466342242521, 20.761503520456735], [84.70493291701045, 20.761503520456735], [84.70493291701045, 20.76141368892832], [84.70502274853885, 20.76141368892832], [84.70502274853885, 20.76132385739991], [84.70511258006727, 20.76132385739991], [84.70511258006727, 20.761503520456735], [84.70529224312409, 20.761503520456735], [84.70529224312409, 20.761683183513558], [84.70511258006727, 20.761683183513558], [84.70511258006727, 20.761952678098794], [84.70502274853885, 20.761952678098794], [84.70502274853885, 20.762042509627207], [84.70493291701045, 20.762042509627207], [84.70493291701045, 20.762581498797676], [84.7053820746525, 20.762581498797676], [84.7053820746525, 20.76267133032609], [84.70529224312409, 20.76267133032609], [84.70529224312409, 20.762761161854502], [84.70556173770933, 20.762761161854502], [84.70556173770933, 20.76267133032609], [84.70565156923774, 20.76267133032609], [84.70565156923774, 20.76231200421244], [84.70547190618092, 20.76231200421244], [84.70547190618092, 20.76222217268403], [84.70529224312409, 20.76222217268403], [84.70529224312409, 20.76186284657038], [84.70547190618092, 20.76186284657038], [84.70547190618092, 20.761683183513558], [84.70628038993662, 20.761683183513558], [84.70628038993662, 20.761593351985145], [84.70637022146504, 20.761593351985145], [84.70637022146504, 20.761503520456735], [84.70699904216391, 20.761503520456735], [84.70699904216391, 20.761683183513558], [84.70771769439122, 20.761683183513558], [84.70771769439122, 20.761593351985145], [84.70780752591963, 20.761593351985145], [84.70780752591963, 20.761503520456735], [84.70798718897645, 20.761503520456735], [84.70798718897645, 20.76141368892832], [84.70807702050486, 20.76141368892832], [84.70807702050486, 20.761503520456735], [84.7083465150901, 20.761503520456735], [84.7083465150901, 20.761593351985145], [84.70879567273217, 20.761593351985145], [84.70879567273217, 20.76141368892832], [84.70897533578898, 20.76141368892832], [84.70897533578898, 20.760695036701026], [84.7091549988458, 20.760695036701026], [84.7091549988458, 20.760605205172613]], [[84.70717870522074, 20.76186284657038], [84.70708887369233, 20.76186284657038], [84.70708887369233, 20.761952678098794], [84.70699904216391, 20.761952678098794], [84.70699904216391, 20.762042509627207], [84.70690921063552, 20.762042509627207], [84.70690921063552, 20.762132341155617], [84.7068193791071, 20.762132341155617], [84.7068193791071, 20.76222217268403], [84.70699904216391, 20.76222217268403], [84.70699904216391, 20.762401835740853], [84.70708887369233, 20.762401835740853], [84.70708887369233, 20.762491667269266], [84.70717870522074, 20.762491667269266], [84.70717870522074, 20.76186284657038]]]}, "id": "+780+782", "properties": {"area_ha": 7.081243728403701, "centroid_lat": 20.762222473967594, "centroid_lon": 84.70636827518739, "cluster_id": 4, "n_pixels": 708, "perim_m": 3076.200108569135, "profile_A00_p50": 0.008298719271209898, "profile_A01_p50": -0.07469093083856637, "profile_A02_p50": 0.10800947522008073, "profile_A03_p50": 0.042509368788694345, "profile_A04_p50": -0.0426968752367191, "profile_A05_p50": -0.035637829955731025, "profile_A06_p50": -0.11672119490849256, "profile_A07_p50": 0.1879339575124317, "profile_A08_p50": -0.09056467087096307, "profile_A09_p50": 0.02784888560411792, "profile_A10_p50": 0.13035981317009449, "profile_A11_p50": 0.04055068175022038, "profile_A12_p50": -0.28337253413690394, "profile_A13_p50": 0.00920730971179795, "profile_A14_p50": -0.00631346145666523, "profile_A15_p50": 0.08445701720660749, "profile_A16_p50": 0.02009065134032393, "profile_A17_p50": -0.005374245558789961, "profile_A18_p50": -0.12753547752193758, "profile_A19_p50": -0.02636053172914466, "profile_A20_p50": -0.3448337901468831, "profile_A21_p50": 0.23924268443760954, "profile_A22_p50": 0.2668584096133238, "profile_A23_p50": -0.08246815537529702, "profile_A24_p50": 0.054209222287167604, "profile_A25_p50": 0.05517862437141477, "profile_A26_p50": 0.16861587015911478, "profile_A27_p50": 0.02004404617553407, "profile_A28_p50": -0.06304713017515787, "profile_A29_p50": 0.18409949661579186, "profile_A30_p50": 0.03468089694248157, "profile_A31_p50": 0.11366739288307917, "profile_A32_p50": 0.06355504293220554, "profile_A33_p50": -0.004423659897708341, "profile_A34_p50": 0.008257852016711918, "profile_A35_p50": -0.09322247950836049, "profile_A36_p50": -0.16167501343971927, "profile_A37_p50": 0.034661716321991116, "profile_A38_p50": 0.13828788705087675, "profile_A39_p50": -0.10208791913055798, "profile_A40_p50": 0.072745413785482, "profile_A41_p50": 0.010221496165756606, "profile_A42_p50": -0.14121588025699564, "profile_A43_p50": 0.36176283961759326, "profile_A44_p50": 0.0923545115367329, "profile_A45_p50": 0.04736357808490588, "profile_A46_p50": -0.001486207047519609, "profile_A47_p50": 0.06932482426170772, "profile_A48_p50": -0.09914769377745158, "profile_A49_p50": 0.05516344787003127, "profile_A50_p50": -0.07473759967606994, "profile_A51_p50": -0.018005005863692303, "profile_A52_p50": -0.021956786117321023, "profile_A53_p50": -0.02191261535365175, "profile_A54_p50": 0.21074593544216133, "profile_A55_p50": -0.08645343992073713, "profile_A56_p50": -0.001471265807888118, "profile_A57_p50": -0.06401087301105515, "profile_A58_p50": -0.079561458992199, "profile_A59_p50": -0.16944114490982223, "profile_A60_p50": 0.0542095775129224, "profile_A61_p50": -0.10405342674469938, "profile_A62_p50": 0.08108809878029077, "profile_A63_p50": 0.07466769191336665, "unit_id": 58}}, {"type": "Feature", "geometry": {"type": "Polygon", "coordinates": [[[84.72451619020426, 20.760695036701026], [84.72460602173267, 20.760695036701026], [84.72460602173267, 20.76087469975785], [84.7248755163179, 20.76087469975785], [84.7248755163179, 20.760964531286263], [84.72532467395996, 20.760964531286263], [84.72532467395996, 20.761054362814676], [84.72568400007361, 20.761054362814676], [84.72568400007361, 20.7612340258715], [84.72586366313043, 20.7612340258715], [84.72586366313043, 20.76231200421244], [84.72577383160201, 20.76231200421244], [84.72577383160201, 20.762940824911325], [84.72568400007361, 20.762940824911325], [84.72568400007361, 20.76312048796815], [84.7255941685452, 20.76312048796815], [84.7255941685452, 20.76303065643974], [84.72532467395996, 20.76303065643974], [84.72532467395996, 20.762940824911325], [84.72523484243155, 20.762940824911325], [84.72523484243155, 20.762850993382912], [84.72505517937472, 20.762850993382912], [84.72505517937472, 20.76231200421244], [84.72469585326108, 20.76231200421244], [84.72469585326108, 20.761952678098794], [84.72442635867584, 20.761952678098794], [84.72442635867584, 20.76186284657038], [84.72451619020426, 20.76186284657038], [84.72451619020426, 20.761683183513558], [84.72442635867584, 20.761683183513558], [84.72442635867584, 20.76177301504197], [84.72433652714743, 20.76177301504197], [84.72433652714743, 20.761683183513558], [84.72442635867584, 20.761683183513558], [84.72442635867584, 20.761593351985145], [84.7241568640906, 20.761593351985145], [84.7241568640906, 20.761952678098794], [84.72388736950536, 20.761952678098794], [84.72388736950536, 20.762132341155617], [84.72406703256219, 20.762132341155617], [84.72406703256219, 20.76231200421244], [84.72388736950536, 20.76231200421244], [84.72388736950536, 20.762132341155617], [84.72370770644855, 20.762132341155617], [84.72370770644855, 20.762042509627207], [84.72361787492014, 20.762042509627207], [84.72361787492014, 20.761952678098794], [84.72352804339172, 20.761952678098794], [84.72352804339172, 20.76177301504197], [84.72388736950536, 20.76177301504197], [84.72388736950536, 20.761593351985145], [84.72406703256219, 20.761593351985145], [84.72406703256219, 20.76141368892832], [84.7241568640906, 20.76141368892832], [84.7241568640906, 20.7612340258715], [84.72433652714743, 20.7612340258715], [84.72433652714743, 20.761054362814676], [84.72451619020426, 20.761054362814676], [84.72451619020426, 20.760695036701026]], [[84.72514501090313, 20.761952678098794], [84.72505517937472, 20.761952678098794], [84.72505517937472, 20.762042509627207], [84.72496534784631, 20.762042509627207], [84.72496534784631, 20.76222217268403], [84.72505517937472, 20.76222217268403], [84.72505517937472, 20.76231200421244], [84.72523484243155, 20.76231200421244], [84.72523484243155, 20.762042509627207], [84.72514501090313, 20.762042509627207], [84.72514501090313, 20.761952678098794]]]}, "id": "+950+781", "properties": {"area_ha": 2.957523740593958, "centroid_lat": 20.761810278633796, "centroid_lon": 84.72504115100641, "cluster_id": 2, "n_pixels": 296, "perim_m": 1413.0476610262822, "profile_A00_p50": 0.01607929846723634, "profile_A01_p50": -0.09325928894552608, "profile_A02_p50": 0.15574265080948216, "profile_A03_p50": 0.05510718791275624, "profile_A04_p50": -0.03958326256288115, "profile_A05_p50": -0.012175294337919829, "profile_A06_p50": -0.06860958937213293, "profile_A07_p50": 0.15972123394716195, "profile_A08_p50": -0.09519653755341986, "profile_A09_p50": 0.03081455304969992, "profile_A10_p50": 0.09723644038592667, "profile_A11_p50": 0.054165564002202786, "profile_A12_p50": -0.3147218909719646, "profile_A13_p50": 0.040497469321907516, "profile_A14_p50": -0.022973498166712958, "profile_A15_p50": 0.09328417803107399, "profile_A16_p50": -0.03179032310251832, "profile_A17_p50": 0.05956912658424222, "profile_A18_p50": -0.08345493268382298, "profile_A19_p50": -0.00869351149030712, "profile_A20_p50": -0.32718595943376916, "profile_A21_p50": 0.3294839047918634, "profile_A22_p50": 0.2685499623513489, "profile_A23_p50": -0.03656012355091588, "profile_A24_p50": 0.0424956708138624, "profile_A25_p50": 0.04968691852140866, "profile_A26_p50": 0.14118621676056847, "profile_A27_p50": -0.0015169094507810382, "profile_A28_p50": -0.0551930306465149, "profile_A29_p50": 0.19672973847713127, "profile_A30_p50": 0.03563462265510587, "profile_A31_p50": 0.06891962816152455, "profile_A32_p50": -0.03370277333875243, "profile_A33_p50": -0.021022160498186202, "profile_A34_p50": 0.02194537343692845, "profile_A35_p50": -0.06489623050346346, "profile_A36_p50": -0.16667376452843582, "profile_A37_p50": 0.049301007118673384, "profile_A38_p50": 0.1625646481134659, "profile_A39_p50": -0.09667818203882567, "profile_A40_p50": 0.07177554247184999, "profile_A41_p50": 0.025849713758259157, "profile_A42_p50": -0.1603950383149332, "profile_A43_p50": 0.3206311935052324, "profile_A44_p50": 0.03949686181453972, "profile_A45_p50": 0.07957258653471222, "profile_A46_p50": -0.007244395135298514, "profile_A47_p50": 0.0009285263544765512, "profile_A48_p50": -0.14827138240108648, "profile_A49_p50": 0.04203039160903449, "profile_A50_p50": -0.0894084614750824, "profile_A51_p50": 0.0420021094092952, "profile_A52_p50": -0.026854651969123216, "profile_A53_p50": -0.05222646987672483, "profile_A54_p50": 0.19210230009974394, "profile_A55_p50": -0.09714178975171217, "profile_A56_p50": -0.02982483604049857, "profile_A57_p50": -0.031826696800191734, "profile_A58_p50": -0.11861554119579336, "profile_A59_p50": -0.16945468313000148, "profile_A60_p50": 0.024861352308783075, "profile_A61_p50": -0.06396893744907857, "profile_A62_p50": 0.09038286949991847, "profile_A63_p50": 0.06305566403851852, "unit_id": 59}}, {"type": "Feature", "geometry": {"type": "Polygon", "coordinates": [[[84.71930596155636, 20.759706889888495], [84.7203839398973, 20.759706889888495], [84.7203839398973, 20.759796721416908], [84.72047377142572, 20.759796721416908], [84.72047377142572, 20.760066216002144], [84.7203839398973, 20.760066216002144], [84.7203839398973, 20.76042554211579], [84.72047377142572, 20.76042554211579], [84.72047377142572, 20.760515373644203], [84.72056360295413, 20.760515373644203], [84.72056360295413, 20.760695036701026], [84.72065343448254, 20.760695036701026], [84.72065343448254, 20.76078486822944], [84.72047377142572, 20.76078486822944], [84.72047377142572, 20.760964531286263], [84.7203839398973, 20.760964531286263], [84.7203839398973, 20.761144194343085], [84.72029410836889, 20.761144194343085], [84.72029410836889, 20.76132385739991], [84.71993478225524, 20.76132385739991], [84.71993478225524, 20.761503520456735], [84.7195754561416, 20.761503520456735], [84.7195754561416, 20.761593351985145], [84.71948562461318, 20.761593351985145], [84.71948562461318, 20.761683183513558], [84.71912629849953, 20.761683183513558], [84.71912629849953, 20.761593351985145], [84.71903646697112, 20.761593351985145], [84.71903646697112, 20.761503520456735], [84.71885680391429, 20.761503520456735], [84.71885680391429, 20.761593351985145], [84.7187669723859, 20.761593351985145], [84.7187669723859, 20.761683183513558], [84.71885680391429, 20.761683183513558], [84.71885680391429, 20.76177301504197], [84.7187669723859, 20.76177301504197], [84.7187669723859, 20.76186284657038], [84.71858730932907, 20.76186284657038], [84.71858730932907, 20.762042509627207], [84.71831781474383, 20.762042509627207], [84.71831781474383, 20.76222217268403], [84.71741949945971, 20.76222217268403], [84.71741949945971, 20.762042509627207], [84.71723983640288, 20.762042509627207], [84.71723983640288, 20.761952678098794], [84.71715000487447, 20.761952678098794], [84.71715000487447, 20.76186284657038], [84.71679067876083, 20.76186284657038], [84.71679067876083, 20.762042509627207], [84.716611015704, 20.762042509627207], [84.716611015704, 20.76222217268403], [84.71571270041989, 20.76222217268403], [84.71571270041989, 20.762401835740853], [84.71562286889147, 20.762401835740853], [84.71562286889147, 20.762491667269266], [84.71544320583465, 20.762491667269266], [84.71544320583465, 20.762581498797676], [84.71526354277782, 20.762581498797676], [84.71526354277782, 20.762761161854502], [84.71463472207894, 20.762761161854502], [84.71463472207894, 20.76267133032609], [84.71409573290846, 20.76267133032609], [84.71409573290846, 20.762491667269266], [84.71391606985163, 20.762491667269266], [84.71391606985163, 20.76231200421244], [84.71382623832324, 20.76231200421244], [84.71382623832324, 20.762401835740853], [84.71373640679482, 20.762401835740853], [84.71373640679482, 20.762491667269266], [84.71337708068117, 20.762491667269266], [84.71337708068117, 20.76267133032609], [84.71319741762434, 20.76267133032609], [84.71319741762434, 20.762401835740853], [84.71310758609593, 20.762401835740853], [84.71310758609593, 20.762132341155617], [84.71319741762434, 20.762132341155617], [84.71319741762434, 20.762042509627207], [84.71337708068117, 20.762042509627207], [84.71337708068117, 20.761952678098794], [84.71346691220958, 20.761952678098794], [84.71346691220958, 20.76177301504197], [84.71337708068117, 20.76177301504197], [84.71337708068117, 20.761683183513558], [84.71319741762434, 20.761683183513558], [84.71319741762434, 20.76177301504197], [84.71301775456752, 20.76177301504197], [84.71301775456752, 20.76186284657038], [84.7128380915107, 20.76186284657038], [84.7128380915107, 20.761952678098794], [84.71256859692546, 20.761952678098794], [84.71256859692546, 20.762132341155617], [84.71238893386864, 20.762132341155617], [84.71238893386864, 20.76222217268403], [84.71229910234022, 20.76222217268403], [84.71229910234022, 20.76231200421244], [84.71184994469817, 20.76231200421244], [84.71184994469817, 20.762132341155617], [84.71167028164135, 20.762132341155617], [84.71167028164135, 20.762042509627207], [84.7114007870561, 20.762042509627207], [84.7114007870561, 20.762132341155617], [84.71104146094245, 20.762132341155617], [84.71104146094245, 20.76177301504197], [84.71095162941404, 20.76177301504197], [84.71095162941404, 20.761593351985145], [84.71086179788564, 20.761593351985145], [84.71086179788564, 20.761503520456735], [84.71095162941404, 20.761503520456735], [84.71095162941404, 20.76141368892832], [84.71086179788564, 20.76141368892832], [84.71086179788564, 20.7612340258715], [84.7105923033004, 20.7612340258715], [84.7105923033004, 20.761144194343085], [84.71050247177199, 20.761144194343085], [84.71050247177199, 20.76087469975785], [84.71032280871516, 20.76087469975785], [84.71032280871516, 20.760515373644203], [84.71050247177199, 20.760515373644203], [84.71050247177199, 20.760335710587377], [84.7105923033004, 20.760335710587377], [84.7105923033004, 20.760245879058967], [84.71068213482882, 20.760245879058967], [84.71068213482882, 20.760605205172613], [84.7113109555277, 20.760605205172613], [84.7113109555277, 20.760515373644203], [84.71149061858452, 20.760515373644203], [84.71149061858452, 20.760335710587377], [84.71158045011293, 20.760335710587377], [84.71158045011293, 20.760245879058967], [84.71167028164135, 20.760245879058967], [84.71167028164135, 20.760156047530554], [84.71176011316976, 20.760156047530554], [84.71176011316976, 20.760245879058967], [84.71167028164135, 20.760245879058967], [84.71167028164135, 20.760335710587377], [84.71176011316976, 20.760335710587377], [84.71176011316976, 20.760515373644203], [84.71193977622657, 20.760515373644203], [84.71193977622657, 20.76042554211579], [84.71202960775499, 20.76042554211579], [84.71202960775499, 20.760515373644203], [84.7121194392834, 20.760515373644203], [84.7121194392834, 20.760605205172613], [84.71220927081181, 20.760605205172613], [84.71220927081181, 20.760695036701026], [84.71238893386864, 20.760695036701026], [84.71238893386864, 20.760605205172613], [84.7128380915107, 20.760605205172613], [84.7128380915107, 20.76087469975785], [84.7129279230391, 20.76087469975785], [84.7129279230391, 20.761054362814676], [84.71301775456752, 20.761054362814676], [84.71301775456752, 20.760964531286263], [84.71310758609593, 20.760964531286263], [84.71310758609593, 20.76087469975785], [84.71328724915276, 20.76087469975785], [84.71328724915276, 20.76078486822944], [84.71337708068117, 20.76078486822944], [84.71337708068117, 20.760695036701026], [84.713556743738, 20.760695036701026], [84.713556743738, 20.760605205172613], [84.71373640679482, 20.760605205172613], [84.71373640679482, 20.760515373644203], [84.71391606985163, 20.760515373644203], [84.71391606985163, 20.76042554211579], [84.71418556443687, 20.76042554211579], [84.71418556443687, 20.760335710587377], [84.71454489055053, 20.760335710587377], [84.71454489055053, 20.760156047530554], [84.71490421666417, 20.760156047530554], [84.71490421666417, 20.75997638447373], [84.71535337430623, 20.75997638447373], [84.71535337430623, 20.760156047530554], [84.71553303736306, 20.760156047530554], [84.71553303736306, 20.760245879058967], [84.71544320583465, 20.760245879058967], [84.71544320583465, 20.760605205172613], [84.71553303736306, 20.760605205172613], [84.71553303736306, 20.760695036701026], [84.7158025319483, 20.760695036701026], [84.7158025319483, 20.760964531286263], [84.71625168959035, 20.760964531286263], [84.71625168959035, 20.76087469975785], [84.71652118417559, 20.76087469975785], [84.71652118417559, 20.760964531286263], [84.71723983640288, 20.760964531286263], [84.71723983640288, 20.761144194343085], [84.7173296679313, 20.761144194343085], [84.7173296679313, 20.761054362814676], [84.71750933098812, 20.761054362814676], [84.71750933098812, 20.761144194343085], [84.718138151687, 20.761144194343085], [84.718138151687, 20.760964531286263], [84.71840764627224, 20.760964531286263], [84.71840764627224, 20.76078486822944], [84.71903646697112, 20.76078486822944], [84.71903646697112, 20.760695036701026], [84.71912629849953, 20.760695036701026], [84.71912629849953, 20.76078486822944], [84.71948562461318, 20.76078486822944], [84.71948562461318, 20.76042554211579], [84.71930596155636, 20.76042554211579], [84.71930596155636, 20.760245879058967], [84.71921613002795, 20.760245879058967], [84.71921613002795, 20.760156047530554], [84.71912629849953, 20.760156047530554], [84.71912629849953, 20.759886552945318], [84.71921613002795, 20.759886552945318], [84.71921613002795, 20.759796721416908], [84.71930596155636, 20.759796721416908], [84.71930596155636, 20.759706889888495]], [[84.71759916251654, 20.761952678098794], [84.71741949945971, 20.761952678098794], [84.71741949945971, 20.762042509627207], [84.71759916251654, 20.762042509627207], [84.71759916251654, 20.761952678098794]], [[84.71795848863017, 20.761952678098794], [84.71786865710176, 20.761952678098794], [84.71786865710176, 20.762042509627207], [84.71795848863017, 20.762042509627207], [84.71795848863017, 20.761952678098794]], [[84.718138151687, 20.761952678098794], [84.71804832015859, 20.761952678098794], [84.71804832015859, 20.762042509627207], [84.718138151687, 20.762042509627207], [84.718138151687, 20.761952678098794]], [[84.71948562461318, 20.7612340258715], [84.71930596155636, 20.7612340258715], [84.71930596155636, 20.76132385739991], [84.71912629849953, 20.76132385739991], [84.71912629849953, 20.761503520456735], [84.71948562461318, 20.761503520456735], [84.71948562461318, 20.7612340258715]]]}, "id": "+903+792", "properties": {"area_ha": 17.437318668041065, "centroid_lat": 20.76131399961822, "centroid_lon": 84.71528404698013, "cluster_id": 4, "n_pixels": 1744, "perim_m": 4334.654106776887, "profile_A00_p50": 0.008298719271209898, "profile_A01_p50": -0.07469093083856637, "profile_A02_p50": 0.10800947522008073, "profile_A03_p50": 0.042509368788694345, "profile_A04_p50": -0.0426968752367191, "profile_A05_p50": -0.035637829955731025, "profile_A06_p50": -0.11672119490849256, "profile_A07_p50": 0.1879339575124317, "profile_A08_p50": -0.09056467087096307, "profile_A09_p50": 0.02784888560411792, "profile_A10_p50": 0.13035981317009449, "profile_A11_p50": 0.04055068175022038, "profile_A12_p50": -0.28337253413690394, "profile_A13_p50": 0.00920730971179795, "profile_A14_p50": -0.00631346145666523, "profile_A15_p50": 0.08445701720660749, "profile_A16_p50": 0.02009065134032393, "profile_A17_p50": -0.005374245558789961, "profile_A18_p50": -0.12753547752193758, "profile_A19_p50": -0.02636053172914466, "profile_A20_p50": -0.3448337901468831, "profile_A21_p50": 0.23924268443760954, "profile_A22_p50": 0.2668584096133238, "profile_A23_p50": -0.08246815537529702, "profile_A24_p50": 0.054209222287167604, "profile_A25_p50": 0.05517862437141477, "profile_A26_p50": 0.16861587015911478, "profile_A27_p50": 0.02004404617553407, "profile_A28_p50": -0.06304713017515787, "profile_A29_p50": 0.18409949661579186, "profile_A30_p50": 0.03468089694248157, "profile_A31_p50": 0.11366739288307917, "profile_A32_p50": 0.06355504293220554, "profile_A33_p50": -0.004423659897708341, "profile_A34_p50": 0.008257852016711918, "profile_A35_p50": -0.09322247950836049, "profile_A36_p50": -0.16167501343971927, "profile_A37_p50": 0.034661716321991116, "profile_A38_p50": 0.13828788705087675, "profile_A39_p50": -0.10208791913055798, "profile_A40_p50": 0.072745413785482, "profile_A41_p50": 0.010221496165756606, "profile_A42_p50": -0.14121588025699564, "profile_A43_p50": 0.36176283961759326, "profile_A44_p50": 0.0923545115367329, "profile_A45_p50": 0.04736357808490588, "profile_A46_p50": -0.001486207047519609, "profile_A47_p50": 0.06932482426170772, "profile_A48_p50": -0.09914769377745158, "profile_A49_p50": 0.05516344787003127, "profile_A50_p50": -0.07473759967606994, "profile_A51_p50": -0.018005005863692303, "profile_A52_p50": -0.021956786117321023, "profile_A53_p50": -0.02191261535365175, "profile_A54_p50": 0.21074593544216133, "profile_A55_p50": -0.08645343992073713, "profile_A56_p50": -0.001471265807888118, "profile_A57_p50": -0.06401087301105515, "profile_A58_p50": -0.079561458992199, "profile_A59_p50": -0.16944114490982223, "profile_A60_p50": 0.0542095775129224, "profile_A61_p50": -0.10405342674469938, "profile_A62_p50": 0.08108809878029077, "profile_A63_p50": 0.07466769191336665, "unit_id": 60}}, {"type": "Feature", "geometry": {"type": "Polygon", "coordinates": [[[84.70996348260151, 20.758808574604377], [84.71095162941404, 20.758808574604377], [84.71095162941404, 20.758898406132786], [84.71113129247087, 20.758898406132786], [84.71113129247087, 20.759078069189613], [84.7114007870561, 20.759078069189613], [84.7114007870561, 20.759167900718023], [84.71149061858452, 20.759167900718023], [84.71149061858452, 20.759347563774845], [84.71158045011293, 20.759347563774845], [84.71158045011293, 20.75943739530326], [84.71167028164135, 20.75943739530326], [84.71167028164135, 20.759796721416908], [84.71184994469817, 20.759796721416908], [84.71184994469817, 20.759886552945318], [84.71176011316976, 20.759886552945318], [84.71176011316976, 20.760156047530554], [84.71167028164135, 20.760156047530554], [84.71167028164135, 20.760245879058967], [84.71158045011293, 20.760245879058967], [84.71158045011293, 20.760335710587377], [84.71149061858452, 20.760335710587377], [84.71149061858452, 20.760515373644203], [84.7113109555277, 20.760515373644203], [84.7113109555277, 20.760605205172613], [84.71068213482882, 20.760605205172613], [84.71068213482882, 20.760245879058967], [84.7105923033004, 20.760245879058967], [84.7105923033004, 20.760335710587377], [84.71050247177199, 20.760335710587377], [84.71050247177199, 20.760515373644203], [84.71032280871516, 20.760515373644203], [84.71032280871516, 20.760695036701026], [84.70933466190263, 20.760695036701026], [84.70933466190263, 20.760605205172613], [84.7091549988458, 20.760605205172613], [84.7091549988458, 20.760695036701026], [84.70897533578898, 20.760695036701026], [84.70897533578898, 20.76087469975785], [84.70861600967534, 20.76087469975785], [84.70861600967534, 20.76078486822944], [84.70816685203327, 20.76078486822944], [84.70816685203327, 20.760695036701026], [84.70807702050486, 20.760695036701026], [84.70807702050486, 20.760605205172613], [84.70789735744805, 20.760605205172613], [84.70789735744805, 20.760515373644203], [84.70780752591963, 20.760515373644203], [84.70780752591963, 20.760066216002144], [84.70789735744805, 20.760066216002144], [84.70789735744805, 20.759886552945318], [84.70798718897645, 20.759886552945318], [84.70798718897645, 20.759706889888495], [84.70816685203327, 20.759706889888495], [84.70816685203327, 20.75961705836008], [84.70825668356169, 20.75961705836008], [84.70825668356169, 20.759527226831672], [84.70843634661851, 20.759527226831672], [84.70843634661851, 20.759347563774845], [84.70861600967534, 20.759347563774845], [84.70861600967534, 20.759167900718023], [84.70888550426058, 20.759167900718023], [84.70888550426058, 20.759078069189613], [84.70897533578898, 20.759078069189613], [84.70897533578898, 20.7589882376612], [84.70933466190263, 20.7589882376612], [84.70933466190263, 20.758898406132786], [84.7097838195447, 20.758898406132786], [84.7097838195447, 20.758808574604377], [84.70987365107311, 20.758808574604377], [84.70987365107311, 20.758898406132786], [84.70996348260151, 20.758898406132786], [84.70996348260151, 20.758808574604377]]]}, "id": "+798+802", "properties": {"area_ha": 6.92274839713665, "centroid_lat": 20.759843818040906, "centroid_lon": 84.70982752623844, "cluster_id": 0, "n_pixels": 692, "perim_m": 1418.7649217960197, "profile_A00_p50": 0.04054206257666465, "profile_A01_p50": -0.03658974030369647, "profile_A02_p50": 0.09623697845151133, "profile_A03_p50": 0.05785909848193583, "profile_A04_p50": -0.010026570976974663, "profile_A05_p50": -0.04545266818035637, "profile_A06_p50": -0.16042192844961006, "profile_A07_p50": 0.19302319620658717, "profile_A08_p50": -0.09325211310164169, "profile_A09_p50": 0.02586388222681956, "profile_A10_p50": 0.14609218676577387, "profile_A11_p50": 0.09905186401579573, "profile_A12_p50": -0.26948609509163135, "profile_A13_p50": -0.032466514957864435, "profile_A14_p50": -0.03865965637591937, "profile_A15_p50": 0.06275632693164412, "profile_A16_p50": 0.03365639748368799, "profile_A17_p50": -0.023923139569975143, "profile_A18_p50": -0.14502838274871654, "profile_A19_p50": 0.012799635467840006, "profile_A20_p50": -0.3324193475604358, "profile_A21_p50": 0.1750000614445796, "profile_A22_p50": 0.2776621429129084, "profile_A23_p50": -0.09389332003988037, "profile_A24_p50": 0.06080272156396725, "profile_A25_p50": 0.007305209943802299, "profile_A26_p50": 0.18213712674612334, "profile_A27_p50": 0.031789510237997774, "profile_A28_p50": -0.10300356421814727, "profile_A29_p50": 0.1711437365463522, "profile_A30_p50": 0.05124301304232101, "profile_A31_p50": 0.18080009214621373, "profile_A32_p50": 0.1630833345199615, "profile_A33_p50": -0.010215345998665403, "profile_A34_p50": -0.03368006607145399, "profile_A35_p50": -0.0659455367494315, "profile_A36_p50": -0.15470253851672142, "profile_A37_p50": -0.05321023732522269, "profile_A38_p50": 0.1020915058944171, "profile_A39_p50": -0.06982122260668971, "profile_A40_p50": 0.027899473514896155, "profile_A41_p50": 0.010210317968872373, "profile_A42_p50": -0.12224336793540946, "profile_A43_p50": 0.36190288416355304, "profile_A44_p50": 0.12659293545106692, "profile_A45_p50": 0.04144047161348198, "profile_A46_p50": -0.0024263744713571697, "profile_A47_p50": 0.08886706105592142, "profile_A48_p50": -0.08371082347245362, "profile_A49_p50": 0.05712379678346407, "profile_A50_p50": -0.06103032267629595, "profile_A51_p50": -0.08450244576056168, "profile_A52_p50": -0.01683614171384127, "profile_A53_p50": -0.043398539788562, "profile_A54_p50": 0.17651596489479363, "profile_A55_p50": -0.1169332110315279, "profile_A56_p50": 0.015153767587446939, "profile_A57_p50": -0.0776675637575292, "profile_A58_p50": -0.08064218749339858, "profile_A59_p50": -0.1859796307604164, "profile_A60_p50": 0.05131267368868291, "profile_A61_p50": -0.09616362316216193, "profile_A62_p50": 0.03771037246037348, "profile_A63_p50": 0.031665476648175615, "unit_id": 61}}, {"type": "Feature", "geometry": {"type": "Polygon", "coordinates": [[[84.7091549988458, 20.756652617922487], [84.71095162941404, 20.756652617922487], [84.71095162941404, 20.7567424494509], [84.71229910234022, 20.7567424494509], [84.71229910234022, 20.756832280979314], [84.71346691220958, 20.756832280979314], [84.71346691220958, 20.757461101678196], [84.71364657526641, 20.757461101678196], [84.71364657526641, 20.75764076473502], [84.71382623832324, 20.75764076473502], [84.71382623832324, 20.758000090848668], [84.71400590138005, 20.758000090848668], [84.71400590138005, 20.75817975390549], [84.71418556443687, 20.75817975390549], [84.71418556443687, 20.758359416962314], [84.71472455360735, 20.758359416962314], [84.71472455360735, 20.758718743075963], [84.71490421666417, 20.758718743075963], [84.71490421666417, 20.758898406132786], [84.7151737112494, 20.758898406132786], [84.7151737112494, 20.7589882376612], [84.71526354277782, 20.7589882376612], [84.71526354277782, 20.758898406132786], [84.71535337430623, 20.758898406132786], [84.71535337430623, 20.759078069189613], [84.71607202653352, 20.759078069189613], [84.71607202653352, 20.759167900718023], [84.71652118417559, 20.759167900718023], [84.71652118417559, 20.7589882376612], [84.71706017334606, 20.7589882376612], [84.71706017334606, 20.759078069189613], [84.71715000487447, 20.759078069189613], [84.71715000487447, 20.759167900718023], [84.71723983640288, 20.759167900718023], [84.71723983640288, 20.759347563774845], [84.71741949945971, 20.759347563774845], [84.71741949945971, 20.75943739530326], [84.71750933098812, 20.75943739530326], [84.71750933098812, 20.759527226831672], [84.71777882557336, 20.759527226831672], [84.71777882557336, 20.75961705836008], [84.71831781474383, 20.75961705836008], [84.71831781474383, 20.759706889888495], [84.71840764627224, 20.759706889888495], [84.71840764627224, 20.758898406132786], [84.71849747780065, 20.758898406132786], [84.71849747780065, 20.7589882376612], [84.71858730932907, 20.7589882376612], [84.71858730932907, 20.758808574604377], [84.71885680391429, 20.758808574604377], [84.71885680391429, 20.758718743075963], [84.7189466354427, 20.758718743075963], [84.7189466354427, 20.75862891154755], [84.71921613002795, 20.75862891154755], [84.71921613002795, 20.758449248490727], [84.71939579308477, 20.758449248490727], [84.71939579308477, 20.758269585433904], [84.7195754561416, 20.758269585433904], [84.7195754561416, 20.75817975390549], [84.71966528767001, 20.75817975390549], [84.71966528767001, 20.75808992237708], [84.71993478225524, 20.75808992237708], [84.71993478225524, 20.758000090848668], [84.72002461378365, 20.758000090848668], [84.72002461378365, 20.75808992237708], [84.72011444531206, 20.75808992237708], [84.72011444531206, 20.758000090848668], [84.72029410836889, 20.758000090848668], [84.72029410836889, 20.757910259320255], [84.72056360295413, 20.757910259320255], [84.72056360295413, 20.757820427791845], [84.72047377142572, 20.757820427791845], [84.72047377142572, 20.75755093320661], [84.72065343448254, 20.75755093320661], [84.72065343448254, 20.757461101678196], [84.72074326601096, 20.757461101678196], [84.72074326601096, 20.757371270149783], [84.72173141282349, 20.757371270149783], [84.72173141282349, 20.757461101678196], [84.72209073893713, 20.757461101678196], [84.72209073893713, 20.75755093320661], [84.72236023352237, 20.75755093320661], [84.72236023352237, 20.75764076473502], [84.72253989657919, 20.75764076473502], [84.72253989657919, 20.757730596263432], [84.72271955963602, 20.757730596263432], [84.72271955963602, 20.757820427791845], [84.72280939116442, 20.757820427791845], [84.72280939116442, 20.757910259320255], [84.72298905422124, 20.757910259320255], [84.72298905422124, 20.758000090848668], [84.72307888574966, 20.758000090848668], [84.72307888574966, 20.75808992237708], [84.72316871727807, 20.75808992237708], [84.72316871727807, 20.75817975390549], [84.7233483803349, 20.75817975390549], [84.7233483803349, 20.758269585433904], [84.72343821186331, 20.758269585433904], [84.72343821186331, 20.758359416962314], [84.72352804339172, 20.758359416962314], [84.72352804339172, 20.758449248490727], [84.72343821186331, 20.758449248490727], [84.72343821186331, 20.758808574604377], [84.7233483803349, 20.758808574604377], [84.7233483803349, 20.758898406132786], [84.72352804339172, 20.758898406132786], [84.72352804339172, 20.7589882376612], [84.72361787492014, 20.7589882376612], [84.72361787492014, 20.759257732246436], [84.72343821186331, 20.759257732246436], [84.72343821186331, 20.759347563774845], [84.7233483803349, 20.759347563774845], [84.7233483803349, 20.75943739530326], [84.72316871727807, 20.75943739530326], [84.72316871727807, 20.75997638447373], [84.72298905422124, 20.75997638447373], [84.72298905422124, 20.760245879058967], [84.72307888574966, 20.760245879058967], [84.72307888574966, 20.760335710587377], [84.72298905422124, 20.760335710587377], [84.72298905422124, 20.760515373644203], [84.72289922269283, 20.760515373644203], [84.72289922269283, 20.761144194343085], [84.72280939116442, 20.761144194343085], [84.72280939116442, 20.7612340258715], [84.72289922269283, 20.7612340258715], [84.72289922269283, 20.761593351985145], [84.72307888574966, 20.761593351985145], [84.72307888574966, 20.761683183513558], [84.72316871727807, 20.761683183513558], [84.72316871727807, 20.762042509627207], [84.72325854880648, 20.762042509627207], [84.72325854880648, 20.762132341155617], [84.7233483803349, 20.762132341155617], [84.7233483803349, 20.762401835740853], [84.72325854880648, 20.762401835740853], [84.72325854880648, 20.762491667269266], [84.72316871727807, 20.762491667269266], [84.72316871727807, 20.76267133032609], [84.72307888574966, 20.76267133032609], [84.72307888574966, 20.762761161854502], [84.72271955963602, 20.762761161854502], [84.72271955963602, 20.76267133032609], [84.72227040199395, 20.76267133032609], [84.72227040199395, 20.762850993382912], [84.72236023352237, 20.762850993382912], [84.72236023352237, 20.76303065643974], [84.72245006505078, 20.76303065643974], [84.72245006505078, 20.76321031949656], [84.72253989657919, 20.76321031949656], [84.72253989657919, 20.763389982553385], [84.72218057046554, 20.763389982553385], [84.72218057046554, 20.763479814081798], [84.72209073893713, 20.763479814081798], [84.72209073893713, 20.763569645610207], [84.72137208670983, 20.763569645610207], [84.72137208670983, 20.763749308667034], [84.72128225518142, 20.763749308667034], [84.72128225518142, 20.763839140195444], [84.72137208670983, 20.763839140195444], [84.72137208670983, 20.763928971723857], [84.72119242365301, 20.763928971723857], [84.72119242365301, 20.763839140195444], [84.72101276059618, 20.763839140195444], [84.72101276059618, 20.76365947713862], [84.72047377142572, 20.76365947713862], [84.72047377142572, 20.763479814081798], [84.7203839398973, 20.763479814081798], [84.7203839398973, 20.76330015102497], [84.72047377142572, 20.76330015102497], [84.72047377142572, 20.762940824911325], [84.72065343448254, 20.762940824911325], [84.72065343448254, 20.762850993382912], [84.72074326601096, 20.762850993382912], [84.72074326601096, 20.762761161854502], [84.72083309753936, 20.762761161854502], [84.72083309753936, 20.76231200421244], [84.72065343448254, 20.76231200421244], [84.72065343448254, 20.76222217268403], [84.72047377142572, 20.76222217268403], [84.72047377142572, 20.762042509627207], [84.7203839398973, 20.762042509627207], [84.7203839398973, 20.76186284657038], [84.72029410836889, 20.76186284657038], [84.72029410836889, 20.761683183513558], [84.72011444531206, 20.761683183513558], [84.72011444531206, 20.76177301504197], [84.72002461378365, 20.76177301504197], [84.72002461378365, 20.76186284657038], [84.71993478225524, 20.76186284657038], [84.71993478225524, 20.761952678098794], [84.71948562461318, 20.761952678098794], [84.71948562461318, 20.762042509627207], [84.71903646697112, 20.762042509627207], [84.71903646697112, 20.76222217268403], [84.7189466354427, 20.76222217268403], [84.7189466354427, 20.762401835740853], [84.71930596155636, 20.762401835740853], [84.71930596155636, 20.762581498797676], [84.71948562461318, 20.762581498797676], [84.71948562461318, 20.76267133032609], [84.7187669723859, 20.76267133032609], [84.7187669723859, 20.762581498797676], [84.71831781474383, 20.762581498797676], [84.71831781474383, 20.762491667269266], [84.718138151687, 20.762491667269266], [84.718138151687, 20.762401835740853], [84.71777882557336, 20.762401835740853], [84.71777882557336, 20.76231200421244], [84.71768899404495, 20.76231200421244], [84.71768899404495, 20.76222217268403], [84.71831781474383, 20.76222217268403], [84.71831781474383, 20.762042509627207], [84.71858730932907, 20.762042509627207], [84.71858730932907, 20.76186284657038], [84.7187669723859, 20.76186284657038], [84.7187669723859, 20.76177301504197], [84.71885680391429, 20.76177301504197], [84.71885680391429, 20.761683183513558], [84.7187669723859, 20.761683183513558], [84.7187669723859, 20.761593351985145], [84.71885680391429, 20.761593351985145], [84.71885680391429, 20.761503520456735], [84.71903646697112, 20.761503520456735], [84.71903646697112, 20.761593351985145], [84.71912629849953, 20.761593351985145], [84.71912629849953, 20.761683183513558], [84.71948562461318, 20.761683183513558], [84.71948562461318, 20.761593351985145], [84.7195754561416, 20.761593351985145], [84.7195754561416, 20.761503520456735], [84.71993478225524, 20.761503520456735], [84.71993478225524, 20.76132385739991], [84.72029410836889, 20.76132385739991], [84.72029410836889, 20.761144194343085], [84.7203839398973, 20.761144194343085], [84.7203839398973, 20.760964531286263], [84.72047377142572, 20.760964531286263], [84.72047377142572, 20.76078486822944], [84.72065343448254, 20.76078486822944], [84.72065343448254, 20.760695036701026], [84.72056360295413, 20.760695036701026], [84.72056360295413, 20.760515373644203], [84.72047377142572, 20.760515373644203], [84.72047377142572, 20.76042554211579], [84.7203839398973, 20.76042554211579], [84.7203839398973, 20.760066216002144], [84.72047377142572, 20.760066216002144], [84.72047377142572, 20.759796721416908], [84.7203839398973, 20.759796721416908], [84.7203839398973, 20.759706889888495], [84.71930596155636, 20.759706889888495], [84.71930596155636, 20.759796721416908], [84.71921613002795, 20.759796721416908], [84.71921613002795, 20.759886552945318], [84.71912629849953, 20.759886552945318], [84.71912629849953, 20.760156047530554], [84.71921613002795, 20.760156047530554], [84.71921613002795, 20.760245879058967], [84.71930596155636, 20.760245879058967], [84.71930596155636, 20.76042554211579], [84.71948562461318, 20.76042554211579], [84.71948562461318, 20.76078486822944], [84.71912629849953, 20.76078486822944], [84.71912629849953, 20.760695036701026], [84.71903646697112, 20.760695036701026], [84.71903646697112, 20.76078486822944], [84.71840764627224, 20.76078486822944], [84.71840764627224, 20.760964531286263], [84.718138151687, 20.760964531286263], [84.718138151687, 20.761144194343085], [84.71750933098812, 20.761144194343085], [84.71750933098812, 20.761054362814676], [84.7173296679313, 20.761054362814676], [84.7173296679313, 20.761144194343085], [84.71723983640288, 20.761144194343085], [84.71723983640288, 20.760964531286263], [84.71652118417559, 20.760964531286263], [84.71652118417559, 20.76087469975785], [84.71625168959035, 20.76087469975785], [84.71625168959035, 20.760964531286263], [84.7158025319483, 20.760964531286263], [84.7158025319483, 20.760695036701026], [84.71553303736306, 20.760695036701026], [84.71553303736306, 20.760605205172613], [84.71544320583465, 20.760605205172613], [84.71544320583465, 20.760245879058967], [84.71553303736306, 20.760245879058967], [84.71553303736306, 20.760156047530554], [84.71535337430623, 20.760156047530554], [84.71535337430623, 20.75997638447373], [84.71490421666417, 20.75997638447373], [84.71490421666417, 20.760156047530554], [84.71454489055053, 20.760156047530554], [84.71454489055053, 20.760335710587377], [84.71418556443687, 20.760335710587377], [84.71418556443687, 20.76042554211579], [84.71391606985163, 20.76042554211579], [84.71391606985163, 20.760515373644203], [84.71373640679482, 20.760515373644203], [84.71373640679482, 20.760605205172613], [84.713556743738, 20.760605205172613], [84.713556743738, 20.760695036701026], [84.71337708068117, 20.760695036701026], [84.71337708068117, 20.76078486822944], [84.71328724915276, 20.76078486822944], [84.71328724915276, 20.76087469975785], [84.71310758609593, 20.76087469975785], [84.71310758609593, 20.760964531286263], [84.71301775456752, 20.760964531286263], [84.71301775456752, 20.761054362814676], [84.7129279230391, 20.761054362814676], [84.7129279230391, 20.76087469975785], [84.7128380915107, 20.76087469975785], [84.7128380915107, 20.760605205172613], [84.71238893386864, 20.760605205172613], [84.71238893386864, 20.760695036701026], [84.71220927081181, 20.760695036701026], [84.71220927081181, 20.760605205172613], [84.7121194392834, 20.760605205172613], [84.7121194392834, 20.760515373644203], [84.71202960775499, 20.760515373644203], [84.71202960775499, 20.76042554211579], [84.71193977622657, 20.76042554211579], [84.71193977622657, 20.760515373644203], [84.71176011316976, 20.760515373644203], [84.71176011316976, 20.760335710587377], [84.71167028164135, 20.760335710587377], [84.71167028164135, 20.760245879058967], [84.71176011316976, 20.760245879058967], [84.71176011316976, 20.759886552945318], [84.71184994469817, 20.759886552945318], [84.71184994469817, 20.759796721416908], [84.71167028164135, 20.759796721416908], [84.71167028164135, 20.75943739530326], [84.71158045011293, 20.75943739530326], [84.71158045011293, 20.759347563774845], [84.71149061858452, 20.759347563774845], [84.71149061858452, 20.759167900718023], [84.7114007870561, 20.759167900718023], [84.7114007870561, 20.759078069189613], [84.71113129247087, 20.759078069189613], [84.71113129247087, 20.758898406132786], [84.71095162941404, 20.758898406132786], [84.71095162941404, 20.758808574604377], [84.70996348260151, 20.758808574604377], [84.70996348260151, 20.758898406132786], [84.70987365107311, 20.758898406132786], [84.70987365107311, 20.758808574604377], [84.7097838195447, 20.758808574604377], [84.7097838195447, 20.758898406132786], [84.70933466190263, 20.758898406132786], [84.70933466190263, 20.7589882376612], [84.70897533578898, 20.7589882376612], [84.70897533578898, 20.759078069189613], [84.70888550426058, 20.759078069189613], [84.70888550426058, 20.759167900718023], [84.70861600967534, 20.759167900718023], [84.70861600967534, 20.759347563774845], [84.70843634661851, 20.759347563774845], [84.70843634661851, 20.759527226831672], [84.70825668356169, 20.759527226831672], [84.70825668356169, 20.75961705836008], [84.70816685203327, 20.75961705836008], [84.70816685203327, 20.759706889888495], [84.70798718897645, 20.759706889888495], [84.70798718897645, 20.759886552945318], [84.70789735744805, 20.759886552945318], [84.70789735744805, 20.760066216002144], [84.70780752591963, 20.760066216002144], [84.70780752591963, 20.760515373644203], [84.70789735744805, 20.760515373644203], [84.70789735744805, 20.760605205172613], [84.70807702050486, 20.760605205172613], [84.70807702050486, 20.760695036701026], [84.70816685203327, 20.760695036701026], [84.70816685203327, 20.76078486822944], [84.70861600967534, 20.76078486822944], [84.70861600967534, 20.76087469975785], [84.70897533578898, 20.76087469975785], [84.70897533578898, 20.76141368892832], [84.70879567273217, 20.76141368892832], [84.70879567273217, 20.761593351985145], [84.7083465150901, 20.761593351985145], [84.7083465150901, 20.761503520456735], [84.70807702050486, 20.761503520456735], [84.70807702050486, 20.76141368892832], [84.70798718897645, 20.76141368892832], [84.70798718897645, 20.761503520456735], [84.70780752591963, 20.761503520456735], [84.70780752591963, 20.761593351985145], [84.70771769439122, 20.761593351985145], [84.70771769439122, 20.761683183513558], [84.70699904216391, 20.761683183513558], [84.70699904216391, 20.761503520456735], [84.70637022146504, 20.761503520456735], [84.70637022146504, 20.761593351985145], [84.70628038993662, 20.761593351985145], [84.70628038993662, 20.761683183513558], [84.70547190618092, 20.761683183513558], [84.70547190618092, 20.76186284657038], [84.70529224312409, 20.76186284657038], [84.70529224312409, 20.761952678098794], [84.70520241159568, 20.761952678098794], [84.70520241159568, 20.76186284657038], [84.70511258006727, 20.76186284657038], [84.70511258006727, 20.761683183513558], [84.70529224312409, 20.761683183513558], [84.70529224312409, 20.761503520456735], [84.70511258006727, 20.761503520456735], [84.70511258006727, 20.76132385739991], [84.70502274853885, 20.76132385739991], [84.70502274853885, 20.76141368892832], [84.70493291701045, 20.76141368892832], [84.70493291701045, 20.761503520456735], [84.70466342242521, 20.761503520456735], [84.70466342242521, 20.761593351985145], [84.7045735908968, 20.761593351985145], [84.7045735908968, 20.761683183513558], [84.70421426478315, 20.761683183513558], [84.70421426478315, 20.76186284657038], [84.70412443325473, 20.76186284657038], [84.70412443325473, 20.762042509627207], [84.70394477019792, 20.762042509627207], [84.70394477019792, 20.76222217268403], [84.7037651071411, 20.76222217268403], [84.7037651071411, 20.7612340258715], [84.70385493866951, 20.7612340258715], [84.70385493866951, 20.760964531286263], [84.70394477019792, 20.760964531286263], [84.70394477019792, 20.760695036701026], [84.70403460172632, 20.760695036701026], [84.70403460172632, 20.760515373644203], [84.70412443325473, 20.760515373644203], [84.70412443325473, 20.760335710587377], [84.70421426478315, 20.760335710587377], [84.70421426478315, 20.760245879058967], [84.70430409631156, 20.760245879058967], [84.70430409631156, 20.760156047530554], [84.70439392783997, 20.760156047530554], [84.70439392783997, 20.760066216002144], [84.70448375936839, 20.760066216002144], [84.70448375936839, 20.759886552945318], [84.70466342242521, 20.759886552945318], [84.70466342242521, 20.759796721416908], [84.70475325395363, 20.759796721416908], [84.70475325395363, 20.759706889888495], [84.70484308548204, 20.759706889888495], [84.70484308548204, 20.75961705836008], [84.70493291701045, 20.75961705836008], [84.70493291701045, 20.759527226831672], [84.70511258006727, 20.759527226831672], [84.70511258006727, 20.75943739530326], [84.70520241159568, 20.75943739530326], [84.70520241159568, 20.759347563774845], [84.70529224312409, 20.759347563774845], [84.70529224312409, 20.759257732246436], [84.7053820746525, 20.759257732246436], [84.7053820746525, 20.759167900718023], [84.70556173770933, 20.759167900718023], [84.70556173770933, 20.759078069189613], [84.70565156923774, 20.759078069189613], [84.70565156923774, 20.7589882376612], [84.70574140076616, 20.7589882376612], [84.70574140076616, 20.758898406132786], [84.70592106382298, 20.758898406132786], [84.70592106382298, 20.758808574604377], [84.70601089535138, 20.758808574604377], [84.70601089535138, 20.758718743075963], [84.7061007268798, 20.758718743075963], [84.7061007268798, 20.75862891154755], [84.70628038993662, 20.75862891154755], [84.70628038993662, 20.75853908001914], [84.70637022146504, 20.75853908001914], [84.70637022146504, 20.758449248490727], [84.70646005299345, 20.758449248490727], [84.70646005299345, 20.758359416962314], [84.70663971605028, 20.758359416962314], [84.70663971605028, 20.758269585433904], [84.70672954757869, 20.758269585433904], [84.70672954757869, 20.75817975390549], [84.7068193791071, 20.75817975390549], [84.7068193791071, 20.75808992237708], [84.70690921063552, 20.75808992237708], [84.70690921063552, 20.758000090848668], [84.70708887369233, 20.758000090848668], [84.70708887369233, 20.757910259320255], [84.70717870522074, 20.757910259320255], [84.70717870522074, 20.757820427791845], [84.70726853674915, 20.757820427791845], [84.70726853674915, 20.757730596263432], [84.70744819980598, 20.757730596263432], [84.70744819980598, 20.75764076473502], [84.7075380313344, 20.75764076473502], [84.7075380313344, 20.75755093320661], [84.70762786286281, 20.75755093320661], [84.70762786286281, 20.757461101678196], [84.70780752591963, 20.757461101678196], [84.70780752591963, 20.757371270149783], [84.70789735744805, 20.757371270149783], [84.70789735744805, 20.757281438621373], [84.70798718897645, 20.757281438621373], [84.70798718897645, 20.75719160709296], [84.70816685203327, 20.75719160709296], [84.70816685203327, 20.757101775564546], [84.70825668356169, 20.757101775564546], [84.70825668356169, 20.757011944036137], [84.70843634661851, 20.757011944036137], [84.70843634661851, 20.756922112507723], [84.70861600967534, 20.756922112507723], [84.70861600967534, 20.756832280979314], [84.70888550426058, 20.756832280979314], [84.70888550426058, 20.7567424494509], [84.7091549988458, 20.7567424494509], [84.7091549988458, 20.756652617922487]]]}, "id": "+798+826", "properties": {"area_ha": 66.02742514360716, "centroid_lat": 20.759651310728763, "centroid_lon": 84.71444955359428, "cluster_id": 3, "n_pixels": 6603, "perim_m": 9826.183114515836, "profile_A00_p50": 0.052276035215144005, "profile_A01_p50": -0.07570674553595987, "profile_A02_p50": 0.14301161547734112, "profile_A03_p50": 0.026838475293098074, "profile_A04_p50": -0.027107606071879665, "profile_A05_p50": -0.07910059001413451, "profile_A06_p50": -0.11086111526824538, "profile_A07_p50": 0.20628202758651923, "profile_A08_p50": -0.0727453446965644, "profile_A09_p50": 0.06395014083468452, "profile_A10_p50": 0.1029771457956181, "profile_A11_p50": 0.07079006683543519, "profile_A12_p50": -0.28761284092525874, "profile_A13_p50": -0.002395095713382588, "profile_A14_p50": -0.062022865351902386, "profile_A15_p50": 0.07179708596992768, "profile_A16_p50": -0.010801075327872237, "profile_A17_p50": 0.028243432664077608, "profile_A18_p50": -0.0649153155238889, "profile_A19_p50": -0.047833451260709835, "profile_A20_p50": -0.3279754786583093, "profile_A21_p50": 0.2938919125809585, "profile_A22_p50": 0.2901515835290164, "profile_A23_p50": -0.08739576495848039, "profile_A24_p50": 0.04542138120864045, "profile_A25_p50": 0.02687643612477525, "profile_A26_p50": 0.12930162852654958, "profile_A27_p50": 0.07567692598703289, "profile_A28_p50": -0.044442685112569796, "profile_A29_p50": 0.159567513681451, "profile_A30_p50": 0.0366322463400748, "profile_A31_p50": 0.0966807387618441, "profile_A32_p50": 0.034154572415841654, "profile_A33_p50": -0.012706078501532363, "profile_A34_p50": 0.011267298083066658, "profile_A35_p50": -0.10791025661018286, "profile_A36_p50": -0.1702649793303773, "profile_A37_p50": -0.016571453740257452, "profile_A38_p50": 0.15101684030307658, "profile_A39_p50": -0.10210032405048351, "profile_A40_p50": 0.06298088537151916, "profile_A41_p50": 0.04153433800584357, "profile_A42_p50": -0.13612640616746435, "profile_A43_p50": 0.3430850179197894, "profile_A44_p50": 0.05419105970806156, "profile_A45_p50": 0.03030801570708402, "profile_A46_p50": -0.04244070499533257, "profile_A47_p50": 0.05959002514080034, "profile_A48_p50": -0.10696707627859647, "profile_A49_p50": 0.02489349825142579, "profile_A50_p50": -0.09422902274896172, "profile_A51_p50": -0.0024358504884539486, "profile_A52_p50": -0.009291581830823261, "profile_A53_p50": -0.07372927312593018, "profile_A54_p50": 0.1604444915053086, "profile_A55_p50": -0.08644768000264685, "profile_A56_p50": -0.00635348464889088, "profile_A57_p50": -0.028833854609484788, "profile_A58_p50": -0.09809450944788282, "profile_A59_p50": -0.14602059648049545, "profile_A60_p50": 0.06690589851243738, "profile_A61_p50": -0.12253781276918109, "profile_A62_p50": 0.04590755036368143, "profile_A63_p50": 0.05519263608705948, "unit_id": 62}}, {"type": "Feature", "geometry": {"type": "Polygon", "coordinates": [[[84.72343821186331, 20.758449248490727], [84.72370770644855, 20.758449248490727], [84.72370770644855, 20.75853908001914], [84.72379753797695, 20.75853908001914], [84.72379753797695, 20.75862891154755], [84.72388736950536, 20.75862891154755], [84.72388736950536, 20.758718743075963], [84.72406703256219, 20.758718743075963], [84.72406703256219, 20.758808574604377], [84.7241568640906, 20.758808574604377], [84.7241568640906, 20.758898406132786], [84.72424669561902, 20.758898406132786], [84.72424669561902, 20.7589882376612], [84.72433652714743, 20.7589882376612], [84.72433652714743, 20.759078069189613], [84.72451619020426, 20.759078069189613], [84.72451619020426, 20.759167900718023], [84.72460602173267, 20.759167900718023], [84.72460602173267, 20.759257732246436], [84.72469585326108, 20.759257732246436], [84.72469585326108, 20.759347563774845], [84.7248755163179, 20.759347563774845], [84.7248755163179, 20.75943739530326], [84.72451619020426, 20.75943739530326], [84.72451619020426, 20.759257732246436], [84.7241568640906, 20.759257732246436], [84.7241568640906, 20.75961705836008], [84.72397720103378, 20.75961705836008], [84.72397720103378, 20.759796721416908], [84.72424669561902, 20.759796721416908], [84.72424669561902, 20.759886552945318], [84.72433652714743, 20.759886552945318], [84.72433652714743, 20.759796721416908], [84.72442635867584, 20.759796721416908], [84.72442635867584, 20.759886552945318], [84.72433652714743, 20.759886552945318], [84.72433652714743, 20.75997638447373], [84.72406703256219, 20.75997638447373], [84.72406703256219, 20.759886552945318], [84.72388736950536, 20.759886552945318], [84.72388736950536, 20.759796721416908], [84.72379753797695, 20.759796721416908], [84.72379753797695, 20.759886552945318], [84.72352804339172, 20.759886552945318], [84.72352804339172, 20.759796721416908], [84.72316871727807, 20.759796721416908], [84.72316871727807, 20.75943739530326], [84.7233483803349, 20.75943739530326], [84.7233483803349, 20.759347563774845], [84.72343821186331, 20.759347563774845], [84.72343821186331, 20.759257732246436], [84.72361787492014, 20.759257732246436], [84.72361787492014, 20.7589882376612], [84.72352804339172, 20.7589882376612], [84.72352804339172, 20.758898406132786], [84.7233483803349, 20.758898406132786], [84.7233483803349, 20.758808574604377], [84.72343821186331, 20.758808574604377], [84.72343821186331, 20.758449248490727]]]}, "id": "+940+806", "properties": {"area_ha": 1.2968540596518763, "centroid_lat": 20.75927033386149, "centroid_lon": 84.72383922250381, "cluster_id": 2, "n_pixels": 130, "perim_m": 922.8687992300268, "profile_A00_p50": 0.01607929846723634, "profile_A01_p50": -0.09325928894552608, "profile_A02_p50": 0.15574265080948216, "profile_A03_p50": 0.05510718791275624, "profile_A04_p50": -0.03958326256288115, "profile_A05_p50": -0.012175294337919829, "profile_A06_p50": -0.06860958937213293, "profile_A07_p50": 0.15972123394716195, "profile_A08_p50": -0.09519653755341986, "profile_A09_p50": 0.03081455304969992, "profile_A10_p50": 0.09723644038592667, "profile_A11_p50": 0.054165564002202786, "profile_A12_p50": -0.3147218909719646, "profile_A13_p50": 0.040497469321907516, "profile_A14_p50": -0.022973498166712958, "profile_A15_p50": 0.09328417803107399, "profile_A16_p50": -0.03179032310251832, "profile_A17_p50": 0.05956912658424222, "profile_A18_p50": -0.08345493268382298, "profile_A19_p50": -0.00869351149030712, "profile_A20_p50": -0.32718595943376916, "profile_A21_p50": 0.3294839047918634, "profile_A22_p50": 0.2685499623513489, "profile_A23_p50": -0.03656012355091588, "profile_A24_p50": 0.0424956708138624, "profile_A25_p50": 0.04968691852140866, "profile_A26_p50": 0.14118621676056847, "profile_A27_p50": -0.0015169094507810382, "profile_A28_p50": -0.0551930306465149, "profile_A29_p50": 0.19672973847713127, "profile_A30_p50": 0.03563462265510587, "profile_A31_p50": 0.06891962816152455, "profile_A32_p50": -0.03370277333875243, "profile_A33_p50": -0.021022160498186202, "profile_A34_p50": 0.02194537343692845, "profile_A35_p50": -0.06489623050346346, "profile_A36_p50": -0.16667376452843582, "profile_A37_p50": 0.049301007118673384, "profile_A38_p50": 0.1625646481134659, "profile_A39_p50": -0.09667818203882567, "profile_A40_p50": 0.07177554247184999, "profile_A41_p50": 0.025849713758259157, "profile_A42_p50": -0.1603950383149332, "profile_A43_p50": 0.3206311935052324, "profile_A44_p50": 0.03949686181453972, "profile_A45_p50": 0.07957258653471222, "profile_A46_p50": -0.007244395135298514, "profile_A47_p50": 0.0009285263544765512, "profile_A48_p50": -0.14827138240108648, "profile_A49_p50": 0.04203039160903449, "profile_A50_p50": -0.0894084614750824, "profile_A51_p50": 0.0420021094092952, "profile_A52_p50": -0.026854651969123216, "profile_A53_p50": -0.05222646987672483, "profile_A54_p50": 0.19210230009974394, "profile_A55_p50": -0.09714178975171217, "profile_A56_p50": -0.02982483604049857, "profile_A57_p50": -0.031826696800191734, "profile_A58_p50": -0.11861554119579336, "profile_A59_p50": -0.16945468313000148, "profile_A60_p50": 0.024861352308783075, "profile_A61_p50": -0.06396893744907857, "profile_A62_p50": 0.09038286949991847, "profile_A63_p50": 0.06305566403851852, "unit_id": 63}}, {"type": "Feature", "geometry": {"type": "Polygon", "coordinates": [[[84.71759916251654, 20.75862891154755], [84.71840764627224, 20.75862891154755], [84.71840764627224, 20.758808574604377], [84.71822798321541, 20.758808574604377], [84.71822798321541, 20.758718743075963], [84.71786865710176, 20.758718743075963], [84.71786865710176, 20.758808574604377], [84.71759916251654, 20.758808574604377], [84.71759916251654, 20.758898406132786], [84.71741949945971, 20.758898406132786], [84.71741949945971, 20.758808574604377], [84.71723983640288, 20.758808574604377], [84.71723983640288, 20.75862891154755], [84.7173296679313, 20.75862891154755], [84.7173296679313, 20.758718743075963], [84.71741949945971, 20.758718743075963], [84.71741949945971, 20.758808574604377], [84.71759916251654, 20.758808574604377], [84.71759916251654, 20.75862891154755]]]}, "id": "+881+804", "properties": {"area_ha": 0.17726819828480891, "centroid_lat": 20.758725835279066, "centroid_lon": 84.71783319785713, "cluster_id": 2, "n_pixels": 18, "perim_m": 362.5704723161534, "profile_A00_p50": 0.01607929846723634, "profile_A01_p50": -0.09325928894552608, "profile_A02_p50": 0.15574265080948216, "profile_A03_p50": 0.05510718791275624, "profile_A04_p50": -0.03958326256288115, "profile_A05_p50": -0.012175294337919829, "profile_A06_p50": -0.06860958937213293, "profile_A07_p50": 0.15972123394716195, "profile_A08_p50": -0.09519653755341986, "profile_A09_p50": 0.03081455304969992, "profile_A10_p50": 0.09723644038592667, "profile_A11_p50": 0.054165564002202786, "profile_A12_p50": -0.3147218909719646, "profile_A13_p50": 0.040497469321907516, "profile_A14_p50": -0.022973498166712958, "profile_A15_p50": 0.09328417803107399, "profile_A16_p50": -0.03179032310251832, "profile_A17_p50": 0.05956912658424222, "profile_A18_p50": -0.08345493268382298, "profile_A19_p50": -0.00869351149030712, "profile_A20_p50": -0.32718595943376916, "profile_A21_p50": 0.3294839047918634, "profile_A22_p50": 0.2685499623513489, "profile_A23_p50": -0.03656012355091588, "profile_A24_p50": 0.0424956708138624, "profile_A25_p50": 0.04968691852140866, "profile_A26_p50": 0.14118621676056847, "profile_A27_p50": -0.0015169094507810382, "profile_A28_p50": -0.0551930306465149, "profile_A29_p50": 0.19672973847713127, "profile_A30_p50": 0.03563462265510587, "profile_A31_p50": 0.06891962816152455, "profile_A32_p50": -0.03370277333875243, "profile_A33_p50": -0.021022160498186202, "profile_A34_p50": 0.02194537343692845, "profile_A35_p50": -0.06489623050346346, "profile_A36_p50": -0.16667376452843582, "profile_A37_p50": 0.049301007118673384, "profile_A38_p50": 0.1625646481134659, "profile_A39_p50": -0.09667818203882567, "profile_A40_p50": 0.07177554247184999, "profile_A41_p50": 0.025849713758259157, "profile_A42_p50": -0.1603950383149332, "profile_A43_p50": 0.3206311935052324, "profile_A44_p50": 0.03949686181453972, "profile_A45_p50": 0.07957258653471222, "profile_A46_p50": -0.007244395135298514, "profile_A47_p50": 0.0009285263544765512, "profile_A48_p50": -0.14827138240108648, "profile_A49_p50": 0.04203039160903449, "profile_A50_p50": -0.0894084614750824, "profile_A51_p50": 0.0420021094092952, "profile_A52_p50": -0.026854651969123216, "profile_A53_p50": -0.05222646987672483, "profile_A54_p50": 0.19210230009974394, "profile_A55_p50": -0.09714178975171217, "profile_A56_p50": -0.02982483604049857, "profile_A57_p50": -0.031826696800191734, "profile_A58_p50": -0.11861554119579336, "profile_A59_p50": -0.16945468313000148, "profile_A60_p50": 0.024861352308783075, "profile_A61_p50": -0.06396893744907857, "profile_A62_p50": 0.09038286949991847, "profile_A63_p50": 0.06305566403851852, "unit_id": 64}}, {"type": "Feature", "geometry": {"type": "Polygon", "coordinates": [[[84.71346691220958, 20.75719160709296], [84.71364657526641, 20.75719160709296], [84.71364657526641, 20.757461101678196], [84.71382623832324, 20.757461101678196], [84.71382623832324, 20.75764076473502], [84.71391606985163, 20.75764076473502], [84.71391606985163, 20.757730596263432], [84.71400590138005, 20.757730596263432], [84.71400590138005, 20.758000090848668], [84.71454489055053, 20.758000090848668], [84.71454489055053, 20.75808992237708], [84.71472455360735, 20.75808992237708], [84.71472455360735, 20.757820427791845], [84.7151737112494, 20.757820427791845], [84.7151737112494, 20.758359416962314], [84.71526354277782, 20.758359416962314], [84.71526354277782, 20.75853908001914], [84.71535337430623, 20.75853908001914], [84.71535337430623, 20.75862891154755], [84.71553303736306, 20.75862891154755], [84.71553303736306, 20.758718743075963], [84.71616185806194, 20.758718743075963], [84.71616185806194, 20.758808574604377], [84.71634152111876, 20.758808574604377], [84.71634152111876, 20.758898406132786], [84.71652118417559, 20.758898406132786], [84.71652118417559, 20.758808574604377], [84.71670084723242, 20.758808574604377], [84.71670084723242, 20.758449248490727], [84.71706017334606, 20.758449248490727], [84.71706017334606, 20.75862891154755], [84.71723983640288, 20.75862891154755], [84.71723983640288, 20.758808574604377], [84.71741949945971, 20.758808574604377], [84.71741949945971, 20.758898406132786], [84.71759916251654, 20.758898406132786], [84.71759916251654, 20.758808574604377], [84.71786865710176, 20.758808574604377], [84.71786865710176, 20.758718743075963], [84.71822798321541, 20.758718743075963], [84.71822798321541, 20.758808574604377], [84.71840764627224, 20.758808574604377], [84.71840764627224, 20.75862891154755], [84.71858730932907, 20.75862891154755], [84.71858730932907, 20.758449248490727], [84.7187669723859, 20.758449248490727], [84.7187669723859, 20.758269585433904], [84.71912629849953, 20.758269585433904], [84.71912629849953, 20.75817975390549], [84.71921613002795, 20.75817975390549], [84.71921613002795, 20.75808992237708], [84.71939579308477, 20.75808992237708], [84.71939579308477, 20.757910259320255], [84.7195754561416, 20.757910259320255], [84.7195754561416, 20.757730596263432], [84.71984495072682, 20.757730596263432], [84.71984495072682, 20.75755093320661], [84.7203839398973, 20.75755093320661], [84.7203839398973, 20.757371270149783], [84.72056360295413, 20.757371270149783], [84.72056360295413, 20.757281438621373], [84.72083309753936, 20.757281438621373], [84.72083309753936, 20.757371270149783], [84.72074326601096, 20.757371270149783], [84.72074326601096, 20.757461101678196], [84.72065343448254, 20.757461101678196], [84.72065343448254, 20.75755093320661], [84.72047377142572, 20.75755093320661], [84.72047377142572, 20.757820427791845], [84.72056360295413, 20.757820427791845], [84.72056360295413, 20.757910259320255], [84.72029410836889, 20.757910259320255], [84.72029410836889, 20.758000090848668], [84.72011444531206, 20.758000090848668], [84.72011444531206, 20.75808992237708], [84.72002461378365, 20.75808992237708], [84.72002461378365, 20.758000090848668], [84.71993478225524, 20.758000090848668], [84.71993478225524, 20.75808992237708], [84.71966528767001, 20.75808992237708], [84.71966528767001, 20.75817975390549], [84.7195754561416, 20.75817975390549], [84.7195754561416, 20.758269585433904], [84.71939579308477, 20.758269585433904], [84.71939579308477, 20.758449248490727], [84.71921613002795, 20.758449248490727], [84.71921613002795, 20.75862891154755], [84.7189466354427, 20.75862891154755], [84.7189466354427, 20.758718743075963], [84.71885680391429, 20.758718743075963], [84.71885680391429, 20.758808574604377], [84.71858730932907, 20.758808574604377], [84.71858730932907, 20.7589882376612], [84.71849747780065, 20.7589882376612], [84.71849747780065, 20.758898406132786], [84.71840764627224, 20.758898406132786], [84.71840764627224, 20.759706889888495], [84.71831781474383, 20.759706889888495], [84.71831781474383, 20.75961705836008], [84.71777882557336, 20.75961705836008], [84.71777882557336, 20.759527226831672], [84.71750933098812, 20.759527226831672], [84.71750933098812, 20.75943739530326], [84.71741949945971, 20.75943739530326], [84.71741949945971, 20.759347563774845], [84.71723983640288, 20.759347563774845], [84.71723983640288, 20.759167900718023], [84.71715000487447, 20.759167900718023], [84.71715000487447, 20.759078069189613], [84.71706017334606, 20.759078069189613], [84.71706017334606, 20.7589882376612], [84.71652118417559, 20.7589882376612], [84.71652118417559, 20.759167900718023], [84.71607202653352, 20.759167900718023], [84.71607202653352, 20.759078069189613], [84.71535337430623, 20.759078069189613], [84.71535337430623, 20.758898406132786], [84.71526354277782, 20.758898406132786], [84.71526354277782, 20.7589882376612], [84.7151737112494, 20.7589882376612], [84.7151737112494, 20.758898406132786], [84.71490421666417, 20.758898406132786], [84.71490421666417, 20.758718743075963], [84.71472455360735, 20.758718743075963], [84.71472455360735, 20.758359416962314], [84.71418556443687, 20.758359416962314], [84.71418556443687, 20.75817975390549], [84.71400590138005, 20.75817975390549], [84.71400590138005, 20.758000090848668], [84.71382623832324, 20.758000090848668], [84.71382623832324, 20.75764076473502], [84.71364657526641, 20.75764076473502], [84.71364657526641, 20.757461101678196], [84.71346691220958, 20.757461101678196], [84.71346691220958, 20.75719160709296]]]}, "id": "+828+820", "properties": {"area_ha": 3.965219574214451, "centroid_lat": 20.75856794093915, "centroid_lon": 84.71717061400155, "cluster_id": 1, "n_pixels": 397, "perim_m": 2746.361002088804, "profile_A00_p50": 0.03271580154003711, "profile_A01_p50": -0.11375341467856491, "profile_A02_p50": 0.14502358012698188, "profile_A03_p50": 0.03959149222005681, "profile_A04_p50": -0.030527205081604964, "profile_A05_p50": -0.059109560931666284, "profile_A06_p50": -0.08714236728077558, "profile_A07_p50": 0.19004517366198861, "profile_A08_p50": -0.09742691013455672, "profile_A09_p50": 0.05246428032381147, "profile_A10_p50": 0.0903839912043517, "profile_A11_p50": 0.06396969638284118, "profile_A12_p50": -0.30311452402904115, "profile_A13_p50": 0.020052965951416372, "profile_A14_p50": -0.0444413117461945, "profile_A15_p50": 0.06305666426498278, "profile_A16_p50": -0.026828031713742637, "profile_A17_p50": 0.04446795441187518, "profile_A18_p50": -0.06983080122288483, "profile_A19_p50": -0.017052298189478024, "profile_A20_p50": -0.34466440272476034, "profile_A21_p50": 0.3176269253135612, "profile_A22_p50": 0.277795582794932, "profile_A23_p50": -0.06489128113118889, "profile_A24_p50": 0.038339063717992033, "profile_A25_p50": 0.023901987066316726, "profile_A26_p50": 0.13237431101973818, "profile_A27_p50": 0.03951433416721946, "profile_A28_p50": -0.05443751669899556, "profile_A29_p50": 0.17207930230729043, "profile_A30_p50": 0.0287977790236459, "profile_A31_p50": 0.06689361953663718, "profile_A32_p50": -0.006945243488371015, "profile_A33_p50": -0.018058437216514258, "profile_A34_p50": 0.01801798984134666, "profile_A35_p50": -0.09227289352806284, "profile_A36_p50": -0.1500168932694884, "profile_A37_p50": 0.01023623617125179, "profile_A38_p50": 0.1647150595981434, "profile_A39_p50": -0.10885468643849414, "profile_A40_p50": 0.06306588951537889, "profile_A41_p50": 0.03667100002942101, "profile_A42_p50": -0.14514428798165818, "profile_A43_p50": 0.3448491278411489, "profile_A44_p50": 0.04539794597451391, "profile_A45_p50": 0.06589870806710484, "profile_A46_p50": -0.02778112571053548, "profile_A47_p50": 0.010734444636125716, "profile_A48_p50": -0.12455038136189558, "profile_A49_p50": 0.044471451794797744, "profile_A50_p50": -0.10399952773930678, "profile_A51_p50": 0.029827144024000656, "profile_A52_p50": -0.018048708711274394, "profile_A53_p50": -0.07273904843045319, "profile_A54_p50": 0.17321766443731382, "profile_A55_p50": -0.07765784986453983, "profile_A56_p50": -0.03371831346917852, "profile_A57_p50": -0.03263588178288644, "profile_A58_p50": -0.1194501360713451, "profile_A59_p50": -0.152898037244058, "profile_A60_p50": 0.054211555243307334, "profile_A61_p50": -0.09398988437787739, "profile_A62_p50": 0.06786579055894833, "profile_A63_p50": 0.05609223609963694, "unit_id": 65}}, {"type": "Feature", "geometry": {"type": "Polygon", "coordinates": [[[84.71688051028923, 20.75719160709296], [84.71706017334606, 20.75719160709296], [84.71706017334606, 20.757461101678196], [84.71715000487447, 20.757461101678196], [84.71715000487447, 20.75755093320661], [84.71706017334606, 20.75755093320661], [84.71706017334606, 20.75764076473502], [84.71715000487447, 20.75764076473502], [84.71715000487447, 20.757820427791845], [84.71688051028923, 20.757820427791845], [84.71688051028923, 20.75808992237708], [84.71670084723242, 20.75808992237708], [84.71670084723242, 20.75817975390549], [84.716611015704, 20.75817975390549], [84.716611015704, 20.75808992237708], [84.71652118417559, 20.75808992237708], [84.71652118417559, 20.757820427791845], [84.71643135264718, 20.757820427791845], [84.71643135264718, 20.757730596263432], [84.71652118417559, 20.757730596263432], [84.71652118417559, 20.75764076473502], [84.71643135264718, 20.75764076473502], [84.71643135264718, 20.757461101678196], [84.71670084723242, 20.757461101678196], [84.71670084723242, 20.75764076473502], [84.71679067876083, 20.75764076473502], [84.71679067876083, 20.757730596263432], [84.71688051028923, 20.757730596263432], [84.71688051028923, 20.75719160709296]]]}, "id": "+866+820", "properties": {"area_ha": 0.41051919181028407, "centroid_lat": 20.757702013249112, "centroid_lon": 84.71678659602055, "cluster_id": 2, "n_pixels": 41, "perim_m": 465.5724781120137, "profile_A00_p50": 0.01607929846723634, "profile_A01_p50": -0.09325928894552608, "profile_A02_p50": 0.15574265080948216, "profile_A03_p50": 0.05510718791275624, "profile_A04_p50": -0.03958326256288115, "profile_A05_p50": -0.012175294337919829, "profile_A06_p50": -0.06860958937213293, "profile_A07_p50": 0.15972123394716195, "profile_A08_p50": -0.09519653755341986, "profile_A09_p50": 0.03081455304969992, "profile_A10_p50": 0.09723644038592667, "profile_A11_p50": 0.054165564002202786, "profile_A12_p50": -0.3147218909719646, "profile_A13_p50": 0.040497469321907516, "profile_A14_p50": -0.022973498166712958, "profile_A15_p50": 0.09328417803107399, "profile_A16_p50": -0.03179032310251832, "profile_A17_p50": 0.05956912658424222, "profile_A18_p50": -0.08345493268382298, "profile_A19_p50": -0.00869351149030712, "profile_A20_p50": -0.32718595943376916, "profile_A21_p50": 0.3294839047918634, "profile_A22_p50": 0.2685499623513489, "profile_A23_p50": -0.03656012355091588, "profile_A24_p50": 0.0424956708138624, "profile_A25_p50": 0.04968691852140866, "profile_A26_p50": 0.14118621676056847, "profile_A27_p50": -0.0015169094507810382, "profile_A28_p50": -0.0551930306465149, "profile_A29_p50": 0.19672973847713127, "profile_A30_p50": 0.03563462265510587, "profile_A31_p50": 0.06891962816152455, "profile_A32_p50": -0.03370277333875243, "profile_A33_p50": -0.021022160498186202, "profile_A34_p50": 0.02194537343692845, "profile_A35_p50": -0.06489623050346346, "profile_A36_p50": -0.16667376452843582, "profile_A37_p50": 0.049301007118673384, "profile_A38_p50": 0.1625646481134659, "profile_A39_p50": -0.09667818203882567, "profile_A40_p50": 0.07177554247184999, "profile_A41_p50": 0.025849713758259157, "profile_A42_p50": -0.1603950383149332, "profile_A43_p50": 0.3206311935052324, "profile_A44_p50": 0.03949686181453972, "profile_A45_p50": 0.07957258653471222, "profile_A46_p50": -0.007244395135298514, "profile_A47_p50": 0.0009285263544765512, "profile_A48_p50": -0.14827138240108648, "profile_A49_p50": 0.04203039160903449, "profile_A50_p50": -0.0894084614750824, "profile_A51_p50": 0.0420021094092952, "profile_A52_p50": -0.026854651969123216, "profile_A53_p50": -0.05222646987672483, "profile_A54_p50": 0.19210230009974394, "profile_A55_p50": -0.09714178975171217, "profile_A56_p50": -0.02982483604049857, "profile_A57_p50": -0.031826696800191734, "profile_A58_p50": -0.11861554119579336, "profile_A59_p50": -0.16945468313000148, "profile_A60_p50": 0.024861352308783075, "profile_A61_p50": -0.06396893744907857, "profile_A62_p50": 0.09038286949991847, "profile_A63_p50": 0.06305566403851852, "unit_id": 66}}, {"type": "Feature", "geometry": {"type": "Polygon", "coordinates": [[[84.71706017334606, 20.757101775564546], [84.71795848863017, 20.757101775564546], [84.71795848863017, 20.75719160709296], [84.71804832015859, 20.75719160709296], [84.71804832015859, 20.757281438621373], [84.718138151687, 20.757281438621373], [84.718138151687, 20.757371270149783], [84.71804832015859, 20.757371270149783], [84.71804832015859, 20.75755093320661], [84.718138151687, 20.75755093320661], [84.718138151687, 20.757730596263432], [84.71822798321541, 20.757730596263432], [84.71822798321541, 20.758000090848668], [84.718138151687, 20.758000090848668], [84.718138151687, 20.757910259320255], [84.71723983640288, 20.757910259320255], [84.71723983640288, 20.757820427791845], [84.71715000487447, 20.757820427791845], [84.71715000487447, 20.75764076473502], [84.71706017334606, 20.75764076473502], [84.71706017334606, 20.75755093320661], [84.71715000487447, 20.75755093320661], [84.71715000487447, 20.757461101678196], [84.71706017334606, 20.757461101678196], [84.71706017334606, 20.757101775564546]]]}, "id": "+876+821", "properties": {"area_ha": 0.9423293056246912, "centroid_lat": 20.757515801217348, "centroid_lon": 84.71761650605251, "cluster_id": 1, "n_pixels": 94, "perim_m": 479.55630765316096, "profile_A00_p50": 0.03271580154003711, "profile_A01_p50": -0.11375341467856491, "profile_A02_p50": 0.14502358012698188, "profile_A03_p50": 0.03959149222005681, "profile_A04_p50": -0.030527205081604964, "profile_A05_p50": -0.059109560931666284, "profile_A06_p50": -0.08714236728077558, "profile_A07_p50": 0.19004517366198861, "profile_A08_p50": -0.09742691013455672, "profile_A09_p50": 0.05246428032381147, "profile_A10_p50": 0.0903839912043517, "profile_A11_p50": 0.06396969638284118, "profile_A12_p50": -0.30311452402904115, "profile_A13_p50": 0.020052965951416372, "profile_A14_p50": -0.0444413117461945, "profile_A15_p50": 0.06305666426498278, "profile_A16_p50": -0.026828031713742637, "profile_A17_p50": 0.04446795441187518, "profile_A18_p50": -0.06983080122288483, "profile_A19_p50": -0.017052298189478024, "profile_A20_p50": -0.34466440272476034, "profile_A21_p50": 0.3176269253135612, "profile_A22_p50": 0.277795582794932, "profile_A23_p50": -0.06489128113118889, "profile_A24_p50": 0.038339063717992033, "profile_A25_p50": 0.023901987066316726, "profile_A26_p50": 0.13237431101973818, "profile_A27_p50": 0.03951433416721946, "profile_A28_p50": -0.05443751669899556, "profile_A29_p50": 0.17207930230729043, "profile_A30_p50": 0.0287977790236459, "profile_A31_p50": 0.06689361953663718, "profile_A32_p50": -0.006945243488371015, "profile_A33_p50": -0.018058437216514258, "profile_A34_p50": 0.01801798984134666, "profile_A35_p50": -0.09227289352806284, "profile_A36_p50": -0.1500168932694884, "profile_A37_p50": 0.01023623617125179, "profile_A38_p50": 0.1647150595981434, "profile_A39_p50": -0.10885468643849414, "profile_A40_p50": 0.06306588951537889, "profile_A41_p50": 0.03667100002942101, "profile_A42_p50": -0.14514428798165818, "profile_A43_p50": 0.3448491278411489, "profile_A44_p50": 0.04539794597451391, "profile_A45_p50": 0.06589870806710484, "profile_A46_p50": -0.02778112571053548, "profile_A47_p50": 0.010734444636125716, "profile_A48_p50": -0.12455038136189558, "profile_A49_p50": 0.044471451794797744, "profile_A50_p50": -0.10399952773930678, "profile_A51_p50": 0.029827144024000656, "profile_A52_p50": -0.018048708711274394, "profile_A53_p50": -0.07273904843045319, "profile_A54_p50": 0.17321766443731382, "profile_A55_p50": -0.07765784986453983, "profile_A56_p50": -0.03371831346917852, "profile_A57_p50": -0.03263588178288644, "profile_A58_p50": -0.1194501360713451, "profile_A59_p50": -0.152898037244058, "profile_A60_p50": 0.054211555243307334, "profile_A61_p50": -0.09398988437787739, "profile_A62_p50": 0.06786579055894833, "profile_A63_p50": 0.05609223609963694, "unit_id": 67}}, {"type": "Feature", "geometry": {"type": "Polygon", "coordinates": [[[84.71454489055053, 20.756922112507723], [84.7151737112494, 20.756922112507723], [84.7151737112494, 20.757011944036137], [84.71499404819258, 20.757011944036137], [84.71499404819258, 20.757281438621373], [84.71490421666417, 20.757281438621373], [84.71490421666417, 20.757371270149783], [84.71499404819258, 20.757371270149783], [84.71499404819258, 20.757461101678196], [84.71490421666417, 20.757461101678196], [84.71490421666417, 20.757371270149783], [84.71481438513577, 20.757371270149783], [84.71481438513577, 20.757281438621373], [84.71463472207894, 20.757281438621373], [84.71463472207894, 20.757371270149783], [84.71454489055053, 20.757371270149783], [84.71454489055053, 20.75719160709296], [84.71445505902211, 20.75719160709296], [84.71445505902211, 20.757101775564546], [84.71454489055053, 20.757101775564546], [84.71454489055053, 20.756922112507723]]]}, "id": "+845+823", "properties": {"area_ha": 0.2425803214631075, "centroid_lat": 20.757122507323967, "centroid_lon": 84.71478674466452, "cluster_id": 2, "n_pixels": 24, "perim_m": 307.6253807430916, "profile_A00_p50": 0.01607929846723634, "profile_A01_p50": -0.09325928894552608, "profile_A02_p50": 0.15574265080948216, "profile_A03_p50": 0.05510718791275624, "profile_A04_p50": -0.03958326256288115, "profile_A05_p50": -0.012175294337919829, "profile_A06_p50": -0.06860958937213293, "profile_A07_p50": 0.15972123394716195, "profile_A08_p50": -0.09519653755341986, "profile_A09_p50": 0.03081455304969992, "profile_A10_p50": 0.09723644038592667, "profile_A11_p50": 0.054165564002202786, "profile_A12_p50": -0.3147218909719646, "profile_A13_p50": 0.040497469321907516, "profile_A14_p50": -0.022973498166712958, "profile_A15_p50": 0.09328417803107399, "profile_A16_p50": -0.03179032310251832, "profile_A17_p50": 0.05956912658424222, "profile_A18_p50": -0.08345493268382298, "profile_A19_p50": -0.00869351149030712, "profile_A20_p50": -0.32718595943376916, "profile_A21_p50": 0.3294839047918634, "profile_A22_p50": 0.2685499623513489, "profile_A23_p50": -0.03656012355091588, "profile_A24_p50": 0.0424956708138624, "profile_A25_p50": 0.04968691852140866, "profile_A26_p50": 0.14118621676056847, "profile_A27_p50": -0.0015169094507810382, "profile_A28_p50": -0.0551930306465149, "profile_A29_p50": 0.19672973847713127, "profile_A30_p50": 0.03563462265510587, "profile_A31_p50": 0.06891962816152455, "profile_A32_p50": -0.03370277333875243, "profile_A33_p50": -0.021022160498186202, "profile_A34_p50": 0.02194537343692845, "profile_A35_p50": -0.06489623050346346, "profile_A36_p50": -0.16667376452843582, "profile_A37_p50": 0.049301007118673384, "profile_A38_p50": 0.1625646481134659, "profile_A39_p50": -0.09667818203882567, "profile_A40_p50": 0.07177554247184999, "profile_A41_p50": 0.025849713758259157, "profile_A42_p50": -0.1603950383149332, "profile_A43_p50": 0.3206311935052324, "profile_A44_p50": 0.03949686181453972, "profile_A45_p50": 0.07957258653471222, "profile_A46_p50": -0.007244395135298514, "profile_A47_p50": 0.0009285263544765512, "profile_A48_p50": -0.14827138240108648, "profile_A49_p50": 0.04203039160903449, "profile_A50_p50": -0.0894084614750824, "profile_A51_p50": 0.0420021094092952, "profile_A52_p50": -0.026854651969123216, "profile_A53_p50": -0.05222646987672483, "profile_A54_p50": 0.19210230009974394, "profile_A55_p50": -0.09714178975171217, "profile_A56_p50": -0.02982483604049857, "profile_A57_p50": -0.031826696800191734, "profile_A58_p50": -0.11861554119579336, "profile_A59_p50": -0.16945468313000148, "profile_A60_p50": 0.024861352308783075, "profile_A61_p50": -0.06396893744907857, "profile_A62_p50": 0.09038286949991847, "profile_A63_p50": 0.06305566403851852, "unit_id": 68}}, {"type": "Feature", "geometry": {"type": "Polygon", "coordinates": [[[84.69298532373166, 20.748477948837], [84.69307515526008, 20.748477948837], [84.69307515526008, 20.748567780365413], [84.69298532373166, 20.748567780365413], [84.69298532373166, 20.748657611893826], [84.69280566067484, 20.748657611893826], [84.69280566067484, 20.748747443422236], [84.69271582914642, 20.748747443422236], [84.69271582914642, 20.74883727495065], [84.69244633456118, 20.74883727495065], [84.69244633456118, 20.748927106479062], [84.69235650303277, 20.748927106479062], [84.69235650303277, 20.749016938007472], [84.69199717691913, 20.749016938007472], [84.69199717691913, 20.74883727495065], [84.69244633456118, 20.74883727495065], [84.69244633456118, 20.748747443422236], [84.69262599761801, 20.748747443422236], [84.69262599761801, 20.748657611893826], [84.69280566067484, 20.748657611893826], [84.69280566067484, 20.748567780365413], [84.69298532373166, 20.748567780365413], [84.69298532373166, 20.748477948837]]]}, "id": "+599+917", "properties": {"area_ha": 0.158618992513916, "centroid_lat": 20.74881349499585, "centroid_lon": 84.69245954551756, "cluster_id": 5, "n_pixels": 16, "perim_m": 343.87551679500314, "profile_A00_p50": -0.03275663206459054, "profile_A01_p50": -0.10132513135973344, "profile_A02_p50": 0.12512110726643597, "profile_A03_p50": 0.07216711521209791, "profile_A04_p50": -0.049416890939382285, "profile_A05_p50": -0.017716262975778545, "profile_A06_p50": -0.10172497757272843, "profile_A07_p50": 0.16973984364987826, "profile_A08_p50": -0.10524157375368448, "profile_A09_p50": 0.015737536844803276, "profile_A10_p50": 0.0758887607330514, "profile_A11_p50": 0.012856593617839293, "profile_A12_p50": -0.27524798154555935, "profile_A13_p50": 0.02345764449570678, "profile_A14_p50": 0.01306164295783673, "profile_A15_p50": 0.08453159041394336, "profile_A16_p50": -0.0318236575676022, "profile_A17_p50": 0.03020376778162245, "profile_A18_p50": -0.1271305907984109, "profile_A19_p50": 0.014384211200820196, "profile_A20_p50": -0.32651031654491863, "profile_A21_p50": 0.3029296424452134, "profile_A22_p50": 0.23034217608612073, "profile_A23_p50": -0.050452390106369344, "profile_A24_p50": 0.07285403050108932, "profile_A25_p50": 0.050124311162373446, "profile_A26_p50": 0.15833910034602075, "profile_A27_p50": -0.03082916826861463, "profile_A28_p50": -0.07287453543508908, "profile_A29_p50": 0.17593233371780084, "profile_A30_p50": 0.04729463027040882, "profile_A31_p50": 0.07934384211200822, "profile_A32_p50": -0.006766628219915417, "profile_A33_p50": -0.028112264513648597, "profile_A34_p50": -0.008242983467896963, "profile_A35_p50": -0.06182237600922722, "profile_A36_p50": -0.1505267204921184, "profile_A37_p50": 0.05915673458926055, "profile_A38_p50": 0.15109060617711137, "profile_A39_p50": -0.07641163655004486, "profile_A40_p50": 0.07374599513007818, "profile_A41_p50": 0.009534794309880815, "profile_A42_p50": -0.17832115852877098, "profile_A43_p50": 0.31510957324106115, "profile_A44_p50": 0.06233499935922082, "profile_A45_p50": 0.10306805074971166, "profile_A46_p50": 0.02247340766371908, "profile_A47_p50": 0.03464308599256696, "profile_A48_p50": -0.16359861591695504, "profile_A49_p50": 0.04015891323849802, "profile_A50_p50": -0.04874022811739075, "profile_A51_p50": 0.054819941048314745, "profile_A52_p50": -0.02653338459566833, "profile_A53_p50": -0.0293118031526336, "profile_A54_p50": 0.2106984493143663, "profile_A55_p50": -0.0675842624631552, "profile_A56_p50": -0.007812379853902343, "profile_A57_p50": -0.03699090093553762, "profile_A58_p50": -0.11006023324362424, "profile_A59_p50": -0.18804049724464952, "profile_A60_p50": 0.043531974881455854, "profile_A61_p50": -0.08715622196591055, "profile_A62_p50": 0.07704728950403691, "profile_A63_p50": 0.06002819428424965, "unit_id": 69}}, {"type": "Feature", "geometry": {"type": "Polygon", "coordinates": [[[84.69136835622024, 20.748477948837], [84.69163785080548, 20.748477948837], [84.69163785080548, 20.748567780365413], [84.69199717691913, 20.748567780365413], [84.69199717691913, 20.748657611893826], [84.69145818774865, 20.748657611893826], [84.69145818774865, 20.748567780365413], [84.69136835622024, 20.748567780365413], [84.69136835622024, 20.748477948837]]]}, "id": "+583+917", "properties": {"area_ha": 0.08397495001563333, "centroid_lat": 20.748582751675045, "centroid_lon": 84.69165282313402, "cluster_id": 4, "n_pixels": 8, "perim_m": 170.75751407263184, "profile_A00_p50": 0.008298719271209898, "profile_A01_p50": -0.07469093083856637, "profile_A02_p50": 0.10800947522008073, "profile_A03_p50": 0.042509368788694345, "profile_A04_p50": -0.0426968752367191, "profile_A05_p50": -0.035637829955731025, "profile_A06_p50": -0.11672119490849256, "profile_A07_p50": 0.1879339575124317, "profile_A08_p50": -0.09056467087096307, "profile_A09_p50": 0.02784888560411792, "profile_A10_p50": 0.13035981317009449, "profile_A11_p50": 0.04055068175022038, "profile_A12_p50": -0.28337253413690394, "profile_A13_p50": 0.00920730971179795, "profile_A14_p50": -0.00631346145666523, "profile_A15_p50": 0.08445701720660749, "profile_A16_p50": 0.02009065134032393, "profile_A17_p50": -0.005374245558789961, "profile_A18_p50": -0.12753547752193758, "profile_A19_p50": -0.02636053172914466, "profile_A20_p50": -0.3448337901468831, "profile_A21_p50": 0.23924268443760954, "profile_A22_p50": 0.2668584096133238, "profile_A23_p50": -0.08246815537529702, "profile_A24_p50": 0.054209222287167604, "profile_A25_p50": 0.05517862437141477, "profile_A26_p50": 0.16861587015911478, "profile_A27_p50": 0.02004404617553407, "profile_A28_p50": -0.06304713017515787, "profile_A29_p50": 0.18409949661579186, "profile_A30_p50": 0.03468089694248157, "profile_A31_p50": 0.11366739288307917, "profile_A32_p50": 0.06355504293220554, "profile_A33_p50": -0.004423659897708341, "profile_A34_p50": 0.008257852016711918, "profile_A35_p50": -0.09322247950836049, "profile_A36_p50": -0.16167501343971927, "profile_A37_p50": 0.034661716321991116, "profile_A38_p50": 0.13828788705087675, "profile_A39_p50": -0.10208791913055798, "profile_A40_p50": 0.072745413785482, "profile_A41_p50": 0.010221496165756606, "profile_A42_p50": -0.14121588025699564, "profile_A43_p50": 0.36176283961759326, "profile_A44_p50": 0.0923545115367329, "profile_A45_p50": 0.04736357808490588, "profile_A46_p50": -0.001486207047519609, "profile_A47_p50": 0.06932482426170772, "profile_A48_p50": -0.09914769377745158, "profile_A49_p50": 0.05516344787003127, "profile_A50_p50": -0.07473759967606994, "profile_A51_p50": -0.018005005863692303, "profile_A52_p50": -0.021956786117321023, "profile_A53_p50": -0.02191261535365175, "profile_A54_p50": 0.21074593544216133, "profile_A55_p50": -0.08645343992073713, "profile_A56_p50": -0.001471265807888118, "profile_A57_p50": -0.06401087301105515, "profile_A58_p50": -0.079561458992199, "profile_A59_p50": -0.16944114490982223, "profile_A60_p50": 0.0542095775129224, "profile_A61_p50": -0.10405342674469938, "profile_A62_p50": 0.08108809878029077, "profile_A63_p50": 0.07466769191336665, "unit_id": 70}}, {"type": "Feature", "geometry": {"type": "Polygon", "coordinates": [[[84.68912256800995, 20.74739997049606], [84.68921239953835, 20.74739997049606], [84.68921239953835, 20.74757963355288], [84.68939206259518, 20.74757963355288], [84.68939206259518, 20.747759296609704], [84.68948189412359, 20.747759296609704], [84.68948189412359, 20.747669465081295], [84.689571725652, 20.747669465081295], [84.689571725652, 20.747759296609704], [84.69002088329407, 20.747759296609704], [84.69002088329407, 20.747849128138117], [84.68993105176565, 20.747849128138117], [84.68993105176565, 20.74793895966653], [84.69047004093612, 20.74793895966653], [84.69047004093612, 20.748118622723354], [84.69055987246453, 20.748118622723354], [84.69055987246453, 20.748298285780177], [84.6910090301066, 20.748298285780177], [84.6910090301066, 20.74838811730859], [84.69127852469182, 20.74838811730859], [84.69127852469182, 20.748477948837], [84.69073953552136, 20.748477948837], [84.69073953552136, 20.748567780365413], [84.69055987246453, 20.748567780365413], [84.69055987246453, 20.748477948837], [84.69047004093612, 20.748477948837], [84.69047004093612, 20.748567780365413], [84.6902903778793, 20.748567780365413], [84.6902903778793, 20.748477948837], [84.68993105176565, 20.748477948837], [84.68993105176565, 20.748298285780177], [84.68975138870883, 20.748298285780177], [84.68975138870883, 20.748477948837], [84.689571725652, 20.748477948837], [84.689571725652, 20.748657611893826], [84.68948189412359, 20.748657611893826], [84.68948189412359, 20.748477948837], [84.68939206259518, 20.748477948837], [84.68939206259518, 20.748298285780177], [84.68930223106676, 20.748298285780177], [84.68930223106676, 20.748118622723354], [84.68921239953835, 20.748118622723354], [84.68921239953835, 20.747759296609704], [84.68912256800995, 20.747759296609704], [84.68912256800995, 20.74739997049606]]]}, "id": "+556+929", "properties": {"area_ha": 1.1476602102800715, "centroid_lat": 20.74814382008468, "centroid_lon": 84.68993944946853, "cluster_id": 4, "n_pixels": 115, "perim_m": 845.7015022632604, "profile_A00_p50": 0.008298719271209898, "profile_A01_p50": -0.07469093083856637, "profile_A02_p50": 0.10800947522008073, "profile_A03_p50": 0.042509368788694345, "profile_A04_p50": -0.0426968752367191, "profile_A05_p50": -0.035637829955731025, "profile_A06_p50": -0.11672119490849256, "profile_A07_p50": 0.1879339575124317, "profile_A08_p50": -0.09056467087096307, "profile_A09_p50": 0.02784888560411792, "profile_A10_p50": 0.13035981317009449, "profile_A11_p50": 0.04055068175022038, "profile_A12_p50": -0.28337253413690394, "profile_A13_p50": 0.00920730971179795, "profile_A14_p50": -0.00631346145666523, "profile_A15_p50": 0.08445701720660749, "profile_A16_p50": 0.02009065134032393, "profile_A17_p50": -0.005374245558789961, "profile_A18_p50": -0.12753547752193758, "profile_A19_p50": -0.02636053172914466, "profile_A20_p50": -0.3448337901468831, "profile_A21_p50": 0.23924268443760954, "profile_A22_p50": 0.2668584096133238, "profile_A23_p50": -0.08246815537529702, "profile_A24_p50": 0.054209222287167604, "profile_A25_p50": 0.05517862437141477, "profile_A26_p50": 0.16861587015911478, "profile_A27_p50": 0.02004404617553407, "profile_A28_p50": -0.06304713017515787, "profile_A29_p50": 0.18409949661579186, "profile_A30_p50": 0.03468089694248157, "profile_A31_p50": 0.11366739288307917, "profile_A32_p50": 0.06355504293220554, "profile_A33_p50": -0.004423659897708341, "profile_A34_p50": 0.008257852016711918, "profile_A35_p50": -0.09322247950836049, "profile_A36_p50": -0.16167501343971927, "profile_A37_p50": 0.034661716321991116, "profile_A38_p50": 0.13828788705087675, "profile_A39_p50": -0.10208791913055798, "profile_A40_p50": 0.072745413785482, "profile_A41_p50": 0.010221496165756606, "profile_A42_p50": -0.14121588025699564, "profile_A43_p50": 0.36176283961759326, "profile_A44_p50": 0.0923545115367329, "profile_A45_p50": 0.04736357808490588, "profile_A46_p50": -0.001486207047519609, "profile_A47_p50": 0.06932482426170772, "profile_A48_p50": -0.09914769377745158, "profile_A49_p50": 0.05516344787003127, "profile_A50_p50": -0.07473759967606994, "profile_A51_p50": -0.018005005863692303, "profile_A52_p50": -0.021956786117321023, "profile_A53_p50": -0.02191261535365175, "profile_A54_p50": 0.21074593544216133, "profile_A55_p50": -0.08645343992073713, "profile_A56_p50": -0.001471265807888118, "profile_A57_p50": -0.06401087301105515, "profile_A58_p50": -0.079561458992199, "profile_A59_p50": -0.16944114490982223, "profile_A60_p50": 0.0542095775129224, "profile_A61_p50": -0.10405342674469938, "profile_A62_p50": 0.08108809878029077, "profile_A63_p50": 0.07466769191336665, "unit_id": 71}}, {"type": "Feature", "geometry": {"type": "Polygon", "coordinates": [[[84.69621925875448, 20.747669465081295], [84.6963090902829, 20.747669465081295], [84.6963090902829, 20.747849128138117], [84.69648875333972, 20.747849128138117], [84.69648875333972, 20.748208454251763], [84.6963090902829, 20.748208454251763], [84.6963090902829, 20.748118622723354], [84.69639892181131, 20.748118622723354], [84.69639892181131, 20.74802879119494], [84.6963090902829, 20.74802879119494], [84.6963090902829, 20.747849128138117], [84.69621925875448, 20.747849128138117], [84.69621925875448, 20.747669465081295]]]}, "id": "+635+926", "properties": {"area_ha": 0.08397524272482951, "centroid_lat": 20.747963912869675, "centroid_lon": 84.69637396748419, "cluster_id": 4, "n_pixels": 8, "perim_m": 194.19010183028558, "profile_A00_p50": 0.008298719271209898, "profile_A01_p50": -0.07469093083856637, "profile_A02_p50": 0.10800947522008073, "profile_A03_p50": 0.042509368788694345, "profile_A04_p50": -0.0426968752367191, "profile_A05_p50": -0.035637829955731025, "profile_A06_p50": -0.11672119490849256, "profile_A07_p50": 0.1879339575124317, "profile_A08_p50": -0.09056467087096307, "profile_A09_p50": 0.02784888560411792, "profile_A10_p50": 0.13035981317009449, "profile_A11_p50": 0.04055068175022038, "profile_A12_p50": -0.28337253413690394, "profile_A13_p50": 0.00920730971179795, "profile_A14_p50": -0.00631346145666523, "profile_A15_p50": 0.08445701720660749, "profile_A16_p50": 0.02009065134032393, "profile_A17_p50": -0.005374245558789961, "profile_A18_p50": -0.12753547752193758, "profile_A19_p50": -0.02636053172914466, "profile_A20_p50": -0.3448337901468831, "profile_A21_p50": 0.23924268443760954, "profile_A22_p50": 0.2668584096133238, "profile_A23_p50": -0.08246815537529702, "profile_A24_p50": 0.054209222287167604, "profile_A25_p50": 0.05517862437141477, "profile_A26_p50": 0.16861587015911478, "profile_A27_p50": 0.02004404617553407, "profile_A28_p50": -0.06304713017515787, "profile_A29_p50": 0.18409949661579186, "profile_A30_p50": 0.03468089694248157, "profile_A31_p50": 0.11366739288307917, "profile_A32_p50": 0.06355504293220554, "profile_A33_p50": -0.004423659897708341, "profile_A34_p50": 0.008257852016711918, "profile_A35_p50": -0.09322247950836049, "profile_A36_p50": -0.16167501343971927, "profile_A37_p50": 0.034661716321991116, "profile_A38_p50": 0.13828788705087675, "profile_A39_p50": -0.10208791913055798, "profile_A40_p50": 0.072745413785482, "profile_A41_p50": 0.010221496165756606, "profile_A42_p50": -0.14121588025699564, "profile_A43_p50": 0.36176283961759326, "profile_A44_p50": 0.0923545115367329, "profile_A45_p50": 0.04736357808490588, "profile_A46_p50": -0.001486207047519609, "profile_A47_p50": 0.06932482426170772, "profile_A48_p50": -0.09914769377745158, "profile_A49_p50": 0.05516344787003127, "profile_A50_p50": -0.07473759967606994, "profile_A51_p50": -0.018005005863692303, "profile_A52_p50": -0.021956786117321023, "profile_A53_p50": -0.02191261535365175, "profile_A54_p50": 0.21074593544216133, "profile_A55_p50": -0.08645343992073713, "profile_A56_p50": -0.001471265807888118, "profile_A57_p50": -0.06401087301105515, "profile_A58_p50": -0.079561458992199, "profile_A59_p50": -0.16944114490982223, "profile_A60_p50": 0.0542095775129224, "profile_A61_p50": -0.10405342674469938, "profile_A62_p50": 0.08108809878029077, "profile_A63_p50": 0.07466769191336665, "unit_id": 72}}, {"type": "Feature", "geometry": {"type": "Polygon", "coordinates": [[[84.69514128041354, 20.746771149797173], [84.69532094347036, 20.746771149797173], [84.69532094347036, 20.74704064438241], [84.69523111194195, 20.74704064438241], [84.69523111194195, 20.746950812854], [84.69514128041354, 20.746950812854], [84.69514128041354, 20.747489802024468], [84.694153133601, 20.747489802024468], [84.694153133601, 20.747849128138117], [84.6939734705442, 20.747849128138117], [84.6939734705442, 20.748208454251763], [84.6933446498453, 20.748208454251763], [84.6933446498453, 20.74838811730859], [84.69325481831689, 20.74838811730859], [84.69325481831689, 20.748567780365413], [84.69316498678847, 20.748567780365413], [84.69316498678847, 20.748477948837], [84.69298532373166, 20.748477948837], [84.69298532373166, 20.748567780365413], [84.69280566067484, 20.748567780365413], [84.69280566067484, 20.748657611893826], [84.69262599761801, 20.748657611893826], [84.69262599761801, 20.748747443422236], [84.69244633456118, 20.748747443422236], [84.69244633456118, 20.74883727495065], [84.69199717691913, 20.74883727495065], [84.69199717691913, 20.748747443422236], [84.69208700844754, 20.748747443422236], [84.69208700844754, 20.748657611893826], [84.69226667150436, 20.748657611893826], [84.69226667150436, 20.74838811730859], [84.69235650303277, 20.74838811730859], [84.69235650303277, 20.748298285780177], [84.69244633456118, 20.748298285780177], [84.69244633456118, 20.74793895966653], [84.69280566067484, 20.74793895966653], [84.69280566067484, 20.747849128138117], [84.69298532373166, 20.747849128138117], [84.69298532373166, 20.74793895966653], [84.69325481831689, 20.74793895966653], [84.69325481831689, 20.747759296609704], [84.69343448137371, 20.747759296609704], [84.69343448137371, 20.74757963355288], [84.69352431290213, 20.74757963355288], [84.69352431290213, 20.747669465081295], [84.69361414443054, 20.747669465081295], [84.69361414443054, 20.747489802024468], [84.69379380748737, 20.747489802024468], [84.69379380748737, 20.74739997049606], [84.69388363901578, 20.74739997049606], [84.69388363901578, 20.747310138967645], [84.69460229124307, 20.747310138967645], [84.69460229124307, 20.747130475910822], [84.69496161735673, 20.747130475910822], [84.69496161735673, 20.746950812854], [84.69514128041354, 20.746950812854], [84.69514128041354, 20.746771149797173]]]}, "id": "+624+936", "properties": {"area_ha": 1.8661174654216883, "centroid_lat": 20.747922790777654, "centroid_lon": 84.69353150458777, "cluster_id": 4, "n_pixels": 187, "perim_m": 1229.361656902373, "profile_A00_p50": 0.008298719271209898, "profile_A01_p50": -0.07469093083856637, "profile_A02_p50": 0.10800947522008073, "profile_A03_p50": 0.042509368788694345, "profile_A04_p50": -0.0426968752367191, "profile_A05_p50": -0.035637829955731025, "profile_A06_p50": -0.11672119490849256, "profile_A07_p50": 0.1879339575124317, "profile_A08_p50": -0.09056467087096307, "profile_A09_p50": 0.02784888560411792, "profile_A10_p50": 0.13035981317009449, "profile_A11_p50": 0.04055068175022038, "profile_A12_p50": -0.28337253413690394, "profile_A13_p50": 0.00920730971179795, "profile_A14_p50": -0.00631346145666523, "profile_A15_p50": 0.08445701720660749, "profile_A16_p50": 0.02009065134032393, "profile_A17_p50": -0.005374245558789961, "profile_A18_p50": -0.12753547752193758, "profile_A19_p50": -0.02636053172914466, "profile_A20_p50": -0.3448337901468831, "profile_A21_p50": 0.23924268443760954, "profile_A22_p50": 0.2668584096133238, "profile_A23_p50": -0.08246815537529702, "profile_A24_p50": 0.054209222287167604, "profile_A25_p50": 0.05517862437141477, "profile_A26_p50": 0.16861587015911478, "profile_A27_p50": 0.02004404617553407, "profile_A28_p50": -0.06304713017515787, "profile_A29_p50": 0.18409949661579186, "profile_A30_p50": 0.03468089694248157, "profile_A31_p50": 0.11366739288307917, "profile_A32_p50": 0.06355504293220554, "profile_A33_p50": -0.004423659897708341, "profile_A34_p50": 0.008257852016711918, "profile_A35_p50": -0.09322247950836049, "profile_A36_p50": -0.16167501343971927, "profile_A37_p50": 0.034661716321991116, "profile_A38_p50": 0.13828788705087675, "profile_A39_p50": -0.10208791913055798, "profile_A40_p50": 0.072745413785482, "profile_A41_p50": 0.010221496165756606, "profile_A42_p50": -0.14121588025699564, "profile_A43_p50": 0.36176283961759326, "profile_A44_p50": 0.0923545115367329, "profile_A45_p50": 0.04736357808490588, "profile_A46_p50": -0.001486207047519609, "profile_A47_p50": 0.06932482426170772, "profile_A48_p50": -0.09914769377745158, "profile_A49_p50": 0.05516344787003127, "profile_A50_p50": -0.07473759967606994, "profile_A51_p50": -0.018005005863692303, "profile_A52_p50": -0.021956786117321023, "profile_A53_p50": -0.02191261535365175, "profile_A54_p50": 0.21074593544216133, "profile_A55_p50": -0.08645343992073713, "profile_A56_p50": -0.001471265807888118, "profile_A57_p50": -0.06401087301105515, "profile_A58_p50": -0.079561458992199, "profile_A59_p50": -0.16944114490982223, "profile_A60_p50": 0.0542095775129224, "profile_A61_p50": -0.10405342674469938, "profile_A62_p50": 0.08108809878029077, "profile_A63_p50": 0.07466769191336665, "unit_id": 73}}, {"type": "Feature", "geometry": {"type": "Polygon", "coordinates": [[[84.69612942722607, 20.747310138967645], [84.69621925875448, 20.747310138967645], [84.69621925875448, 20.74739997049606], [84.6963090902829, 20.74739997049606], [84.6963090902829, 20.74757963355288], [84.69621925875448, 20.74757963355288], [84.69621925875448, 20.747489802024468], [84.69612942722607, 20.747489802024468], [84.69612942722607, 20.747310138967645]]]}, "id": "+634+930", "properties": {"area_ha": 0.037322458175046654, "centroid_lat": 20.74744488631976, "centroid_lon": 84.69621925783488, "cluster_id": 4, "n_pixels": 4, "perim_m": 97.09517727782263, "profile_A00_p50": 0.008298719271209898, "profile_A01_p50": -0.07469093083856637, "profile_A02_p50": 0.10800947522008073, "profile_A03_p50": 0.042509368788694345, "profile_A04_p50": -0.0426968752367191, "profile_A05_p50": -0.035637829955731025, "profile_A06_p50": -0.11672119490849256, "profile_A07_p50": 0.1879339575124317, "profile_A08_p50": -0.09056467087096307, "profile_A09_p50": 0.02784888560411792, "profile_A10_p50": 0.13035981317009449, "profile_A11_p50": 0.04055068175022038, "profile_A12_p50": -0.28337253413690394, "profile_A13_p50": 0.00920730971179795, "profile_A14_p50": -0.00631346145666523, "profile_A15_p50": 0.08445701720660749, "profile_A16_p50": 0.02009065134032393, "profile_A17_p50": -0.005374245558789961, "profile_A18_p50": -0.12753547752193758, "profile_A19_p50": -0.02636053172914466, "profile_A20_p50": -0.3448337901468831, "profile_A21_p50": 0.23924268443760954, "profile_A22_p50": 0.2668584096133238, "profile_A23_p50": -0.08246815537529702, "profile_A24_p50": 0.054209222287167604, "profile_A25_p50": 0.05517862437141477, "profile_A26_p50": 0.16861587015911478, "profile_A27_p50": 0.02004404617553407, "profile_A28_p50": -0.06304713017515787, "profile_A29_p50": 0.18409949661579186, "profile_A30_p50": 0.03468089694248157, "profile_A31_p50": 0.11366739288307917, "profile_A32_p50": 0.06355504293220554, "profile_A33_p50": -0.004423659897708341, "profile_A34_p50": 0.008257852016711918, "profile_A35_p50": -0.09322247950836049, "profile_A36_p50": -0.16167501343971927, "profile_A37_p50": 0.034661716321991116, "profile_A38_p50": 0.13828788705087675, "profile_A39_p50": -0.10208791913055798, "profile_A40_p50": 0.072745413785482, "profile_A41_p50": 0.010221496165756606, "profile_A42_p50": -0.14121588025699564, "profile_A43_p50": 0.36176283961759326, "profile_A44_p50": 0.0923545115367329, "profile_A45_p50": 0.04736357808490588, "profile_A46_p50": -0.001486207047519609, "profile_A47_p50": 0.06932482426170772, "profile_A48_p50": -0.09914769377745158, "profile_A49_p50": 0.05516344787003127, "profile_A50_p50": -0.07473759967606994, "profile_A51_p50": -0.018005005863692303, "profile_A52_p50": -0.021956786117321023, "profile_A53_p50": -0.02191261535365175, "profile_A54_p50": 0.21074593544216133, "profile_A55_p50": -0.08645343992073713, "profile_A56_p50": -0.001471265807888118, "profile_A57_p50": -0.06401087301105515, "profile_A58_p50": -0.079561458992199, "profile_A59_p50": -0.16944114490982223, "profile_A60_p50": 0.0542095775129224, "profile_A61_p50": -0.10405342674469938, "profile_A62_p50": 0.08108809878029077, "profile_A63_p50": 0.07466769191336665, "unit_id": 74}}, {"type": "Feature", "geometry": {"type": "Polygon", "coordinates": [[[84.69594976416926, 20.746950812854], [84.69603959569767, 20.746950812854], [84.69603959569767, 20.74704064438241], [84.69612942722607, 20.74704064438241], [84.69612942722607, 20.747220307439232], [84.69603959569767, 20.747220307439232], [84.69603959569767, 20.747130475910822], [84.69594976416926, 20.747130475910822], [84.69594976416926, 20.746950812854]]]}, "id": "+632+934", "properties": {"area_ha": 0.037322546838604, "centroid_lat": 20.747085560115927, "centroid_lon": 84.69603959707014, "cluster_id": 4, "n_pixels": 4, "perim_m": 97.09526314721614, "profile_A00_p50": 0.008298719271209898, "profile_A01_p50": -0.07469093083856637, "profile_A02_p50": 0.10800947522008073, "profile_A03_p50": 0.042509368788694345, "profile_A04_p50": -0.0426968752367191, "profile_A05_p50": -0.035637829955731025, "profile_A06_p50": -0.11672119490849256, "profile_A07_p50": 0.1879339575124317, "profile_A08_p50": -0.09056467087096307, "profile_A09_p50": 0.02784888560411792, "profile_A10_p50": 0.13035981317009449, "profile_A11_p50": 0.04055068175022038, "profile_A12_p50": -0.28337253413690394, "profile_A13_p50": 0.00920730971179795, "profile_A14_p50": -0.00631346145666523, "profile_A15_p50": 0.08445701720660749, "profile_A16_p50": 0.02009065134032393, "profile_A17_p50": -0.005374245558789961, "profile_A18_p50": -0.12753547752193758, "profile_A19_p50": -0.02636053172914466, "profile_A20_p50": -0.3448337901468831, "profile_A21_p50": 0.23924268443760954, "profile_A22_p50": 0.2668584096133238, "profile_A23_p50": -0.08246815537529702, "profile_A24_p50": 0.054209222287167604, "profile_A25_p50": 0.05517862437141477, "profile_A26_p50": 0.16861587015911478, "profile_A27_p50": 0.02004404617553407, "profile_A28_p50": -0.06304713017515787, "profile_A29_p50": 0.18409949661579186, "profile_A30_p50": 0.03468089694248157, "profile_A31_p50": 0.11366739288307917, "profile_A32_p50": 0.06355504293220554, "profile_A33_p50": -0.004423659897708341, "profile_A34_p50": 0.008257852016711918, "profile_A35_p50": -0.09322247950836049, "profile_A36_p50": -0.16167501343971927, "profile_A37_p50": 0.034661716321991116, "profile_A38_p50": 0.13828788705087675, "profile_A39_p50": -0.10208791913055798, "profile_A40_p50": 0.072745413785482, "profile_A41_p50": 0.010221496165756606, "profile_A42_p50": -0.14121588025699564, "profile_A43_p50": 0.36176283961759326, "profile_A44_p50": 0.0923545115367329, "profile_A45_p50": 0.04736357808490588, "profile_A46_p50": -0.001486207047519609, "profile_A47_p50": 0.06932482426170772, "profile_A48_p50": -0.09914769377745158, "profile_A49_p50": 0.05516344787003127, "profile_A50_p50": -0.07473759967606994, "profile_A51_p50": -0.018005005863692303, "profile_A52_p50": -0.021956786117321023, "profile_A53_p50": -0.02191261535365175, "profile_A54_p50": 0.21074593544216133, "profile_A55_p50": -0.08645343992073713, "profile_A56_p50": -0.001471265807888118, "profile_A57_p50": -0.06401087301105515, "profile_A58_p50": -0.079561458992199, "profile_A59_p50": -0.16944114490982223, "profile_A60_p50": 0.0542095775129224, "profile_A61_p50": -0.10405342674469938, "profile_A62_p50": 0.08108809878029077, "profile_A63_p50": 0.07466769191336665, "unit_id": 75}}, {"type": "Feature", "geometry": {"type": "Polygon", "coordinates": [[[84.69720740556701, 20.742189741848165], [84.69729723709543, 20.742189741848165], [84.69729723709543, 20.742279573376575], [84.69747690015225, 20.742279573376575], [84.69747690015225, 20.742369404904988], [84.69738706862384, 20.742369404904988], [84.69738706862384, 20.7424592364334], [84.69756673168067, 20.7424592364334], [84.69756673168067, 20.742818562547047], [84.69747690015225, 20.742818562547047], [84.69747690015225, 20.743088057132283], [84.69810572085113, 20.743088057132283], [84.69810572085113, 20.74335755171752], [84.69792605779432, 20.74335755171752], [84.69792605779432, 20.743537214774342], [84.69774639473749, 20.743537214774342], [84.69774639473749, 20.743627046302755], [84.69765656320908, 20.743627046302755], [84.69765656320908, 20.74371687783117], [84.69756673168067, 20.74371687783117], [84.69756673168067, 20.74389654088799], [84.69747690015225, 20.74389654088799], [84.69747690015225, 20.744076203944815], [84.69720740556701, 20.744076203944815], [84.69720740556701, 20.744166035473228], [84.6971175740386, 20.744166035473228], [84.6971175740386, 20.744255867001637], [84.6970277425102, 20.744255867001637], [84.6970277425102, 20.74434569853005], [84.69693791098179, 20.74434569853005], [84.69693791098179, 20.744435530058464], [84.69675824792496, 20.744435530058464], [84.69675824792496, 20.744615193115287], [84.69657858486813, 20.744615193115287], [84.69657858486813, 20.7447050246437], [84.69639892181131, 20.7447050246437], [84.69639892181131, 20.74479485617211], [84.6963090902829, 20.74479485617211], [84.6963090902829, 20.744974519228936], [84.69621925875448, 20.744974519228936], [84.69621925875448, 20.745064350757346], [84.69612942722607, 20.745064350757346], [84.69612942722607, 20.74515418228576], [84.69594976416926, 20.74515418228576], [84.69594976416926, 20.745333845342582], [84.69577010111243, 20.745333845342582], [84.69577010111243, 20.745423676870995], [84.6955904380556, 20.745423676870995], [84.6955904380556, 20.74560333992782], [84.69550060652719, 20.74560333992782], [84.69550060652719, 20.74578300298464], [84.69532094347036, 20.74578300298464], [84.69532094347036, 20.746052497569877], [84.69523111194195, 20.746052497569877], [84.69523111194195, 20.74614232909829], [84.69514128041354, 20.74614232909829], [84.69514128041354, 20.7462321606267], [84.69541077499878, 20.7462321606267], [84.69541077499878, 20.746321992155114], [84.6955904380556, 20.746321992155114], [84.6955904380556, 20.746411823683527], [84.69541077499878, 20.746411823683527], [84.69541077499878, 20.746501655211937], [84.69532094347036, 20.746501655211937], [84.69532094347036, 20.746771149797173], [84.69514128041354, 20.746771149797173], [84.69514128041354, 20.746950812854], [84.69496161735673, 20.746950812854], [84.69496161735673, 20.747130475910822], [84.69460229124307, 20.747130475910822], [84.69460229124307, 20.747310138967645], [84.69388363901578, 20.747310138967645], [84.69388363901578, 20.74739997049606], [84.69379380748737, 20.74739997049606], [84.69379380748737, 20.747489802024468], [84.69361414443054, 20.747489802024468], [84.69361414443054, 20.747669465081295], [84.69352431290213, 20.747669465081295], [84.69352431290213, 20.74757963355288], [84.69343448137371, 20.74757963355288], [84.69343448137371, 20.747759296609704], [84.69325481831689, 20.747759296609704], [84.69325481831689, 20.74793895966653], [84.69298532373166, 20.74793895966653], [84.69298532373166, 20.747849128138117], [84.69280566067484, 20.747849128138117], [84.69280566067484, 20.74793895966653], [84.69244633456118, 20.74793895966653], [84.69244633456118, 20.748298285780177], [84.69235650303277, 20.748298285780177], [84.69235650303277, 20.74838811730859], [84.69226667150436, 20.74838811730859], [84.69226667150436, 20.748657611893826], [84.69199717691913, 20.748657611893826], [84.69199717691913, 20.748567780365413], [84.69163785080548, 20.748567780365413], [84.69163785080548, 20.748477948837], [84.69127852469182, 20.748477948837], [84.69127852469182, 20.74838811730859], [84.6910090301066, 20.74838811730859], [84.6910090301066, 20.748298285780177], [84.69055987246453, 20.748298285780177], [84.69055987246453, 20.748118622723354], [84.69047004093612, 20.748118622723354], [84.69047004093612, 20.74793895966653], [84.68993105176565, 20.74793895966653], [84.68993105176565, 20.747849128138117], [84.69002088329407, 20.747849128138117], [84.69002088329407, 20.747669465081295], [84.69011071482248, 20.747669465081295], [84.69011071482248, 20.74757963355288], [84.69064970399295, 20.74757963355288], [84.69064970399295, 20.747489802024468], [84.69073953552136, 20.747489802024468], [84.69073953552136, 20.74739997049606], [84.6910090301066, 20.74739997049606], [84.6910090301066, 20.747220307439232], [84.69109886163501, 20.747220307439232], [84.69109886163501, 20.74704064438241], [84.69118869316341, 20.74704064438241], [84.69118869316341, 20.746950812854], [84.69127852469182, 20.746950812854], [84.69127852469182, 20.746860981325586], [84.69136835622024, 20.746860981325586], [84.69136835622024, 20.746771149797173], [84.69154801927706, 20.746771149797173], [84.69154801927706, 20.74560333992782], [84.69163785080548, 20.74560333992782], [84.69163785080548, 20.745423676870995], [84.69190734539072, 20.745423676870995], [84.69190734539072, 20.744974519228936], [84.69199717691913, 20.744974519228936], [84.69199717691913, 20.744884687700523], [84.69208700844754, 20.744884687700523], [84.69208700844754, 20.74479485617211], [84.69217683997594, 20.74479485617211], [84.69217683997594, 20.7447050246437], [84.69271582914642, 20.7447050246437], [84.69271582914642, 20.744525361586874], [84.69289549220325, 20.744525361586874], [84.69289549220325, 20.744435530058464], [84.69298532373166, 20.744435530058464], [84.69298532373166, 20.74434569853005], [84.69307515526008, 20.74434569853005], [84.69307515526008, 20.744166035473228], [84.69325481831689, 20.744166035473228], [84.69325481831689, 20.743986372416405], [84.69370397595895, 20.743986372416405], [84.69370397595895, 20.74380670935958], [84.69379380748737, 20.74380670935958], [84.69379380748737, 20.74389654088799], [84.69442262818625, 20.74389654088799], [84.69442262818625, 20.74380670935958], [84.6947819542999, 20.74380670935958], [84.6947819542999, 20.743627046302755], [84.69505144888514, 20.743627046302755], [84.69505144888514, 20.743447383245933], [84.69514128041354, 20.743447383245933], [84.69514128041354, 20.74335755171752], [84.69505144888514, 20.74335755171752], [84.69505144888514, 20.743177888660696], [84.69496161735673, 20.743177888660696], [84.69496161735673, 20.743088057132283], [84.69505144888514, 20.743088057132283], [84.69505144888514, 20.742998225603873], [84.69532094347036, 20.742998225603873], [84.69532094347036, 20.74290839407546], [84.6955904380556, 20.74290839407546], [84.6955904380556, 20.742728731018637], [84.69568026958402, 20.742728731018637], [84.69568026958402, 20.742638899490224], [84.69639892181131, 20.742638899490224], [84.69639892181131, 20.74254906796181], [84.69693791098179, 20.74254906796181], [84.69693791098179, 20.7424592364334], [84.6971175740386, 20.7424592364334], [84.6971175740386, 20.742279573376575], [84.69720740556701, 20.742279573376575], [84.69720740556701, 20.742189741848165]]]}, "id": "+646+987", "properties": {"area_ha": 22.972268134758, "centroid_lat": 20.74549916265829, "centroid_lon": 84.69405468389732, "cluster_id": 0, "n_pixels": 2297, "perim_m": 3362.9479536240747, "profile_A00_p50": 0.04054206257666465, "profile_A01_p50": -0.03658974030369647, "profile_A02_p50": 0.09623697845151133, "profile_A03_p50": 0.05785909848193583, "profile_A04_p50": -0.010026570976974663, "profile_A05_p50": -0.04545266818035637, "profile_A06_p50": -0.16042192844961006, "profile_A07_p50": 0.19302319620658717, "profile_A08_p50": -0.09325211310164169, "profile_A09_p50": 0.02586388222681956, "profile_A10_p50": 0.14609218676577387, "profile_A11_p50": 0.09905186401579573, "profile_A12_p50": -0.26948609509163135, "profile_A13_p50": -0.032466514957864435, "profile_A14_p50": -0.03865965637591937, "profile_A15_p50": 0.06275632693164412, "profile_A16_p50": 0.03365639748368799, "profile_A17_p50": -0.023923139569975143, "profile_A18_p50": -0.14502838274871654, "profile_A19_p50": 0.012799635467840006, "profile_A20_p50": -0.3324193475604358, "profile_A21_p50": 0.1750000614445796, "profile_A22_p50": 0.2776621429129084, "profile_A23_p50": -0.09389332003988037, "profile_A24_p50": 0.06080272156396725, "profile_A25_p50": 0.007305209943802299, "profile_A26_p50": 0.18213712674612334, "profile_A27_p50": 0.031789510237997774, "profile_A28_p50": -0.10300356421814727, "profile_A29_p50": 0.1711437365463522, "profile_A30_p50": 0.05124301304232101, "profile_A31_p50": 0.18080009214621373, "profile_A32_p50": 0.1630833345199615, "profile_A33_p50": -0.010215345998665403, "profile_A34_p50": -0.03368006607145399, "profile_A35_p50": -0.0659455367494315, "profile_A36_p50": -0.15470253851672142, "profile_A37_p50": -0.05321023732522269, "profile_A38_p50": 0.1020915058944171, "profile_A39_p50": -0.06982122260668971, "profile_A40_p50": 0.027899473514896155, "profile_A41_p50": 0.010210317968872373, "profile_A42_p50": -0.12224336793540946, "profile_A43_p50": 0.36190288416355304, "profile_A44_p50": 0.12659293545106692, "profile_A45_p50": 0.04144047161348198, "profile_A46_p50": -0.0024263744713571697, "profile_A47_p50": 0.08886706105592142, "profile_A48_p50": -0.08371082347245362, "profile_A49_p50": 0.05712379678346407, "profile_A50_p50": -0.06103032267629595, "profile_A51_p50": -0.08450244576056168, "profile_A52_p50": -0.01683614171384127, "profile_A53_p50": -0.043398539788562, "profile_A54_p50": 0.17651596489479363, "profile_A55_p50": -0.1169332110315279, "profile_A56_p50": 0.015153767587446939, "profile_A57_p50": -0.0776675637575292, "profile_A58_p50": -0.08064218749339858, "profile_A59_p50": -0.1859796307604164, "profile_A60_p50": 0.05131267368868291, "profile_A61_p50": -0.09616362316216193, "profile_A62_p50": 0.03771037246037348, "profile_A63_p50": 0.031665476648175615, "unit_id": 76}}, {"type": "Feature", "geometry": {"type": "Polygon", "coordinates": [[[84.69810572085113, 20.743267720189106], [84.69846504696478, 20.743267720189106], [84.69846504696478, 20.74335755171752], [84.69828538390796, 20.74335755171752], [84.69828538390796, 20.743537214774342], [84.69819555237954, 20.743537214774342], [84.69819555237954, 20.74371687783117], [84.69810572085113, 20.74371687783117], [84.69810572085113, 20.744076203944815], [84.69792605779432, 20.744076203944815], [84.69792605779432, 20.744255867001637], [84.69765656320908, 20.744255867001637], [84.69765656320908, 20.744435530058464], [84.69756673168067, 20.744435530058464], [84.69756673168067, 20.744525361586874], [84.69747690015225, 20.744525361586874], [84.69747690015225, 20.744615193115287], [84.69738706862384, 20.744615193115287], [84.69738706862384, 20.74479485617211], [84.69729723709543, 20.74479485617211], [84.69729723709543, 20.744884687700523], [84.69720740556701, 20.744884687700523], [84.69720740556701, 20.744974519228936], [84.6971175740386, 20.744974519228936], [84.6971175740386, 20.74515418228576], [84.69693791098179, 20.74515418228576], [84.69693791098179, 20.745333845342582], [84.69684807945337, 20.745333845342582], [84.69684807945337, 20.745423676870995], [84.69675824792496, 20.745423676870995], [84.69675824792496, 20.745513508399405], [84.69657858486813, 20.745513508399405], [84.69657858486813, 20.74560333992782], [84.69648875333972, 20.74560333992782], [84.69648875333972, 20.745872834513055], [84.69639892181131, 20.745872834513055], [84.69639892181131, 20.745962666041468], [84.6963090902829, 20.745962666041468], [84.6963090902829, 20.746052497569877], [84.69603959569767, 20.746052497569877], [84.69603959569767, 20.7462321606267], [84.69612942722607, 20.7462321606267], [84.69612942722607, 20.746411823683527], [84.6963090902829, 20.746411823683527], [84.6963090902829, 20.74659148674035], [84.69621925875448, 20.74659148674035], [84.69621925875448, 20.746681318268763], [84.69612942722607, 20.746681318268763], [84.69612942722607, 20.746411823683527], [84.69594976416926, 20.746411823683527], [84.69594976416926, 20.7462321606267], [84.69577010111243, 20.7462321606267], [84.69577010111243, 20.746411823683527], [84.6955904380556, 20.746411823683527], [84.6955904380556, 20.746501655211937], [84.69550060652719, 20.746501655211937], [84.69550060652719, 20.74659148674035], [84.69532094347036, 20.74659148674035], [84.69532094347036, 20.746501655211937], [84.69541077499878, 20.746501655211937], [84.69541077499878, 20.746411823683527], [84.6955904380556, 20.746411823683527], [84.6955904380556, 20.746321992155114], [84.69541077499878, 20.746321992155114], [84.69541077499878, 20.7462321606267], [84.69514128041354, 20.7462321606267], [84.69514128041354, 20.74614232909829], [84.69523111194195, 20.74614232909829], [84.69523111194195, 20.746052497569877], [84.69532094347036, 20.746052497569877], [84.69532094347036, 20.74578300298464], [84.69550060652719, 20.74578300298464], [84.69550060652719, 20.74560333992782], [84.6955904380556, 20.74560333992782], [84.6955904380556, 20.745423676870995], [84.69577010111243, 20.745423676870995], [84.69577010111243, 20.745333845342582], [84.69594976416926, 20.745333845342582], [84.69594976416926, 20.74515418228576], [84.69612942722607, 20.74515418228576], [84.69612942722607, 20.745064350757346], [84.69621925875448, 20.745064350757346], [84.69621925875448, 20.744974519228936], [84.6963090902829, 20.744974519228936], [84.6963090902829, 20.74479485617211], [84.69639892181131, 20.74479485617211], [84.69639892181131, 20.7447050246437], [84.69657858486813, 20.7447050246437], [84.69657858486813, 20.744615193115287], [84.69675824792496, 20.744615193115287], [84.69675824792496, 20.744435530058464], [84.69693791098179, 20.744435530058464], [84.69693791098179, 20.74434569853005], [84.6970277425102, 20.74434569853005], [84.6970277425102, 20.744255867001637], [84.6971175740386, 20.744255867001637], [84.6971175740386, 20.744166035473228], [84.69720740556701, 20.744166035473228], [84.69720740556701, 20.744076203944815], [84.69747690015225, 20.744076203944815], [84.69747690015225, 20.74389654088799], [84.69756673168067, 20.74389654088799], [84.69756673168067, 20.74371687783117], [84.69765656320908, 20.74371687783117], [84.69765656320908, 20.743627046302755], [84.69774639473749, 20.743627046302755], [84.69774639473749, 20.743537214774342], [84.69792605779432, 20.743537214774342], [84.69792605779432, 20.74335755171752], [84.69810572085113, 20.74335755171752], [84.69810572085113, 20.743267720189106]]]}, "id": "+659+975", "properties": {"area_ha": 2.9298592552446707, "centroid_lat": 20.74505462104088, "centroid_lon": 84.6966672803761, "cluster_id": 4, "n_pixels": 293, "perim_m": 1640.0080191006816, "profile_A00_p50": 0.008298719271209898, "profile_A01_p50": -0.07469093083856637, "profile_A02_p50": 0.10800947522008073, "profile_A03_p50": 0.042509368788694345, "profile_A04_p50": -0.0426968752367191, "profile_A05_p50": -0.035637829955731025, "profile_A06_p50": -0.11672119490849256, "profile_A07_p50": 0.1879339575124317, "profile_A08_p50": -0.09056467087096307, "profile_A09_p50": 0.02784888560411792, "profile_A10_p50": 0.13035981317009449, "profile_A11_p50": 0.04055068175022038, "profile_A12_p50": -0.28337253413690394, "profile_A13_p50": 0.00920730971179795, "profile_A14_p50": -0.00631346145666523, "profile_A15_p50": 0.08445701720660749, "profile_A16_p50": 0.02009065134032393, "profile_A17_p50": -0.005374245558789961, "profile_A18_p50": -0.12753547752193758, "profile_A19_p50": -0.02636053172914466, "profile_A20_p50": -0.3448337901468831, "profile_A21_p50": 0.23924268443760954, "profile_A22_p50": 0.2668584096133238, "profile_A23_p50": -0.08246815537529702, "profile_A24_p50": 0.054209222287167604, "profile_A25_p50": 0.05517862437141477, "profile_A26_p50": 0.16861587015911478, "profile_A27_p50": 0.02004404617553407, "profile_A28_p50": -0.06304713017515787, "profile_A29_p50": 0.18409949661579186, "profile_A30_p50": 0.03468089694248157, "profile_A31_p50": 0.11366739288307917, "profile_A32_p50": 0.06355504293220554, "profile_A33_p50": -0.004423659897708341, "profile_A34_p50": 0.008257852016711918, "profile_A35_p50": -0.09322247950836049, "profile_A36_p50": -0.16167501343971927, "profile_A37_p50": 0.034661716321991116, "profile_A38_p50": 0.13828788705087675, "profile_A39_p50": -0.10208791913055798, "profile_A40_p50": 0.072745413785482, "profile_A41_p50": 0.010221496165756606, "profile_A42_p50": -0.14121588025699564, "profile_A43_p50": 0.36176283961759326, "profile_A44_p50": 0.0923545115367329, "profile_A45_p50": 0.04736357808490588, "profile_A46_p50": -0.001486207047519609, "profile_A47_p50": 0.06932482426170772, "profile_A48_p50": -0.09914769377745158, "profile_A49_p50": 0.05516344787003127, "profile_A50_p50": -0.07473759967606994, "profile_A51_p50": -0.018005005863692303, "profile_A52_p50": -0.021956786117321023, "profile_A53_p50": -0.02191261535365175, "profile_A54_p50": 0.21074593544216133, "profile_A55_p50": -0.08645343992073713, "profile_A56_p50": -0.001471265807888118, "profile_A57_p50": -0.06401087301105515, "profile_A58_p50": -0.079561458992199, "profile_A59_p50": -0.16944114490982223, "profile_A60_p50": 0.0542095775129224, "profile_A61_p50": -0.10405342674469938, "profile_A62_p50": 0.08108809878029077, "profile_A63_p50": 0.07466769191336665, "unit_id": 77}}, {"type": "Feature", "geometry": {"type": "Polygon", "coordinates": [[[84.6985548784932, 20.739135469882157], [84.69873454155002, 20.739135469882157], [84.69873454155002, 20.73922530141057], [84.6993633622489, 20.73922530141057], [84.6993633622489, 20.73931513293898], [84.69963285683414, 20.73931513293898], [84.69963285683414, 20.739404964467393], [84.69981251989097, 20.739404964467393], [84.69981251989097, 20.739494795995807], [84.6999921829478, 20.739494795995807], [84.6999921829478, 20.739584627524216], [84.70017184600461, 20.739584627524216], [84.70017184600461, 20.73967445905263], [84.70035150906143, 20.73967445905263], [84.70035150906143, 20.739764290581043], [84.70044134058985, 20.739764290581043], [84.70044134058985, 20.739854122109453], [84.70053117211826, 20.739854122109453], [84.70053117211826, 20.739943953637866], [84.70062100364667, 20.739943953637866], [84.70062100364667, 20.740033785166275], [84.70071083517509, 20.740033785166275], [84.70071083517509, 20.74012361669469], [84.7008006667035, 20.74012361669469], [84.7008006667035, 20.740213448223102], [84.70089049823191, 20.740213448223102], [84.70089049823191, 20.74030327975151], [84.70098032976033, 20.74030327975151], [84.70098032976033, 20.740393111279925], [84.70107016128873, 20.740393111279925], [84.70107016128873, 20.740572774336748], [84.70115999281714, 20.740572774336748], [84.70115999281714, 20.740752437393574], [84.70124982434555, 20.740752437393574], [84.70124982434555, 20.740932100450397], [84.70133965587397, 20.740932100450397], [84.70133965587397, 20.741021931978807], [84.70115999281714, 20.741021931978807], [84.70115999281714, 20.740932100450397], [84.70107016128873, 20.740932100450397], [84.70107016128873, 20.740842268921984], [84.70044134058985, 20.740842268921984], [84.70044134058985, 20.741021931978807], [84.70026167753302, 20.741021931978807], [84.70026167753302, 20.74156092114928], [84.69981251989097, 20.74156092114928], [84.69981251989097, 20.741830415734515], [84.69990235141938, 20.741830415734515], [84.69990235141938, 20.74192024726293], [84.70026167753302, 20.74192024726293], [84.70026167753302, 20.741740584206106], [84.70035150906143, 20.741740584206106], [84.70035150906143, 20.741830415734515], [84.70053117211826, 20.741830415734515], [84.70053117211826, 20.74192024726293], [84.70044134058985, 20.74192024726293], [84.70044134058985, 20.742279573376575], [84.70062100364667, 20.742279573376575], [84.70062100364667, 20.742189741848165], [84.70053117211826, 20.742189741848165], [84.70053117211826, 20.74209991031975], [84.7008006667035, 20.74209991031975], [84.7008006667035, 20.742010078791342], [84.70098032976033, 20.742010078791342], [84.70098032976033, 20.74192024726293], [84.70124982434555, 20.74192024726293], [84.70124982434555, 20.741830415734515], [84.70133965587397, 20.741830415734515], [84.70133965587397, 20.74156092114928], [84.70142948740238, 20.74156092114928], [84.70142948740238, 20.741830415734515], [84.70151931893079, 20.741830415734515], [84.70151931893079, 20.742010078791342], [84.70142948740238, 20.742010078791342], [84.70142948740238, 20.74254906796181], [84.70133965587397, 20.74254906796181], [84.70133965587397, 20.742818562547047], [84.70115999281714, 20.742818562547047], [84.70115999281714, 20.743177888660696], [84.70107016128873, 20.743177888660696], [84.70107016128873, 20.74335755171752], [84.70098032976033, 20.74335755171752], [84.70098032976033, 20.743447383245933], [84.70089049823191, 20.743447383245933], [84.70089049823191, 20.743537214774342], [84.7008006667035, 20.743537214774342], [84.7008006667035, 20.74371687783117], [84.70071083517509, 20.74371687783117], [84.70071083517509, 20.74380670935958], [84.70062100364667, 20.74380670935958], [84.70062100364667, 20.74389654088799], [84.70053117211826, 20.74389654088799], [84.70053117211826, 20.743986372416405], [84.70044134058985, 20.743986372416405], [84.70044134058985, 20.744076203944815], [84.70035150906143, 20.744076203944815], [84.70035150906143, 20.744166035473228], [84.70026167753302, 20.744166035473228], [84.70026167753302, 20.744255867001637], [84.70017184600461, 20.744255867001637], [84.70017184600461, 20.74434569853005], [84.7000820144762, 20.74434569853005], [84.7000820144762, 20.744435530058464], [84.6999921829478, 20.744435530058464], [84.6999921829478, 20.744525361586874], [84.69990235141938, 20.744525361586874], [84.69990235141938, 20.744615193115287], [84.69981251989097, 20.744615193115287], [84.69981251989097, 20.7447050246437], [84.69972268836256, 20.7447050246437], [84.69972268836256, 20.74479485617211], [84.69963285683414, 20.74479485617211], [84.69963285683414, 20.744884687700523], [84.69954302530573, 20.744884687700523], [84.69954302530573, 20.745064350757346], [84.69945319377732, 20.745064350757346], [84.69945319377732, 20.74515418228576], [84.6993633622489, 20.74515418228576], [84.6993633622489, 20.74524401381417], [84.69927353072049, 20.74524401381417], [84.69927353072049, 20.745333845342582], [84.69918369919208, 20.745333845342582], [84.69918369919208, 20.745423676870995], [84.69909386766366, 20.745423676870995], [84.69909386766366, 20.745513508399405], [84.69900403613526, 20.745513508399405], [84.69900403613526, 20.74560333992782], [84.69891420460685, 20.74560333992782], [84.69891420460685, 20.74569317145623], [84.69882437307844, 20.74569317145623], [84.69882437307844, 20.74578300298464], [84.69873454155002, 20.74578300298464], [84.69873454155002, 20.745872834513055], [84.69864471002161, 20.745872834513055], [84.69864471002161, 20.745962666041468], [84.6985548784932, 20.745962666041468], [84.6985548784932, 20.746052497569877], [84.69846504696478, 20.746052497569877], [84.69846504696478, 20.74614232909829], [84.69837521543637, 20.74614232909829], [84.69837521543637, 20.7462321606267], [84.69828538390796, 20.7462321606267], [84.69828538390796, 20.746411823683527], [84.69819555237954, 20.746411823683527], [84.69819555237954, 20.746501655211937], [84.69810572085113, 20.746501655211937], [84.69810572085113, 20.74659148674035], [84.69801588932273, 20.74659148674035], [84.69801588932273, 20.746681318268763], [84.69792605779432, 20.746681318268763], [84.69792605779432, 20.746771149797173], [84.6978362262659, 20.746771149797173], [84.6978362262659, 20.746860981325586], [84.69774639473749, 20.746860981325586], [84.69774639473749, 20.746950812854], [84.69765656320908, 20.746950812854], [84.69765656320908, 20.74704064438241], [84.69756673168067, 20.74704064438241], [84.69756673168067, 20.747130475910822], [84.69747690015225, 20.747130475910822], [84.69747690015225, 20.747220307439232], [84.69738706862384, 20.747220307439232], [84.69738706862384, 20.747310138967645], [84.69729723709543, 20.747310138967645], [84.69729723709543, 20.74739997049606], [84.69720740556701, 20.74739997049606], [84.69720740556701, 20.747489802024468], [84.6971175740386, 20.747489802024468], [84.6971175740386, 20.747669465081295], [84.6970277425102, 20.747669465081295], [84.6970277425102, 20.747759296609704], [84.69693791098179, 20.747759296609704], [84.69693791098179, 20.747849128138117], [84.69684807945337, 20.747849128138117], [84.69684807945337, 20.74793895966653], [84.69675824792496, 20.74793895966653], [84.69675824792496, 20.74802879119494], [84.69666841639655, 20.74802879119494], [84.69666841639655, 20.748118622723354], [84.69657858486813, 20.748118622723354], [84.69657858486813, 20.748208454251763], [84.69648875333972, 20.748208454251763], [84.69648875333972, 20.747849128138117], [84.6963090902829, 20.747849128138117], [84.6963090902829, 20.74739997049606], [84.69621925875448, 20.74739997049606], [84.69621925875448, 20.747310138967645], [84.69612942722607, 20.747310138967645], [84.69612942722607, 20.74704064438241], [84.69603959569767, 20.74704064438241], [84.69603959569767, 20.746950812854], [84.69612942722607, 20.746950812854], [84.69612942722607, 20.746681318268763], [84.69621925875448, 20.746681318268763], [84.69621925875448, 20.74659148674035], [84.6963090902829, 20.74659148674035], [84.6963090902829, 20.746411823683527], [84.69612942722607, 20.746411823683527], [84.69612942722607, 20.7462321606267], [84.69603959569767, 20.7462321606267], [84.69603959569767, 20.746052497569877], [84.6963090902829, 20.746052497569877], [84.6963090902829, 20.745962666041468], [84.69639892181131, 20.745962666041468], [84.69639892181131, 20.745872834513055], [84.69648875333972, 20.745872834513055], [84.69648875333972, 20.74560333992782], [84.69657858486813, 20.74560333992782], [84.69657858486813, 20.745513508399405], [84.69675824792496, 20.745513508399405], [84.69675824792496, 20.745423676870995], [84.69684807945337, 20.745423676870995], [84.69684807945337, 20.745333845342582], [84.69693791098179, 20.745333845342582], [84.69693791098179, 20.74515418228576], [84.6971175740386, 20.74515418228576], [84.6971175740386, 20.744974519228936], [84.69720740556701, 20.744974519228936], [84.69720740556701, 20.744884687700523], [84.69729723709543, 20.744884687700523], [84.69729723709543, 20.74479485617211], [84.69738706862384, 20.74479485617211], [84.69738706862384, 20.744615193115287], [84.69747690015225, 20.744615193115287], [84.69747690015225, 20.744525361586874], [84.69756673168067, 20.744525361586874], [84.69756673168067, 20.744435530058464], [84.69765656320908, 20.744435530058464], [84.69765656320908, 20.744255867001637], [84.69792605779432, 20.744255867001637], [84.69792605779432, 20.744076203944815], [84.69810572085113, 20.744076203944815], [84.69810572085113, 20.74371687783117], [84.69819555237954, 20.74371687783117], [84.69819555237954, 20.743537214774342], [84.69828538390796, 20.743537214774342], [84.69828538390796, 20.74335755171752], [84.69846504696478, 20.74335755171752], [84.69846504696478, 20.743267720189106], [84.69810572085113, 20.743267720189106], [84.69810572085113, 20.743088057132283], [84.69747690015225, 20.743088057132283], [84.69747690015225, 20.742818562547047], [84.69756673168067, 20.742818562547047], [84.69756673168067, 20.7424592364334], [84.69738706862384, 20.7424592364334], [84.69738706862384, 20.742369404904988], [84.69747690015225, 20.742369404904988], [84.69747690015225, 20.742279573376575], [84.69729723709543, 20.742279573376575], [84.69729723709543, 20.742189741848165], [84.69720740556701, 20.742189741848165], [84.69720740556701, 20.742279573376575], [84.6971175740386, 20.742279573376575], [84.6971175740386, 20.7424592364334], [84.69693791098179, 20.7424592364334], [84.69693791098179, 20.74254906796181], [84.69639892181131, 20.74254906796181], [84.69639892181131, 20.742638899490224], [84.69568026958402, 20.742638899490224], [84.69568026958402, 20.742728731018637], [84.6955904380556, 20.742728731018637], [84.6955904380556, 20.74290839407546], [84.69532094347036, 20.74290839407546], [84.69532094347036, 20.742998225603873], [84.69505144888514, 20.742998225603873], [84.69505144888514, 20.743088057132283], [84.69496161735673, 20.743088057132283], [84.69496161735673, 20.743177888660696], [84.69505144888514, 20.743177888660696], [84.69505144888514, 20.74335755171752], [84.69514128041354, 20.74335755171752], [84.69514128041354, 20.743447383245933], [84.69505144888514, 20.743447383245933], [84.69505144888514, 20.743627046302755], [84.6947819542999, 20.743627046302755], [84.6947819542999, 20.74380670935958], [84.69442262818625, 20.74380670935958], [84.69442262818625, 20.74389654088799], [84.69379380748737, 20.74389654088799], [84.69379380748737, 20.74380670935958], [84.69370397595895, 20.74380670935958], [84.69370397595895, 20.743986372416405], [84.69325481831689, 20.743986372416405], [84.69325481831689, 20.744166035473228], [84.69307515526008, 20.744166035473228], [84.69307515526008, 20.74434569853005], [84.69298532373166, 20.74434569853005], [84.69298532373166, 20.744435530058464], [84.69289549220325, 20.744435530058464], [84.69289549220325, 20.744525361586874], [84.69271582914642, 20.744525361586874], [84.69271582914642, 20.7447050246437], [84.69217683997594, 20.7447050246437], [84.69217683997594, 20.74479485617211], [84.69208700844754, 20.74479485617211], [84.69208700844754, 20.744884687700523], [84.69199717691913, 20.744884687700523], [84.69199717691913, 20.744974519228936], [84.69190734539072, 20.744974519228936], [84.69190734539072, 20.745423676870995], [84.69163785080548, 20.745423676870995], [84.69163785080548, 20.74560333992782], [84.69154801927706, 20.74560333992782], [84.69154801927706, 20.746771149797173], [84.69136835622024, 20.746771149797173], [84.69136835622024, 20.746860981325586], [84.69127852469182, 20.746860981325586], [84.69127852469182, 20.746950812854], [84.69118869316341, 20.746950812854], [84.69118869316341, 20.74704064438241], [84.69109886163501, 20.74704064438241], [84.69109886163501, 20.747220307439232], [84.6910090301066, 20.747220307439232], [84.6910090301066, 20.74739997049606], [84.69073953552136, 20.74739997049606], [84.69073953552136, 20.747489802024468], [84.69064970399295, 20.747489802024468], [84.69064970399295, 20.74757963355288], [84.69011071482248, 20.74757963355288], [84.69011071482248, 20.747669465081295], [84.69002088329407, 20.747669465081295], [84.69002088329407, 20.747759296609704], [84.689571725652, 20.747759296609704], [84.689571725652, 20.747669465081295], [84.68948189412359, 20.747669465081295], [84.68948189412359, 20.747759296609704], [84.68939206259518, 20.747759296609704], [84.68939206259518, 20.74757963355288], [84.68921239953835, 20.74757963355288], [84.68921239953835, 20.74739997049606], [84.68912256800995, 20.74739997049606], [84.68912256800995, 20.746681318268763], [84.68921239953835, 20.746681318268763], [84.68921239953835, 20.74614232909829], [84.68930223106676, 20.74614232909829], [84.68930223106676, 20.74560333992782], [84.68939206259518, 20.74560333992782], [84.68939206259518, 20.74515418228576], [84.68948189412359, 20.74515418228576], [84.68948189412359, 20.74479485617211], [84.689571725652, 20.74479485617211], [84.689571725652, 20.744525361586874], [84.68966155718041, 20.744525361586874], [84.68966155718041, 20.74434569853005], [84.68975138870883, 20.74434569853005], [84.68975138870883, 20.744166035473228], [84.68984122023724, 20.744166035473228], [84.68984122023724, 20.744076203944815], [84.68993105176565, 20.744076203944815], [84.68993105176565, 20.743986372416405], [84.69002088329407, 20.743986372416405], [84.69002088329407, 20.74380670935958], [84.69011071482248, 20.74380670935958], [84.69011071482248, 20.74371687783117], [84.69020054635088, 20.74371687783117], [84.69020054635088, 20.743627046302755], [84.6903802094077, 20.743627046302755], [84.6903802094077, 20.743537214774342], [84.69047004093612, 20.743537214774342], [84.69047004093612, 20.743447383245933], [84.69055987246453, 20.743447383245933], [84.69055987246453, 20.74335755171752], [84.69064970399295, 20.74335755171752], [84.69064970399295, 20.743267720189106], [84.69073953552136, 20.743267720189106], [84.69073953552136, 20.743177888660696], [84.69091919857819, 20.743177888660696], [84.69091919857819, 20.743088057132283], [84.6910090301066, 20.743088057132283], [84.6910090301066, 20.742998225603873], [84.69109886163501, 20.742998225603873], [84.69109886163501, 20.74290839407546], [84.69118869316341, 20.74290839407546], [84.69118869316341, 20.742818562547047], [84.69136835622024, 20.742818562547047], [84.69136835622024, 20.742728731018637], [84.69145818774865, 20.742728731018637], [84.69145818774865, 20.742638899490224], [84.69154801927706, 20.742638899490224], [84.69154801927706, 20.74254906796181], [84.69163785080548, 20.74254906796181], [84.69163785080548, 20.7424592364334], [84.6918175138623, 20.7424592364334], [84.6918175138623, 20.742369404904988], [84.69190734539072, 20.742369404904988], [84.69190734539072, 20.742279573376575], [84.69199717691913, 20.742279573376575], [84.69199717691913, 20.742189741848165], [84.69217683997594, 20.742189741848165], [84.69217683997594, 20.74209991031975], [84.69226667150436, 20.74209991031975], [84.69226667150436, 20.742010078791342], [84.69235650303277, 20.742010078791342], [84.69235650303277, 20.74192024726293], [84.6925361660896, 20.74192024726293], [84.6925361660896, 20.741830415734515], [84.69262599761801, 20.741830415734515], [84.69262599761801, 20.741740584206106], [84.69271582914642, 20.741740584206106], [84.69271582914642, 20.741650752677693], [84.69289549220325, 20.741650752677693], [84.69289549220325, 20.74156092114928], [84.69298532373166, 20.74156092114928], [84.69298532373166, 20.74147108962087], [84.69307515526008, 20.74147108962087], [84.69307515526008, 20.741381258092456], [84.69325481831689, 20.741381258092456], [84.69325481831689, 20.741291426564043], [84.6933446498453, 20.741291426564043], [84.6933446498453, 20.741201595035633], [84.69343448137371, 20.741201595035633], [84.69343448137371, 20.74111176350722], [84.69361414443054, 20.74111176350722], [84.69361414443054, 20.741021931978807], [84.69370397595895, 20.741021931978807], [84.69370397595895, 20.740932100450397], [84.69388363901578, 20.740932100450397], [84.69388363901578, 20.740842268921984], [84.6939734705442, 20.740842268921984], [84.6939734705442, 20.740752437393574], [84.6940633020726, 20.740752437393574], [84.6940633020726, 20.74066260586516], [84.69424296512942, 20.74066260586516], [84.69424296512942, 20.740572774336748], [84.69433279665783, 20.740572774336748], [84.69433279665783, 20.740482942808338], [84.69442262818625, 20.740482942808338], [84.69442262818625, 20.740393111279925], [84.69460229124307, 20.740393111279925], [84.69460229124307, 20.74030327975151], [84.69469212277149, 20.74030327975151], [84.69469212277149, 20.740213448223102], [84.69487178582831, 20.740213448223102], [84.69487178582831, 20.74012361669469], [84.69496161735673, 20.74012361669469], [84.69496161735673, 20.740213448223102], [84.69487178582831, 20.740213448223102], [84.69487178582831, 20.740393111279925], [84.6947819542999, 20.740393111279925], [84.6947819542999, 20.740482942808338], [84.69469212277149, 20.740482942808338], [84.69469212277149, 20.740932100450397], [84.69451245971466, 20.740932100450397], [84.69451245971466, 20.741201595035633], [84.69424296512942, 20.741201595035633], [84.69424296512942, 20.741291426564043], [84.69469212277149, 20.741291426564043], [84.69469212277149, 20.74147108962087], [84.69460229124307, 20.74147108962087], [84.69460229124307, 20.74156092114928], [84.69433279665783, 20.74156092114928], [84.69433279665783, 20.741650752677693], [84.69442262818625, 20.741650752677693], [84.69442262818625, 20.741830415734515], [84.69523111194195, 20.741830415734515], [84.69523111194195, 20.741740584206106], [84.69541077499878, 20.741740584206106], [84.69541077499878, 20.741650752677693], [84.6955904380556, 20.741650752677693], [84.6955904380556, 20.74147108962087], [84.69577010111243, 20.74147108962087], [84.69577010111243, 20.741381258092456], [84.69585993264084, 20.741381258092456], [84.69585993264084, 20.741291426564043], [84.69603959569767, 20.741291426564043], [84.69603959569767, 20.741381258092456], [84.69621925875448, 20.741381258092456], [84.69621925875448, 20.741201595035633], [84.69666841639655, 20.741201595035633], [84.69666841639655, 20.74111176350722], [84.69675824792496, 20.74111176350722], [84.69675824792496, 20.741021931978807], [84.69693791098179, 20.741021931978807], [84.69693791098179, 20.740932100450397], [84.6970277425102, 20.740932100450397], [84.6970277425102, 20.740842268921984], [84.69720740556701, 20.740842268921984], [84.69720740556701, 20.741021931978807], [84.69738706862384, 20.741021931978807], [84.69738706862384, 20.741201595035633], [84.69756673168067, 20.741201595035633], [84.69756673168067, 20.741381258092456], [84.69846504696478, 20.741381258092456], [84.69846504696478, 20.741201595035633], [84.69828538390796, 20.741201595035633], [84.69828538390796, 20.74111176350722], [84.69801588932273, 20.74111176350722], [84.69801588932273, 20.741021931978807], [84.69927353072049, 20.741021931978807], [84.69927353072049, 20.741201595035633], [84.69945319377732, 20.741201595035633], [84.69945319377732, 20.741021931978807], [84.69963285683414, 20.741021931978807], [84.69963285683414, 20.740842268921984], [84.69972268836256, 20.740842268921984], [84.69972268836256, 20.740752437393574], [84.69963285683414, 20.740752437393574], [84.69963285683414, 20.74012361669469], [84.6993633622489, 20.74012361669469], [84.6993633622489, 20.740033785166275], [84.69927353072049, 20.740033785166275], [84.69927353072049, 20.739943953637866], [84.69891420460685, 20.739943953637866], [84.69891420460685, 20.739764290581043], [84.69819555237954, 20.739764290581043], [84.69819555237954, 20.74012361669469], [84.69774639473749, 20.74012361669469], [84.69774639473749, 20.740213448223102], [84.69756673168067, 20.740213448223102], [84.69756673168067, 20.740393111279925], [84.69738706862384, 20.740393111279925], [84.69738706862384, 20.740482942808338], [84.69756673168067, 20.740482942808338], [84.69756673168067, 20.74066260586516], [84.69747690015225, 20.74066260586516], [84.69747690015225, 20.740572774336748], [84.69738706862384, 20.740572774336748], [84.69738706862384, 20.74066260586516], [84.69720740556701, 20.74066260586516], [84.69720740556701, 20.740572774336748], [84.69666841639655, 20.740572774336748], [84.69666841639655, 20.740482942808338], [84.69657858486813, 20.740482942808338], [84.69657858486813, 20.74030327975151], [84.69639892181131, 20.74030327975151], [84.69639892181131, 20.740033785166275], [84.6963090902829, 20.740033785166275], [84.6963090902829, 20.739943953637866], [84.69621925875448, 20.739943953637866], [84.69621925875448, 20.739854122109453], [84.69612942722607, 20.739854122109453], [84.69612942722607, 20.73967445905263], [84.69648875333972, 20.73967445905263], [84.69648875333972, 20.739584627524216], [84.69684807945337, 20.739584627524216], [84.69684807945337, 20.739494795995807], [84.69720740556701, 20.739494795995807], [84.69720740556701, 20.739404964467393], [84.69747690015225, 20.739404964467393], [84.69747690015225, 20.73931513293898], [84.6978362262659, 20.73931513293898], [84.6978362262659, 20.73922530141057], [84.6985548784932, 20.73922530141057], [84.6985548784932, 20.739135469882157]], [[84.70098032976033, 20.742998225603873], [84.7008006667035, 20.742998225603873], [84.7008006667035, 20.743088057132283], [84.70089049823191, 20.743088057132283], [84.70089049823191, 20.743177888660696], [84.70098032976033, 20.743177888660696], [84.70098032976033, 20.742998225603873]]]}, "id": "+662+1021", "properties": {"area_ha": 49.49087654110919, "centroid_lat": 20.743477656315132, "centroid_lon": 84.69557967434159, "cluster_id": 3, "n_pixels": 4949, "perim_m": 9051.557560298546, "profile_A00_p50": 0.052276035215144005, "profile_A01_p50": -0.07570674553595987, "profile_A02_p50": 0.14301161547734112, "profile_A03_p50": 0.026838475293098074, "profile_A04_p50": -0.027107606071879665, "profile_A05_p50": -0.07910059001413451, "profile_A06_p50": -0.11086111526824538, "profile_A07_p50": 0.20628202758651923, "profile_A08_p50": -0.0727453446965644, "profile_A09_p50": 0.06395014083468452, "profile_A10_p50": 0.1029771457956181, "profile_A11_p50": 0.07079006683543519, "profile_A12_p50": -0.28761284092525874, "profile_A13_p50": -0.002395095713382588, "profile_A14_p50": -0.062022865351902386, "profile_A15_p50": 0.07179708596992768, "profile_A16_p50": -0.010801075327872237, "profile_A17_p50": 0.028243432664077608, "profile_A18_p50": -0.0649153155238889, "profile_A19_p50": -0.047833451260709835, "profile_A20_p50": -0.3279754786583093, "profile_A21_p50": 0.2938919125809585, "profile_A22_p50": 0.2901515835290164, "profile_A23_p50": -0.08739576495848039, "profile_A24_p50": 0.04542138120864045, "profile_A25_p50": 0.02687643612477525, "profile_A26_p50": 0.12930162852654958, "profile_A27_p50": 0.07567692598703289, "profile_A28_p50": -0.044442685112569796, "profile_A29_p50": 0.159567513681451, "profile_A30_p50": 0.0366322463400748, "profile_A31_p50": 0.0966807387618441, "profile_A32_p50": 0.034154572415841654, "profile_A33_p50": -0.012706078501532363, "profile_A34_p50": 0.011267298083066658, "profile_A35_p50": -0.10791025661018286, "profile_A36_p50": -0.1702649793303773, "profile_A37_p50": -0.016571453740257452, "profile_A38_p50": 0.15101684030307658, "profile_A39_p50": -0.10210032405048351, "profile_A40_p50": 0.06298088537151916, "profile_A41_p50": 0.04153433800584357, "profile_A42_p50": -0.13612640616746435, "profile_A43_p50": 0.3430850179197894, "profile_A44_p50": 0.05419105970806156, "profile_A45_p50": 0.03030801570708402, "profile_A46_p50": -0.04244070499533257, "profile_A47_p50": 0.05959002514080034, "profile_A48_p50": -0.10696707627859647, "profile_A49_p50": 0.02489349825142579, "profile_A50_p50": -0.09422902274896172, "profile_A51_p50": -0.0024358504884539486, "profile_A52_p50": -0.009291581830823261, "profile_A53_p50": -0.07372927312593018, "profile_A54_p50": 0.1604444915053086, "profile_A55_p50": -0.08644768000264685, "profile_A56_p50": -0.00635348464889088, "profile_A57_p50": -0.028833854609484788, "profile_A58_p50": -0.09809450944788282, "profile_A59_p50": -0.14602059648049545, "profile_A60_p50": 0.06690589851243738, "profile_A61_p50": -0.12253781276918109, "profile_A62_p50": 0.04590755036368143, "profile_A63_p50": 0.05519263608705948, "unit_id": 78}}, {"type": "Feature", "geometry": {"type": "Polygon", "coordinates": [[[84.69819555237954, 20.739764290581043], [84.69891420460685, 20.739764290581043], [84.69891420460685, 20.739943953637866], [84.69927353072049, 20.739943953637866], [84.69927353072049, 20.740033785166275], [84.6993633622489, 20.740033785166275], [84.6993633622489, 20.74012361669469], [84.69963285683414, 20.74012361669469], [84.69963285683414, 20.740752437393574], [84.69972268836256, 20.740752437393574], [84.69972268836256, 20.740842268921984], [84.69963285683414, 20.740842268921984], [84.69963285683414, 20.741021931978807], [84.69945319377732, 20.741021931978807], [84.69945319377732, 20.741201595035633], [84.69927353072049, 20.741201595035633], [84.69927353072049, 20.741021931978807], [84.69801588932273, 20.741021931978807], [84.69801588932273, 20.74111176350722], [84.69828538390796, 20.74111176350722], [84.69828538390796, 20.741201595035633], [84.69846504696478, 20.741201595035633], [84.69846504696478, 20.741381258092456], [84.69756673168067, 20.741381258092456], [84.69756673168067, 20.741201595035633], [84.69738706862384, 20.741201595035633], [84.69738706862384, 20.741021931978807], [84.69720740556701, 20.741021931978807], [84.69720740556701, 20.740842268921984], [84.6970277425102, 20.740842268921984], [84.6970277425102, 20.740932100450397], [84.69693791098179, 20.740932100450397], [84.69693791098179, 20.741021931978807], [84.69675824792496, 20.741021931978807], [84.69675824792496, 20.74111176350722], [84.69666841639655, 20.74111176350722], [84.69666841639655, 20.741201595035633], [84.69621925875448, 20.741201595035633], [84.69621925875448, 20.741381258092456], [84.69603959569767, 20.741381258092456], [84.69603959569767, 20.741291426564043], [84.69585993264084, 20.741291426564043], [84.69585993264084, 20.741381258092456], [84.69577010111243, 20.741381258092456], [84.69577010111243, 20.74147108962087], [84.6955904380556, 20.74147108962087], [84.6955904380556, 20.741650752677693], [84.69541077499878, 20.741650752677693], [84.69541077499878, 20.741740584206106], [84.69523111194195, 20.741740584206106], [84.69523111194195, 20.741830415734515], [84.69442262818625, 20.741830415734515], [84.69442262818625, 20.741650752677693], [84.69433279665783, 20.741650752677693], [84.69433279665783, 20.74156092114928], [84.69460229124307, 20.74156092114928], [84.69460229124307, 20.74147108962087], [84.69469212277149, 20.74147108962087], [84.69469212277149, 20.741291426564043], [84.69424296512942, 20.741291426564043], [84.69424296512942, 20.741201595035633], [84.69451245971466, 20.741201595035633], [84.69451245971466, 20.740932100450397], [84.69469212277149, 20.740932100450397], [84.69469212277149, 20.740482942808338], [84.6947819542999, 20.740482942808338], [84.6947819542999, 20.740393111279925], [84.69487178582831, 20.740393111279925], [84.69487178582831, 20.740213448223102], [84.69496161735673, 20.740213448223102], [84.69496161735673, 20.74012361669469], [84.69505144888514, 20.74012361669469], [84.69505144888514, 20.740033785166275], [84.69523111194195, 20.740033785166275], [84.69523111194195, 20.739943953637866], [84.69550060652719, 20.739943953637866], [84.69550060652719, 20.739854122109453], [84.69585993264084, 20.739854122109453], [84.69585993264084, 20.739764290581043], [84.69612942722607, 20.739764290581043], [84.69612942722607, 20.739854122109453], [84.69621925875448, 20.739854122109453], [84.69621925875448, 20.739943953637866], [84.6963090902829, 20.739943953637866], [84.6963090902829, 20.740033785166275], [84.69639892181131, 20.740033785166275], [84.69639892181131, 20.74030327975151], [84.69657858486813, 20.74030327975151], [84.69657858486813, 20.740482942808338], [84.69666841639655, 20.740482942808338], [84.69666841639655, 20.740572774336748], [84.69720740556701, 20.740572774336748], [84.69720740556701, 20.74066260586516], [84.69738706862384, 20.74066260586516], [84.69738706862384, 20.740572774336748], [84.69747690015225, 20.740572774336748], [84.69747690015225, 20.74066260586516], [84.69756673168067, 20.74066260586516], [84.69756673168067, 20.740482942808338], [84.69738706862384, 20.740482942808338], [84.69738706862384, 20.740393111279925], [84.69756673168067, 20.740393111279925], [84.69756673168067, 20.740213448223102], [84.69774639473749, 20.740213448223102], [84.69774639473749, 20.74012361669469], [84.69819555237954, 20.74012361669469], [84.69819555237954, 20.739764290581043]]]}, "id": "+664+1014", "properties": {"area_ha": 6.923625454646042, "centroid_lat": 20.740715033593943, "centroid_lon": 84.69689529901017, "cluster_id": 0, "n_pixels": 692, "perim_m": 2202.56082466844, "profile_A00_p50": 0.04054206257666465, "profile_A01_p50": -0.03658974030369647, "profile_A02_p50": 0.09623697845151133, "profile_A03_p50": 0.05785909848193583, "profile_A04_p50": -0.010026570976974663, "profile_A05_p50": -0.04545266818035637, "profile_A06_p50": -0.16042192844961006, "profile_A07_p50": 0.19302319620658717, "profile_A08_p50": -0.09325211310164169, "profile_A09_p50": 0.02586388222681956, "profile_A10_p50": 0.14609218676577387, "profile_A11_p50": 0.09905186401579573, "profile_A12_p50": -0.26948609509163135, "profile_A13_p50": -0.032466514957864435, "profile_A14_p50": -0.03865965637591937, "profile_A15_p50": 0.06275632693164412, "profile_A16_p50": 0.03365639748368799, "profile_A17_p50": -0.023923139569975143, "profile_A18_p50": -0.14502838274871654, "profile_A19_p50": 0.012799635467840006, "profile_A20_p50": -0.3324193475604358, "profile_A21_p50": 0.1750000614445796, "profile_A22_p50": 0.2776621429129084, "profile_A23_p50": -0.09389332003988037, "profile_A24_p50": 0.06080272156396725, "profile_A25_p50": 0.007305209943802299, "profile_A26_p50": 0.18213712674612334, "profile_A27_p50": 0.031789510237997774, "profile_A28_p50": -0.10300356421814727, "profile_A29_p50": 0.1711437365463522, "profile_A30_p50": 0.05124301304232101, "profile_A31_p50": 0.18080009214621373, "profile_A32_p50": 0.1630833345199615, "profile_A33_p50": -0.010215345998665403, "profile_A34_p50": -0.03368006607145399, "profile_A35_p50": -0.0659455367494315, "profile_A36_p50": -0.15470253851672142, "profile_A37_p50": -0.05321023732522269, "profile_A38_p50": 0.1020915058944171, "profile_A39_p50": -0.06982122260668971, "profile_A40_p50": 0.027899473514896155, "profile_A41_p50": 0.010210317968872373, "profile_A42_p50": -0.12224336793540946, "profile_A43_p50": 0.36190288416355304, "profile_A44_p50": 0.12659293545106692, "profile_A45_p50": 0.04144047161348198, "profile_A46_p50": -0.0024263744713571697, "profile_A47_p50": 0.08886706105592142, "profile_A48_p50": -0.08371082347245362, "profile_A49_p50": 0.05712379678346407, "profile_A50_p50": -0.06103032267629595, "profile_A51_p50": -0.08450244576056168, "profile_A52_p50": -0.01683614171384127, "profile_A53_p50": -0.043398539788562, "profile_A54_p50": 0.17651596489479363, "profile_A55_p50": -0.1169332110315279, "profile_A56_p50": 0.015153767587446939, "profile_A57_p50": -0.0776675637575292, "profile_A58_p50": -0.08064218749339858, "profile_A59_p50": -0.1859796307604164, "profile_A60_p50": 0.05131267368868291, "profile_A61_p50": -0.09616362316216193, "profile_A62_p50": 0.03771037246037348, "profile_A63_p50": 0.031665476648175615, "unit_id": 79}}]}