{"type": "FeatureCollection", "columns": {}, "features": [{"type": "Feature", "geometry": {"type": "Polygon", "coordinates": [[[85.36744043904861, 21.163679273157044], [85.36753027057702, 21.163679273157044], [85.36753027057702, 21.163858936213867], [85.36762010210543, 21.163858936213867], [85.36762010210543, 21.16394876774228], [85.36753027057702, 21.16394876774228], [85.36753027057702, 21.163858936213867], [85.3673506075202, 21.163858936213867], [85.3673506075202, 21.163769104685453], [85.36726077599178, 21.163769104685453], [85.36726077599178, 21.163679273157044], [85.3673506075202, 21.163679273157044], [85.3673506075202, 21.163769104685453], [85.36744043904861, 21.163769104685453], [85.36744043904861, 21.163679273157044]]]}, "id": "+80+9", "properties": {"area_ha": 0.046523420995949576, "centroid_lat": 21.16379605532306, "centroid_lon": 85.3674494197941, "cluster_id": 3, "n_pixels": 5, "perim_m": 154.2052068988116, "profile_A00_p50": 0.011235239387247112, "profile_A01_p50": -0.0944170190952198, "profile_A02_p50": 0.15850057670126871, "profile_A03_p50": 0.003564437970167429, "profile_A04_p50": -0.07205670402902237, "profile_A05_p50": 0.03257106241189286, "profile_A06_p50": -0.07272943763834964, "profile_A07_p50": 0.10985119683312686, "profile_A08_p50": -0.08651845985622647, "profile_A09_p50": 0.0600430883561467, "profile_A10_p50": 0.11400921607631402, "profile_A11_p50": 0.0111920030757401, "profile_A12_p50": -0.3221313230657005, "profile_A13_p50": 0.019024102708091968, "profile_A14_p50": -0.0053916421760631964, "profile_A15_p50": 0.11957411150282209, "profile_A16_p50": -0.07479604942143117, "profile_A17_p50": 0.03803665256952454, "profile_A18_p50": -0.1256803354945045, "profile_A19_p50": -0.01656259063652981, "profile_A20_p50": -0.2722795908059495, "profile_A21_p50": 0.3556452512654423, "profile_A22_p50": 0.17115688105307483, "profile_A23_p50": -0.019990446564841027, "profile_A24_p50": 0.04197593000361166, "profile_A25_p50": 0.09420353859861756, "profile_A26_p50": 0.10178905549147761, "profile_A27_p50": -0.03082037911668791, "profile_A28_p50": -0.0756967453399347, "profile_A29_p50": 0.1908586644815521, "profile_A30_p50": 0.08309282754496135, "profile_A31_p50": 0.06689427143406382, "profile_A32_p50": -0.05181669045714686, "profile_A33_p50": -0.016104732755643374, "profile_A34_p50": 0.049864714440127626, "profile_A35_p50": 0.018629112259767138, "profile_A36_p50": -0.21195628055143625, "profile_A37_p50": 0.09047097270280662, "profile_A38_p50": 0.17544807340384294, "profile_A39_p50": -0.059400418326222906, "profile_A40_p50": 0.08742905150440715, "profile_A41_p50": 0.05032945124855639, "profile_A42_p50": -0.15373454599345476, "profile_A43_p50": 0.3164389764620445, "profile_A44_p50": 0.032788414712290145, "profile_A45_p50": 0.06788945230226325, "profile_A46_p50": 0.012293733179546327, "profile_A47_p50": 0.0634588854602597, "profile_A48_p50": -0.11581008419281325, "profile_A49_p50": 0.036267982797314094, "profile_A50_p50": -0.012156496585562329, "profile_A51_p50": 0.07320562343524893, "profile_A52_p50": -0.014181711833384267, "profile_A53_p50": -0.03801164060014577, "profile_A54_p50": 0.19885668933227743, "profile_A55_p50": -0.09414380413701337, "profile_A56_p50": -0.020010342445014827, "profile_A57_p50": -0.02485003959024507, "profile_A58_p50": -0.10019566862430729, "profile_A59_p50": -0.12456524525126902, "profile_A60_p50": -0.01524541842880943, "profile_A61_p50": -0.04454317190444322, "profile_A62_p50": 0.0748096885813149, "profile_A63_p50": 0.08887335484798001, "unit_id": 1}}, {"type": "Feature", "geometry": {"type": "Polygon", "coordinates": [[[85.36573364000877, 21.163319947043394], [85.36582347153718, 21.163319947043394], [85.36582347153718, 21.16358944162863], [85.36600313459401, 21.16358944162863], [85.36600313459401, 21.163769104685453], [85.3659133030656, 21.163769104685453], [85.3659133030656, 21.163679273157044], [85.36582347153718, 21.163679273157044], [85.36582347153718, 21.16358944162863], [85.36573364000877, 21.16358944162863], [85.36573364000877, 21.163319947043394]]]}, "id": "+61+13", "properties": {"area_ha": 0.0558281890269575, "centroid_lat": 21.163559496722492, "centroid_lon": 85.36585341530805, "cluster_id": 3, "n_pixels": 6, "perim_m": 155.4382008792957, "profile_A00_p50": 0.011235239387247112, "profile_A01_p50": -0.0944170190952198, "profile_A02_p50": 0.15850057670126871, "profile_A03_p50": 0.003564437970167429, "profile_A04_p50": -0.07205670402902237, "profile_A05_p50": 0.03257106241189286, "profile_A06_p50": -0.07272943763834964, "profile_A07_p50": 0.10985119683312686, "profile_A08_p50": -0.08651845985622647, "profile_A09_p50": 0.0600430883561467, "profile_A10_p50": 0.11400921607631402, "profile_A11_p50": 0.0111920030757401, "profile_A12_p50": -0.3221313230657005, "profile_A13_p50": 0.019024102708091968, "profile_A14_p50": -0.0053916421760631964, "profile_A15_p50": 0.11957411150282209, "profile_A16_p50": -0.07479604942143117, "profile_A17_p50": 0.03803665256952454, "profile_A18_p50": -0.1256803354945045, "profile_A19_p50": -0.01656259063652981, "profile_A20_p50": -0.2722795908059495, "profile_A21_p50": 0.3556452512654423, "profile_A22_p50": 0.17115688105307483, "profile_A23_p50": -0.019990446564841027, "profile_A24_p50": 0.04197593000361166, "profile_A25_p50": 0.09420353859861756, "profile_A26_p50": 0.10178905549147761, "profile_A27_p50": -0.03082037911668791, "profile_A28_p50": -0.0756967453399347, "profile_A29_p50": 0.1908586644815521, "profile_A30_p50": 0.08309282754496135, "profile_A31_p50": 0.06689427143406382, "profile_A32_p50": -0.05181669045714686, "profile_A33_p50": -0.016104732755643374, "profile_A34_p50": 0.049864714440127626, "profile_A35_p50": 0.018629112259767138, "profile_A36_p50": -0.21195628055143625, "profile_A37_p50": 0.09047097270280662, "profile_A38_p50": 0.17544807340384294, "profile_A39_p50": -0.059400418326222906, "profile_A40_p50": 0.08742905150440715, "profile_A41_p50": 0.05032945124855639, "profile_A42_p50": -0.15373454599345476, "profile_A43_p50": 0.3164389764620445, "profile_A44_p50": 0.032788414712290145, "profile_A45_p50": 0.06788945230226325, "profile_A46_p50": 0.012293733179546327, "profile_A47_p50": 0.0634588854602597, "profile_A48_p50": -0.11581008419281325, "profile_A49_p50": 0.036267982797314094, "profile_A50_p50": -0.012156496585562329, "profile_A51_p50": 0.07320562343524893, "profile_A52_p50": -0.014181711833384267, "profile_A53_p50": -0.03801164060014577, "profile_A54_p50": 0.19885668933227743, "profile_A55_p50": -0.09414380413701337, "profile_A56_p50": -0.020010342445014827, "profile_A57_p50": -0.02485003959024507, "profile_A58_p50": -0.10019566862430729, "profile_A59_p50": -0.12456524525126902, "profile_A60_p50": -0.01524541842880943, "profile_A61_p50": -0.04454317190444322, "profile_A62_p50": 0.0748096885813149, "profile_A63_p50": 0.08887335484798001, "unit_id": 2}}, {"type": "Feature", "geometry": {"type": "Polygon", "coordinates": [[[85.36501498778148, 21.162870789401335], [85.36546414542354, 21.162870789401335], [85.36546414542354, 21.163050452458158], [85.36564380848037, 21.163050452458158], [85.36564380848037, 21.163409778571808], [85.36573364000877, 21.163409778571808], [85.36573364000877, 21.16358944162863], [85.36582347153718, 21.16358944162863], [85.36582347153718, 21.163679273157044], [85.3659133030656, 21.163679273157044], [85.3659133030656, 21.163769104685453], [85.36600313459401, 21.163769104685453], [85.36600313459401, 21.16394876774228], [85.36573364000877, 21.16394876774228], [85.36573364000877, 21.16403859927069], [85.36564380848037, 21.16403859927069], [85.36564380848037, 21.16394876774228], [85.36555397695196, 21.16394876774228], [85.36555397695196, 21.16403859927069], [85.36546414542354, 21.16403859927069], [85.36546414542354, 21.164308093855926], [85.3651946508383, 21.164308093855926], [85.3651946508383, 21.164128430799103], [85.36537431389513, 21.164128430799103], [85.36537431389513, 21.16403859927069], [85.3651946508383, 21.16403859927069], [85.3651946508383, 21.16394876774228], [85.36537431389513, 21.16394876774228], [85.36537431389513, 21.163769104685453], [85.36546414542354, 21.163769104685453], [85.36546414542354, 21.163679273157044], [85.3651946508383, 21.163679273157044], [85.3651946508383, 21.16358944162863], [85.36528448236672, 21.16358944162863], [85.36528448236672, 21.16323011551498], [85.36510481930989, 21.16323011551498], [85.36510481930989, 21.163319947043394], [85.36501498778148, 21.163319947043394], [85.36501498778148, 21.16323011551498], [85.36492515625307, 21.16323011551498], [85.36492515625307, 21.16314028398657], [85.36483532472465, 21.16314028398657], [85.36483532472465, 21.163050452458158], [85.36492515625307, 21.163050452458158], [85.36492515625307, 21.16314028398657], [85.36501498778148, 21.16314028398657], [85.36501498778148, 21.162870789401335]], [[85.36546414542354, 21.163499610100217], [85.36537431389513, 21.163499610100217], [85.36537431389513, 21.16358944162863], [85.36546414542354, 21.16358944162863], [85.36546414542354, 21.163499610100217]], [[85.36528448236672, 21.16296062092975], [85.3651946508383, 21.16296062092975], [85.3651946508383, 21.163050452458158], [85.36528448236672, 21.163050452458158], [85.36528448236672, 21.16296062092975]]]}, "id": "+57+18", "properties": {"area_ha": 0.7536807351686485, "centroid_lat": 21.163525671498327, "centroid_lon": 85.36544806372564, "cluster_id": 1, "n_pixels": 75, "perim_m": 809.5779472521203, "profile_A00_p50": 0.05322490089061294, "profile_A01_p50": -0.06588960226698776, "profile_A02_p50": 0.1529994411706668, "profile_A03_p50": 0.004396723212956731, "profile_A04_p50": -0.05832658226689369, "profile_A05_p50": 0.015158496882656702, "profile_A06_p50": -0.058113267185035455, "profile_A07_p50": 0.11962914339116627, "profile_A08_p50": -0.09326266198422985, "profile_A09_p50": 0.08838273719580549, "profile_A10_p50": 0.0927738549931394, "profile_A11_p50": 0.07960371607931654, "profile_A12_p50": -0.3249897319335717, "profile_A13_p50": 0.0044190217192075195, "profile_A14_p50": 0.017099823624685245, "profile_A15_p50": 0.1264737837743902, "profile_A16_p50": -0.06398815698604657, "profile_A17_p50": 0.06009021031571071, "profile_A18_p50": -0.08835826261434147, "profile_A19_p50": -0.020495413132786598, "profile_A20_p50": -0.3432207421649957, "profile_A21_p50": 0.3462977910933563, "profile_A22_p50": 0.21781800919039349, "profile_A23_p50": 0.002466081314448473, "profile_A24_p50": 0.044423011605003684, "profile_A25_p50": 0.07520972980020879, "profile_A26_p50": 0.10986634887067584, "profile_A27_p50": -0.02199335255392581, "profile_A28_p50": -0.042509549344215, "profile_A29_p50": 0.20140214272110038, "profile_A30_p50": 0.055171624942798744, "profile_A31_p50": 0.05227177289072206, "profile_A32_p50": 0.000957316000058114, "profile_A33_p50": 0.009267088127341096, "profile_A34_p50": 0.06397362739951426, "profile_A35_p50": 0.012661068372644, "profile_A36_p50": -0.15279506865085354, "profile_A37_p50": 0.03807606339089456, "profile_A38_p50": 0.15669696681405246, "profile_A39_p50": -0.0595711700946848, "profile_A40_p50": 0.08346119692206716, "profile_A41_p50": 0.08642988587394283, "profile_A42_p50": -0.15870285279429833, "profile_A43_p50": 0.33118419251225517, "profile_A44_p50": 0.05520752142849134, "profile_A45_p50": 0.0532128036651257, "profile_A46_p50": -0.01712322146126869, "profile_A47_p50": 0.02200723127549733, "profile_A48_p50": -0.11667718980753906, "profile_A49_p50": 0.08543167339345949, "profile_A50_p50": -0.046326086499873464, "profile_A51_p50": 0.03856258647140974, "profile_A52_p50": -0.022948844816816024, "profile_A53_p50": -0.06591446047458382, "profile_A54_p50": 0.19317842710817879, "profile_A55_p50": -0.11961082210177881, "profile_A56_p50": -0.0014382150342833156, "profile_A57_p50": -0.04930843751849643, "profile_A58_p50": -0.13624692489672033, "profile_A59_p50": -0.16067235778065347, "profile_A60_p50": -0.024889585453966214, "profile_A61_p50": -0.04440479733645213, "profile_A62_p50": 0.04593597650644479, "profile_A63_p50": 0.08937991613072041, "unit_id": 3}}, {"type": "Feature", "geometry": {"type": "Polygon", "coordinates": [[[85.36600313459401, 21.163050452458158], [85.36609296612242, 21.163050452458158], [85.36609296612242, 21.16323011551498], [85.36618279765084, 21.16323011551498], [85.36618279765084, 21.163409778571808], [85.3659133030656, 21.163409778571808], [85.3659133030656, 21.163319947043394], [85.36600313459401, 21.163319947043394], [85.36600313459401, 21.16323011551498], [85.36582347153718, 21.16323011551498], [85.36582347153718, 21.163050452458158], [85.3659133030656, 21.163050452458158], [85.3659133030656, 21.16314028398657], [85.36600313459401, 21.16314028398657], [85.36600313459401, 21.163050452458158]]]}, "id": "+64+16", "properties": {"area_ha": 0.09304719952278447, "centroid_lat": 21.163239098526674, "centroid_lon": 85.36601211733392, "cluster_id": 3, "n_pixels": 9, "perim_m": 192.75684931578675, "profile_A00_p50": 0.011235239387247112, "profile_A01_p50": -0.0944170190952198, "profile_A02_p50": 0.15850057670126871, "profile_A03_p50": 0.003564437970167429, "profile_A04_p50": -0.07205670402902237, "profile_A05_p50": 0.03257106241189286, "profile_A06_p50": -0.07272943763834964, "profile_A07_p50": 0.10985119683312686, "profile_A08_p50": -0.08651845985622647, "profile_A09_p50": 0.0600430883561467, "profile_A10_p50": 0.11400921607631402, "profile_A11_p50": 0.0111920030757401, "profile_A12_p50": -0.3221313230657005, "profile_A13_p50": 0.019024102708091968, "profile_A14_p50": -0.0053916421760631964, "profile_A15_p50": 0.11957411150282209, "profile_A16_p50": -0.07479604942143117, "profile_A17_p50": 0.03803665256952454, "profile_A18_p50": -0.1256803354945045, "profile_A19_p50": -0.01656259063652981, "profile_A20_p50": -0.2722795908059495, "profile_A21_p50": 0.3556452512654423, "profile_A22_p50": 0.17115688105307483, "profile_A23_p50": -0.019990446564841027, "profile_A24_p50": 0.04197593000361166, "profile_A25_p50": 0.09420353859861756, "profile_A26_p50": 0.10178905549147761, "profile_A27_p50": -0.03082037911668791, "profile_A28_p50": -0.0756967453399347, "profile_A29_p50": 0.1908586644815521, "profile_A30_p50": 0.08309282754496135, "profile_A31_p50": 0.06689427143406382, "profile_A32_p50": -0.05181669045714686, "profile_A33_p50": -0.016104732755643374, "profile_A34_p50": 0.049864714440127626, "profile_A35_p50": 0.018629112259767138, "profile_A36_p50": -0.21195628055143625, "profile_A37_p50": 0.09047097270280662, "profile_A38_p50": 0.17544807340384294, "profile_A39_p50": -0.059400418326222906, "profile_A40_p50": 0.08742905150440715, "profile_A41_p50": 0.05032945124855639, "profile_A42_p50": -0.15373454599345476, "profile_A43_p50": 0.3164389764620445, "profile_A44_p50": 0.032788414712290145, "profile_A45_p50": 0.06788945230226325, "profile_A46_p50": 0.012293733179546327, "profile_A47_p50": 0.0634588854602597, "profile_A48_p50": -0.11581008419281325, "profile_A49_p50": 0.036267982797314094, "profile_A50_p50": -0.012156496585562329, "profile_A51_p50": 0.07320562343524893, "profile_A52_p50": -0.014181711833384267, "profile_A53_p50": -0.03801164060014577, "profile_A54_p50": 0.19885668933227743, "profile_A55_p50": -0.09414380413701337, "profile_A56_p50": -0.020010342445014827, "profile_A57_p50": -0.02485003959024507, "profile_A58_p50": -0.10019566862430729, "profile_A59_p50": -0.12456524525126902, "profile_A60_p50": -0.01524541842880943, "profile_A61_p50": -0.04454317190444322, "profile_A62_p50": 0.0748096885813149, "profile_A63_p50": 0.08887335484798001, "unit_id": 4}}, {"type": "Feature", "geometry": {"type": "Polygon", "coordinates": [[[85.362948862628, 21.16215213717404], [85.36330818874166, 21.16215213717404], [85.36330818874166, 21.162421631759276], [85.36312852568483, 21.162421631759276], [85.36312852568483, 21.162691126344512], [85.36330818874166, 21.162691126344512], [85.36330818874166, 21.163050452458158], [85.36339802027007, 21.163050452458158], [85.36339802027007, 21.16323011551498], [85.36330818874166, 21.16323011551498], [85.36330818874166, 21.163409778571808], [85.36312852568483, 21.163409778571808], [85.36312852568483, 21.163319947043394], [85.362948862628, 21.163319947043394], [85.362948862628, 21.16323011551498], [85.36285903109959, 21.16323011551498], [85.36285903109959, 21.16314028398657], [85.36267936804278, 21.16314028398657], [85.36267936804278, 21.163050452458158], [85.36258953651436, 21.163050452458158], [85.36258953651436, 21.16296062092975], [85.36240987345754, 21.16296062092975], [85.36240987345754, 21.162870789401335], [85.36232004192912, 21.162870789401335], [85.36232004192912, 21.162780957872922], [85.3621403788723, 21.162780957872922], [85.3621403788723, 21.162691126344512], [85.36205054734388, 21.162691126344512], [85.36205054734388, 21.1626012948161], [85.36187088428706, 21.1626012948161], [85.36187088428706, 21.162511463287686], [85.36178105275864, 21.162511463287686], [85.36178105275864, 21.162421631759276], [85.36169122123025, 21.162421631759276], [85.36169122123025, 21.162331800230863], [85.36187088428706, 21.162331800230863], [85.36187088428706, 21.162511463287686], [85.36196071581547, 21.162511463287686], [85.36196071581547, 21.16215213717404], [85.36258953651436, 21.16215213717404], [85.36258953651436, 21.16224196870245], [85.36285903109959, 21.16224196870245], [85.36285903109959, 21.162331800230863], [85.362948862628, 21.162331800230863], [85.362948862628, 21.16215213717404]]]}, "id": "+33+26", "properties": {"area_ha": 1.33988463074928, "centroid_lat": 21.162654320344373, "centroid_lon": 85.36270619191464, "cluster_id": 0, "n_pixels": 134, "perim_m": 749.9041013864371, "profile_A00_p50": 0.0649371420336406, "profile_A01_p50": -0.11083470436988313, "profile_A02_p50": 0.14346318026817326, "profile_A03_p50": 0.017083394032160377, "profile_A04_p50": -0.04637003445213128, "profile_A05_p50": -0.008794838739899412, "profile_A06_p50": -0.0697901490985032, "profile_A07_p50": 0.14752746069232994, "profile_A08_p50": -0.09809832530559248, "profile_A09_p50": 0.07865185688890315, "profile_A10_p50": 0.09278434321793148, "profile_A11_p50": 0.06399534700652354, "profile_A12_p50": -0.33706718023658716, "profile_A13_p50": 0.01611334574977108, "profile_A14_p50": -0.02196162797008433, "profile_A15_p50": 0.09865446239857459, "profile_A16_p50": -0.05517367445062648, "profile_A17_p50": 0.020527785675845137, "profile_A18_p50": -0.09320158952852851, "profile_A19_p50": 0.020520659200231755, "profile_A20_p50": -0.27787778199771523, "profile_A21_p50": 0.32710390879651796, "profile_A22_p50": 0.2647713197795599, "profile_A23_p50": -0.05124733800254931, "profile_A24_p50": 0.04592356057259676, "profile_A25_p50": 0.07127039448964882, "profile_A26_p50": 0.11083555905543434, "profile_A27_p50": -0.00047438936866183194, "profile_A28_p50": -0.054212923916086175, "profile_A29_p50": 0.19997662502461896, "profile_A30_p50": 0.06685909016728205, "profile_A31_p50": 0.04931597988423994, "profile_A32_p50": 0.0009931171883571953, "profile_A33_p50": -0.02295085841310662, "profile_A34_p50": 0.04590102399843765, "profile_A35_p50": -0.01855274223737954, "profile_A36_p50": -0.1805969336689741, "profile_A37_p50": 0.038133652209125644, "profile_A38_p50": 0.16465066993068045, "profile_A39_p50": -0.11432195461265213, "profile_A40_p50": 0.05424624345228753, "profile_A41_p50": 0.04933324400612502, "profile_A42_p50": -0.1470229052963256, "profile_A43_p50": 0.36170676065249535, "profile_A44_p50": 0.04735946919384751, "profile_A45_p50": 0.053694415358164035, "profile_A46_p50": -0.020978501530891636, "profile_A47_p50": 0.053738594365539405, "profile_A48_p50": -0.1098768476153089, "profile_A49_p50": 0.05952449153421575, "profile_A50_p50": -0.06982160993676202, "profile_A51_p50": 0.010225107035864925, "profile_A52_p50": -0.01613335808612833, "profile_A53_p50": -0.051767402203102525, "profile_A54_p50": 0.19289055487643264, "profile_A55_p50": -0.12261130834785652, "profile_A56_p50": -0.03467205053136565, "profile_A57_p50": -0.03366955729954787, "profile_A58_p50": -0.10597195248497535, "profile_A59_p50": -0.13033228323719942, "profile_A60_p50": 0.02200174954063654, "profile_A61_p50": -0.0717687835809173, "profile_A62_p50": 0.04784828368557889, "profile_A63_p50": 0.07373148958241554, "unit_id": 5}}, {"type": "Feature", "geometry": {"type": "Polygon", "coordinates": [[[85.36339802027007, 21.15855887603756], [85.3635776833269, 21.15855887603756], [85.3635776833269, 21.158738539094387], [85.36339802027007, 21.158738539094387], [85.36339802027007, 21.159097865208032], [85.36330818874166, 21.159097865208032], [85.36330818874166, 21.159277528264855], [85.36312852568483, 21.159277528264855], [85.36312852568483, 21.159457191321682], [85.362948862628, 21.159457191321682], [85.362948862628, 21.15990634896374], [85.36285903109959, 21.15990634896374], [85.36285903109959, 21.159996180492154], [85.36276919957118, 21.159996180492154], [85.36276919957118, 21.160175843548977], [85.36258953651436, 21.160175843548977], [85.36258953651436, 21.160535169662623], [85.36240987345754, 21.160535169662623], [85.36240987345754, 21.160894495776272], [85.36223021040071, 21.160894495776272], [85.36223021040071, 21.16116399036151], [85.3621403788723, 21.16116399036151], [85.3621403788723, 21.161253821889918], [85.36196071581547, 21.161253821889918], [85.36196071581547, 21.161613148003568], [85.36178105275864, 21.161613148003568], [85.36178105275864, 21.16179281106039], [85.36160138970183, 21.16179281106039], [85.36160138970183, 21.162331800230863], [85.36151155817342, 21.162331800230863], [85.36151155817342, 21.16224196870245], [85.361421726645, 21.16224196870245], [85.361421726645, 21.16215213717404], [85.36124206358818, 21.16215213717404], [85.36124206358818, 21.162062305645627], [85.36115223205977, 21.162062305645627], [85.36115223205977, 21.161972474117217], [85.36106240053135, 21.161972474117217], [85.36106240053135, 21.161882642588804], [85.36097256900294, 21.161882642588804], [85.36097256900294, 21.16170297953198], [85.36088273747453, 21.16170297953198], [85.36088273747453, 21.161613148003568], [85.36079290594611, 21.161613148003568], [85.36079290594611, 21.161523316475154], [85.36070307441771, 21.161523316475154], [85.36070307441771, 21.16134365341833], [85.3606132428893, 21.16134365341833], [85.3606132428893, 21.16116399036151], [85.36052341136089, 21.16116399036151], [85.36052341136089, 21.160894495776272], [85.36043357983247, 21.160894495776272], [85.36043357983247, 21.160625001191036], [85.36034374830406, 21.160625001191036], [85.36034374830406, 21.159636854378505], [85.36043357983247, 21.159636854378505], [85.36043357983247, 21.159457191321682], [85.36124206358818, 21.159457191321682], [85.36124206358818, 21.15936735979327], [85.361421726645, 21.15936735979327], [85.361421726645, 21.159457191321682], [85.36205054734388, 21.159457191321682], [85.36205054734388, 21.159277528264855], [85.36240987345754, 21.159277528264855], [85.36240987345754, 21.159097865208032], [85.36258953651436, 21.159097865208032], [85.36258953651436, 21.159008033679623], [85.36267936804278, 21.159008033679623], [85.36267936804278, 21.15891820215121], [85.36276919957118, 21.15891820215121], [85.36276919957118, 21.158828370622796], [85.36285903109959, 21.158828370622796], [85.36285903109959, 21.158738539094387], [85.36330818874166, 21.158738539094387], [85.36330818874166, 21.158648707565973], [85.36339802027007, 21.158648707565973], [85.36339802027007, 21.15855887603756]]]}, "id": "+36+66", "properties": {"area_ha": 6.2249782998750725, "centroid_lat": 21.160339189289495, "centroid_lon": 85.36165342584924, "cluster_id": 0, "n_pixels": 622, "perim_m": 1527.1082848543372, "profile_A00_p50": 0.0649371420336406, "profile_A01_p50": -0.11083470436988313, "profile_A02_p50": 0.14346318026817326, "profile_A03_p50": 0.017083394032160377, "profile_A04_p50": -0.04637003445213128, "profile_A05_p50": -0.008794838739899412, "profile_A06_p50": -0.0697901490985032, "profile_A07_p50": 0.14752746069232994, "profile_A08_p50": -0.09809832530559248, "profile_A09_p50": 0.07865185688890315, "profile_A10_p50": 0.09278434321793148, "profile_A11_p50": 0.06399534700652354, "profile_A12_p50": -0.33706718023658716, "profile_A13_p50": 0.01611334574977108, "profile_A14_p50": -0.02196162797008433, "profile_A15_p50": 0.09865446239857459, "profile_A16_p50": -0.05517367445062648, "profile_A17_p50": 0.020527785675845137, "profile_A18_p50": -0.09320158952852851, "profile_A19_p50": 0.020520659200231755, "profile_A20_p50": -0.27787778199771523, "profile_A21_p50": 0.32710390879651796, "profile_A22_p50": 0.2647713197795599, "profile_A23_p50": -0.05124733800254931, "profile_A24_p50": 0.04592356057259676, "profile_A25_p50": 0.07127039448964882, "profile_A26_p50": 0.11083555905543434, "profile_A27_p50": -0.00047438936866183194, "profile_A28_p50": -0.054212923916086175, "profile_A29_p50": 0.19997662502461896, "profile_A30_p50": 0.06685909016728205, "profile_A31_p50": 0.04931597988423994, "profile_A32_p50": 0.0009931171883571953, "profile_A33_p50": -0.02295085841310662, "profile_A34_p50": 0.04590102399843765, "profile_A35_p50": -0.01855274223737954, "profile_A36_p50": -0.1805969336689741, "profile_A37_p50": 0.038133652209125644, "profile_A38_p50": 0.16465066993068045, "profile_A39_p50": -0.11432195461265213, "profile_A40_p50": 0.05424624345228753, "profile_A41_p50": 0.04933324400612502, "profile_A42_p50": -0.1470229052963256, "profile_A43_p50": 0.36170676065249535, "profile_A44_p50": 0.04735946919384751, "profile_A45_p50": 0.053694415358164035, "profile_A46_p50": -0.020978501530891636, "profile_A47_p50": 0.053738594365539405, "profile_A48_p50": -0.1098768476153089, "profile_A49_p50": 0.05952449153421575, "profile_A50_p50": -0.06982160993676202, "profile_A51_p50": 0.010225107035864925, "profile_A52_p50": -0.01613335808612833, "profile_A53_p50": -0.051767402203102525, "profile_A54_p50": 0.19289055487643264, "profile_A55_p50": -0.12261130834785652, "profile_A56_p50": -0.03467205053136565, "profile_A57_p50": -0.03366955729954787, "profile_A58_p50": -0.10597195248497535, "profile_A59_p50": -0.13033228323719942, "profile_A60_p50": 0.02200174954063654, "profile_A61_p50": -0.0717687835809173, "profile_A62_p50": 0.04784828368557889, "profile_A63_p50": 0.07373148958241554, "unit_id": 6}}, {"type": "Feature", "geometry": {"type": "Polygon", "coordinates": [[[85.36420650402577, 21.151911342935076], [85.36456583013943, 21.151911342935076], [85.36456583013943, 21.15245033210555], [85.36465566166784, 21.15245033210555], [85.36465566166784, 21.15262999516237], [85.36483532472465, 21.15262999516237], [85.36483532472465, 21.15254016363396], [85.36492515625307, 21.15254016363396], [85.36492515625307, 21.15245033210555], [85.36537431389513, 21.15245033210555], [85.36537431389513, 21.152809658219198], [85.36546414542354, 21.152809658219198], [85.36546414542354, 21.152899489747607], [85.36555397695196, 21.152899489747607], [85.36555397695196, 21.15298932127602], [85.36573364000877, 21.15298932127602], [85.36573364000877, 21.153168984332844], [85.36555397695196, 21.153168984332844], [85.36555397695196, 21.153528310446493], [85.36564380848037, 21.153528310446493], [85.36564380848037, 21.153618141974903], [85.36573364000877, 21.153618141974903], [85.36573364000877, 21.153707973503316], [85.3659133030656, 21.153707973503316], [85.3659133030656, 21.15379780503173], [85.36609296612242, 21.15379780503173], [85.36609296612242, 21.153707973503316], [85.36654212376449, 21.153707973503316], [85.36654212376449, 21.153528310446493], [85.36690144987813, 21.153528310446493], [85.36690144987813, 21.15343847891808], [85.36699128140654, 21.15343847891808], [85.36699128140654, 21.153348647389667], [85.3673506075202, 21.153348647389667], [85.3673506075202, 21.153258815861257], [85.36744043904861, 21.153258815861257], [85.36744043904861, 21.153168984332844], [85.36806925974749, 21.153168984332844], [85.36806925974749, 21.153528310446493], [85.36788959669066, 21.153528310446493], [85.36788959669066, 21.153618141974903], [85.36779976516225, 21.153618141974903], [85.36779976516225, 21.153707973503316], [85.36726077599178, 21.153707973503316], [85.36726077599178, 21.15379780503173], [85.36717094446337, 21.15379780503173], [85.36717094446337, 21.153707973503316], [85.36708111293495, 21.153707973503316], [85.36708111293495, 21.154067299616962], [85.36690144987813, 21.154067299616962], [85.36690144987813, 21.15424696267379], [85.36726077599178, 21.15424696267379], [85.36726077599178, 21.15442662573061], [85.3673506075202, 21.15442662573061], [85.3673506075202, 21.154516457259025], [85.36726077599178, 21.154516457259025], [85.36726077599178, 21.154965614901084], [85.36708111293495, 21.154965614901084], [85.36708111293495, 21.15523510948632], [85.36717094446337, 21.15523510948632], [85.36717094446337, 21.15532494101473], [85.36726077599178, 21.15532494101473], [85.36726077599178, 21.155504604071556], [85.36753027057702, 21.155504604071556], [85.36753027057702, 21.155594435599966], [85.36762010210543, 21.155594435599966], [85.36762010210543, 21.155774098656792], [85.36753027057702, 21.155774098656792], [85.36753027057702, 21.155863930185202], [85.36744043904861, 21.155863930185202], [85.36744043904861, 21.156043593242025], [85.36762010210543, 21.156043593242025], [85.36762010210543, 21.15622325629885], [85.36779976516225, 21.15622325629885], [85.36779976516225, 21.156402919355674], [85.36797942821907, 21.156402919355674], [85.36797942821907, 21.156492750884087], [85.36788959669066, 21.156492750884087], [85.36788959669066, 21.156582582412497], [85.36824892280431, 21.156582582412497], [85.36824892280431, 21.156762245469324], [85.36842858586114, 21.156762245469324], [85.36842858586114, 21.156852076997733], [85.36833875433273, 21.156852076997733], [85.36833875433273, 21.156941908526147], [85.36878791197478, 21.156941908526147], [85.36878791197478, 21.15703174005456], [85.36887774350319, 21.15703174005456], [85.36887774350319, 21.15712157158297], [85.3689675750316, 21.15712157158297], [85.3689675750316, 21.15748089769662], [85.36878791197478, 21.15748089769662], [85.36878791197478, 21.157660560753442], [85.36860824891797, 21.157660560753442], [85.36860824891797, 21.15748089769662], [85.36842858586114, 21.15748089769662], [85.36842858586114, 21.15757072922503], [85.3681590912759, 21.15757072922503], [85.3681590912759, 21.157660560753442], [85.36842858586114, 21.157660560753442], [85.36842858586114, 21.157930055338678], [85.36833875433273, 21.157930055338678], [85.36833875433273, 21.158199549923914], [85.3681590912759, 21.158199549923914], [85.3681590912759, 21.15801988686709], [85.36797942821907, 21.15801988686709], [85.36797942821907, 21.157840223810265], [85.36788959669066, 21.157840223810265], [85.36788959669066, 21.157750392281855], [85.36779976516225, 21.157750392281855], [85.36779976516225, 21.157660560753442], [85.36762010210543, 21.157660560753442], [85.36762010210543, 21.15748089769662], [85.36744043904861, 21.15748089769662], [85.36744043904861, 21.157660560753442], [85.36726077599178, 21.157660560753442], [85.36726077599178, 21.157840223810265], [85.36744043904861, 21.157840223810265], [85.36744043904861, 21.157930055338678], [85.36753027057702, 21.157930055338678], [85.36753027057702, 21.157840223810265], [85.36762010210543, 21.157840223810265], [85.36762010210543, 21.15801988686709], [85.36779976516225, 21.15801988686709], [85.36779976516225, 21.1581097183955], [85.36770993363383, 21.1581097183955], [85.36770993363383, 21.158199549923914], [85.36779976516225, 21.158199549923914], [85.36779976516225, 21.159097865208032], [85.36770993363383, 21.159097865208032], [85.36770993363383, 21.15891820215121], [85.3673506075202, 21.15891820215121], [85.3673506075202, 21.159097865208032], [85.36744043904861, 21.159097865208032], [85.36744043904861, 21.159187696736446], [85.36762010210543, 21.159187696736446], [85.36762010210543, 21.159277528264855], [85.36744043904861, 21.159277528264855], [85.36744043904861, 21.159457191321682], [85.36762010210543, 21.159457191321682], [85.36762010210543, 21.159636854378505], [85.36779976516225, 21.159636854378505], [85.36779976516225, 21.159457191321682], [85.36797942821907, 21.159457191321682], [85.36797942821907, 21.159277528264855], [85.3681590912759, 21.159277528264855], [85.3681590912759, 21.159097865208032], [85.36806925974749, 21.159097865208032], [85.36806925974749, 21.159187696736446], [85.36797942821907, 21.159187696736446], [85.36797942821907, 21.15891820215121], [85.3681590912759, 21.15891820215121], [85.3681590912759, 21.158828370622796], [85.36806925974749, 21.158828370622796], [85.36806925974749, 21.158738539094387], [85.3689675750316, 21.158738539094387], [85.3689675750316, 21.15891820215121], [85.36914723808843, 21.15891820215121], [85.36914723808843, 21.158828370622796], [85.36923706961684, 21.158828370622796], [85.36923706961684, 21.15891820215121], [85.36932690114526, 21.15891820215121], [85.36932690114526, 21.159097865208032], [85.36950656420208, 21.159097865208032], [85.36950656420208, 21.159277528264855], [85.3695963957305, 21.159277528264855], [85.3695963957305, 21.159457191321682], [85.36950656420208, 21.159457191321682], [85.36950656420208, 21.159726685906918], [85.36941673267367, 21.159726685906918], [85.36941673267367, 21.159996180492154], [85.36932690114526, 21.159996180492154], [85.36932690114526, 21.160265675077387], [85.36923706961684, 21.160265675077387], [85.36923706961684, 21.160535169662623], [85.36914723808843, 21.160535169662623], [85.36914723808843, 21.16080466424786], [85.36905740656002, 21.16080466424786], [85.36905740656002, 21.161074158833095], [85.3689675750316, 21.161074158833095], [85.3689675750316, 21.16134365341833], [85.36887774350319, 21.16134365341833], [85.36887774350319, 21.161613148003568], [85.36878791197478, 21.161613148003568], [85.36878791197478, 21.161882642588804], [85.36869808044636, 21.161882642588804], [85.36869808044636, 21.16215213717404], [85.36860824891797, 21.16215213717404], [85.36860824891797, 21.162421631759276], [85.36851841738955, 21.162421631759276], [85.36851841738955, 21.162691126344512], [85.36842858586114, 21.162691126344512], [85.36842858586114, 21.162870789401335], [85.36833875433273, 21.162870789401335], [85.36833875433273, 21.163050452458158], [85.36824892280431, 21.163050452458158], [85.36824892280431, 21.16323011551498], [85.3681590912759, 21.16323011551498], [85.3681590912759, 21.163319947043394], [85.36806925974749, 21.163319947043394], [85.36806925974749, 21.163499610100217], [85.36797942821907, 21.163499610100217], [85.36797942821907, 21.16358944162863], [85.36788959669066, 21.16358944162863], [85.36788959669066, 21.163679273157044], [85.36779976516225, 21.163679273157044], [85.36779976516225, 21.163769104685453], [85.36770993363383, 21.163769104685453], [85.36770993363383, 21.163858936213867], [85.36753027057702, 21.163858936213867], [85.36753027057702, 21.163679273157044], [85.36717094446337, 21.163679273157044], [85.36717094446337, 21.16358944162863], [85.36699128140654, 21.16358944162863], [85.36699128140654, 21.163409778571808], [85.36690144987813, 21.163409778571808], [85.36690144987813, 21.163319947043394], [85.36699128140654, 21.163319947043394], [85.36699128140654, 21.16323011551498], [85.3666319552929, 21.16323011551498], [85.3666319552929, 21.163499610100217], [85.36636246070766, 21.163499610100217], [85.36636246070766, 21.163409778571808], [85.36618279765084, 21.163409778571808], [85.36618279765084, 21.16323011551498], [85.36609296612242, 21.16323011551498], [85.36609296612242, 21.163050452458158], [85.36618279765084, 21.163050452458158], [85.36618279765084, 21.16296062092975], [85.36627262917925, 21.16296062092975], [85.36627262917925, 21.163050452458158], [85.36636246070766, 21.163050452458158], [85.36636246070766, 21.162870789401335], [85.36618279765084, 21.162870789401335], [85.36618279765084, 21.1626012948161], [85.36600313459401, 21.1626012948161], [85.36600313459401, 21.162511463287686], [85.36564380848037, 21.162511463287686], [85.36564380848037, 21.1626012948161], [85.36573364000877, 21.1626012948161], [85.36573364000877, 21.162691126344512], [85.36537431389513, 21.162691126344512], [85.36537431389513, 21.162780957872922], [85.36528448236672, 21.162780957872922], [85.36528448236672, 21.162511463287686], [85.36501498778148, 21.162511463287686], [85.36501498778148, 21.162421631759276], [85.36483532472465, 21.162421631759276], [85.36483532472465, 21.1626012948161], [85.36474549319624, 21.1626012948161], [85.36474549319624, 21.162691126344512], [85.36465566166784, 21.162691126344512], [85.36465566166784, 21.162870789401335], [85.36456583013943, 21.162870789401335], [85.36456583013943, 21.16296062092975], [85.36447599861101, 21.16296062092975], [85.36447599861101, 21.163050452458158], [85.36456583013943, 21.163050452458158], [85.36456583013943, 21.16323011551498], [85.36447599861101, 21.16323011551498], [85.36447599861101, 21.16314028398657], [85.3643861670826, 21.16314028398657], [85.3643861670826, 21.163050452458158], [85.36420650402577, 21.163050452458158], [85.36420650402577, 21.162870789401335], [85.36411667249736, 21.162870789401335], [85.36411667249736, 21.1626012948161], [85.36402684096895, 21.1626012948161], [85.36402684096895, 21.162691126344512], [85.36393700944053, 21.162691126344512], [85.36393700944053, 21.162421631759276], [85.36384717791212, 21.162421631759276], [85.36384717791212, 21.162331800230863], [85.36348785179848, 21.162331800230863], [85.36348785179848, 21.16215213717404], [85.362948862628, 21.16215213717404], [85.362948862628, 21.162331800230863], [85.36285903109959, 21.162331800230863], [85.36285903109959, 21.16224196870245], [85.36258953651436, 21.16224196870245], [85.36258953651436, 21.16215213717404], [85.36178105275864, 21.16215213717404], [85.36178105275864, 21.162062305645627], [85.36187088428706, 21.162062305645627], [85.36187088428706, 21.161972474117217], [85.36196071581547, 21.161972474117217], [85.36196071581547, 21.16170297953198], [85.36187088428706, 21.16170297953198], [85.36187088428706, 21.16179281106039], [85.36178105275864, 21.16179281106039], [85.36178105275864, 21.161972474117217], [85.36160138970183, 21.161972474117217], [85.36160138970183, 21.16179281106039], [85.36178105275864, 21.16179281106039], [85.36178105275864, 21.161613148003568], [85.36196071581547, 21.161613148003568], [85.36196071581547, 21.161253821889918], [85.3621403788723, 21.161253821889918], [85.3621403788723, 21.16116399036151], [85.36223021040071, 21.16116399036151], [85.36223021040071, 21.160894495776272], [85.36240987345754, 21.160894495776272], [85.36240987345754, 21.160535169662623], [85.36258953651436, 21.160535169662623], [85.36258953651436, 21.160175843548977], [85.36276919957118, 21.160175843548977], [85.36276919957118, 21.159996180492154], [85.36285903109959, 21.159996180492154], [85.36285903109959, 21.15990634896374], [85.362948862628, 21.15990634896374], [85.362948862628, 21.159457191321682], [85.36312852568483, 21.159457191321682], [85.36312852568483, 21.159277528264855], [85.36330818874166, 21.159277528264855], [85.36330818874166, 21.159097865208032], [85.36339802027007, 21.159097865208032], [85.36339802027007, 21.158738539094387], [85.3635776833269, 21.158738539094387], [85.3635776833269, 21.15855887603756], [85.36339802027007, 21.15855887603756], [85.36339802027007, 21.158648707565973], [85.36330818874166, 21.158648707565973], [85.36330818874166, 21.158738539094387], [85.36285903109959, 21.158738539094387], [85.36285903109959, 21.158828370622796], [85.36276919957118, 21.158828370622796], [85.36276919957118, 21.15891820215121], [85.36267936804278, 21.15891820215121], [85.36267936804278, 21.159008033679623], [85.36258953651436, 21.159008033679623], [85.36258953651436, 21.159097865208032], [85.36240987345754, 21.159097865208032], [85.36240987345754, 21.159277528264855], [85.36205054734388, 21.159277528264855], [85.36205054734388, 21.159457191321682], [85.361421726645, 21.159457191321682], [85.361421726645, 21.15936735979327], [85.36124206358818, 21.15936735979327], [85.36124206358818, 21.159457191321682], [85.36043357983247, 21.159457191321682], [85.36043357983247, 21.159277528264855], [85.36079290594611, 21.159277528264855], [85.36079290594611, 21.15936735979327], [85.36088273747453, 21.15936735979327], [85.36088273747453, 21.159277528264855], [85.36106240053135, 21.159277528264855], [85.36106240053135, 21.159097865208032], [85.36088273747453, 21.159097865208032], [85.36088273747453, 21.15891820215121], [85.36070307441771, 21.15891820215121], [85.36070307441771, 21.15855887603756], [85.36079290594611, 21.15855887603756], [85.36079290594611, 21.158289381452324], [85.36088273747453, 21.158289381452324], [85.36088273747453, 21.15801988686709], [85.36097256900294, 21.15801988686709], [85.36097256900294, 21.157750392281855], [85.36106240053135, 21.157750392281855], [85.36106240053135, 21.15748089769662], [85.36115223205977, 21.15748089769662], [85.36115223205977, 21.157301234639792], [85.36124206358818, 21.157301234639792], [85.36124206358818, 21.157660560753442], [85.361421726645, 21.157660560753442], [85.361421726645, 21.157840223810265], [85.36178105275864, 21.157840223810265], [85.36178105275864, 21.157930055338678], [85.36187088428706, 21.157930055338678], [85.36187088428706, 21.157840223810265], [85.36205054734388, 21.157840223810265], [85.36205054734388, 21.157750392281855], [85.36223021040071, 21.157750392281855], [85.36223021040071, 21.157660560753442], [85.36258953651436, 21.157660560753442], [85.36258953651436, 21.157301234639792], [85.36240987345754, 21.157301234639792], [85.36240987345754, 21.157391066168206], [85.36249970498595, 21.157391066168206], [85.36249970498595, 21.15748089769662], [85.36240987345754, 21.15748089769662], [85.36240987345754, 21.157391066168206], [85.36223021040071, 21.157391066168206], [85.36223021040071, 21.15748089769662], [85.36187088428706, 21.15748089769662], [85.36187088428706, 21.157301234639792], [85.36151155817342, 21.157301234639792], [85.36151155817342, 21.157211403111383], [85.36169122123025, 21.157211403111383], [85.36169122123025, 21.15712157158297], [85.36151155817342, 21.15712157158297], [85.36151155817342, 21.15703174005456], [85.361421726645, 21.15703174005456], [85.361421726645, 21.157211403111383], [85.36124206358818, 21.157211403111383], [85.36124206358818, 21.15703174005456], [85.36133189511659, 21.15703174005456], [85.36133189511659, 21.156762245469324], [85.361421726645, 21.156762245469324], [85.361421726645, 21.15667241394091], [85.36169122123025, 21.15667241394091], [85.36169122123025, 21.156492750884087], [85.36187088428706, 21.156492750884087], [85.36187088428706, 21.15631308782726], [85.36196071581547, 21.15631308782726], [85.36196071581547, 21.156402919355674], [85.36223021040071, 21.156402919355674], [85.36223021040071, 21.156043593242025], [85.36240987345754, 21.156043593242025], [85.36240987345754, 21.155953761713615], [85.36249970498595, 21.155953761713615], [85.36249970498595, 21.155863930185202], [85.36258953651436, 21.155863930185202], [85.36258953651436, 21.15568426712838], [85.36312852568483, 21.15568426712838], [85.36312852568483, 21.155774098656792], [85.36321835721324, 21.155774098656792], [85.36321835721324, 21.156492750884087], [85.36339802027007, 21.156492750884087], [85.36339802027007, 21.15622325629885], [85.36348785179848, 21.15622325629885], [85.36348785179848, 21.156043593242025], [85.36339802027007, 21.156043593242025], [85.36339802027007, 21.15568426712838], [85.3635776833269, 21.15568426712838], [85.3635776833269, 21.155774098656792], [85.36366751485531, 21.155774098656792], [85.36366751485531, 21.155863930185202], [85.36375734638371, 21.155863930185202], [85.36375734638371, 21.15568426712838], [85.36393700944053, 21.15568426712838], [85.36393700944053, 21.155594435599966], [85.36411667249736, 21.155594435599966], [85.36411667249736, 21.155504604071556], [85.36420650402577, 21.155504604071556], [85.36420650402577, 21.15532494101473], [85.36429633555419, 21.15532494101473], [85.36429633555419, 21.15478595184426], [85.3643861670826, 21.15478595184426], [85.3643861670826, 21.15442662573061], [85.36447599861101, 21.15442662573061], [85.36447599861101, 21.15424696267379], [85.3643861670826, 21.15424696267379], [85.3643861670826, 21.153977468088552], [85.36429633555419, 21.153977468088552], [85.36429633555419, 21.15388763656014], [85.36420650402577, 21.15388763656014], [85.36420650402577, 21.153707973503316], [85.3643861670826, 21.153707973503316], [85.3643861670826, 21.153168984332844], [85.36420650402577, 21.153168984332844], [85.36420650402577, 21.15298932127602], [85.36411667249736, 21.15298932127602], [85.36411667249736, 21.152899489747607], [85.36402684096895, 21.152899489747607], [85.36402684096895, 21.152180837520312], [85.36384717791212, 21.152180837520312], [85.36384717791212, 21.1520910059919], [85.36402684096895, 21.1520910059919], [85.36402684096895, 21.15200117446349], [85.36420650402577, 21.15200117446349], [85.36420650402577, 21.151911342935076]], [[85.36187088428706, 21.158738539094387], [85.36160138970183, 21.158738539094387], [85.36160138970183, 21.158828370622796], [85.36169122123025, 21.158828370622796], [85.36169122123025, 21.15891820215121], [85.36160138970183, 21.15891820215121], [85.36160138970183, 21.159008033679623], [85.36151155817342, 21.159008033679623], [85.36151155817342, 21.15891820215121], [85.361421726645, 21.15891820215121], [85.361421726645, 21.159097865208032], [85.36160138970183, 21.159097865208032], [85.36160138970183, 21.159277528264855], [85.36178105275864, 21.159277528264855], [85.36178105275864, 21.159187696736446], [85.36169122123025, 21.159187696736446], [85.36169122123025, 21.159097865208032], [85.36178105275864, 21.159097865208032], [85.36178105275864, 21.159008033679623], [85.36196071581547, 21.159008033679623], [85.36196071581547, 21.15891820215121], [85.36178105275864, 21.15891820215121], [85.36178105275864, 21.158828370622796], [85.36187088428706, 21.158828370622796], [85.36187088428706, 21.158738539094387]], [[85.36753027057702, 21.15954702285009], [85.36744043904861, 21.15954702285009], [85.36744043904861, 21.159636854378505], [85.36753027057702, 21.159636854378505], [85.36753027057702, 21.15954702285009]], [[85.36717094446337, 21.163409778571808], [85.36708111293495, 21.163409778571808], [85.36708111293495, 21.163499610100217], [85.36717094446337, 21.163499610100217], [85.36717094446337, 21.163409778571808]], [[85.3666319552929, 21.16314028398657], [85.36645229223608, 21.16314028398657], [85.36645229223608, 21.16323011551498], [85.3666319552929, 21.16323011551498], [85.3666319552929, 21.16314028398657]], [[85.36708111293495, 21.16314028398657], [85.36699128140654, 21.16314028398657], [85.36699128140654, 21.16323011551498], [85.36708111293495, 21.16323011551498], [85.36708111293495, 21.16314028398657]], [[85.36609296612242, 21.162421631759276], [85.36600313459401, 21.162421631759276], [85.36600313459401, 21.162511463287686], [85.36609296612242, 21.162511463287686], [85.36609296612242, 21.162421631759276]], [[85.36627262917925, 21.162421631759276], [85.36618279765084, 21.162421631759276], [85.36618279765084, 21.162511463287686], [85.36627262917925, 21.162511463287686], [85.36627262917925, 21.162421631759276]], [[85.36600313459401, 21.162331800230863], [85.3659133030656, 21.162331800230863], [85.3659133030656, 21.162421631759276], [85.36600313459401, 21.162421631759276], [85.36600313459401, 21.162331800230863]], [[85.36717094446337, 21.161972474117217], [85.36699128140654, 21.161972474117217], [85.36699128140654, 21.162062305645627], [85.3667217868213, 21.162062305645627], [85.3667217868213, 21.16215213717404], [85.36645229223608, 21.16215213717404], [85.36645229223608, 21.16224196870245], [85.36654212376449, 21.16224196870245], [85.36654212376449, 21.162331800230863], [85.36627262917925, 21.162331800230863], [85.36627262917925, 21.162421631759276], [85.36645229223608, 21.162421631759276], [85.36645229223608, 21.162511463287686], [85.3666319552929, 21.162511463287686], [85.3666319552929, 21.162691126344512], [85.36699128140654, 21.162691126344512], [85.36699128140654, 21.163050452458158], [85.36717094446337, 21.163050452458158], [85.36717094446337, 21.16323011551498], [85.3673506075202, 21.16323011551498], [85.3673506075202, 21.162870789401335], [85.36753027057702, 21.162870789401335], [85.36753027057702, 21.162780957872922], [85.3673506075202, 21.162780957872922], [85.3673506075202, 21.162691126344512], [85.36753027057702, 21.162691126344512], [85.36753027057702, 21.162511463287686], [85.36762010210543, 21.162511463287686], [85.36762010210543, 21.162421631759276], [85.36753027057702, 21.162421631759276], [85.36753027057702, 21.162331800230863], [85.36744043904861, 21.162331800230863], [85.36744043904861, 21.162421631759276], [85.3673506075202, 21.162421631759276], [85.3673506075202, 21.16224196870245], [85.36717094446337, 21.16224196870245], [85.36717094446337, 21.161972474117217]], [[85.36788959669066, 21.16170297953198], [85.36779976516225, 21.16170297953198], [85.36779976516225, 21.16179281106039], [85.36788959669066, 21.16179281106039], [85.36788959669066, 21.16170297953198]], [[85.36681161834971, 21.161613148003568], [85.3666319552929, 21.161613148003568], [85.3666319552929, 21.16179281106039], [85.3667217868213, 21.16179281106039], [85.3667217868213, 21.161972474117217], [85.36699128140654, 21.161972474117217], [85.36699128140654, 21.16170297953198], [85.36681161834971, 21.16170297953198], [85.36681161834971, 21.161613148003568]], [[85.3621403788723, 21.161433484946745], [85.36205054734388, 21.161433484946745], [85.36205054734388, 21.16170297953198], [85.3621403788723, 21.16170297953198], [85.3621403788723, 21.161433484946745]], [[85.36258953651436, 21.161253821889918], [85.36249970498595, 21.161253821889918], [85.36249970498595, 21.16134365341833], [85.36258953651436, 21.16134365341833], [85.36258953651436, 21.161253821889918]], [[85.36833875433273, 21.161253821889918], [85.3681590912759, 21.161253821889918], [85.3681590912759, 21.161613148003568], [85.36806925974749, 21.161613148003568], [85.36806925974749, 21.16170297953198], [85.3681590912759, 21.16170297953198], [85.3681590912759, 21.161882642588804], [85.36851841738955, 21.161882642588804], [85.36851841738955, 21.161523316475154], [85.36833875433273, 21.161523316475154], [85.36833875433273, 21.161253821889918]], [[85.36717094446337, 21.16080466424786], [85.36699128140654, 21.16080466424786], [85.36699128140654, 21.160894495776272], [85.36717094446337, 21.160894495776272], [85.36717094446337, 21.16080466424786]], [[85.36770993363383, 21.16080466424786], [85.36762010210543, 21.16080466424786], [85.36762010210543, 21.160894495776272], [85.36770993363383, 21.160894495776272], [85.36770993363383, 21.16080466424786]], [[85.36690144987813, 21.16071483271945], [85.36681161834971, 21.16071483271945], [85.36681161834971, 21.16080466424786], [85.36690144987813, 21.16080466424786], [85.36690144987813, 21.16071483271945]], [[85.3673506075202, 21.16071483271945], [85.36726077599178, 21.16071483271945], [85.36726077599178, 21.16080466424786], [85.3673506075202, 21.16080466424786], [85.3673506075202, 21.16071483271945]], [[85.36726077599178, 21.160625001191036], [85.36717094446337, 21.160625001191036], [85.36717094446337, 21.16071483271945], [85.36726077599178, 21.16071483271945], [85.36726077599178, 21.160625001191036]], [[85.36573364000877, 21.1603555066058], [85.36564380848037, 21.1603555066058], [85.36564380848037, 21.160445338134213], [85.36573364000877, 21.160445338134213], [85.36573364000877, 21.1603555066058]], [[85.36600313459401, 21.159457191321682], [85.36582347153718, 21.159457191321682], [85.36582347153718, 21.159636854378505], [85.36609296612242, 21.159636854378505], [85.36609296612242, 21.15954702285009], [85.36600313459401, 21.15954702285009], [85.36600313459401, 21.159457191321682]], [[85.36618279765084, 21.15936735979327], [85.36609296612242, 21.15936735979327], [85.36609296612242, 21.159457191321682], [85.36618279765084, 21.159457191321682], [85.36618279765084, 21.15936735979327]], [[85.36276919957118, 21.158379212980737], [85.36223021040071, 21.158379212980737], [85.36223021040071, 21.15846904450915], [85.3621403788723, 21.15846904450915], [85.3621403788723, 21.158379212980737], [85.36205054734388, 21.158379212980737], [85.36205054734388, 21.15891820215121], [85.3621403788723, 21.15891820215121], [85.3621403788723, 21.159097865208032], [85.36240987345754, 21.159097865208032], [85.36240987345754, 21.159008033679623], [85.36258953651436, 21.159008033679623], [85.36258953651436, 21.15891820215121], [85.36267936804278, 21.15891820215121], [85.36267936804278, 21.158738539094387], [85.36276919957118, 21.158738539094387], [85.36276919957118, 21.158379212980737]], [[85.36258953651436, 21.158199549923914], [85.36249970498595, 21.158199549923914], [85.36249970498595, 21.158289381452324], [85.36258953651436, 21.158289381452324], [85.36258953651436, 21.158199549923914]], [[85.36267936804278, 21.15801988686709], [85.36258953651436, 21.15801988686709], [85.36258953651436, 21.158199549923914], [85.36267936804278, 21.158199549923914], [85.36267936804278, 21.15801988686709]], [[85.36321835721324, 21.15801988686709], [85.36276919957118, 21.15801988686709], [85.36276919957118, 21.158379212980737], [85.36321835721324, 21.158379212980737], [85.36321835721324, 21.15801988686709]], [[85.36276919957118, 21.15712157158297], [85.36267936804278, 21.15712157158297], [85.36267936804278, 21.157301234639792], [85.36276919957118, 21.157301234639792], [85.36276919957118, 21.15712157158297]], [[85.3635776833269, 21.156762245469324], [85.36348785179848, 21.156762245469324], [85.36348785179848, 21.15712157158297], [85.3635776833269, 21.15712157158297], [85.3635776833269, 21.156762245469324]], [[85.36546414542354, 21.156582582412497], [85.36510481930989, 21.156582582412497], [85.36510481930989, 21.156762245469324], [85.36492515625307, 21.156762245469324], [85.36492515625307, 21.156941908526147], [85.36501498778148, 21.156941908526147], [85.36501498778148, 21.156852076997733], [85.36510481930989, 21.156852076997733], [85.36510481930989, 21.157211403111383], [85.3651946508383, 21.157211403111383], [85.3651946508383, 21.157301234639792], [85.36528448236672, 21.157301234639792], [85.36528448236672, 21.15748089769662], [85.36537431389513, 21.15748089769662], [85.36537431389513, 21.157391066168206], [85.36546414542354, 21.157391066168206], [85.36546414542354, 21.157660560753442], [85.36555397695196, 21.157660560753442], [85.36555397695196, 21.157750392281855], [85.36573364000877, 21.157750392281855], [85.36573364000877, 21.157840223810265], [85.3659133030656, 21.157840223810265], [85.3659133030656, 21.157930055338678], [85.36600313459401, 21.157930055338678], [85.36600313459401, 21.15801988686709], [85.36618279765084, 21.15801988686709], [85.36618279765084, 21.1581097183955], [85.36627262917925, 21.1581097183955], [85.36627262917925, 21.158828370622796], [85.36618279765084, 21.158828370622796], [85.36618279765084, 21.15891820215121], [85.36609296612242, 21.15891820215121], [85.36609296612242, 21.159277528264855], [85.36618279765084, 21.159277528264855], [85.36618279765084, 21.15936735979327], [85.36627262917925, 21.15936735979327], [85.36627262917925, 21.159457191321682], [85.36645229223608, 21.159457191321682], [85.36645229223608, 21.159636854378505], [85.3666319552929, 21.159636854378505], [85.3666319552929, 21.159816517435328], [85.36681161834971, 21.159816517435328], [85.36681161834971, 21.159996180492154], [85.36699128140654, 21.159996180492154], [85.36699128140654, 21.160175843548977], [85.36717094446337, 21.160175843548977], [85.36717094446337, 21.160535169662623], [85.3673506075202, 21.160535169662623], [85.3673506075202, 21.16071483271945], [85.36753027057702, 21.16071483271945], [85.36753027057702, 21.16080466424786], [85.36762010210543, 21.16080466424786], [85.36762010210543, 21.16071483271945], [85.36797942821907, 21.16071483271945], [85.36797942821907, 21.1603555066058], [85.3681590912759, 21.1603555066058], [85.3681590912759, 21.160535169662623], [85.36833875433273, 21.160535169662623], [85.36833875433273, 21.160894495776272], [85.36869808044636, 21.160894495776272], [85.36869808044636, 21.160984327304686], [85.3689675750316, 21.160984327304686], [85.3689675750316, 21.159996180492154], [85.36914723808843, 21.159996180492154], [85.36914723808843, 21.159636854378505], [85.3689675750316, 21.159636854378505], [85.3689675750316, 21.159457191321682], [85.36878791197478, 21.159457191321682], [85.36878791197478, 21.15954702285009], [85.36869808044636, 21.15954702285009], [85.36869808044636, 21.159636854378505], [85.36833875433273, 21.159636854378505], [85.36833875433273, 21.159996180492154], [85.3681590912759, 21.159996180492154], [85.3681590912759, 21.160175843548977], [85.36779976516225, 21.160175843548977], [85.36779976516225, 21.160086012020564], [85.36770993363383, 21.160086012020564], [85.36770993363383, 21.159996180492154], [85.36762010210543, 21.159996180492154], [85.36762010210543, 21.159816517435328], [85.36744043904861, 21.159816517435328], [85.36744043904861, 21.159636854378505], [85.36717094446337, 21.159636854378505], [85.36717094446337, 21.159457191321682], [85.36699128140654, 21.159457191321682], [85.36699128140654, 21.159187696736446], [85.36690144987813, 21.159187696736446], [85.36690144987813, 21.159097865208032], [85.36681161834971, 21.159097865208032], [85.36681161834971, 21.15891820215121], [85.3666319552929, 21.15891820215121], [85.3666319552929, 21.158738539094387], [85.36681161834971, 21.158738539094387], [85.36681161834971, 21.15855887603756], [85.36690144987813, 21.15855887603756], [85.36690144987813, 21.15846904450915], [85.36681161834971, 21.15846904450915], [85.36681161834971, 21.158199549923914], [85.3666319552929, 21.158199549923914], [85.3666319552929, 21.15801988686709], [85.36645229223608, 21.15801988686709], [85.36645229223608, 21.157750392281855], [85.36627262917925, 21.157750392281855], [85.36627262917925, 21.157660560753442], [85.3659133030656, 21.157660560753442], [85.3659133030656, 21.15748089769662], [85.36573364000877, 21.15748089769662], [85.36573364000877, 21.157211403111383], [85.36564380848037, 21.157211403111383], [85.36564380848037, 21.15703174005456], [85.36546414542354, 21.15703174005456], [85.36546414542354, 21.156941908526147], [85.36573364000877, 21.156941908526147], [85.36573364000877, 21.156852076997733], [85.36564380848037, 21.156852076997733], [85.36564380848037, 21.156762245469324], [85.36546414542354, 21.156762245469324], [85.36546414542354, 21.156582582412497]], [[85.36456583013943, 21.15568426712838], [85.36447599861101, 21.15568426712838], [85.36447599861101, 21.155953761713615], [85.3643861670826, 21.155953761713615], [85.3643861670826, 21.156043593242025], [85.36456583013943, 21.156043593242025], [85.36456583013943, 21.15568426712838]], [[85.36744043904861, 21.15568426712838], [85.36726077599178, 21.15568426712838], [85.36726077599178, 21.155774098656792], [85.36744043904861, 21.155774098656792], [85.36744043904861, 21.15568426712838]], [[85.36573364000877, 21.153977468088552], [85.36564380848037, 21.153977468088552], [85.36564380848037, 21.154067299616962], [85.36573364000877, 21.154067299616962], [85.36573364000877, 21.153977468088552]], [[85.36555397695196, 21.15388763656014], [85.36537431389513, 21.15388763656014], [85.36537431389513, 21.153977468088552], [85.36546414542354, 21.153977468088552], [85.36546414542354, 21.154067299616962], [85.36555397695196, 21.154067299616962], [85.36555397695196, 21.15388763656014]], [[85.36537431389513, 21.15379780503173], [85.36528448236672, 21.15379780503173], [85.36528448236672, 21.15388763656014], [85.36537431389513, 21.15388763656014], [85.36537431389513, 21.15379780503173]], [[85.36492515625307, 21.153707973503316], [85.36456583013943, 21.153707973503316], [85.36456583013943, 21.15379780503173], [85.36465566166784, 21.15379780503173], [85.36465566166784, 21.154067299616962], [85.36483532472465, 21.154067299616962], [85.36483532472465, 21.153977468088552], [85.36492515625307, 21.153977468088552], [85.36492515625307, 21.153707973503316]]]}, "id": "+47+140", "properties": {"area_ha": 57.179336837166574, "centroid_lat": 21.15847570872726, "centroid_lon": 85.3652926863192, "cluster_id": 1, "n_pixels": 5718, "perim_m": 14275.30410607354, "profile_A00_p50": 0.05322490089061294, "profile_A01_p50": -0.06588960226698776, "profile_A02_p50": 0.1529994411706668, "profile_A03_p50": 0.004396723212956731, "profile_A04_p50": -0.05832658226689369, "profile_A05_p50": 0.015158496882656702, "profile_A06_p50": -0.058113267185035455, "profile_A07_p50": 0.11962914339116627, "profile_A08_p50": -0.09326266198422985, "profile_A09_p50": 0.08838273719580549, "profile_A10_p50": 0.0927738549931394, "profile_A11_p50": 0.07960371607931654, "profile_A12_p50": -0.3249897319335717, "profile_A13_p50": 0.0044190217192075195, "profile_A14_p50": 0.017099823624685245, "profile_A15_p50": 0.1264737837743902, "profile_A16_p50": -0.06398815698604657, "profile_A17_p50": 0.06009021031571071, "profile_A18_p50": -0.08835826261434147, "profile_A19_p50": -0.020495413132786598, "profile_A20_p50": -0.3432207421649957, "profile_A21_p50": 0.3462977910933563, "profile_A22_p50": 0.21781800919039349, "profile_A23_p50": 0.002466081314448473, "profile_A24_p50": 0.044423011605003684, "profile_A25_p50": 0.07520972980020879, "profile_A26_p50": 0.10986634887067584, "profile_A27_p50": -0.02199335255392581, "profile_A28_p50": -0.042509549344215, "profile_A29_p50": 0.20140214272110038, "profile_A30_p50": 0.055171624942798744, "profile_A31_p50": 0.05227177289072206, "profile_A32_p50": 0.000957316000058114, "profile_A33_p50": 0.009267088127341096, "profile_A34_p50": 0.06397362739951426, "profile_A35_p50": 0.012661068372644, "profile_A36_p50": -0.15279506865085354, "profile_A37_p50": 0.03807606339089456, "profile_A38_p50": 0.15669696681405246, "profile_A39_p50": -0.0595711700946848, "profile_A40_p50": 0.08346119692206716, "profile_A41_p50": 0.08642988587394283, "profile_A42_p50": -0.15870285279429833, "profile_A43_p50": 0.33118419251225517, "profile_A44_p50": 0.05520752142849134, "profile_A45_p50": 0.0532128036651257, "profile_A46_p50": -0.01712322146126869, "profile_A47_p50": 0.02200723127549733, "profile_A48_p50": -0.11667718980753906, "profile_A49_p50": 0.08543167339345949, "profile_A50_p50": -0.046326086499873464, "profile_A51_p50": 0.03856258647140974, "profile_A52_p50": -0.022948844816816024, "profile_A53_p50": -0.06591446047458382, "profile_A54_p50": 0.19317842710817879, "profile_A55_p50": -0.11961082210177881, "profile_A56_p50": -0.0014382150342833156, "profile_A57_p50": -0.04930843751849643, "profile_A58_p50": -0.13624692489672033, "profile_A59_p50": -0.16067235778065347, "profile_A60_p50": -0.024889585453966214, "profile_A61_p50": -0.04440479733645213, "profile_A62_p50": 0.04593597650644479, "profile_A63_p50": 0.08937991613072041, "unit_id": 7}}, {"type": "Feature", "geometry": {"type": "Polygon", "coordinates": [[[85.3696862272589, 21.15622325629885], [85.36986589031572, 21.15622325629885], [85.36986589031572, 21.156582582412497], [85.36977605878731, 21.156582582412497], [85.36977605878731, 21.156402919355674], [85.3696862272589, 21.156402919355674], [85.3696862272589, 21.15622325629885]]]}, "id": "+106+92", "properties": {"area_ha": 0.05583089953448427, "centroid_lat": 21.156372976555637, "centroid_lon": 85.36979103113859, "cluster_id": 1, "n_pixels": 6, "perim_m": 116.88861800970275, "profile_A00_p50": 0.05322490089061294, "profile_A01_p50": -0.06588960226698776, "profile_A02_p50": 0.1529994411706668, "profile_A03_p50": 0.004396723212956731, "profile_A04_p50": -0.05832658226689369, "profile_A05_p50": 0.015158496882656702, "profile_A06_p50": -0.058113267185035455, "profile_A07_p50": 0.11962914339116627, "profile_A08_p50": -0.09326266198422985, "profile_A09_p50": 0.08838273719580549, "profile_A10_p50": 0.0927738549931394, "profile_A11_p50": 0.07960371607931654, "profile_A12_p50": -0.3249897319335717, "profile_A13_p50": 0.0044190217192075195, "profile_A14_p50": 0.017099823624685245, "profile_A15_p50": 0.1264737837743902, "profile_A16_p50": -0.06398815698604657, "profile_A17_p50": 0.06009021031571071, "profile_A18_p50": -0.08835826261434147, "profile_A19_p50": -0.020495413132786598, "profile_A20_p50": -0.3432207421649957, "profile_A21_p50": 0.3462977910933563, "profile_A22_p50": 0.21781800919039349, "profile_A23_p50": 0.002466081314448473, "profile_A24_p50": 0.044423011605003684, "profile_A25_p50": 0.07520972980020879, "profile_A26_p50": 0.10986634887067584, "profile_A27_p50": -0.02199335255392581, "profile_A28_p50": -0.042509549344215, "profile_A29_p50": 0.20140214272110038, "profile_A30_p50": 0.055171624942798744, "profile_A31_p50": 0.05227177289072206, "profile_A32_p50": 0.000957316000058114, "profile_A33_p50": 0.009267088127341096, "profile_A34_p50": 0.06397362739951426, "profile_A35_p50": 0.012661068372644, "profile_A36_p50": -0.15279506865085354, "profile_A37_p50": 0.03807606339089456, "profile_A38_p50": 0.15669696681405246, "profile_A39_p50": -0.0595711700946848, "profile_A40_p50": 0.08346119692206716, "profile_A41_p50": 0.08642988587394283, "profile_A42_p50": -0.15870285279429833, "profile_A43_p50": 0.33118419251225517, "profile_A44_p50": 0.05520752142849134, "profile_A45_p50": 0.0532128036651257, "profile_A46_p50": -0.01712322146126869, "profile_A47_p50": 0.02200723127549733, "profile_A48_p50": -0.11667718980753906, "profile_A49_p50": 0.08543167339345949, "profile_A50_p50": -0.046326086499873464, "profile_A51_p50": 0.03856258647140974, "profile_A52_p50": -0.022948844816816024, "profile_A53_p50": -0.06591446047458382, "profile_A54_p50": 0.19317842710817879, "profile_A55_p50": -0.11961082210177881, "profile_A56_p50": -0.0014382150342833156, "profile_A57_p50": -0.04930843751849643, "profile_A58_p50": -0.13624692489672033, "profile_A59_p50": -0.16067235778065347, "profile_A60_p50": -0.024889585453966214, "profile_A61_p50": -0.04440479733645213, "profile_A62_p50": 0.04593597650644479, "profile_A63_p50": 0.08937991613072041, "unit_id": 8}}, {"type": "Feature", "geometry": {"type": "Polygon", "coordinates": [[[85.36977605878731, 21.155504604071556], [85.36986589031572, 21.155504604071556], [85.36986589031572, 21.155863930185202], [85.36995572184414, 21.155863930185202], [85.36995572184414, 21.156043593242025], [85.36986589031572, 21.156043593242025], [85.36986589031572, 21.156133424770438], [85.36977605878731, 21.156133424770438], [85.36977605878731, 21.155504604071556]]]}, "id": "+106+100", "properties": {"area_ha": 0.08374664939475025, "centroid_lat": 21.155848958122558, "centroid_lon": 85.36984093677607, "cluster_id": 1, "n_pixels": 8, "perim_m": 176.56500174038058, "profile_A00_p50": 0.05322490089061294, "profile_A01_p50": -0.06588960226698776, "profile_A02_p50": 0.1529994411706668, "profile_A03_p50": 0.004396723212956731, "profile_A04_p50": -0.05832658226689369, "profile_A05_p50": 0.015158496882656702, "profile_A06_p50": -0.058113267185035455, "profile_A07_p50": 0.11962914339116627, "profile_A08_p50": -0.09326266198422985, "profile_A09_p50": 0.08838273719580549, "profile_A10_p50": 0.0927738549931394, "profile_A11_p50": 0.07960371607931654, "profile_A12_p50": -0.3249897319335717, "profile_A13_p50": 0.0044190217192075195, "profile_A14_p50": 0.017099823624685245, "profile_A15_p50": 0.1264737837743902, "profile_A16_p50": -0.06398815698604657, "profile_A17_p50": 0.06009021031571071, "profile_A18_p50": -0.08835826261434147, "profile_A19_p50": -0.020495413132786598, "profile_A20_p50": -0.3432207421649957, "profile_A21_p50": 0.3462977910933563, "profile_A22_p50": 0.21781800919039349, "profile_A23_p50": 0.002466081314448473, "profile_A24_p50": 0.044423011605003684, "profile_A25_p50": 0.07520972980020879, "profile_A26_p50": 0.10986634887067584, "profile_A27_p50": -0.02199335255392581, "profile_A28_p50": -0.042509549344215, "profile_A29_p50": 0.20140214272110038, "profile_A30_p50": 0.055171624942798744, "profile_A31_p50": 0.05227177289072206, "profile_A32_p50": 0.000957316000058114, "profile_A33_p50": 0.009267088127341096, "profile_A34_p50": 0.06397362739951426, "profile_A35_p50": 0.012661068372644, "profile_A36_p50": -0.15279506865085354, "profile_A37_p50": 0.03807606339089456, "profile_A38_p50": 0.15669696681405246, "profile_A39_p50": -0.0595711700946848, "profile_A40_p50": 0.08346119692206716, "profile_A41_p50": 0.08642988587394283, "profile_A42_p50": -0.15870285279429833, "profile_A43_p50": 0.33118419251225517, "profile_A44_p50": 0.05520752142849134, "profile_A45_p50": 0.0532128036651257, "profile_A46_p50": -0.01712322146126869, "profile_A47_p50": 0.02200723127549733, "profile_A48_p50": -0.11667718980753906, "profile_A49_p50": 0.08543167339345949, "profile_A50_p50": -0.046326086499873464, "profile_A51_p50": 0.03856258647140974, "profile_A52_p50": -0.022948844816816024, "profile_A53_p50": -0.06591446047458382, "profile_A54_p50": 0.19317842710817879, "profile_A55_p50": -0.11961082210177881, "profile_A56_p50": -0.0014382150342833156, "profile_A57_p50": -0.04930843751849643, "profile_A58_p50": -0.13624692489672033, "profile_A59_p50": -0.16067235778065347, "profile_A60_p50": -0.024889585453966214, "profile_A61_p50": -0.04440479733645213, "profile_A62_p50": 0.04593597650644479, "profile_A63_p50": 0.08937991613072041, "unit_id": 9}}, {"type": "Feature", "geometry": {"type": "Polygon", "coordinates": [[[85.36779976516225, 21.15442662573061], [85.36806925974749, 21.15442662573061], [85.36806925974749, 21.154516457259025], [85.36779976516225, 21.154516457259025], [85.36779976516225, 21.154606288787434], [85.36770993363383, 21.154606288787434], [85.36770993363383, 21.154516457259025], [85.36779976516225, 21.154516457259025], [85.36779976516225, 21.15442662573061]]]}, "id": "+86+112", "properties": {"area_ha": 0.037221073688458194, "centroid_lat": 21.154494000139028, "centroid_lon": 85.36788959647811, "cluster_id": 1, "n_pixels": 4, "perim_m": 114.4256109214254, "profile_A00_p50": 0.05322490089061294, "profile_A01_p50": -0.06588960226698776, "profile_A02_p50": 0.1529994411706668, "profile_A03_p50": 0.004396723212956731, "profile_A04_p50": -0.05832658226689369, "profile_A05_p50": 0.015158496882656702, "profile_A06_p50": -0.058113267185035455, "profile_A07_p50": 0.11962914339116627, "profile_A08_p50": -0.09326266198422985, "profile_A09_p50": 0.08838273719580549, "profile_A10_p50": 0.0927738549931394, "profile_A11_p50": 0.07960371607931654, "profile_A12_p50": -0.3249897319335717, "profile_A13_p50": 0.0044190217192075195, "profile_A14_p50": 0.017099823624685245, "profile_A15_p50": 0.1264737837743902, "profile_A16_p50": -0.06398815698604657, "profile_A17_p50": 0.06009021031571071, "profile_A18_p50": -0.08835826261434147, "profile_A19_p50": -0.020495413132786598, "profile_A20_p50": -0.3432207421649957, "profile_A21_p50": 0.3462977910933563, "profile_A22_p50": 0.21781800919039349, "profile_A23_p50": 0.002466081314448473, "profile_A24_p50": 0.044423011605003684, "profile_A25_p50": 0.07520972980020879, "profile_A26_p50": 0.10986634887067584, "profile_A27_p50": -0.02199335255392581, "profile_A28_p50": -0.042509549344215, "profile_A29_p50": 0.20140214272110038, "profile_A30_p50": 0.055171624942798744, "profile_A31_p50": 0.05227177289072206, "profile_A32_p50": 0.000957316000058114, "profile_A33_p50": 0.009267088127341096, "profile_A34_p50": 0.06397362739951426, "profile_A35_p50": 0.012661068372644, "profile_A36_p50": -0.15279506865085354, "profile_A37_p50": 0.03807606339089456, "profile_A38_p50": 0.15669696681405246, "profile_A39_p50": -0.0595711700946848, "profile_A40_p50": 0.08346119692206716, "profile_A41_p50": 0.08642988587394283, "profile_A42_p50": -0.15870285279429833, "profile_A43_p50": 0.33118419251225517, "profile_A44_p50": 0.05520752142849134, "profile_A45_p50": 0.0532128036651257, "profile_A46_p50": -0.01712322146126869, "profile_A47_p50": 0.02200723127549733, "profile_A48_p50": -0.11667718980753906, "profile_A49_p50": 0.08543167339345949, "profile_A50_p50": -0.046326086499873464, "profile_A51_p50": 0.03856258647140974, "profile_A52_p50": -0.022948844816816024, "profile_A53_p50": -0.06591446047458382, "profile_A54_p50": 0.19317842710817879, "profile_A55_p50": -0.11961082210177881, "profile_A56_p50": -0.0014382150342833156, "profile_A57_p50": -0.04930843751849643, "profile_A58_p50": -0.13624692489672033, "profile_A59_p50": -0.16067235778065347, "profile_A60_p50": -0.024889585453966214, "profile_A61_p50": -0.04440479733645213, "profile_A62_p50": 0.04593597650644479, "profile_A63_p50": 0.08937991613072041, "unit_id": 10}}, {"type": "Feature", "geometry": {"type": "Polygon", "coordinates": [[[85.36366751485531, 21.152180837520312], [85.36402684096895, 21.152180837520312], [85.36402684096895, 21.152899489747607], [85.36411667249736, 21.152899489747607], [85.36411667249736, 21.15298932127602], [85.36420650402577, 21.15298932127602], [85.36420650402577, 21.153168984332844], [85.3643861670826, 21.153168984332844], [85.3643861670826, 21.153707973503316], [85.36420650402577, 21.153707973503316], [85.36420650402577, 21.15388763656014], [85.36429633555419, 21.15388763656014], [85.36429633555419, 21.153977468088552], [85.3643861670826, 21.153977468088552], [85.3643861670826, 21.15424696267379], [85.36447599861101, 21.15424696267379], [85.36447599861101, 21.15442662573061], [85.3643861670826, 21.15442662573061], [85.3643861670826, 21.15478595184426], [85.36429633555419, 21.15478595184426], [85.36429633555419, 21.15532494101473], [85.36420650402577, 21.15532494101473], [85.36420650402577, 21.155504604071556], [85.36411667249736, 21.155504604071556], [85.36411667249736, 21.155594435599966], [85.36393700944053, 21.155594435599966], [85.36393700944053, 21.15568426712838], [85.36375734638371, 21.15568426712838], [85.36375734638371, 21.155863930185202], [85.36366751485531, 21.155863930185202], [85.36366751485531, 21.155774098656792], [85.3635776833269, 21.155774098656792], [85.3635776833269, 21.15568426712838], [85.36339802027007, 21.15568426712838], [85.36339802027007, 21.156043593242025], [85.36348785179848, 21.156043593242025], [85.36348785179848, 21.15622325629885], [85.36339802027007, 21.15622325629885], [85.36339802027007, 21.156492750884087], [85.36321835721324, 21.156492750884087], [85.36321835721324, 21.155774098656792], [85.36312852568483, 21.155774098656792], [85.36312852568483, 21.15568426712838], [85.36258953651436, 21.15568426712838], [85.36258953651436, 21.155863930185202], [85.36249970498595, 21.155863930185202], [85.36249970498595, 21.155953761713615], [85.36240987345754, 21.155953761713615], [85.36240987345754, 21.156043593242025], [85.36223021040071, 21.156043593242025], [85.36223021040071, 21.156402919355674], [85.36196071581547, 21.156402919355674], [85.36196071581547, 21.15631308782726], [85.36187088428706, 21.15631308782726], [85.36187088428706, 21.156492750884087], [85.36169122123025, 21.156492750884087], [85.36169122123025, 21.15667241394091], [85.361421726645, 21.15667241394091], [85.361421726645, 21.156492750884087], [85.36151155817342, 21.156492750884087], [85.36151155817342, 21.15622325629885], [85.36160138970183, 21.15622325629885], [85.36160138970183, 21.156043593242025], [85.36169122123025, 21.156043593242025], [85.36169122123025, 21.155774098656792], [85.36178105275864, 21.155774098656792], [85.36178105275864, 21.155504604071556], [85.36187088428706, 21.155504604071556], [85.36187088428706, 21.15523510948632], [85.36196071581547, 21.15523510948632], [85.36196071581547, 21.154965614901084], [85.36205054734388, 21.154965614901084], [85.36205054734388, 21.154696120315847], [85.3621403788723, 21.154696120315847], [85.3621403788723, 21.154516457259025], [85.36223021040071, 21.154516457259025], [85.36223021040071, 21.15424696267379], [85.36232004192912, 21.15424696267379], [85.36232004192912, 21.153977468088552], [85.36240987345754, 21.153977468088552], [85.36240987345754, 21.153707973503316], [85.36249970498595, 21.153707973503316], [85.36249970498595, 21.153528310446493], [85.36258953651436, 21.153528310446493], [85.36258953651436, 21.153348647389667], [85.36267936804278, 21.153348647389667], [85.36267936804278, 21.153168984332844], [85.36276919957118, 21.153168984332844], [85.36276919957118, 21.15298932127602], [85.36285903109959, 21.15298932127602], [85.36285903109959, 21.152899489747607], [85.362948862628, 21.152899489747607], [85.362948862628, 21.152809658219198], [85.36303869415642, 21.152809658219198], [85.36303869415642, 21.152719826690785], [85.36312852568483, 21.152719826690785], [85.36312852568483, 21.15262999516237], [85.36321835721324, 21.15262999516237], [85.36321835721324, 21.15254016363396], [85.36366751485531, 21.15254016363396], [85.36366751485531, 21.152180837520312]]]}, "id": "+41+137", "properties": {"area_ha": 8.002531878189394, "centroid_lat": 21.154474983025285, "centroid_lon": 85.3631798176932, "cluster_id": 0, "n_pixels": 800, "perim_m": 1923.7415232849125, "profile_A00_p50": 0.0649371420336406, "profile_A01_p50": -0.11083470436988313, "profile_A02_p50": 0.14346318026817326, "profile_A03_p50": 0.017083394032160377, "profile_A04_p50": -0.04637003445213128, "profile_A05_p50": -0.008794838739899412, "profile_A06_p50": -0.0697901490985032, "profile_A07_p50": 0.14752746069232994, "profile_A08_p50": -0.09809832530559248, "profile_A09_p50": 0.07865185688890315, "profile_A10_p50": 0.09278434321793148, "profile_A11_p50": 0.06399534700652354, "profile_A12_p50": -0.33706718023658716, "profile_A13_p50": 0.01611334574977108, "profile_A14_p50": -0.02196162797008433, "profile_A15_p50": 0.09865446239857459, "profile_A16_p50": -0.05517367445062648, "profile_A17_p50": 0.020527785675845137, "profile_A18_p50": -0.09320158952852851, "profile_A19_p50": 0.020520659200231755, "profile_A20_p50": -0.27787778199771523, "profile_A21_p50": 0.32710390879651796, "profile_A22_p50": 0.2647713197795599, "profile_A23_p50": -0.05124733800254931, "profile_A24_p50": 0.04592356057259676, "profile_A25_p50": 0.07127039448964882, "profile_A26_p50": 0.11083555905543434, "profile_A27_p50": -0.00047438936866183194, "profile_A28_p50": -0.054212923916086175, "profile_A29_p50": 0.19997662502461896, "profile_A30_p50": 0.06685909016728205, "profile_A31_p50": 0.04931597988423994, "profile_A32_p50": 0.0009931171883571953, "profile_A33_p50": -0.02295085841310662, "profile_A34_p50": 0.04590102399843765, "profile_A35_p50": -0.01855274223737954, "profile_A36_p50": -0.1805969336689741, "profile_A37_p50": 0.038133652209125644, "profile_A38_p50": 0.16465066993068045, "profile_A39_p50": -0.11432195461265213, "profile_A40_p50": 0.05424624345228753, "profile_A41_p50": 0.04933324400612502, "profile_A42_p50": -0.1470229052963256, "profile_A43_p50": 0.36170676065249535, "profile_A44_p50": 0.04735946919384751, "profile_A45_p50": 0.053694415358164035, "profile_A46_p50": -0.020978501530891636, "profile_A47_p50": 0.053738594365539405, "profile_A48_p50": -0.1098768476153089, "profile_A49_p50": 0.05952449153421575, "profile_A50_p50": -0.06982160993676202, "profile_A51_p50": 0.010225107035864925, "profile_A52_p50": -0.01613335808612833, "profile_A53_p50": -0.051767402203102525, "profile_A54_p50": 0.19289055487643264, "profile_A55_p50": -0.12261130834785652, "profile_A56_p50": -0.03467205053136565, "profile_A57_p50": -0.03366955729954787, "profile_A58_p50": -0.10597195248497535, "profile_A59_p50": -0.13033228323719942, "profile_A60_p50": 0.02200174954063654, "profile_A61_p50": -0.0717687835809173, "profile_A62_p50": 0.04784828368557889, "profile_A63_p50": 0.07373148958241554, "unit_id": 11}}, {"type": "Feature", "geometry": {"type": "Polygon", "coordinates": [[[85.36753027057702, 21.15424696267379], [85.36762010210543, 21.15424696267379], [85.36762010210543, 21.154336794202198], [85.36770993363383, 21.154336794202198], [85.36770993363383, 21.15442662573061], [85.36762010210543, 21.15442662573061], [85.36762010210543, 21.154516457259025], [85.36744043904861, 21.154516457259025], [85.36744043904861, 21.154336794202198], [85.36753027057702, 21.154336794202198], [85.36753027057702, 21.15424696267379]]]}, "id": "+81+114", "properties": {"area_ha": 0.05583164968053025, "centroid_lat": 21.15439668382957, "centroid_lon": 85.36756021552239, "cluster_id": 1, "n_pixels": 6, "perim_m": 115.65737472481818, "profile_A00_p50": 0.05322490089061294, "profile_A01_p50": -0.06588960226698776, "profile_A02_p50": 0.1529994411706668, "profile_A03_p50": 0.004396723212956731, "profile_A04_p50": -0.05832658226689369, "profile_A05_p50": 0.015158496882656702, "profile_A06_p50": -0.058113267185035455, "profile_A07_p50": 0.11962914339116627, "profile_A08_p50": -0.09326266198422985, "profile_A09_p50": 0.08838273719580549, "profile_A10_p50": 0.0927738549931394, "profile_A11_p50": 0.07960371607931654, "profile_A12_p50": -0.3249897319335717, "profile_A13_p50": 0.0044190217192075195, "profile_A14_p50": 0.017099823624685245, "profile_A15_p50": 0.1264737837743902, "profile_A16_p50": -0.06398815698604657, "profile_A17_p50": 0.06009021031571071, "profile_A18_p50": -0.08835826261434147, "profile_A19_p50": -0.020495413132786598, "profile_A20_p50": -0.3432207421649957, "profile_A21_p50": 0.3462977910933563, "profile_A22_p50": 0.21781800919039349, "profile_A23_p50": 0.002466081314448473, "profile_A24_p50": 0.044423011605003684, "profile_A25_p50": 0.07520972980020879, "profile_A26_p50": 0.10986634887067584, "profile_A27_p50": -0.02199335255392581, "profile_A28_p50": -0.042509549344215, "profile_A29_p50": 0.20140214272110038, "profile_A30_p50": 0.055171624942798744, "profile_A31_p50": 0.05227177289072206, "profile_A32_p50": 0.000957316000058114, "profile_A33_p50": 0.009267088127341096, "profile_A34_p50": 0.06397362739951426, "profile_A35_p50": 0.012661068372644, "profile_A36_p50": -0.15279506865085354, "profile_A37_p50": 0.03807606339089456, "profile_A38_p50": 0.15669696681405246, "profile_A39_p50": -0.0595711700946848, "profile_A40_p50": 0.08346119692206716, "profile_A41_p50": 0.08642988587394283, "profile_A42_p50": -0.15870285279429833, "profile_A43_p50": 0.33118419251225517, "profile_A44_p50": 0.05520752142849134, "profile_A45_p50": 0.0532128036651257, "profile_A46_p50": -0.01712322146126869, "profile_A47_p50": 0.02200723127549733, "profile_A48_p50": -0.11667718980753906, "profile_A49_p50": 0.08543167339345949, "profile_A50_p50": -0.046326086499873464, "profile_A51_p50": 0.03856258647140974, "profile_A52_p50": -0.022948844816816024, "profile_A53_p50": -0.06591446047458382, "profile_A54_p50": 0.19317842710817879, "profile_A55_p50": -0.11961082210177881, "profile_A56_p50": -0.0014382150342833156, "profile_A57_p50": -0.04930843751849643, "profile_A58_p50": -0.13624692489672033, "profile_A59_p50": -0.16067235778065347, "profile_A60_p50": -0.024889585453966214, "profile_A61_p50": -0.04440479733645213, "profile_A62_p50": 0.04593597650644479, "profile_A63_p50": 0.08937991613072041, "unit_id": 12}}, {"type": "Feature", "geometry": {"type": "Polygon", "coordinates": [[[85.5628240133446, 21.112834628075877], [85.56291384487301, 21.112834628075877], [85.56291384487301, 21.1130142911327], [85.56318333945825, 21.1130142911327], [85.56318333945825, 21.113104122661113], [85.56327317098666, 21.113104122661113], [85.56327317098666, 21.113193954189526], [85.56318333945825, 21.113193954189526], [85.56318333945825, 21.113104122661113], [85.5628240133446, 21.113104122661113], [85.5628240133446, 21.112834628075877]]]}, "id": "+2255+575", "properties": {"area_ha": 0.06515511580379503, "centroid_lat": 21.113033542117275, "centroid_lon": 85.56299725865549, "cluster_id": 3, "n_pixels": 7, "perim_m": 172.8956855745749, "profile_A00_p50": 0.011235239387247112, "profile_A01_p50": -0.0944170190952198, "profile_A02_p50": 0.15850057670126871, "profile_A03_p50": 0.003564437970167429, "profile_A04_p50": -0.07205670402902237, "profile_A05_p50": 0.03257106241189286, "profile_A06_p50": -0.07272943763834964, "profile_A07_p50": 0.10985119683312686, "profile_A08_p50": -0.08651845985622647, "profile_A09_p50": 0.0600430883561467, "profile_A10_p50": 0.11400921607631402, "profile_A11_p50": 0.0111920030757401, "profile_A12_p50": -0.3221313230657005, "profile_A13_p50": 0.019024102708091968, "profile_A14_p50": -0.0053916421760631964, "profile_A15_p50": 0.11957411150282209, "profile_A16_p50": -0.07479604942143117, "profile_A17_p50": 0.03803665256952454, "profile_A18_p50": -0.1256803354945045, "profile_A19_p50": -0.01656259063652981, "profile_A20_p50": -0.2722795908059495, "profile_A21_p50": 0.3556452512654423, "profile_A22_p50": 0.17115688105307483, "profile_A23_p50": -0.019990446564841027, "profile_A24_p50": 0.04197593000361166, "profile_A25_p50": 0.09420353859861756, "profile_A26_p50": 0.10178905549147761, "profile_A27_p50": -0.03082037911668791, "profile_A28_p50": -0.0756967453399347, "profile_A29_p50": 0.1908586644815521, "profile_A30_p50": 0.08309282754496135, "profile_A31_p50": 0.06689427143406382, "profile_A32_p50": -0.05181669045714686, "profile_A33_p50": -0.016104732755643374, "profile_A34_p50": 0.049864714440127626, "profile_A35_p50": 0.018629112259767138, "profile_A36_p50": -0.21195628055143625, "profile_A37_p50": 0.09047097270280662, "profile_A38_p50": 0.17544807340384294, "profile_A39_p50": -0.059400418326222906, "profile_A40_p50": 0.08742905150440715, "profile_A41_p50": 0.05032945124855639, "profile_A42_p50": -0.15373454599345476, "profile_A43_p50": 0.3164389764620445, "profile_A44_p50": 0.032788414712290145, "profile_A45_p50": 0.06788945230226325, "profile_A46_p50": 0.012293733179546327, "profile_A47_p50": 0.0634588854602597, "profile_A48_p50": -0.11581008419281325, "profile_A49_p50": 0.036267982797314094, "profile_A50_p50": -0.012156496585562329, "profile_A51_p50": 0.07320562343524893, "profile_A52_p50": -0.014181711833384267, "profile_A53_p50": -0.03801164060014577, "profile_A54_p50": 0.19885668933227743, "profile_A55_p50": -0.09414380413701337, "profile_A56_p50": -0.020010342445014827, "profile_A57_p50": -0.02485003959024507, "profile_A58_p50": -0.10019566862430729, "profile_A59_p50": -0.12456524525126902, "profile_A60_p50": -0.01524541842880943, "profile_A61_p50": -0.04454317190444322, "profile_A62_p50": 0.0748096885813149, "profile_A63_p50": 0.08887335484798001, "unit_id": 13}}, {"type": "Feature", "geometry": {"type": "Polygon", "coordinates": [[[85.56390199168554, 21.111307492092873], [85.56417148627078, 21.111307492092873], [85.56417148627078, 21.111666818206523], [85.5643511493276, 21.111666818206523], [85.5643511493276, 21.11193631279176], [85.56453081238443, 21.11193631279176], [85.56453081238443, 21.11202614432017], [85.5642613177992, 21.11202614432017], [85.5642613177992, 21.112205807376995], [85.56453081238443, 21.112205807376995], [85.56453081238443, 21.112295638905405], [85.56417148627078, 21.112295638905405], [85.56417148627078, 21.112205807376995], [85.56408165474237, 21.112205807376995], [85.56408165474237, 21.112385470433818], [85.56399182321395, 21.112385470433818], [85.56399182321395, 21.11247530196223], [85.56417148627078, 21.11247530196223], [85.56417148627078, 21.11256513349064], [85.56399182321395, 21.11256513349064], [85.56399182321395, 21.11247530196223], [85.56390199168554, 21.11247530196223], [85.56390199168554, 21.112295638905405], [85.56381216015713, 21.112295638905405], [85.56381216015713, 21.11211597584858], [85.56372232862871, 21.11211597584858], [85.56372232862871, 21.11193631279176], [85.5636324971003, 21.11193631279176], [85.5636324971003, 21.111846481263346], [85.5635426655719, 21.111846481263346], [85.5635426655719, 21.11193631279176], [85.56345283404349, 21.11193631279176], [85.56345283404349, 21.111846481263346], [85.56336300251508, 21.111846481263346], [85.56336300251508, 21.111756649734936], [85.56345283404349, 21.111756649734936], [85.56345283404349, 21.111846481263346], [85.5635426655719, 21.111846481263346], [85.5635426655719, 21.111756649734936], [85.56372232862871, 21.111756649734936], [85.56372232862871, 21.11193631279176], [85.56381216015713, 21.11193631279176], [85.56381216015713, 21.11202614432017], [85.56390199168554, 21.11202614432017], [85.56390199168554, 21.11211597584858], [85.56408165474237, 21.11211597584858], [85.56408165474237, 21.111397323621286], [85.56390199168554, 21.111397323621286], [85.56390199168554, 21.111307492092873]]]}, "id": "+2269+592", "properties": {"area_ha": 0.437473093297205, "centroid_lat": 21.11197740564016, "centroid_lon": 85.56406540787283, "cluster_id": 3, "n_pixels": 44, "perim_m": 791.0452698625924, "profile_A00_p50": 0.011235239387247112, "profile_A01_p50": -0.0944170190952198, "profile_A02_p50": 0.15850057670126871, "profile_A03_p50": 0.003564437970167429, "profile_A04_p50": -0.07205670402902237, "profile_A05_p50": 0.03257106241189286, "profile_A06_p50": -0.07272943763834964, "profile_A07_p50": 0.10985119683312686, "profile_A08_p50": -0.08651845985622647, "profile_A09_p50": 0.0600430883561467, "profile_A10_p50": 0.11400921607631402, "profile_A11_p50": 0.0111920030757401, "profile_A12_p50": -0.3221313230657005, "profile_A13_p50": 0.019024102708091968, "profile_A14_p50": -0.0053916421760631964, "profile_A15_p50": 0.11957411150282209, "profile_A16_p50": -0.07479604942143117, "profile_A17_p50": 0.03803665256952454, "profile_A18_p50": -0.1256803354945045, "profile_A19_p50": -0.01656259063652981, "profile_A20_p50": -0.2722795908059495, "profile_A21_p50": 0.3556452512654423, "profile_A22_p50": 0.17115688105307483, "profile_A23_p50": -0.019990446564841027, "profile_A24_p50": 0.04197593000361166, "profile_A25_p50": 0.09420353859861756, "profile_A26_p50": 0.10178905549147761, "profile_A27_p50": -0.03082037911668791, "profile_A28_p50": -0.0756967453399347, "profile_A29_p50": 0.1908586644815521, "profile_A30_p50": 0.08309282754496135, "profile_A31_p50": 0.06689427143406382, "profile_A32_p50": -0.05181669045714686, "profile_A33_p50": -0.016104732755643374, "profile_A34_p50": 0.049864714440127626, "profile_A35_p50": 0.018629112259767138, "profile_A36_p50": -0.21195628055143625, "profile_A37_p50": 0.09047097270280662, "profile_A38_p50": 0.17544807340384294, "profile_A39_p50": -0.059400418326222906, "profile_A40_p50": 0.08742905150440715, "profile_A41_p50": 0.05032945124855639, "profile_A42_p50": -0.15373454599345476, "profile_A43_p50": 0.3164389764620445, "profile_A44_p50": 0.032788414712290145, "profile_A45_p50": 0.06788945230226325, "profile_A46_p50": 0.012293733179546327, "profile_A47_p50": 0.0634588854602597, "profile_A48_p50": -0.11581008419281325, "profile_A49_p50": 0.036267982797314094, "profile_A50_p50": -0.012156496585562329, "profile_A51_p50": 0.07320562343524893, "profile_A52_p50": -0.014181711833384267, "profile_A53_p50": -0.03801164060014577, "profile_A54_p50": 0.19885668933227743, "profile_A55_p50": -0.09414380413701337, "profile_A56_p50": -0.020010342445014827, "profile_A57_p50": -0.02485003959024507, "profile_A58_p50": -0.10019566862430729, "profile_A59_p50": -0.12456524525126902, "profile_A60_p50": -0.01524541842880943, "profile_A61_p50": -0.04454317190444322, "profile_A62_p50": 0.0748096885813149, "profile_A63_p50": 0.08887335484798001, "unit_id": 14}}, {"type": "Feature", "geometry": {"type": "Polygon", "coordinates": [[[85.56722575823679, 21.109600693053046], [85.56776474740725, 21.109600693053046], [85.56776474740725, 21.109870187638283], [85.56758508435043, 21.109870187638283], [85.56758508435043, 21.11013968222352], [85.56749525282203, 21.11013968222352], [85.56749525282203, 21.110229513751932], [85.56740542129361, 21.110229513751932], [85.56740542129361, 21.110409176808755], [85.5673155897652, 21.110409176808755], [85.5673155897652, 21.11013968222352], [85.56722575823679, 21.11013968222352], [85.56722575823679, 21.109960019166696], [85.56686643212313, 21.109960019166696], [85.56686643212313, 21.109870187638283], [85.56695626365155, 21.109870187638283], [85.56695626365155, 21.109600693053046], [85.56704609517996, 21.109600693053046], [85.56704609517996, 21.10969052458146], [85.56722575823679, 21.10969052458146], [85.56722575823679, 21.109600693053046]]]}, "id": "+2309+611", "properties": {"area_ha": 0.41886308028933716, "centroid_lat": 21.109873182107147, "centroid_lon": 85.56735651281211, "cluster_id": 3, "n_pixels": 42, "perim_m": 385.579293732716, "profile_A00_p50": 0.011235239387247112, "profile_A01_p50": -0.0944170190952198, "profile_A02_p50": 0.15850057670126871, "profile_A03_p50": 0.003564437970167429, "profile_A04_p50": -0.07205670402902237, "profile_A05_p50": 0.03257106241189286, "profile_A06_p50": -0.07272943763834964, "profile_A07_p50": 0.10985119683312686, "profile_A08_p50": -0.08651845985622647, "profile_A09_p50": 0.0600430883561467, "profile_A10_p50": 0.11400921607631402, "profile_A11_p50": 0.0111920030757401, "profile_A12_p50": -0.3221313230657005, "profile_A13_p50": 0.019024102708091968, "profile_A14_p50": -0.0053916421760631964, "profile_A15_p50": 0.11957411150282209, "profile_A16_p50": -0.07479604942143117, "profile_A17_p50": 0.03803665256952454, "profile_A18_p50": -0.1256803354945045, "profile_A19_p50": -0.01656259063652981, "profile_A20_p50": -0.2722795908059495, "profile_A21_p50": 0.3556452512654423, "profile_A22_p50": 0.17115688105307483, "profile_A23_p50": -0.019990446564841027, "profile_A24_p50": 0.04197593000361166, "profile_A25_p50": 0.09420353859861756, "profile_A26_p50": 0.10178905549147761, "profile_A27_p50": -0.03082037911668791, "profile_A28_p50": -0.0756967453399347, "profile_A29_p50": 0.1908586644815521, "profile_A30_p50": 0.08309282754496135, "profile_A31_p50": 0.06689427143406382, "profile_A32_p50": -0.05181669045714686, "profile_A33_p50": -0.016104732755643374, "profile_A34_p50": 0.049864714440127626, "profile_A35_p50": 0.018629112259767138, "profile_A36_p50": -0.21195628055143625, "profile_A37_p50": 0.09047097270280662, "profile_A38_p50": 0.17544807340384294, "profile_A39_p50": -0.059400418326222906, "profile_A40_p50": 0.08742905150440715, "profile_A41_p50": 0.05032945124855639, "profile_A42_p50": -0.15373454599345476, "profile_A43_p50": 0.3164389764620445, "profile_A44_p50": 0.032788414712290145, "profile_A45_p50": 0.06788945230226325, "profile_A46_p50": 0.012293733179546327, "profile_A47_p50": 0.0634588854602597, "profile_A48_p50": -0.11581008419281325, "profile_A49_p50": 0.036267982797314094, "profile_A50_p50": -0.012156496585562329, "profile_A51_p50": 0.07320562343524893, "profile_A52_p50": -0.014181711833384267, "profile_A53_p50": -0.03801164060014577, "profile_A54_p50": 0.19885668933227743, "profile_A55_p50": -0.09414380413701337, "profile_A56_p50": -0.020010342445014827, "profile_A57_p50": -0.02485003959024507, "profile_A58_p50": -0.10019566862430729, "profile_A59_p50": -0.12456524525126902, "profile_A60_p50": -0.01524541842880943, "profile_A61_p50": -0.04454317190444322, "profile_A62_p50": 0.0748096885813149, "profile_A63_p50": 0.08887335484798001, "unit_id": 15}}, {"type": "Feature", "geometry": {"type": "Polygon", "coordinates": [[[85.56668676906631, 21.10888204082575], [85.56686643212313, 21.10888204082575], [85.56686643212313, 21.108971872354164], [85.56695626365155, 21.108971872354164], [85.56695626365155, 21.109061703882574], [85.56686643212313, 21.109061703882574], [85.56686643212313, 21.109151535410987], [85.56695626365155, 21.109151535410987], [85.56695626365155, 21.1092413669394], [85.56677660059472, 21.1092413669394], [85.56677660059472, 21.109151535410987], [85.56668676906631, 21.109151535410987], [85.56668676906631, 21.109061703882574], [85.56686643212313, 21.109061703882574], [85.56686643212313, 21.108971872354164], [85.56668676906631, 21.108971872354164], [85.56668676906631, 21.10888204082575]]]}, "id": "+2299+619", "properties": {"area_ha": 0.06515684213274468, "centroid_lat": 21.109068120426464, "centroid_lon": 85.56682151610464, "cluster_id": 0, "n_pixels": 7, "perim_m": 191.5641988261413, "profile_A00_p50": 0.0649371420336406, "profile_A01_p50": -0.11083470436988313, "profile_A02_p50": 0.14346318026817326, "profile_A03_p50": 0.017083394032160377, "profile_A04_p50": -0.04637003445213128, "profile_A05_p50": -0.008794838739899412, "profile_A06_p50": -0.0697901490985032, "profile_A07_p50": 0.14752746069232994, "profile_A08_p50": -0.09809832530559248, "profile_A09_p50": 0.07865185688890315, "profile_A10_p50": 0.09278434321793148, "profile_A11_p50": 0.06399534700652354, "profile_A12_p50": -0.33706718023658716, "profile_A13_p50": 0.01611334574977108, "profile_A14_p50": -0.02196162797008433, "profile_A15_p50": 0.09865446239857459, "profile_A16_p50": -0.05517367445062648, "profile_A17_p50": 0.020527785675845137, "profile_A18_p50": -0.09320158952852851, "profile_A19_p50": 0.020520659200231755, "profile_A20_p50": -0.27787778199771523, "profile_A21_p50": 0.32710390879651796, "profile_A22_p50": 0.2647713197795599, "profile_A23_p50": -0.05124733800254931, "profile_A24_p50": 0.04592356057259676, "profile_A25_p50": 0.07127039448964882, "profile_A26_p50": 0.11083555905543434, "profile_A27_p50": -0.00047438936866183194, "profile_A28_p50": -0.054212923916086175, "profile_A29_p50": 0.19997662502461896, "profile_A30_p50": 0.06685909016728205, "profile_A31_p50": 0.04931597988423994, "profile_A32_p50": 0.0009931171883571953, "profile_A33_p50": -0.02295085841310662, "profile_A34_p50": 0.04590102399843765, "profile_A35_p50": -0.01855274223737954, "profile_A36_p50": -0.1805969336689741, "profile_A37_p50": 0.038133652209125644, "profile_A38_p50": 0.16465066993068045, "profile_A39_p50": -0.11432195461265213, "profile_A40_p50": 0.05424624345228753, "profile_A41_p50": 0.04933324400612502, "profile_A42_p50": -0.1470229052963256, "profile_A43_p50": 0.36170676065249535, "profile_A44_p50": 0.04735946919384751, "profile_A45_p50": 0.053694415358164035, "profile_A46_p50": -0.020978501530891636, "profile_A47_p50": 0.053738594365539405, "profile_A48_p50": -0.1098768476153089, "profile_A49_p50": 0.05952449153421575, "profile_A50_p50": -0.06982160993676202, "profile_A51_p50": 0.010225107035864925, "profile_A52_p50": -0.01613335808612833, "profile_A53_p50": -0.051767402203102525, "profile_A54_p50": 0.19289055487643264, "profile_A55_p50": -0.12261130834785652, "profile_A56_p50": -0.03467205053136565, "profile_A57_p50": -0.03366955729954787, "profile_A58_p50": -0.10597195248497535, "profile_A59_p50": -0.13033228323719942, "profile_A60_p50": 0.02200174954063654, "profile_A61_p50": -0.0717687835809173, "profile_A62_p50": 0.04784828368557889, "profile_A63_p50": 0.07373148958241554, "unit_id": 16}}, {"type": "Feature", "geometry": {"type": "Polygon", "coordinates": [[[85.56462064391283, 21.103492149121035], [85.56497997002649, 21.103492149121035], [85.56497997002649, 21.103581980649448], [85.56480030696966, 21.103581980649448], [85.56480030696966, 21.10385147523468], [85.56497997002649, 21.10385147523468], [85.56497997002649, 21.104031138291507], [85.5650698015549, 21.104031138291507], [85.5650698015549, 21.10421080134833], [85.56515963308331, 21.10421080134833], [85.56515963308331, 21.104300632876743], [85.5650698015549, 21.104300632876743], [85.5650698015549, 21.104480295933566], [85.56497997002649, 21.104480295933566], [85.56497997002649, 21.104749790518802], [85.5650698015549, 21.104749790518802], [85.5650698015549, 21.10465995899039], [85.56515963308331, 21.10465995899039], [85.56515963308331, 21.104839622047212], [85.56524946461172, 21.104839622047212], [85.56524946461172, 21.104929453575625], [85.56569862225378, 21.104929453575625], [85.56569862225378, 21.10510911663245], [85.56596811683902, 21.10510911663245], [85.56596811683902, 21.10519894816086], [85.5658782853106, 21.10519894816086], [85.5658782853106, 21.105288779689275], [85.56596811683902, 21.105288779689275], [85.56596811683902, 21.105468442746098], [85.56605794836743, 21.105468442746098], [85.56605794836743, 21.105737937331334], [85.56596811683902, 21.105737937331334], [85.56596811683902, 21.10600743191657], [85.56605794836743, 21.10600743191657], [85.56605794836743, 21.106726084143865], [85.56596811683902, 21.106726084143865], [85.56596811683902, 21.106815915672275], [85.5658782853106, 21.106815915672275], [85.5658782853106, 21.10834305165528], [85.56605794836743, 21.10834305165528], [85.56605794836743, 21.108702377768928], [85.56596811683902, 21.108702377768928], [85.56596811683902, 21.10888204082575], [85.56605794836743, 21.10888204082575], [85.56605794836743, 21.108971872354164], [85.56614777989584, 21.108971872354164], [85.56614777989584, 21.109061703882574], [85.56623761142426, 21.109061703882574], [85.56623761142426, 21.1092413669394], [85.56632744295267, 21.1092413669394], [85.56632744295267, 21.109421029996223], [85.5665071060095, 21.109421029996223], [85.5665071060095, 21.109510861524637], [85.5665969375379, 21.109510861524637], [85.5665969375379, 21.109421029996223], [85.56677660059472, 21.109421029996223], [85.56677660059472, 21.10933119846781], [85.56686643212313, 21.10933119846781], [85.56686643212313, 21.109421029996223], [85.56758508435043, 21.109421029996223], [85.56758508435043, 21.109600693053046], [85.56722575823679, 21.109600693053046], [85.56722575823679, 21.10969052458146], [85.56704609517996, 21.10969052458146], [85.56704609517996, 21.109600693053046], [85.56686643212313, 21.109600693053046], [85.56686643212313, 21.109510861524637], [85.5665969375379, 21.109510861524637], [85.5665969375379, 21.109600693053046], [85.5665071060095, 21.109600693053046], [85.5665071060095, 21.109510861524637], [85.56641727448108, 21.109510861524637], [85.56641727448108, 21.110049850695106], [85.5665969375379, 21.110049850695106], [85.5665969375379, 21.11013968222352], [85.56668676906631, 21.11013968222352], [85.56668676906631, 21.110229513751932], [85.56686643212313, 21.110229513751932], [85.56686643212313, 21.110409176808755], [85.56668676906631, 21.110409176808755], [85.56668676906631, 21.11031934528034], [85.56641727448108, 21.11031934528034], [85.56641727448108, 21.110409176808755], [85.56632744295267, 21.110409176808755], [85.56632744295267, 21.110588839865578], [85.56623761142426, 21.110588839865578], [85.56623761142426, 21.110768502922404], [85.56641727448108, 21.110768502922404], [85.56641727448108, 21.110858334450814], [85.56695626365155, 21.110858334450814], [85.56695626365155, 21.110768502922404], [85.56704609517996, 21.110768502922404], [85.56704609517996, 21.110948165979227], [85.56695626365155, 21.110948165979227], [85.56695626365155, 21.111037997507637], [85.56686643212313, 21.111037997507637], [85.56686643212313, 21.111217660564463], [85.56677660059472, 21.111217660564463], [85.56677660059472, 21.111307492092873], [85.56668676906631, 21.111307492092873], [85.56668676906631, 21.1114871551497], [85.5665969375379, 21.1114871551497], [85.5665969375379, 21.11157698667811], [85.5665071060095, 21.11157698667811], [85.5665071060095, 21.111756649734936], [85.56641727448108, 21.111756649734936], [85.56641727448108, 21.11157698667811], [85.56596811683902, 21.11157698667811], [85.56596811683902, 21.111756649734936], [85.5658782853106, 21.111756649734936], [85.5658782853106, 21.11157698667811], [85.56569862225378, 21.11157698667811], [85.56569862225378, 21.111397323621286], [85.56533929614014, 21.111397323621286], [85.56533929614014, 21.111217660564463], [85.56515963308331, 21.111217660564463], [85.56515963308331, 21.111397323621286], [85.5650698015549, 21.111397323621286], [85.5650698015549, 21.1114871551497], [85.56489013849807, 21.1114871551497], [85.56489013849807, 21.111307492092873], [85.56480030696966, 21.111307492092873], [85.56480030696966, 21.111397323621286], [85.56471047544125, 21.111397323621286], [85.56471047544125, 21.11112782903605], [85.56462064391283, 21.11112782903605], [85.56462064391283, 21.111217660564463], [85.5643511493276, 21.111217660564463], [85.5643511493276, 21.111307492092873], [85.5642613177992, 21.111307492092873], [85.5642613177992, 21.111217660564463], [85.56408165474237, 21.111217660564463], [85.56408165474237, 21.111307492092873], [85.56390199168554, 21.111307492092873], [85.56390199168554, 21.111397323621286], [85.56408165474237, 21.111397323621286], [85.56408165474237, 21.11211597584858], [85.56390199168554, 21.11211597584858], [85.56390199168554, 21.11202614432017], [85.56381216015713, 21.11202614432017], [85.56381216015713, 21.11193631279176], [85.56372232862871, 21.11193631279176], [85.56372232862871, 21.111756649734936], [85.56336300251508, 21.111756649734936], [85.56336300251508, 21.11202614432017], [85.56327317098666, 21.11202614432017], [85.56327317098666, 21.11211597584858], [85.56336300251508, 21.11211597584858], [85.56336300251508, 21.112205807376995], [85.5635426655719, 21.112205807376995], [85.5635426655719, 21.112295638905405], [85.56291384487301, 21.112295638905405], [85.56291384487301, 21.112385470433818], [85.56318333945825, 21.112385470433818], [85.56318333945825, 21.11247530196223], [85.56291384487301, 21.11247530196223], [85.56291384487301, 21.11256513349064], [85.56273418181618, 21.11256513349064], [85.56273418181618, 21.112654965019054], [85.56255451875937, 21.112654965019054], [85.56255451875937, 21.11292445960429], [85.56246468723096, 21.11292445960429], [85.56246468723096, 21.112834628075877], [85.56228502417413, 21.112834628075877], [85.56228502417413, 21.112744796547467], [85.5621053611173, 21.112744796547467], [85.5621053611173, 21.112654965019054], [85.56201552958889, 21.112654965019054], [85.56201552958889, 21.11256513349064], [85.56192569806048, 21.11256513349064], [85.56192569806048, 21.11247530196223], [85.56183586653206, 21.11247530196223], [85.56183586653206, 21.112385470433818], [85.56174603500365, 21.112385470433818], [85.56174603500365, 21.112295638905405], [85.56201552958889, 21.112295638905405], [85.56201552958889, 21.112205807376995], [85.5621053611173, 21.112205807376995], [85.5621053611173, 21.11211597584858], [85.56219519264572, 21.11211597584858], [85.56219519264572, 21.111666818206523], [85.56228502417413, 21.111666818206523], [85.56228502417413, 21.111756649734936], [85.56264435028777, 21.111756649734936], [85.56264435028777, 21.111666818206523], [85.56273418181618, 21.111666818206523], [85.56273418181618, 21.111217660564463], [85.56300367640142, 21.111217660564463], [85.56300367640142, 21.111307492092873], [85.56309350792984, 21.111307492092873], [85.56309350792984, 21.111397323621286], [85.56318333945825, 21.111397323621286], [85.56318333945825, 21.1114871551497], [85.56336300251508, 21.1114871551497], [85.56336300251508, 21.111037997507637], [85.5635426655719, 21.111037997507637], [85.5635426655719, 21.110858334450814], [85.56372232862871, 21.110858334450814], [85.56372232862871, 21.11031934528034], [85.5636324971003, 21.11031934528034], [85.5636324971003, 21.110229513751932], [85.5635426655719, 21.110229513751932], [85.5635426655719, 21.11013968222352], [85.56327317098666, 21.11013968222352], [85.56327317098666, 21.110229513751932], [85.56318333945825, 21.110229513751932], [85.56318333945825, 21.11031934528034], [85.56300367640142, 21.11031934528034], [85.56300367640142, 21.110409176808755], [85.56291384487301, 21.110409176808755], [85.56291384487301, 21.110499008337168], [85.5628240133446, 21.110499008337168], [85.5628240133446, 21.110588839865578], [85.56273418181618, 21.110588839865578], [85.56273418181618, 21.11067867139399], [85.56255451875937, 21.11067867139399], [85.56255451875937, 21.110948165979227], [85.56237485570254, 21.110948165979227], [85.56237485570254, 21.111397323621286], [85.56219519264572, 21.111397323621286], [85.56219519264572, 21.11157698667811], [85.56201552958889, 21.11157698667811], [85.56201552958889, 21.111397323621286], [85.56192569806048, 21.111397323621286], [85.56192569806048, 21.111307492092873], [85.56201552958889, 21.111307492092873], [85.56201552958889, 21.111217660564463], [85.56219519264572, 21.111217660564463], [85.56219519264572, 21.110499008337168], [85.56228502417413, 21.110499008337168], [85.56228502417413, 21.110409176808755], [85.56237485570254, 21.110409176808755], [85.56237485570254, 21.11013968222352], [85.56228502417413, 21.11013968222352], [85.56228502417413, 21.109960019166696], [85.56237485570254, 21.109960019166696], [85.56237485570254, 21.1092413669394], [85.56219519264572, 21.1092413669394], [85.56219519264572, 21.10888204082575], [85.5621053611173, 21.10888204082575], [85.5621053611173, 21.10834305165528], [85.56237485570254, 21.10834305165528], [85.56237485570254, 21.108432883183692], [85.56264435028777, 21.108432883183692], [85.56264435028777, 21.108522714712105], [85.5628240133446, 21.108522714712105], [85.5628240133446, 21.108432883183692], [85.56291384487301, 21.108432883183692], [85.56291384487301, 21.10834305165528], [85.56309350792984, 21.10834305165528], [85.56309350792984, 21.108163388598456], [85.56336300251508, 21.108163388598456], [85.56336300251508, 21.107983725541633], [85.5635426655719, 21.107983725541633], [85.5635426655719, 21.10789389401322], [85.56381216015713, 21.10789389401322], [85.56381216015713, 21.10780406248481], [85.56399182321395, 21.10780406248481], [85.56399182321395, 21.107175241785924], [85.56408165474237, 21.107175241785924], [85.56408165474237, 21.10708541025751], [85.56417148627078, 21.10708541025751], [85.56417148627078, 21.106726084143865], [85.5643511493276, 21.106726084143865], [85.5643511493276, 21.106546421087042], [85.56417148627078, 21.106546421087042], [85.56417148627078, 21.106276926501806], [85.56399182321395, 21.106276926501806], [85.56399182321395, 21.106187094973393], [85.56381216015713, 21.106187094973393], [85.56381216015713, 21.10609726344498], [85.56336300251508, 21.10609726344498], [85.56336300251508, 21.10600743191657], [85.56408165474237, 21.10600743191657], [85.56408165474237, 21.105917600388157], [85.56417148627078, 21.105917600388157], [85.56417148627078, 21.105288779689275], [85.56399182321395, 21.105288779689275], [85.56399182321395, 21.10510911663245], [85.5636324971003, 21.10510911663245], [85.5636324971003, 21.104929453575625], [85.56345283404349, 21.104929453575625], [85.56345283404349, 21.104839622047212], [85.56318333945825, 21.104839622047212], [85.56318333945825, 21.104749790518802], [85.56309350792984, 21.104749790518802], [85.56309350792984, 21.104839622047212], [85.56300367640142, 21.104839622047212], [85.56300367640142, 21.104749790518802], [85.5628240133446, 21.104749790518802], [85.5628240133446, 21.10465995899039], [85.56291384487301, 21.10465995899039], [85.56291384487301, 21.10457012746198], [85.56300367640142, 21.10457012746198], [85.56300367640142, 21.104480295933566], [85.56318333945825, 21.104480295933566], [85.56318333945825, 21.104390464405153], [85.56327317098666, 21.104390464405153], [85.56327317098666, 21.104300632876743], [85.56336300251508, 21.104300632876743], [85.56336300251508, 21.10421080134833], [85.56345283404349, 21.10421080134833], [85.56345283404349, 21.104120969819917], [85.5635426655719, 21.104120969819917], [85.5635426655719, 21.104031138291507], [85.56372232862871, 21.104031138291507], [85.56372232862871, 21.103941306763094], [85.56381216015713, 21.103941306763094], [85.56381216015713, 21.10385147523468], [85.56399182321395, 21.10385147523468], [85.56399182321395, 21.10376164370627], [85.56417148627078, 21.10376164370627], [85.56417148627078, 21.103671812177858], [85.5643511493276, 21.103671812177858], [85.5643511493276, 21.103581980649448], [85.56462064391283, 21.103581980649448], [85.56462064391283, 21.103492149121035]], [[85.56228502417413, 21.111217660564463], [85.56219519264572, 21.111217660564463], [85.56219519264572, 21.111307492092873], [85.56228502417413, 21.111307492092873], [85.56228502417413, 21.111217660564463]], [[85.56542912766855, 21.110858334450814], [85.56524946461172, 21.110858334450814], [85.56524946461172, 21.110948165979227], [85.56533929614014, 21.110948165979227], [85.56533929614014, 21.111037997507637], [85.56542912766855, 21.111037997507637], [85.56542912766855, 21.110858334450814]], [[85.56524946461172, 21.110768502922404], [85.5650698015549, 21.110768502922404], [85.5650698015549, 21.110858334450814], [85.56524946461172, 21.110858334450814], [85.56524946461172, 21.110768502922404]], [[85.56417148627078, 21.110229513751932], [85.56399182321395, 21.110229513751932], [85.56399182321395, 21.11031934528034], [85.56417148627078, 21.11031934528034], [85.56417148627078, 21.110229513751932]], [[85.5658782853106, 21.110229513751932], [85.56578845378219, 21.110229513751932], [85.56578845378219, 21.11031934528034], [85.56569862225378, 21.11031934528034], [85.56569862225378, 21.110588839865578], [85.56578845378219, 21.110588839865578], [85.56578845378219, 21.11067867139399], [85.5658782853106, 21.11067867139399], [85.5658782853106, 21.110499008337168], [85.56596811683902, 21.110499008337168], [85.56596811683902, 21.110409176808755], [85.5658782853106, 21.110409176808755], [85.5658782853106, 21.110229513751932]], [[85.56390199168554, 21.110049850695106], [85.56381216015713, 21.110049850695106], [85.56381216015713, 21.11013968222352], [85.56372232862871, 21.11013968222352], [85.56372232862871, 21.11031934528034], [85.56390199168554, 21.11031934528034], [85.56390199168554, 21.110229513751932], [85.56399182321395, 21.110229513751932], [85.56399182321395, 21.11013968222352], [85.56390199168554, 21.11013968222352], [85.56390199168554, 21.110049850695106]], [[85.56551895919696, 21.109780356109873], [85.56542912766855, 21.109780356109873], [85.56542912766855, 21.109870187638283], [85.56551895919696, 21.109870187638283], [85.56551895919696, 21.109780356109873]], [[85.56614777989584, 21.109421029996223], [85.56524946461172, 21.109421029996223], [85.56524946461172, 21.109600693053046], [85.56542912766855, 21.109600693053046], [85.56542912766855, 21.10969052458146], [85.56560879072536, 21.10969052458146], [85.56560879072536, 21.109600693053046], [85.56551895919696, 21.109600693053046], [85.56551895919696, 21.109510861524637], [85.56560879072536, 21.109510861524637], [85.56560879072536, 21.109600693053046], [85.56569862225378, 21.109600693053046], [85.56569862225378, 21.10969052458146], [85.56578845378219, 21.10969052458146], [85.56578845378219, 21.109780356109873], [85.56596811683902, 21.109780356109873], [85.56596811683902, 21.110229513751932], [85.56605794836743, 21.110229513751932], [85.56605794836743, 21.109510861524637], [85.56614777989584, 21.109510861524637], [85.56614777989584, 21.109421029996223]], [[85.56471047544125, 21.10825322012687], [85.56462064391283, 21.10825322012687], [85.56462064391283, 21.10834305165528], [85.56471047544125, 21.10834305165528], [85.56471047544125, 21.10825322012687]], [[85.5650698015549, 21.104839622047212], [85.56497997002649, 21.104839622047212], [85.56497997002649, 21.104929453575625], [85.5650698015549, 21.104929453575625], [85.5650698015549, 21.104839622047212]], [[85.56417148627078, 21.104031138291507], [85.56399182321395, 21.104031138291507], [85.56399182321395, 21.104120969819917], [85.56408165474237, 21.104120969819917], [85.56408165474237, 21.10421080134833], [85.56417148627078, 21.10421080134833], [85.56417148627078, 21.104031138291507]]]}, "id": "+2278+679", "properties": {"area_ha": 25.4019530062535, "centroid_lat": 21.10852704443172, "centroid_lon": 85.56446970760976, "cluster_id": 0, "n_pixels": 2540, "perim_m": 6906.790648347194, "profile_A00_p50": 0.0649371420336406, "profile_A01_p50": -0.11083470436988313, "profile_A02_p50": 0.14346318026817326, "profile_A03_p50": 0.017083394032160377, "profile_A04_p50": -0.04637003445213128, "profile_A05_p50": -0.008794838739899412, "profile_A06_p50": -0.0697901490985032, "profile_A07_p50": 0.14752746069232994, "profile_A08_p50": -0.09809832530559248, "profile_A09_p50": 0.07865185688890315, "profile_A10_p50": 0.09278434321793148, "profile_A11_p50": 0.06399534700652354, "profile_A12_p50": -0.33706718023658716, "profile_A13_p50": 0.01611334574977108, "profile_A14_p50": -0.02196162797008433, "profile_A15_p50": 0.09865446239857459, "profile_A16_p50": -0.05517367445062648, "profile_A17_p50": 0.020527785675845137, "profile_A18_p50": -0.09320158952852851, "profile_A19_p50": 0.020520659200231755, "profile_A20_p50": -0.27787778199771523, "profile_A21_p50": 0.32710390879651796, "profile_A22_p50": 0.2647713197795599, "profile_A23_p50": -0.05124733800254931, "profile_A24_p50": 0.04592356057259676, "profile_A25_p50": 0.07127039448964882, "profile_A26_p50": 0.11083555905543434, "profile_A27_p50": -0.00047438936866183194, "profile_A28_p50": -0.054212923916086175, "profile_A29_p50": 0.19997662502461896, "profile_A30_p50": 0.06685909016728205, "profile_A31_p50": 0.04931597988423994, "profile_A32_p50": 0.0009931171883571953, "profile_A33_p50": -0.02295085841310662, "profile_A34_p50": 0.04590102399843765, "profile_A35_p50": -0.01855274223737954, "profile_A36_p50": -0.1805969336689741, "profile_A37_p50": 0.038133652209125644, "profile_A38_p50": 0.16465066993068045, "profile_A39_p50": -0.11432195461265213, "profile_A40_p50": 0.05424624345228753, "profile_A41_p50": 0.04933324400612502, "profile_A42_p50": -0.1470229052963256, "profile_A43_p50": 0.36170676065249535, "profile_A44_p50": 0.04735946919384751, "profile_A45_p50": 0.053694415358164035, "profile_A46_p50": -0.020978501530891636, "profile_A47_p50": 0.053738594365539405, "profile_A48_p50": -0.1098768476153089, "profile_A49_p50": 0.05952449153421575, "profile_A50_p50": -0.06982160993676202, "profile_A51_p50": 0.010225107035864925, "profile_A52_p50": -0.01613335808612833, "profile_A53_p50": -0.051767402203102525, "profile_A54_p50": 0.19289055487643264, "profile_A55_p50": -0.12261130834785652, "profile_A56_p50": -0.03467205053136565, "profile_A57_p50": -0.03366955729954787, "profile_A58_p50": -0.10597195248497535, "profile_A59_p50": -0.13033228323719942, "profile_A60_p50": 0.02200174954063654, "profile_A61_p50": -0.0717687835809173, "profile_A62_p50": 0.04784828368557889, "profile_A63_p50": 0.07373148958241554, "unit_id": 17}}, {"type": "Feature", "geometry": {"type": "Polygon", "coordinates": [[[85.5658782853106, 21.107624399427984], [85.56596811683902, 21.107624399427984], [85.56596811683902, 21.10780406248481], [85.56605794836743, 21.10780406248481], [85.56605794836743, 21.10834305165528], [85.56614777989584, 21.10834305165528], [85.56614777989584, 21.108522714712105], [85.56605794836743, 21.108522714712105], [85.56605794836743, 21.10834305165528], [85.5658782853106, 21.10834305165528], [85.5658782853106, 21.107624399427984]]]}, "id": "+2289+633", "properties": {"area_ha": 0.14893092530604526, "centroid_lat": 21.10807355656324, "centroid_lon": 85.5659793432006, "cluster_id": 3, "n_pixels": 15, "perim_m": 254.91824978168017, "profile_A00_p50": 0.011235239387247112, "profile_A01_p50": -0.0944170190952198, "profile_A02_p50": 0.15850057670126871, "profile_A03_p50": 0.003564437970167429, "profile_A04_p50": -0.07205670402902237, "profile_A05_p50": 0.03257106241189286, "profile_A06_p50": -0.07272943763834964, "profile_A07_p50": 0.10985119683312686, "profile_A08_p50": -0.08651845985622647, "profile_A09_p50": 0.0600430883561467, "profile_A10_p50": 0.11400921607631402, "profile_A11_p50": 0.0111920030757401, "profile_A12_p50": -0.3221313230657005, "profile_A13_p50": 0.019024102708091968, "profile_A14_p50": -0.0053916421760631964, "profile_A15_p50": 0.11957411150282209, "profile_A16_p50": -0.07479604942143117, "profile_A17_p50": 0.03803665256952454, "profile_A18_p50": -0.1256803354945045, "profile_A19_p50": -0.01656259063652981, "profile_A20_p50": -0.2722795908059495, "profile_A21_p50": 0.3556452512654423, "profile_A22_p50": 0.17115688105307483, "profile_A23_p50": -0.019990446564841027, "profile_A24_p50": 0.04197593000361166, "profile_A25_p50": 0.09420353859861756, "profile_A26_p50": 0.10178905549147761, "profile_A27_p50": -0.03082037911668791, "profile_A28_p50": -0.0756967453399347, "profile_A29_p50": 0.1908586644815521, "profile_A30_p50": 0.08309282754496135, "profile_A31_p50": 0.06689427143406382, "profile_A32_p50": -0.05181669045714686, "profile_A33_p50": -0.016104732755643374, "profile_A34_p50": 0.049864714440127626, "profile_A35_p50": 0.018629112259767138, "profile_A36_p50": -0.21195628055143625, "profile_A37_p50": 0.09047097270280662, "profile_A38_p50": 0.17544807340384294, "profile_A39_p50": -0.059400418326222906, "profile_A40_p50": 0.08742905150440715, "profile_A41_p50": 0.05032945124855639, "profile_A42_p50": -0.15373454599345476, "profile_A43_p50": 0.3164389764620445, "profile_A44_p50": 0.032788414712290145, "profile_A45_p50": 0.06788945230226325, "profile_A46_p50": 0.012293733179546327, "profile_A47_p50": 0.0634588854602597, "profile_A48_p50": -0.11581008419281325, "profile_A49_p50": 0.036267982797314094, "profile_A50_p50": -0.012156496585562329, "profile_A51_p50": 0.07320562343524893, "profile_A52_p50": -0.014181711833384267, "profile_A53_p50": -0.03801164060014577, "profile_A54_p50": 0.19885668933227743, "profile_A55_p50": -0.09414380413701337, "profile_A56_p50": -0.020010342445014827, "profile_A57_p50": -0.02485003959024507, "profile_A58_p50": -0.10019566862430729, "profile_A59_p50": -0.12456524525126902, "profile_A60_p50": -0.01524541842880943, "profile_A61_p50": -0.04454317190444322, "profile_A62_p50": 0.0748096885813149, "profile_A63_p50": 0.08887335484798001, "unit_id": 18}}, {"type": "Feature", "geometry": {"type": "Polygon", "coordinates": [[[85.56309350792984, 21.104749790518802], [85.56318333945825, 21.104749790518802], [85.56318333945825, 21.104839622047212], [85.56345283404349, 21.104839622047212], [85.56345283404349, 21.104929453575625], [85.5636324971003, 21.104929453575625], [85.5636324971003, 21.10510911663245], [85.56399182321395, 21.10510911663245], [85.56399182321395, 21.105288779689275], [85.56417148627078, 21.105288779689275], [85.56417148627078, 21.105917600388157], [85.56408165474237, 21.105917600388157], [85.56408165474237, 21.10600743191657], [85.56336300251508, 21.10600743191657], [85.56336300251508, 21.10609726344498], [85.56381216015713, 21.10609726344498], [85.56381216015713, 21.106187094973393], [85.56399182321395, 21.106187094973393], [85.56399182321395, 21.106276926501806], [85.56417148627078, 21.106276926501806], [85.56417148627078, 21.106546421087042], [85.5643511493276, 21.106546421087042], [85.5643511493276, 21.106726084143865], [85.56417148627078, 21.106726084143865], [85.56417148627078, 21.10708541025751], [85.56408165474237, 21.10708541025751], [85.56408165474237, 21.107175241785924], [85.56399182321395, 21.107175241785924], [85.56399182321395, 21.10780406248481], [85.56381216015713, 21.10780406248481], [85.56381216015713, 21.10789389401322], [85.5635426655719, 21.10789389401322], [85.5635426655719, 21.107983725541633], [85.56336300251508, 21.107983725541633], [85.56336300251508, 21.108163388598456], [85.56309350792984, 21.108163388598456], [85.56309350792984, 21.10834305165528], [85.56291384487301, 21.10834305165528], [85.56291384487301, 21.108432883183692], [85.5628240133446, 21.108432883183692], [85.5628240133446, 21.108522714712105], [85.56264435028777, 21.108522714712105], [85.56264435028777, 21.108432883183692], [85.56237485570254, 21.108432883183692], [85.56237485570254, 21.10834305165528], [85.5621053611173, 21.10834305165528], [85.5621053611173, 21.10888204082575], [85.56219519264572, 21.10888204082575], [85.56219519264572, 21.1092413669394], [85.56237485570254, 21.1092413669394], [85.56237485570254, 21.109960019166696], [85.56228502417413, 21.109960019166696], [85.56228502417413, 21.11013968222352], [85.56237485570254, 21.11013968222352], [85.56237485570254, 21.110409176808755], [85.56228502417413, 21.110409176808755], [85.56228502417413, 21.110499008337168], [85.56219519264572, 21.110499008337168], [85.56219519264572, 21.111217660564463], [85.56201552958889, 21.111217660564463], [85.56201552958889, 21.111307492092873], [85.56192569806048, 21.111307492092873], [85.56192569806048, 21.111397323621286], [85.56201552958889, 21.111397323621286], [85.56201552958889, 21.11157698667811], [85.56219519264572, 21.11157698667811], [85.56219519264572, 21.11211597584858], [85.5621053611173, 21.11211597584858], [85.5621053611173, 21.112205807376995], [85.56201552958889, 21.112205807376995], [85.56201552958889, 21.112295638905405], [85.56165620347524, 21.112295638905405], [85.56165620347524, 21.112205807376995], [85.56156637194684, 21.112205807376995], [85.56156637194684, 21.11211597584858], [85.56147654041843, 21.11211597584858], [85.56147654041843, 21.11202614432017], [85.56138670889001, 21.11202614432017], [85.56138670889001, 21.111846481263346], [85.5612968773616, 21.111846481263346], [85.5612968773616, 21.111666818206523], [85.56120704583319, 21.111666818206523], [85.56120704583319, 21.1114871551497], [85.56111721430477, 21.1114871551497], [85.56111721430477, 21.111217660564463], [85.56102738277636, 21.111217660564463], [85.56102738277636, 21.110858334450814], [85.56093755124795, 21.110858334450814], [85.56093755124795, 21.1092413669394], [85.56102738277636, 21.1092413669394], [85.56102738277636, 21.10888204082575], [85.56111721430477, 21.10888204082575], [85.56111721430477, 21.108612546240515], [85.56120704583319, 21.108612546240515], [85.56120704583319, 21.10834305165528], [85.5612968773616, 21.10834305165528], [85.5612968773616, 21.108073557070043], [85.56138670889001, 21.108073557070043], [85.56138670889001, 21.10780406248481], [85.56147654041843, 21.10780406248481], [85.56147654041843, 21.107534567899574], [85.56156637194684, 21.107534567899574], [85.56156637194684, 21.107354904842747], [85.56165620347524, 21.107354904842747], [85.56165620347524, 21.10708541025751], [85.56174603500365, 21.10708541025751], [85.56174603500365, 21.10690574720069], [85.56183586653206, 21.10690574720069], [85.56183586653206, 21.106636252615452], [85.56192569806048, 21.106636252615452], [85.56192569806048, 21.10645658955863], [85.56201552958889, 21.10645658955863], [85.56201552958889, 21.106187094973393], [85.5621053611173, 21.106187094973393], [85.5621053611173, 21.10600743191657], [85.56219519264572, 21.10600743191657], [85.56219519264572, 21.105737937331334], [85.56228502417413, 21.105737937331334], [85.56228502417413, 21.10555827427451], [85.56237485570254, 21.10555827427451], [85.56237485570254, 21.105288779689275], [85.56246468723096, 21.105288779689275], [85.56246468723096, 21.10519894816086], [85.56255451875937, 21.10519894816086], [85.56255451875937, 21.10501928510404], [85.56264435028777, 21.10501928510404], [85.56264435028777, 21.104929453575625], [85.56273418181618, 21.104929453575625], [85.56273418181618, 21.104749790518802], [85.56300367640142, 21.104749790518802], [85.56300367640142, 21.104839622047212], [85.56309350792984, 21.104839622047212], [85.56309350792984, 21.104749790518802]]]}, "id": "+2258+665", "properties": {"area_ha": 13.347934645957709, "centroid_lat": 21.108067770565437, "centroid_lon": 85.56242323277513, "cluster_id": 2, "n_pixels": 1335, "perim_m": 2738.577131390929, "profile_A00_p50": 0.07371982774363124, "profile_A01_p50": -0.07080327197516495, "profile_A02_p50": 0.1322981254439931, "profile_A03_p50": -0.010250780619415669, "profile_A04_p50": -0.06299072612406112, "profile_A05_p50": -0.0439732921810316, "profile_A06_p50": -0.090332138479979, "profile_A07_p50": 0.15570511432285652, "profile_A08_p50": -0.09529006011068138, "profile_A09_p50": 0.10596108957985138, "profile_A10_p50": 0.08252946409457931, "profile_A11_p50": 0.0932570701054449, "profile_A12_p50": -0.31193189333292587, "profile_A13_p50": -0.030788098058393845, "profile_A14_p50": -0.027795529498389756, "profile_A15_p50": 0.11374738210001104, "profile_A16_p50": -0.043449434494621644, "profile_A17_p50": 0.013162179069462822, "profile_A18_p50": -0.06300557284934591, "profile_A19_p50": -0.022429241121021376, "profile_A20_p50": -0.3283342303349581, "profile_A21_p50": 0.3213128599954505, "profile_A22_p50": 0.2535923768833039, "profile_A23_p50": -0.033714329613625894, "profile_A24_p50": 0.05809117291122123, "profile_A25_p50": 0.08352769012167616, "profile_A26_p50": 0.09909786926733626, "profile_A27_p50": 0.024892063447947886, "profile_A28_p50": -0.03468229119072916, "profile_A29_p50": 0.19082964554582893, "profile_A30_p50": 0.06105704349326211, "profile_A31_p50": 0.06152768031847395, "profile_A32_p50": 0.05760644314902727, "profile_A33_p50": 0.008265836419161557, "profile_A34_p50": 0.0712919451594574, "profile_A35_p50": -0.02003756707802365, "profile_A36_p50": -0.1509248369789767, "profile_A37_p50": -0.012690673588314686, "profile_A38_p50": 0.1469710593032481, "profile_A39_p50": -0.0649092753017363, "profile_A40_p50": 0.07865071355296285, "profile_A41_p50": 0.10495836679769749, "profile_A42_p50": -0.11673141778576339, "profile_A43_p50": 0.37118176189855545, "profile_A44_p50": 0.06691269187324635, "profile_A45_p50": -0.0029567032692388775, "profile_A46_p50": -0.06495279680901819, "profile_A47_p50": 0.07327085499009287, "profile_A48_p50": -0.06692038688333292, "profile_A49_p50": 0.09473320034659516, "profile_A50_p50": -0.05910077557486114, "profile_A51_p50": 0.010761756592634496, "profile_A52_p50": 0.0005177447727568842, "profile_A53_p50": -0.050288864253106524, "profile_A54_p50": 0.16559715515932047, "profile_A55_p50": -0.14211579159142623, "profile_A56_p50": 0.004405230912624311, "profile_A57_p50": -0.05710532518329083, "profile_A58_p50": -0.12851061312227732, "profile_A59_p50": -0.09322986909838514, "profile_A60_p50": -0.016124172594694525, "profile_A61_p50": -0.0815445966370047, "profile_A62_p50": -0.014670170571513371, "profile_A63_p50": 0.11177554016113044, "unit_id": 19}}, {"type": "Feature", "geometry": {"type": "Polygon", "coordinates": [[[85.56596811683902, 21.106726084143865], [85.56605794836743, 21.106726084143865], [85.56605794836743, 21.107354904842747], [85.5658782853106, 21.107354904842747], [85.5658782853106, 21.106815915672275], [85.56596811683902, 21.106815915672275], [85.56596811683902, 21.106726084143865]]]}, "id": "+2290+643", "properties": {"area_ha": 0.12100720258573636, "centroid_lat": 21.107061224100804, "centroid_lon": 85.56597157179868, "cluster_id": 3, "n_pixels": 12, "perim_m": 176.57641716531157, "profile_A00_p50": 0.011235239387247112, "profile_A01_p50": -0.0944170190952198, "profile_A02_p50": 0.15850057670126871, "profile_A03_p50": 0.003564437970167429, "profile_A04_p50": -0.07205670402902237, "profile_A05_p50": 0.03257106241189286, "profile_A06_p50": -0.07272943763834964, "profile_A07_p50": 0.10985119683312686, "profile_A08_p50": -0.08651845985622647, "profile_A09_p50": 0.0600430883561467, "profile_A10_p50": 0.11400921607631402, "profile_A11_p50": 0.0111920030757401, "profile_A12_p50": -0.3221313230657005, "profile_A13_p50": 0.019024102708091968, "profile_A14_p50": -0.0053916421760631964, "profile_A15_p50": 0.11957411150282209, "profile_A16_p50": -0.07479604942143117, "profile_A17_p50": 0.03803665256952454, "profile_A18_p50": -0.1256803354945045, "profile_A19_p50": -0.01656259063652981, "profile_A20_p50": -0.2722795908059495, "profile_A21_p50": 0.3556452512654423, "profile_A22_p50": 0.17115688105307483, "profile_A23_p50": -0.019990446564841027, "profile_A24_p50": 0.04197593000361166, "profile_A25_p50": 0.09420353859861756, "profile_A26_p50": 0.10178905549147761, "profile_A27_p50": -0.03082037911668791, "profile_A28_p50": -0.0756967453399347, "profile_A29_p50": 0.1908586644815521, "profile_A30_p50": 0.08309282754496135, "profile_A31_p50": 0.06689427143406382, "profile_A32_p50": -0.05181669045714686, "profile_A33_p50": -0.016104732755643374, "profile_A34_p50": 0.049864714440127626, "profile_A35_p50": 0.018629112259767138, "profile_A36_p50": -0.21195628055143625, "profile_A37_p50": 0.09047097270280662, "profile_A38_p50": 0.17544807340384294, "profile_A39_p50": -0.059400418326222906, "profile_A40_p50": 0.08742905150440715, "profile_A41_p50": 0.05032945124855639, "profile_A42_p50": -0.15373454599345476, "profile_A43_p50": 0.3164389764620445, "profile_A44_p50": 0.032788414712290145, "profile_A45_p50": 0.06788945230226325, "profile_A46_p50": 0.012293733179546327, "profile_A47_p50": 0.0634588854602597, "profile_A48_p50": -0.11581008419281325, "profile_A49_p50": 0.036267982797314094, "profile_A50_p50": -0.012156496585562329, "profile_A51_p50": 0.07320562343524893, "profile_A52_p50": -0.014181711833384267, "profile_A53_p50": -0.03801164060014577, "profile_A54_p50": 0.19885668933227743, "profile_A55_p50": -0.09414380413701337, "profile_A56_p50": -0.020010342445014827, "profile_A57_p50": -0.02485003959024507, "profile_A58_p50": -0.10019566862430729, "profile_A59_p50": -0.12456524525126902, "profile_A60_p50": -0.01524541842880943, "profile_A61_p50": -0.04454317190444322, "profile_A62_p50": 0.0748096885813149, "profile_A63_p50": 0.08887335484798001, "unit_id": 20}}, {"type": "Feature", "geometry": {"type": "Polygon", "coordinates": [[[85.56767491587884, 21.105288779689275], [85.56785457893567, 21.105288779689275], [85.56785457893567, 21.105468442746098], [85.56767491587884, 21.105468442746098], [85.56767491587884, 21.105288779689275]]]}, "id": "+2310+659", "properties": {"area_ha": 0.037233406714298624, "centroid_lat": 21.105378611156144, "centroid_lon": 85.56776474560981, "cluster_id": 3, "n_pixels": 4, "perim_m": 77.11695460722515, "profile_A00_p50": 0.011235239387247112, "profile_A01_p50": -0.0944170190952198, "profile_A02_p50": 0.15850057670126871, "profile_A03_p50": 0.003564437970167429, "profile_A04_p50": -0.07205670402902237, "profile_A05_p50": 0.03257106241189286, "profile_A06_p50": -0.07272943763834964, "profile_A07_p50": 0.10985119683312686, "profile_A08_p50": -0.08651845985622647, "profile_A09_p50": 0.0600430883561467, "profile_A10_p50": 0.11400921607631402, "profile_A11_p50": 0.0111920030757401, "profile_A12_p50": -0.3221313230657005, "profile_A13_p50": 0.019024102708091968, "profile_A14_p50": -0.0053916421760631964, "profile_A15_p50": 0.11957411150282209, "profile_A16_p50": -0.07479604942143117, "profile_A17_p50": 0.03803665256952454, "profile_A18_p50": -0.1256803354945045, "profile_A19_p50": -0.01656259063652981, "profile_A20_p50": -0.2722795908059495, "profile_A21_p50": 0.3556452512654423, "profile_A22_p50": 0.17115688105307483, "profile_A23_p50": -0.019990446564841027, "profile_A24_p50": 0.04197593000361166, "profile_A25_p50": 0.09420353859861756, "profile_A26_p50": 0.10178905549147761, "profile_A27_p50": -0.03082037911668791, "profile_A28_p50": -0.0756967453399347, "profile_A29_p50": 0.1908586644815521, "profile_A30_p50": 0.08309282754496135, "profile_A31_p50": 0.06689427143406382, "profile_A32_p50": -0.05181669045714686, "profile_A33_p50": -0.016104732755643374, "profile_A34_p50": 0.049864714440127626, "profile_A35_p50": 0.018629112259767138, "profile_A36_p50": -0.21195628055143625, "profile_A37_p50": 0.09047097270280662, "profile_A38_p50": 0.17544807340384294, "profile_A39_p50": -0.059400418326222906, "profile_A40_p50": 0.08742905150440715, "profile_A41_p50": 0.05032945124855639, "profile_A42_p50": -0.15373454599345476, "profile_A43_p50": 0.3164389764620445, "profile_A44_p50": 0.032788414712290145, "profile_A45_p50": 0.06788945230226325, "profile_A46_p50": 0.012293733179546327, "profile_A47_p50": 0.0634588854602597, "profile_A48_p50": -0.11581008419281325, "profile_A49_p50": 0.036267982797314094, "profile_A50_p50": -0.012156496585562329, "profile_A51_p50": 0.07320562343524893, "profile_A52_p50": -0.014181711833384267, "profile_A53_p50": -0.03801164060014577, "profile_A54_p50": 0.19885668933227743, "profile_A55_p50": -0.09414380413701337, "profile_A56_p50": -0.020010342445014827, "profile_A57_p50": -0.02485003959024507, "profile_A58_p50": -0.10019566862430729, "profile_A59_p50": -0.12456524525126902, "profile_A60_p50": -0.01524541842880943, "profile_A61_p50": -0.04454317190444322, "profile_A62_p50": 0.0748096885813149, "profile_A63_p50": 0.08887335484798001, "unit_id": 21}}, {"type": "Feature", "geometry": {"type": "Polygon", "coordinates": [[[85.56668676906631, 21.10376164370627], [85.56677660059472, 21.10376164370627], [85.56677660059472, 21.10385147523468], [85.56686643212313, 21.10385147523468], [85.56686643212313, 21.10421080134833], [85.56695626365155, 21.10421080134833], [85.56695626365155, 21.104390464405153], [85.56704609517996, 21.104390464405153], [85.56704609517996, 21.10421080134833], [85.56722575823679, 21.10421080134833], [85.56722575823679, 21.104031138291507], [85.5673155897652, 21.104031138291507], [85.5673155897652, 21.104120969819917], [85.56749525282203, 21.104120969819917], [85.56749525282203, 21.10421080134833], [85.56758508435043, 21.10421080134833], [85.56758508435043, 21.104300632876743], [85.56767491587884, 21.104300632876743], [85.56767491587884, 21.104390464405153], [85.56776474740725, 21.104390464405153], [85.56776474740725, 21.10457012746198], [85.56785457893567, 21.10457012746198], [85.56785457893567, 21.10465995899039], [85.56794441046408, 21.10465995899039], [85.56794441046408, 21.104749790518802], [85.56785457893567, 21.104749790518802], [85.56785457893567, 21.105288779689275], [85.56767491587884, 21.105288779689275], [85.56767491587884, 21.105468442746098], [85.56740542129361, 21.105468442746098], [85.56740542129361, 21.105378611217684], [85.5673155897652, 21.105378611217684], [85.5673155897652, 21.105288779689275], [85.56704609517996, 21.105288779689275], [85.56704609517996, 21.10519894816086], [85.56695626365155, 21.10519894816086], [85.56695626365155, 21.10510911663245], [85.56668676906631, 21.10510911663245], [85.56668676906631, 21.104929453575625], [85.5665071060095, 21.104929453575625], [85.5665071060095, 21.10457012746198], [85.56668676906631, 21.10457012746198], [85.56668676906631, 21.10376164370627]]]}, "id": "+2298+676", "properties": {"area_ha": 1.5731183919161331, "centroid_lat": 21.104724541432777, "centroid_lon": 85.56722814973006, "cluster_id": 0, "n_pixels": 157, "perim_m": 756.180676222512, "profile_A00_p50": 0.0649371420336406, "profile_A01_p50": -0.11083470436988313, "profile_A02_p50": 0.14346318026817326, "profile_A03_p50": 0.017083394032160377, "profile_A04_p50": -0.04637003445213128, "profile_A05_p50": -0.008794838739899412, "profile_A06_p50": -0.0697901490985032, "profile_A07_p50": 0.14752746069232994, "profile_A08_p50": -0.09809832530559248, "profile_A09_p50": 0.07865185688890315, "profile_A10_p50": 0.09278434321793148, "profile_A11_p50": 0.06399534700652354, "profile_A12_p50": -0.33706718023658716, "profile_A13_p50": 0.01611334574977108, "profile_A14_p50": -0.02196162797008433, "profile_A15_p50": 0.09865446239857459, "profile_A16_p50": -0.05517367445062648, "profile_A17_p50": 0.020527785675845137, "profile_A18_p50": -0.09320158952852851, "profile_A19_p50": 0.020520659200231755, "profile_A20_p50": -0.27787778199771523, "profile_A21_p50": 0.32710390879651796, "profile_A22_p50": 0.2647713197795599, "profile_A23_p50": -0.05124733800254931, "profile_A24_p50": 0.04592356057259676, "profile_A25_p50": 0.07127039448964882, "profile_A26_p50": 0.11083555905543434, "profile_A27_p50": -0.00047438936866183194, "profile_A28_p50": -0.054212923916086175, "profile_A29_p50": 0.19997662502461896, "profile_A30_p50": 0.06685909016728205, "profile_A31_p50": 0.04931597988423994, "profile_A32_p50": 0.0009931171883571953, "profile_A33_p50": -0.02295085841310662, "profile_A34_p50": 0.04590102399843765, "profile_A35_p50": -0.01855274223737954, "profile_A36_p50": -0.1805969336689741, "profile_A37_p50": 0.038133652209125644, "profile_A38_p50": 0.16465066993068045, "profile_A39_p50": -0.11432195461265213, "profile_A40_p50": 0.05424624345228753, "profile_A41_p50": 0.04933324400612502, "profile_A42_p50": -0.1470229052963256, "profile_A43_p50": 0.36170676065249535, "profile_A44_p50": 0.04735946919384751, "profile_A45_p50": 0.053694415358164035, "profile_A46_p50": -0.020978501530891636, "profile_A47_p50": 0.053738594365539405, "profile_A48_p50": -0.1098768476153089, "profile_A49_p50": 0.05952449153421575, "profile_A50_p50": -0.06982160993676202, "profile_A51_p50": 0.010225107035864925, "profile_A52_p50": -0.01613335808612833, "profile_A53_p50": -0.051767402203102525, "profile_A54_p50": 0.19289055487643264, "profile_A55_p50": -0.12261130834785652, "profile_A56_p50": -0.03467205053136565, "profile_A57_p50": -0.03366955729954787, "profile_A58_p50": -0.10597195248497535, "profile_A59_p50": -0.13033228323719942, "profile_A60_p50": 0.02200174954063654, "profile_A61_p50": -0.0717687835809173, "profile_A62_p50": 0.04784828368557889, "profile_A63_p50": 0.07373148958241554, "unit_id": 22}}, {"type": "Feature", "geometry": {"type": "Polygon", "coordinates": [[[85.56533929614014, 21.10340231759262], [85.5658782853106, 21.10340231759262], [85.5658782853106, 21.103492149121035], [85.56632744295267, 21.103492149121035], [85.56632744295267, 21.103581980649448], [85.5665071060095, 21.103581980649448], [85.5665071060095, 21.103671812177858], [85.56614777989584, 21.103671812177858], [85.56614777989584, 21.10376164370627], [85.56605794836743, 21.10376164370627], [85.56605794836743, 21.10385147523468], [85.56596811683902, 21.10385147523468], [85.56596811683902, 21.10376164370627], [85.56578845378219, 21.10376164370627], [85.56578845378219, 21.10385147523468], [85.56569862225378, 21.10385147523468], [85.56569862225378, 21.103671812177858], [85.56551895919696, 21.103671812177858], [85.56551895919696, 21.103492149121035], [85.56533929614014, 21.103492149121035], [85.56533929614014, 21.10340231759262]]]}, "id": "+2288+680", "properties": {"area_ha": 0.3071791922732505, "centroid_lat": 21.103594231969478, "centroid_lon": 85.56589325738751, "cluster_id": 0, "n_pixels": 31, "perim_m": 362.01930716476613, "profile_A00_p50": 0.0649371420336406, "profile_A01_p50": -0.11083470436988313, "profile_A02_p50": 0.14346318026817326, "profile_A03_p50": 0.017083394032160377, "profile_A04_p50": -0.04637003445213128, "profile_A05_p50": -0.008794838739899412, "profile_A06_p50": -0.0697901490985032, "profile_A07_p50": 0.14752746069232994, "profile_A08_p50": -0.09809832530559248, "profile_A09_p50": 0.07865185688890315, "profile_A10_p50": 0.09278434321793148, "profile_A11_p50": 0.06399534700652354, "profile_A12_p50": -0.33706718023658716, "profile_A13_p50": 0.01611334574977108, "profile_A14_p50": -0.02196162797008433, "profile_A15_p50": 0.09865446239857459, "profile_A16_p50": -0.05517367445062648, "profile_A17_p50": 0.020527785675845137, "profile_A18_p50": -0.09320158952852851, "profile_A19_p50": 0.020520659200231755, "profile_A20_p50": -0.27787778199771523, "profile_A21_p50": 0.32710390879651796, "profile_A22_p50": 0.2647713197795599, "profile_A23_p50": -0.05124733800254931, "profile_A24_p50": 0.04592356057259676, "profile_A25_p50": 0.07127039448964882, "profile_A26_p50": 0.11083555905543434, "profile_A27_p50": -0.00047438936866183194, "profile_A28_p50": -0.054212923916086175, "profile_A29_p50": 0.19997662502461896, "profile_A30_p50": 0.06685909016728205, "profile_A31_p50": 0.04931597988423994, "profile_A32_p50": 0.0009931171883571953, "profile_A33_p50": -0.02295085841310662, "profile_A34_p50": 0.04590102399843765, "profile_A35_p50": -0.01855274223737954, "profile_A36_p50": -0.1805969336689741, "profile_A37_p50": 0.038133652209125644, "profile_A38_p50": 0.16465066993068045, "profile_A39_p50": -0.11432195461265213, "profile_A40_p50": 0.05424624345228753, "profile_A41_p50": 0.04933324400612502, "profile_A42_p50": -0.1470229052963256, "profile_A43_p50": 0.36170676065249535, "profile_A44_p50": 0.04735946919384751, "profile_A45_p50": 0.053694415358164035, "profile_A46_p50": -0.020978501530891636, "profile_A47_p50": 0.053738594365539405, "profile_A48_p50": -0.1098768476153089, "profile_A49_p50": 0.05952449153421575, "profile_A50_p50": -0.06982160993676202, "profile_A51_p50": 0.010225107035864925, "profile_A52_p50": -0.01613335808612833, "profile_A53_p50": -0.051767402203102525, "profile_A54_p50": 0.19289055487643264, "profile_A55_p50": -0.12261130834785652, "profile_A56_p50": -0.03467205053136565, "profile_A57_p50": -0.03366955729954787, "profile_A58_p50": -0.10597195248497535, "profile_A59_p50": -0.13033228323719942, "profile_A60_p50": 0.02200174954063654, "profile_A61_p50": -0.0717687835809173, "profile_A62_p50": 0.04784828368557889, "profile_A63_p50": 0.07373148958241554, "unit_id": 23}}, {"type": "Feature", "geometry": {"type": "Polygon", "coordinates": [[[85.391515288663, 21.080944435489634], [85.39232377241872, 21.080944435489634], [85.39232377241872, 21.081034267018048], [85.3921441093619, 21.081034267018048], [85.3921441093619, 21.081124098546457], [85.39205427783348, 21.081124098546457], [85.39205427783348, 21.08121393007487], [85.39187461477665, 21.08121393007487], [85.39187461477665, 21.081303761603284], [85.39169495171983, 21.081303761603284], [85.39169495171983, 21.081393593131693], [85.391515288663, 21.081393593131693], [85.391515288663, 21.081483424660107], [85.39115596254936, 21.081483424660107], [85.39115596254936, 21.08157325618852], [85.39079663643571, 21.08157325618852], [85.39079663643571, 21.08166308771693], [85.39034747879366, 21.08166308771693], [85.39034747879366, 21.081752919245343], [85.39016781573683, 21.081752919245343], [85.39016781573683, 21.08166308771693], [85.38944916350952, 21.08166308771693], [85.38944916350952, 21.081842750773752], [85.38900000586747, 21.081842750773752], [85.38900000586747, 21.08166308771693], [85.38882034281065, 21.08166308771693], [85.38882034281065, 21.081752919245343], [85.38810169058335, 21.081752919245343], [85.38810169058335, 21.08166308771693], [85.38882034281065, 21.08166308771693], [85.38882034281065, 21.08157325618852], [85.38900000586747, 21.08157325618852], [85.38900000586747, 21.08166308771693], [85.38944916350952, 21.08166308771693], [85.38944916350952, 21.08157325618852], [85.38962882656635, 21.08157325618852], [85.38962882656635, 21.081483424660107], [85.39016781573683, 21.081483424660107], [85.39016781573683, 21.081303761603284], [85.39115596254936, 21.081303761603284], [85.39115596254936, 21.08121393007487], [85.39124579407778, 21.08121393007487], [85.39124579407778, 21.081124098546457], [85.391515288663, 21.081124098546457], [85.391515288663, 21.080944435489634]]]}, "id": "+356+930", "properties": {"area_ha": 1.10787187572601, "centroid_lat": 21.08142567862107, "centroid_lon": 85.39060753979656, "cluster_id": 1, "n_pixels": 111, "perim_m": 1136.061018474911, "profile_A00_p50": 0.05322490089061294, "profile_A01_p50": -0.06588960226698776, "profile_A02_p50": 0.1529994411706668, "profile_A03_p50": 0.004396723212956731, "profile_A04_p50": -0.05832658226689369, "profile_A05_p50": 0.015158496882656702, "profile_A06_p50": -0.058113267185035455, "profile_A07_p50": 0.11962914339116627, "profile_A08_p50": -0.09326266198422985, "profile_A09_p50": 0.08838273719580549, "profile_A10_p50": 0.0927738549931394, "profile_A11_p50": 0.07960371607931654, "profile_A12_p50": -0.3249897319335717, "profile_A13_p50": 0.0044190217192075195, "profile_A14_p50": 0.017099823624685245, "profile_A15_p50": 0.1264737837743902, "profile_A16_p50": -0.06398815698604657, "profile_A17_p50": 0.06009021031571071, "profile_A18_p50": -0.08835826261434147, "profile_A19_p50": -0.020495413132786598, "profile_A20_p50": -0.3432207421649957, "profile_A21_p50": 0.3462977910933563, "profile_A22_p50": 0.21781800919039349, "profile_A23_p50": 0.002466081314448473, "profile_A24_p50": 0.044423011605003684, "profile_A25_p50": 0.07520972980020879, "profile_A26_p50": 0.10986634887067584, "profile_A27_p50": -0.02199335255392581, "profile_A28_p50": -0.042509549344215, "profile_A29_p50": 0.20140214272110038, "profile_A30_p50": 0.055171624942798744, "profile_A31_p50": 0.05227177289072206, "profile_A32_p50": 0.000957316000058114, "profile_A33_p50": 0.009267088127341096, "profile_A34_p50": 0.06397362739951426, "profile_A35_p50": 0.012661068372644, "profile_A36_p50": -0.15279506865085354, "profile_A37_p50": 0.03807606339089456, "profile_A38_p50": 0.15669696681405246, "profile_A39_p50": -0.0595711700946848, "profile_A40_p50": 0.08346119692206716, "profile_A41_p50": 0.08642988587394283, "profile_A42_p50": -0.15870285279429833, "profile_A43_p50": 0.33118419251225517, "profile_A44_p50": 0.05520752142849134, "profile_A45_p50": 0.0532128036651257, "profile_A46_p50": -0.01712322146126869, "profile_A47_p50": 0.02200723127549733, "profile_A48_p50": -0.11667718980753906, "profile_A49_p50": 0.08543167339345949, "profile_A50_p50": -0.046326086499873464, "profile_A51_p50": 0.03856258647140974, "profile_A52_p50": -0.022948844816816024, "profile_A53_p50": -0.06591446047458382, "profile_A54_p50": 0.19317842710817879, "profile_A55_p50": -0.11961082210177881, "profile_A56_p50": -0.0014382150342833156, "profile_A57_p50": -0.04930843751849643, "profile_A58_p50": -0.13624692489672033, "profile_A59_p50": -0.16067235778065347, "profile_A60_p50": -0.024889585453966214, "profile_A61_p50": -0.04440479733645213, "profile_A62_p50": 0.04593597650644479, "profile_A63_p50": 0.08937991613072041, "unit_id": 24}}, {"type": "Feature", "geometry": {"type": "Polygon", "coordinates": [[[85.38612539695829, 21.080674940904398], [85.38639489154353, 21.080674940904398], [85.38639489154353, 21.081034267018048], [85.3862152284867, 21.081034267018048], [85.3862152284867, 21.080944435489634], [85.38630506001512, 21.080944435489634], [85.38630506001512, 21.08085460396122], [85.38612539695829, 21.08085460396122], [85.38612539695829, 21.080674940904398]]]}, "id": "+290+933", "properties": {"area_ha": 0.08378900685800972, "centroid_lat": 21.080829648538568, "centroid_lon": 85.38628010751158, "cluster_id": 0, "n_pixels": 8, "perim_m": 154.24594011598546, "profile_A00_p50": 0.0649371420336406, "profile_A01_p50": -0.11083470436988313, "profile_A02_p50": 0.14346318026817326, "profile_A03_p50": 0.017083394032160377, "profile_A04_p50": -0.04637003445213128, "profile_A05_p50": -0.008794838739899412, "profile_A06_p50": -0.0697901490985032, "profile_A07_p50": 0.14752746069232994, "profile_A08_p50": -0.09809832530559248, "profile_A09_p50": 0.07865185688890315, "profile_A10_p50": 0.09278434321793148, "profile_A11_p50": 0.06399534700652354, "profile_A12_p50": -0.33706718023658716, "profile_A13_p50": 0.01611334574977108, "profile_A14_p50": -0.02196162797008433, "profile_A15_p50": 0.09865446239857459, "profile_A16_p50": -0.05517367445062648, "profile_A17_p50": 0.020527785675845137, "profile_A18_p50": -0.09320158952852851, "profile_A19_p50": 0.020520659200231755, "profile_A20_p50": -0.27787778199771523, "profile_A21_p50": 0.32710390879651796, "profile_A22_p50": 0.2647713197795599, "profile_A23_p50": -0.05124733800254931, "profile_A24_p50": 0.04592356057259676, "profile_A25_p50": 0.07127039448964882, "profile_A26_p50": 0.11083555905543434, "profile_A27_p50": -0.00047438936866183194, "profile_A28_p50": -0.054212923916086175, "profile_A29_p50": 0.19997662502461896, "profile_A30_p50": 0.06685909016728205, "profile_A31_p50": 0.04931597988423994, "profile_A32_p50": 0.0009931171883571953, "profile_A33_p50": -0.02295085841310662, "profile_A34_p50": 0.04590102399843765, "profile_A35_p50": -0.01855274223737954, "profile_A36_p50": -0.1805969336689741, "profile_A37_p50": 0.038133652209125644, "profile_A38_p50": 0.16465066993068045, "profile_A39_p50": -0.11432195461265213, "profile_A40_p50": 0.05424624345228753, "profile_A41_p50": 0.04933324400612502, "profile_A42_p50": -0.1470229052963256, "profile_A43_p50": 0.36170676065249535, "profile_A44_p50": 0.04735946919384751, "profile_A45_p50": 0.053694415358164035, "profile_A46_p50": -0.020978501530891636, "profile_A47_p50": 0.053738594365539405, "profile_A48_p50": -0.1098768476153089, "profile_A49_p50": 0.05952449153421575, "profile_A50_p50": -0.06982160993676202, "profile_A51_p50": 0.010225107035864925, "profile_A52_p50": -0.01613335808612833, "profile_A53_p50": -0.051767402203102525, "profile_A54_p50": 0.19289055487643264, "profile_A55_p50": -0.12261130834785652, "profile_A56_p50": -0.03467205053136565, "profile_A57_p50": -0.03366955729954787, "profile_A58_p50": -0.10597195248497535, "profile_A59_p50": -0.13033228323719942, "profile_A60_p50": 0.02200174954063654, "profile_A61_p50": -0.0717687835809173, "profile_A62_p50": 0.04784828368557889, "profile_A63_p50": 0.07373148958241554, "unit_id": 25}}, {"type": "Feature", "geometry": {"type": "Polygon", "coordinates": [[[85.3937610768733, 21.075913869898564], [85.39421023451537, 21.075913869898564], [85.39421023451537, 21.076003701426977], [85.39430006604378, 21.076003701426977], [85.39430006604378, 21.07609353295539], [85.3943898975722, 21.07609353295539], [85.3943898975722, 21.0761833644838], [85.3944797291006, 21.0761833644838], [85.3944797291006, 21.076363027540626], [85.39456956062901, 21.076363027540626], [85.39456956062901, 21.076452859069036], [85.39465939215742, 21.076452859069036], [85.39465939215742, 21.076632522125863], [85.39474922368584, 21.076632522125863], [85.39474922368584, 21.076812185182686], [85.39483905521425, 21.076812185182686], [85.39483905521425, 21.07708167976792], [85.39492888674266, 21.07708167976792], [85.39492888674266, 21.077441005881568], [85.39501871827107, 21.077441005881568], [85.39501871827107, 21.078159658108863], [85.39492888674266, 21.078159658108863], [85.39492888674266, 21.078518984222512], [85.39483905521425, 21.078518984222512], [85.39483905521425, 21.07878847880775], [85.39474922368584, 21.07878847880775], [85.39474922368584, 21.07896814186457], [85.39465939215742, 21.07896814186457], [85.39465939215742, 21.079147804921394], [85.39456956062901, 21.079147804921394], [85.39456956062901, 21.07932746797822], [85.3944797291006, 21.07932746797822], [85.3944797291006, 21.07941729950663], [85.3943898975722, 21.07941729950663], [85.3943898975722, 21.079507131035044], [85.39430006604378, 21.079507131035044], [85.39430006604378, 21.079596962563457], [85.39421023451537, 21.079596962563457], [85.39421023451537, 21.079686794091867], [85.39412040298696, 21.079686794091867], [85.39412040298696, 21.07977662562028], [85.39403057145854, 21.07977662562028], [85.39403057145854, 21.07986645714869], [85.39394073993013, 21.07986645714869], [85.39394073993013, 21.079956288677103], [85.39385090840172, 21.079956288677103], [85.39385090840172, 21.080046120205516], [85.39367124534489, 21.080046120205516], [85.39367124534489, 21.080135951733926], [85.39358141381648, 21.080135951733926], [85.39358141381648, 21.08022578326234], [85.39340175075966, 21.08022578326234], [85.39340175075966, 21.080315614790752], [85.39331191923125, 21.080315614790752], [85.39331191923125, 21.080405446319162], [85.39313225617443, 21.080405446319162], [85.39313225617443, 21.080495277847575], [85.39304242464601, 21.080495277847575], [85.39304242464601, 21.08058510937599], [85.39286276158919, 21.08058510937599], [85.39286276158919, 21.080674940904398], [85.39277293006077, 21.080674940904398], [85.39277293006077, 21.08076477243281], [85.39259326700395, 21.08076477243281], [85.39259326700395, 21.08085460396122], [85.39250343547553, 21.08085460396122], [85.39250343547553, 21.080944435489634], [85.391515288663, 21.080944435489634], [85.391515288663, 21.081124098546457], [85.39124579407778, 21.081124098546457], [85.39124579407778, 21.08121393007487], [85.39115596254936, 21.08121393007487], [85.39115596254936, 21.081303761603284], [85.39016781573683, 21.081303761603284], [85.39016781573683, 21.081483424660107], [85.38962882656635, 21.081483424660107], [85.38962882656635, 21.08157325618852], [85.38944916350952, 21.08157325618852], [85.38944916350952, 21.08166308771693], [85.38900000586747, 21.08166308771693], [85.38900000586747, 21.08157325618852], [85.38882034281065, 21.08157325618852], [85.38882034281065, 21.08166308771693], [85.38792202752653, 21.08166308771693], [85.38792202752653, 21.081303761603284], [85.3877423644697, 21.081303761603284], [85.3877423644697, 21.08058510937599], [85.38792202752653, 21.08058510937599], [85.38792202752653, 21.080405446319162], [85.38810169058335, 21.080405446319162], [85.38810169058335, 21.08022578326234], [85.3877423644697, 21.08022578326234], [85.3877423644697, 21.080315614790752], [85.38756270141288, 21.080315614790752], [85.38756270141288, 21.08022578326234], [85.38729320682765, 21.08022578326234], [85.38729320682765, 21.079686794091867], [85.38711354377082, 21.079686794091867], [85.38711354377082, 21.079237636449808], [85.38729320682765, 21.079237636449808], [85.38729320682765, 21.079147804921394], [85.38738303835606, 21.079147804921394], [85.38738303835606, 21.078698647279335], [85.38765253294129, 21.078698647279335], [85.38765253294129, 21.07878847880775], [85.3877423644697, 21.07878847880775], [85.3877423644697, 21.078698647279335], [85.38783219599812, 21.078698647279335], [85.38783219599812, 21.07878847880775], [85.38801185905494, 21.07878847880775], [85.38801185905494, 21.078608815750925], [85.38810169058335, 21.078608815750925], [85.38810169058335, 21.0784291526941], [85.388461016697, 21.0784291526941], [85.388461016697, 21.078069826580453], [85.38908983739589, 21.078069826580453], [85.38908983739589, 21.077620668938394], [85.38926950045271, 21.077620668938394], [85.38926950045271, 21.07753083740998], [85.38944916350952, 21.07753083740998], [85.38944916350952, 21.077620668938394], [85.38962882656635, 21.077620668938394], [85.38962882656635, 21.07753083740998], [85.39043731032206, 21.07753083740998], [85.39043731032206, 21.077351174353158], [85.3907068049073, 21.077351174353158], [85.3907068049073, 21.077261342824745], [85.39079663643571, 21.077261342824745], [85.39079663643571, 21.07717151129633], [85.39160512019141, 21.07717151129633], [85.39160512019141, 21.07699184823951], [85.39205427783348, 21.07699184823951], [85.39205427783348, 21.076902016711095], [85.3921441093619, 21.076902016711095], [85.3921441093619, 21.076812185182686], [85.39313225617443, 21.076812185182686], [85.39313225617443, 21.07699184823951], [85.39331191923125, 21.07699184823951], [85.39331191923125, 21.07717151129633], [85.39385090840172, 21.07717151129633], [85.39385090840172, 21.076812185182686], [85.39367124534489, 21.076812185182686], [85.39367124534489, 21.076722353654272], [85.3937610768733, 21.076722353654272], [85.3937610768733, 21.075913869898564]]]}, "id": "+377+986", "properties": {"area_ha": 30.946436325056794, "centroid_lat": 21.079094999643107, "centroid_lon": 85.39119900323945, "cluster_id": 2, "n_pixels": 3095, "perim_m": 3207.069530007741, "profile_A00_p50": 0.07371982774363124, "profile_A01_p50": -0.07080327197516495, "profile_A02_p50": 0.1322981254439931, "profile_A03_p50": -0.010250780619415669, "profile_A04_p50": -0.06299072612406112, "profile_A05_p50": -0.0439732921810316, "profile_A06_p50": -0.090332138479979, "profile_A07_p50": 0.15570511432285652, "profile_A08_p50": -0.09529006011068138, "profile_A09_p50": 0.10596108957985138, "profile_A10_p50": 0.08252946409457931, "profile_A11_p50": 0.0932570701054449, "profile_A12_p50": -0.31193189333292587, "profile_A13_p50": -0.030788098058393845, "profile_A14_p50": -0.027795529498389756, "profile_A15_p50": 0.11374738210001104, "profile_A16_p50": -0.043449434494621644, "profile_A17_p50": 0.013162179069462822, "profile_A18_p50": -0.06300557284934591, "profile_A19_p50": -0.022429241121021376, "profile_A20_p50": -0.3283342303349581, "profile_A21_p50": 0.3213128599954505, "profile_A22_p50": 0.2535923768833039, "profile_A23_p50": -0.033714329613625894, "profile_A24_p50": 0.05809117291122123, "profile_A25_p50": 0.08352769012167616, "profile_A26_p50": 0.09909786926733626, "profile_A27_p50": 0.024892063447947886, "profile_A28_p50": -0.03468229119072916, "profile_A29_p50": 0.19082964554582893, "profile_A30_p50": 0.06105704349326211, "profile_A31_p50": 0.06152768031847395, "profile_A32_p50": 0.05760644314902727, "profile_A33_p50": 0.008265836419161557, "profile_A34_p50": 0.0712919451594574, "profile_A35_p50": -0.02003756707802365, "profile_A36_p50": -0.1509248369789767, "profile_A37_p50": -0.012690673588314686, "profile_A38_p50": 0.1469710593032481, "profile_A39_p50": -0.0649092753017363, "profile_A40_p50": 0.07865071355296285, "profile_A41_p50": 0.10495836679769749, "profile_A42_p50": -0.11673141778576339, "profile_A43_p50": 0.37118176189855545, "profile_A44_p50": 0.06691269187324635, "profile_A45_p50": -0.0029567032692388775, "profile_A46_p50": -0.06495279680901819, "profile_A47_p50": 0.07327085499009287, "profile_A48_p50": -0.06692038688333292, "profile_A49_p50": 0.09473320034659516, "profile_A50_p50": -0.05910077557486114, "profile_A51_p50": 0.010761756592634496, "profile_A52_p50": 0.0005177447727568842, "profile_A53_p50": -0.050288864253106524, "profile_A54_p50": 0.16559715515932047, "profile_A55_p50": -0.14211579159142623, "profile_A56_p50": 0.004405230912624311, "profile_A57_p50": -0.05710532518329083, "profile_A58_p50": -0.12851061312227732, "profile_A59_p50": -0.09322986909838514, "profile_A60_p50": -0.016124172594694525, "profile_A61_p50": -0.0815445966370047, "profile_A62_p50": -0.014670170571513371, "profile_A63_p50": 0.11177554016113044, "unit_id": 26}}, {"type": "Feature", "geometry": {"type": "Polygon", "coordinates": [[[85.38432876639006, 21.078069826580453], [85.38441859791847, 21.078069826580453], [85.38441859791847, 21.078159658108863], [85.38486775556052, 21.078159658108863], [85.38486775556052, 21.0784291526941], [85.38477792403211, 21.0784291526941], [85.38477792403211, 21.078518984222512], [85.3846880925037, 21.078518984222512], [85.3846880925037, 21.078608815750925], [85.38450842944687, 21.078608815750925], [85.38450842944687, 21.078698647279335], [85.38441859791847, 21.078698647279335], [85.38441859791847, 21.07878847880775], [85.38423893486164, 21.07878847880775], [85.38423893486164, 21.078249489637276], [85.38432876639006, 21.078249489637276], [85.38432876639006, 21.078069826580453]]]}, "id": "+268+962", "properties": {"area_ha": 0.3444714983062001, "centroid_lat": 21.078410943107542, "centroid_lon": 85.38450964389915, "cluster_id": 0, "n_pixels": 34, "perim_m": 289.8244011629895, "profile_A00_p50": 0.0649371420336406, "profile_A01_p50": -0.11083470436988313, "profile_A02_p50": 0.14346318026817326, "profile_A03_p50": 0.017083394032160377, "profile_A04_p50": -0.04637003445213128, "profile_A05_p50": -0.008794838739899412, "profile_A06_p50": -0.0697901490985032, "profile_A07_p50": 0.14752746069232994, "profile_A08_p50": -0.09809832530559248, "profile_A09_p50": 0.07865185688890315, "profile_A10_p50": 0.09278434321793148, "profile_A11_p50": 0.06399534700652354, "profile_A12_p50": -0.33706718023658716, "profile_A13_p50": 0.01611334574977108, "profile_A14_p50": -0.02196162797008433, "profile_A15_p50": 0.09865446239857459, "profile_A16_p50": -0.05517367445062648, "profile_A17_p50": 0.020527785675845137, "profile_A18_p50": -0.09320158952852851, "profile_A19_p50": 0.020520659200231755, "profile_A20_p50": -0.27787778199771523, "profile_A21_p50": 0.32710390879651796, "profile_A22_p50": 0.2647713197795599, "profile_A23_p50": -0.05124733800254931, "profile_A24_p50": 0.04592356057259676, "profile_A25_p50": 0.07127039448964882, "profile_A26_p50": 0.11083555905543434, "profile_A27_p50": -0.00047438936866183194, "profile_A28_p50": -0.054212923916086175, "profile_A29_p50": 0.19997662502461896, "profile_A30_p50": 0.06685909016728205, "profile_A31_p50": 0.04931597988423994, "profile_A32_p50": 0.0009931171883571953, "profile_A33_p50": -0.02295085841310662, "profile_A34_p50": 0.04590102399843765, "profile_A35_p50": -0.01855274223737954, "profile_A36_p50": -0.1805969336689741, "profile_A37_p50": 0.038133652209125644, "profile_A38_p50": 0.16465066993068045, "profile_A39_p50": -0.11432195461265213, "profile_A40_p50": 0.05424624345228753, "profile_A41_p50": 0.04933324400612502, "profile_A42_p50": -0.1470229052963256, "profile_A43_p50": 0.36170676065249535, "profile_A44_p50": 0.04735946919384751, "profile_A45_p50": 0.053694415358164035, "profile_A46_p50": -0.020978501530891636, "profile_A47_p50": 0.053738594365539405, "profile_A48_p50": -0.1098768476153089, "profile_A49_p50": 0.05952449153421575, "profile_A50_p50": -0.06982160993676202, "profile_A51_p50": 0.010225107035864925, "profile_A52_p50": -0.01613335808612833, "profile_A53_p50": -0.051767402203102525, "profile_A54_p50": 0.19289055487643264, "profile_A55_p50": -0.12261130834785652, "profile_A56_p50": -0.03467205053136565, "profile_A57_p50": -0.03366955729954787, "profile_A58_p50": -0.10597195248497535, "profile_A59_p50": -0.13033228323719942, "profile_A60_p50": 0.02200174954063654, "profile_A61_p50": -0.0717687835809173, "profile_A62_p50": 0.04784828368557889, "profile_A63_p50": 0.07373148958241554, "unit_id": 27}}, {"type": "Feature", "geometry": {"type": "Polygon", "coordinates": [[[85.3885508482254, 21.07384774474509], [85.38882034281065, 21.07384774474509], [85.38882034281065, 21.0739375762735], [85.38900000586747, 21.0739375762735], [85.38900000586747, 21.074027407801914], [85.3891796689243, 21.074027407801914], [85.3891796689243, 21.074207070858737], [85.38935933198113, 21.074207070858737], [85.38935933198113, 21.074027407801914], [85.38953899503794, 21.074027407801914], [85.38953899503794, 21.0739375762735], [85.38962882656635, 21.0739375762735], [85.38962882656635, 21.074027407801914], [85.38989832115159, 21.074027407801914], [85.38989832115159, 21.074117239330327], [85.39016781573683, 21.074117239330327], [85.39016781573683, 21.074207070858737], [85.39043731032206, 21.074207070858737], [85.39043731032206, 21.07429690238715], [85.39061697337888, 21.07429690238715], [85.39061697337888, 21.074386733915563], [85.39088646796412, 21.074386733915563], [85.39088646796412, 21.074476565443973], [85.39115596254936, 21.074476565443973], [85.39115596254936, 21.074566396972386], [85.39133562560619, 21.074566396972386], [85.39133562560619, 21.0746562285008], [85.39160512019141, 21.0746562285008], [85.39160512019141, 21.07474606002921], [85.39187461477665, 21.07474606002921], [85.39187461477665, 21.074835891557623], [85.39196444630507, 21.074835891557623], [85.39196444630507, 21.075015554614446], [85.3922339408903, 21.075015554614446], [85.3922339408903, 21.07510538614286], [85.39205427783348, 21.07510538614286], [85.39205427783348, 21.07519521767127], [85.39241360394712, 21.07519521767127], [85.39241360394712, 21.075374880728095], [85.39259326700395, 21.075374880728095], [85.39259326700395, 21.075554543784918], [85.3929525931176, 21.075554543784918], [85.3929525931176, 21.07573420684174], [85.39331191923125, 21.07573420684174], [85.39331191923125, 21.075913869898564], [85.3937610768733, 21.075913869898564], [85.3937610768733, 21.076722353654272], [85.39367124534489, 21.076722353654272], [85.39367124534489, 21.076812185182686], [85.39385090840172, 21.076812185182686], [85.39385090840172, 21.07717151129633], [85.39331191923125, 21.07717151129633], [85.39331191923125, 21.07699184823951], [85.39313225617443, 21.07699184823951], [85.39313225617443, 21.076812185182686], [85.39268309853236, 21.076812185182686], [85.39268309853236, 21.076722353654272], [85.39259326700395, 21.076722353654272], [85.39259326700395, 21.076632522125863], [85.39250343547553, 21.076632522125863], [85.39250343547553, 21.07654269059745], [85.39241360394712, 21.07654269059745], [85.39241360394712, 21.076273196012213], [85.3921441093619, 21.076273196012213], [85.3921441093619, 21.076452859069036], [85.39196444630507, 21.076452859069036], [85.39196444630507, 21.07654269059745], [85.39178478324824, 21.07654269059745], [85.39178478324824, 21.076452859069036], [85.39187461477665, 21.076452859069036], [85.39187461477665, 21.076273196012213], [85.39124579407778, 21.076273196012213], [85.39124579407778, 21.076363027540626], [85.39106613102095, 21.076363027540626], [85.39106613102095, 21.0761833644838], [85.39097629949254, 21.0761833644838], [85.39097629949254, 21.07609353295539], [85.39106613102095, 21.07609353295539], [85.39106613102095, 21.075913869898564], [85.39124579407778, 21.075913869898564], [85.39124579407778, 21.07573420684174], [85.39106613102095, 21.07573420684174], [85.39106613102095, 21.07564437531333], [85.39061697337888, 21.07564437531333], [85.39061697337888, 21.075554543784918], [85.39043731032206, 21.075554543784918], [85.39043731032206, 21.075824038370154], [85.39025764726524, 21.075824038370154], [85.39025764726524, 21.07609353295539], [85.39016781573683, 21.07609353295539], [85.39016781573683, 21.076003701426977], [85.38989832115159, 21.076003701426977], [85.38989832115159, 21.075913869898564], [85.38980848962318, 21.075913869898564], [85.38980848962318, 21.0761833644838], [85.38971865809476, 21.0761833644838], [85.38971865809476, 21.076273196012213], [85.38944916350952, 21.076273196012213], [85.38944916350952, 21.076363027540626], [85.38935933198113, 21.076363027540626], [85.38935933198113, 21.076452859069036], [85.3891796689243, 21.076452859069036], [85.3891796689243, 21.076273196012213], [85.38908983739589, 21.076273196012213], [85.38908983739589, 21.07609353295539], [85.38891017433906, 21.07609353295539], [85.38891017433906, 21.075913869898564], [85.38882034281065, 21.075913869898564], [85.38882034281065, 21.075824038370154], [85.38873051128223, 21.075824038370154], [85.38873051128223, 21.07573420684174], [85.3885508482254, 21.07573420684174], [85.3885508482254, 21.075464712256505], [85.38873051128223, 21.075464712256505], [85.38873051128223, 21.07528504919968], [85.38783219599812, 21.07528504919968], [85.38783219599812, 21.075374880728095], [85.3877423644697, 21.075374880728095], [85.3877423644697, 21.07528504919968], [85.38756270141288, 21.07528504919968], [85.38756270141288, 21.075554543784918], [85.38765253294129, 21.075554543784918], [85.38765253294129, 21.07564437531333], [85.3877423644697, 21.07564437531333], [85.3877423644697, 21.07573420684174], [85.38792202752653, 21.07573420684174], [85.38792202752653, 21.075824038370154], [85.38810169058335, 21.075824038370154], [85.38810169058335, 21.0761833644838], [85.38819152211177, 21.0761833644838], [85.38819152211177, 21.076363027540626], [85.38810169058335, 21.076363027540626], [85.38810169058335, 21.076632522125863], [85.38819152211177, 21.076632522125863], [85.38819152211177, 21.076902016711095], [85.38810169058335, 21.076902016711095], [85.38810169058335, 21.07708167976792], [85.38792202752653, 21.07708167976792], [85.38792202752653, 21.077351174353158], [85.38810169058335, 21.077351174353158], [85.38810169058335, 21.077710500466804], [85.38828135364018, 21.077710500466804], [85.38828135364018, 21.077800331995217], [85.3883711851686, 21.077800331995217], [85.3883711851686, 21.07797999505204], [85.388461016697, 21.07797999505204], [85.388461016697, 21.0784291526941], [85.38810169058335, 21.0784291526941], [85.38810169058335, 21.078608815750925], [85.38801185905494, 21.078608815750925], [85.38801185905494, 21.07878847880775], [85.38783219599812, 21.07878847880775], [85.38783219599812, 21.078698647279335], [85.3877423644697, 21.078698647279335], [85.3877423644697, 21.07878847880775], [85.38765253294129, 21.07878847880775], [85.38765253294129, 21.078698647279335], [85.38738303835606, 21.078698647279335], [85.38738303835606, 21.079147804921394], [85.38729320682765, 21.079147804921394], [85.38729320682765, 21.079237636449808], [85.38711354377082, 21.079237636449808], [85.38711354377082, 21.079686794091867], [85.38729320682765, 21.079686794091867], [85.38729320682765, 21.08022578326234], [85.38756270141288, 21.08022578326234], [85.38756270141288, 21.080315614790752], [85.3877423644697, 21.080315614790752], [85.3877423644697, 21.08022578326234], [85.38810169058335, 21.08022578326234], [85.38810169058335, 21.080405446319162], [85.38792202752653, 21.080405446319162], [85.38792202752653, 21.08058510937599], [85.3877423644697, 21.08058510937599], [85.3877423644697, 21.081303761603284], [85.38792202752653, 21.081303761603284], [85.38792202752653, 21.08166308771693], [85.38720337529924, 21.08166308771693], [85.38720337529924, 21.08157325618852], [85.38711354377082, 21.08157325618852], [85.38711354377082, 21.081483424660107], [85.386933880714, 21.081483424660107], [85.386933880714, 21.081124098546457], [85.38684404918558, 21.081124098546457], [85.38684404918558, 21.081034267018048], [85.38675421765717, 21.081034267018048], [85.38675421765717, 21.08085460396122], [85.38666438612876, 21.08085460396122], [85.38666438612876, 21.08076477243281], [85.38657455460034, 21.08076477243281], [85.38657455460034, 21.080674940904398], [85.38675421765717, 21.080674940904398], [85.38675421765717, 21.08058510937599], [85.38666438612876, 21.08058510937599], [85.38666438612876, 21.080495277847575], [85.38657455460034, 21.080495277847575], [85.38657455460034, 21.080135951733926], [85.38648472307193, 21.080135951733926], [85.38648472307193, 21.080046120205516], [85.38639489154353, 21.080046120205516], [85.38639489154353, 21.07977662562028], [85.38504741861735, 21.07977662562028], [85.38504741861735, 21.07941729950663], [85.38522708167417, 21.07941729950663], [85.38522708167417, 21.079237636449808], [85.385406744731, 21.079237636449808], [85.385406744731, 21.079057973392985], [85.38576607084464, 21.079057973392985], [85.38576607084464, 21.078878310336158], [85.3862152284867, 21.078878310336158], [85.3862152284867, 21.078518984222512], [85.38603556542988, 21.078518984222512], [85.38603556542988, 21.07833932116569], [85.38639489154353, 21.07833932116569], [85.38639489154353, 21.078159658108863], [85.38657455460034, 21.078159658108863], [85.38657455460034, 21.077441005881568], [85.386933880714, 21.077441005881568], [85.386933880714, 21.077261342824745], [85.38675421765717, 21.077261342824745], [85.38675421765717, 21.07717151129633], [85.38666438612876, 21.07717151129633], [85.38666438612876, 21.077261342824745], [85.38648472307193, 21.077261342824745], [85.38648472307193, 21.077351174353158], [85.38639489154353, 21.077351174353158], [85.38639489154353, 21.077441005881568], [85.3862152284867, 21.077441005881568], [85.3862152284867, 21.077620668938394], [85.38585590237305, 21.077620668938394], [85.38585590237305, 21.077800331995217], [85.38567623931623, 21.077800331995217], [85.38567623931623, 21.077710500466804], [85.38558640778781, 21.077710500466804], [85.38558640778781, 21.077800331995217], [85.3854965762594, 21.077800331995217], [85.3854965762594, 21.077620668938394], [85.385406744731, 21.077620668938394], [85.385406744731, 21.077261342824745], [85.38576607084464, 21.077261342824745], [85.38576607084464, 21.07717151129633], [85.38558640778781, 21.07717151129633], [85.38558640778781, 21.076812185182686], [85.38567623931623, 21.076812185182686], [85.38567623931623, 21.076722353654272], [85.385406744731, 21.076722353654272], [85.385406744731, 21.07654269059745], [85.3854965762594, 21.07654269059745], [85.3854965762594, 21.076363027540626], [85.38567623931623, 21.076363027540626], [85.38567623931623, 21.0761833644838], [85.38603556542988, 21.0761833644838], [85.38603556542988, 21.076003701426977], [85.38639489154353, 21.076003701426977], [85.38639489154353, 21.075824038370154], [85.38648472307193, 21.075824038370154], [85.38648472307193, 21.07564437531333], [85.38639489154353, 21.07564437531333], [85.38639489154353, 21.075464712256505], [85.38684404918558, 21.075464712256505], [85.38684404918558, 21.07474606002921], [85.386933880714, 21.07474606002921], [85.386933880714, 21.0746562285008], [85.38684404918558, 21.0746562285008], [85.38684404918558, 21.074566396972386], [85.38720337529924, 21.074566396972386], [85.38720337529924, 21.074476565443973], [85.38729320682765, 21.074476565443973], [85.38729320682765, 21.074386733915563], [85.38738303835606, 21.074386733915563], [85.38738303835606, 21.074207070858737], [85.38756270141288, 21.074207070858737], [85.38756270141288, 21.074117239330327], [85.3877423644697, 21.074117239330327], [85.3877423644697, 21.074027407801914], [85.38801185905494, 21.074027407801914], [85.38801185905494, 21.0739375762735], [85.3885508482254, 21.0739375762735], [85.3885508482254, 21.07384774474509]], [[85.38657455460034, 21.075913869898564], [85.38648472307193, 21.075913869898564], [85.38648472307193, 21.076003701426977], [85.38657455460034, 21.076003701426977], [85.38657455460034, 21.075913869898564]], [[85.38998815268, 21.075824038370154], [85.38989832115159, 21.075824038370154], [85.38989832115159, 21.075913869898564], [85.38998815268, 21.075913869898564], [85.38998815268, 21.075824038370154]], [[85.39358141381648, 21.076363027540626], [85.39349158228806, 21.076363027540626], [85.39349158228806, 21.076452859069036], [85.39358141381648, 21.076452859069036], [85.39358141381648, 21.076363027540626]], [[85.38882034281065, 21.07519521767127], [85.38873051128223, 21.07519521767127], [85.38873051128223, 21.07528504919968], [85.38882034281065, 21.07528504919968], [85.38882034281065, 21.07519521767127]]]}, "id": "+317+1009", "properties": {"area_ha": 24.066728603782842, "centroid_lat": 21.076748910456626, "centroid_lon": 85.38856760677396, "cluster_id": 0, "n_pixels": 2407, "perim_m": 5943.773751724778, "profile_A00_p50": 0.0649371420336406, "profile_A01_p50": -0.11083470436988313, "profile_A02_p50": 0.14346318026817326, "profile_A03_p50": 0.017083394032160377, "profile_A04_p50": -0.04637003445213128, "profile_A05_p50": -0.008794838739899412, "profile_A06_p50": -0.0697901490985032, "profile_A07_p50": 0.14752746069232994, "profile_A08_p50": -0.09809832530559248, "profile_A09_p50": 0.07865185688890315, "profile_A10_p50": 0.09278434321793148, "profile_A11_p50": 0.06399534700652354, "profile_A12_p50": -0.33706718023658716, "profile_A13_p50": 0.01611334574977108, "profile_A14_p50": -0.02196162797008433, "profile_A15_p50": 0.09865446239857459, "profile_A16_p50": -0.05517367445062648, "profile_A17_p50": 0.020527785675845137, "profile_A18_p50": -0.09320158952852851, "profile_A19_p50": 0.020520659200231755, "profile_A20_p50": -0.27787778199771523, "profile_A21_p50": 0.32710390879651796, "profile_A22_p50": 0.2647713197795599, "profile_A23_p50": -0.05124733800254931, "profile_A24_p50": 0.04592356057259676, "profile_A25_p50": 0.07127039448964882, "profile_A26_p50": 0.11083555905543434, "profile_A27_p50": -0.00047438936866183194, "profile_A28_p50": -0.054212923916086175, "profile_A29_p50": 0.19997662502461896, "profile_A30_p50": 0.06685909016728205, "profile_A31_p50": 0.04931597988423994, "profile_A32_p50": 0.0009931171883571953, "profile_A33_p50": -0.02295085841310662, "profile_A34_p50": 0.04590102399843765, "profile_A35_p50": -0.01855274223737954, "profile_A36_p50": -0.1805969336689741, "profile_A37_p50": 0.038133652209125644, "profile_A38_p50": 0.16465066993068045, "profile_A39_p50": -0.11432195461265213, "profile_A40_p50": 0.05424624345228753, "profile_A41_p50": 0.04933324400612502, "profile_A42_p50": -0.1470229052963256, "profile_A43_p50": 0.36170676065249535, "profile_A44_p50": 0.04735946919384751, "profile_A45_p50": 0.053694415358164035, "profile_A46_p50": -0.020978501530891636, "profile_A47_p50": 0.053738594365539405, "profile_A48_p50": -0.1098768476153089, "profile_A49_p50": 0.05952449153421575, "profile_A50_p50": -0.06982160993676202, "profile_A51_p50": 0.010225107035864925, "profile_A52_p50": -0.01613335808612833, "profile_A53_p50": -0.051767402203102525, "profile_A54_p50": 0.19289055487643264, "profile_A55_p50": -0.12261130834785652, "profile_A56_p50": -0.03467205053136565, "profile_A57_p50": -0.03366955729954787, "profile_A58_p50": -0.10597195248497535, "profile_A59_p50": -0.13033228323719942, "profile_A60_p50": 0.02200174954063654, "profile_A61_p50": -0.0717687835809173, "profile_A62_p50": 0.04784828368557889, "profile_A63_p50": 0.07373148958241554, "unit_id": 28}}, {"type": "Feature", "geometry": {"type": "Polygon", "coordinates": [[[85.38873051128223, 21.07519521767127], [85.38882034281065, 21.07519521767127], [85.38882034281065, 21.07528504919968], [85.38873051128223, 21.07528504919968], [85.38873051128223, 21.075464712256505], [85.3885508482254, 21.075464712256505], [85.3885508482254, 21.07573420684174], [85.38873051128223, 21.07573420684174], [85.38873051128223, 21.075824038370154], [85.38882034281065, 21.075824038370154], [85.38882034281065, 21.075913869898564], [85.38891017433906, 21.075913869898564], [85.38891017433906, 21.07609353295539], [85.38908983739589, 21.07609353295539], [85.38908983739589, 21.076273196012213], [85.3891796689243, 21.076273196012213], [85.3891796689243, 21.076452859069036], [85.38935933198113, 21.076452859069036], [85.38935933198113, 21.076363027540626], [85.38944916350952, 21.076363027540626], [85.38944916350952, 21.076273196012213], [85.38971865809476, 21.076273196012213], [85.38971865809476, 21.0761833644838], [85.38980848962318, 21.0761833644838], [85.38980848962318, 21.075913869898564], [85.38989832115159, 21.075913869898564], [85.38989832115159, 21.075824038370154], [85.38998815268, 21.075824038370154], [85.38998815268, 21.075913869898564], [85.38989832115159, 21.075913869898564], [85.38989832115159, 21.076003701426977], [85.39016781573683, 21.076003701426977], [85.39016781573683, 21.07609353295539], [85.39025764726524, 21.07609353295539], [85.39025764726524, 21.075824038370154], [85.39043731032206, 21.075824038370154], [85.39043731032206, 21.075554543784918], [85.39061697337888, 21.075554543784918], [85.39061697337888, 21.07564437531333], [85.39106613102095, 21.07564437531333], [85.39106613102095, 21.07573420684174], [85.39124579407778, 21.07573420684174], [85.39124579407778, 21.075913869898564], [85.39106613102095, 21.075913869898564], [85.39106613102095, 21.07609353295539], [85.39097629949254, 21.07609353295539], [85.39097629949254, 21.0761833644838], [85.39106613102095, 21.0761833644838], [85.39106613102095, 21.076363027540626], [85.39124579407778, 21.076363027540626], [85.39124579407778, 21.076273196012213], [85.39187461477665, 21.076273196012213], [85.39187461477665, 21.076452859069036], [85.39178478324824, 21.076452859069036], [85.39178478324824, 21.07654269059745], [85.39196444630507, 21.07654269059745], [85.39196444630507, 21.076452859069036], [85.3921441093619, 21.076452859069036], [85.3921441093619, 21.076273196012213], [85.39241360394712, 21.076273196012213], [85.39241360394712, 21.07654269059745], [85.39250343547553, 21.07654269059745], [85.39250343547553, 21.076632522125863], [85.39259326700395, 21.076632522125863], [85.39259326700395, 21.076722353654272], [85.39268309853236, 21.076722353654272], [85.39268309853236, 21.076812185182686], [85.3921441093619, 21.076812185182686], [85.3921441093619, 21.076902016711095], [85.39205427783348, 21.076902016711095], [85.39205427783348, 21.07699184823951], [85.39160512019141, 21.07699184823951], [85.39160512019141, 21.07717151129633], [85.39079663643571, 21.07717151129633], [85.39079663643571, 21.077261342824745], [85.3907068049073, 21.077261342824745], [85.3907068049073, 21.077351174353158], [85.39043731032206, 21.077351174353158], [85.39043731032206, 21.07753083740998], [85.38962882656635, 21.07753083740998], [85.38962882656635, 21.077620668938394], [85.38944916350952, 21.077620668938394], [85.38944916350952, 21.07753083740998], [85.38926950045271, 21.07753083740998], [85.38926950045271, 21.077620668938394], [85.38908983739589, 21.077620668938394], [85.38908983739589, 21.078069826580453], [85.388461016697, 21.078069826580453], [85.388461016697, 21.07797999505204], [85.3883711851686, 21.07797999505204], [85.3883711851686, 21.077800331995217], [85.38828135364018, 21.077800331995217], [85.38828135364018, 21.077710500466804], [85.38810169058335, 21.077710500466804], [85.38810169058335, 21.077351174353158], [85.38792202752653, 21.077351174353158], [85.38792202752653, 21.07708167976792], [85.38810169058335, 21.07708167976792], [85.38810169058335, 21.076902016711095], [85.38819152211177, 21.076902016711095], [85.38819152211177, 21.076632522125863], [85.38810169058335, 21.076632522125863], [85.38810169058335, 21.076363027540626], [85.38819152211177, 21.076363027540626], [85.38819152211177, 21.0761833644838], [85.38810169058335, 21.0761833644838], [85.38810169058335, 21.075824038370154], [85.38792202752653, 21.075824038370154], [85.38792202752653, 21.07573420684174], [85.3877423644697, 21.07573420684174], [85.3877423644697, 21.07564437531333], [85.38765253294129, 21.07564437531333], [85.38765253294129, 21.075554543784918], [85.38756270141288, 21.075554543784918], [85.38756270141288, 21.07528504919968], [85.3877423644697, 21.07528504919968], [85.3877423644697, 21.075374880728095], [85.38783219599812, 21.075374880728095], [85.38783219599812, 21.07528504919968], [85.38873051128223, 21.07528504919968], [85.38873051128223, 21.07519521767127]]]}, "id": "+317+994", "properties": {"area_ha": 7.541222060258289, "centroid_lat": 21.076675221831916, "centroid_lon": 85.3897271976995, "cluster_id": 5, "n_pixels": 754, "perim_m": 2302.7247831942173, "profile_A00_p50": 0.09039075166057686, "profile_A01_p50": -0.11961396687606807, "profile_A02_p50": 0.12658673222623548, "profile_A03_p50": -0.019032516800549397, "profile_A04_p50": -0.04565785378751156, "profile_A05_p50": -0.06493995401014899, "profile_A06_p50": -0.0952341111616557, "profile_A07_p50": 0.172270877900491, "profile_A08_p50": -0.07860690083504003, "profile_A09_p50": 0.12253751512604208, "profile_A10_p50": 0.0659283880277031, "profile_A11_p50": 0.08739148571644537, "profile_A12_p50": -0.3416990741207647, "profile_A13_p50": -0.01024379159168206, "profile_A14_p50": -0.06692508800573418, "profile_A15_p50": 0.08839225468167283, "profile_A16_p50": -0.06494742255474871, "profile_A17_p50": -0.0073111738324437335, "profile_A18_p50": -0.051311811016092786, "profile_A19_p50": -0.02245586871453492, "profile_A20_p50": -0.2564841771201657, "profile_A21_p50": 0.30183195618330894, "profile_A22_p50": 0.3147352097963566, "profile_A23_p50": -0.06103134985106178, "profile_A24_p50": 0.05320635582302553, "profile_A25_p50": 0.05125507158320685, "profile_A26_p50": 0.09424865346339444, "profile_A27_p50": 0.04540717223483963, "profile_A28_p50": -0.06591542100300125, "profile_A29_p50": 0.17132936262727566, "profile_A30_p50": 0.07568474520891881, "profile_A31_p50": 0.025885210323827738, "profile_A32_p50": 0.04788791218898051, "profile_A33_p50": -0.06396929656753877, "profile_A34_p50": 0.06883168556334399, "profile_A35_p50": -0.024900792260453577, "profile_A36_p50": -0.18994823774937653, "profile_A37_p50": -0.008810480796665559, "profile_A38_p50": 0.16263623842257358, "profile_A39_p50": -0.13720192585753754, "profile_A40_p50": 0.06104814588679552, "profile_A41_p50": 0.05810569901229506, "profile_A42_p50": -0.13651582807079568, "profile_A43_p50": 0.3727708659444402, "profile_A44_p50": 0.04541650254848149, "profile_A45_p50": 0.0034238337677682893, "profile_A46_p50": -0.07176554407316721, "profile_A47_p50": 0.0712508502403214, "profile_A48_p50": -0.0717553636459976, "profile_A49_p50": 0.08739287511915282, "profile_A50_p50": -0.06102178037864434, "profile_A51_p50": 0.019052410583469837, "profile_A52_p50": -0.0026801572620071662, "profile_A53_p50": -0.07178095833418072, "profile_A54_p50": 0.16669176883998804, "profile_A55_p50": -0.11570390510840604, "profile_A56_p50": -0.033454459009572786, "profile_A57_p50": -0.017098815982767385, "profile_A58_p50": -0.1225250763576387, "profile_A59_p50": -0.09032495263725088, "profile_A60_p50": 0.06397047762713161, "profile_A61_p50": -0.10498082661182, "profile_A62_p50": -0.001472044667328898, "profile_A63_p50": 0.09425279605268073, "unit_id": 29}}, {"type": "Feature", "geometry": {"type": "Polygon", "coordinates": [[[85.39241360394712, 21.075015554614446], [85.39259326700395, 21.075015554614446], [85.39259326700395, 21.07519521767127], [85.39286276158919, 21.07519521767127], [85.39286276158919, 21.07528504919968], [85.3929525931176, 21.07528504919968], [85.3929525931176, 21.075374880728095], [85.39313225617443, 21.075374880728095], [85.39313225617443, 21.075554543784918], [85.39331191923125, 21.075554543784918], [85.39331191923125, 21.07573420684174], [85.3929525931176, 21.07573420684174], [85.3929525931176, 21.075554543784918], [85.39259326700395, 21.075554543784918], [85.39259326700395, 21.075374880728095], [85.39241360394712, 21.075374880728095], [85.39241360394712, 21.075015554614446]]]}, "id": "+359+996", "properties": {"area_ha": 0.32585807207475426, "centroid_lat": 21.075409529463034, "centroid_lon": 85.39282041250814, "cluster_id": 1, "n_pixels": 33, "perim_m": 345.83767517072266, "profile_A00_p50": 0.05322490089061294, "profile_A01_p50": -0.06588960226698776, "profile_A02_p50": 0.1529994411706668, "profile_A03_p50": 0.004396723212956731, "profile_A04_p50": -0.05832658226689369, "profile_A05_p50": 0.015158496882656702, "profile_A06_p50": -0.058113267185035455, "profile_A07_p50": 0.11962914339116627, "profile_A08_p50": -0.09326266198422985, "profile_A09_p50": 0.08838273719580549, "profile_A10_p50": 0.0927738549931394, "profile_A11_p50": 0.07960371607931654, "profile_A12_p50": -0.3249897319335717, "profile_A13_p50": 0.0044190217192075195, "profile_A14_p50": 0.017099823624685245, "profile_A15_p50": 0.1264737837743902, "profile_A16_p50": -0.06398815698604657, "profile_A17_p50": 0.06009021031571071, "profile_A18_p50": -0.08835826261434147, "profile_A19_p50": -0.020495413132786598, "profile_A20_p50": -0.3432207421649957, "profile_A21_p50": 0.3462977910933563, "profile_A22_p50": 0.21781800919039349, "profile_A23_p50": 0.002466081314448473, "profile_A24_p50": 0.044423011605003684, "profile_A25_p50": 0.07520972980020879, "profile_A26_p50": 0.10986634887067584, "profile_A27_p50": -0.02199335255392581, "profile_A28_p50": -0.042509549344215, "profile_A29_p50": 0.20140214272110038, "profile_A30_p50": 0.055171624942798744, "profile_A31_p50": 0.05227177289072206, "profile_A32_p50": 0.000957316000058114, "profile_A33_p50": 0.009267088127341096, "profile_A34_p50": 0.06397362739951426, "profile_A35_p50": 0.012661068372644, "profile_A36_p50": -0.15279506865085354, "profile_A37_p50": 0.03807606339089456, "profile_A38_p50": 0.15669696681405246, "profile_A39_p50": -0.0595711700946848, "profile_A40_p50": 0.08346119692206716, "profile_A41_p50": 0.08642988587394283, "profile_A42_p50": -0.15870285279429833, "profile_A43_p50": 0.33118419251225517, "profile_A44_p50": 0.05520752142849134, "profile_A45_p50": 0.0532128036651257, "profile_A46_p50": -0.01712322146126869, "profile_A47_p50": 0.02200723127549733, "profile_A48_p50": -0.11667718980753906, "profile_A49_p50": 0.08543167339345949, "profile_A50_p50": -0.046326086499873464, "profile_A51_p50": 0.03856258647140974, "profile_A52_p50": -0.022948844816816024, "profile_A53_p50": -0.06591446047458382, "profile_A54_p50": 0.19317842710817879, "profile_A55_p50": -0.11961082210177881, "profile_A56_p50": -0.0014382150342833156, "profile_A57_p50": -0.04930843751849643, "profile_A58_p50": -0.13624692489672033, "profile_A59_p50": -0.16067235778065347, "profile_A60_p50": -0.024889585453966214, "profile_A61_p50": -0.04440479733645213, "profile_A62_p50": 0.04593597650644479, "profile_A63_p50": 0.08937991613072041, "unit_id": 30}}, {"type": "Feature", "geometry": {"type": "Polygon", "coordinates": [[[85.68957629993386, 21.054084808494462], [85.68966613146227, 21.054084808494462], [85.68966613146227, 21.054264471551285], [85.68975596299069, 21.054264471551285], [85.68975596299069, 21.054444134608108], [85.6898457945191, 21.054444134608108], [85.6898457945191, 21.05453396613652], [85.68993562604751, 21.05453396613652], [85.68993562604751, 21.05462379766493], [85.68975596299069, 21.05462379766493], [85.68975596299069, 21.054444134608108], [85.68966613146227, 21.054444134608108], [85.68966613146227, 21.054264471551285], [85.68957629993386, 21.054264471551285], [85.68957629993386, 21.054084808494462]]]}, "id": "+3666+1229", "properties": {"area_ha": 0.06518082107319746, "centroid_lat": 21.054386385319003, "centroid_lon": 85.6897367143063, "cluster_id": 3, "n_pixels": 7, "perim_m": 194.04258778708393, "profile_A00_p50": 0.011235239387247112, "profile_A01_p50": -0.0944170190952198, "profile_A02_p50": 0.15850057670126871, "profile_A03_p50": 0.003564437970167429, "profile_A04_p50": -0.07205670402902237, "profile_A05_p50": 0.03257106241189286, "profile_A06_p50": -0.07272943763834964, "profile_A07_p50": 0.10985119683312686, "profile_A08_p50": -0.08651845985622647, "profile_A09_p50": 0.0600430883561467, "profile_A10_p50": 0.11400921607631402, "profile_A11_p50": 0.0111920030757401, "profile_A12_p50": -0.3221313230657005, "profile_A13_p50": 0.019024102708091968, "profile_A14_p50": -0.0053916421760631964, "profile_A15_p50": 0.11957411150282209, "profile_A16_p50": -0.07479604942143117, "profile_A17_p50": 0.03803665256952454, "profile_A18_p50": -0.1256803354945045, "profile_A19_p50": -0.01656259063652981, "profile_A20_p50": -0.2722795908059495, "profile_A21_p50": 0.3556452512654423, "profile_A22_p50": 0.17115688105307483, "profile_A23_p50": -0.019990446564841027, "profile_A24_p50": 0.04197593000361166, "profile_A25_p50": 0.09420353859861756, "profile_A26_p50": 0.10178905549147761, "profile_A27_p50": -0.03082037911668791, "profile_A28_p50": -0.0756967453399347, "profile_A29_p50": 0.1908586644815521, "profile_A30_p50": 0.08309282754496135, "profile_A31_p50": 0.06689427143406382, "profile_A32_p50": -0.05181669045714686, "profile_A33_p50": -0.016104732755643374, "profile_A34_p50": 0.049864714440127626, "profile_A35_p50": 0.018629112259767138, "profile_A36_p50": -0.21195628055143625, "profile_A37_p50": 0.09047097270280662, "profile_A38_p50": 0.17544807340384294, "profile_A39_p50": -0.059400418326222906, "profile_A40_p50": 0.08742905150440715, "profile_A41_p50": 0.05032945124855639, "profile_A42_p50": -0.15373454599345476, "profile_A43_p50": 0.3164389764620445, "profile_A44_p50": 0.032788414712290145, "profile_A45_p50": 0.06788945230226325, "profile_A46_p50": 0.012293733179546327, "profile_A47_p50": 0.0634588854602597, "profile_A48_p50": -0.11581008419281325, "profile_A49_p50": 0.036267982797314094, "profile_A50_p50": -0.012156496585562329, "profile_A51_p50": 0.07320562343524893, "profile_A52_p50": -0.014181711833384267, "profile_A53_p50": -0.03801164060014577, "profile_A54_p50": 0.19885668933227743, "profile_A55_p50": -0.09414380413701337, "profile_A56_p50": -0.020010342445014827, "profile_A57_p50": -0.02485003959024507, "profile_A58_p50": -0.10019566862430729, "profile_A59_p50": -0.12456524525126902, "profile_A60_p50": -0.01524541842880943, "profile_A61_p50": -0.04454317190444322, "profile_A62_p50": 0.0748096885813149, "profile_A63_p50": 0.08887335484798001, "unit_id": 31}}, {"type": "Feature", "geometry": {"type": "Polygon", "coordinates": [[[85.69128309897368, 21.052827167096694], [85.69155259355892, 21.052827167096694], [85.69155259355892, 21.052916998625104], [85.69146276203051, 21.052916998625104], [85.69146276203051, 21.053006830153517], [85.69128309897368, 21.053006830153517], [85.69128309897368, 21.052827167096694]]]}, "id": "+3687+1243", "properties": {"area_ha": 0.046558182680353354, "centroid_lat": 21.052908014102098, "centroid_lon": 85.69139988155203, "cluster_id": 3, "n_pixels": 5, "perim_m": 95.80287094884537, "profile_A00_p50": 0.011235239387247112, "profile_A01_p50": -0.0944170190952198, "profile_A02_p50": 0.15850057670126871, "profile_A03_p50": 0.003564437970167429, "profile_A04_p50": -0.07205670402902237, "profile_A05_p50": 0.03257106241189286, "profile_A06_p50": -0.07272943763834964, "profile_A07_p50": 0.10985119683312686, "profile_A08_p50": -0.08651845985622647, "profile_A09_p50": 0.0600430883561467, "profile_A10_p50": 0.11400921607631402, "profile_A11_p50": 0.0111920030757401, "profile_A12_p50": -0.3221313230657005, "profile_A13_p50": 0.019024102708091968, "profile_A14_p50": -0.0053916421760631964, "profile_A15_p50": 0.11957411150282209, "profile_A16_p50": -0.07479604942143117, "profile_A17_p50": 0.03803665256952454, "profile_A18_p50": -0.1256803354945045, "profile_A19_p50": -0.01656259063652981, "profile_A20_p50": -0.2722795908059495, "profile_A21_p50": 0.3556452512654423, "profile_A22_p50": 0.17115688105307483, "profile_A23_p50": -0.019990446564841027, "profile_A24_p50": 0.04197593000361166, "profile_A25_p50": 0.09420353859861756, "profile_A26_p50": 0.10178905549147761, "profile_A27_p50": -0.03082037911668791, "profile_A28_p50": -0.0756967453399347, "profile_A29_p50": 0.1908586644815521, "profile_A30_p50": 0.08309282754496135, "profile_A31_p50": 0.06689427143406382, "profile_A32_p50": -0.05181669045714686, "profile_A33_p50": -0.016104732755643374, "profile_A34_p50": 0.049864714440127626, "profile_A35_p50": 0.018629112259767138, "profile_A36_p50": -0.21195628055143625, "profile_A37_p50": 0.09047097270280662, "profile_A38_p50": 0.17544807340384294, "profile_A39_p50": -0.059400418326222906, "profile_A40_p50": 0.08742905150440715, "profile_A41_p50": 0.05032945124855639, "profile_A42_p50": -0.15373454599345476, "profile_A43_p50": 0.3164389764620445, "profile_A44_p50": 0.032788414712290145, "profile_A45_p50": 0.06788945230226325, "profile_A46_p50": 0.012293733179546327, "profile_A47_p50": 0.0634588854602597, "profile_A48_p50": -0.11581008419281325, "profile_A49_p50": 0.036267982797314094, "profile_A50_p50": -0.012156496585562329, "profile_A51_p50": 0.07320562343524893, "profile_A52_p50": -0.014181711833384267, "profile_A53_p50": -0.03801164060014577, "profile_A54_p50": 0.19885668933227743, "profile_A55_p50": -0.09414380413701337, "profile_A56_p50": -0.020010342445014827, "profile_A57_p50": -0.02485003959024507, "profile_A58_p50": -0.10019566862430729, "profile_A59_p50": -0.12456524525126902, "profile_A60_p50": -0.01524541842880943, "profile_A61_p50": -0.04454317190444322, "profile_A62_p50": 0.0748096885813149, "profile_A63_p50": 0.08887335484798001, "unit_id": 32}}, {"type": "Feature", "geometry": {"type": "Polygon", "coordinates": [[[85.69254074037146, 21.050581378886395], [85.69263057189987, 21.050581378886395], [85.69263057189987, 21.05085087347163], [85.69290006648511, 21.05085087347163], [85.69290006648511, 21.05130003111369], [85.69307972954194, 21.05130003111369], [85.69307972954194, 21.051210199585277], [85.69343905565557, 21.051210199585277], [85.69343905565557, 21.05130003111369], [85.69334922412716, 21.05130003111369], [85.69334922412716, 21.051479694170514], [85.69325939259875, 21.051479694170514], [85.69325939259875, 21.051659357227336], [85.69316956107035, 21.051659357227336], [85.69316956107035, 21.05174918875575], [85.69307972954194, 21.05174918875575], [85.69307972954194, 21.051839020284163], [85.69298989801352, 21.051839020284163], [85.69298989801352, 21.051928851812573], [85.69272040342828, 21.051928851812573], [85.69272040342828, 21.052018683340986], [85.69245090884304, 21.052018683340986], [85.69245090884304, 21.0521085148694], [85.69227124578622, 21.0521085148694], [85.69227124578622, 21.052288177926222], [85.69218141425782, 21.052288177926222], [85.69218141425782, 21.052467840983045], [85.69227124578622, 21.052467840983045], [85.69227124578622, 21.052827167096694], [85.6920915827294, 21.052827167096694], [85.6920915827294, 21.052916998625104], [85.69200175120099, 21.052916998625104], [85.69200175120099, 21.053006830153517], [85.69191191967258, 21.053006830153517], [85.69191191967258, 21.052916998625104], [85.69182208814416, 21.052916998625104], [85.69182208814416, 21.053006830153517], [85.69173225661575, 21.053006830153517], [85.69173225661575, 21.052827167096694], [85.69128309897368, 21.052827167096694], [85.69128309897368, 21.053006830153517], [85.69092377286005, 21.053006830153517], [85.69092377286005, 21.05309666168193], [85.69083394133163, 21.05309666168193], [85.69083394133163, 21.05318649321034], [85.6905644467464, 21.05318649321034], [85.6905644467464, 21.053276324738754], [85.69047461521798, 21.053276324738754], [85.69047461521798, 21.053366156267167], [85.69029495216115, 21.053366156267167], [85.69029495216115, 21.053455987795576], [85.69020512063275, 21.053455987795576], [85.69020512063275, 21.05354581932399], [85.68993562604751, 21.05354581932399], [85.68993562604751, 21.053725482380813], [85.68966613146227, 21.053725482380813], [85.68966613146227, 21.053815313909226], [85.68957629993386, 21.053815313909226], [85.68957629993386, 21.054264471551285], [85.68966613146227, 21.054264471551285], [85.68966613146227, 21.054444134608108], [85.68975596299069, 21.054444134608108], [85.68975596299069, 21.05462379766493], [85.68993562604751, 21.05462379766493], [85.68993562604751, 21.054713629193344], [85.68930680534862, 21.054713629193344], [85.68930680534862, 21.05462379766493], [85.68894747923498, 21.05462379766493], [85.68894747923498, 21.05453396613652], [85.68876781617816, 21.05453396613652], [85.68876781617816, 21.054444134608108], [85.68858815312133, 21.054444134608108], [85.68858815312133, 21.0543543030797], [85.6884084900645, 21.0543543030797], [85.6884084900645, 21.054264471551285], [85.68858815312133, 21.054264471551285], [85.68858815312133, 21.054084808494462], [85.6890373107634, 21.054084808494462], [85.6890373107634, 21.053725482380813], [85.68921697382022, 21.053725482380813], [85.68921697382022, 21.05354581932399], [85.68948646840545, 21.05354581932399], [85.68948646840545, 21.053455987795576], [85.68957629993386, 21.053455987795576], [85.68957629993386, 21.053366156267167], [85.68975596299069, 21.053366156267167], [85.68975596299069, 21.053276324738754], [85.6898457945191, 21.053276324738754], [85.6898457945191, 21.05318649321034], [85.68993562604751, 21.05318649321034], [85.68993562604751, 21.05309666168193], [85.69011528910434, 21.05309666168193], [85.69011528910434, 21.053006830153517], [85.69020512063275, 21.053006830153517], [85.69020512063275, 21.052916998625104], [85.69038478368957, 21.052916998625104], [85.69038478368957, 21.052827167096694], [85.69074410980322, 21.052827167096694], [85.69074410980322, 21.05273733556828], [85.69092377286005, 21.05273733556828], [85.69092377286005, 21.052647504039868], [85.69110343591687, 21.052647504039868], [85.69110343591687, 21.052467840983045], [85.6913729305021, 21.052467840983045], [85.6913729305021, 21.052378009454635], [85.69155259355892, 21.052378009454635], [85.69155259355892, 21.052288177926222], [85.69173225661575, 21.052288177926222], [85.69173225661575, 21.0521085148694], [85.69182208814416, 21.0521085148694], [85.69182208814416, 21.052018683340986], [85.69191191967258, 21.052018683340986], [85.69191191967258, 21.051928851812573], [85.69155259355892, 21.051928851812573], [85.69155259355892, 21.051030536528454], [85.69191191967258, 21.051030536528454], [85.69191191967258, 21.05085087347163], [85.69254074037146, 21.05085087347163], [85.69254074037146, 21.050581378886395]], [[85.6920915827294, 21.05174918875575], [85.69200175120099, 21.05174918875575], [85.69200175120099, 21.051839020284163], [85.69191191967258, 21.051839020284163], [85.69191191967258, 21.051928851812573], [85.6920915827294, 21.051928851812573], [85.6920915827294, 21.05174918875575]], [[85.69298989801352, 21.05174918875575], [85.69290006648511, 21.05174918875575], [85.69290006648511, 21.051839020284163], [85.69298989801352, 21.051839020284163], [85.69298989801352, 21.05174918875575]], [[85.69227124578622, 21.051659357227336], [85.6920915827294, 21.051659357227336], [85.6920915827294, 21.05174918875575], [85.69227124578622, 21.05174918875575], [85.69227124578622, 21.051659357227336]]]}, "id": "+3699+1268", "properties": {"area_ha": 4.599960274493624, "centroid_lat": 21.052548940693075, "centroid_lon": 85.69122274477245, "cluster_id": 0, "n_pixels": 460, "perim_m": 2381.274951607921, "profile_A00_p50": 0.0649371420336406, "profile_A01_p50": -0.11083470436988313, "profile_A02_p50": 0.14346318026817326, "profile_A03_p50": 0.017083394032160377, "profile_A04_p50": -0.04637003445213128, "profile_A05_p50": -0.008794838739899412, "profile_A06_p50": -0.0697901490985032, "profile_A07_p50": 0.14752746069232994, "profile_A08_p50": -0.09809832530559248, "profile_A09_p50": 0.07865185688890315, "profile_A10_p50": 0.09278434321793148, "profile_A11_p50": 0.06399534700652354, "profile_A12_p50": -0.33706718023658716, "profile_A13_p50": 0.01611334574977108, "profile_A14_p50": -0.02196162797008433, "profile_A15_p50": 0.09865446239857459, "profile_A16_p50": -0.05517367445062648, "profile_A17_p50": 0.020527785675845137, "profile_A18_p50": -0.09320158952852851, "profile_A19_p50": 0.020520659200231755, "profile_A20_p50": -0.27787778199771523, "profile_A21_p50": 0.32710390879651796, "profile_A22_p50": 0.2647713197795599, "profile_A23_p50": -0.05124733800254931, "profile_A24_p50": 0.04592356057259676, "profile_A25_p50": 0.07127039448964882, "profile_A26_p50": 0.11083555905543434, "profile_A27_p50": -0.00047438936866183194, "profile_A28_p50": -0.054212923916086175, "profile_A29_p50": 0.19997662502461896, "profile_A30_p50": 0.06685909016728205, "profile_A31_p50": 0.04931597988423994, "profile_A32_p50": 0.0009931171883571953, "profile_A33_p50": -0.02295085841310662, "profile_A34_p50": 0.04590102399843765, "profile_A35_p50": -0.01855274223737954, "profile_A36_p50": -0.1805969336689741, "profile_A37_p50": 0.038133652209125644, "profile_A38_p50": 0.16465066993068045, "profile_A39_p50": -0.11432195461265213, "profile_A40_p50": 0.05424624345228753, "profile_A41_p50": 0.04933324400612502, "profile_A42_p50": -0.1470229052963256, "profile_A43_p50": 0.36170676065249535, "profile_A44_p50": 0.04735946919384751, "profile_A45_p50": 0.053694415358164035, "profile_A46_p50": -0.020978501530891636, "profile_A47_p50": 0.053738594365539405, "profile_A48_p50": -0.1098768476153089, "profile_A49_p50": 0.05952449153421575, "profile_A50_p50": -0.06982160993676202, "profile_A51_p50": 0.010225107035864925, "profile_A52_p50": -0.01613335808612833, "profile_A53_p50": -0.051767402203102525, "profile_A54_p50": 0.19289055487643264, "profile_A55_p50": -0.12261130834785652, "profile_A56_p50": -0.03467205053136565, "profile_A57_p50": -0.03366955729954787, "profile_A58_p50": -0.10597195248497535, "profile_A59_p50": -0.13033228323719942, "profile_A60_p50": 0.02200174954063654, "profile_A61_p50": -0.0717687835809173, "profile_A62_p50": 0.04784828368557889, "profile_A63_p50": 0.07373148958241554, "unit_id": 33}}, {"type": "Feature", "geometry": {"type": "Polygon", "coordinates": [[[85.68256944071773, 21.049323737488628], [85.68310842988821, 21.049323737488628], [85.68310842988821, 21.04950340054545], [85.68346775600185, 21.04950340054545], [85.68346775600185, 21.049593232073864], [85.68364741905867, 21.049593232073864], [85.68364741905867, 21.049683063602274], [85.6838270821155, 21.049683063602274], [85.6838270821155, 21.04995255818751], [85.68391691364391, 21.04995255818751], [85.68391691364391, 21.050042389715923], [85.68436607128596, 21.050042389715923], [85.68436607128596, 21.050132221244336], [85.68445590281438, 21.050132221244336], [85.68445590281438, 21.050222052772746], [85.6846355658712, 21.050222052772746], [85.6846355658712, 21.050401715829572], [85.68481522892803, 21.050401715829572], [85.68481522892803, 21.05076104194322], [85.68499489198486, 21.05076104194322], [85.68499489198486, 21.05094070500004], [85.68508472351327, 21.05094070500004], [85.68508472351327, 21.051120368056868], [85.68517455504168, 21.051120368056868], [85.68517455504168, 21.051389862642104], [85.68508472351327, 21.051389862642104], [85.68508472351327, 21.051479694170514], [85.68517455504168, 21.051479694170514], [85.68517455504168, 21.051839020284163], [85.68625253338263, 21.051839020284163], [85.68625253338263, 21.051928851812573], [85.68634236491103, 21.051928851812573], [85.68634236491103, 21.052018683340986], [85.68553388115532, 21.052018683340986], [85.68553388115532, 21.052378009454635], [85.6853542180985, 21.052378009454635], [85.6853542180985, 21.05255767251146], [85.68499489198486, 21.05255767251146], [85.68499489198486, 21.052467840983045], [85.68490506045644, 21.052467840983045], [85.68490506045644, 21.052378009454635], [85.68481522892803, 21.052378009454635], [85.68481522892803, 21.052288177926222], [85.68472539739962, 21.052288177926222], [85.68472539739962, 21.05219834639781], [85.6846355658712, 21.05219834639781], [85.6846355658712, 21.0521085148694], [85.68454573434279, 21.0521085148694], [85.68454573434279, 21.052018683340986], [85.68445590281438, 21.052018683340986], [85.68445590281438, 21.051839020284163], [85.68436607128596, 21.051839020284163], [85.68436607128596, 21.05174918875575], [85.68427623975757, 21.05174918875575], [85.68427623975757, 21.051659357227336], [85.68418640822915, 21.051659357227336], [85.68418640822915, 21.051569525698927], [85.68409657670074, 21.051569525698927], [85.68409657670074, 21.051389862642104], [85.68400674517233, 21.051389862642104], [85.68400674517233, 21.05130003111369], [85.68391691364391, 21.05130003111369], [85.68391691364391, 21.051210199585277], [85.6838270821155, 21.051210199585277], [85.6838270821155, 21.051030536528454], [85.68373725058709, 21.051030536528454], [85.68373725058709, 21.05094070500004], [85.68364741905867, 21.05094070500004], [85.68364741905867, 21.05085087347163], [85.68355758753026, 21.05085087347163], [85.68355758753026, 21.050671210414805], [85.68346775600185, 21.050671210414805], [85.68346775600185, 21.050581378886395], [85.68337792447343, 21.050581378886395], [85.68337792447343, 21.050491547357982], [85.68328809294503, 21.050491547357982], [85.68328809294503, 21.05031188430116], [85.68319826141662, 21.05031188430116], [85.68319826141662, 21.050222052772746], [85.68310842988821, 21.050222052772746], [85.68310842988821, 21.050132221244336], [85.6830185983598, 21.050132221244336], [85.6830185983598, 21.04995255818751], [85.68292876683138, 21.04995255818751], [85.68292876683138, 21.0498627266591], [85.68283893530297, 21.0498627266591], [85.68283893530297, 21.049683063602274], [85.68274910377455, 21.049683063602274], [85.68274910377455, 21.049593232073864], [85.68265927224614, 21.049593232073864], [85.68265927224614, 21.04941356901704], [85.68256944071773, 21.04941356901704], [85.68256944071773, 21.049323737488628]]]}, "id": "+3593+1282", "properties": {"area_ha": 4.078551100390398, "centroid_lat": 21.050929627108985, "centroid_lon": 85.68429961332549, "cluster_id": 1, "n_pixels": 408, "perim_m": 1519.0580916951656, "profile_A00_p50": 0.05322490089061294, "profile_A01_p50": -0.06588960226698776, "profile_A02_p50": 0.1529994411706668, "profile_A03_p50": 0.004396723212956731, "profile_A04_p50": -0.05832658226689369, "profile_A05_p50": 0.015158496882656702, "profile_A06_p50": -0.058113267185035455, "profile_A07_p50": 0.11962914339116627, "profile_A08_p50": -0.09326266198422985, "profile_A09_p50": 0.08838273719580549, "profile_A10_p50": 0.0927738549931394, "profile_A11_p50": 0.07960371607931654, "profile_A12_p50": -0.3249897319335717, "profile_A13_p50": 0.0044190217192075195, "profile_A14_p50": 0.017099823624685245, "profile_A15_p50": 0.1264737837743902, "profile_A16_p50": -0.06398815698604657, "profile_A17_p50": 0.06009021031571071, "profile_A18_p50": -0.08835826261434147, "profile_A19_p50": -0.020495413132786598, "profile_A20_p50": -0.3432207421649957, "profile_A21_p50": 0.3462977910933563, "profile_A22_p50": 0.21781800919039349, "profile_A23_p50": 0.002466081314448473, "profile_A24_p50": 0.044423011605003684, "profile_A25_p50": 0.07520972980020879, "profile_A26_p50": 0.10986634887067584, "profile_A27_p50": -0.02199335255392581, "profile_A28_p50": -0.042509549344215, "profile_A29_p50": 0.20140214272110038, "profile_A30_p50": 0.055171624942798744, "profile_A31_p50": 0.05227177289072206, "profile_A32_p50": 0.000957316000058114, "profile_A33_p50": 0.009267088127341096, "profile_A34_p50": 0.06397362739951426, "profile_A35_p50": 0.012661068372644, "profile_A36_p50": -0.15279506865085354, "profile_A37_p50": 0.03807606339089456, "profile_A38_p50": 0.15669696681405246, "profile_A39_p50": -0.0595711700946848, "profile_A40_p50": 0.08346119692206716, "profile_A41_p50": 0.08642988587394283, "profile_A42_p50": -0.15870285279429833, "profile_A43_p50": 0.33118419251225517, "profile_A44_p50": 0.05520752142849134, "profile_A45_p50": 0.0532128036651257, "profile_A46_p50": -0.01712322146126869, "profile_A47_p50": 0.02200723127549733, "profile_A48_p50": -0.11667718980753906, "profile_A49_p50": 0.08543167339345949, "profile_A50_p50": -0.046326086499873464, "profile_A51_p50": 0.03856258647140974, "profile_A52_p50": -0.022948844816816024, "profile_A53_p50": -0.06591446047458382, "profile_A54_p50": 0.19317842710817879, "profile_A55_p50": -0.11961082210177881, "profile_A56_p50": -0.0014382150342833156, "profile_A57_p50": -0.04930843751849643, "profile_A58_p50": -0.13624692489672033, "profile_A59_p50": -0.16067235778065347, "profile_A60_p50": -0.024889585453966214, "profile_A61_p50": -0.04440479733645213, "profile_A62_p50": 0.04593597650644479, "profile_A63_p50": 0.08937991613072041, "unit_id": 34}}, {"type": "Feature", "geometry": {"type": "Polygon", "coordinates": [[[85.68939663687704, 21.04950340054545], [85.68948646840545, 21.04950340054545], [85.68948646840545, 21.049593232073864], [85.68957629993386, 21.049593232073864], [85.68957629993386, 21.049683063602274], [85.68975596299069, 21.049683063602274], [85.68975596299069, 21.049772895130687], [85.6898457945191, 21.049772895130687], [85.6898457945191, 21.0498627266591], [85.69002545757593, 21.0498627266591], [85.69002545757593, 21.050132221244336], [85.69020512063275, 21.050132221244336], [85.69020512063275, 21.05031188430116], [85.6898457945191, 21.05031188430116], [85.6898457945191, 21.050581378886395], [85.68993562604751, 21.050581378886395], [85.68993562604751, 21.050671210414805], [85.6898457945191, 21.050671210414805], [85.6898457945191, 21.051030536528454], [85.68975596299069, 21.051030536528454], [85.68975596299069, 21.051120368056868], [85.68966613146227, 21.051120368056868], [85.68966613146227, 21.051389862642104], [85.68957629993386, 21.051389862642104], [85.68957629993386, 21.05130003111369], [85.68939663687704, 21.05130003111369], [85.68939663687704, 21.051210199585277], [85.68921697382022, 21.051210199585277], [85.68921697382022, 21.05094070500004], [85.6890373107634, 21.05094070500004], [85.6890373107634, 21.05076104194322], [85.68885764770657, 21.05076104194322], [85.68885764770657, 21.050401715829572], [85.68867798464974, 21.050401715829572], [85.68867798464974, 21.05031188430116], [85.68858815312133, 21.05031188430116], [85.68858815312133, 21.050222052772746], [85.68885764770657, 21.050222052772746], [85.68885764770657, 21.0498627266591], [85.6890373107634, 21.0498627266591], [85.6890373107634, 21.049772895130687], [85.68930680534862, 21.049772895130687], [85.68930680534862, 21.0498627266591], [85.68939663687704, 21.0498627266591], [85.68939663687704, 21.050042389715923], [85.68975596299069, 21.050042389715923], [85.68975596299069, 21.0498627266591], [85.68957629993386, 21.0498627266591], [85.68957629993386, 21.049772895130687], [85.68948646840545, 21.049772895130687], [85.68948646840545, 21.049683063602274], [85.68939663687704, 21.049683063602274], [85.68939663687704, 21.04950340054545]]]}, "id": "+3664+1280", "properties": {"area_ha": 1.6202519643571558, "centroid_lat": 21.050431659006666, "centroid_lon": 85.68941625512005, "cluster_id": 2, "n_pixels": 162, "perim_m": 906.8920767952839, "profile_A00_p50": 0.07371982774363124, "profile_A01_p50": -0.07080327197516495, "profile_A02_p50": 0.1322981254439931, "profile_A03_p50": -0.010250780619415669, "profile_A04_p50": -0.06299072612406112, "profile_A05_p50": -0.0439732921810316, "profile_A06_p50": -0.090332138479979, "profile_A07_p50": 0.15570511432285652, "profile_A08_p50": -0.09529006011068138, "profile_A09_p50": 0.10596108957985138, "profile_A10_p50": 0.08252946409457931, "profile_A11_p50": 0.0932570701054449, "profile_A12_p50": -0.31193189333292587, "profile_A13_p50": -0.030788098058393845, "profile_A14_p50": -0.027795529498389756, "profile_A15_p50": 0.11374738210001104, "profile_A16_p50": -0.043449434494621644, "profile_A17_p50": 0.013162179069462822, "profile_A18_p50": -0.06300557284934591, "profile_A19_p50": -0.022429241121021376, "profile_A20_p50": -0.3283342303349581, "profile_A21_p50": 0.3213128599954505, "profile_A22_p50": 0.2535923768833039, "profile_A23_p50": -0.033714329613625894, "profile_A24_p50": 0.05809117291122123, "profile_A25_p50": 0.08352769012167616, "profile_A26_p50": 0.09909786926733626, "profile_A27_p50": 0.024892063447947886, "profile_A28_p50": -0.03468229119072916, "profile_A29_p50": 0.19082964554582893, "profile_A30_p50": 0.06105704349326211, "profile_A31_p50": 0.06152768031847395, "profile_A32_p50": 0.05760644314902727, "profile_A33_p50": 0.008265836419161557, "profile_A34_p50": 0.0712919451594574, "profile_A35_p50": -0.02003756707802365, "profile_A36_p50": -0.1509248369789767, "profile_A37_p50": -0.012690673588314686, "profile_A38_p50": 0.1469710593032481, "profile_A39_p50": -0.0649092753017363, "profile_A40_p50": 0.07865071355296285, "profile_A41_p50": 0.10495836679769749, "profile_A42_p50": -0.11673141778576339, "profile_A43_p50": 0.37118176189855545, "profile_A44_p50": 0.06691269187324635, "profile_A45_p50": -0.0029567032692388775, "profile_A46_p50": -0.06495279680901819, "profile_A47_p50": 0.07327085499009287, "profile_A48_p50": -0.06692038688333292, "profile_A49_p50": 0.09473320034659516, "profile_A50_p50": -0.05910077557486114, "profile_A51_p50": 0.010761756592634496, "profile_A52_p50": 0.0005177447727568842, "profile_A53_p50": -0.050288864253106524, "profile_A54_p50": 0.16559715515932047, "profile_A55_p50": -0.14211579159142623, "profile_A56_p50": 0.004405230912624311, "profile_A57_p50": -0.05710532518329083, "profile_A58_p50": -0.12851061312227732, "profile_A59_p50": -0.09322986909838514, "profile_A60_p50": -0.016124172594694525, "profile_A61_p50": -0.0815445966370047, "profile_A62_p50": -0.014670170571513371, "profile_A63_p50": 0.11177554016113044, "unit_id": 35}}, {"type": "Feature", "geometry": {"type": "Polygon", "coordinates": [[[85.52204049944557, 21.048335590676096], [85.52239982555922, 21.048335590676096], [85.52239982555922, 21.04851525373292], [85.52257948861605, 21.04851525373292], [85.52257948861605, 21.048605085261332], [85.52266932014446, 21.048605085261332], [85.52266932014446, 21.048694916789742], [85.52257948861605, 21.048694916789742], [85.52257948861605, 21.04887457984657], [85.52275915167287, 21.04887457984657], [85.52275915167287, 21.04905424290339], [85.52284898320129, 21.04905424290339], [85.52284898320129, 21.049144074431805], [85.5229388147297, 21.049144074431805], [85.5229388147297, 21.049233905960214], [85.5230286462581, 21.049233905960214], [85.5230286462581, 21.049323737488628], [85.52311847778651, 21.049323737488628], [85.52311847778651, 21.04941356901704], [85.52329814084334, 21.04941356901704], [85.52329814084334, 21.04950340054545], [85.52356763542858, 21.04950340054545], [85.52356763542858, 21.049593232073864], [85.52428628765587, 21.049593232073864], [85.52428628765587, 21.049772895130687], [85.52464561376952, 21.049772895130687], [85.52464561376952, 21.0498627266591], [85.52473544529794, 21.0498627266591], [85.52473544529794, 21.050042389715923], [85.52509477141157, 21.050042389715923], [85.52509477141157, 21.050132221244336], [85.52518460293999, 21.050132221244336], [85.52518460293999, 21.050222052772746], [85.5252744344684, 21.050222052772746], [85.5252744344684, 21.05031188430116], [85.52581342363888, 21.05031188430116], [85.52581342363888, 21.050222052772746], [85.5259032551673, 21.050222052772746], [85.5259032551673, 21.050132221244336], [85.5259930866957, 21.050132221244336], [85.5259930866957, 21.050222052772746], [85.52617274975252, 21.050222052772746], [85.52617274975252, 21.050581378886395], [85.5260829182241, 21.050581378886395], [85.5260829182241, 21.050671210414805], [85.5259930866957, 21.050671210414805], [85.5259930866957, 21.05130003111369], [85.52581342363888, 21.05130003111369], [85.52581342363888, 21.051389862642104], [85.52572359211047, 21.051389862642104], [85.52572359211047, 21.051479694170514], [85.5252744344684, 21.051479694170514], [85.5252744344684, 21.051569525698927], [85.52455578224111, 21.051569525698927], [85.52455578224111, 21.051479694170514], [85.52410662459904, 21.051479694170514], [85.52410662459904, 21.051389862642104], [85.52383713001382, 21.051389862642104], [85.52383713001382, 21.05130003111369], [85.52356763542858, 21.05130003111369], [85.52356763542858, 21.051210199585277], [85.52329814084334, 21.051210199585277], [85.52329814084334, 21.051030536528454], [85.52311847778651, 21.051030536528454], [85.52311847778651, 21.05085087347163], [85.5229388147297, 21.05085087347163], [85.5229388147297, 21.05076104194322], [85.52284898320129, 21.05076104194322], [85.52284898320129, 21.050671210414805], [85.52275915167287, 21.050671210414805], [85.52275915167287, 21.05031188430116], [85.52311847778651, 21.05031188430116], [85.52311847778651, 21.050222052772746], [85.5230286462581, 21.050222052772746], [85.5230286462581, 21.050132221244336], [85.5229388147297, 21.050132221244336], [85.5229388147297, 21.04995255818751], [85.52275915167287, 21.04995255818751], [85.52275915167287, 21.0498627266591], [85.52284898320129, 21.0498627266591], [85.52284898320129, 21.049772895130687], [85.52275915167287, 21.049772895130687], [85.52275915167287, 21.049593232073864], [85.52266932014446, 21.049593232073864], [85.52266932014446, 21.04941356901704], [85.52257948861605, 21.04941356901704], [85.52257948861605, 21.049233905960214], [85.52239982555922, 21.049233905960214], [85.52239982555922, 21.04905424290339], [85.52222016250239, 21.04905424290339], [85.52222016250239, 21.04896441137498], [85.52195066791717, 21.04896441137498], [85.52195066791717, 21.04887457984657], [85.52186083638875, 21.04887457984657], [85.52186083638875, 21.048784748318155], [85.52177100486034, 21.048784748318155], [85.52177100486034, 21.04851525373292], [85.52204049944557, 21.04851525373292], [85.52204049944557, 21.048335590676096]]]}, "id": "+1804+1293", "properties": {"area_ha": 6.4251398836146665, "centroid_lat": 21.050365913090516, "centroid_lon": 85.52411221577242, "cluster_id": 2, "n_pixels": 643, "perim_m": 1782.9271536745607, "profile_A00_p50": 0.07371982774363124, "profile_A01_p50": -0.07080327197516495, "profile_A02_p50": 0.1322981254439931, "profile_A03_p50": -0.010250780619415669, "profile_A04_p50": -0.06299072612406112, "profile_A05_p50": -0.0439732921810316, "profile_A06_p50": -0.090332138479979, "profile_A07_p50": 0.15570511432285652, "profile_A08_p50": -0.09529006011068138, "profile_A09_p50": 0.10596108957985138, "profile_A10_p50": 0.08252946409457931, "profile_A11_p50": 0.0932570701054449, "profile_A12_p50": -0.31193189333292587, "profile_A13_p50": -0.030788098058393845, "profile_A14_p50": -0.027795529498389756, "profile_A15_p50": 0.11374738210001104, "profile_A16_p50": -0.043449434494621644, "profile_A17_p50": 0.013162179069462822, "profile_A18_p50": -0.06300557284934591, "profile_A19_p50": -0.022429241121021376, "profile_A20_p50": -0.3283342303349581, "profile_A21_p50": 0.3213128599954505, "profile_A22_p50": 0.2535923768833039, "profile_A23_p50": -0.033714329613625894, "profile_A24_p50": 0.05809117291122123, "profile_A25_p50": 0.08352769012167616, "profile_A26_p50": 0.09909786926733626, "profile_A27_p50": 0.024892063447947886, "profile_A28_p50": -0.03468229119072916, "profile_A29_p50": 0.19082964554582893, "profile_A30_p50": 0.06105704349326211, "profile_A31_p50": 0.06152768031847395, "profile_A32_p50": 0.05760644314902727, "profile_A33_p50": 0.008265836419161557, "profile_A34_p50": 0.0712919451594574, "profile_A35_p50": -0.02003756707802365, "profile_A36_p50": -0.1509248369789767, "profile_A37_p50": -0.012690673588314686, "profile_A38_p50": 0.1469710593032481, "profile_A39_p50": -0.0649092753017363, "profile_A40_p50": 0.07865071355296285, "profile_A41_p50": 0.10495836679769749, "profile_A42_p50": -0.11673141778576339, "profile_A43_p50": 0.37118176189855545, "profile_A44_p50": 0.06691269187324635, "profile_A45_p50": -0.0029567032692388775, "profile_A46_p50": -0.06495279680901819, "profile_A47_p50": 0.07327085499009287, "profile_A48_p50": -0.06692038688333292, "profile_A49_p50": 0.09473320034659516, "profile_A50_p50": -0.05910077557486114, "profile_A51_p50": 0.010761756592634496, "profile_A52_p50": 0.0005177447727568842, "profile_A53_p50": -0.050288864253106524, "profile_A54_p50": 0.16559715515932047, "profile_A55_p50": -0.14211579159142623, "profile_A56_p50": 0.004405230912624311, "profile_A57_p50": -0.05710532518329083, "profile_A58_p50": -0.12851061312227732, "profile_A59_p50": -0.09322986909838514, "profile_A60_p50": -0.016124172594694525, "profile_A61_p50": -0.0815445966370047, "profile_A62_p50": -0.014670170571513371, "profile_A63_p50": 0.11177554016113044, "unit_id": 36}}, {"type": "Feature", "geometry": {"type": "Polygon", "coordinates": [[[85.68849832159292, 21.04896441137498], [85.68867798464974, 21.04896441137498], [85.68867798464974, 21.049144074431805], [85.68885764770657, 21.049144074431805], [85.68885764770657, 21.049233905960214], [85.6890373107634, 21.049233905960214], [85.6890373107634, 21.049323737488628], [85.68921697382022, 21.049323737488628], [85.68921697382022, 21.04950340054545], [85.68939663687704, 21.04950340054545], [85.68939663687704, 21.049683063602274], [85.68948646840545, 21.049683063602274], [85.68948646840545, 21.049772895130687], [85.68957629993386, 21.049772895130687], [85.68957629993386, 21.0498627266591], [85.68975596299069, 21.0498627266591], [85.68975596299069, 21.050042389715923], [85.68939663687704, 21.050042389715923], [85.68939663687704, 21.0498627266591], [85.68930680534862, 21.0498627266591], [85.68930680534862, 21.049772895130687], [85.6890373107634, 21.049772895130687], [85.6890373107634, 21.0498627266591], [85.68885764770657, 21.0498627266591], [85.68885764770657, 21.050222052772746], [85.6884084900645, 21.050222052772746], [85.6884084900645, 21.050132221244336], [85.68822882700769, 21.050132221244336], [85.68822882700769, 21.049683063602274], [85.6884084900645, 21.049683063602274], [85.6884084900645, 21.049323737488628], [85.68849832159292, 21.049323737488628], [85.68849832159292, 21.049683063602274], [85.68858815312133, 21.049683063602274], [85.68858815312133, 21.049233905960214], [85.68849832159292, 21.049233905960214], [85.68849832159292, 21.04896441137498]], [[85.68867798464974, 21.049772895130687], [85.68849832159292, 21.049772895130687], [85.68849832159292, 21.04995255818751], [85.68867798464974, 21.04995255818751], [85.68867798464974, 21.049772895130687]], [[85.68912714229181, 21.04950340054545], [85.6890373107634, 21.04950340054545], [85.6890373107634, 21.049593232073864], [85.68885764770657, 21.049593232073864], [85.68885764770657, 21.049683063602274], [85.68912714229181, 21.049683063602274], [85.68912714229181, 21.04950340054545]], [[85.68876781617816, 21.04941356901704], [85.68867798464974, 21.04941356901704], [85.68867798464974, 21.04950340054545], [85.68876781617816, 21.04950340054545], [85.68876781617816, 21.04941356901704]], [[85.68894747923498, 21.04941356901704], [85.68885764770657, 21.04941356901704], [85.68885764770657, 21.04950340054545], [85.68894747923498, 21.04950340054545], [85.68894747923498, 21.04941356901704]]]}, "id": "+3655+1286", "properties": {"area_ha": 0.921872143890113, "centroid_lat": 21.049691683263298, "centroid_lon": 85.68883450949842, "cluster_id": 3, "n_pixels": 92, "perim_m": 1003.9161484910751, "profile_A00_p50": 0.011235239387247112, "profile_A01_p50": -0.0944170190952198, "profile_A02_p50": 0.15850057670126871, "profile_A03_p50": 0.003564437970167429, "profile_A04_p50": -0.07205670402902237, "profile_A05_p50": 0.03257106241189286, "profile_A06_p50": -0.07272943763834964, "profile_A07_p50": 0.10985119683312686, "profile_A08_p50": -0.08651845985622647, "profile_A09_p50": 0.0600430883561467, "profile_A10_p50": 0.11400921607631402, "profile_A11_p50": 0.0111920030757401, "profile_A12_p50": -0.3221313230657005, "profile_A13_p50": 0.019024102708091968, "profile_A14_p50": -0.0053916421760631964, "profile_A15_p50": 0.11957411150282209, "profile_A16_p50": -0.07479604942143117, "profile_A17_p50": 0.03803665256952454, "profile_A18_p50": -0.1256803354945045, "profile_A19_p50": -0.01656259063652981, "profile_A20_p50": -0.2722795908059495, "profile_A21_p50": 0.3556452512654423, "profile_A22_p50": 0.17115688105307483, "profile_A23_p50": -0.019990446564841027, "profile_A24_p50": 0.04197593000361166, "profile_A25_p50": 0.09420353859861756, "profile_A26_p50": 0.10178905549147761, "profile_A27_p50": -0.03082037911668791, "profile_A28_p50": -0.0756967453399347, "profile_A29_p50": 0.1908586644815521, "profile_A30_p50": 0.08309282754496135, "profile_A31_p50": 0.06689427143406382, "profile_A32_p50": -0.05181669045714686, "profile_A33_p50": -0.016104732755643374, "profile_A34_p50": 0.049864714440127626, "profile_A35_p50": 0.018629112259767138, "profile_A36_p50": -0.21195628055143625, "profile_A37_p50": 0.09047097270280662, "profile_A38_p50": 0.17544807340384294, "profile_A39_p50": -0.059400418326222906, "profile_A40_p50": 0.08742905150440715, "profile_A41_p50": 0.05032945124855639, "profile_A42_p50": -0.15373454599345476, "profile_A43_p50": 0.3164389764620445, "profile_A44_p50": 0.032788414712290145, "profile_A45_p50": 0.06788945230226325, "profile_A46_p50": 0.012293733179546327, "profile_A47_p50": 0.0634588854602597, "profile_A48_p50": -0.11581008419281325, "profile_A49_p50": 0.036267982797314094, "profile_A50_p50": -0.012156496585562329, "profile_A51_p50": 0.07320562343524893, "profile_A52_p50": -0.014181711833384267, "profile_A53_p50": -0.03801164060014577, "profile_A54_p50": 0.19885668933227743, "profile_A55_p50": -0.09414380413701337, "profile_A56_p50": -0.020010342445014827, "profile_A57_p50": -0.02485003959024507, "profile_A58_p50": -0.10019566862430729, "profile_A59_p50": -0.12456524525126902, "profile_A60_p50": -0.01524541842880943, "profile_A61_p50": -0.04454317190444322, "profile_A62_p50": 0.0748096885813149, "profile_A63_p50": 0.08887335484798001, "unit_id": 37}}, {"type": "Feature", "geometry": {"type": "Polygon", "coordinates": [[[85.68310842988821, 21.04887457984657], [85.68328809294503, 21.04887457984657], [85.68328809294503, 21.04896441137498], [85.68346775600185, 21.04896441137498], [85.68346775600185, 21.049144074431805], [85.68328809294503, 21.049144074431805], [85.68328809294503, 21.04905424290339], [85.68319826141662, 21.04905424290339], [85.68319826141662, 21.049144074431805], [85.68310842988821, 21.049144074431805], [85.68310842988821, 21.04887457984657]]]}, "id": "+3595+1287", "properties": {"area_ha": 0.08380692880231519, "centroid_lat": 21.049019310095005, "centroid_lon": 85.683273119963, "cluster_id": 1, "n_pixels": 8, "perim_m": 154.2615243459658, "profile_A00_p50": 0.05322490089061294, "profile_A01_p50": -0.06588960226698776, "profile_A02_p50": 0.1529994411706668, "profile_A03_p50": 0.004396723212956731, "profile_A04_p50": -0.05832658226689369, "profile_A05_p50": 0.015158496882656702, "profile_A06_p50": -0.058113267185035455, "profile_A07_p50": 0.11962914339116627, "profile_A08_p50": -0.09326266198422985, "profile_A09_p50": 0.08838273719580549, "profile_A10_p50": 0.0927738549931394, "profile_A11_p50": 0.07960371607931654, "profile_A12_p50": -0.3249897319335717, "profile_A13_p50": 0.0044190217192075195, "profile_A14_p50": 0.017099823624685245, "profile_A15_p50": 0.1264737837743902, "profile_A16_p50": -0.06398815698604657, "profile_A17_p50": 0.06009021031571071, "profile_A18_p50": -0.08835826261434147, "profile_A19_p50": -0.020495413132786598, "profile_A20_p50": -0.3432207421649957, "profile_A21_p50": 0.3462977910933563, "profile_A22_p50": 0.21781800919039349, "profile_A23_p50": 0.002466081314448473, "profile_A24_p50": 0.044423011605003684, "profile_A25_p50": 0.07520972980020879, "profile_A26_p50": 0.10986634887067584, "profile_A27_p50": -0.02199335255392581, "profile_A28_p50": -0.042509549344215, "profile_A29_p50": 0.20140214272110038, "profile_A30_p50": 0.055171624942798744, "profile_A31_p50": 0.05227177289072206, "profile_A32_p50": 0.000957316000058114, "profile_A33_p50": 0.009267088127341096, "profile_A34_p50": 0.06397362739951426, "profile_A35_p50": 0.012661068372644, "profile_A36_p50": -0.15279506865085354, "profile_A37_p50": 0.03807606339089456, "profile_A38_p50": 0.15669696681405246, "profile_A39_p50": -0.0595711700946848, "profile_A40_p50": 0.08346119692206716, "profile_A41_p50": 0.08642988587394283, "profile_A42_p50": -0.15870285279429833, "profile_A43_p50": 0.33118419251225517, "profile_A44_p50": 0.05520752142849134, "profile_A45_p50": 0.0532128036651257, "profile_A46_p50": -0.01712322146126869, "profile_A47_p50": 0.02200723127549733, "profile_A48_p50": -0.11667718980753906, "profile_A49_p50": 0.08543167339345949, "profile_A50_p50": -0.046326086499873464, "profile_A51_p50": 0.03856258647140974, "profile_A52_p50": -0.022948844816816024, "profile_A53_p50": -0.06591446047458382, "profile_A54_p50": 0.19317842710817879, "profile_A55_p50": -0.11961082210177881, "profile_A56_p50": -0.0014382150342833156, "profile_A57_p50": -0.04930843751849643, "profile_A58_p50": -0.13624692489672033, "profile_A59_p50": -0.16067235778065347, "profile_A60_p50": -0.024889585453966214, "profile_A61_p50": -0.04440479733645213, "profile_A62_p50": 0.04593597650644479, "profile_A63_p50": 0.08937991613072041, "unit_id": 38}}, {"type": "Feature", "geometry": {"type": "Polygon", "coordinates": [[[85.68140163084837, 21.046538960107856], [85.68149146237678, 21.046538960107856], [85.68149146237678, 21.04662879163627], [85.6815812939052, 21.04662879163627], [85.6815812939052, 21.04671862316468], [85.68176095696202, 21.04671862316468], [85.68176095696202, 21.046898286221506], [85.68185078849044, 21.046898286221506], [85.68185078849044, 21.046988117749915], [85.68194062001885, 21.046988117749915], [85.68194062001885, 21.047167780806742], [85.68221011460409, 21.047167780806742], [85.68221011460409, 21.04725761233515], [85.6822999461325, 21.04725761233515], [85.6822999461325, 21.047437275391978], [85.6823897776609, 21.047437275391978], [85.6823897776609, 21.047527106920388], [85.68247960918931, 21.047527106920388], [85.68247960918931, 21.04770676997721], [85.68256944071773, 21.04770676997721], [85.68256944071773, 21.047886433034037], [85.68274910377455, 21.047886433034037], [85.68274910377455, 21.048155927619273], [85.68265927224614, 21.048155927619273], [85.68265927224614, 21.048245759147683], [85.68283893530297, 21.048245759147683], [85.68283893530297, 21.048335590676096], [85.68265927224614, 21.048335590676096], [85.68265927224614, 21.048605085261332], [85.6822999461325, 21.048605085261332], [85.6822999461325, 21.04842542220451], [85.68212028307568, 21.04842542220451], [85.68212028307568, 21.048245759147683], [85.68194062001885, 21.048245759147683], [85.68194062001885, 21.047347443863565], [85.68176095696202, 21.047347443863565], [85.68176095696202, 21.047167780806742], [85.6815812939052, 21.047167780806742], [85.6815812939052, 21.046808454693092], [85.68140163084837, 21.046808454693092], [85.68140163084837, 21.046538960107856]]]}, "id": "+3575+1313", "properties": {"area_ha": 1.145371229306496, "centroid_lat": 21.047743650641593, "centroid_lon": 85.68218345534815, "cluster_id": 1, "n_pixels": 115, "perim_m": 774.9653776107634, "profile_A00_p50": 0.05322490089061294, "profile_A01_p50": -0.06588960226698776, "profile_A02_p50": 0.1529994411706668, "profile_A03_p50": 0.004396723212956731, "profile_A04_p50": -0.05832658226689369, "profile_A05_p50": 0.015158496882656702, "profile_A06_p50": -0.058113267185035455, "profile_A07_p50": 0.11962914339116627, "profile_A08_p50": -0.09326266198422985, "profile_A09_p50": 0.08838273719580549, "profile_A10_p50": 0.0927738549931394, "profile_A11_p50": 0.07960371607931654, "profile_A12_p50": -0.3249897319335717, "profile_A13_p50": 0.0044190217192075195, "profile_A14_p50": 0.017099823624685245, "profile_A15_p50": 0.1264737837743902, "profile_A16_p50": -0.06398815698604657, "profile_A17_p50": 0.06009021031571071, "profile_A18_p50": -0.08835826261434147, "profile_A19_p50": -0.020495413132786598, "profile_A20_p50": -0.3432207421649957, "profile_A21_p50": 0.3462977910933563, "profile_A22_p50": 0.21781800919039349, "profile_A23_p50": 0.002466081314448473, "profile_A24_p50": 0.044423011605003684, "profile_A25_p50": 0.07520972980020879, "profile_A26_p50": 0.10986634887067584, "profile_A27_p50": -0.02199335255392581, "profile_A28_p50": -0.042509549344215, "profile_A29_p50": 0.20140214272110038, "profile_A30_p50": 0.055171624942798744, "profile_A31_p50": 0.05227177289072206, "profile_A32_p50": 0.000957316000058114, "profile_A33_p50": 0.009267088127341096, "profile_A34_p50": 0.06397362739951426, "profile_A35_p50": 0.012661068372644, "profile_A36_p50": -0.15279506865085354, "profile_A37_p50": 0.03807606339089456, "profile_A38_p50": 0.15669696681405246, "profile_A39_p50": -0.0595711700946848, "profile_A40_p50": 0.08346119692206716, "profile_A41_p50": 0.08642988587394283, "profile_A42_p50": -0.15870285279429833, "profile_A43_p50": 0.33118419251225517, "profile_A44_p50": 0.05520752142849134, "profile_A45_p50": 0.0532128036651257, "profile_A46_p50": -0.01712322146126869, "profile_A47_p50": 0.02200723127549733, "profile_A48_p50": -0.11667718980753906, "profile_A49_p50": 0.08543167339345949, "profile_A50_p50": -0.046326086499873464, "profile_A51_p50": 0.03856258647140974, "profile_A52_p50": -0.022948844816816024, "profile_A53_p50": -0.06591446047458382, "profile_A54_p50": 0.19317842710817879, "profile_A55_p50": -0.11961082210177881, "profile_A56_p50": -0.0014382150342833156, "profile_A57_p50": -0.04930843751849643, "profile_A58_p50": -0.13624692489672033, "profile_A59_p50": -0.16067235778065347, "profile_A60_p50": -0.024889585453966214, "profile_A61_p50": -0.04440479733645213, "profile_A62_p50": 0.04593597650644479, "profile_A63_p50": 0.08937991613072041, "unit_id": 39}}, {"type": "Feature", "geometry": {"type": "Polygon", "coordinates": [[[85.52949651630377, 21.04626946552262], [85.52994567394583, 21.04626946552262], [85.52994567394583, 21.046449128579447], [85.52985584241742, 21.046449128579447], [85.52985584241742, 21.046538960107856], [85.52967617936059, 21.046538960107856], [85.52967617936059, 21.04662879163627], [85.529766010889, 21.04662879163627], [85.529766010889, 21.04671862316468], [85.52994567394583, 21.04671862316468], [85.52994567394583, 21.046808454693092], [85.53012533700264, 21.046808454693092], [85.53012533700264, 21.046988117749915], [85.53021516853106, 21.046988117749915], [85.53021516853106, 21.04725761233515], [85.53030500005947, 21.04725761233515], [85.53030500005947, 21.04806609609086], [85.53021516853106, 21.04806609609086], [85.53021516853106, 21.04842542220451], [85.52967617936059, 21.04842542220451], [85.52967617936059, 21.048155927619273], [85.52958634783218, 21.048155927619273], [85.52958634783218, 21.048245759147683], [85.52949651630377, 21.048245759147683], [85.52949651630377, 21.04806609609086], [85.52931685324694, 21.04806609609086], [85.52931685324694, 21.048694916789742], [85.52940668477535, 21.048694916789742], [85.52940668477535, 21.04887457984657], [85.52949651630377, 21.04887457984657], [85.52949651630377, 21.04905424290339], [85.52940668477535, 21.04905424290339], [85.52940668477535, 21.04896441137498], [85.52931685324694, 21.04896441137498], [85.52931685324694, 21.048694916789742], [85.52922702171853, 21.048694916789742], [85.52922702171853, 21.048605085261332], [85.52913719019011, 21.048605085261332], [85.52913719019011, 21.04842542220451], [85.5290473586617, 21.04842542220451], [85.5290473586617, 21.048245759147683], [85.5289575271333, 21.048245759147683], [85.5289575271333, 21.047527106920388], [85.52877786407647, 21.047527106920388], [85.52877786407647, 21.046988117749915], [85.52886769560489, 21.046988117749915], [85.52886769560489, 21.046808454693092], [85.5289575271333, 21.046808454693092], [85.5289575271333, 21.04671862316468], [85.5290473586617, 21.04671862316468], [85.5290473586617, 21.046538960107856], [85.5289575271333, 21.046538960107856], [85.5289575271333, 21.046449128579447], [85.52913719019011, 21.046449128579447], [85.52913719019011, 21.046359297051033], [85.52940668477535, 21.046359297051033], [85.52940668477535, 21.046449128579447], [85.52949651630377, 21.046449128579447], [85.52949651630377, 21.04626946552262]], [[85.529766010889, 21.04671862316468], [85.52967617936059, 21.04671862316468], [85.52967617936059, 21.046808454693092], [85.529766010889, 21.046808454693092], [85.529766010889, 21.04671862316468]]]}, "id": "+1888+1316", "properties": {"area_ha": 2.942585572289222, "centroid_lat": 21.047447223318066, "centroid_lon": 85.52955081261405, "cluster_id": 1, "n_pixels": 294, "perim_m": 1204.0597147796152, "profile_A00_p50": 0.05322490089061294, "profile_A01_p50": -0.06588960226698776, "profile_A02_p50": 0.1529994411706668, "profile_A03_p50": 0.004396723212956731, "profile_A04_p50": -0.05832658226689369, "profile_A05_p50": 0.015158496882656702, "profile_A06_p50": -0.058113267185035455, "profile_A07_p50": 0.11962914339116627, "profile_A08_p50": -0.09326266198422985, "profile_A09_p50": 0.08838273719580549, "profile_A10_p50": 0.0927738549931394, "profile_A11_p50": 0.07960371607931654, "profile_A12_p50": -0.3249897319335717, "profile_A13_p50": 0.0044190217192075195, "profile_A14_p50": 0.017099823624685245, "profile_A15_p50": 0.1264737837743902, "profile_A16_p50": -0.06398815698604657, "profile_A17_p50": 0.06009021031571071, "profile_A18_p50": -0.08835826261434147, "profile_A19_p50": -0.020495413132786598, "profile_A20_p50": -0.3432207421649957, "profile_A21_p50": 0.3462977910933563, "profile_A22_p50": 0.21781800919039349, "profile_A23_p50": 0.002466081314448473, "profile_A24_p50": 0.044423011605003684, "profile_A25_p50": 0.07520972980020879, "profile_A26_p50": 0.10986634887067584, "profile_A27_p50": -0.02199335255392581, "profile_A28_p50": -0.042509549344215, "profile_A29_p50": 0.20140214272110038, "profile_A30_p50": 0.055171624942798744, "profile_A31_p50": 0.05227177289072206, "profile_A32_p50": 0.000957316000058114, "profile_A33_p50": 0.009267088127341096, "profile_A34_p50": 0.06397362739951426, "profile_A35_p50": 0.012661068372644, "profile_A36_p50": -0.15279506865085354, "profile_A37_p50": 0.03807606339089456, "profile_A38_p50": 0.15669696681405246, "profile_A39_p50": -0.0595711700946848, "profile_A40_p50": 0.08346119692206716, "profile_A41_p50": 0.08642988587394283, "profile_A42_p50": -0.15870285279429833, "profile_A43_p50": 0.33118419251225517, "profile_A44_p50": 0.05520752142849134, "profile_A45_p50": 0.0532128036651257, "profile_A46_p50": -0.01712322146126869, "profile_A47_p50": 0.02200723127549733, "profile_A48_p50": -0.11667718980753906, "profile_A49_p50": 0.08543167339345949, "profile_A50_p50": -0.046326086499873464, "profile_A51_p50": 0.03856258647140974, "profile_A52_p50": -0.022948844816816024, "profile_A53_p50": -0.06591446047458382, "profile_A54_p50": 0.19317842710817879, "profile_A55_p50": -0.11961082210177881, "profile_A56_p50": -0.0014382150342833156, "profile_A57_p50": -0.04930843751849643, "profile_A58_p50": -0.13624692489672033, "profile_A59_p50": -0.16067235778065347, "profile_A60_p50": -0.024889585453966214, "profile_A61_p50": -0.04440479733645213, "profile_A62_p50": 0.04593597650644479, "profile_A63_p50": 0.08937991613072041, "unit_id": 40}}, {"type": "Feature", "geometry": {"type": "Polygon", "coordinates": [[[85.52168117333193, 21.0415982260452], [85.52213033097398, 21.0415982260452], [85.52213033097398, 21.041688057573612], [85.52266932014446, 21.041688057573612], [85.52266932014446, 21.041777889102022], [85.5229388147297, 21.041777889102022], [85.5229388147297, 21.041867720630435], [85.52311847778651, 21.041867720630435], [85.52311847778651, 21.04195755215885], [85.5229388147297, 21.04195755215885], [85.5229388147297, 21.042047383687258], [85.5230286462581, 21.042047383687258], [85.5230286462581, 21.042227046744085], [85.52311847778651, 21.042227046744085], [85.52311847778651, 21.04213721521567], [85.52320830931492, 21.04213721521567], [85.52320830931492, 21.04195755215885], [85.52329814084334, 21.04195755215885], [85.52329814084334, 21.042047383687258], [85.52347780390016, 21.042047383687258], [85.52347780390016, 21.04213721521567], [85.52356763542858, 21.04213721521567], [85.52356763542858, 21.042227046744085], [85.52347780390016, 21.042227046744085], [85.52347780390016, 21.042316878272494], [85.52338797237175, 21.042316878272494], [85.52338797237175, 21.042406709800908], [85.52365746695699, 21.042406709800908], [85.52365746695699, 21.042227046744085], [85.52383713001382, 21.042227046744085], [85.52383713001382, 21.042316878272494], [85.52401679307064, 21.042316878272494], [85.52401679307064, 21.042406709800908], [85.52419645612746, 21.042406709800908], [85.52419645612746, 21.04249654132932], [85.52437611918428, 21.04249654132932], [85.52437611918428, 21.04258637285773], [85.52455578224111, 21.04258637285773], [85.52455578224111, 21.042766035914553], [85.52473544529794, 21.042766035914553], [85.52473544529794, 21.042855867442967], [85.52482527682635, 21.042855867442967], [85.52482527682635, 21.04294569897138], [85.52473544529794, 21.04294569897138], [85.52473544529794, 21.04303553049979], [85.52482527682635, 21.04303553049979], [85.52482527682635, 21.043125362028203], [85.52491510835476, 21.043125362028203], [85.52491510835476, 21.043215193556616], [85.52500493988317, 21.043215193556616], [85.52500493988317, 21.043305025085026], [85.52509477141157, 21.043305025085026], [85.52509477141157, 21.04294569897138], [85.5252744344684, 21.04294569897138], [85.5252744344684, 21.04303553049979], [85.52545409752523, 21.04303553049979], [85.52545409752523, 21.043125362028203], [85.52563376058205, 21.043125362028203], [85.52563376058205, 21.043215193556616], [85.52581342363888, 21.043215193556616], [85.52581342363888, 21.043305025085026], [85.5259930866957, 21.043305025085026], [85.5259930866957, 21.04339485661344], [85.52617274975252, 21.04339485661344], [85.52617274975252, 21.043484688141852], [85.52626258128093, 21.043484688141852], [85.52626258128093, 21.043844014255498], [85.5260829182241, 21.043844014255498], [85.5260829182241, 21.04402367731232], [85.52572359211047, 21.04402367731232], [85.52572359211047, 21.044113508840734], [85.52554392905364, 21.044113508840734], [85.52554392905364, 21.04402367731232], [85.5252744344684, 21.04402367731232], [85.5252744344684, 21.044203340369148], [85.52491510835476, 21.044203340369148], [85.52491510835476, 21.044472834954384], [85.52482527682635, 21.044472834954384], [85.52482527682635, 21.044562666482793], [85.52491510835476, 21.044562666482793], [85.52491510835476, 21.044742329539616], [85.52500493988317, 21.044742329539616], [85.52500493988317, 21.044921992596443], [85.5259032551673, 21.044921992596443], [85.5259032551673, 21.045101655653266], [85.5260829182241, 21.045101655653266], [85.5260829182241, 21.04519148718168], [85.52617274975252, 21.04519148718168], [85.52617274975252, 21.04528131871009], [85.52680157045141, 21.04528131871009], [85.52680157045141, 21.045101655653266], [85.52698123350824, 21.045101655653266], [85.52698123350824, 21.044921992596443], [85.52725072809346, 21.044921992596443], [85.52725072809346, 21.04483216106803], [85.52698123350824, 21.04483216106803], [85.52698123350824, 21.044742329539616], [85.52689140197982, 21.044742329539616], [85.52689140197982, 21.044652498011207], [85.52707106503664, 21.044652498011207], [85.52707106503664, 21.044562666482793], [85.52734055962188, 21.044562666482793], [85.52734055962188, 21.044652498011207], [85.52743039115029, 21.044652498011207], [85.52743039115029, 21.044562666482793], [85.52778971726394, 21.044562666482793], [85.52778971726394, 21.044652498011207], [85.52787954879236, 21.044652498011207], [85.52787954879236, 21.044742329539616], [85.52796938032077, 21.044742329539616], [85.52796938032077, 21.044921992596443], [85.52805921184917, 21.044921992596443], [85.52805921184917, 21.045011824124852], [85.52832870643441, 21.045011824124852], [85.52832870643441, 21.045101655653266], [85.52814904337758, 21.045101655653266], [85.52814904337758, 21.045371150238502], [85.52859820101965, 21.045371150238502], [85.52859820101965, 21.04528131871009], [85.52850836949123, 21.04528131871009], [85.52850836949123, 21.04519148718168], [85.52859820101965, 21.04519148718168], [85.52859820101965, 21.045101655653266], [85.52841853796282, 21.045101655653266], [85.52841853796282, 21.045011824124852], [85.52859820101965, 21.045011824124852], [85.52859820101965, 21.044921992596443], [85.52841853796282, 21.044921992596443], [85.52841853796282, 21.044742329539616], [85.52850836949123, 21.044742329539616], [85.52850836949123, 21.04483216106803], [85.52868803254806, 21.04483216106803], [85.52868803254806, 21.044921992596443], [85.52877786407647, 21.044921992596443], [85.52877786407647, 21.045011824124852], [85.52886769560489, 21.045011824124852], [85.52886769560489, 21.045101655653266], [85.5289575271333, 21.045101655653266], [85.5289575271333, 21.04519148718168], [85.5290473586617, 21.04519148718168], [85.5290473586617, 21.04528131871009], [85.52913719019011, 21.04528131871009], [85.52913719019011, 21.045550813295325], [85.52940668477535, 21.045550813295325], [85.52940668477535, 21.045640644823738], [85.52949651630377, 21.045640644823738], [85.52949651630377, 21.04582030788056], [85.52958634783218, 21.04582030788056], [85.52958634783218, 21.045910139408974], [85.52967617936059, 21.045910139408974], [85.52967617936059, 21.045999970937384], [85.529766010889, 21.045999970937384], [85.529766010889, 21.04617963399421], [85.52949651630377, 21.04617963399421], [85.52949651630377, 21.046089802465797], [85.52940668477535, 21.046089802465797], [85.52940668477535, 21.04617963399421], [85.52931685324694, 21.04617963399421], [85.52931685324694, 21.046089802465797], [85.52913719019011, 21.046089802465797], [85.52913719019011, 21.04626946552262], [85.52922702171853, 21.04626946552262], [85.52922702171853, 21.046359297051033], [85.52913719019011, 21.046359297051033], [85.52913719019011, 21.046449128579447], [85.5289575271333, 21.046449128579447], [85.5289575271333, 21.046538960107856], [85.5290473586617, 21.046538960107856], [85.5290473586617, 21.04671862316468], [85.5289575271333, 21.04671862316468], [85.5289575271333, 21.046808454693092], [85.52886769560489, 21.046808454693092], [85.52886769560489, 21.046988117749915], [85.52877786407647, 21.046988117749915], [85.52877786407647, 21.047527106920388], [85.5289575271333, 21.047527106920388], [85.5289575271333, 21.048245759147683], [85.5290473586617, 21.048245759147683], [85.5290473586617, 21.04842542220451], [85.52913719019011, 21.04842542220451], [85.52913719019011, 21.048605085261332], [85.52922702171853, 21.048605085261332], [85.52922702171853, 21.048694916789742], [85.52931685324694, 21.048694916789742], [85.52931685324694, 21.04896441137498], [85.52940668477535, 21.04896441137498], [85.52940668477535, 21.04905424290339], [85.52949651630377, 21.04905424290339], [85.52949651630377, 21.049144074431805], [85.52958634783218, 21.049144074431805], [85.52958634783218, 21.04950340054545], [85.52949651630377, 21.04950340054545], [85.52949651630377, 21.049593232073864], [85.52931685324694, 21.049593232073864], [85.52931685324694, 21.049683063602274], [85.52913719019011, 21.049683063602274], [85.52913719019011, 21.0498627266591], [85.5289575271333, 21.0498627266591], [85.5289575271333, 21.04995255818751], [85.52886769560489, 21.04995255818751], [85.52886769560489, 21.050042389715923], [85.52868803254806, 21.050042389715923], [85.52868803254806, 21.050132221244336], [85.52850836949123, 21.050132221244336], [85.52850836949123, 21.050222052772746], [85.528238874906, 21.050222052772746], [85.528238874906, 21.05031188430116], [85.52805921184917, 21.05031188430116], [85.52805921184917, 21.050401715829572], [85.52796938032077, 21.050401715829572], [85.52796938032077, 21.050222052772746], [85.52778971726394, 21.050222052772746], [85.52778971726394, 21.05031188430116], [85.5275202226787, 21.05031188430116], [85.5275202226787, 21.050491547357982], [85.52743039115029, 21.050491547357982], [85.52743039115029, 21.050581378886395], [85.52734055962188, 21.050581378886395], [85.52734055962188, 21.050401715829572], [85.52716089656505, 21.050401715829572], [85.52716089656505, 21.050581378886395], [85.52707106503664, 21.050581378886395], [85.52707106503664, 21.050491547357982], [85.52698123350824, 21.050491547357982], [85.52698123350824, 21.050581378886395], [85.52680157045141, 21.050581378886395], [85.52680157045141, 21.05076104194322], [85.52689140197982, 21.05076104194322], [85.52689140197982, 21.050671210414805], [85.52698123350824, 21.050671210414805], [85.52698123350824, 21.05076104194322], [85.52716089656505, 21.05076104194322], [85.52716089656505, 21.05085087347163], [85.52698123350824, 21.05085087347163], [85.52698123350824, 21.05094070500004], [85.52680157045141, 21.05094070500004], [85.52680157045141, 21.051030536528454], [85.52662190739458, 21.051030536528454], [85.52662190739458, 21.051120368056868], [85.52644224433776, 21.051120368056868], [85.52644224433776, 21.051210199585277], [85.52617274975252, 21.051210199585277], [85.52617274975252, 21.05130003111369], [85.5259930866957, 21.05130003111369], [85.5259930866957, 21.051389862642104], [85.52581342363888, 21.051389862642104], [85.52581342363888, 21.05130003111369], [85.5259930866957, 21.05130003111369], [85.5259930866957, 21.050671210414805], [85.5260829182241, 21.050671210414805], [85.5260829182241, 21.050581378886395], [85.52617274975252, 21.050581378886395], [85.52617274975252, 21.050222052772746], [85.5259930866957, 21.050222052772746], [85.5259930866957, 21.050132221244336], [85.5259032551673, 21.050132221244336], [85.5259032551673, 21.050222052772746], [85.52581342363888, 21.050222052772746], [85.52581342363888, 21.05031188430116], [85.5252744344684, 21.05031188430116], [85.5252744344684, 21.050222052772746], [85.52518460293999, 21.050222052772746], [85.52518460293999, 21.050132221244336], [85.52509477141157, 21.050132221244336], [85.52509477141157, 21.050042389715923], [85.52473544529794, 21.050042389715923], [85.52473544529794, 21.0498627266591], [85.52464561376952, 21.0498627266591], [85.52464561376952, 21.049772895130687], [85.52428628765587, 21.049772895130687], [85.52428628765587, 21.049593232073864], [85.52356763542858, 21.049593232073864], [85.52356763542858, 21.04950340054545], [85.52329814084334, 21.04950340054545], [85.52329814084334, 21.04941356901704], [85.52311847778651, 21.04941356901704], [85.52311847778651, 21.049323737488628], [85.5230286462581, 21.049323737488628], [85.5230286462581, 21.049233905960214], [85.5229388147297, 21.049233905960214], [85.5229388147297, 21.049144074431805], [85.52284898320129, 21.049144074431805], [85.52284898320129, 21.04905424290339], [85.52275915167287, 21.04905424290339], [85.52275915167287, 21.04887457984657], [85.52257948861605, 21.04887457984657], [85.52257948861605, 21.048694916789742], [85.52275915167287, 21.048694916789742], [85.52275915167287, 21.04851525373292], [85.5229388147297, 21.04851525373292], [85.5229388147297, 21.04842542220451], [85.52311847778651, 21.04842542220451], [85.52311847778651, 21.047437275391978], [85.5230286462581, 21.047437275391978], [85.5230286462581, 21.047347443863565], [85.52320830931492, 21.047347443863565], [85.52320830931492, 21.04725761233515], [85.52329814084334, 21.04725761233515], [85.52329814084334, 21.04707794927833], [85.52338797237175, 21.04707794927833], [85.52338797237175, 21.046988117749915], [85.52356763542858, 21.046988117749915], [85.52356763542858, 21.046898286221506], [85.5237472984854, 21.046898286221506], [85.5237472984854, 21.046808454693092], [85.52383713001382, 21.046808454693092], [85.52383713001382, 21.04671862316468], [85.52392696154223, 21.04671862316468], [85.52392696154223, 21.046538960107856], [85.52419645612746, 21.046538960107856], [85.52419645612746, 21.046449128579447], [85.52428628765587, 21.046449128579447], [85.52428628765587, 21.046089802465797], [85.5244659507127, 21.046089802465797], [85.5244659507127, 21.045999970937384], [85.52455578224111, 21.045999970937384], [85.52455578224111, 21.045910139408974], [85.5244659507127, 21.045910139408974], [85.5244659507127, 21.045640644823738], [85.52419645612746, 21.045640644823738], [85.52419645612746, 21.045460981766915], [85.52383713001382, 21.045460981766915], [85.52383713001382, 21.045371150238502], [85.5237472984854, 21.045371150238502], [85.5237472984854, 21.04528131871009], [85.52347780390016, 21.04528131871009], [85.52347780390016, 21.045101655653266], [85.52338797237175, 21.045101655653266], [85.52338797237175, 21.044921992596443], [85.52320830931492, 21.044921992596443], [85.52320830931492, 21.04483216106803], [85.52311847778651, 21.04483216106803], [85.52311847778651, 21.044921992596443], [85.52123201568986, 21.044921992596443], [85.52123201568986, 21.045101655653266], [85.52105235263303, 21.045101655653266], [85.52105235263303, 21.04528131871009], [85.52078285804781, 21.04528131871009], [85.52078285804781, 21.045101655653266], [85.52060319499098, 21.045101655653266], [85.52060319499098, 21.044921992596443], [85.52033370040574, 21.044921992596443], [85.52033370040574, 21.044742329539616], [85.52024386887733, 21.044742329539616], [85.52024386887733, 21.044562666482793], [85.52015403734892, 21.044562666482793], [85.52015403734892, 21.044742329539616], [85.51988454276369, 21.044742329539616], [85.51988454276369, 21.044921992596443], [85.51970487970686, 21.044921992596443], [85.51970487970686, 21.045371150238502], [85.51961504817845, 21.045371150238502], [85.51961504817845, 21.04582030788056], [85.51952521665004, 21.04582030788056], [85.51952521665004, 21.045999970937384], [85.51988454276369, 21.045999970937384], [85.51988454276369, 21.045910139408974], [85.5199743742921, 21.045910139408974], [85.5199743742921, 21.045999970937384], [85.52015403734892, 21.045999970937384], [85.52015403734892, 21.046449128579447], [85.52024386887733, 21.046449128579447], [85.52024386887733, 21.04662879163627], [85.52042353193416, 21.04662879163627], [85.52042353193416, 21.04671862316468], [85.5206930265194, 21.04671862316468], [85.5206930265194, 21.046808454693092], [85.52087268957622, 21.046808454693092], [85.52087268957622, 21.046898286221506], [85.52105235263303, 21.046898286221506], [85.52105235263303, 21.046988117749915], [85.52123201568986, 21.046988117749915], [85.52123201568986, 21.04707794927833], [85.52132184721827, 21.04707794927833], [85.52132184721827, 21.047437275391978], [85.52123201568986, 21.047437275391978], [85.52123201568986, 21.0476169384488], [85.52159134180351, 21.0476169384488], [85.52159134180351, 21.04770676997721], [85.52168117333193, 21.04770676997721], [85.52168117333193, 21.047796601505624], [85.52222016250239, 21.047796601505624], [85.52222016250239, 21.047886433034037], [85.5223099940308, 21.047886433034037], [85.5223099940308, 21.047976264562447], [85.52239982555922, 21.047976264562447], [85.52239982555922, 21.048335590676096], [85.52204049944557, 21.048335590676096], [85.52204049944557, 21.04851525373292], [85.52177100486034, 21.04851525373292], [85.52177100486034, 21.048784748318155], [85.52186083638875, 21.048784748318155], [85.52186083638875, 21.04887457984657], [85.52195066791717, 21.04887457984657], [85.52195066791717, 21.04896441137498], [85.52222016250239, 21.04896441137498], [85.52222016250239, 21.04905424290339], [85.52239982555922, 21.04905424290339], [85.52239982555922, 21.049233905960214], [85.52257948861605, 21.049233905960214], [85.52257948861605, 21.04941356901704], [85.52266932014446, 21.04941356901704], [85.52266932014446, 21.049593232073864], [85.52275915167287, 21.049593232073864], [85.52275915167287, 21.049772895130687], [85.52284898320129, 21.049772895130687], [85.52284898320129, 21.0498627266591], [85.52275915167287, 21.0498627266591], [85.52275915167287, 21.04995255818751], [85.5229388147297, 21.04995255818751], [85.5229388147297, 21.050132221244336], [85.5230286462581, 21.050132221244336], [85.5230286462581, 21.050222052772746], [85.52311847778651, 21.050222052772746], [85.52311847778651, 21.05031188430116], [85.52275915167287, 21.05031188430116], [85.52275915167287, 21.050671210414805], [85.52284898320129, 21.050671210414805], [85.52284898320129, 21.05076104194322], [85.5229388147297, 21.05076104194322], [85.5229388147297, 21.05085087347163], [85.52311847778651, 21.05085087347163], [85.52311847778651, 21.051030536528454], [85.52329814084334, 21.051030536528454], [85.52329814084334, 21.051210199585277], [85.52320830931492, 21.051210199585277], [85.52320830931492, 21.051120368056868], [85.5229388147297, 21.051120368056868], [85.5229388147297, 21.051030536528454], [85.52266932014446, 21.051030536528454], [85.52266932014446, 21.05094070500004], [85.52239982555922, 21.05094070500004], [85.52239982555922, 21.05085087347163], [85.52222016250239, 21.05085087347163], [85.52222016250239, 21.05076104194322], [85.52204049944557, 21.05076104194322], [85.52204049944557, 21.050671210414805], [85.52186083638875, 21.050671210414805], [85.52186083638875, 21.050581378886395], [85.52177100486034, 21.050581378886395], [85.52177100486034, 21.050491547357982], [85.52168117333193, 21.050491547357982], [85.52168117333193, 21.050401715829572], [85.5215015102751, 21.050401715829572], [85.5215015102751, 21.05031188430116], [85.52141167874669, 21.05031188430116], [85.52141167874669, 21.050222052772746], [85.52132184721827, 21.050222052772746], [85.52132184721827, 21.050132221244336], [85.52123201568986, 21.050132221244336], [85.52123201568986, 21.050042389715923], [85.52105235263303, 21.050042389715923], [85.52105235263303, 21.04995255818751], [85.52096252110464, 21.04995255818751], [85.52096252110464, 21.0498627266591], [85.52087268957622, 21.0498627266591], [85.52087268957622, 21.049772895130687], [85.52078285804781, 21.049772895130687], [85.52078285804781, 21.049683063602274], [85.52060319499098, 21.049683063602274], [85.52060319499098, 21.049593232073864], [85.52051336346257, 21.049593232073864], [85.52051336346257, 21.04950340054545], [85.52042353193416, 21.04950340054545], [85.52042353193416, 21.04941356901704], [85.52033370040574, 21.04941356901704], [85.52033370040574, 21.049323737488628], [85.52024386887733, 21.049323737488628], [85.52024386887733, 21.049233905960214], [85.5200642058205, 21.049233905960214], [85.5200642058205, 21.049144074431805], [85.5199743742921, 21.049144074431805], [85.5199743742921, 21.04905424290339], [85.51988454276369, 21.04905424290339], [85.51988454276369, 21.04896441137498], [85.51979471123528, 21.04896441137498], [85.51979471123528, 21.04887457984657], [85.51961504817845, 21.04887457984657], [85.51961504817845, 21.048784748318155], [85.51952521665004, 21.048784748318155], [85.51952521665004, 21.04851525373292], [85.51988454276369, 21.04851525373292], [85.51988454276369, 21.048335590676096], [85.5199743742921, 21.048335590676096], [85.5199743742921, 21.048155927619273], [85.51988454276369, 21.048155927619273], [85.51988454276369, 21.047976264562447], [85.51952521665004, 21.047976264562447], [85.51952521665004, 21.04806609609086], [85.51943538512162, 21.04806609609086], [85.51943538512162, 21.048155927619273], [85.51934555359321, 21.048155927619273], [85.51934555359321, 21.048335590676096], [85.51898622747957, 21.048335590676096], [85.51898622747957, 21.048245759147683], [85.51889639595116, 21.048245759147683], [85.51889639595116, 21.048155927619273], [85.51880656442275, 21.048155927619273], [85.51880656442275, 21.04806609609086], [85.51871673289433, 21.04806609609086], [85.51871673289433, 21.047976264562447], [85.51862690136592, 21.047976264562447], [85.51862690136592, 21.047886433034037], [85.5185370698375, 21.047886433034037], [85.5185370698375, 21.047796601505624], [85.5184472383091, 21.047796601505624], [85.5184472383091, 21.04770676997721], [85.51835740678068, 21.04770676997721], [85.51835740678068, 21.0476169384488], [85.51826757525227, 21.0476169384488], [85.51826757525227, 21.047437275391978], [85.51817774372385, 21.047437275391978], [85.51817774372385, 21.047347443863565], [85.51808791219544, 21.047347443863565], [85.51808791219544, 21.04725761233515], [85.51799808066704, 21.04725761233515], [85.51799808066704, 21.047167780806742], [85.51790824913863, 21.047167780806742], [85.51790824913863, 21.04707794927833], [85.51781841761021, 21.04707794927833], [85.51781841761021, 21.046988117749915], [85.5177285860818, 21.046988117749915], [85.5177285860818, 21.046808454693092], [85.51763875455339, 21.046808454693092], [85.51763875455339, 21.04671862316468], [85.51754892302498, 21.04671862316468], [85.51754892302498, 21.04662879163627], [85.51745909149656, 21.04662879163627], [85.51745909149656, 21.046538960107856], [85.51736925996815, 21.046538960107856], [85.51736925996815, 21.046449128579447], [85.51727942843974, 21.046449128579447], [85.51727942843974, 21.04617963399421], [85.51736925996815, 21.04617963399421], [85.51736925996815, 21.045999970937384], [85.51763875455339, 21.045999970937384], [85.51763875455339, 21.04582030788056], [85.51808791219544, 21.04582030788056], [85.51808791219544, 21.045910139408974], [85.51817774372385, 21.045910139408974], [85.51817774372385, 21.045999970937384], [85.5185370698375, 21.045999970937384], [85.5185370698375, 21.045640644823738], [85.51871673289433, 21.045640644823738], [85.51871673289433, 21.045101655653266], [85.51916589053639, 21.045101655653266], [85.51916589053639, 21.04402367731232], [85.51907605900797, 21.04402367731232], [85.51907605900797, 21.04393384578391], [85.51898622747957, 21.04393384578391], [85.51898622747957, 21.043305025085026], [85.51907605900797, 21.043305025085026], [85.51907605900797, 21.043215193556616], [85.51916589053639, 21.043215193556616], [85.51916589053639, 21.043125362028203], [85.51934555359321, 21.043125362028203], [85.51934555359321, 21.042227046744085], [85.51952521665004, 21.042227046744085], [85.51952521665004, 21.042047383687258], [85.51979471123528, 21.042047383687258], [85.51979471123528, 21.04195755215885], [85.5200642058205, 21.04195755215885], [85.5200642058205, 21.041867720630435], [85.52033370040574, 21.041867720630435], [85.52033370040574, 21.042047383687258], [85.5206930265194, 21.042047383687258], [85.5206930265194, 21.04195755215885], [85.52042353193416, 21.04195755215885], [85.52042353193416, 21.041867720630435], [85.52060319499098, 21.041867720630435], [85.52060319499098, 21.041777889102022], [85.52105235263303, 21.041777889102022], [85.52105235263303, 21.041688057573612], [85.52132184721827, 21.041688057573612], [85.52132184721827, 21.042047383687258], [85.5215015102751, 21.042047383687258], [85.5215015102751, 21.041688057573612], [85.52168117333193, 21.041688057573612], [85.52168117333193, 21.0415982260452]], [[85.52177100486034, 21.04995255818751], [85.5215015102751, 21.04995255818751], [85.5215015102751, 21.050132221244336], [85.52177100486034, 21.050132221244336], [85.52177100486034, 21.04995255818751]], [[85.52913719019011, 21.04950340054545], [85.5290473586617, 21.04950340054545], [85.5290473586617, 21.049593232073864], [85.52913719019011, 21.049593232073864], [85.52913719019011, 21.04950340054545]], [[85.5290473586617, 21.049144074431805], [85.5289575271333, 21.049144074431805], [85.5289575271333, 21.049323737488628], [85.5290473586617, 21.049323737488628], [85.5290473586617, 21.049144074431805]], [[85.5289575271333, 21.04896441137498], [85.52868803254806, 21.04896441137498], [85.52868803254806, 21.049144074431805], [85.5289575271333, 21.049144074431805], [85.5289575271333, 21.04896441137498]], [[85.52626258128093, 21.04842542220451], [85.5259930866957, 21.04842542220451], [85.5259930866957, 21.04851525373292], [85.5259032551673, 21.04851525373292], [85.5259032551673, 21.04842542220451], [85.52581342363888, 21.04842542220451], [85.52581342363888, 21.048605085261332], [85.52563376058205, 21.048605085261332], [85.52563376058205, 21.04896441137498], [85.52572359211047, 21.04896441137498], [85.52572359211047, 21.04905424290339], [85.52581342363888, 21.04905424290339], [85.52581342363888, 21.049144074431805], [85.5259930866957, 21.049144074431805], [85.5259930866957, 21.049323737488628], [85.52626258128093, 21.049323737488628], [85.52626258128093, 21.049144074431805], [85.52644224433776, 21.049144074431805], [85.52644224433776, 21.048784748318155], [85.52635241280935, 21.048784748318155], [85.52635241280935, 21.048694916789742], [85.52626258128093, 21.048694916789742], [85.52626258128093, 21.048605085261332], [85.52635241280935, 21.048605085261332], [85.52635241280935, 21.04851525373292], [85.52626258128093, 21.04851525373292], [85.52626258128093, 21.04842542220451]], [[85.52859820101965, 21.04842542220451], [85.52850836949123, 21.04842542220451], [85.52850836949123, 21.048605085261332], [85.52859820101965, 21.048605085261332], [85.52859820101965, 21.04842542220451]], [[85.5260829182241, 21.048245759147683], [85.5259930866957, 21.048245759147683], [85.5259930866957, 21.048335590676096], [85.5260829182241, 21.048335590676096], [85.5260829182241, 21.048245759147683]], [[85.52644224433776, 21.047976264562447], [85.52635241280935, 21.047976264562447], [85.52635241280935, 21.048155927619273], [85.52644224433776, 21.048155927619273], [85.52644224433776, 21.047976264562447]], [[85.52850836949123, 21.047796601505624], [85.52841853796282, 21.047796601505624], [85.52841853796282, 21.047886433034037], [85.52850836949123, 21.047886433034037], [85.52850836949123, 21.047796601505624]], [[85.52850836949123, 21.047437275391978], [85.52841853796282, 21.047437275391978], [85.52841853796282, 21.047527106920388], [85.52850836949123, 21.047527106920388], [85.52850836949123, 21.047437275391978]], [[85.52859820101965, 21.04707794927833], [85.52850836949123, 21.04707794927833], [85.52850836949123, 21.04725761233515], [85.52859820101965, 21.04725761233515], [85.52859820101965, 21.04707794927833]], [[85.5289575271333, 21.04626946552262], [85.52886769560489, 21.04626946552262], [85.52886769560489, 21.046359297051033], [85.5289575271333, 21.046359297051033], [85.5289575271333, 21.04626946552262]], [[85.52707106503664, 21.045999970937384], [85.52689140197982, 21.045999970937384], [85.52689140197982, 21.046089802465797], [85.52707106503664, 21.046089802465797], [85.52707106503664, 21.045999970937384]], [[85.52769988573553, 21.04483216106803], [85.52761005420712, 21.04483216106803], [85.52761005420712, 21.044921992596443], [85.52769988573553, 21.044921992596443], [85.52769988573553, 21.04483216106803]], [[85.5230286462581, 21.04402367731232], [85.52275915167287, 21.04402367731232], [85.52275915167287, 21.044203340369148], [85.5229388147297, 21.044203340369148], [85.5229388147297, 21.044293171897557], [85.5230286462581, 21.044293171897557], [85.5230286462581, 21.04402367731232]], [[85.52257948861605, 21.043844014255498], [85.52248965708763, 21.043844014255498], [85.52248965708763, 21.04393384578391], [85.52239982555922, 21.04393384578391], [85.52239982555922, 21.04402367731232], [85.5223099940308, 21.04402367731232], [85.5223099940308, 21.044113508840734], [85.52222016250239, 21.044113508840734], [85.52222016250239, 21.04438300342597], [85.5223099940308, 21.04438300342597], [85.5223099940308, 21.044562666482793], [85.52284898320129, 21.044562666482793], [85.52284898320129, 21.044472834954384], [85.52257948861605, 21.044472834954384], [85.52257948861605, 21.04438300342597], [85.52239982555922, 21.04438300342597], [85.52239982555922, 21.044293171897557], [85.52248965708763, 21.044293171897557], [85.52248965708763, 21.044203340369148], [85.52239982555922, 21.044203340369148], [85.52239982555922, 21.044113508840734], [85.52248965708763, 21.044113508840734], [85.52248965708763, 21.04402367731232], [85.52257948861605, 21.04402367731232], [85.52257948861605, 21.043844014255498]], [[85.5237472984854, 21.043484688141852], [85.52365746695699, 21.043484688141852], [85.52365746695699, 21.043574519670262], [85.52356763542858, 21.043574519670262], [85.52356763542858, 21.043844014255498], [85.52347780390016, 21.043844014255498], [85.52347780390016, 21.04393384578391], [85.52338797237175, 21.04393384578391], [85.52338797237175, 21.044113508840734], [85.52329814084334, 21.044113508840734], [85.52329814084334, 21.044203340369148], [85.52338797237175, 21.044203340369148], [85.52338797237175, 21.044293171897557], [85.52356763542858, 21.044293171897557], [85.52356763542858, 21.04438300342597], [85.52392696154223, 21.04438300342597], [85.52392696154223, 21.044562666482793], [85.52401679307064, 21.044562666482793], [85.52401679307064, 21.044472834954384], [85.52419645612746, 21.044472834954384], [85.52419645612746, 21.04438300342597], [85.5244659507127, 21.04438300342597], [85.5244659507127, 21.044293171897557], [85.52455578224111, 21.044293171897557], [85.52455578224111, 21.04438300342597], [85.52464561376952, 21.04438300342597], [85.52464561376952, 21.044203340369148], [85.52473544529794, 21.044203340369148], [85.52473544529794, 21.04402367731232], [85.52437611918428, 21.04402367731232], [85.52437611918428, 21.04393384578391], [85.52428628765587, 21.04393384578391], [85.52428628765587, 21.04402367731232], [85.52419645612746, 21.04402367731232], [85.52419645612746, 21.043754182727085], [85.52410662459904, 21.043754182727085], [85.52410662459904, 21.043844014255498], [85.52401679307064, 21.043844014255498], [85.52401679307064, 21.043754182727085], [85.52392696154223, 21.043754182727085], [85.52392696154223, 21.043574519670262], [85.5237472984854, 21.043574519670262], [85.5237472984854, 21.043484688141852]], [[85.52015403734892, 21.043125362028203], [85.5200642058205, 21.043125362028203], [85.5200642058205, 21.043215193556616], [85.5199743742921, 21.043215193556616], [85.5199743742921, 21.04339485661344], [85.52015403734892, 21.04339485661344], [85.52015403734892, 21.043125362028203]], [[85.52051336346257, 21.042766035914553], [85.52033370040574, 21.042766035914553], [85.52033370040574, 21.042855867442967], [85.52024386887733, 21.042855867442967], [85.52024386887733, 21.042766035914553], [85.52015403734892, 21.042766035914553], [85.52015403734892, 21.043125362028203], [85.52024386887733, 21.043125362028203], [85.52024386887733, 21.04303553049979], [85.52033370040574, 21.04303553049979], [85.52033370040574, 21.04294569897138], [85.52042353193416, 21.04294569897138], [85.52042353193416, 21.04303553049979], [85.52033370040574, 21.04303553049979], [85.52033370040574, 21.043125362028203], [85.5206930265194, 21.043125362028203], [85.5206930265194, 21.04294569897138], [85.52060319499098, 21.04294569897138], [85.52060319499098, 21.04303553049979], [85.52051336346257, 21.04303553049979], [85.52051336346257, 21.04294569897138], [85.52060319499098, 21.04294569897138], [85.52060319499098, 21.042855867442967], [85.52051336346257, 21.042855867442967], [85.52051336346257, 21.042766035914553]], [[85.5229388147297, 21.042406709800908], [85.52284898320129, 21.042406709800908], [85.52284898320129, 21.04249654132932], [85.52275915167287, 21.04249654132932], [85.52275915167287, 21.04258637285773], [85.5229388147297, 21.04258637285773], [85.5229388147297, 21.042406709800908]], [[85.52168117333193, 21.042227046744085], [85.5215015102751, 21.042227046744085], [85.5215015102751, 21.042406709800908], [85.52168117333193, 21.042406709800908], [85.52168117333193, 21.042227046744085]], [[85.52284898320129, 21.042227046744085], [85.52275915167287, 21.042227046744085], [85.52275915167287, 21.042406709800908], [85.52284898320129, 21.042406709800908], [85.52284898320129, 21.042227046744085]], [[85.52338797237175, 21.042227046744085], [85.52329814084334, 21.042227046744085], [85.52329814084334, 21.042316878272494], [85.52338797237175, 21.042316878272494], [85.52338797237175, 21.042227046744085]], [[85.52177100486034, 21.042047383687258], [85.5215015102751, 21.042047383687258], [85.5215015102751, 21.04213721521567], [85.52168117333193, 21.04213721521567], [85.52168117333193, 21.042227046744085], [85.52177100486034, 21.042227046744085], [85.52177100486034, 21.04258637285773], [85.52186083638875, 21.04258637285773], [85.52186083638875, 21.04213721521567], [85.52177100486034, 21.04213721521567], [85.52177100486034, 21.042047383687258]], [[85.52195066791717, 21.04195755215885], [85.52186083638875, 21.04195755215885], [85.52186083638875, 21.042047383687258], [85.52195066791717, 21.042047383687258], [85.52195066791717, 21.04195755215885]], [[85.52204049944557, 21.041867720630435], [85.52195066791717, 21.041867720630435], [85.52195066791717, 21.04195755215885], [85.52204049944557, 21.04195755215885], [85.52204049944557, 21.041867720630435]]]}, "id": "+1801+1368", "properties": {"area_ha": 68.02442108730187, "centroid_lat": 21.046555766653753, "centroid_lon": 85.52381184800609, "cluster_id": 0, "n_pixels": 6802, "perim_m": 13012.071283305617, "profile_A00_p50": 0.0649371420336406, "profile_A01_p50": -0.11083470436988313, "profile_A02_p50": 0.14346318026817326, "profile_A03_p50": 0.017083394032160377, "profile_A04_p50": -0.04637003445213128, "profile_A05_p50": -0.008794838739899412, "profile_A06_p50": -0.0697901490985032, "profile_A07_p50": 0.14752746069232994, "profile_A08_p50": -0.09809832530559248, "profile_A09_p50": 0.07865185688890315, "profile_A10_p50": 0.09278434321793148, "profile_A11_p50": 0.06399534700652354, "profile_A12_p50": -0.33706718023658716, "profile_A13_p50": 0.01611334574977108, "profile_A14_p50": -0.02196162797008433, "profile_A15_p50": 0.09865446239857459, "profile_A16_p50": -0.05517367445062648, "profile_A17_p50": 0.020527785675845137, "profile_A18_p50": -0.09320158952852851, "profile_A19_p50": 0.020520659200231755, "profile_A20_p50": -0.27787778199771523, "profile_A21_p50": 0.32710390879651796, "profile_A22_p50": 0.2647713197795599, "profile_A23_p50": -0.05124733800254931, "profile_A24_p50": 0.04592356057259676, "profile_A25_p50": 0.07127039448964882, "profile_A26_p50": 0.11083555905543434, "profile_A27_p50": -0.00047438936866183194, "profile_A28_p50": -0.054212923916086175, "profile_A29_p50": 0.19997662502461896, "profile_A30_p50": 0.06685909016728205, "profile_A31_p50": 0.04931597988423994, "profile_A32_p50": 0.0009931171883571953, "profile_A33_p50": -0.02295085841310662, "profile_A34_p50": 0.04590102399843765, "profile_A35_p50": -0.01855274223737954, "profile_A36_p50": -0.1805969336689741, "profile_A37_p50": 0.038133652209125644, "profile_A38_p50": 0.16465066993068045, "profile_A39_p50": -0.11432195461265213, "profile_A40_p50": 0.05424624345228753, "profile_A41_p50": 0.04933324400612502, "profile_A42_p50": -0.1470229052963256, "profile_A43_p50": 0.36170676065249535, "profile_A44_p50": 0.04735946919384751, "profile_A45_p50": 0.053694415358164035, "profile_A46_p50": -0.020978501530891636, "profile_A47_p50": 0.053738594365539405, "profile_A48_p50": -0.1098768476153089, "profile_A49_p50": 0.05952449153421575, "profile_A50_p50": -0.06982160993676202, "profile_A51_p50": 0.010225107035864925, "profile_A52_p50": -0.01613335808612833, "profile_A53_p50": -0.051767402203102525, "profile_A54_p50": 0.19289055487643264, "profile_A55_p50": -0.12261130834785652, "profile_A56_p50": -0.03467205053136565, "profile_A57_p50": -0.03366955729954787, "profile_A58_p50": -0.10597195248497535, "profile_A59_p50": -0.13033228323719942, "profile_A60_p50": 0.02200174954063654, "profile_A61_p50": -0.0717687835809173, "profile_A62_p50": 0.04784828368557889, "profile_A63_p50": 0.07373148958241554, "unit_id": 41}}, {"type": "Feature", "geometry": {"type": "Polygon", "coordinates": [[[85.52015403734892, 21.044562666482793], [85.52024386887733, 21.044562666482793], [85.52024386887733, 21.044742329539616], [85.52033370040574, 21.044742329539616], [85.52033370040574, 21.044921992596443], [85.52060319499098, 21.044921992596443], [85.52060319499098, 21.045101655653266], [85.52078285804781, 21.045101655653266], [85.52078285804781, 21.04528131871009], [85.52105235263303, 21.04528131871009], [85.52105235263303, 21.045101655653266], [85.52123201568986, 21.045101655653266], [85.52123201568986, 21.044921992596443], [85.52311847778651, 21.044921992596443], [85.52311847778651, 21.04483216106803], [85.52320830931492, 21.04483216106803], [85.52320830931492, 21.044921992596443], [85.52338797237175, 21.044921992596443], [85.52338797237175, 21.045101655653266], [85.52347780390016, 21.045101655653266], [85.52347780390016, 21.04528131871009], [85.5237472984854, 21.04528131871009], [85.5237472984854, 21.045371150238502], [85.52383713001382, 21.045371150238502], [85.52383713001382, 21.045460981766915], [85.52419645612746, 21.045460981766915], [85.52419645612746, 21.045640644823738], [85.5244659507127, 21.045640644823738], [85.5244659507127, 21.045910139408974], [85.52455578224111, 21.045910139408974], [85.52455578224111, 21.045999970937384], [85.5244659507127, 21.045999970937384], [85.5244659507127, 21.046089802465797], [85.52428628765587, 21.046089802465797], [85.52428628765587, 21.046449128579447], [85.52419645612746, 21.046449128579447], [85.52419645612746, 21.046538960107856], [85.52392696154223, 21.046538960107856], [85.52392696154223, 21.04671862316468], [85.52383713001382, 21.04671862316468], [85.52383713001382, 21.046808454693092], [85.5237472984854, 21.046808454693092], [85.5237472984854, 21.046898286221506], [85.52356763542858, 21.046898286221506], [85.52356763542858, 21.046988117749915], [85.52338797237175, 21.046988117749915], [85.52338797237175, 21.04707794927833], [85.52329814084334, 21.04707794927833], [85.52329814084334, 21.04725761233515], [85.52320830931492, 21.04725761233515], [85.52320830931492, 21.047347443863565], [85.5230286462581, 21.047347443863565], [85.5230286462581, 21.047437275391978], [85.52311847778651, 21.047437275391978], [85.52311847778651, 21.04842542220451], [85.5229388147297, 21.04842542220451], [85.5229388147297, 21.04851525373292], [85.52275915167287, 21.04851525373292], [85.52275915167287, 21.048694916789742], [85.52266932014446, 21.048694916789742], [85.52266932014446, 21.048605085261332], [85.52257948861605, 21.048605085261332], [85.52257948861605, 21.04851525373292], [85.52239982555922, 21.04851525373292], [85.52239982555922, 21.047976264562447], [85.5223099940308, 21.047976264562447], [85.5223099940308, 21.047886433034037], [85.52222016250239, 21.047886433034037], [85.52222016250239, 21.047796601505624], [85.52168117333193, 21.047796601505624], [85.52168117333193, 21.04770676997721], [85.52159134180351, 21.04770676997721], [85.52159134180351, 21.0476169384488], [85.52123201568986, 21.0476169384488], [85.52123201568986, 21.047437275391978], [85.52132184721827, 21.047437275391978], [85.52132184721827, 21.04707794927833], [85.52123201568986, 21.04707794927833], [85.52123201568986, 21.046988117749915], [85.52105235263303, 21.046988117749915], [85.52105235263303, 21.046898286221506], [85.52087268957622, 21.046898286221506], [85.52087268957622, 21.046808454693092], [85.5206930265194, 21.046808454693092], [85.5206930265194, 21.04671862316468], [85.52042353193416, 21.04671862316468], [85.52042353193416, 21.04662879163627], [85.52024386887733, 21.04662879163627], [85.52024386887733, 21.046449128579447], [85.52015403734892, 21.046449128579447], [85.52015403734892, 21.045999970937384], [85.5199743742921, 21.045999970937384], [85.5199743742921, 21.045910139408974], [85.51988454276369, 21.045910139408974], [85.51988454276369, 21.045999970937384], [85.51952521665004, 21.045999970937384], [85.51952521665004, 21.04582030788056], [85.51961504817845, 21.04582030788056], [85.51961504817845, 21.045371150238502], [85.51970487970686, 21.045371150238502], [85.51970487970686, 21.044921992596443], [85.51988454276369, 21.044921992596443], [85.51988454276369, 21.044742329539616], [85.52015403734892, 21.044742329539616], [85.52015403734892, 21.044562666482793]]]}, "id": "+1780+1335", "properties": {"area_ha": 11.854241996949813, "centroid_lat": 21.046245578007966, "centroid_lon": 85.52208251896896, "cluster_id": 5, "n_pixels": 1185, "perim_m": 2117.4615211948444, "profile_A00_p50": 0.09039075166057686, "profile_A01_p50": -0.11961396687606807, "profile_A02_p50": 0.12658673222623548, "profile_A03_p50": -0.019032516800549397, "profile_A04_p50": -0.04565785378751156, "profile_A05_p50": -0.06493995401014899, "profile_A06_p50": -0.0952341111616557, "profile_A07_p50": 0.172270877900491, "profile_A08_p50": -0.07860690083504003, "profile_A09_p50": 0.12253751512604208, "profile_A10_p50": 0.0659283880277031, "profile_A11_p50": 0.08739148571644537, "profile_A12_p50": -0.3416990741207647, "profile_A13_p50": -0.01024379159168206, "profile_A14_p50": -0.06692508800573418, "profile_A15_p50": 0.08839225468167283, "profile_A16_p50": -0.06494742255474871, "profile_A17_p50": -0.0073111738324437335, "profile_A18_p50": -0.051311811016092786, "profile_A19_p50": -0.02245586871453492, "profile_A20_p50": -0.2564841771201657, "profile_A21_p50": 0.30183195618330894, "profile_A22_p50": 0.3147352097963566, "profile_A23_p50": -0.06103134985106178, "profile_A24_p50": 0.05320635582302553, "profile_A25_p50": 0.05125507158320685, "profile_A26_p50": 0.09424865346339444, "profile_A27_p50": 0.04540717223483963, "profile_A28_p50": -0.06591542100300125, "profile_A29_p50": 0.17132936262727566, "profile_A30_p50": 0.07568474520891881, "profile_A31_p50": 0.025885210323827738, "profile_A32_p50": 0.04788791218898051, "profile_A33_p50": -0.06396929656753877, "profile_A34_p50": 0.06883168556334399, "profile_A35_p50": -0.024900792260453577, "profile_A36_p50": -0.18994823774937653, "profile_A37_p50": -0.008810480796665559, "profile_A38_p50": 0.16263623842257358, "profile_A39_p50": -0.13720192585753754, "profile_A40_p50": 0.06104814588679552, "profile_A41_p50": 0.05810569901229506, "profile_A42_p50": -0.13651582807079568, "profile_A43_p50": 0.3727708659444402, "profile_A44_p50": 0.04541650254848149, "profile_A45_p50": 0.0034238337677682893, "profile_A46_p50": -0.07176554407316721, "profile_A47_p50": 0.0712508502403214, "profile_A48_p50": -0.0717553636459976, "profile_A49_p50": 0.08739287511915282, "profile_A50_p50": -0.06102178037864434, "profile_A51_p50": 0.019052410583469837, "profile_A52_p50": -0.0026801572620071662, "profile_A53_p50": -0.07178095833418072, "profile_A54_p50": 0.16669176883998804, "profile_A55_p50": -0.11570390510840604, "profile_A56_p50": -0.033454459009572786, "profile_A57_p50": -0.017098815982767385, "profile_A58_p50": -0.1225250763576387, "profile_A59_p50": -0.09032495263725088, "profile_A60_p50": 0.06397047762713161, "profile_A61_p50": -0.10498082661182, "profile_A62_p50": -0.001472044667328898, "profile_A63_p50": 0.09425279605268073, "unit_id": 42}}, {"type": "Feature", "geometry": {"type": "Polygon", "coordinates": [[[85.68993562604751, 21.03791513338031], [85.6913729305021, 21.03791513338031], [85.6913729305021, 21.038004964908723], [85.69146276203051, 21.038004964908723], [85.69146276203051, 21.038184627965546], [85.69128309897368, 21.038184627965546], [85.69128309897368, 21.03836429102237], [85.69164242508734, 21.03836429102237], [85.69164242508734, 21.03845412255078], [85.69182208814416, 21.03845412255078], [85.69182208814416, 21.03836429102237], [85.69200175120099, 21.03836429102237], [85.69200175120099, 21.03827445949396], [85.69227124578622, 21.03827445949396], [85.69227124578622, 21.03836429102237], [85.69236107731463, 21.03836429102237], [85.69236107731463, 21.03845412255078], [85.69254074037146, 21.03845412255078], [85.69254074037146, 21.03854395407919], [85.69263057189987, 21.03854395407919], [85.69263057189987, 21.038633785607605], [85.69272040342828, 21.038633785607605], [85.69272040342828, 21.038723617136018], [85.6928102349567, 21.038723617136018], [85.6928102349567, 21.038813448664428], [85.69290006648511, 21.038813448664428], [85.69290006648511, 21.03890328019284], [85.69298989801352, 21.03890328019284], [85.69298989801352, 21.039082943249664], [85.69307972954194, 21.039082943249664], [85.69307972954194, 21.039172774778077], [85.69316956107035, 21.039172774778077], [85.69316956107035, 21.0393524378349], [85.69325939259875, 21.0393524378349], [85.69325939259875, 21.039532100891723], [85.69334922412716, 21.039532100891723], [85.69334922412716, 21.039621932420136], [85.69316956107035, 21.039621932420136], [85.69316956107035, 21.040071090062195], [85.69325939259875, 21.040071090062195], [85.69325939259875, 21.04025075311902], [85.69316956107035, 21.04025075311902], [85.69316956107035, 21.04034058464743], [85.69334922412716, 21.04034058464743], [85.69334922412716, 21.040520247704254], [85.6936187187124, 21.040520247704254], [85.6936187187124, 21.041059236874727], [85.69370855024081, 21.041059236874727], [85.69370855024081, 21.041688057573612], [85.69379838176923, 21.041688057573612], [85.69379838176923, 21.042227046744085], [85.69388821329764, 21.042227046744085], [85.69388821329764, 21.042766035914553], [85.69397804482605, 21.042766035914553], [85.69397804482605, 21.04339485661344], [85.69406787635447, 21.04339485661344], [85.69406787635447, 21.04393384578391], [85.69415770788288, 21.04393384578391], [85.69415770788288, 21.044472834954384], [85.69424753941128, 21.044472834954384], [85.69424753941128, 21.045101655653266], [85.69433737093969, 21.045101655653266], [85.69433737093969, 21.045640644823738], [85.6944272024681, 21.045640644823738], [85.6944272024681, 21.04626946552262], [85.69451703399652, 21.04626946552262], [85.69451703399652, 21.046808454693092], [85.69460686552493, 21.046808454693092], [85.69460686552493, 21.047976264562447], [85.69451703399652, 21.047976264562447], [85.69451703399652, 21.048335590676096], [85.6944272024681, 21.048335590676096], [85.6944272024681, 21.048605085261332], [85.69433737093969, 21.048605085261332], [85.69433737093969, 21.048784748318155], [85.69424753941128, 21.048784748318155], [85.69424753941128, 21.04905424290339], [85.69415770788288, 21.04905424290339], [85.69415770788288, 21.049323737488628], [85.69406787635447, 21.049323737488628], [85.69406787635447, 21.049593232073864], [85.69397804482605, 21.049593232073864], [85.69397804482605, 21.0498627266591], [85.69388821329764, 21.0498627266591], [85.69388821329764, 21.050132221244336], [85.69379838176923, 21.050132221244336], [85.69379838176923, 21.05031188430116], [85.69370855024081, 21.05031188430116], [85.69370855024081, 21.050581378886395], [85.6936187187124, 21.050581378886395], [85.6936187187124, 21.05085087347163], [85.69352888718399, 21.05085087347163], [85.69352888718399, 21.051030536528454], [85.69343905565557, 21.051030536528454], [85.69343905565557, 21.051210199585277], [85.69307972954194, 21.051210199585277], [85.69307972954194, 21.05130003111369], [85.69290006648511, 21.05130003111369], [85.69290006648511, 21.05085087347163], [85.69263057189987, 21.05085087347163], [85.69263057189987, 21.050581378886395], [85.69254074037146, 21.050581378886395], [85.69254074037146, 21.05085087347163], [85.69191191967258, 21.05085087347163], [85.69191191967258, 21.051030536528454], [85.69155259355892, 21.051030536528454], [85.69155259355892, 21.051928851812573], [85.69191191967258, 21.051928851812573], [85.69191191967258, 21.051839020284163], [85.69200175120099, 21.051839020284163], [85.69200175120099, 21.05174918875575], [85.6920915827294, 21.05174918875575], [85.6920915827294, 21.051659357227336], [85.69227124578622, 21.051659357227336], [85.69227124578622, 21.05174918875575], [85.6920915827294, 21.05174918875575], [85.6920915827294, 21.051928851812573], [85.69191191967258, 21.051928851812573], [85.69191191967258, 21.052018683340986], [85.69182208814416, 21.052018683340986], [85.69182208814416, 21.0521085148694], [85.69173225661575, 21.0521085148694], [85.69173225661575, 21.052288177926222], [85.69155259355892, 21.052288177926222], [85.69155259355892, 21.052378009454635], [85.6913729305021, 21.052378009454635], [85.6913729305021, 21.052467840983045], [85.69110343591687, 21.052467840983045], [85.69110343591687, 21.052647504039868], [85.69092377286005, 21.052647504039868], [85.69092377286005, 21.05273733556828], [85.69074410980322, 21.05273733556828], [85.69074410980322, 21.052827167096694], [85.69038478368957, 21.052827167096694], [85.69038478368957, 21.052916998625104], [85.69020512063275, 21.052916998625104], [85.69020512063275, 21.053006830153517], [85.69011528910434, 21.053006830153517], [85.69011528910434, 21.05309666168193], [85.68993562604751, 21.05309666168193], [85.68993562604751, 21.05318649321034], [85.6898457945191, 21.05318649321034], [85.6898457945191, 21.053276324738754], [85.68975596299069, 21.053276324738754], [85.68975596299069, 21.053366156267167], [85.68957629993386, 21.053366156267167], [85.68957629993386, 21.053455987795576], [85.68948646840545, 21.053455987795576], [85.68948646840545, 21.05354581932399], [85.68921697382022, 21.05354581932399], [85.68921697382022, 21.053725482380813], [85.6890373107634, 21.053725482380813], [85.6890373107634, 21.054084808494462], [85.68858815312133, 21.054084808494462], [85.68858815312133, 21.054264471551285], [85.68822882700769, 21.054264471551285], [85.68822882700769, 21.05417464002287], [85.68804916395086, 21.05417464002287], [85.68804916395086, 21.054084808494462], [85.68786950089404, 21.054084808494462], [85.68786950089404, 21.05399497696605], [85.68768983783721, 21.05399497696605], [85.68768983783721, 21.053905145437636], [85.68751017478039, 21.053905145437636], [85.68751017478039, 21.053815313909226], [85.68733051172356, 21.053815313909226], [85.68733051172356, 21.053725482380813], [85.68715084866675, 21.053725482380813], [85.68715084866675, 21.0536356508524], [85.68697118560992, 21.0536356508524], [85.68697118560992, 21.05354581932399], [85.6867915225531, 21.05354581932399], [85.6867915225531, 21.053455987795576], [85.68661185949627, 21.053455987795576], [85.68661185949627, 21.053366156267167], [85.68643219643944, 21.053366156267167], [85.68643219643944, 21.053276324738754], [85.68625253338263, 21.053276324738754], [85.68625253338263, 21.05318649321034], [85.6860728703258, 21.05318649321034], [85.6860728703258, 21.05309666168193], [85.68589320726898, 21.05309666168193], [85.68589320726898, 21.053006830153517], [85.68571354421215, 21.053006830153517], [85.68571354421215, 21.052916998625104], [85.68553388115532, 21.052916998625104], [85.68553388115532, 21.052827167096694], [85.6853542180985, 21.052827167096694], [85.6853542180985, 21.05273733556828], [85.6852643865701, 21.05273733556828], [85.6852643865701, 21.052647504039868], [85.68508472351327, 21.052647504039868], [85.68508472351327, 21.05255767251146], [85.6853542180985, 21.05255767251146], [85.6853542180985, 21.052378009454635], [85.68553388115532, 21.052378009454635], [85.68553388115532, 21.052018683340986], [85.68634236491103, 21.052018683340986], [85.68634236491103, 21.051928851812573], [85.68625253338263, 21.051928851812573], [85.68625253338263, 21.051839020284163], [85.68616270185422, 21.051839020284163], [85.68616270185422, 21.051479694170514], [85.68598303879739, 21.051479694170514], [85.68598303879739, 21.051389862642104], [85.68589320726898, 21.051389862642104], [85.68589320726898, 21.05130003111369], [85.68553388115532, 21.05130003111369], [85.68553388115532, 21.051210199585277], [85.68562371268374, 21.051210199585277], [85.68562371268374, 21.051120368056868], [85.68553388115532, 21.051120368056868], [85.68553388115532, 21.05094070500004], [85.68544404962691, 21.05094070500004], [85.68544404962691, 21.05076104194322], [85.6853542180985, 21.05076104194322], [85.6853542180985, 21.050581378886395], [85.6852643865701, 21.050581378886395], [85.6852643865701, 21.050401715829572], [85.68517455504168, 21.050401715829572], [85.68517455504168, 21.050222052772746], [85.68499489198486, 21.050222052772746], [85.68499489198486, 21.050042389715923], [85.68481522892803, 21.050042389715923], [85.68481522892803, 21.04995255818751], [85.68472539739962, 21.04995255818751], [85.68472539739962, 21.0498627266591], [85.6846355658712, 21.0498627266591], [85.6846355658712, 21.049772895130687], [85.68445590281438, 21.049772895130687], [85.68445590281438, 21.049323737488628], [85.68427623975757, 21.049323737488628], [85.68427623975757, 21.049144074431805], [85.68400674517233, 21.049144074431805], [85.68400674517233, 21.04896441137498], [85.68328809294503, 21.04896441137498], [85.68328809294503, 21.04887457984657], [85.68310842988821, 21.04887457984657], [85.68310842988821, 21.048784748318155], [85.6830185983598, 21.048784748318155], [85.6830185983598, 21.048694916789742], [85.68292876683138, 21.048694916789742], [85.68292876683138, 21.048605085261332], [85.68265927224614, 21.048605085261332], [85.68265927224614, 21.048335590676096], [85.68283893530297, 21.048335590676096], [85.68283893530297, 21.048245759147683], [85.68265927224614, 21.048245759147683], [85.68265927224614, 21.048155927619273], [85.68274910377455, 21.048155927619273], [85.68274910377455, 21.047886433034037], [85.68256944071773, 21.047886433034037], [85.68256944071773, 21.04770676997721], [85.68247960918931, 21.04770676997721], [85.68247960918931, 21.047527106920388], [85.6823897776609, 21.047527106920388], [85.6823897776609, 21.047437275391978], [85.6822999461325, 21.047437275391978], [85.6822999461325, 21.04725761233515], [85.68221011460409, 21.04725761233515], [85.68221011460409, 21.047167780806742], [85.68194062001885, 21.047167780806742], [85.68194062001885, 21.046988117749915], [85.68185078849044, 21.046988117749915], [85.68185078849044, 21.046898286221506], [85.68176095696202, 21.046898286221506], [85.68176095696202, 21.04671862316468], [85.6815812939052, 21.04671862316468], [85.6815812939052, 21.04662879163627], [85.68149146237678, 21.04662879163627], [85.68149146237678, 21.046538960107856], [85.68140163084837, 21.046538960107856], [85.68140163084837, 21.046449128579447], [85.68131179931997, 21.046449128579447], [85.68131179931997, 21.046359297051033], [85.68122196779156, 21.046359297051033], [85.68122196779156, 21.046089802465797], [85.68113213626314, 21.046089802465797], [85.68113213626314, 21.045999970937384], [85.68095247320632, 21.045999970937384], [85.68095247320632, 21.045910139408974], [85.6808626416779, 21.045910139408974], [85.6808626416779, 21.045550813295325], [85.68095247320632, 21.045550813295325], [85.68095247320632, 21.04528131871009], [85.68104230473473, 21.04528131871009], [85.68104230473473, 21.045101655653266], [85.68113213626314, 21.045101655653266], [85.68113213626314, 21.044921992596443], [85.68122196779156, 21.044921992596443], [85.68122196779156, 21.04483216106803], [85.68131179931997, 21.04483216106803], [85.68131179931997, 21.044652498011207], [85.68140163084837, 21.044652498011207], [85.68140163084837, 21.044562666482793], [85.68149146237678, 21.044562666482793], [85.68149146237678, 21.044472834954384], [85.6815812939052, 21.044472834954384], [85.6815812939052, 21.04438300342597], [85.68167112543361, 21.04438300342597], [85.68167112543361, 21.044293171897557], [85.68176095696202, 21.044293171897557], [85.68176095696202, 21.044113508840734], [85.68185078849044, 21.044113508840734], [85.68185078849044, 21.04402367731232], [85.68194062001885, 21.04402367731232], [85.68194062001885, 21.04393384578391], [85.68203045154726, 21.04393384578391], [85.68203045154726, 21.043844014255498], [85.68212028307568, 21.043844014255498], [85.68212028307568, 21.043754182727085], [85.68221011460409, 21.043754182727085], [85.68221011460409, 21.043664351198675], [85.6822999461325, 21.043664351198675], [85.6822999461325, 21.043574519670262], [85.6823897776609, 21.043574519670262], [85.6823897776609, 21.043484688141852], [85.68247960918931, 21.043484688141852], [85.68247960918931, 21.043305025085026], [85.68256944071773, 21.043305025085026], [85.68256944071773, 21.043215193556616], [85.68265927224614, 21.043215193556616], [85.68265927224614, 21.043125362028203], [85.68274910377455, 21.043125362028203], [85.68274910377455, 21.04303553049979], [85.68283893530297, 21.04303553049979], [85.68283893530297, 21.04294569897138], [85.68292876683138, 21.04294569897138], [85.68292876683138, 21.042855867442967], [85.6830185983598, 21.042855867442967], [85.6830185983598, 21.042766035914553], [85.68310842988821, 21.042766035914553], [85.68310842988821, 21.042676204386144], [85.68319826141662, 21.042676204386144], [85.68319826141662, 21.04249654132932], [85.68328809294503, 21.04249654132932], [85.68328809294503, 21.042406709800908], [85.68373725058709, 21.042406709800908], [85.68373725058709, 21.04249654132932], [85.6846355658712, 21.04249654132932], [85.6846355658712, 21.042676204386144], [85.68544404962691, 21.042676204386144], [85.68544404962691, 21.042766035914553], [85.68562371268374, 21.042766035914553], [85.68562371268374, 21.04258637285773], [85.68571354421215, 21.04258637285773], [85.68571354421215, 21.042316878272494], [85.68580337574056, 21.042316878272494], [85.68580337574056, 21.042227046744085], [85.68571354421215, 21.042227046744085], [85.68571354421215, 21.04213721521567], [85.68643219643944, 21.04213721521567], [85.68643219643944, 21.04195755215885], [85.68661185949627, 21.04195755215885], [85.68661185949627, 21.041777889102022], [85.6867915225531, 21.041777889102022], [85.6867915225531, 21.041418562988376], [85.68697118560992, 21.041418562988376], [85.68697118560992, 21.041238899931553], [85.6867915225531, 21.041238899931553], [85.6867915225531, 21.041059236874727], [85.68661185949627, 21.041059236874727], [85.68661185949627, 21.040879573817904], [85.68643219643944, 21.040879573817904], [85.68643219643944, 21.04078974228949], [85.68598303879739, 21.04078974228949], [85.68598303879739, 21.04069991076108], [85.6860728703258, 21.04069991076108], [85.6860728703258, 21.040610079232668], [85.68598303879739, 21.040610079232668], [85.68598303879739, 21.040520247704254], [85.6852643865701, 21.040520247704254], [85.6852643865701, 21.040430416175845], [85.68517455504168, 21.040430416175845], [85.68517455504168, 21.04034058464743], [85.6852643865701, 21.04034058464743], [85.6852643865701, 21.04025075311902], [85.6853542180985, 21.04025075311902], [85.6853542180985, 21.04016092159061], [85.68544404962691, 21.04016092159061], [85.68544404962691, 21.039981258533786], [85.68553388115532, 21.039981258533786], [85.68553388115532, 21.039891427005372], [85.68562371268374, 21.039891427005372], [85.68562371268374, 21.03980159547696], [85.68571354421215, 21.03980159547696], [85.68571354421215, 21.03971176394855], [85.68580337574056, 21.03971176394855], [85.68580337574056, 21.039621932420136], [85.68589320726898, 21.039621932420136], [85.68589320726898, 21.039532100891723], [85.68598303879739, 21.039532100891723], [85.68598303879739, 21.039442269363313], [85.6860728703258, 21.039442269363313], [85.6860728703258, 21.0393524378349], [85.68616270185422, 21.0393524378349], [85.68616270185422, 21.03926260630649], [85.68634236491103, 21.03926260630649], [85.68634236491103, 21.039172774778077], [85.68643219643944, 21.039172774778077], [85.68643219643944, 21.039082943249664], [85.68661185949627, 21.039082943249664], [85.68661185949627, 21.038993111721254], [85.6867915225531, 21.038993111721254], [85.6867915225531, 21.03890328019284], [85.68706101713833, 21.03890328019284], [85.68706101713833, 21.038813448664428], [85.68733051172356, 21.038813448664428], [85.68733051172356, 21.038723617136018], [85.6876000063088, 21.038723617136018], [85.6876000063088, 21.038633785607605], [85.68786950089404, 21.038633785607605], [85.68786950089404, 21.03854395407919], [85.68813899547928, 21.03854395407919], [85.68813899547928, 21.03845412255078], [85.68849832159292, 21.03845412255078], [85.68849832159292, 21.03836429102237], [85.68876781617816, 21.03836429102237], [85.68876781617816, 21.03827445949396], [85.6890373107634, 21.03827445949396], [85.6890373107634, 21.038184627965546], [85.68930680534862, 21.038184627965546], [85.68930680534862, 21.038094796437132], [85.68966613146227, 21.038094796437132], [85.68966613146227, 21.038004964908723], [85.68993562604751, 21.038004964908723], [85.68993562604751, 21.03791513338031]], [[85.68867798464974, 21.04896441137498], [85.68849832159292, 21.04896441137498], [85.68849832159292, 21.049323737488628], [85.6884084900645, 21.049323737488628], [85.6884084900645, 21.049683063602274], [85.68822882700769, 21.049683063602274], [85.68822882700769, 21.050132221244336], [85.6884084900645, 21.050132221244336], [85.6884084900645, 21.050222052772746], [85.68858815312133, 21.050222052772746], [85.68858815312133, 21.05031188430116], [85.68867798464974, 21.05031188430116], [85.68867798464974, 21.050401715829572], [85.68885764770657, 21.050401715829572], [85.68885764770657, 21.05076104194322], [85.6890373107634, 21.05076104194322], [85.6890373107634, 21.05094070500004], [85.68921697382022, 21.05094070500004], [85.68921697382022, 21.051210199585277], [85.68939663687704, 21.051210199585277], [85.68939663687704, 21.05130003111369], [85.68957629993386, 21.05130003111369], [85.68957629993386, 21.051389862642104], [85.68966613146227, 21.051389862642104], [85.68966613146227, 21.051120368056868], [85.68975596299069, 21.051120368056868], [85.68975596299069, 21.051030536528454], [85.6898457945191, 21.051030536528454], [85.6898457945191, 21.050671210414805], [85.68993562604751, 21.050671210414805], [85.68993562604751, 21.050581378886395], [85.6898457945191, 21.050581378886395], [85.6898457945191, 21.05031188430116], [85.69020512063275, 21.05031188430116], [85.69020512063275, 21.050132221244336], [85.69002545757593, 21.050132221244336], [85.69002545757593, 21.0498627266591], [85.6898457945191, 21.0498627266591], [85.6898457945191, 21.049772895130687], [85.68975596299069, 21.049772895130687], [85.68975596299069, 21.049683063602274], [85.68957629993386, 21.049683063602274], [85.68957629993386, 21.049593232073864], [85.68948646840545, 21.049593232073864], [85.68948646840545, 21.04950340054545], [85.68921697382022, 21.04950340054545], [85.68921697382022, 21.049323737488628], [85.6890373107634, 21.049323737488628], [85.6890373107634, 21.049233905960214], [85.68885764770657, 21.049233905960214], [85.68885764770657, 21.049144074431805], [85.68867798464974, 21.049144074431805], [85.68867798464974, 21.04896441137498]], [[85.69406787635447, 21.04806609609086], [85.69397804482605, 21.04806609609086], [85.69397804482605, 21.048155927619273], [85.69406787635447, 21.048155927619273], [85.69406787635447, 21.04806609609086]], [[85.69424753941128, 21.047976264562447], [85.69415770788288, 21.047976264562447], [85.69415770788288, 21.04806609609086], [85.69424753941128, 21.04806609609086], [85.69424753941128, 21.047976264562447]]]}, "id": "+3685+1409", "properties": {"area_ha": 161.2573699565265, "centroid_lat": 21.045764543713425, "centroid_lon": 85.68868687665278, "cluster_id": 5, "n_pixels": 16126, "perim_m": 8849.0038685946, "profile_A00_p50": 0.09039075166057686, "profile_A01_p50": -0.11961396687606807, "profile_A02_p50": 0.12658673222623548, "profile_A03_p50": -0.019032516800549397, "profile_A04_p50": -0.04565785378751156, "profile_A05_p50": -0.06493995401014899, "profile_A06_p50": -0.0952341111616557, "profile_A07_p50": 0.172270877900491, "profile_A08_p50": -0.07860690083504003, "profile_A09_p50": 0.12253751512604208, "profile_A10_p50": 0.0659283880277031, "profile_A11_p50": 0.08739148571644537, "profile_A12_p50": -0.3416990741207647, "profile_A13_p50": -0.01024379159168206, "profile_A14_p50": -0.06692508800573418, "profile_A15_p50": 0.08839225468167283, "profile_A16_p50": -0.06494742255474871, "profile_A17_p50": -0.0073111738324437335, "profile_A18_p50": -0.051311811016092786, "profile_A19_p50": -0.02245586871453492, "profile_A20_p50": -0.2564841771201657, "profile_A21_p50": 0.30183195618330894, "profile_A22_p50": 0.3147352097963566, "profile_A23_p50": -0.06103134985106178, "profile_A24_p50": 0.05320635582302553, "profile_A25_p50": 0.05125507158320685, "profile_A26_p50": 0.09424865346339444, "profile_A27_p50": 0.04540717223483963, "profile_A28_p50": -0.06591542100300125, "profile_A29_p50": 0.17132936262727566, "profile_A30_p50": 0.07568474520891881, "profile_A31_p50": 0.025885210323827738, "profile_A32_p50": 0.04788791218898051, "profile_A33_p50": -0.06396929656753877, "profile_A34_p50": 0.06883168556334399, "profile_A35_p50": -0.024900792260453577, "profile_A36_p50": -0.18994823774937653, "profile_A37_p50": -0.008810480796665559, "profile_A38_p50": 0.16263623842257358, "profile_A39_p50": -0.13720192585753754, "profile_A40_p50": 0.06104814588679552, "profile_A41_p50": 0.05810569901229506, "profile_A42_p50": -0.13651582807079568, "profile_A43_p50": 0.3727708659444402, "profile_A44_p50": 0.04541650254848149, "profile_A45_p50": 0.0034238337677682893, "profile_A46_p50": -0.07176554407316721, "profile_A47_p50": 0.0712508502403214, "profile_A48_p50": -0.0717553636459976, "profile_A49_p50": 0.08739287511915282, "profile_A50_p50": -0.06102178037864434, "profile_A51_p50": 0.019052410583469837, "profile_A52_p50": -0.0026801572620071662, "profile_A53_p50": -0.07178095833418072, "profile_A54_p50": 0.16669176883998804, "profile_A55_p50": -0.11570390510840604, "profile_A56_p50": -0.033454459009572786, "profile_A57_p50": -0.017098815982767385, "profile_A58_p50": -0.1225250763576387, "profile_A59_p50": -0.09032495263725088, "profile_A60_p50": 0.06397047762713161, "profile_A61_p50": -0.10498082661182, "profile_A62_p50": -0.001472044667328898, "profile_A63_p50": 0.09425279605268073, "unit_id": 43}}, {"type": "Feature", "geometry": {"type": "Polygon", "coordinates": [[[85.51763875455339, 21.044113508840734], [85.51799808066704, 21.044113508840734], [85.51799808066704, 21.044203340369148], [85.51808791219544, 21.044203340369148], [85.51808791219544, 21.044293171897557], [85.51799808066704, 21.044293171897557], [85.51799808066704, 21.044652498011207], [85.51817774372385, 21.044652498011207], [85.51817774372385, 21.04528131871009], [85.5184472383091, 21.04528131871009], [85.5184472383091, 21.045371150238502], [85.5185370698375, 21.045371150238502], [85.5185370698375, 21.045101655653266], [85.51871673289433, 21.045101655653266], [85.51871673289433, 21.044921992596443], [85.51898622747957, 21.044921992596443], [85.51898622747957, 21.044742329539616], [85.51907605900797, 21.044742329539616], [85.51907605900797, 21.044562666482793], [85.51916589053639, 21.044562666482793], [85.51916589053639, 21.045101655653266], [85.51871673289433, 21.045101655653266], [85.51871673289433, 21.045640644823738], [85.5185370698375, 21.045640644823738], [85.5185370698375, 21.045999970937384], [85.51817774372385, 21.045999970937384], [85.51817774372385, 21.045910139408974], [85.51808791219544, 21.045910139408974], [85.51808791219544, 21.04582030788056], [85.51763875455339, 21.04582030788056], [85.51763875455339, 21.045999970937384], [85.51736925996815, 21.045999970937384], [85.51736925996815, 21.04617963399421], [85.51727942843974, 21.04617963399421], [85.51727942843974, 21.04626946552262], [85.51718959691132, 21.04626946552262], [85.51718959691132, 21.045999970937384], [85.51736925996815, 21.045999970937384], [85.51736925996815, 21.045640644823738], [85.51763875455339, 21.045640644823738], [85.51763875455339, 21.044921992596443], [85.51781841761021, 21.044921992596443], [85.51781841761021, 21.044472834954384], [85.5177285860818, 21.044472834954384], [85.5177285860818, 21.044562666482793], [85.51754892302498, 21.044562666482793], [85.51754892302498, 21.04438300342597], [85.51763875455339, 21.04438300342597], [85.51763875455339, 21.044293171897557], [85.5177285860818, 21.044293171897557], [85.5177285860818, 21.044203340369148], [85.51763875455339, 21.044203340369148], [85.51763875455339, 21.044113508840734]]]}, "id": "+1755+1340", "properties": {"area_ha": 1.6016840990142909, "centroid_lat": 21.045260426538153, "centroid_lon": 85.51808947936426, "cluster_id": 3, "n_pixels": 160, "perim_m": 1220.3043416895407, "profile_A00_p50": 0.011235239387247112, "profile_A01_p50": -0.0944170190952198, "profile_A02_p50": 0.15850057670126871, "profile_A03_p50": 0.003564437970167429, "profile_A04_p50": -0.07205670402902237, "profile_A05_p50": 0.03257106241189286, "profile_A06_p50": -0.07272943763834964, "profile_A07_p50": 0.10985119683312686, "profile_A08_p50": -0.08651845985622647, "profile_A09_p50": 0.0600430883561467, "profile_A10_p50": 0.11400921607631402, "profile_A11_p50": 0.0111920030757401, "profile_A12_p50": -0.3221313230657005, "profile_A13_p50": 0.019024102708091968, "profile_A14_p50": -0.0053916421760631964, "profile_A15_p50": 0.11957411150282209, "profile_A16_p50": -0.07479604942143117, "profile_A17_p50": 0.03803665256952454, "profile_A18_p50": -0.1256803354945045, "profile_A19_p50": -0.01656259063652981, "profile_A20_p50": -0.2722795908059495, "profile_A21_p50": 0.3556452512654423, "profile_A22_p50": 0.17115688105307483, "profile_A23_p50": -0.019990446564841027, "profile_A24_p50": 0.04197593000361166, "profile_A25_p50": 0.09420353859861756, "profile_A26_p50": 0.10178905549147761, "profile_A27_p50": -0.03082037911668791, "profile_A28_p50": -0.0756967453399347, "profile_A29_p50": 0.1908586644815521, "profile_A30_p50": 0.08309282754496135, "profile_A31_p50": 0.06689427143406382, "profile_A32_p50": -0.05181669045714686, "profile_A33_p50": -0.016104732755643374, "profile_A34_p50": 0.049864714440127626, "profile_A35_p50": 0.018629112259767138, "profile_A36_p50": -0.21195628055143625, "profile_A37_p50": 0.09047097270280662, "profile_A38_p50": 0.17544807340384294, "profile_A39_p50": -0.059400418326222906, "profile_A40_p50": 0.08742905150440715, "profile_A41_p50": 0.05032945124855639, "profile_A42_p50": -0.15373454599345476, "profile_A43_p50": 0.3164389764620445, "profile_A44_p50": 0.032788414712290145, "profile_A45_p50": 0.06788945230226325, "profile_A46_p50": 0.012293733179546327, "profile_A47_p50": 0.0634588854602597, "profile_A48_p50": -0.11581008419281325, "profile_A49_p50": 0.036267982797314094, "profile_A50_p50": -0.012156496585562329, "profile_A51_p50": 0.07320562343524893, "profile_A52_p50": -0.014181711833384267, "profile_A53_p50": -0.03801164060014577, "profile_A54_p50": 0.19885668933227743, "profile_A55_p50": -0.09414380413701337, "profile_A56_p50": -0.020010342445014827, "profile_A57_p50": -0.02485003959024507, "profile_A58_p50": -0.10019566862430729, "profile_A59_p50": -0.12456524525126902, "profile_A60_p50": -0.01524541842880943, "profile_A61_p50": -0.04454317190444322, "profile_A62_p50": 0.0748096885813149, "profile_A63_p50": 0.08887335484798001, "unit_id": 44}}, {"type": "Feature", "geometry": {"type": "Polygon", "coordinates": [[[85.526711738923, 21.044562666482793], [85.52689140197982, 21.044562666482793], [85.52689140197982, 21.044742329539616], [85.52698123350824, 21.044742329539616], [85.52698123350824, 21.04483216106803], [85.52725072809346, 21.04483216106803], [85.52725072809346, 21.044921992596443], [85.52698123350824, 21.044921992596443], [85.52698123350824, 21.045101655653266], [85.52680157045141, 21.045101655653266], [85.52680157045141, 21.04528131871009], [85.52617274975252, 21.04528131871009], [85.52617274975252, 21.04519148718168], [85.5260829182241, 21.04519148718168], [85.5260829182241, 21.045101655653266], [85.5259032551673, 21.045101655653266], [85.5259032551673, 21.044921992596443], [85.5260829182241, 21.044921992596443], [85.5260829182241, 21.044562666482793], [85.52662190739458, 21.044562666482793], [85.52662190739458, 21.044652498011207], [85.526711738923, 21.044652498011207], [85.526711738923, 21.044562666482793]], [[85.52644224433776, 21.045011824124852], [85.52635241280935, 21.045011824124852], [85.52635241280935, 21.045101655653266], [85.52644224433776, 21.045101655653266], [85.52644224433776, 21.045011824124852]], [[85.52626258128093, 21.044652498011207], [85.52617274975252, 21.044652498011207], [85.52617274975252, 21.044742329539616], [85.52626258128093, 21.044742329539616], [85.52626258128093, 21.044652498011207]]]}, "id": "+1854+1335", "properties": {"area_ha": 0.7170346527983438, "centroid_lat": 21.04491907648049, "centroid_lon": 85.52650699326985, "cluster_id": 1, "n_pixels": 72, "perim_m": 536.269044414068, "profile_A00_p50": 0.05322490089061294, "profile_A01_p50": -0.06588960226698776, "profile_A02_p50": 0.1529994411706668, "profile_A03_p50": 0.004396723212956731, "profile_A04_p50": -0.05832658226689369, "profile_A05_p50": 0.015158496882656702, "profile_A06_p50": -0.058113267185035455, "profile_A07_p50": 0.11962914339116627, "profile_A08_p50": -0.09326266198422985, "profile_A09_p50": 0.08838273719580549, "profile_A10_p50": 0.0927738549931394, "profile_A11_p50": 0.07960371607931654, "profile_A12_p50": -0.3249897319335717, "profile_A13_p50": 0.0044190217192075195, "profile_A14_p50": 0.017099823624685245, "profile_A15_p50": 0.1264737837743902, "profile_A16_p50": -0.06398815698604657, "profile_A17_p50": 0.06009021031571071, "profile_A18_p50": -0.08835826261434147, "profile_A19_p50": -0.020495413132786598, "profile_A20_p50": -0.3432207421649957, "profile_A21_p50": 0.3462977910933563, "profile_A22_p50": 0.21781800919039349, "profile_A23_p50": 0.002466081314448473, "profile_A24_p50": 0.044423011605003684, "profile_A25_p50": 0.07520972980020879, "profile_A26_p50": 0.10986634887067584, "profile_A27_p50": -0.02199335255392581, "profile_A28_p50": -0.042509549344215, "profile_A29_p50": 0.20140214272110038, "profile_A30_p50": 0.055171624942798744, "profile_A31_p50": 0.05227177289072206, "profile_A32_p50": 0.000957316000058114, "profile_A33_p50": 0.009267088127341096, "profile_A34_p50": 0.06397362739951426, "profile_A35_p50": 0.012661068372644, "profile_A36_p50": -0.15279506865085354, "profile_A37_p50": 0.03807606339089456, "profile_A38_p50": 0.15669696681405246, "profile_A39_p50": -0.0595711700946848, "profile_A40_p50": 0.08346119692206716, "profile_A41_p50": 0.08642988587394283, "profile_A42_p50": -0.15870285279429833, "profile_A43_p50": 0.33118419251225517, "profile_A44_p50": 0.05520752142849134, "profile_A45_p50": 0.0532128036651257, "profile_A46_p50": -0.01712322146126869, "profile_A47_p50": 0.02200723127549733, "profile_A48_p50": -0.11667718980753906, "profile_A49_p50": 0.08543167339345949, "profile_A50_p50": -0.046326086499873464, "profile_A51_p50": 0.03856258647140974, "profile_A52_p50": -0.022948844816816024, "profile_A53_p50": -0.06591446047458382, "profile_A54_p50": 0.19317842710817879, "profile_A55_p50": -0.11961082210177881, "profile_A56_p50": -0.0014382150342833156, "profile_A57_p50": -0.04930843751849643, "profile_A58_p50": -0.13624692489672033, "profile_A59_p50": -0.16067235778065347, "profile_A60_p50": -0.024889585453966214, "profile_A61_p50": -0.04440479733645213, "profile_A62_p50": 0.04593597650644479, "profile_A63_p50": 0.08937991613072041, "unit_id": 45}}, {"type": "Feature", "geometry": {"type": "Polygon", "coordinates": [[[85.52662190739458, 21.043844014255498], [85.52689140197982, 21.043844014255498], [85.52689140197982, 21.044203340369148], [85.52662190739458, 21.044203340369148], [85.52662190739458, 21.04402367731232], [85.52680157045141, 21.04402367731232], [85.52680157045141, 21.04393384578391], [85.52662190739458, 21.04393384578391], [85.52662190739458, 21.043844014255498]]]}, "id": "+1854+1343", "properties": {"area_ha": 0.09312193111513554, "centroid_lat": 21.044032659755953, "centroid_lon": 85.52676563674075, "cluster_id": 0, "n_pixels": 9, "perim_m": 172.9381460753407, "profile_A00_p50": 0.0649371420336406, "profile_A01_p50": -0.11083470436988313, "profile_A02_p50": 0.14346318026817326, "profile_A03_p50": 0.017083394032160377, "profile_A04_p50": -0.04637003445213128, "profile_A05_p50": -0.008794838739899412, "profile_A06_p50": -0.0697901490985032, "profile_A07_p50": 0.14752746069232994, "profile_A08_p50": -0.09809832530559248, "profile_A09_p50": 0.07865185688890315, "profile_A10_p50": 0.09278434321793148, "profile_A11_p50": 0.06399534700652354, "profile_A12_p50": -0.33706718023658716, "profile_A13_p50": 0.01611334574977108, "profile_A14_p50": -0.02196162797008433, "profile_A15_p50": 0.09865446239857459, "profile_A16_p50": -0.05517367445062648, "profile_A17_p50": 0.020527785675845137, "profile_A18_p50": -0.09320158952852851, "profile_A19_p50": 0.020520659200231755, "profile_A20_p50": -0.27787778199771523, "profile_A21_p50": 0.32710390879651796, "profile_A22_p50": 0.2647713197795599, "profile_A23_p50": -0.05124733800254931, "profile_A24_p50": 0.04592356057259676, "profile_A25_p50": 0.07127039448964882, "profile_A26_p50": 0.11083555905543434, "profile_A27_p50": -0.00047438936866183194, "profile_A28_p50": -0.054212923916086175, "profile_A29_p50": 0.19997662502461896, "profile_A30_p50": 0.06685909016728205, "profile_A31_p50": 0.04931597988423994, "profile_A32_p50": 0.0009931171883571953, "profile_A33_p50": -0.02295085841310662, "profile_A34_p50": 0.04590102399843765, "profile_A35_p50": -0.01855274223737954, "profile_A36_p50": -0.1805969336689741, "profile_A37_p50": 0.038133652209125644, "profile_A38_p50": 0.16465066993068045, "profile_A39_p50": -0.11432195461265213, "profile_A40_p50": 0.05424624345228753, "profile_A41_p50": 0.04933324400612502, "profile_A42_p50": -0.1470229052963256, "profile_A43_p50": 0.36170676065249535, "profile_A44_p50": 0.04735946919384751, "profile_A45_p50": 0.053694415358164035, "profile_A46_p50": -0.020978501530891636, "profile_A47_p50": 0.053738594365539405, "profile_A48_p50": -0.1098768476153089, "profile_A49_p50": 0.05952449153421575, "profile_A50_p50": -0.06982160993676202, "profile_A51_p50": 0.010225107035864925, "profile_A52_p50": -0.01613335808612833, "profile_A53_p50": -0.051767402203102525, "profile_A54_p50": 0.19289055487643264, "profile_A55_p50": -0.12261130834785652, "profile_A56_p50": -0.03467205053136565, "profile_A57_p50": -0.03366955729954787, "profile_A58_p50": -0.10597195248497535, "profile_A59_p50": -0.13033228323719942, "profile_A60_p50": 0.02200174954063654, "profile_A61_p50": -0.0717687835809173, "profile_A62_p50": 0.04784828368557889, "profile_A63_p50": 0.07373148958241554, "unit_id": 46}}, {"type": "Feature", "geometry": {"type": "Polygon", "coordinates": [[[85.68346775600185, 21.042227046744085], [85.68391691364391, 21.042227046744085], [85.68391691364391, 21.042316878272494], [85.6846355658712, 21.042316878272494], [85.6846355658712, 21.04249654132932], [85.68553388115532, 21.04249654132932], [85.68553388115532, 21.042676204386144], [85.68562371268374, 21.042676204386144], [85.68562371268374, 21.042766035914553], [85.68544404962691, 21.042766035914553], [85.68544404962691, 21.042676204386144], [85.6846355658712, 21.042676204386144], [85.6846355658712, 21.04249654132932], [85.68373725058709, 21.04249654132932], [85.68373725058709, 21.042406709800908], [85.68337792447343, 21.042406709800908], [85.68337792447343, 21.042316878272494], [85.68346775600185, 21.042316878272494], [85.68346775600185, 21.042227046744085]]]}, "id": "+3602+1361", "properties": {"area_ha": 0.47492688928402915, "centroid_lat": 21.042472764715598, "centroid_lon": 85.68449377149598, "cluster_id": 3, "n_pixels": 47, "perim_m": 586.2099001200444, "profile_A00_p50": 0.011235239387247112, "profile_A01_p50": -0.0944170190952198, "profile_A02_p50": 0.15850057670126871, "profile_A03_p50": 0.003564437970167429, "profile_A04_p50": -0.07205670402902237, "profile_A05_p50": 0.03257106241189286, "profile_A06_p50": -0.07272943763834964, "profile_A07_p50": 0.10985119683312686, "profile_A08_p50": -0.08651845985622647, "profile_A09_p50": 0.0600430883561467, "profile_A10_p50": 0.11400921607631402, "profile_A11_p50": 0.0111920030757401, "profile_A12_p50": -0.3221313230657005, "profile_A13_p50": 0.019024102708091968, "profile_A14_p50": -0.0053916421760631964, "profile_A15_p50": 0.11957411150282209, "profile_A16_p50": -0.07479604942143117, "profile_A17_p50": 0.03803665256952454, "profile_A18_p50": -0.1256803354945045, "profile_A19_p50": -0.01656259063652981, "profile_A20_p50": -0.2722795908059495, "profile_A21_p50": 0.3556452512654423, "profile_A22_p50": 0.17115688105307483, "profile_A23_p50": -0.019990446564841027, "profile_A24_p50": 0.04197593000361166, "profile_A25_p50": 0.09420353859861756, "profile_A26_p50": 0.10178905549147761, "profile_A27_p50": -0.03082037911668791, "profile_A28_p50": -0.0756967453399347, "profile_A29_p50": 0.1908586644815521, "profile_A30_p50": 0.08309282754496135, "profile_A31_p50": 0.06689427143406382, "profile_A32_p50": -0.05181669045714686, "profile_A33_p50": -0.016104732755643374, "profile_A34_p50": 0.049864714440127626, "profile_A35_p50": 0.018629112259767138, "profile_A36_p50": -0.21195628055143625, "profile_A37_p50": 0.09047097270280662, "profile_A38_p50": 0.17544807340384294, "profile_A39_p50": -0.059400418326222906, "profile_A40_p50": 0.08742905150440715, "profile_A41_p50": 0.05032945124855639, "profile_A42_p50": -0.15373454599345476, "profile_A43_p50": 0.3164389764620445, "profile_A44_p50": 0.032788414712290145, "profile_A45_p50": 0.06788945230226325, "profile_A46_p50": 0.012293733179546327, "profile_A47_p50": 0.0634588854602597, "profile_A48_p50": -0.11581008419281325, "profile_A49_p50": 0.036267982797314094, "profile_A50_p50": -0.012156496585562329, "profile_A51_p50": 0.07320562343524893, "profile_A52_p50": -0.014181711833384267, "profile_A53_p50": -0.03801164060014577, "profile_A54_p50": 0.19885668933227743, "profile_A55_p50": -0.09414380413701337, "profile_A56_p50": -0.020010342445014827, "profile_A57_p50": -0.02485003959024507, "profile_A58_p50": -0.10019566862430729, "profile_A59_p50": -0.12456524525126902, "profile_A60_p50": -0.01524541842880943, "profile_A61_p50": -0.04454317190444322, "profile_A62_p50": 0.0748096885813149, "profile_A63_p50": 0.08887335484798001, "unit_id": 47}}, {"type": "Feature", "geometry": {"type": "Polygon", "coordinates": [[[85.6867915225531, 21.041238899931553], [85.68697118560992, 21.041238899931553], [85.68697118560992, 21.041418562988376], [85.6867915225531, 21.041418562988376], [85.6867915225531, 21.041238899931553]]]}, "id": "+3636+1372", "properties": {"area_ha": 0.037249448734350016, "centroid_lat": 21.041328730696122, "centroid_lon": 85.68688135462651, "cluster_id": 3, "n_pixels": 4, "perim_m": 77.13264384229034, "profile_A00_p50": 0.011235239387247112, "profile_A01_p50": -0.0944170190952198, "profile_A02_p50": 0.15850057670126871, "profile_A03_p50": 0.003564437970167429, "profile_A04_p50": -0.07205670402902237, "profile_A05_p50": 0.03257106241189286, "profile_A06_p50": -0.07272943763834964, "profile_A07_p50": 0.10985119683312686, "profile_A08_p50": -0.08651845985622647, "profile_A09_p50": 0.0600430883561467, "profile_A10_p50": 0.11400921607631402, "profile_A11_p50": 0.0111920030757401, "profile_A12_p50": -0.3221313230657005, "profile_A13_p50": 0.019024102708091968, "profile_A14_p50": -0.0053916421760631964, "profile_A15_p50": 0.11957411150282209, "profile_A16_p50": -0.07479604942143117, "profile_A17_p50": 0.03803665256952454, "profile_A18_p50": -0.1256803354945045, "profile_A19_p50": -0.01656259063652981, "profile_A20_p50": -0.2722795908059495, "profile_A21_p50": 0.3556452512654423, "profile_A22_p50": 0.17115688105307483, "profile_A23_p50": -0.019990446564841027, "profile_A24_p50": 0.04197593000361166, "profile_A25_p50": 0.09420353859861756, "profile_A26_p50": 0.10178905549147761, "profile_A27_p50": -0.03082037911668791, "profile_A28_p50": -0.0756967453399347, "profile_A29_p50": 0.1908586644815521, "profile_A30_p50": 0.08309282754496135, "profile_A31_p50": 0.06689427143406382, "profile_A32_p50": -0.05181669045714686, "profile_A33_p50": -0.016104732755643374, "profile_A34_p50": 0.049864714440127626, "profile_A35_p50": 0.018629112259767138, "profile_A36_p50": -0.21195628055143625, "profile_A37_p50": 0.09047097270280662, "profile_A38_p50": 0.17544807340384294, "profile_A39_p50": -0.059400418326222906, "profile_A40_p50": 0.08742905150440715, "profile_A41_p50": 0.05032945124855639, "profile_A42_p50": -0.15373454599345476, "profile_A43_p50": 0.3164389764620445, "profile_A44_p50": 0.032788414712290145, "profile_A45_p50": 0.06788945230226325, "profile_A46_p50": 0.012293733179546327, "profile_A47_p50": 0.0634588854602597, "profile_A48_p50": -0.11581008419281325, "profile_A49_p50": 0.036267982797314094, "profile_A50_p50": -0.012156496585562329, "profile_A51_p50": 0.07320562343524893, "profile_A52_p50": -0.014181711833384267, "profile_A53_p50": -0.03801164060014577, "profile_A54_p50": 0.19885668933227743, "profile_A55_p50": -0.09414380413701337, "profile_A56_p50": -0.020010342445014827, "profile_A57_p50": -0.02485003959024507, "profile_A58_p50": -0.10019566862430729, "profile_A59_p50": -0.12456524525126902, "profile_A60_p50": -0.01524541842880943, "profile_A61_p50": -0.04454317190444322, "profile_A62_p50": 0.0748096885813149, "profile_A63_p50": 0.08887335484798001, "unit_id": 48}}, {"type": "Feature", "geometry": {"type": "Polygon", "coordinates": [[[85.68508472351327, 21.040430416175845], [85.6852643865701, 21.040430416175845], [85.6852643865701, 21.040520247704254], [85.68598303879739, 21.040520247704254], [85.68598303879739, 21.040610079232668], [85.6860728703258, 21.040610079232668], [85.6860728703258, 21.04069991076108], [85.68598303879739, 21.04069991076108], [85.68598303879739, 21.04078974228949], [85.68643219643944, 21.04078974228949], [85.68643219643944, 21.040879573817904], [85.68499489198486, 21.040879573817904], [85.68499489198486, 21.04078974228949], [85.68481522892803, 21.04078974228949], [85.68481522892803, 21.04069991076108], [85.68490506045644, 21.04069991076108], [85.68490506045644, 21.040610079232668], [85.68499489198486, 21.040610079232668], [85.68499489198486, 21.040520247704254], [85.68508472351327, 21.040520247704254], [85.68508472351327, 21.040430416175845]]]}, "id": "+3617+1381", "properties": {"area_ha": 0.5121834774835358, "centroid_lat": 21.04070399467054, "centroid_lon": 85.6855216317578, "cluster_id": 3, "n_pixels": 51, "perim_m": 454.27604013199516, "profile_A00_p50": 0.011235239387247112, "profile_A01_p50": -0.0944170190952198, "profile_A02_p50": 0.15850057670126871, "profile_A03_p50": 0.003564437970167429, "profile_A04_p50": -0.07205670402902237, "profile_A05_p50": 0.03257106241189286, "profile_A06_p50": -0.07272943763834964, "profile_A07_p50": 0.10985119683312686, "profile_A08_p50": -0.08651845985622647, "profile_A09_p50": 0.0600430883561467, "profile_A10_p50": 0.11400921607631402, "profile_A11_p50": 0.0111920030757401, "profile_A12_p50": -0.3221313230657005, "profile_A13_p50": 0.019024102708091968, "profile_A14_p50": -0.0053916421760631964, "profile_A15_p50": 0.11957411150282209, "profile_A16_p50": -0.07479604942143117, "profile_A17_p50": 0.03803665256952454, "profile_A18_p50": -0.1256803354945045, "profile_A19_p50": -0.01656259063652981, "profile_A20_p50": -0.2722795908059495, "profile_A21_p50": 0.3556452512654423, "profile_A22_p50": 0.17115688105307483, "profile_A23_p50": -0.019990446564841027, "profile_A24_p50": 0.04197593000361166, "profile_A25_p50": 0.09420353859861756, "profile_A26_p50": 0.10178905549147761, "profile_A27_p50": -0.03082037911668791, "profile_A28_p50": -0.0756967453399347, "profile_A29_p50": 0.1908586644815521, "profile_A30_p50": 0.08309282754496135, "profile_A31_p50": 0.06689427143406382, "profile_A32_p50": -0.05181669045714686, "profile_A33_p50": -0.016104732755643374, "profile_A34_p50": 0.049864714440127626, "profile_A35_p50": 0.018629112259767138, "profile_A36_p50": -0.21195628055143625, "profile_A37_p50": 0.09047097270280662, "profile_A38_p50": 0.17544807340384294, "profile_A39_p50": -0.059400418326222906, "profile_A40_p50": 0.08742905150440715, "profile_A41_p50": 0.05032945124855639, "profile_A42_p50": -0.15373454599345476, "profile_A43_p50": 0.3164389764620445, "profile_A44_p50": 0.032788414712290145, "profile_A45_p50": 0.06788945230226325, "profile_A46_p50": 0.012293733179546327, "profile_A47_p50": 0.0634588854602597, "profile_A48_p50": -0.11581008419281325, "profile_A49_p50": 0.036267982797314094, "profile_A50_p50": -0.012156496585562329, "profile_A51_p50": 0.07320562343524893, "profile_A52_p50": -0.014181711833384267, "profile_A53_p50": -0.03801164060014577, "profile_A54_p50": 0.19885668933227743, "profile_A55_p50": -0.09414380413701337, "profile_A56_p50": -0.020010342445014827, "profile_A57_p50": -0.02485003959024507, "profile_A58_p50": -0.10019566862430729, "profile_A59_p50": -0.12456524525126902, "profile_A60_p50": -0.01524541842880943, "profile_A61_p50": -0.04454317190444322, "profile_A62_p50": 0.0748096885813149, "profile_A63_p50": 0.08887335484798001, "unit_id": 49}}, {"type": "Feature", "geometry": {"type": "Polygon", "coordinates": [[[85.61070421798817, 21.0250692248174], [85.61097371257341, 21.0250692248174], [85.61097371257341, 21.025248887874223], [85.61106354410182, 21.025248887874223], [85.61106354410182, 21.025428550931046], [85.61115337563022, 21.025428550931046], [85.61115337563022, 21.025608213987873], [85.61133303868705, 21.025608213987873], [85.61133303868705, 21.025698045516283], [85.61106354410182, 21.025698045516283], [85.61106354410182, 21.025608213987873], [85.61097371257341, 21.025608213987873], [85.61097371257341, 21.025698045516283], [85.610883881045, 21.025698045516283], [85.610883881045, 21.025608213987873], [85.61070421798817, 21.025608213987873], [85.61070421798817, 21.02551838245946], [85.61097371257341, 21.02551838245946], [85.61097371257341, 21.025248887874223], [85.61070421798817, 21.025248887874223], [85.61070421798817, 21.0250692248174]]]}, "id": "+2790+1552", "properties": {"area_ha": 0.17695377195128378, "centroid_lat": 21.025421458720903, "centroid_lon": 85.61096661932088, "cluster_id": 3, "n_pixels": 18, "perim_m": 345.89906367873175, "profile_A00_p50": 0.011235239387247112, "profile_A01_p50": -0.0944170190952198, "profile_A02_p50": 0.15850057670126871, "profile_A03_p50": 0.003564437970167429, "profile_A04_p50": -0.07205670402902237, "profile_A05_p50": 0.03257106241189286, "profile_A06_p50": -0.07272943763834964, "profile_A07_p50": 0.10985119683312686, "profile_A08_p50": -0.08651845985622647, "profile_A09_p50": 0.0600430883561467, "profile_A10_p50": 0.11400921607631402, "profile_A11_p50": 0.0111920030757401, "profile_A12_p50": -0.3221313230657005, "profile_A13_p50": 0.019024102708091968, "profile_A14_p50": -0.0053916421760631964, "profile_A15_p50": 0.11957411150282209, "profile_A16_p50": -0.07479604942143117, "profile_A17_p50": 0.03803665256952454, "profile_A18_p50": -0.1256803354945045, "profile_A19_p50": -0.01656259063652981, "profile_A20_p50": -0.2722795908059495, "profile_A21_p50": 0.3556452512654423, "profile_A22_p50": 0.17115688105307483, "profile_A23_p50": -0.019990446564841027, "profile_A24_p50": 0.04197593000361166, "profile_A25_p50": 0.09420353859861756, "profile_A26_p50": 0.10178905549147761, "profile_A27_p50": -0.03082037911668791, "profile_A28_p50": -0.0756967453399347, "profile_A29_p50": 0.1908586644815521, "profile_A30_p50": 0.08309282754496135, "profile_A31_p50": 0.06689427143406382, "profile_A32_p50": -0.05181669045714686, "profile_A33_p50": -0.016104732755643374, "profile_A34_p50": 0.049864714440127626, "profile_A35_p50": 0.018629112259767138, "profile_A36_p50": -0.21195628055143625, "profile_A37_p50": 0.09047097270280662, "profile_A38_p50": 0.17544807340384294, "profile_A39_p50": -0.059400418326222906, "profile_A40_p50": 0.08742905150440715, "profile_A41_p50": 0.05032945124855639, "profile_A42_p50": -0.15373454599345476, "profile_A43_p50": 0.3164389764620445, "profile_A44_p50": 0.032788414712290145, "profile_A45_p50": 0.06788945230226325, "profile_A46_p50": 0.012293733179546327, "profile_A47_p50": 0.0634588854602597, "profile_A48_p50": -0.11581008419281325, "profile_A49_p50": 0.036267982797314094, "profile_A50_p50": -0.012156496585562329, "profile_A51_p50": 0.07320562343524893, "profile_A52_p50": -0.014181711833384267, "profile_A53_p50": -0.03801164060014577, "profile_A54_p50": 0.19885668933227743, "profile_A55_p50": -0.09414380413701337, "profile_A56_p50": -0.020010342445014827, "profile_A57_p50": -0.02485003959024507, "profile_A58_p50": -0.10019566862430729, "profile_A59_p50": -0.12456524525126902, "profile_A60_p50": -0.01524541842880943, "profile_A61_p50": -0.04454317190444322, "profile_A62_p50": 0.0748096885813149, "profile_A63_p50": 0.08887335484798001, "unit_id": 50}}, {"type": "Feature", "geometry": {"type": "Polygon", "coordinates": [[[85.61950770777254, 21.022553942021865], [85.61959753930095, 21.022553942021865], [85.61959753930095, 21.022913268135515], [85.61950770777254, 21.022913268135515], [85.61950770777254, 21.023092931192338], [85.61959753930095, 21.023092931192338], [85.61959753930095, 21.02327259424916], [85.61977720235778, 21.02327259424916], [85.61977720235778, 21.023362425777574], [85.61995686541461, 21.023362425777574], [85.61995686541461, 21.023452257305983], [85.62013652847142, 21.023452257305983], [85.62013652847142, 21.023542088834397], [85.62022635999983, 21.023542088834397], [85.62022635999983, 21.024350572590105], [85.620046696943, 21.024350572590105], [85.620046696943, 21.024440404118515], [85.61995686541461, 21.024440404118515], [85.61995686541461, 21.024530235646928], [85.6198670338862, 21.024530235646928], [85.6198670338862, 21.02462006717534], [85.61968737082937, 21.02462006717534], [85.61968737082937, 21.02470989870375], [85.61959753930095, 21.02470989870375], [85.61959753930095, 21.024799730232164], [85.61950770777254, 21.024799730232164], [85.61950770777254, 21.024889561760578], [85.61932804471572, 21.024889561760578], [85.61932804471572, 21.024979393288987], [85.6192382131873, 21.024979393288987], [85.6192382131873, 21.0250692248174], [85.61914838165889, 21.0250692248174], [85.61914838165889, 21.025159056345814], [85.61896871860208, 21.025159056345814], [85.61896871860208, 21.025248887874223], [85.61887888707366, 21.025248887874223], [85.61887888707366, 21.025338719402637], [85.61878905554525, 21.025338719402637], [85.61878905554525, 21.025428550931046], [85.61860939248842, 21.025428550931046], [85.61860939248842, 21.02551838245946], [85.61851956096001, 21.02551838245946], [85.61851956096001, 21.025608213987873], [85.6184297294316, 21.025608213987873], [85.6184297294316, 21.025338719402637], [85.61851956096001, 21.025338719402637], [85.61851956096001, 21.025159056345814], [85.61860939248842, 21.025159056345814], [85.61860939248842, 21.02470989870375], [85.61869922401684, 21.02470989870375], [85.61869922401684, 21.02462006717534], [85.61860939248842, 21.02462006717534], [85.61860939248842, 21.024530235646928], [85.61878905554525, 21.024530235646928], [85.61878905554525, 21.024440404118515], [85.61914838165889, 21.024440404118515], [85.61914838165889, 21.024260741061692], [85.6192382131873, 21.024260741061692], [85.6192382131873, 21.02408107800487], [85.61932804471572, 21.02408107800487], [85.61932804471572, 21.023991246476456], [85.61941787624413, 21.023991246476456], [85.61941787624413, 21.02318276272075], [85.61950770777254, 21.02318276272075], [85.61950770777254, 21.023092931192338], [85.61941787624413, 21.023092931192338], [85.61941787624413, 21.02264377355028], [85.61950770777254, 21.02264377355028], [85.61950770777254, 21.022553942021865]]]}, "id": "+2886+1580", "properties": {"area_ha": 2.0955214804432316, "centroid_lat": 21.024261337827127, "centroid_lon": 85.6194396380555, "cluster_id": 0, "n_pixels": 210, "perim_m": 1105.8827560520497, "profile_A00_p50": 0.0649371420336406, "profile_A01_p50": -0.11083470436988313, "profile_A02_p50": 0.14346318026817326, "profile_A03_p50": 0.017083394032160377, "profile_A04_p50": -0.04637003445213128, "profile_A05_p50": -0.008794838739899412, "profile_A06_p50": -0.0697901490985032, "profile_A07_p50": 0.14752746069232994, "profile_A08_p50": -0.09809832530559248, "profile_A09_p50": 0.07865185688890315, "profile_A10_p50": 0.09278434321793148, "profile_A11_p50": 0.06399534700652354, "profile_A12_p50": -0.33706718023658716, "profile_A13_p50": 0.01611334574977108, "profile_A14_p50": -0.02196162797008433, "profile_A15_p50": 0.09865446239857459, "profile_A16_p50": -0.05517367445062648, "profile_A17_p50": 0.020527785675845137, "profile_A18_p50": -0.09320158952852851, "profile_A19_p50": 0.020520659200231755, "profile_A20_p50": -0.27787778199771523, "profile_A21_p50": 0.32710390879651796, "profile_A22_p50": 0.2647713197795599, "profile_A23_p50": -0.05124733800254931, "profile_A24_p50": 0.04592356057259676, "profile_A25_p50": 0.07127039448964882, "profile_A26_p50": 0.11083555905543434, "profile_A27_p50": -0.00047438936866183194, "profile_A28_p50": -0.054212923916086175, "profile_A29_p50": 0.19997662502461896, "profile_A30_p50": 0.06685909016728205, "profile_A31_p50": 0.04931597988423994, "profile_A32_p50": 0.0009931171883571953, "profile_A33_p50": -0.02295085841310662, "profile_A34_p50": 0.04590102399843765, "profile_A35_p50": -0.01855274223737954, "profile_A36_p50": -0.1805969336689741, "profile_A37_p50": 0.038133652209125644, "profile_A38_p50": 0.16465066993068045, "profile_A39_p50": -0.11432195461265213, "profile_A40_p50": 0.05424624345228753, "profile_A41_p50": 0.04933324400612502, "profile_A42_p50": -0.1470229052963256, "profile_A43_p50": 0.36170676065249535, "profile_A44_p50": 0.04735946919384751, "profile_A45_p50": 0.053694415358164035, "profile_A46_p50": -0.020978501530891636, "profile_A47_p50": 0.053738594365539405, "profile_A48_p50": -0.1098768476153089, "profile_A49_p50": 0.05952449153421575, "profile_A50_p50": -0.06982160993676202, "profile_A51_p50": 0.010225107035864925, "profile_A52_p50": -0.01613335808612833, "profile_A53_p50": -0.051767402203102525, "profile_A54_p50": 0.19289055487643264, "profile_A55_p50": -0.12261130834785652, "profile_A56_p50": -0.03467205053136565, "profile_A57_p50": -0.03366955729954787, "profile_A58_p50": -0.10597195248497535, "profile_A59_p50": -0.13033228323719942, "profile_A60_p50": 0.02200174954063654, "profile_A61_p50": -0.0717687835809173, "profile_A62_p50": 0.04784828368557889, "profile_A63_p50": 0.07373148958241554, "unit_id": 51}}, {"type": "Feature", "geometry": {"type": "Polygon", "coordinates": [[[85.60998556576088, 21.023901414948046], [85.6100753972893, 21.023901414948046], [85.6100753972893, 21.023991246476456], [85.61016522881769, 21.023991246476456], [85.61016522881769, 21.024170909533282], [85.6102550603461, 21.024170909533282], [85.6102550603461, 21.024260741061692], [85.61016522881769, 21.024260741061692], [85.61016522881769, 21.024170909533282], [85.6100753972893, 21.024170909533282], [85.6100753972893, 21.02408107800487], [85.60998556576088, 21.02408107800487], [85.60998556576088, 21.023901414948046]]]}, "id": "+2780+1565", "properties": {"area_ha": 0.04656720361539297, "centroid_lat": 21.024072094201255, "centroid_lon": 85.61010234719268, "cluster_id": 3, "n_pixels": 5, "perim_m": 135.59706551545548, "profile_A00_p50": 0.011235239387247112, "profile_A01_p50": -0.0944170190952198, "profile_A02_p50": 0.15850057670126871, "profile_A03_p50": 0.003564437970167429, "profile_A04_p50": -0.07205670402902237, "profile_A05_p50": 0.03257106241189286, "profile_A06_p50": -0.07272943763834964, "profile_A07_p50": 0.10985119683312686, "profile_A08_p50": -0.08651845985622647, "profile_A09_p50": 0.0600430883561467, "profile_A10_p50": 0.11400921607631402, "profile_A11_p50": 0.0111920030757401, "profile_A12_p50": -0.3221313230657005, "profile_A13_p50": 0.019024102708091968, "profile_A14_p50": -0.0053916421760631964, "profile_A15_p50": 0.11957411150282209, "profile_A16_p50": -0.07479604942143117, "profile_A17_p50": 0.03803665256952454, "profile_A18_p50": -0.1256803354945045, "profile_A19_p50": -0.01656259063652981, "profile_A20_p50": -0.2722795908059495, "profile_A21_p50": 0.3556452512654423, "profile_A22_p50": 0.17115688105307483, "profile_A23_p50": -0.019990446564841027, "profile_A24_p50": 0.04197593000361166, "profile_A25_p50": 0.09420353859861756, "profile_A26_p50": 0.10178905549147761, "profile_A27_p50": -0.03082037911668791, "profile_A28_p50": -0.0756967453399347, "profile_A29_p50": 0.1908586644815521, "profile_A30_p50": 0.08309282754496135, "profile_A31_p50": 0.06689427143406382, "profile_A32_p50": -0.05181669045714686, "profile_A33_p50": -0.016104732755643374, "profile_A34_p50": 0.049864714440127626, "profile_A35_p50": 0.018629112259767138, "profile_A36_p50": -0.21195628055143625, "profile_A37_p50": 0.09047097270280662, "profile_A38_p50": 0.17544807340384294, "profile_A39_p50": -0.059400418326222906, "profile_A40_p50": 0.08742905150440715, "profile_A41_p50": 0.05032945124855639, "profile_A42_p50": -0.15373454599345476, "profile_A43_p50": 0.3164389764620445, "profile_A44_p50": 0.032788414712290145, "profile_A45_p50": 0.06788945230226325, "profile_A46_p50": 0.012293733179546327, "profile_A47_p50": 0.0634588854602597, "profile_A48_p50": -0.11581008419281325, "profile_A49_p50": 0.036267982797314094, "profile_A50_p50": -0.012156496585562329, "profile_A51_p50": 0.07320562343524893, "profile_A52_p50": -0.014181711833384267, "profile_A53_p50": -0.03801164060014577, "profile_A54_p50": 0.19885668933227743, "profile_A55_p50": -0.09414380413701337, "profile_A56_p50": -0.020010342445014827, "profile_A57_p50": -0.02485003959024507, "profile_A58_p50": -0.10019566862430729, "profile_A59_p50": -0.12456524525126902, "profile_A60_p50": -0.01524541842880943, "profile_A61_p50": -0.04454317190444322, "profile_A62_p50": 0.0748096885813149, "profile_A63_p50": 0.08887335484798001, "unit_id": 52}}, {"type": "Feature", "geometry": {"type": "Polygon", "coordinates": [[[85.60962623964723, 21.023452257305983], [85.60971607117564, 21.023452257305983], [85.60971607117564, 21.023542088834397], [85.60980590270405, 21.023542088834397], [85.60980590270405, 21.02363192036281], [85.60989573423247, 21.02363192036281], [85.60989573423247, 21.02372175189122], [85.60998556576088, 21.02372175189122], [85.60998556576088, 21.023811583419633], [85.60980590270405, 21.023811583419633], [85.60980590270405, 21.02363192036281], [85.60971607117564, 21.02363192036281], [85.60971607117564, 21.023542088834397], [85.60962623964723, 21.023542088834397], [85.60962623964723, 21.023452257305983]]]}, "id": "+2776+1570", "properties": {"area_ha": 0.04656733514414231, "centroid_lat": 21.02365887187636, "centroid_lon": 85.60981488677886, "cluster_id": 3, "n_pixels": 5, "perim_m": 154.27393573359777, "profile_A00_p50": 0.011235239387247112, "profile_A01_p50": -0.0944170190952198, "profile_A02_p50": 0.15850057670126871, "profile_A03_p50": 0.003564437970167429, "profile_A04_p50": -0.07205670402902237, "profile_A05_p50": 0.03257106241189286, "profile_A06_p50": -0.07272943763834964, "profile_A07_p50": 0.10985119683312686, "profile_A08_p50": -0.08651845985622647, "profile_A09_p50": 0.0600430883561467, "profile_A10_p50": 0.11400921607631402, "profile_A11_p50": 0.0111920030757401, "profile_A12_p50": -0.3221313230657005, "profile_A13_p50": 0.019024102708091968, "profile_A14_p50": -0.0053916421760631964, "profile_A15_p50": 0.11957411150282209, "profile_A16_p50": -0.07479604942143117, "profile_A17_p50": 0.03803665256952454, "profile_A18_p50": -0.1256803354945045, "profile_A19_p50": -0.01656259063652981, "profile_A20_p50": -0.2722795908059495, "profile_A21_p50": 0.3556452512654423, "profile_A22_p50": 0.17115688105307483, "profile_A23_p50": -0.019990446564841027, "profile_A24_p50": 0.04197593000361166, "profile_A25_p50": 0.09420353859861756, "profile_A26_p50": 0.10178905549147761, "profile_A27_p50": -0.03082037911668791, "profile_A28_p50": -0.0756967453399347, "profile_A29_p50": 0.1908586644815521, "profile_A30_p50": 0.08309282754496135, "profile_A31_p50": 0.06689427143406382, "profile_A32_p50": -0.05181669045714686, "profile_A33_p50": -0.016104732755643374, "profile_A34_p50": 0.049864714440127626, "profile_A35_p50": 0.018629112259767138, "profile_A36_p50": -0.21195628055143625, "profile_A37_p50": 0.09047097270280662, "profile_A38_p50": 0.17544807340384294, "profile_A39_p50": -0.059400418326222906, "profile_A40_p50": 0.08742905150440715, "profile_A41_p50": 0.05032945124855639, "profile_A42_p50": -0.15373454599345476, "profile_A43_p50": 0.3164389764620445, "profile_A44_p50": 0.032788414712290145, "profile_A45_p50": 0.06788945230226325, "profile_A46_p50": 0.012293733179546327, "profile_A47_p50": 0.0634588854602597, "profile_A48_p50": -0.11581008419281325, "profile_A49_p50": 0.036267982797314094, "profile_A50_p50": -0.012156496585562329, "profile_A51_p50": 0.07320562343524893, "profile_A52_p50": -0.014181711833384267, "profile_A53_p50": -0.03801164060014577, "profile_A54_p50": 0.19885668933227743, "profile_A55_p50": -0.09414380413701337, "profile_A56_p50": -0.020010342445014827, "profile_A57_p50": -0.02485003959024507, "profile_A58_p50": -0.10019566862430729, "profile_A59_p50": -0.12456524525126902, "profile_A60_p50": -0.01524541842880943, "profile_A61_p50": -0.04454317190444322, "profile_A62_p50": 0.0748096885813149, "profile_A63_p50": 0.08887335484798001, "unit_id": 53}}, {"type": "Feature", "geometry": {"type": "Polygon", "coordinates": [[[85.60764994602216, 21.022104784379806], [85.60773977755058, 21.022104784379806], [85.60773977755058, 21.02219461590822], [85.60764994602216, 21.02219461590822], [85.60764994602216, 21.022374278965042], [85.6079194406074, 21.022374278965042], [85.6079194406074, 21.022913268135515], [85.60809910366423, 21.022913268135515], [85.60809910366423, 21.023092931192338], [85.60827876672104, 21.023092931192338], [85.60827876672104, 21.022913268135515], [85.6086380928347, 21.022913268135515], [85.6086380928347, 21.0228234366071], [85.60872792436311, 21.0228234366071], [85.60872792436311, 21.022733605078688], [85.60881775589152, 21.022733605078688], [85.60881775589152, 21.0228234366071], [85.60872792436311, 21.0228234366071], [85.60872792436311, 21.022913268135515], [85.60881775589152, 21.022913268135515], [85.60881775589152, 21.023092931192338], [85.6086380928347, 21.023092931192338], [85.6086380928347, 21.02372175189122], [85.60854826130628, 21.02372175189122], [85.60854826130628, 21.023811583419633], [85.60836859824946, 21.023811583419633], [85.60836859824946, 21.02372175189122], [85.60827876672104, 21.02372175189122], [85.60827876672104, 21.02363192036281], [85.60818893519263, 21.02363192036281], [85.60818893519263, 21.023542088834397], [85.60809910366423, 21.023542088834397], [85.60809910366423, 21.023452257305983], [85.60800927213582, 21.023452257305983], [85.60800927213582, 21.023362425777574], [85.6079194406074, 21.023362425777574], [85.6079194406074, 21.02327259424916], [85.60782960907899, 21.02327259424916], [85.60782960907899, 21.02318276272075], [85.60773977755058, 21.02318276272075], [85.60773977755058, 21.023003099663924], [85.60764994602216, 21.023003099663924], [85.60764994602216, 21.022913268135515], [85.60756011449375, 21.022913268135515], [85.60756011449375, 21.0228234366071], [85.60747028296534, 21.0228234366071], [85.60747028296534, 21.02264377355028], [85.60738045143692, 21.02264377355028], [85.60738045143692, 21.022464110493452], [85.60729061990851, 21.022464110493452], [85.60729061990851, 21.022104784379806], [85.60738045143692, 21.022104784379806], [85.60738045143692, 21.02219461590822], [85.60764994602216, 21.02219461590822], [85.60764994602216, 21.022104784379806]]]}, "id": "+2754+1585", "properties": {"area_ha": 1.089680443831825, "centroid_lat": 21.02298812702793, "centroid_lon": 85.60805418615324, "cluster_id": 0, "n_pixels": 109, "perim_m": 832.2617807848852, "profile_A00_p50": 0.0649371420336406, "profile_A01_p50": -0.11083470436988313, "profile_A02_p50": 0.14346318026817326, "profile_A03_p50": 0.017083394032160377, "profile_A04_p50": -0.04637003445213128, "profile_A05_p50": -0.008794838739899412, "profile_A06_p50": -0.0697901490985032, "profile_A07_p50": 0.14752746069232994, "profile_A08_p50": -0.09809832530559248, "profile_A09_p50": 0.07865185688890315, "profile_A10_p50": 0.09278434321793148, "profile_A11_p50": 0.06399534700652354, "profile_A12_p50": -0.33706718023658716, "profile_A13_p50": 0.01611334574977108, "profile_A14_p50": -0.02196162797008433, "profile_A15_p50": 0.09865446239857459, "profile_A16_p50": -0.05517367445062648, "profile_A17_p50": 0.020527785675845137, "profile_A18_p50": -0.09320158952852851, "profile_A19_p50": 0.020520659200231755, "profile_A20_p50": -0.27787778199771523, "profile_A21_p50": 0.32710390879651796, "profile_A22_p50": 0.2647713197795599, "profile_A23_p50": -0.05124733800254931, "profile_A24_p50": 0.04592356057259676, "profile_A25_p50": 0.07127039448964882, "profile_A26_p50": 0.11083555905543434, "profile_A27_p50": -0.00047438936866183194, "profile_A28_p50": -0.054212923916086175, "profile_A29_p50": 0.19997662502461896, "profile_A30_p50": 0.06685909016728205, "profile_A31_p50": 0.04931597988423994, "profile_A32_p50": 0.0009931171883571953, "profile_A33_p50": -0.02295085841310662, "profile_A34_p50": 0.04590102399843765, "profile_A35_p50": -0.01855274223737954, "profile_A36_p50": -0.1805969336689741, "profile_A37_p50": 0.038133652209125644, "profile_A38_p50": 0.16465066993068045, "profile_A39_p50": -0.11432195461265213, "profile_A40_p50": 0.05424624345228753, "profile_A41_p50": 0.04933324400612502, "profile_A42_p50": -0.1470229052963256, "profile_A43_p50": 0.36170676065249535, "profile_A44_p50": 0.04735946919384751, "profile_A45_p50": 0.053694415358164035, "profile_A46_p50": -0.020978501530891636, "profile_A47_p50": 0.053738594365539405, "profile_A48_p50": -0.1098768476153089, "profile_A49_p50": 0.05952449153421575, "profile_A50_p50": -0.06982160993676202, "profile_A51_p50": 0.010225107035864925, "profile_A52_p50": -0.01613335808612833, "profile_A53_p50": -0.051767402203102525, "profile_A54_p50": 0.19289055487643264, "profile_A55_p50": -0.12261130834785652, "profile_A56_p50": -0.03467205053136565, "profile_A57_p50": -0.03366955729954787, "profile_A58_p50": -0.10597195248497535, "profile_A59_p50": -0.13033228323719942, "profile_A60_p50": 0.02200174954063654, "profile_A61_p50": -0.0717687835809173, "profile_A62_p50": 0.04784828368557889, "profile_A63_p50": 0.07373148958241554, "unit_id": 54}}, {"type": "Feature", "geometry": {"type": "Polygon", "coordinates": [[[85.60881775589152, 21.022553942021865], [85.60890758741994, 21.022553942021865], [85.60890758741994, 21.02264377355028], [85.60899741894835, 21.02264377355028], [85.60899741894835, 21.022733605078688], [85.60908725047676, 21.022733605078688], [85.60908725047676, 21.0228234366071], [85.60926691353357, 21.0228234366071], [85.60926691353357, 21.022913268135515], [85.60935674506199, 21.022913268135515], [85.60935674506199, 21.023003099663924], [85.60926691353357, 21.023003099663924], [85.60926691353357, 21.022913268135515], [85.60908725047676, 21.022913268135515], [85.60908725047676, 21.0228234366071], [85.60899741894835, 21.0228234366071], [85.60899741894835, 21.022733605078688], [85.60881775589152, 21.022733605078688], [85.60881775589152, 21.022553942021865]]]}, "id": "+2767+1580", "properties": {"area_ha": 0.06519465320790897, "centroid_lat": 21.02277852107292, "centroid_lon": 85.60905516907414, "cluster_id": 3, "n_pixels": 7, "perim_m": 211.51974418593258, "profile_A00_p50": 0.011235239387247112, "profile_A01_p50": -0.0944170190952198, "profile_A02_p50": 0.15850057670126871, "profile_A03_p50": 0.003564437970167429, "profile_A04_p50": -0.07205670402902237, "profile_A05_p50": 0.03257106241189286, "profile_A06_p50": -0.07272943763834964, "profile_A07_p50": 0.10985119683312686, "profile_A08_p50": -0.08651845985622647, "profile_A09_p50": 0.0600430883561467, "profile_A10_p50": 0.11400921607631402, "profile_A11_p50": 0.0111920030757401, "profile_A12_p50": -0.3221313230657005, "profile_A13_p50": 0.019024102708091968, "profile_A14_p50": -0.0053916421760631964, "profile_A15_p50": 0.11957411150282209, "profile_A16_p50": -0.07479604942143117, "profile_A17_p50": 0.03803665256952454, "profile_A18_p50": -0.1256803354945045, "profile_A19_p50": -0.01656259063652981, "profile_A20_p50": -0.2722795908059495, "profile_A21_p50": 0.3556452512654423, "profile_A22_p50": 0.17115688105307483, "profile_A23_p50": -0.019990446564841027, "profile_A24_p50": 0.04197593000361166, "profile_A25_p50": 0.09420353859861756, "profile_A26_p50": 0.10178905549147761, "profile_A27_p50": -0.03082037911668791, "profile_A28_p50": -0.0756967453399347, "profile_A29_p50": 0.1908586644815521, "profile_A30_p50": 0.08309282754496135, "profile_A31_p50": 0.06689427143406382, "profile_A32_p50": -0.05181669045714686, "profile_A33_p50": -0.016104732755643374, "profile_A34_p50": 0.049864714440127626, "profile_A35_p50": 0.018629112259767138, "profile_A36_p50": -0.21195628055143625, "profile_A37_p50": 0.09047097270280662, "profile_A38_p50": 0.17544807340384294, "profile_A39_p50": -0.059400418326222906, "profile_A40_p50": 0.08742905150440715, "profile_A41_p50": 0.05032945124855639, "profile_A42_p50": -0.15373454599345476, "profile_A43_p50": 0.3164389764620445, "profile_A44_p50": 0.032788414712290145, "profile_A45_p50": 0.06788945230226325, "profile_A46_p50": 0.012293733179546327, "profile_A47_p50": 0.0634588854602597, "profile_A48_p50": -0.11581008419281325, "profile_A49_p50": 0.036267982797314094, "profile_A50_p50": -0.012156496585562329, "profile_A51_p50": 0.07320562343524893, "profile_A52_p50": -0.014181711833384267, "profile_A53_p50": -0.03801164060014577, "profile_A54_p50": 0.19885668933227743, "profile_A55_p50": -0.09414380413701337, "profile_A56_p50": -0.020010342445014827, "profile_A57_p50": -0.02485003959024507, "profile_A58_p50": -0.10019566862430729, "profile_A59_p50": -0.12456524525126902, "profile_A60_p50": -0.01524541842880943, "profile_A61_p50": -0.04454317190444322, "profile_A62_p50": 0.0748096885813149, "profile_A63_p50": 0.08887335484798001, "unit_id": 55}}, {"type": "Feature", "geometry": {"type": "Polygon", "coordinates": [[[85.6086380928347, 21.02219461590822], [85.60881775589152, 21.02219461590822], [85.60881775589152, 21.022374278965042], [85.6086380928347, 21.022374278965042], [85.6086380928347, 21.02219461590822]]]}, "id": "+2766+1584", "properties": {"area_ha": 0.03725420961451108, "centroid_lat": 21.022284446975384, "centroid_lon": 85.60872792381858, "cluster_id": 3, "n_pixels": 4, "perim_m": 77.13729997511356, "profile_A00_p50": 0.011235239387247112, "profile_A01_p50": -0.0944170190952198, "profile_A02_p50": 0.15850057670126871, "profile_A03_p50": 0.003564437970167429, "profile_A04_p50": -0.07205670402902237, "profile_A05_p50": 0.03257106241189286, "profile_A06_p50": -0.07272943763834964, "profile_A07_p50": 0.10985119683312686, "profile_A08_p50": -0.08651845985622647, "profile_A09_p50": 0.0600430883561467, "profile_A10_p50": 0.11400921607631402, "profile_A11_p50": 0.0111920030757401, "profile_A12_p50": -0.3221313230657005, "profile_A13_p50": 0.019024102708091968, "profile_A14_p50": -0.0053916421760631964, "profile_A15_p50": 0.11957411150282209, "profile_A16_p50": -0.07479604942143117, "profile_A17_p50": 0.03803665256952454, "profile_A18_p50": -0.1256803354945045, "profile_A19_p50": -0.01656259063652981, "profile_A20_p50": -0.2722795908059495, "profile_A21_p50": 0.3556452512654423, "profile_A22_p50": 0.17115688105307483, "profile_A23_p50": -0.019990446564841027, "profile_A24_p50": 0.04197593000361166, "profile_A25_p50": 0.09420353859861756, "profile_A26_p50": 0.10178905549147761, "profile_A27_p50": -0.03082037911668791, "profile_A28_p50": -0.0756967453399347, "profile_A29_p50": 0.1908586644815521, "profile_A30_p50": 0.08309282754496135, "profile_A31_p50": 0.06689427143406382, "profile_A32_p50": -0.05181669045714686, "profile_A33_p50": -0.016104732755643374, "profile_A34_p50": 0.049864714440127626, "profile_A35_p50": 0.018629112259767138, "profile_A36_p50": -0.21195628055143625, "profile_A37_p50": 0.09047097270280662, "profile_A38_p50": 0.17544807340384294, "profile_A39_p50": -0.059400418326222906, "profile_A40_p50": 0.08742905150440715, "profile_A41_p50": 0.05032945124855639, "profile_A42_p50": -0.15373454599345476, "profile_A43_p50": 0.3164389764620445, "profile_A44_p50": 0.032788414712290145, "profile_A45_p50": 0.06788945230226325, "profile_A46_p50": 0.012293733179546327, "profile_A47_p50": 0.0634588854602597, "profile_A48_p50": -0.11581008419281325, "profile_A49_p50": 0.036267982797314094, "profile_A50_p50": -0.012156496585562329, "profile_A51_p50": 0.07320562343524893, "profile_A52_p50": -0.014181711833384267, "profile_A53_p50": -0.03801164060014577, "profile_A54_p50": 0.19885668933227743, "profile_A55_p50": -0.09414380413701337, "profile_A56_p50": -0.020010342445014827, "profile_A57_p50": -0.02485003959024507, "profile_A58_p50": -0.10019566862430729, "profile_A59_p50": -0.12456524525126902, "profile_A60_p50": -0.01524541842880943, "profile_A61_p50": -0.04454317190444322, "profile_A62_p50": 0.0748096885813149, "profile_A63_p50": 0.08887335484798001, "unit_id": 56}}, {"type": "Feature", "geometry": {"type": "Polygon", "coordinates": [[[85.6071109568517, 21.02147596368092], [85.60729061990851, 21.02147596368092], [85.60729061990851, 21.021565795209334], [85.60747028296534, 21.021565795209334], [85.60747028296534, 21.021655626737747], [85.60756011449375, 21.021655626737747], [85.60756011449375, 21.021745458266157], [85.60764994602216, 21.021745458266157], [85.60764994602216, 21.02183528979457], [85.6079194406074, 21.02183528979457], [85.6079194406074, 21.021925121322983], [85.60800927213582, 21.021925121322983], [85.60800927213582, 21.022014952851393], [85.60827876672104, 21.022014952851393], [85.60827876672104, 21.02219461590822], [85.6086380928347, 21.02219461590822], [85.6086380928347, 21.022374278965042], [85.60809910366423, 21.022374278965042], [85.60809910366423, 21.02228444743663], [85.6079194406074, 21.02228444743663], [85.6079194406074, 21.022104784379806], [85.60782960907899, 21.022104784379806], [85.60782960907899, 21.022014952851393], [85.60756011449375, 21.022014952851393], [85.60756011449375, 21.02183528979457], [85.60747028296534, 21.02183528979457], [85.60747028296534, 21.021745458266157], [85.6071109568517, 21.021745458266157], [85.6071109568517, 21.02147596368092]]]}, "id": "+2749+1592", "properties": {"area_ha": 0.4191107479975395, "centroid_lat": 21.02199399202903, "centroid_lon": 85.60787452402242, "cluster_id": 0, "n_pixels": 42, "perim_m": 516.4252445637248, "profile_A00_p50": 0.0649371420336406, "profile_A01_p50": -0.11083470436988313, "profile_A02_p50": 0.14346318026817326, "profile_A03_p50": 0.017083394032160377, "profile_A04_p50": -0.04637003445213128, "profile_A05_p50": -0.008794838739899412, "profile_A06_p50": -0.0697901490985032, "profile_A07_p50": 0.14752746069232994, "profile_A08_p50": -0.09809832530559248, "profile_A09_p50": 0.07865185688890315, "profile_A10_p50": 0.09278434321793148, "profile_A11_p50": 0.06399534700652354, "profile_A12_p50": -0.33706718023658716, "profile_A13_p50": 0.01611334574977108, "profile_A14_p50": -0.02196162797008433, "profile_A15_p50": 0.09865446239857459, "profile_A16_p50": -0.05517367445062648, "profile_A17_p50": 0.020527785675845137, "profile_A18_p50": -0.09320158952852851, "profile_A19_p50": 0.020520659200231755, "profile_A20_p50": -0.27787778199771523, "profile_A21_p50": 0.32710390879651796, "profile_A22_p50": 0.2647713197795599, "profile_A23_p50": -0.05124733800254931, "profile_A24_p50": 0.04592356057259676, "profile_A25_p50": 0.07127039448964882, "profile_A26_p50": 0.11083555905543434, "profile_A27_p50": -0.00047438936866183194, "profile_A28_p50": -0.054212923916086175, "profile_A29_p50": 0.19997662502461896, "profile_A30_p50": 0.06685909016728205, "profile_A31_p50": 0.04931597988423994, "profile_A32_p50": 0.0009931171883571953, "profile_A33_p50": -0.02295085841310662, "profile_A34_p50": 0.04590102399843765, "profile_A35_p50": -0.01855274223737954, "profile_A36_p50": -0.1805969336689741, "profile_A37_p50": 0.038133652209125644, "profile_A38_p50": 0.16465066993068045, "profile_A39_p50": -0.11432195461265213, "profile_A40_p50": 0.05424624345228753, "profile_A41_p50": 0.04933324400612502, "profile_A42_p50": -0.1470229052963256, "profile_A43_p50": 0.36170676065249535, "profile_A44_p50": 0.04735946919384751, "profile_A45_p50": 0.053694415358164035, "profile_A46_p50": -0.020978501530891636, "profile_A47_p50": 0.053738594365539405, "profile_A48_p50": -0.1098768476153089, "profile_A49_p50": 0.05952449153421575, "profile_A50_p50": -0.06982160993676202, "profile_A51_p50": 0.010225107035864925, "profile_A52_p50": -0.01613335808612833, "profile_A53_p50": -0.051767402203102525, "profile_A54_p50": 0.19289055487643264, "profile_A55_p50": -0.12261130834785652, "profile_A56_p50": -0.03467205053136565, "profile_A57_p50": -0.03366955729954787, "profile_A58_p50": -0.10597195248497535, "profile_A59_p50": -0.13033228323719942, "profile_A60_p50": 0.02200174954063654, "profile_A61_p50": -0.0717687835809173, "profile_A62_p50": 0.04784828368557889, "profile_A63_p50": 0.07373148958241554, "unit_id": 57}}, {"type": "Feature", "geometry": {"type": "Polygon", "coordinates": [[[85.61663309886336, 21.016445398089854], [85.61726191956224, 21.016445398089854], [85.61726191956224, 21.016535229618263], [85.61780090873272, 21.016535229618263], [85.61780090873272, 21.016625061146677], [85.6184297294316, 21.016625061146677], [85.6184297294316, 21.01671489267509], [85.61896871860208, 21.01671489267509], [85.61896871860208, 21.0168047242035], [85.61959753930095, 21.0168047242035], [85.61959753930095, 21.016894555731913], [85.62013652847142, 21.016894555731913], [85.62013652847142, 21.016984387260326], [85.6206755176419, 21.016984387260326], [85.6206755176419, 21.017074218788736], [85.62094501222714, 21.017074218788736], [85.62094501222714, 21.01716405031715], [85.62121450681236, 21.01716405031715], [85.62121450681236, 21.017433544902385], [85.62130433834078, 21.017433544902385], [85.62130433834078, 21.017523376430795], [85.62139416986919, 21.017523376430795], [85.62139416986919, 21.017613207959208], [85.62130433834078, 21.017613207959208], [85.62130433834078, 21.017523376430795], [85.62121450681236, 21.017523376430795], [85.62121450681236, 21.01770303948762], [85.62139416986919, 21.01770303948762], [85.62139416986919, 21.01779287101603], [85.62130433834078, 21.01779287101603], [85.62130433834078, 21.017972534072857], [85.62139416986919, 21.017972534072857], [85.62139416986919, 21.017882702544444], [85.6214840013976, 21.017882702544444], [85.6214840013976, 21.017972534072857], [85.62139416986919, 21.017972534072857], [85.62139416986919, 21.018331860186503], [85.62130433834078, 21.018331860186503], [85.62130433834078, 21.01860135477174], [85.62121450681236, 21.01860135477174], [85.62121450681236, 21.018870849356976], [85.62130433834078, 21.018870849356976], [85.62130433834078, 21.01914034394221], [85.62121450681236, 21.01914034394221], [85.62121450681236, 21.019230175470625], [85.62103484375554, 21.019230175470625], [85.62103484375554, 21.019769164641094], [85.62085518069873, 21.019769164641094], [85.62085518069873, 21.019858996169507], [85.62076534917031, 21.019858996169507], [85.62076534917031, 21.020128490754743], [85.62058568611349, 21.020128490754743], [85.62058568611349, 21.02003865922633], [85.62040602305666, 21.02003865922633], [85.62040602305666, 21.020128490754743], [85.62031619152825, 21.020128490754743], [85.62031619152825, 21.020308153811566], [85.62040602305666, 21.020308153811566], [85.62040602305666, 21.02048781686839], [85.62058568611349, 21.02048781686839], [85.62058568611349, 21.021206469095688], [85.62040602305666, 21.021206469095688], [85.62040602305666, 21.02138613215251], [85.62058568611349, 21.02138613215251], [85.62058568611349, 21.021565795209334], [85.62022635999983, 21.021565795209334], [85.62022635999983, 21.021745458266157], [85.620046696943, 21.021745458266157], [85.620046696943, 21.021925121322983], [85.61995686541461, 21.021925121322983], [85.61995686541461, 21.022014952851393], [85.61977720235778, 21.022014952851393], [85.61977720235778, 21.022464110493452], [85.61959753930095, 21.022464110493452], [85.61959753930095, 21.022553942021865], [85.61950770777254, 21.022553942021865], [85.61950770777254, 21.02264377355028], [85.61941787624413, 21.02264377355028], [85.61941787624413, 21.023991246476456], [85.61932804471572, 21.023991246476456], [85.61932804471572, 21.02408107800487], [85.6192382131873, 21.02408107800487], [85.6192382131873, 21.024260741061692], [85.61914838165889, 21.024260741061692], [85.61914838165889, 21.024440404118515], [85.61878905554525, 21.024440404118515], [85.61878905554525, 21.024530235646928], [85.61860939248842, 21.024530235646928], [85.61860939248842, 21.02462006717534], [85.61869922401684, 21.02462006717534], [85.61869922401684, 21.02470989870375], [85.61860939248842, 21.02470989870375], [85.61860939248842, 21.025159056345814], [85.61851956096001, 21.025159056345814], [85.61851956096001, 21.025338719402637], [85.6184297294316, 21.025338719402637], [85.6184297294316, 21.025698045516283], [85.61825006637477, 21.025698045516283], [85.61825006637477, 21.025787877044696], [85.61816023484636, 21.025787877044696], [85.61816023484636, 21.02587770857311], [85.61807040331794, 21.02587770857311], [85.61807040331794, 21.02596754010152], [85.61789074026113, 21.02596754010152], [85.61789074026113, 21.026057371629932], [85.61780090873272, 21.026057371629932], [85.61780090873272, 21.026147203158345], [85.61762124567589, 21.026147203158345], [85.61762124567589, 21.026237034686755], [85.61753141414748, 21.026237034686755], [85.61753141414748, 21.026326866215168], [85.61735175109065, 21.026326866215168], [85.61735175109065, 21.026416697743578], [85.61708225650541, 21.026416697743578], [85.61708225650541, 21.02650652927199], [85.61681276192019, 21.02650652927199], [85.61681276192019, 21.026596360800404], [85.61627377274971, 21.026596360800404], [85.61627377274971, 21.026686192328814], [85.61582461510766, 21.026686192328814], [85.61582461510766, 21.026596360800404], [85.61528562593718, 21.026596360800404], [85.61528562593718, 21.02650652927199], [85.61483646829512, 21.02650652927199], [85.61483646829512, 21.026416697743578], [85.61438731065306, 21.026416697743578], [85.61438731065306, 21.026326866215168], [85.613938153011, 21.026326866215168], [85.613938153011, 21.026237034686755], [85.61348899536894, 21.026237034686755], [85.61348899536894, 21.026147203158345], [85.61303983772689, 21.026147203158345], [85.61303983772689, 21.026057371629932], [85.61268051161323, 21.026057371629932], [85.61268051161323, 21.02596754010152], [85.61223135397117, 21.02596754010152], [85.61223135397117, 21.02587770857311], [85.61178219632912, 21.02587770857311], [85.61178219632912, 21.025787877044696], [85.61133303868705, 21.025787877044696], [85.61133303868705, 21.025608213987873], [85.61115337563022, 21.025608213987873], [85.61115337563022, 21.025428550931046], [85.61106354410182, 21.025428550931046], [85.61106354410182, 21.025248887874223], [85.61097371257341, 21.025248887874223], [85.61097371257341, 21.0250692248174], [85.61070421798817, 21.0250692248174], [85.61070421798817, 21.024889561760578], [85.61061438645976, 21.024889561760578], [85.61061438645976, 21.02470989870375], [85.61052455493135, 21.02470989870375], [85.61052455493135, 21.024530235646928], [85.61043472340293, 21.024530235646928], [85.61043472340293, 21.024440404118515], [85.61034489187452, 21.024440404118515], [85.61034489187452, 21.024260741061692], [85.6102550603461, 21.024260741061692], [85.6102550603461, 21.024170909533282], [85.61016522881769, 21.024170909533282], [85.61016522881769, 21.023991246476456], [85.6100753972893, 21.023991246476456], [85.6100753972893, 21.023901414948046], [85.60998556576088, 21.023901414948046], [85.60998556576088, 21.02363192036281], [85.60980590270405, 21.02363192036281], [85.60980590270405, 21.023452257305983], [85.60962623964723, 21.023452257305983], [85.60962623964723, 21.023092931192338], [85.6094465765904, 21.023092931192338], [85.6094465765904, 21.022913268135515], [85.60926691353357, 21.022913268135515], [85.60926691353357, 21.022733605078688], [85.60899741894835, 21.022733605078688], [85.60899741894835, 21.02264377355028], [85.60890758741994, 21.02264377355028], [85.60890758741994, 21.022553942021865], [85.60881775589152, 21.022553942021865], [85.60881775589152, 21.02219461590822], [85.60827876672104, 21.02219461590822], [85.60827876672104, 21.022014952851393], [85.60800927213582, 21.022014952851393], [85.60800927213582, 21.021925121322983], [85.6079194406074, 21.021925121322983], [85.6079194406074, 21.02183528979457], [85.60764994602216, 21.02183528979457], [85.60764994602216, 21.021745458266157], [85.60756011449375, 21.021745458266157], [85.60756011449375, 21.021655626737747], [85.60747028296534, 21.021655626737747], [85.60747028296534, 21.021565795209334], [85.60729061990851, 21.021565795209334], [85.60729061990851, 21.02147596368092], [85.6071109568517, 21.02147596368092], [85.6071109568517, 21.02102680603886], [85.6072007883801, 21.02102680603886], [85.6072007883801, 21.020667479925216], [85.60729061990851, 21.020667479925216], [85.60729061990851, 21.02039798533998], [85.60738045143692, 21.02039798533998], [85.60738045143692, 21.020218322283156], [85.60747028296534, 21.020218322283156], [85.60747028296534, 21.02003865922633], [85.60756011449375, 21.02003865922633], [85.60756011449375, 21.019858996169507], [85.60764994602216, 21.019858996169507], [85.60764994602216, 21.019679333112684], [85.60773977755058, 21.019679333112684], [85.60773977755058, 21.019499670055858], [85.60782960907899, 21.019499670055858], [85.60782960907899, 21.019320006999035], [85.6079194406074, 21.019320006999035], [85.6079194406074, 21.01914034394221], [85.60800927213582, 21.01914034394221], [85.60800927213582, 21.01896068088539], [85.60809910366423, 21.01896068088539], [85.60809910366423, 21.018781017828562], [85.60818893519263, 21.018781017828562], [85.60818893519263, 21.01860135477174], [85.60827876672104, 21.01860135477174], [85.60827876672104, 21.018511523243326], [85.60836859824946, 21.018511523243326], [85.60836859824946, 21.018331860186503], [85.60845842977787, 21.018331860186503], [85.60845842977787, 21.018242028658094], [85.60854826130628, 21.018242028658094], [85.60854826130628, 21.01815219712968], [85.6086380928347, 21.01815219712968], [85.6086380928347, 21.017972534072857], [85.60872792436311, 21.017972534072857], [85.60872792436311, 21.017882702544444], [85.60881775589152, 21.017882702544444], [85.60881775589152, 21.01779287101603], [85.60890758741994, 21.01779287101603], [85.60890758741994, 21.01815219712968], [85.60908725047676, 21.01815219712968], [85.60908725047676, 21.0190505124138], [85.60917708200516, 21.0190505124138], [85.60917708200516, 21.019230175470625], [85.60926691353357, 21.019230175470625], [85.60926691353357, 21.018511523243326], [85.60935674506199, 21.018511523243326], [85.60935674506199, 21.018691186300153], [85.60962623964723, 21.018691186300153], [85.60962623964723, 21.01896068088539], [85.6100753972893, 21.01896068088539], [85.6100753972893, 21.018781017828562], [85.61097371257341, 21.018781017828562], [85.61097371257341, 21.01860135477174], [85.61106354410182, 21.01860135477174], [85.61106354410182, 21.018691186300153], [85.61115337563022, 21.018691186300153], [85.61115337563022, 21.01860135477174], [85.61142287021546, 21.01860135477174], [85.61142287021546, 21.018511523243326], [85.61160253327229, 21.018511523243326], [85.61160253327229, 21.018421691714916], [85.61178219632912, 21.018421691714916], [85.61178219632912, 21.018242028658094], [85.61196185938594, 21.018242028658094], [85.61196185938594, 21.018062365601267], [85.612411017028, 21.018062365601267], [85.612411017028, 21.017972534072857], [85.61250084855641, 21.017972534072857], [85.61250084855641, 21.017882702544444], [85.61330933231211, 21.017882702544444], [85.61330933231211, 21.01770303948762], [85.61348899536894, 21.01770303948762], [85.61348899536894, 21.017523376430795], [85.61366865842577, 21.017523376430795], [85.61366865842577, 21.017343713373972], [85.613938153011, 21.017343713373972], [85.613938153011, 21.01716405031715], [85.61420764759623, 21.01716405031715], [85.61420764759623, 21.017074218788736], [85.61429747912464, 21.017074218788736], [85.61429747912464, 21.01716405031715], [85.61528562593718, 21.01716405031715], [85.61528562593718, 21.017074218788736], [85.61555512052242, 21.017074218788736], [85.61555512052242, 21.01716405031715], [85.61564495205083, 21.01716405031715], [85.61564495205083, 21.016984387260326], [85.61582461510766, 21.016984387260326], [85.61582461510766, 21.0168047242035], [85.61672293039177, 21.0168047242035], [85.61672293039177, 21.016625061146677], [85.61663309886336, 21.016625061146677], [85.61663309886336, 21.016445398089854]]]}, "id": "+2860+1648", "properties": {"area_ha": 111.99617023509427, "centroid_lat": 21.021346736548086, "centroid_lon": 85.61476905176795, "cluster_id": 5, "n_pixels": 11200, "perim_m": 5998.5133798266315, "profile_A00_p50": 0.09039075166057686, "profile_A01_p50": -0.11961396687606807, "profile_A02_p50": 0.12658673222623548, "profile_A03_p50": -0.019032516800549397, "profile_A04_p50": -0.04565785378751156, "profile_A05_p50": -0.06493995401014899, "profile_A06_p50": -0.0952341111616557, "profile_A07_p50": 0.172270877900491, "profile_A08_p50": -0.07860690083504003, "profile_A09_p50": 0.12253751512604208, "profile_A10_p50": 0.0659283880277031, "profile_A11_p50": 0.08739148571644537, "profile_A12_p50": -0.3416990741207647, "profile_A13_p50": -0.01024379159168206, "profile_A14_p50": -0.06692508800573418, "profile_A15_p50": 0.08839225468167283, "profile_A16_p50": -0.06494742255474871, "profile_A17_p50": -0.0073111738324437335, "profile_A18_p50": -0.051311811016092786, "profile_A19_p50": -0.02245586871453492, "profile_A20_p50": -0.2564841771201657, "profile_A21_p50": 0.30183195618330894, "profile_A22_p50": 0.3147352097963566, "profile_A23_p50": -0.06103134985106178, "profile_A24_p50": 0.05320635582302553, "profile_A25_p50": 0.05125507158320685, "profile_A26_p50": 0.09424865346339444, "profile_A27_p50": 0.04540717223483963, "profile_A28_p50": -0.06591542100300125, "profile_A29_p50": 0.17132936262727566, "profile_A30_p50": 0.07568474520891881, "profile_A31_p50": 0.025885210323827738, "profile_A32_p50": 0.04788791218898051, "profile_A33_p50": -0.06396929656753877, "profile_A34_p50": 0.06883168556334399, "profile_A35_p50": -0.024900792260453577, "profile_A36_p50": -0.18994823774937653, "profile_A37_p50": -0.008810480796665559, "profile_A38_p50": 0.16263623842257358, "profile_A39_p50": -0.13720192585753754, "profile_A40_p50": 0.06104814588679552, "profile_A41_p50": 0.05810569901229506, "profile_A42_p50": -0.13651582807079568, "profile_A43_p50": 0.3727708659444402, "profile_A44_p50": 0.04541650254848149, "profile_A45_p50": 0.0034238337677682893, "profile_A46_p50": -0.07176554407316721, "profile_A47_p50": 0.0712508502403214, "profile_A48_p50": -0.0717553636459976, "profile_A49_p50": 0.08739287511915282, "profile_A50_p50": -0.06102178037864434, "profile_A51_p50": 0.019052410583469837, "profile_A52_p50": -0.0026801572620071662, "profile_A53_p50": -0.07178095833418072, "profile_A54_p50": 0.16669176883998804, "profile_A55_p50": -0.11570390510840604, "profile_A56_p50": -0.033454459009572786, "profile_A57_p50": -0.017098815982767385, "profile_A58_p50": -0.1225250763576387, "profile_A59_p50": -0.09032495263725088, "profile_A60_p50": 0.06397047762713161, "profile_A61_p50": -0.10498082661182, "profile_A62_p50": -0.001472044667328898, "profile_A63_p50": 0.09425279605268073, "unit_id": 58}}, {"type": "Feature", "geometry": {"type": "Polygon", "coordinates": [[[85.62139416986919, 21.017433544902385], [85.62166366445443, 21.017433544902385], [85.62166366445443, 21.017523376430795], [85.62175349598284, 21.017523376430795], [85.62175349598284, 21.017613207959208], [85.62193315903967, 21.017613207959208], [85.62193315903967, 21.01770303948762], [85.62202299056807, 21.01770303948762], [85.62202299056807, 21.01779287101603], [85.62193315903967, 21.01779287101603], [85.62193315903967, 21.017972534072857], [85.62175349598284, 21.017972534072857], [85.62175349598284, 21.018331860186503], [85.62193315903967, 21.018331860186503], [85.62193315903967, 21.018691186300153], [85.62238231668172, 21.018691186300153], [85.62238231668172, 21.018870849356976], [85.62256197973855, 21.018870849356976], [85.62256197973855, 21.0190505124138], [85.62274164279538, 21.0190505124138], [85.62274164279538, 21.019230175470625], [85.62283147432379, 21.019230175470625], [85.62283147432379, 21.020128490754743], [85.62274164279538, 21.020128490754743], [85.62274164279538, 21.02048781686839], [85.62265181126696, 21.02048781686839], [85.62265181126696, 21.020667479925216], [85.62256197973855, 21.020667479925216], [85.62256197973855, 21.02084714298204], [85.62247214821014, 21.02084714298204], [85.62247214821014, 21.021116637567275], [85.62238231668172, 21.021116637567275], [85.62238231668172, 21.021296300624098], [85.62229248515331, 21.021296300624098], [85.62229248515331, 21.02147596368092], [85.6222026536249, 21.02147596368092], [85.6222026536249, 21.021655626737747], [85.62211282209648, 21.021655626737747], [85.62211282209648, 21.02183528979457], [85.62202299056807, 21.02183528979457], [85.62202299056807, 21.022014952851393], [85.62193315903967, 21.022014952851393], [85.62193315903967, 21.02219461590822], [85.62184332751126, 21.02219461590822], [85.62184332751126, 21.02228444743663], [85.62175349598284, 21.02228444743663], [85.62175349598284, 21.02264377355028], [85.62166366445443, 21.02264377355028], [85.62166366445443, 21.0228234366071], [85.62157383292602, 21.0228234366071], [85.62157383292602, 21.023003099663924], [85.6214840013976, 21.023003099663924], [85.6214840013976, 21.02318276272075], [85.62139416986919, 21.02318276272075], [85.62139416986919, 21.02327259424916], [85.62130433834078, 21.02327259424916], [85.62130433834078, 21.023362425777574], [85.62121450681236, 21.023362425777574], [85.62121450681236, 21.023542088834397], [85.62112467528395, 21.023542088834397], [85.62112467528395, 21.02363192036281], [85.62103484375554, 21.02363192036281], [85.62103484375554, 21.02372175189122], [85.62094501222714, 21.02372175189122], [85.62094501222714, 21.023811583419633], [85.62076534917031, 21.023811583419633], [85.62076534917031, 21.023901414948046], [85.6206755176419, 21.023901414948046], [85.6206755176419, 21.023991246476456], [85.62058568611349, 21.023991246476456], [85.62058568611349, 21.023811583419633], [85.6206755176419, 21.023811583419633], [85.6206755176419, 21.02372175189122], [85.62058568611349, 21.02372175189122], [85.62058568611349, 21.023542088834397], [85.62040602305666, 21.023542088834397], [85.62040602305666, 21.023452257305983], [85.62031619152825, 21.023452257305983], [85.62031619152825, 21.023362425777574], [85.62040602305666, 21.023362425777574], [85.62040602305666, 21.02327259424916], [85.62031619152825, 21.02327259424916], [85.62031619152825, 21.02318276272075], [85.62040602305666, 21.02318276272075], [85.62040602305666, 21.022913268135515], [85.62049585458507, 21.022913268135515], [85.62049585458507, 21.0228234366071], [85.6206755176419, 21.0228234366071], [85.6206755176419, 21.022733605078688], [85.62076534917031, 21.022733605078688], [85.62076534917031, 21.02264377355028], [85.62094501222714, 21.02264377355028], [85.62094501222714, 21.02228444743663], [85.62112467528395, 21.02228444743663], [85.62112467528395, 21.022104784379806], [85.62130433834078, 21.022104784379806], [85.62130433834078, 21.021925121322983], [85.62112467528395, 21.021925121322983], [85.62112467528395, 21.02183528979457], [85.62094501222714, 21.02183528979457], [85.62094501222714, 21.021745458266157], [85.62076534917031, 21.021745458266157], [85.62076534917031, 21.021565795209334], [85.62058568611349, 21.021565795209334], [85.62058568611349, 21.02138613215251], [85.62040602305666, 21.02138613215251], [85.62040602305666, 21.021206469095688], [85.62058568611349, 21.021206469095688], [85.62058568611349, 21.02048781686839], [85.62040602305666, 21.02048781686839], [85.62040602305666, 21.020308153811566], [85.62031619152825, 21.020308153811566], [85.62031619152825, 21.020128490754743], [85.62040602305666, 21.020128490754743], [85.62040602305666, 21.02003865922633], [85.62058568611349, 21.02003865922633], [85.62058568611349, 21.020128490754743], [85.62076534917031, 21.020128490754743], [85.62076534917031, 21.019858996169507], [85.62085518069873, 21.019858996169507], [85.62085518069873, 21.019769164641094], [85.62103484375554, 21.019769164641094], [85.62103484375554, 21.019230175470625], [85.62121450681236, 21.019230175470625], [85.62121450681236, 21.01914034394221], [85.62130433834078, 21.01914034394221], [85.62130433834078, 21.018870849356976], [85.62121450681236, 21.018870849356976], [85.62121450681236, 21.01860135477174], [85.62130433834078, 21.01860135477174], [85.62130433834078, 21.018331860186503], [85.62139416986919, 21.018331860186503], [85.62139416986919, 21.01815219712968], [85.6214840013976, 21.01815219712968], [85.6214840013976, 21.017613207959208], [85.62139416986919, 21.017613207959208], [85.62139416986919, 21.017433544902385]], [[85.62130433834078, 21.019409838527448], [85.62121450681236, 21.019409838527448], [85.62121450681236, 21.019679333112684], [85.62112467528395, 21.019679333112684], [85.62112467528395, 21.019769164641094], [85.62103484375554, 21.019769164641094], [85.62103484375554, 21.020128490754743], [85.62085518069873, 21.020128490754743], [85.62085518069873, 21.020308153811566], [85.62076534917031, 21.020308153811566], [85.62076534917031, 21.020757311453625], [85.62085518069873, 21.020757311453625], [85.62085518069873, 21.02084714298204], [85.62094501222714, 21.02084714298204], [85.62094501222714, 21.02138613215251], [85.62139416986919, 21.02138613215251], [85.62139416986919, 21.021206469095688], [85.62157383292602, 21.021206469095688], [85.62157383292602, 21.02084714298204], [85.62175349598284, 21.02084714298204], [85.62175349598284, 21.020667479925216], [85.62184332751126, 21.020667479925216], [85.62184332751126, 21.020577648396802], [85.62193315903967, 21.020577648396802], [85.62193315903967, 21.019769164641094], [85.62184332751126, 21.019769164641094], [85.62184332751126, 21.019679333112684], [85.62166366445443, 21.019679333112684], [85.62166366445443, 21.019769164641094], [85.62139416986919, 21.019769164641094], [85.62139416986919, 21.019499670055858], [85.62130433834078, 21.019499670055858], [85.62130433834078, 21.019409838527448]]]}, "id": "+2909+1637", "properties": {"area_ha": 7.413665323452682, "centroid_lat": 21.020721408140748, "centroid_lon": 85.6216047610614, "cluster_id": 0, "n_pixels": 741, "perim_m": 3068.802534075865, "profile_A00_p50": 0.0649371420336406, "profile_A01_p50": -0.11083470436988313, "profile_A02_p50": 0.14346318026817326, "profile_A03_p50": 0.017083394032160377, "profile_A04_p50": -0.04637003445213128, "profile_A05_p50": -0.008794838739899412, "profile_A06_p50": -0.0697901490985032, "profile_A07_p50": 0.14752746069232994, "profile_A08_p50": -0.09809832530559248, "profile_A09_p50": 0.07865185688890315, "profile_A10_p50": 0.09278434321793148, "profile_A11_p50": 0.06399534700652354, "profile_A12_p50": -0.33706718023658716, "profile_A13_p50": 0.01611334574977108, "profile_A14_p50": -0.02196162797008433, "profile_A15_p50": 0.09865446239857459, "profile_A16_p50": -0.05517367445062648, "profile_A17_p50": 0.020527785675845137, "profile_A18_p50": -0.09320158952852851, "profile_A19_p50": 0.020520659200231755, "profile_A20_p50": -0.27787778199771523, "profile_A21_p50": 0.32710390879651796, "profile_A22_p50": 0.2647713197795599, "profile_A23_p50": -0.05124733800254931, "profile_A24_p50": 0.04592356057259676, "profile_A25_p50": 0.07127039448964882, "profile_A26_p50": 0.11083555905543434, "profile_A27_p50": -0.00047438936866183194, "profile_A28_p50": -0.054212923916086175, "profile_A29_p50": 0.19997662502461896, "profile_A30_p50": 0.06685909016728205, "profile_A31_p50": 0.04931597988423994, "profile_A32_p50": 0.0009931171883571953, "profile_A33_p50": -0.02295085841310662, "profile_A34_p50": 0.04590102399843765, "profile_A35_p50": -0.01855274223737954, "profile_A36_p50": -0.1805969336689741, "profile_A37_p50": 0.038133652209125644, "profile_A38_p50": 0.16465066993068045, "profile_A39_p50": -0.11432195461265213, "profile_A40_p50": 0.05424624345228753, "profile_A41_p50": 0.04933324400612502, "profile_A42_p50": -0.1470229052963256, "profile_A43_p50": 0.36170676065249535, "profile_A44_p50": 0.04735946919384751, "profile_A45_p50": 0.053694415358164035, "profile_A46_p50": -0.020978501530891636, "profile_A47_p50": 0.053738594365539405, "profile_A48_p50": -0.1098768476153089, "profile_A49_p50": 0.05952449153421575, "profile_A50_p50": -0.06982160993676202, "profile_A51_p50": 0.010225107035864925, "profile_A52_p50": -0.01613335808612833, "profile_A53_p50": -0.051767402203102525, "profile_A54_p50": 0.19289055487643264, "profile_A55_p50": -0.12261130834785652, "profile_A56_p50": -0.03467205053136565, "profile_A57_p50": -0.03366955729954787, "profile_A58_p50": -0.10597195248497535, "profile_A59_p50": -0.13033228323719942, "profile_A60_p50": 0.02200174954063654, "profile_A61_p50": -0.0717687835809173, "profile_A62_p50": 0.04784828368557889, "profile_A63_p50": 0.07373148958241554, "unit_id": 59}}, {"type": "Feature", "geometry": {"type": "Polygon", "coordinates": [[[85.61079404951658, 21.017343713373972], [85.61097371257341, 21.017343713373972], [85.61097371257341, 21.017523376430795], [85.61142287021546, 21.017523376430795], [85.61142287021546, 21.01770303948762], [85.61160253327229, 21.01770303948762], [85.61160253327229, 21.017882702544444], [85.61214152244276, 21.017882702544444], [85.61214152244276, 21.018062365601267], [85.61196185938594, 21.018062365601267], [85.61196185938594, 21.018242028658094], [85.61178219632912, 21.018242028658094], [85.61178219632912, 21.018421691714916], [85.61160253327229, 21.018421691714916], [85.61160253327229, 21.018511523243326], [85.61142287021546, 21.018511523243326], [85.61142287021546, 21.01860135477174], [85.61115337563022, 21.01860135477174], [85.61115337563022, 21.018691186300153], [85.61106354410182, 21.018691186300153], [85.61106354410182, 21.01860135477174], [85.61097371257341, 21.01860135477174], [85.61097371257341, 21.018781017828562], [85.6100753972893, 21.018781017828562], [85.6100753972893, 21.01896068088539], [85.60962623964723, 21.01896068088539], [85.60962623964723, 21.018691186300153], [85.60935674506199, 21.018691186300153], [85.60935674506199, 21.018511523243326], [85.60926691353357, 21.018511523243326], [85.60926691353357, 21.019230175470625], [85.60917708200516, 21.019230175470625], [85.60917708200516, 21.0190505124138], [85.60908725047676, 21.0190505124138], [85.60908725047676, 21.01815219712968], [85.60890758741994, 21.01815219712968], [85.60890758741994, 21.01779287101603], [85.60899741894835, 21.01779287101603], [85.60899741894835, 21.01770303948762], [85.60908725047676, 21.01770303948762], [85.60908725047676, 21.017613207959208], [85.60917708200516, 21.017613207959208], [85.60917708200516, 21.017523376430795], [85.6094465765904, 21.017523376430795], [85.6094465765904, 21.017613207959208], [85.60962623964723, 21.017613207959208], [85.60962623964723, 21.01779287101603], [85.61034489187452, 21.01779287101603], [85.61034489187452, 21.017882702544444], [85.61043472340293, 21.017882702544444], [85.61043472340293, 21.01779287101603], [85.61061438645976, 21.01779287101603], [85.61061438645976, 21.017523376430795], [85.61079404951658, 21.017523376430795], [85.61079404951658, 21.017343713373972]]]}, "id": "+2790+1638", "properties": {"area_ha": 3.585816110146482, "centroid_lat": 21.018196414135602, "centroid_lon": 85.6103643756229, "cluster_id": 2, "n_pixels": 359, "perim_m": 1289.0306837168055, "profile_A00_p50": 0.07371982774363124, "profile_A01_p50": -0.07080327197516495, "profile_A02_p50": 0.1322981254439931, "profile_A03_p50": -0.010250780619415669, "profile_A04_p50": -0.06299072612406112, "profile_A05_p50": -0.0439732921810316, "profile_A06_p50": -0.090332138479979, "profile_A07_p50": 0.15570511432285652, "profile_A08_p50": -0.09529006011068138, "profile_A09_p50": 0.10596108957985138, "profile_A10_p50": 0.08252946409457931, "profile_A11_p50": 0.0932570701054449, "profile_A12_p50": -0.31193189333292587, "profile_A13_p50": -0.030788098058393845, "profile_A14_p50": -0.027795529498389756, "profile_A15_p50": 0.11374738210001104, "profile_A16_p50": -0.043449434494621644, "profile_A17_p50": 0.013162179069462822, "profile_A18_p50": -0.06300557284934591, "profile_A19_p50": -0.022429241121021376, "profile_A20_p50": -0.3283342303349581, "profile_A21_p50": 0.3213128599954505, "profile_A22_p50": 0.2535923768833039, "profile_A23_p50": -0.033714329613625894, "profile_A24_p50": 0.05809117291122123, "profile_A25_p50": 0.08352769012167616, "profile_A26_p50": 0.09909786926733626, "profile_A27_p50": 0.024892063447947886, "profile_A28_p50": -0.03468229119072916, "profile_A29_p50": 0.19082964554582893, "profile_A30_p50": 0.06105704349326211, "profile_A31_p50": 0.06152768031847395, "profile_A32_p50": 0.05760644314902727, "profile_A33_p50": 0.008265836419161557, "profile_A34_p50": 0.0712919451594574, "profile_A35_p50": -0.02003756707802365, "profile_A36_p50": -0.1509248369789767, "profile_A37_p50": -0.012690673588314686, "profile_A38_p50": 0.1469710593032481, "profile_A39_p50": -0.0649092753017363, "profile_A40_p50": 0.07865071355296285, "profile_A41_p50": 0.10495836679769749, "profile_A42_p50": -0.11673141778576339, "profile_A43_p50": 0.37118176189855545, "profile_A44_p50": 0.06691269187324635, "profile_A45_p50": -0.0029567032692388775, "profile_A46_p50": -0.06495279680901819, "profile_A47_p50": 0.07327085499009287, "profile_A48_p50": -0.06692038688333292, "profile_A49_p50": 0.09473320034659516, "profile_A50_p50": -0.05910077557486114, "profile_A51_p50": 0.010761756592634496, "profile_A52_p50": 0.0005177447727568842, "profile_A53_p50": -0.050288864253106524, "profile_A54_p50": 0.16559715515932047, "profile_A55_p50": -0.14211579159142623, "profile_A56_p50": 0.004405230912624311, "profile_A57_p50": -0.05710532518329083, "profile_A58_p50": -0.12851061312227732, "profile_A59_p50": -0.09322986909838514, "profile_A60_p50": -0.016124172594694525, "profile_A61_p50": -0.0815445966370047, "profile_A62_p50": -0.014670170571513371, "profile_A63_p50": 0.11177554016113044, "unit_id": 60}}, {"type": "Feature", "geometry": {"type": "Polygon", "coordinates": [[[85.61366865842577, 21.0168047242035], [85.61411781606782, 21.0168047242035], [85.61411781606782, 21.016984387260326], [85.61420764759623, 21.016984387260326], [85.61420764759623, 21.01716405031715], [85.613938153011, 21.01716405031715], [85.613938153011, 21.017343713373972], [85.61366865842577, 21.017343713373972], [85.61366865842577, 21.017523376430795], [85.61348899536894, 21.017523376430795], [85.61348899536894, 21.01770303948762], [85.61330933231211, 21.01770303948762], [85.61330933231211, 21.017882702544444], [85.61250084855641, 21.017882702544444], [85.61250084855641, 21.01770303948762], [85.61268051161323, 21.01770303948762], [85.61268051161323, 21.017523376430795], [85.61277034314165, 21.017523376430795], [85.61277034314165, 21.017343713373972], [85.61295000619847, 21.017343713373972], [85.61295000619847, 21.01716405031715], [85.61330933231211, 21.01716405031715], [85.61330933231211, 21.016984387260326], [85.61366865842577, 21.016984387260326], [85.61366865842577, 21.0168047242035]]]}, "id": "+2825+1644", "properties": {"area_ha": 1.0058970255760273, "centroid_lat": 21.017370330475604, "centroid_lon": 85.61335258553845, "cluster_id": 0, "n_pixels": 101, "perim_m": 593.5734044053071, "profile_A00_p50": 0.0649371420336406, "profile_A01_p50": -0.11083470436988313, "profile_A02_p50": 0.14346318026817326, "profile_A03_p50": 0.017083394032160377, "profile_A04_p50": -0.04637003445213128, "profile_A05_p50": -0.008794838739899412, "profile_A06_p50": -0.0697901490985032, "profile_A07_p50": 0.14752746069232994, "profile_A08_p50": -0.09809832530559248, "profile_A09_p50": 0.07865185688890315, "profile_A10_p50": 0.09278434321793148, "profile_A11_p50": 0.06399534700652354, "profile_A12_p50": -0.33706718023658716, "profile_A13_p50": 0.01611334574977108, "profile_A14_p50": -0.02196162797008433, "profile_A15_p50": 0.09865446239857459, "profile_A16_p50": -0.05517367445062648, "profile_A17_p50": 0.020527785675845137, "profile_A18_p50": -0.09320158952852851, "profile_A19_p50": 0.020520659200231755, "profile_A20_p50": -0.27787778199771523, "profile_A21_p50": 0.32710390879651796, "profile_A22_p50": 0.2647713197795599, "profile_A23_p50": -0.05124733800254931, "profile_A24_p50": 0.04592356057259676, "profile_A25_p50": 0.07127039448964882, "profile_A26_p50": 0.11083555905543434, "profile_A27_p50": -0.00047438936866183194, "profile_A28_p50": -0.054212923916086175, "profile_A29_p50": 0.19997662502461896, "profile_A30_p50": 0.06685909016728205, "profile_A31_p50": 0.04931597988423994, "profile_A32_p50": 0.0009931171883571953, "profile_A33_p50": -0.02295085841310662, "profile_A34_p50": 0.04590102399843765, "profile_A35_p50": -0.01855274223737954, "profile_A36_p50": -0.1805969336689741, "profile_A37_p50": 0.038133652209125644, "profile_A38_p50": 0.16465066993068045, "profile_A39_p50": -0.11432195461265213, "profile_A40_p50": 0.05424624345228753, "profile_A41_p50": 0.04933324400612502, "profile_A42_p50": -0.1470229052963256, "profile_A43_p50": 0.36170676065249535, "profile_A44_p50": 0.04735946919384751, "profile_A45_p50": 0.053694415358164035, "profile_A46_p50": -0.020978501530891636, "profile_A47_p50": 0.053738594365539405, "profile_A48_p50": -0.1098768476153089, "profile_A49_p50": 0.05952449153421575, "profile_A50_p50": -0.06982160993676202, "profile_A51_p50": 0.010225107035864925, "profile_A52_p50": -0.01613335808612833, "profile_A53_p50": -0.051767402203102525, "profile_A54_p50": 0.19289055487643264, "profile_A55_p50": -0.12261130834785652, "profile_A56_p50": -0.03467205053136565, "profile_A57_p50": -0.03366955729954787, "profile_A58_p50": -0.10597195248497535, "profile_A59_p50": -0.13033228323719942, "profile_A60_p50": 0.02200174954063654, "profile_A61_p50": -0.0717687835809173, "profile_A62_p50": 0.04784828368557889, "profile_A63_p50": 0.07373148958241554, "unit_id": 61}}, {"type": "Feature", "geometry": {"type": "Polygon", "coordinates": [[[85.61232118549958, 21.016086071976204], [85.61295000619847, 21.016086071976204], [85.61295000619847, 21.016175903504617], [85.61330933231211, 21.016175903504617], [85.61330933231211, 21.01626573503303], [85.6132195007837, 21.01626573503303], [85.6132195007837, 21.016445398089854], [85.61312966925529, 21.016445398089854], [85.61312966925529, 21.01626573503303], [85.61303983772689, 21.01626573503303], [85.61303983772689, 21.016445398089854], [85.61277034314165, 21.016445398089854], [85.61277034314165, 21.0168047242035], [85.61295000619847, 21.0168047242035], [85.61295000619847, 21.016894555731913], [85.61303983772689, 21.016894555731913], [85.61303983772689, 21.0168047242035], [85.61348899536894, 21.0168047242035], [85.61348899536894, 21.01671489267509], [85.61366865842577, 21.01671489267509], [85.61366865842577, 21.016625061146677], [85.61402798453942, 21.016625061146677], [85.61402798453942, 21.016535229618263], [85.613938153011, 21.016535229618263], [85.613938153011, 21.016445398089854], [85.61411781606782, 21.016445398089854], [85.61411781606782, 21.016625061146677], [85.61429747912464, 21.016625061146677], [85.61429747912464, 21.0168047242035], [85.61456697370988, 21.0168047242035], [85.61456697370988, 21.01671489267509], [85.6146568052383, 21.01671489267509], [85.6146568052383, 21.016535229618263], [85.61456697370988, 21.016535229618263], [85.61456697370988, 21.016175903504617], [85.6146568052383, 21.016175903504617], [85.6146568052383, 21.01626573503303], [85.61609410969288, 21.01626573503303], [85.61609410969288, 21.01635556656144], [85.61663309886336, 21.01635556656144], [85.61663309886336, 21.016625061146677], [85.61672293039177, 21.016625061146677], [85.61672293039177, 21.0168047242035], [85.61582461510766, 21.0168047242035], [85.61582461510766, 21.016984387260326], [85.61564495205083, 21.016984387260326], [85.61564495205083, 21.01716405031715], [85.61555512052242, 21.01716405031715], [85.61555512052242, 21.017074218788736], [85.61528562593718, 21.017074218788736], [85.61528562593718, 21.01716405031715], [85.61429747912464, 21.01716405031715], [85.61429747912464, 21.017074218788736], [85.61420764759623, 21.017074218788736], [85.61420764759623, 21.016984387260326], [85.61411781606782, 21.016984387260326], [85.61411781606782, 21.0168047242035], [85.61366865842577, 21.0168047242035], [85.61366865842577, 21.016984387260326], [85.61330933231211, 21.016984387260326], [85.61330933231211, 21.01716405031715], [85.61295000619847, 21.01716405031715], [85.61295000619847, 21.017343713373972], [85.61277034314165, 21.017343713373972], [85.61277034314165, 21.017523376430795], [85.61268051161323, 21.017523376430795], [85.61268051161323, 21.01770303948762], [85.61250084855641, 21.01770303948762], [85.61250084855641, 21.017972534072857], [85.612411017028, 21.017972534072857], [85.612411017028, 21.018062365601267], [85.61214152244276, 21.018062365601267], [85.61214152244276, 21.017882702544444], [85.61160253327229, 21.017882702544444], [85.61160253327229, 21.01770303948762], [85.61142287021546, 21.01770303948762], [85.61142287021546, 21.017523376430795], [85.61097371257341, 21.017523376430795], [85.61097371257341, 21.017343713373972], [85.61079404951658, 21.017343713373972], [85.61079404951658, 21.017523376430795], [85.61061438645976, 21.017523376430795], [85.61061438645976, 21.01779287101603], [85.61043472340293, 21.01779287101603], [85.61043472340293, 21.017882702544444], [85.61034489187452, 21.017882702544444], [85.61034489187452, 21.01779287101603], [85.60962623964723, 21.01779287101603], [85.60962623964723, 21.017613207959208], [85.6094465765904, 21.017613207959208], [85.6094465765904, 21.017523376430795], [85.60935674506199, 21.017523376430795], [85.60935674506199, 21.017433544902385], [85.60953640811881, 21.017433544902385], [85.60953640811881, 21.017343713373972], [85.60962623964723, 21.017343713373972], [85.60962623964723, 21.017253881845562], [85.60980590270405, 21.017253881845562], [85.60980590270405, 21.01716405031715], [85.60998556576088, 21.01716405031715], [85.60998556576088, 21.017074218788736], [85.61016522881769, 21.017074218788736], [85.61016522881769, 21.016984387260326], [85.6102550603461, 21.016984387260326], [85.6102550603461, 21.017253881845562], [85.61043472340293, 21.017253881845562], [85.61043472340293, 21.01716405031715], [85.61052455493135, 21.01716405031715], [85.61052455493135, 21.017074218788736], [85.610883881045, 21.017074218788736], [85.610883881045, 21.016984387260326], [85.61097371257341, 21.016984387260326], [85.61097371257341, 21.01716405031715], [85.61133303868705, 21.01716405031715], [85.61133303868705, 21.017343713373972], [85.61160253327229, 21.017343713373972], [85.61160253327229, 21.017523376430795], [85.61259068008482, 21.017523376430795], [85.61259068008482, 21.01716405031715], [85.61277034314165, 21.01716405031715], [85.61277034314165, 21.016984387260326], [85.61286017467006, 21.016984387260326], [85.61286017467006, 21.016894555731913], [85.61277034314165, 21.016894555731913], [85.61277034314165, 21.0168047242035], [85.61268051161323, 21.0168047242035], [85.61268051161323, 21.01671489267509], [85.61259068008482, 21.01671489267509], [85.61259068008482, 21.016625061146677], [85.61232118549958, 21.016625061146677], [85.61232118549958, 21.01635556656144], [85.612411017028, 21.01635556656144], [85.612411017028, 21.01626573503303], [85.61214152244276, 21.01626573503303], [85.61214152244276, 21.016175903504617], [85.61232118549958, 21.016175903504617], [85.61232118549958, 21.016086071976204]], [[85.61420764759623, 21.01671489267509], [85.61411781606782, 21.01671489267509], [85.61411781606782, 21.0168047242035], [85.61420764759623, 21.0168047242035], [85.61420764759623, 21.01671489267509]]]}, "id": "+2812+1652", "properties": {"area_ha": 4.545173848238496, "centroid_lat": 21.016988080517493, "centroid_lon": 85.6132079123188, "cluster_id": 1, "n_pixels": 455, "perim_m": 3001.5840553275425, "profile_A00_p50": 0.05322490089061294, "profile_A01_p50": -0.06588960226698776, "profile_A02_p50": 0.1529994411706668, "profile_A03_p50": 0.004396723212956731, "profile_A04_p50": -0.05832658226689369, "profile_A05_p50": 0.015158496882656702, "profile_A06_p50": -0.058113267185035455, "profile_A07_p50": 0.11962914339116627, "profile_A08_p50": -0.09326266198422985, "profile_A09_p50": 0.08838273719580549, "profile_A10_p50": 0.0927738549931394, "profile_A11_p50": 0.07960371607931654, "profile_A12_p50": -0.3249897319335717, "profile_A13_p50": 0.0044190217192075195, "profile_A14_p50": 0.017099823624685245, "profile_A15_p50": 0.1264737837743902, "profile_A16_p50": -0.06398815698604657, "profile_A17_p50": 0.06009021031571071, "profile_A18_p50": -0.08835826261434147, "profile_A19_p50": -0.020495413132786598, "profile_A20_p50": -0.3432207421649957, "profile_A21_p50": 0.3462977910933563, "profile_A22_p50": 0.21781800919039349, "profile_A23_p50": 0.002466081314448473, "profile_A24_p50": 0.044423011605003684, "profile_A25_p50": 0.07520972980020879, "profile_A26_p50": 0.10986634887067584, "profile_A27_p50": -0.02199335255392581, "profile_A28_p50": -0.042509549344215, "profile_A29_p50": 0.20140214272110038, "profile_A30_p50": 0.055171624942798744, "profile_A31_p50": 0.05227177289072206, "profile_A32_p50": 0.000957316000058114, "profile_A33_p50": 0.009267088127341096, "profile_A34_p50": 0.06397362739951426, "profile_A35_p50": 0.012661068372644, "profile_A36_p50": -0.15279506865085354, "profile_A37_p50": 0.03807606339089456, "profile_A38_p50": 0.15669696681405246, "profile_A39_p50": -0.0595711700946848, "profile_A40_p50": 0.08346119692206716, "profile_A41_p50": 0.08642988587394283, "profile_A42_p50": -0.15870285279429833, "profile_A43_p50": 0.33118419251225517, "profile_A44_p50": 0.05520752142849134, "profile_A45_p50": 0.0532128036651257, "profile_A46_p50": -0.01712322146126869, "profile_A47_p50": 0.02200723127549733, "profile_A48_p50": -0.11667718980753906, "profile_A49_p50": 0.08543167339345949, "profile_A50_p50": -0.046326086499873464, "profile_A51_p50": 0.03856258647140974, "profile_A52_p50": -0.022948844816816024, "profile_A53_p50": -0.06591446047458382, "profile_A54_p50": 0.19317842710817879, "profile_A55_p50": -0.11961082210177881, "profile_A56_p50": -0.0014382150342833156, "profile_A57_p50": -0.04930843751849643, "profile_A58_p50": -0.13624692489672033, "profile_A59_p50": -0.16067235778065347, "profile_A60_p50": -0.024889585453966214, "profile_A61_p50": -0.04440479733645213, "profile_A62_p50": 0.04593597650644479, "profile_A63_p50": 0.08937991613072041, "unit_id": 62}}, {"type": "Feature", "geometry": {"type": "Polygon", "coordinates": [[[85.61151270174388, 21.01626573503303], [85.61178219632912, 21.01626573503303], [85.61178219632912, 21.0168047242035], [85.61196185938594, 21.0168047242035], [85.61196185938594, 21.016984387260326], [85.6116923648007, 21.016984387260326], [85.6116923648007, 21.017074218788736], [85.61160253327229, 21.017074218788736], [85.61160253327229, 21.016984387260326], [85.61142287021546, 21.016984387260326], [85.61142287021546, 21.0168047242035], [85.61133303868705, 21.0168047242035], [85.61133303868705, 21.01671489267509], [85.61124320715864, 21.01671489267509], [85.61124320715864, 21.016445398089854], [85.61133303868705, 21.016445398089854], [85.61133303868705, 21.01635556656144], [85.61151270174388, 21.01635556656144], [85.61151270174388, 21.01626573503303]]]}, "id": "+2799+1650", "properties": {"area_ha": 0.4098117675001324, "centroid_lat": 21.016657727189106, "centroid_lon": 85.61158415759417, "cluster_id": 1, "n_pixels": 41, "perim_m": 328.44642751386357, "profile_A00_p50": 0.05322490089061294, "profile_A01_p50": -0.06588960226698776, "profile_A02_p50": 0.1529994411706668, "profile_A03_p50": 0.004396723212956731, "profile_A04_p50": -0.05832658226689369, "profile_A05_p50": 0.015158496882656702, "profile_A06_p50": -0.058113267185035455, "profile_A07_p50": 0.11962914339116627, "profile_A08_p50": -0.09326266198422985, "profile_A09_p50": 0.08838273719580549, "profile_A10_p50": 0.0927738549931394, "profile_A11_p50": 0.07960371607931654, "profile_A12_p50": -0.3249897319335717, "profile_A13_p50": 0.0044190217192075195, "profile_A14_p50": 0.017099823624685245, "profile_A15_p50": 0.1264737837743902, "profile_A16_p50": -0.06398815698604657, "profile_A17_p50": 0.06009021031571071, "profile_A18_p50": -0.08835826261434147, "profile_A19_p50": -0.020495413132786598, "profile_A20_p50": -0.3432207421649957, "profile_A21_p50": 0.3462977910933563, "profile_A22_p50": 0.21781800919039349, "profile_A23_p50": 0.002466081314448473, "profile_A24_p50": 0.044423011605003684, "profile_A25_p50": 0.07520972980020879, "profile_A26_p50": 0.10986634887067584, "profile_A27_p50": -0.02199335255392581, "profile_A28_p50": -0.042509549344215, "profile_A29_p50": 0.20140214272110038, "profile_A30_p50": 0.055171624942798744, "profile_A31_p50": 0.05227177289072206, "profile_A32_p50": 0.000957316000058114, "profile_A33_p50": 0.009267088127341096, "profile_A34_p50": 0.06397362739951426, "profile_A35_p50": 0.012661068372644, "profile_A36_p50": -0.15279506865085354, "profile_A37_p50": 0.03807606339089456, "profile_A38_p50": 0.15669696681405246, "profile_A39_p50": -0.0595711700946848, "profile_A40_p50": 0.08346119692206716, "profile_A41_p50": 0.08642988587394283, "profile_A42_p50": -0.15870285279429833, "profile_A43_p50": 0.33118419251225517, "profile_A44_p50": 0.05520752142849134, "profile_A45_p50": 0.0532128036651257, "profile_A46_p50": -0.01712322146126869, "profile_A47_p50": 0.02200723127549733, "profile_A48_p50": -0.11667718980753906, "profile_A49_p50": 0.08543167339345949, "profile_A50_p50": -0.046326086499873464, "profile_A51_p50": 0.03856258647140974, "profile_A52_p50": -0.022948844816816024, "profile_A53_p50": -0.06591446047458382, "profile_A54_p50": 0.19317842710817879, "profile_A55_p50": -0.11961082210177881, "profile_A56_p50": -0.0014382150342833156, "profile_A57_p50": -0.04930843751849643, "profile_A58_p50": -0.13624692489672033, "profile_A59_p50": -0.16067235778065347, "profile_A60_p50": -0.024889585453966214, "profile_A61_p50": -0.04440479733645213, "profile_A62_p50": 0.04593597650644479, "profile_A63_p50": 0.08937991613072041, "unit_id": 63}}, {"type": "Feature", "geometry": {"type": "Polygon", "coordinates": [[[85.6973916429057, 20.97350592750894], [85.69757130596253, 20.97350592750894], [85.69757130596253, 20.973685590565765], [85.6973916429057, 20.973685590565765], [85.6973916429057, 20.97350592750894]]]}, "id": "+3754+2126", "properties": {"area_ha": 0.037266362584926264, "centroid_lat": 20.9735957598975, "centroid_lon": 85.69748147384979, "cluster_id": 3, "n_pixels": 4, "perim_m": 77.1491854615673, "profile_A00_p50": 0.011235239387247112, "profile_A01_p50": -0.0944170190952198, "profile_A02_p50": 0.15850057670126871, "profile_A03_p50": 0.003564437970167429, "profile_A04_p50": -0.07205670402902237, "profile_A05_p50": 0.03257106241189286, "profile_A06_p50": -0.07272943763834964, "profile_A07_p50": 0.10985119683312686, "profile_A08_p50": -0.08651845985622647, "profile_A09_p50": 0.0600430883561467, "profile_A10_p50": 0.11400921607631402, "profile_A11_p50": 0.0111920030757401, "profile_A12_p50": -0.3221313230657005, "profile_A13_p50": 0.019024102708091968, "profile_A14_p50": -0.0053916421760631964, "profile_A15_p50": 0.11957411150282209, "profile_A16_p50": -0.07479604942143117, "profile_A17_p50": 0.03803665256952454, "profile_A18_p50": -0.1256803354945045, "profile_A19_p50": -0.01656259063652981, "profile_A20_p50": -0.2722795908059495, "profile_A21_p50": 0.3556452512654423, "profile_A22_p50": 0.17115688105307483, "profile_A23_p50": -0.019990446564841027, "profile_A24_p50": 0.04197593000361166, "profile_A25_p50": 0.09420353859861756, "profile_A26_p50": 0.10178905549147761, "profile_A27_p50": -0.03082037911668791, "profile_A28_p50": -0.0756967453399347, "profile_A29_p50": 0.1908586644815521, "profile_A30_p50": 0.08309282754496135, "profile_A31_p50": 0.06689427143406382, "profile_A32_p50": -0.05181669045714686, "profile_A33_p50": -0.016104732755643374, "profile_A34_p50": 0.049864714440127626, "profile_A35_p50": 0.018629112259767138, "profile_A36_p50": -0.21195628055143625, "profile_A37_p50": 0.09047097270280662, "profile_A38_p50": 0.17544807340384294, "profile_A39_p50": -0.059400418326222906, "profile_A40_p50": 0.08742905150440715, "profile_A41_p50": 0.05032945124855639, "profile_A42_p50": -0.15373454599345476, "profile_A43_p50": 0.3164389764620445, "profile_A44_p50": 0.032788414712290145, "profile_A45_p50": 0.06788945230226325, "profile_A46_p50": 0.012293733179546327, "profile_A47_p50": 0.0634588854602597, "profile_A48_p50": -0.11581008419281325, "profile_A49_p50": 0.036267982797314094, "profile_A50_p50": -0.012156496585562329, "profile_A51_p50": 0.07320562343524893, "profile_A52_p50": -0.014181711833384267, "profile_A53_p50": -0.03801164060014577, "profile_A54_p50": 0.19885668933227743, "profile_A55_p50": -0.09414380413701337, "profile_A56_p50": -0.020010342445014827, "profile_A57_p50": -0.02485003959024507, "profile_A58_p50": -0.10019566862430729, "profile_A59_p50": -0.12456524525126902, "profile_A60_p50": -0.01524541842880943, "profile_A61_p50": -0.04454317190444322, "profile_A62_p50": 0.0748096885813149, "profile_A63_p50": 0.08887335484798001, "unit_id": 64}}, {"type": "Feature", "geometry": {"type": "Polygon", "coordinates": [[[85.69828995818982, 20.972068623054348], [85.69837978971823, 20.972068623054348], [85.69837978971823, 20.97224828611117], [85.6982001266614, 20.97224828611117], [85.6982001266614, 20.972338117639584], [85.698110295133, 20.972338117639584], [85.698110295133, 20.972427949167997], [85.69802046360459, 20.972427949167997], [85.69802046360459, 20.97260761222482], [85.69793063207618, 20.97260761222482], [85.69793063207618, 20.972697443753233], [85.69775096901935, 20.972697443753233], [85.69775096901935, 20.972517780696407], [85.69784080054777, 20.972517780696407], [85.69784080054777, 20.972427949167997], [85.69802046360459, 20.972427949167997], [85.69802046360459, 20.972338117639584], [85.698110295133, 20.972338117639584], [85.698110295133, 20.97224828611117], [85.6982001266614, 20.97224828611117], [85.6982001266614, 20.97215845458276], [85.69828995818982, 20.97215845458276], [85.69828995818982, 20.972068623054348]]]}, "id": "+3763+2142", "properties": {"area_ha": 0.11179996367217296, "centroid_lat": 20.97242794904959, "centroid_lon": 85.69802794886112, "cluster_id": 3, "n_pixels": 11, "perim_m": 270.0231784849907, "profile_A00_p50": 0.011235239387247112, "profile_A01_p50": -0.0944170190952198, "profile_A02_p50": 0.15850057670126871, "profile_A03_p50": 0.003564437970167429, "profile_A04_p50": -0.07205670402902237, "profile_A05_p50": 0.03257106241189286, "profile_A06_p50": -0.07272943763834964, "profile_A07_p50": 0.10985119683312686, "profile_A08_p50": -0.08651845985622647, "profile_A09_p50": 0.0600430883561467, "profile_A10_p50": 0.11400921607631402, "profile_A11_p50": 0.0111920030757401, "profile_A12_p50": -0.3221313230657005, "profile_A13_p50": 0.019024102708091968, "profile_A14_p50": -0.0053916421760631964, "profile_A15_p50": 0.11957411150282209, "profile_A16_p50": -0.07479604942143117, "profile_A17_p50": 0.03803665256952454, "profile_A18_p50": -0.1256803354945045, "profile_A19_p50": -0.01656259063652981, "profile_A20_p50": -0.2722795908059495, "profile_A21_p50": 0.3556452512654423, "profile_A22_p50": 0.17115688105307483, "profile_A23_p50": -0.019990446564841027, "profile_A24_p50": 0.04197593000361166, "profile_A25_p50": 0.09420353859861756, "profile_A26_p50": 0.10178905549147761, "profile_A27_p50": -0.03082037911668791, "profile_A28_p50": -0.0756967453399347, "profile_A29_p50": 0.1908586644815521, "profile_A30_p50": 0.08309282754496135, "profile_A31_p50": 0.06689427143406382, "profile_A32_p50": -0.05181669045714686, "profile_A33_p50": -0.016104732755643374, "profile_A34_p50": 0.049864714440127626, "profile_A35_p50": 0.018629112259767138, "profile_A36_p50": -0.21195628055143625, "profile_A37_p50": 0.09047097270280662, "profile_A38_p50": 0.17544807340384294, "profile_A39_p50": -0.059400418326222906, "profile_A40_p50": 0.08742905150440715, "profile_A41_p50": 0.05032945124855639, "profile_A42_p50": -0.15373454599345476, "profile_A43_p50": 0.3164389764620445, "profile_A44_p50": 0.032788414712290145, "profile_A45_p50": 0.06788945230226325, "profile_A46_p50": 0.012293733179546327, "profile_A47_p50": 0.0634588854602597, "profile_A48_p50": -0.11581008419281325, "profile_A49_p50": 0.036267982797314094, "profile_A50_p50": -0.012156496585562329, "profile_A51_p50": 0.07320562343524893, "profile_A52_p50": -0.014181711833384267, "profile_A53_p50": -0.03801164060014577, "profile_A54_p50": 0.19885668933227743, "profile_A55_p50": -0.09414380413701337, "profile_A56_p50": -0.020010342445014827, "profile_A57_p50": -0.02485003959024507, "profile_A58_p50": -0.10019566862430729, "profile_A59_p50": -0.12456524525126902, "profile_A60_p50": -0.01524541842880943, "profile_A61_p50": -0.04454317190444322, "profile_A62_p50": 0.0748096885813149, "profile_A63_p50": 0.08887335484798001, "unit_id": 65}}, {"type": "Feature", "geometry": {"type": "Polygon", "coordinates": [[[85.69622383303634, 20.969194014145167], [85.69631366456476, 20.969194014145167], [85.69631366456476, 20.96973300331564], [85.69640349609317, 20.96973300331564], [85.69640349609317, 20.969912666372462], [85.69631366456476, 20.969912666372462], [85.69631366456476, 20.970541487071344], [85.69613400150794, 20.970541487071344], [85.69613400150794, 20.970631318599757], [85.69631366456476, 20.970631318599757], [85.69631366456476, 20.970900813184993], [85.69613400150794, 20.970900813184993], [85.69613400150794, 20.970990644713407], [85.69604416997953, 20.970990644713407], [85.69604416997953, 20.97117030777023], [85.69595433845112, 20.97117030777023], [85.69595433845112, 20.97126013929864], [85.6958645069227, 20.97126013929864], [85.6958645069227, 20.971349970827053], [85.69568484386588, 20.971349970827053], [85.69568484386588, 20.971529633883875], [85.69550518080905, 20.971529633883875], [85.69550518080905, 20.971709296940702], [85.69559501233746, 20.971709296940702], [85.69559501233746, 20.97179912846911], [85.69568484386588, 20.97179912846911], [85.69568484386588, 20.971888959997525], [85.69604416997953, 20.971888959997525], [85.69604416997953, 20.97260761222482], [85.69622383303634, 20.97260761222482], [85.69622383303634, 20.972697443753233], [85.69631366456476, 20.972697443753233], [85.69631366456476, 20.972787275281643], [85.69640349609317, 20.972787275281643], [85.69640349609317, 20.973326264452115], [85.69622383303634, 20.973326264452115], [85.69622383303634, 20.97350592750894], [85.69604416997953, 20.97350592750894], [85.69604416997953, 20.973685590565765], [85.6958645069227, 20.973685590565765], [85.6958645069227, 20.97404491667941], [85.69568484386588, 20.97404491667941], [85.69568484386588, 20.974224579736234], [85.69550518080905, 20.974224579736234], [85.69550518080905, 20.97440424279306], [85.69523568622381, 20.97440424279306], [85.69523568622381, 20.974763568906706], [85.69541534928064, 20.974763568906706], [85.69541534928064, 20.974943231963532], [85.69550518080905, 20.974943231963532], [85.69550518080905, 20.975122895020355], [85.69496619163858, 20.975122895020355], [85.69496619163858, 20.975033063491942], [85.69460686552493, 20.975033063491942], [85.69460686552493, 20.974943231963532], [85.6944272024681, 20.974943231963532], [85.6944272024681, 20.97485340043512], [85.69415770788288, 20.97485340043512], [85.69415770788288, 20.974763568906706], [85.69433737093969, 20.974763568906706], [85.69433737093969, 20.974583905849883], [85.69451703399652, 20.974583905849883], [85.69451703399652, 20.97440424279306], [85.69460686552493, 20.97440424279306], [85.69460686552493, 20.974314411264647], [85.69469669705335, 20.974314411264647], [85.69469669705335, 20.974134748207824], [85.69460686552493, 20.974134748207824], [85.69460686552493, 20.97404491667941], [85.69469669705335, 20.97404491667941], [85.69469669705335, 20.973865253622588], [85.69487636011017, 20.973865253622588], [85.69487636011017, 20.973685590565765], [85.695056023167, 20.973685590565765], [85.695056023167, 20.97350592750894], [85.69532551775222, 20.97350592750894], [85.69532551775222, 20.973326264452115], [85.69550518080905, 20.973326264452115], [85.69550518080905, 20.973236432923702], [85.69532551775222, 20.973236432923702], [85.69532551775222, 20.972787275281643], [85.69523568622381, 20.972787275281643], [85.69523568622381, 20.972697443753233], [85.69532551775222, 20.972697443753233], [85.69532551775222, 20.972427949167997], [85.69541534928064, 20.972427949167997], [85.69541534928064, 20.972338117639584], [85.69532551775222, 20.972338117639584], [85.69532551775222, 20.97224828611117], [85.69541534928064, 20.97224828611117], [85.69541534928064, 20.972068623054348], [85.69532551775222, 20.972068623054348], [85.69532551775222, 20.971709296940702], [85.69514585469541, 20.971709296940702], [85.69514585469541, 20.970631318599757], [85.695056023167, 20.970631318599757], [85.695056023167, 20.970541487071344], [85.69496619163858, 20.970541487071344], [85.69496619163858, 20.970092329429285], [85.69487636011017, 20.970092329429285], [85.69487636011017, 20.970002497900875], [85.69469669705335, 20.970002497900875], [85.69469669705335, 20.969912666372462], [85.69541534928064, 20.969912666372462], [85.69541534928064, 20.96982283484405], [85.69568484386588, 20.96982283484405], [85.69568484386588, 20.96973300331564], [85.6958645069227, 20.96973300331564], [85.6958645069227, 20.969553340258813], [85.69595433845112, 20.969553340258813], [85.69595433845112, 20.969463508730403], [85.69613400150794, 20.969463508730403], [85.69613400150794, 20.969283845673576], [85.69622383303634, 20.969283845673576], [85.69622383303634, 20.969194014145167]], [[85.69541534928064, 20.97359575903735], [85.69532551775222, 20.97359575903735], [85.69532551775222, 20.973685590565765], [85.69541534928064, 20.973685590565765], [85.69541534928064, 20.97359575903735]]]}, "id": "+3740+2174", "properties": {"area_ha": 5.906771396075769, "centroid_lat": 20.97225351054999, "centroid_lon": 85.69553961639254, "cluster_id": 1, "n_pixels": 591, "perim_m": 2341.62664659162, "profile_A00_p50": 0.05322490089061294, "profile_A01_p50": -0.06588960226698776, "profile_A02_p50": 0.1529994411706668, "profile_A03_p50": 0.004396723212956731, "profile_A04_p50": -0.05832658226689369, "profile_A05_p50": 0.015158496882656702, "profile_A06_p50": -0.058113267185035455, "profile_A07_p50": 0.11962914339116627, "profile_A08_p50": -0.09326266198422985, "profile_A09_p50": 0.08838273719580549, "profile_A10_p50": 0.0927738549931394, "profile_A11_p50": 0.07960371607931654, "profile_A12_p50": -0.3249897319335717, "profile_A13_p50": 0.0044190217192075195, "profile_A14_p50": 0.017099823624685245, "profile_A15_p50": 0.1264737837743902, "profile_A16_p50": -0.06398815698604657, "profile_A17_p50": 0.06009021031571071, "profile_A18_p50": -0.08835826261434147, "profile_A19_p50": -0.020495413132786598, "profile_A20_p50": -0.3432207421649957, "profile_A21_p50": 0.3462977910933563, "profile_A22_p50": 0.21781800919039349, "profile_A23_p50": 0.002466081314448473, "profile_A24_p50": 0.044423011605003684, "profile_A25_p50": 0.07520972980020879, "profile_A26_p50": 0.10986634887067584, "profile_A27_p50": -0.02199335255392581, "profile_A28_p50": -0.042509549344215, "profile_A29_p50": 0.20140214272110038, "profile_A30_p50": 0.055171624942798744, "profile_A31_p50": 0.05227177289072206, "profile_A32_p50": 0.000957316000058114, "profile_A33_p50": 0.009267088127341096, "profile_A34_p50": 0.06397362739951426, "profile_A35_p50": 0.012661068372644, "profile_A36_p50": -0.15279506865085354, "profile_A37_p50": 0.03807606339089456, "profile_A38_p50": 0.15669696681405246, "profile_A39_p50": -0.0595711700946848, "profile_A40_p50": 0.08346119692206716, "profile_A41_p50": 0.08642988587394283, "profile_A42_p50": -0.15870285279429833, "profile_A43_p50": 0.33118419251225517, "profile_A44_p50": 0.05520752142849134, "profile_A45_p50": 0.0532128036651257, "profile_A46_p50": -0.01712322146126869, "profile_A47_p50": 0.02200723127549733, "profile_A48_p50": -0.11667718980753906, "profile_A49_p50": 0.08543167339345949, "profile_A50_p50": -0.046326086499873464, "profile_A51_p50": 0.03856258647140974, "profile_A52_p50": -0.022948844816816024, "profile_A53_p50": -0.06591446047458382, "profile_A54_p50": 0.19317842710817879, "profile_A55_p50": -0.11961082210177881, "profile_A56_p50": -0.0014382150342833156, "profile_A57_p50": -0.04930843751849643, "profile_A58_p50": -0.13624692489672033, "profile_A59_p50": -0.16067235778065347, "profile_A60_p50": -0.024889585453966214, "profile_A61_p50": -0.04440479733645213, "profile_A62_p50": 0.04593597650644479, "profile_A63_p50": 0.08937991613072041, "unit_id": 66}}, {"type": "Feature", "geometry": {"type": "Polygon", "coordinates": [[[85.69397804482605, 20.971888959997525], [85.69415770788288, 20.971888959997525], [85.69415770788288, 20.972068623054348], [85.69397804482605, 20.972068623054348], [85.69397804482605, 20.971888959997525]]]}, "id": "+3716+2144", "properties": {"area_ha": 0.037266765724366845, "centroid_lat": 20.971978790968983, "centroid_lon": 85.6940678745539, "cluster_id": 3, "n_pixels": 4, "perim_m": 77.14957972587563, "profile_A00_p50": 0.011235239387247112, "profile_A01_p50": -0.0944170190952198, "profile_A02_p50": 0.15850057670126871, "profile_A03_p50": 0.003564437970167429, "profile_A04_p50": -0.07205670402902237, "profile_A05_p50": 0.03257106241189286, "profile_A06_p50": -0.07272943763834964, "profile_A07_p50": 0.10985119683312686, "profile_A08_p50": -0.08651845985622647, "profile_A09_p50": 0.0600430883561467, "profile_A10_p50": 0.11400921607631402, "profile_A11_p50": 0.0111920030757401, "profile_A12_p50": -0.3221313230657005, "profile_A13_p50": 0.019024102708091968, "profile_A14_p50": -0.0053916421760631964, "profile_A15_p50": 0.11957411150282209, "profile_A16_p50": -0.07479604942143117, "profile_A17_p50": 0.03803665256952454, "profile_A18_p50": -0.1256803354945045, "profile_A19_p50": -0.01656259063652981, "profile_A20_p50": -0.2722795908059495, "profile_A21_p50": 0.3556452512654423, "profile_A22_p50": 0.17115688105307483, "profile_A23_p50": -0.019990446564841027, "profile_A24_p50": 0.04197593000361166, "profile_A25_p50": 0.09420353859861756, "profile_A26_p50": 0.10178905549147761, "profile_A27_p50": -0.03082037911668791, "profile_A28_p50": -0.0756967453399347, "profile_A29_p50": 0.1908586644815521, "profile_A30_p50": 0.08309282754496135, "profile_A31_p50": 0.06689427143406382, "profile_A32_p50": -0.05181669045714686, "profile_A33_p50": -0.016104732755643374, "profile_A34_p50": 0.049864714440127626, "profile_A35_p50": 0.018629112259767138, "profile_A36_p50": -0.21195628055143625, "profile_A37_p50": 0.09047097270280662, "profile_A38_p50": 0.17544807340384294, "profile_A39_p50": -0.059400418326222906, "profile_A40_p50": 0.08742905150440715, "profile_A41_p50": 0.05032945124855639, "profile_A42_p50": -0.15373454599345476, "profile_A43_p50": 0.3164389764620445, "profile_A44_p50": 0.032788414712290145, "profile_A45_p50": 0.06788945230226325, "profile_A46_p50": 0.012293733179546327, "profile_A47_p50": 0.0634588854602597, "profile_A48_p50": -0.11581008419281325, "profile_A49_p50": 0.036267982797314094, "profile_A50_p50": -0.012156496585562329, "profile_A51_p50": 0.07320562343524893, "profile_A52_p50": -0.014181711833384267, "profile_A53_p50": -0.03801164060014577, "profile_A54_p50": 0.19885668933227743, "profile_A55_p50": -0.09414380413701337, "profile_A56_p50": -0.020010342445014827, "profile_A57_p50": -0.02485003959024507, "profile_A58_p50": -0.10019566862430729, "profile_A59_p50": -0.12456524525126902, "profile_A60_p50": -0.01524541842880943, "profile_A61_p50": -0.04454317190444322, "profile_A62_p50": 0.0748096885813149, "profile_A63_p50": 0.08887335484798001, "unit_id": 67}}, {"type": "Feature", "geometry": {"type": "Polygon", "coordinates": [[[85.69469669705335, 20.970092329429285], [85.69496619163858, 20.970092329429285], [85.69496619163858, 20.97036182401452], [85.69487636011017, 20.97036182401452], [85.69487636011017, 20.970451655542934], [85.69469669705335, 20.970451655542934], [85.69469669705335, 20.970271992486108], [85.69478652858176, 20.970271992486108], [85.69478652858176, 20.970182160957698], [85.69469669705335, 20.970182160957698], [85.69469669705335, 20.970092329429285]]]}, "id": "+3725+2164", "properties": {"area_ha": 0.09316797635931807, "centroid_lat": 20.970263009177145, "centroid_lon": 85.69483144602114, "cluster_id": 3, "n_pixels": 9, "perim_m": 154.30000289365998, "profile_A00_p50": 0.011235239387247112, "profile_A01_p50": -0.0944170190952198, "profile_A02_p50": 0.15850057670126871, "profile_A03_p50": 0.003564437970167429, "profile_A04_p50": -0.07205670402902237, "profile_A05_p50": 0.03257106241189286, "profile_A06_p50": -0.07272943763834964, "profile_A07_p50": 0.10985119683312686, "profile_A08_p50": -0.08651845985622647, "profile_A09_p50": 0.0600430883561467, "profile_A10_p50": 0.11400921607631402, "profile_A11_p50": 0.0111920030757401, "profile_A12_p50": -0.3221313230657005, "profile_A13_p50": 0.019024102708091968, "profile_A14_p50": -0.0053916421760631964, "profile_A15_p50": 0.11957411150282209, "profile_A16_p50": -0.07479604942143117, "profile_A17_p50": 0.03803665256952454, "profile_A18_p50": -0.1256803354945045, "profile_A19_p50": -0.01656259063652981, "profile_A20_p50": -0.2722795908059495, "profile_A21_p50": 0.3556452512654423, "profile_A22_p50": 0.17115688105307483, "profile_A23_p50": -0.019990446564841027, "profile_A24_p50": 0.04197593000361166, "profile_A25_p50": 0.09420353859861756, "profile_A26_p50": 0.10178905549147761, "profile_A27_p50": -0.03082037911668791, "profile_A28_p50": -0.0756967453399347, "profile_A29_p50": 0.1908586644815521, "profile_A30_p50": 0.08309282754496135, "profile_A31_p50": 0.06689427143406382, "profile_A32_p50": -0.05181669045714686, "profile_A33_p50": -0.016104732755643374, "profile_A34_p50": 0.049864714440127626, "profile_A35_p50": 0.018629112259767138, "profile_A36_p50": -0.21195628055143625, "profile_A37_p50": 0.09047097270280662, "profile_A38_p50": 0.17544807340384294, "profile_A39_p50": -0.059400418326222906, "profile_A40_p50": 0.08742905150440715, "profile_A41_p50": 0.05032945124855639, "profile_A42_p50": -0.15373454599345476, "profile_A43_p50": 0.3164389764620445, "profile_A44_p50": 0.032788414712290145, "profile_A45_p50": 0.06788945230226325, "profile_A46_p50": 0.012293733179546327, "profile_A47_p50": 0.0634588854602597, "profile_A48_p50": -0.11581008419281325, "profile_A49_p50": 0.036267982797314094, "profile_A50_p50": -0.012156496585562329, "profile_A51_p50": 0.07320562343524893, "profile_A52_p50": -0.014181711833384267, "profile_A53_p50": -0.03801164060014577, "profile_A54_p50": 0.19885668933227743, "profile_A55_p50": -0.09414380413701337, "profile_A56_p50": -0.020010342445014827, "profile_A57_p50": -0.02485003959024507, "profile_A58_p50": -0.10019566862430729, "profile_A59_p50": -0.12456524525126902, "profile_A60_p50": -0.01524541842880943, "profile_A61_p50": -0.04454317190444322, "profile_A62_p50": 0.0748096885813149, "profile_A63_p50": 0.08887335484798001, "unit_id": 68}}, {"type": "Feature", "geometry": {"type": "Polygon", "coordinates": [[[85.69864928430347, 20.965510921480277], [85.69873911583188, 20.965510921480277], [85.69873911583188, 20.965600753008687], [85.6988289473603, 20.965600753008687], [85.6988289473603, 20.9656905845371], [85.69900861041712, 20.9656905845371], [85.69900861041712, 20.965780416065513], [85.69909844194554, 20.965780416065513], [85.69909844194554, 20.965870247593923], [85.69918827347394, 20.965870247593923], [85.69918827347394, 20.965960079122336], [85.69927810500235, 20.965960079122336], [85.69927810500235, 20.96604991065075], [85.69936793653076, 20.96604991065075], [85.69936793653076, 20.96613974217916], [85.69945776805918, 20.96613974217916], [85.69945776805918, 20.966229573707572], [85.69954759958759, 20.966229573707572], [85.69954759958759, 20.966409236764395], [85.699637431116, 20.966409236764395], [85.699637431116, 20.96649906829281], [85.69972726264442, 20.96649906829281], [85.69972726264442, 20.966588899821218], [85.69981709417283, 20.966588899821218], [85.69981709417283, 20.966768562878045], [85.69990692570124, 20.966768562878045], [85.69990692570124, 20.966858394406454], [85.69972726264442, 20.966858394406454], [85.69972726264442, 20.966948225934868], [85.69990692570124, 20.966948225934868], [85.69990692570124, 20.96703805746328], [85.69999675722966, 20.96703805746328], [85.69999675722966, 20.966948225934868], [85.70008658875807, 20.966948225934868], [85.70008658875807, 20.967217720520104], [85.70017642028647, 20.967217720520104], [85.70017642028647, 20.967307552048513], [85.70026625181488, 20.967307552048513], [85.70026625181488, 20.967397383576927], [85.70017642028647, 20.967397383576927], [85.70017642028647, 20.96757704663375], [85.70026625181488, 20.96757704663375], [85.70026625181488, 20.967756709690576], [85.7003560833433, 20.967756709690576], [85.7003560833433, 20.968116035804222], [85.70017642028647, 20.968116035804222], [85.70017642028647, 20.968205867332635], [85.69990692570124, 20.968205867332635], [85.69990692570124, 20.968295698861045], [85.69972726264442, 20.968295698861045], [85.69972726264442, 20.968385530389458], [85.69981709417283, 20.968385530389458], [85.69981709417283, 20.96847536191787], [85.69990692570124, 20.96847536191787], [85.69990692570124, 20.968834688031517], [85.70017642028647, 20.968834688031517], [85.70017642028647, 20.969014351088344], [85.7003560833433, 20.969014351088344], [85.7003560833433, 20.969463508730403], [85.70026625181488, 20.969463508730403], [85.70026625181488, 20.969643171787226], [85.70017642028647, 20.969643171787226], [85.70017642028647, 20.969912666372462], [85.70008658875807, 20.969912666372462], [85.70008658875807, 20.96982283484405], [85.69990692570124, 20.96982283484405], [85.69990692570124, 20.969912666372462], [85.69972726264442, 20.969912666372462], [85.69972726264442, 20.970002497900875], [85.699637431116, 20.970002497900875], [85.699637431116, 20.969912666372462], [85.69936793653076, 20.969912666372462], [85.69936793653076, 20.970092329429285], [85.69927810500235, 20.970092329429285], [85.69927810500235, 20.970271992486108], [85.69918827347394, 20.970271992486108], [85.69918827347394, 20.970631318599757], [85.69900861041712, 20.970631318599757], [85.69900861041712, 20.970451655542934], [85.6988289473603, 20.970451655542934], [85.6988289473603, 20.970541487071344], [85.69873911583188, 20.970541487071344], [85.69873911583188, 20.970271992486108], [85.69864928430347, 20.970271992486108], [85.69864928430347, 20.97036182401452], [85.69846962124664, 20.97036182401452], [85.69846962124664, 20.970271992486108], [85.69837978971823, 20.970271992486108], [85.69837978971823, 20.970092329429285], [85.69855945277506, 20.970092329429285], [85.69855945277506, 20.970002497900875], [85.69864928430347, 20.970002497900875], [85.69864928430347, 20.970092329429285], [85.69873911583188, 20.970092329429285], [85.69873911583188, 20.96973300331564], [85.69891877888871, 20.96973300331564], [85.69891877888871, 20.969553340258813], [85.69900861041712, 20.969553340258813], [85.69900861041712, 20.96937367720199], [85.69927810500235, 20.96937367720199], [85.69927810500235, 20.969463508730403], [85.69936793653076, 20.969463508730403], [85.69936793653076, 20.969553340258813], [85.69945776805918, 20.969553340258813], [85.69945776805918, 20.969463508730403], [85.69954759958759, 20.969463508730403], [85.69954759958759, 20.96937367720199], [85.699637431116, 20.96937367720199], [85.699637431116, 20.969194014145167], [85.69972726264442, 20.969194014145167], [85.69972726264442, 20.968834688031517], [85.69954759958759, 20.968834688031517], [85.69954759958759, 20.968655024974694], [85.69936793653076, 20.968655024974694], [85.69936793653076, 20.96892451955993], [85.69918827347394, 20.96892451955993], [85.69918827347394, 20.968834688031517], [85.69927810500235, 20.968834688031517], [85.69927810500235, 20.968744856503108], [85.69918827347394, 20.968744856503108], [85.69918827347394, 20.968655024974694], [85.69936793653076, 20.968655024974694], [85.69936793653076, 20.96847536191787], [85.69918827347394, 20.96847536191787], [85.69918827347394, 20.968295698861045], [85.69909844194554, 20.968295698861045], [85.69909844194554, 20.96847536191787], [85.69900861041712, 20.96847536191787], [85.69900861041712, 20.968295698861045], [85.69891877888871, 20.968295698861045], [85.69891877888871, 20.968205867332635], [85.6988289473603, 20.968205867332635], [85.6988289473603, 20.968295698861045], [85.69873911583188, 20.968295698861045], [85.69873911583188, 20.96856519344628], [85.6988289473603, 20.96856519344628], [85.6988289473603, 20.968655024974694], [85.69873911583188, 20.968655024974694], [85.69873911583188, 20.968744856503108], [85.69864928430347, 20.968744856503108], [85.69864928430347, 20.968834688031517], [85.69855945277506, 20.968834688031517], [85.69855945277506, 20.96892451955993], [85.69864928430347, 20.96892451955993], [85.69864928430347, 20.969014351088344], [85.69855945277506, 20.969014351088344], [85.69855945277506, 20.969104182616753], [85.69846962124664, 20.969104182616753], [85.69846962124664, 20.969194014145167], [85.69837978971823, 20.969194014145167], [85.69837978971823, 20.969283845673576], [85.69828995818982, 20.969283845673576], [85.69828995818982, 20.96937367720199], [85.6982001266614, 20.96937367720199], [85.6982001266614, 20.969553340258813], [85.69802046360459, 20.969553340258813], [85.69802046360459, 20.96973300331564], [85.69784080054777, 20.96973300331564], [85.69784080054777, 20.969912666372462], [85.69766113749094, 20.969912666372462], [85.69766113749094, 20.970092329429285], [85.69757130596253, 20.970092329429285], [85.69757130596253, 20.970271992486108], [85.6973916429057, 20.970271992486108], [85.6973916429057, 20.970541487071344], [85.69730181137729, 20.970541487071344], [85.69730181137729, 20.970631318599757], [85.69721197984887, 20.970631318599757], [85.69721197984887, 20.97081098165658], [85.69784080054777, 20.97081098165658], [85.69784080054777, 20.970631318599757], [85.6982001266614, 20.970631318599757], [85.6982001266614, 20.970451655542934], [85.69837978971823, 20.970451655542934], [85.69837978971823, 20.970631318599757], [85.69846962124664, 20.970631318599757], [85.69846962124664, 20.970451655542934], [85.69855945277506, 20.970451655542934], [85.69855945277506, 20.970541487071344], [85.69864928430347, 20.970541487071344], [85.69864928430347, 20.970631318599757], [85.69873911583188, 20.970631318599757], [85.69873911583188, 20.97072115012817], [85.69855945277506, 20.97072115012817], [85.69855945277506, 20.97081098165658], [85.6988289473603, 20.97081098165658], [85.6988289473603, 20.970900813184993], [85.69873911583188, 20.970900813184993], [85.69873911583188, 20.970990644713407], [85.69864928430347, 20.970990644713407], [85.69864928430347, 20.97117030777023], [85.69855945277506, 20.97117030777023], [85.69855945277506, 20.971349970827053], [85.69846962124664, 20.971349970827053], [85.69846962124664, 20.97126013929864], [85.69837978971823, 20.97126013929864], [85.69837978971823, 20.972068623054348], [85.69828995818982, 20.972068623054348], [85.69828995818982, 20.97215845458276], [85.6982001266614, 20.97215845458276], [85.6982001266614, 20.97224828611117], [85.698110295133, 20.97224828611117], [85.698110295133, 20.972338117639584], [85.69802046360459, 20.972338117639584], [85.69802046360459, 20.972427949167997], [85.69784080054777, 20.972427949167997], [85.69784080054777, 20.972517780696407], [85.69775096901935, 20.972517780696407], [85.69775096901935, 20.973236432923702], [85.69802046360459, 20.973236432923702], [85.69802046360459, 20.973326264452115], [85.69775096901935, 20.973326264452115], [85.69775096901935, 20.973236432923702], [85.69757130596253, 20.973236432923702], [85.69757130596253, 20.97350592750894], [85.6973916429057, 20.97350592750894], [85.6973916429057, 20.973685590565765], [85.69721197984887, 20.973685590565765], [85.69721197984887, 20.973865253622588], [85.69703231679206, 20.973865253622588], [85.69703231679206, 20.974224579736234], [85.69685265373523, 20.974224579736234], [85.69685265373523, 20.974763568906706], [85.69703231679206, 20.974763568906706], [85.69703231679206, 20.97485340043512], [85.69676282220682, 20.97485340043512], [85.69676282220682, 20.974943231963532], [85.69658315915, 20.974943231963532], [85.69658315915, 20.975033063491942], [85.69622383303634, 20.975033063491942], [85.69622383303634, 20.975122895020355], [85.69550518080905, 20.975122895020355], [85.69550518080905, 20.974943231963532], [85.69541534928064, 20.974943231963532], [85.69541534928064, 20.974763568906706], [85.69523568622381, 20.974763568906706], [85.69523568622381, 20.97440424279306], [85.69550518080905, 20.97440424279306], [85.69550518080905, 20.974224579736234], [85.69568484386588, 20.974224579736234], [85.69568484386588, 20.97404491667941], [85.6958645069227, 20.97404491667941], [85.6958645069227, 20.973685590565765], [85.69604416997953, 20.973685590565765], [85.69604416997953, 20.97350592750894], [85.69622383303634, 20.97350592750894], [85.69622383303634, 20.973326264452115], [85.69640349609317, 20.973326264452115], [85.69640349609317, 20.972787275281643], [85.69631366456476, 20.972787275281643], [85.69631366456476, 20.972697443753233], [85.69622383303634, 20.972697443753233], [85.69622383303634, 20.97260761222482], [85.69604416997953, 20.97260761222482], [85.69604416997953, 20.971888959997525], [85.69568484386588, 20.971888959997525], [85.69568484386588, 20.97179912846911], [85.69559501233746, 20.97179912846911], [85.69559501233746, 20.971709296940702], [85.69550518080905, 20.971709296940702], [85.69550518080905, 20.971529633883875], [85.69568484386588, 20.971529633883875], [85.69568484386588, 20.971349970827053], [85.6958645069227, 20.971349970827053], [85.6958645069227, 20.97126013929864], [85.69595433845112, 20.97126013929864], [85.69595433845112, 20.97117030777023], [85.69604416997953, 20.97117030777023], [85.69604416997953, 20.970990644713407], [85.69613400150794, 20.970990644713407], [85.69613400150794, 20.970900813184993], [85.69631366456476, 20.970900813184993], [85.69631366456476, 20.970631318599757], [85.69613400150794, 20.970631318599757], [85.69613400150794, 20.970541487071344], [85.69631366456476, 20.970541487071344], [85.69631366456476, 20.969912666372462], [85.69640349609317, 20.969912666372462], [85.69640349609317, 20.96973300331564], [85.69631366456476, 20.96973300331564], [85.69631366456476, 20.968205867332635], [85.69622383303634, 20.968205867332635], [85.69622383303634, 20.968116035804222], [85.69613400150794, 20.968116035804222], [85.69613400150794, 20.968026204275812], [85.69622383303634, 20.968026204275812], [85.69622383303634, 20.968116035804222], [85.69631366456476, 20.968116035804222], [85.69631366456476, 20.968026204275812], [85.69649332762158, 20.968026204275812], [85.69649332762158, 20.967666878162163], [85.69658315915, 20.967666878162163], [85.69658315915, 20.967756709690576], [85.69667299067841, 20.967756709690576], [85.69667299067841, 20.96757704663375], [85.69730181137729, 20.96757704663375], [85.69730181137729, 20.96748721510534], [85.69748147443411, 20.96748721510534], [85.69748147443411, 20.967397383576927], [85.69766113749094, 20.967397383576927], [85.69766113749094, 20.967217720520104], [85.69802046360459, 20.967217720520104], [85.69802046360459, 20.96703805746328], [85.69837978971823, 20.96703805746328], [85.69837978971823, 20.966588899821218], [85.69846962124664, 20.966588899821218], [85.69846962124664, 20.96613974217916], [85.69864928430347, 20.96613974217916], [85.69864928430347, 20.965510921480277]], [[85.69927810500235, 20.969463508730403], [85.69918827347394, 20.969463508730403], [85.69918827347394, 20.969553340258813], [85.69927810500235, 20.969553340258813], [85.69927810500235, 20.969463508730403]], [[85.69712214832047, 20.968116035804222], [85.69703231679206, 20.968116035804222], [85.69703231679206, 20.96847536191787], [85.6973916429057, 20.96847536191787], [85.6973916429057, 20.96856519344628], [85.69766113749094, 20.96856519344628], [85.69766113749094, 20.968295698861045], [85.69721197984887, 20.968295698861045], [85.69721197984887, 20.968205867332635], [85.69712214832047, 20.968205867332635], [85.69712214832047, 20.968116035804222]], [[85.69748147443411, 20.968116035804222], [85.69721197984887, 20.968116035804222], [85.69721197984887, 20.968205867332635], [85.69748147443411, 20.968205867332635], [85.69748147443411, 20.968116035804222]], [[85.69972726264442, 20.96757704663375], [85.69954759958759, 20.96757704663375], [85.69954759958759, 20.968026204275812], [85.69972726264442, 20.968026204275812], [85.69972726264442, 20.967846541218986], [85.69981709417283, 20.967846541218986], [85.69981709417283, 20.967756709690576], [85.69972726264442, 20.967756709690576], [85.69972726264442, 20.96757704663375]], [[85.69954759958759, 20.967217720520104], [85.69945776805918, 20.967217720520104], [85.69945776805918, 20.967397383576927], [85.69954759958759, 20.967397383576927], [85.69954759958759, 20.967217720520104]], [[85.69972726264442, 20.96712788899169], [85.699637431116, 20.96712788899169], [85.699637431116, 20.967217720520104], [85.69972726264442, 20.967217720520104], [85.69972726264442, 20.96712788899169]], [[85.69999675722966, 20.96712788899169], [85.69990692570124, 20.96712788899169], [85.69990692570124, 20.967217720520104], [85.69999675722966, 20.967217720520104], [85.69999675722966, 20.96712788899169]]]}, "id": "+3767+2215", "properties": {"area_ha": 22.341697296143714, "centroid_lat": 20.970163434667423, "centroid_lon": 85.69770465465432, "cluster_id": 0, "n_pixels": 2234, "perim_m": 6131.662187540734, "profile_A00_p50": 0.0649371420336406, "profile_A01_p50": -0.11083470436988313, "profile_A02_p50": 0.14346318026817326, "profile_A03_p50": 0.017083394032160377, "profile_A04_p50": -0.04637003445213128, "profile_A05_p50": -0.008794838739899412, "profile_A06_p50": -0.0697901490985032, "profile_A07_p50": 0.14752746069232994, "profile_A08_p50": -0.09809832530559248, "profile_A09_p50": 0.07865185688890315, "profile_A10_p50": 0.09278434321793148, "profile_A11_p50": 0.06399534700652354, "profile_A12_p50": -0.33706718023658716, "profile_A13_p50": 0.01611334574977108, "profile_A14_p50": -0.02196162797008433, "profile_A15_p50": 0.09865446239857459, "profile_A16_p50": -0.05517367445062648, "profile_A17_p50": 0.020527785675845137, "profile_A18_p50": -0.09320158952852851, "profile_A19_p50": 0.020520659200231755, "profile_A20_p50": -0.27787778199771523, "profile_A21_p50": 0.32710390879651796, "profile_A22_p50": 0.2647713197795599, "profile_A23_p50": -0.05124733800254931, "profile_A24_p50": 0.04592356057259676, "profile_A25_p50": 0.07127039448964882, "profile_A26_p50": 0.11083555905543434, "profile_A27_p50": -0.00047438936866183194, "profile_A28_p50": -0.054212923916086175, "profile_A29_p50": 0.19997662502461896, "profile_A30_p50": 0.06685909016728205, "profile_A31_p50": 0.04931597988423994, "profile_A32_p50": 0.0009931171883571953, "profile_A33_p50": -0.02295085841310662, "profile_A34_p50": 0.04590102399843765, "profile_A35_p50": -0.01855274223737954, "profile_A36_p50": -0.1805969336689741, "profile_A37_p50": 0.038133652209125644, "profile_A38_p50": 0.16465066993068045, "profile_A39_p50": -0.11432195461265213, "profile_A40_p50": 0.05424624345228753, "profile_A41_p50": 0.04933324400612502, "profile_A42_p50": -0.1470229052963256, "profile_A43_p50": 0.36170676065249535, "profile_A44_p50": 0.04735946919384751, "profile_A45_p50": 0.053694415358164035, "profile_A46_p50": -0.020978501530891636, "profile_A47_p50": 0.053738594365539405, "profile_A48_p50": -0.1098768476153089, "profile_A49_p50": 0.05952449153421575, "profile_A50_p50": -0.06982160993676202, "profile_A51_p50": 0.010225107035864925, "profile_A52_p50": -0.01613335808612833, "profile_A53_p50": -0.051767402203102525, "profile_A54_p50": 0.19289055487643264, "profile_A55_p50": -0.12261130834785652, "profile_A56_p50": -0.03467205053136565, "profile_A57_p50": -0.03366955729954787, "profile_A58_p50": -0.10597195248497535, "profile_A59_p50": -0.13033228323719942, "profile_A60_p50": 0.02200174954063654, "profile_A61_p50": -0.0717687835809173, "profile_A62_p50": 0.04784828368557889, "profile_A63_p50": 0.07373148958241554, "unit_id": 69}}, {"type": "Feature", "geometry": {"type": "Polygon", "coordinates": [[[85.69568484386588, 20.9679363727474], [85.69604416997953, 20.9679363727474], [85.69604416997953, 20.968116035804222], [85.69577467539429, 20.968116035804222], [85.69577467539429, 20.968026204275812], [85.69568484386588, 20.968026204275812], [85.69568484386588, 20.9679363727474]]]}, "id": "+3737+2188", "properties": {"area_ha": 0.06521855251047314, "centroid_lat": 20.96801978755426, "centroid_lon": 85.69588375640444, "cluster_id": 3, "n_pixels": 7, "perim_m": 114.51779610438601, "profile_A00_p50": 0.011235239387247112, "profile_A01_p50": -0.0944170190952198, "profile_A02_p50": 0.15850057670126871, "profile_A03_p50": 0.003564437970167429, "profile_A04_p50": -0.07205670402902237, "profile_A05_p50": 0.03257106241189286, "profile_A06_p50": -0.07272943763834964, "profile_A07_p50": 0.10985119683312686, "profile_A08_p50": -0.08651845985622647, "profile_A09_p50": 0.0600430883561467, "profile_A10_p50": 0.11400921607631402, "profile_A11_p50": 0.0111920030757401, "profile_A12_p50": -0.3221313230657005, "profile_A13_p50": 0.019024102708091968, "profile_A14_p50": -0.0053916421760631964, "profile_A15_p50": 0.11957411150282209, "profile_A16_p50": -0.07479604942143117, "profile_A17_p50": 0.03803665256952454, "profile_A18_p50": -0.1256803354945045, "profile_A19_p50": -0.01656259063652981, "profile_A20_p50": -0.2722795908059495, "profile_A21_p50": 0.3556452512654423, "profile_A22_p50": 0.17115688105307483, "profile_A23_p50": -0.019990446564841027, "profile_A24_p50": 0.04197593000361166, "profile_A25_p50": 0.09420353859861756, "profile_A26_p50": 0.10178905549147761, "profile_A27_p50": -0.03082037911668791, "profile_A28_p50": -0.0756967453399347, "profile_A29_p50": 0.1908586644815521, "profile_A30_p50": 0.08309282754496135, "profile_A31_p50": 0.06689427143406382, "profile_A32_p50": -0.05181669045714686, "profile_A33_p50": -0.016104732755643374, "profile_A34_p50": 0.049864714440127626, "profile_A35_p50": 0.018629112259767138, "profile_A36_p50": -0.21195628055143625, "profile_A37_p50": 0.09047097270280662, "profile_A38_p50": 0.17544807340384294, "profile_A39_p50": -0.059400418326222906, "profile_A40_p50": 0.08742905150440715, "profile_A41_p50": 0.05032945124855639, "profile_A42_p50": -0.15373454599345476, "profile_A43_p50": 0.3164389764620445, "profile_A44_p50": 0.032788414712290145, "profile_A45_p50": 0.06788945230226325, "profile_A46_p50": 0.012293733179546327, "profile_A47_p50": 0.0634588854602597, "profile_A48_p50": -0.11581008419281325, "profile_A49_p50": 0.036267982797314094, "profile_A50_p50": -0.012156496585562329, "profile_A51_p50": 0.07320562343524893, "profile_A52_p50": -0.014181711833384267, "profile_A53_p50": -0.03801164060014577, "profile_A54_p50": 0.19885668933227743, "profile_A55_p50": -0.09414380413701337, "profile_A56_p50": -0.020010342445014827, "profile_A57_p50": -0.02485003959024507, "profile_A58_p50": -0.10019566862430729, "profile_A59_p50": -0.12456524525126902, "profile_A60_p50": -0.01524541842880943, "profile_A61_p50": -0.04454317190444322, "profile_A62_p50": 0.0748096885813149, "profile_A63_p50": 0.08887335484798001, "unit_id": 70}}, {"type": "Feature", "geometry": {"type": "Polygon", "coordinates": [[[85.69595433845112, 20.96757704663375], [85.69613400150794, 20.96757704663375], [85.69613400150794, 20.967756709690576], [85.69595433845112, 20.967756709690576], [85.69595433845112, 20.96757704663375]]]}, "id": "+3738+2192", "properties": {"area_ha": 0.03726784062834986, "centroid_lat": 20.96766687540631, "centroid_lon": 85.69604416992034, "cluster_id": 3, "n_pixels": 4, "perim_m": 77.15063096402476, "profile_A00_p50": 0.011235239387247112, "profile_A01_p50": -0.0944170190952198, "profile_A02_p50": 0.15850057670126871, "profile_A03_p50": 0.003564437970167429, "profile_A04_p50": -0.07205670402902237, "profile_A05_p50": 0.03257106241189286, "profile_A06_p50": -0.07272943763834964, "profile_A07_p50": 0.10985119683312686, "profile_A08_p50": -0.08651845985622647, "profile_A09_p50": 0.0600430883561467, "profile_A10_p50": 0.11400921607631402, "profile_A11_p50": 0.0111920030757401, "profile_A12_p50": -0.3221313230657005, "profile_A13_p50": 0.019024102708091968, "profile_A14_p50": -0.0053916421760631964, "profile_A15_p50": 0.11957411150282209, "profile_A16_p50": -0.07479604942143117, "profile_A17_p50": 0.03803665256952454, "profile_A18_p50": -0.1256803354945045, "profile_A19_p50": -0.01656259063652981, "profile_A20_p50": -0.2722795908059495, "profile_A21_p50": 0.3556452512654423, "profile_A22_p50": 0.17115688105307483, "profile_A23_p50": -0.019990446564841027, "profile_A24_p50": 0.04197593000361166, "profile_A25_p50": 0.09420353859861756, "profile_A26_p50": 0.10178905549147761, "profile_A27_p50": -0.03082037911668791, "profile_A28_p50": -0.0756967453399347, "profile_A29_p50": 0.1908586644815521, "profile_A30_p50": 0.08309282754496135, "profile_A31_p50": 0.06689427143406382, "profile_A32_p50": -0.05181669045714686, "profile_A33_p50": -0.016104732755643374, "profile_A34_p50": 0.049864714440127626, "profile_A35_p50": 0.018629112259767138, "profile_A36_p50": -0.21195628055143625, "profile_A37_p50": 0.09047097270280662, "profile_A38_p50": 0.17544807340384294, "profile_A39_p50": -0.059400418326222906, "profile_A40_p50": 0.08742905150440715, "profile_A41_p50": 0.05032945124855639, "profile_A42_p50": -0.15373454599345476, "profile_A43_p50": 0.3164389764620445, "profile_A44_p50": 0.032788414712290145, "profile_A45_p50": 0.06788945230226325, "profile_A46_p50": 0.012293733179546327, "profile_A47_p50": 0.0634588854602597, "profile_A48_p50": -0.11581008419281325, "profile_A49_p50": 0.036267982797314094, "profile_A50_p50": -0.012156496585562329, "profile_A51_p50": 0.07320562343524893, "profile_A52_p50": -0.014181711833384267, "profile_A53_p50": -0.03801164060014577, "profile_A54_p50": 0.19885668933227743, "profile_A55_p50": -0.09414380413701337, "profile_A56_p50": -0.020010342445014827, "profile_A57_p50": -0.02485003959024507, "profile_A58_p50": -0.10019566862430729, "profile_A59_p50": -0.12456524525126902, "profile_A60_p50": -0.01524541842880943, "profile_A61_p50": -0.04454317190444322, "profile_A62_p50": 0.0748096885813149, "profile_A63_p50": 0.08887335484798001, "unit_id": 71}}, {"type": "Feature", "geometry": {"type": "Polygon", "coordinates": [[[85.69613400150794, 20.96604991065075], [85.69631366456476, 20.96604991065075], [85.69631366456476, 20.966319405235982], [85.69640349609317, 20.966319405235982], [85.69640349609317, 20.966409236764395], [85.69658315915, 20.966409236764395], [85.69658315915, 20.96649906829281], [85.69649332762158, 20.96649906829281], [85.69649332762158, 20.966588899821218], [85.69640349609317, 20.966588899821218], [85.69640349609317, 20.96649906829281], [85.69631366456476, 20.96649906829281], [85.69631366456476, 20.966858394406454], [85.69613400150794, 20.966858394406454], [85.69613400150794, 20.966948225934868], [85.69622383303634, 20.966948225934868], [85.69622383303634, 20.967217720520104], [85.69631366456476, 20.967217720520104], [85.69631366456476, 20.967307552048513], [85.69613400150794, 20.967307552048513], [85.69613400150794, 20.967397383576927], [85.69631366456476, 20.967397383576927], [85.69631366456476, 20.96748721510534], [85.69613400150794, 20.96748721510534], [85.69613400150794, 20.967397383576927], [85.69604416997953, 20.967397383576927], [85.69604416997953, 20.96748721510534], [85.69595433845112, 20.96748721510534], [85.69595433845112, 20.967397383576927], [85.69568484386588, 20.967397383576927], [85.69568484386588, 20.967217720520104], [85.69550518080905, 20.967217720520104], [85.69550518080905, 20.96703805746328], [85.69496619163858, 20.96703805746328], [85.69496619163858, 20.967217720520104], [85.69433737093969, 20.967217720520104], [85.69433737093969, 20.96703805746328], [85.69424753941128, 20.96703805746328], [85.69424753941128, 20.96712788899169], [85.69415770788288, 20.96712788899169], [85.69415770788288, 20.966858394406454], [85.69460686552493, 20.966858394406454], [85.69460686552493, 20.966768562878045], [85.69469669705335, 20.966768562878045], [85.69469669705335, 20.96667873134963], [85.69514585469541, 20.96667873134963], [85.69514585469541, 20.96649906829281], [85.69577467539429, 20.96649906829281], [85.69577467539429, 20.966319405235982], [85.69595433845112, 20.966319405235982], [85.69595433845112, 20.96613974217916], [85.69613400150794, 20.96613974217916], [85.69613400150794, 20.96604991065075]]]}, "id": "+3740+2209", "properties": {"area_ha": 1.686379201724711, "centroid_lat": 20.966831842640904, "centroid_lon": 85.69554563067442, "cluster_id": 3, "n_pixels": 169, "perim_m": 996.9213075487365, "profile_A00_p50": 0.011235239387247112, "profile_A01_p50": -0.0944170190952198, "profile_A02_p50": 0.15850057670126871, "profile_A03_p50": 0.003564437970167429, "profile_A04_p50": -0.07205670402902237, "profile_A05_p50": 0.03257106241189286, "profile_A06_p50": -0.07272943763834964, "profile_A07_p50": 0.10985119683312686, "profile_A08_p50": -0.08651845985622647, "profile_A09_p50": 0.0600430883561467, "profile_A10_p50": 0.11400921607631402, "profile_A11_p50": 0.0111920030757401, "profile_A12_p50": -0.3221313230657005, "profile_A13_p50": 0.019024102708091968, "profile_A14_p50": -0.0053916421760631964, "profile_A15_p50": 0.11957411150282209, "profile_A16_p50": -0.07479604942143117, "profile_A17_p50": 0.03803665256952454, "profile_A18_p50": -0.1256803354945045, "profile_A19_p50": -0.01656259063652981, "profile_A20_p50": -0.2722795908059495, "profile_A21_p50": 0.3556452512654423, "profile_A22_p50": 0.17115688105307483, "profile_A23_p50": -0.019990446564841027, "profile_A24_p50": 0.04197593000361166, "profile_A25_p50": 0.09420353859861756, "profile_A26_p50": 0.10178905549147761, "profile_A27_p50": -0.03082037911668791, "profile_A28_p50": -0.0756967453399347, "profile_A29_p50": 0.1908586644815521, "profile_A30_p50": 0.08309282754496135, "profile_A31_p50": 0.06689427143406382, "profile_A32_p50": -0.05181669045714686, "profile_A33_p50": -0.016104732755643374, "profile_A34_p50": 0.049864714440127626, "profile_A35_p50": 0.018629112259767138, "profile_A36_p50": -0.21195628055143625, "profile_A37_p50": 0.09047097270280662, "profile_A38_p50": 0.17544807340384294, "profile_A39_p50": -0.059400418326222906, "profile_A40_p50": 0.08742905150440715, "profile_A41_p50": 0.05032945124855639, "profile_A42_p50": -0.15373454599345476, "profile_A43_p50": 0.3164389764620445, "profile_A44_p50": 0.032788414712290145, "profile_A45_p50": 0.06788945230226325, "profile_A46_p50": 0.012293733179546327, "profile_A47_p50": 0.0634588854602597, "profile_A48_p50": -0.11581008419281325, "profile_A49_p50": 0.036267982797314094, "profile_A50_p50": -0.012156496585562329, "profile_A51_p50": 0.07320562343524893, "profile_A52_p50": -0.014181711833384267, "profile_A53_p50": -0.03801164060014577, "profile_A54_p50": 0.19885668933227743, "profile_A55_p50": -0.09414380413701337, "profile_A56_p50": -0.020010342445014827, "profile_A57_p50": -0.02485003959024507, "profile_A58_p50": -0.10019566862430729, "profile_A59_p50": -0.12456524525126902, "profile_A60_p50": -0.01524541842880943, "profile_A61_p50": -0.04454317190444322, "profile_A62_p50": 0.0748096885813149, "profile_A63_p50": 0.08887335484798001, "unit_id": 72}}, {"type": "Feature", "geometry": {"type": "Polygon", "coordinates": [[[85.69451703399652, 20.96667873134963], [85.69469669705335, 20.96667873134963], [85.69469669705335, 20.966768562878045], [85.69460686552493, 20.966768562878045], [85.69460686552493, 20.966858394406454], [85.69406787635447, 20.966858394406454], [85.69406787635447, 20.966768562878045], [85.69415770788288, 20.966768562878045], [85.69415770788288, 20.96667873134963], [85.6944272024681, 20.96667873134963], [85.6944272024681, 20.966768562878045], [85.69451703399652, 20.966768562878045], [85.69451703399652, 20.96667873134963]]]}, "id": "+3722+2202", "properties": {"area_ha": 0.10248724789300079, "centroid_lat": 20.96677264559035, "centroid_lon": 85.69437411986581, "cluster_id": 0, "n_pixels": 10, "perim_m": 190.4613884991036, "profile_A00_p50": 0.0649371420336406, "profile_A01_p50": -0.11083470436988313, "profile_A02_p50": 0.14346318026817326, "profile_A03_p50": 0.017083394032160377, "profile_A04_p50": -0.04637003445213128, "profile_A05_p50": -0.008794838739899412, "profile_A06_p50": -0.0697901490985032, "profile_A07_p50": 0.14752746069232994, "profile_A08_p50": -0.09809832530559248, "profile_A09_p50": 0.07865185688890315, "profile_A10_p50": 0.09278434321793148, "profile_A11_p50": 0.06399534700652354, "profile_A12_p50": -0.33706718023658716, "profile_A13_p50": 0.01611334574977108, "profile_A14_p50": -0.02196162797008433, "profile_A15_p50": 0.09865446239857459, "profile_A16_p50": -0.05517367445062648, "profile_A17_p50": 0.020527785675845137, "profile_A18_p50": -0.09320158952852851, "profile_A19_p50": 0.020520659200231755, "profile_A20_p50": -0.27787778199771523, "profile_A21_p50": 0.32710390879651796, "profile_A22_p50": 0.2647713197795599, "profile_A23_p50": -0.05124733800254931, "profile_A24_p50": 0.04592356057259676, "profile_A25_p50": 0.07127039448964882, "profile_A26_p50": 0.11083555905543434, "profile_A27_p50": -0.00047438936866183194, "profile_A28_p50": -0.054212923916086175, "profile_A29_p50": 0.19997662502461896, "profile_A30_p50": 0.06685909016728205, "profile_A31_p50": 0.04931597988423994, "profile_A32_p50": 0.0009931171883571953, "profile_A33_p50": -0.02295085841310662, "profile_A34_p50": 0.04590102399843765, "profile_A35_p50": -0.01855274223737954, "profile_A36_p50": -0.1805969336689741, "profile_A37_p50": 0.038133652209125644, "profile_A38_p50": 0.16465066993068045, "profile_A39_p50": -0.11432195461265213, "profile_A40_p50": 0.05424624345228753, "profile_A41_p50": 0.04933324400612502, "profile_A42_p50": -0.1470229052963256, "profile_A43_p50": 0.36170676065249535, "profile_A44_p50": 0.04735946919384751, "profile_A45_p50": 0.053694415358164035, "profile_A46_p50": -0.020978501530891636, "profile_A47_p50": 0.053738594365539405, "profile_A48_p50": -0.1098768476153089, "profile_A49_p50": 0.05952449153421575, "profile_A50_p50": -0.06982160993676202, "profile_A51_p50": 0.010225107035864925, "profile_A52_p50": -0.01613335808612833, "profile_A53_p50": -0.051767402203102525, "profile_A54_p50": 0.19289055487643264, "profile_A55_p50": -0.12261130834785652, "profile_A56_p50": -0.03467205053136565, "profile_A57_p50": -0.03366955729954787, "profile_A58_p50": -0.10597195248497535, "profile_A59_p50": -0.13033228323719942, "profile_A60_p50": 0.02200174954063654, "profile_A61_p50": -0.0717687835809173, "profile_A62_p50": 0.04784828368557889, "profile_A63_p50": 0.07373148958241554, "unit_id": 73}}, {"type": "Feature", "geometry": {"type": "Polygon", "coordinates": [[[85.69703231679206, 20.965780416065513], [85.69712214832047, 20.965780416065513], [85.69712214832047, 20.96613974217916], [85.69694248526365, 20.96613974217916], [85.69694248526365, 20.966229573707572], [85.69712214832047, 20.966229573707572], [85.69712214832047, 20.966319405235982], [85.69658315915, 20.966319405235982], [85.69658315915, 20.96613974217916], [85.69667299067841, 20.96613974217916], [85.69667299067841, 20.965960079122336], [85.69685265373523, 20.965960079122336], [85.69685265373523, 20.965870247593923], [85.69703231679206, 20.965870247593923], [85.69703231679206, 20.965780416065513]]]}, "id": "+3749+2212", "properties": {"area_ha": 0.22360946413772545, "centroid_lat": 20.966102313792117, "centroid_lon": 85.69688259781766, "cluster_id": 3, "n_pixels": 22, "perim_m": 268.8207242815312, "profile_A00_p50": 0.011235239387247112, "profile_A01_p50": -0.0944170190952198, "profile_A02_p50": 0.15850057670126871, "profile_A03_p50": 0.003564437970167429, "profile_A04_p50": -0.07205670402902237, "profile_A05_p50": 0.03257106241189286, "profile_A06_p50": -0.07272943763834964, "profile_A07_p50": 0.10985119683312686, "profile_A08_p50": -0.08651845985622647, "profile_A09_p50": 0.0600430883561467, "profile_A10_p50": 0.11400921607631402, "profile_A11_p50": 0.0111920030757401, "profile_A12_p50": -0.3221313230657005, "profile_A13_p50": 0.019024102708091968, "profile_A14_p50": -0.0053916421760631964, "profile_A15_p50": 0.11957411150282209, "profile_A16_p50": -0.07479604942143117, "profile_A17_p50": 0.03803665256952454, "profile_A18_p50": -0.1256803354945045, "profile_A19_p50": -0.01656259063652981, "profile_A20_p50": -0.2722795908059495, "profile_A21_p50": 0.3556452512654423, "profile_A22_p50": 0.17115688105307483, "profile_A23_p50": -0.019990446564841027, "profile_A24_p50": 0.04197593000361166, "profile_A25_p50": 0.09420353859861756, "profile_A26_p50": 0.10178905549147761, "profile_A27_p50": -0.03082037911668791, "profile_A28_p50": -0.0756967453399347, "profile_A29_p50": 0.1908586644815521, "profile_A30_p50": 0.08309282754496135, "profile_A31_p50": 0.06689427143406382, "profile_A32_p50": -0.05181669045714686, "profile_A33_p50": -0.016104732755643374, "profile_A34_p50": 0.049864714440127626, "profile_A35_p50": 0.018629112259767138, "profile_A36_p50": -0.21195628055143625, "profile_A37_p50": 0.09047097270280662, "profile_A38_p50": 0.17544807340384294, "profile_A39_p50": -0.059400418326222906, "profile_A40_p50": 0.08742905150440715, "profile_A41_p50": 0.05032945124855639, "profile_A42_p50": -0.15373454599345476, "profile_A43_p50": 0.3164389764620445, "profile_A44_p50": 0.032788414712290145, "profile_A45_p50": 0.06788945230226325, "profile_A46_p50": 0.012293733179546327, "profile_A47_p50": 0.0634588854602597, "profile_A48_p50": -0.11581008419281325, "profile_A49_p50": 0.036267982797314094, "profile_A50_p50": -0.012156496585562329, "profile_A51_p50": 0.07320562343524893, "profile_A52_p50": -0.014181711833384267, "profile_A53_p50": -0.03801164060014577, "profile_A54_p50": 0.19885668933227743, "profile_A55_p50": -0.09414380413701337, "profile_A56_p50": -0.020010342445014827, "profile_A57_p50": -0.02485003959024507, "profile_A58_p50": -0.10019566862430729, "profile_A59_p50": -0.12456524525126902, "profile_A60_p50": -0.01524541842880943, "profile_A61_p50": -0.04454317190444322, "profile_A62_p50": 0.0748096885813149, "profile_A63_p50": 0.08887335484798001, "unit_id": 74}}, {"type": "Feature", "geometry": {"type": "Polygon", "coordinates": [[[85.69595433845112, 20.96533125842345], [85.69613400150794, 20.96533125842345], [85.69613400150794, 20.965421089951864], [85.69631366456476, 20.965421089951864], [85.69631366456476, 20.9656905845371], [85.69622383303634, 20.9656905845371], [85.69622383303634, 20.965600753008687], [85.69613400150794, 20.965600753008687], [85.69613400150794, 20.9656905845371], [85.69604416997953, 20.9656905845371], [85.69604416997953, 20.965780416065513], [85.6958645069227, 20.965780416065513], [85.6958645069227, 20.9656905845371], [85.69577467539429, 20.9656905845371], [85.69577467539429, 20.965780416065513], [85.69550518080905, 20.965780416065513], [85.69550518080905, 20.965870247593923], [85.69532551775222, 20.965870247593923], [85.69532551775222, 20.965960079122336], [85.69523568622381, 20.965960079122336], [85.69523568622381, 20.96604991065075], [85.69514585469541, 20.96604991065075], [85.69514585469541, 20.96613974217916], [85.69496619163858, 20.96613974217916], [85.69496619163858, 20.966229573707572], [85.695056023167, 20.966229573707572], [85.695056023167, 20.966409236764395], [85.69514585469541, 20.966409236764395], [85.69514585469541, 20.966319405235982], [85.69523568622381, 20.966319405235982], [85.69523568622381, 20.966409236764395], [85.69532551775222, 20.966409236764395], [85.69532551775222, 20.966319405235982], [85.69577467539429, 20.966319405235982], [85.69577467539429, 20.96649906829281], [85.69514585469541, 20.96649906829281], [85.69514585469541, 20.96667873134963], [85.69478652858176, 20.96667873134963], [85.69478652858176, 20.96649906829281], [85.695056023167, 20.96649906829281], [85.695056023167, 20.966409236764395], [85.69496619163858, 20.966409236764395], [85.69496619163858, 20.966229573707572], [85.69487636011017, 20.966229573707572], [85.69487636011017, 20.966319405235982], [85.69469669705335, 20.966319405235982], [85.69469669705335, 20.966409236764395], [85.69460686552493, 20.966409236764395], [85.69460686552493, 20.966319405235982], [85.69469669705335, 20.966319405235982], [85.69469669705335, 20.966229573707572], [85.69478652858176, 20.966229573707572], [85.69478652858176, 20.96613974217916], [85.69496619163858, 20.96613974217916], [85.69496619163858, 20.96604991065075], [85.695056023167, 20.96604991065075], [85.695056023167, 20.965960079122336], [85.69514585469541, 20.965960079122336], [85.69514585469541, 20.965870247593923], [85.69523568622381, 20.965870247593923], [85.69523568622381, 20.965780416065513], [85.69532551775222, 20.965780416065513], [85.69532551775222, 20.9656905845371], [85.69550518080905, 20.9656905845371], [85.69550518080905, 20.965600753008687], [85.69559501233746, 20.965600753008687], [85.69559501233746, 20.965510921480277], [85.69577467539429, 20.965510921480277], [85.69577467539429, 20.965421089951864], [85.69595433845112, 20.965421089951864], [85.69595433845112, 20.96533125842345]]]}, "id": "+3738+2217", "properties": {"area_ha": 0.6428775707846123, "centroid_lat": 20.96598937123195, "centroid_lon": 85.69550192767927, "cluster_id": 0, "n_pixels": 64, "perim_m": 996.9243481543793, "profile_A00_p50": 0.0649371420336406, "profile_A01_p50": -0.11083470436988313, "profile_A02_p50": 0.14346318026817326, "profile_A03_p50": 0.017083394032160377, "profile_A04_p50": -0.04637003445213128, "profile_A05_p50": -0.008794838739899412, "profile_A06_p50": -0.0697901490985032, "profile_A07_p50": 0.14752746069232994, "profile_A08_p50": -0.09809832530559248, "profile_A09_p50": 0.07865185688890315, "profile_A10_p50": 0.09278434321793148, "profile_A11_p50": 0.06399534700652354, "profile_A12_p50": -0.33706718023658716, "profile_A13_p50": 0.01611334574977108, "profile_A14_p50": -0.02196162797008433, "profile_A15_p50": 0.09865446239857459, "profile_A16_p50": -0.05517367445062648, "profile_A17_p50": 0.020527785675845137, "profile_A18_p50": -0.09320158952852851, "profile_A19_p50": 0.020520659200231755, "profile_A20_p50": -0.27787778199771523, "profile_A21_p50": 0.32710390879651796, "profile_A22_p50": 0.2647713197795599, "profile_A23_p50": -0.05124733800254931, "profile_A24_p50": 0.04592356057259676, "profile_A25_p50": 0.07127039448964882, "profile_A26_p50": 0.11083555905543434, "profile_A27_p50": -0.00047438936866183194, "profile_A28_p50": -0.054212923916086175, "profile_A29_p50": 0.19997662502461896, "profile_A30_p50": 0.06685909016728205, "profile_A31_p50": 0.04931597988423994, "profile_A32_p50": 0.0009931171883571953, "profile_A33_p50": -0.02295085841310662, "profile_A34_p50": 0.04590102399843765, "profile_A35_p50": -0.01855274223737954, "profile_A36_p50": -0.1805969336689741, "profile_A37_p50": 0.038133652209125644, "profile_A38_p50": 0.16465066993068045, "profile_A39_p50": -0.11432195461265213, "profile_A40_p50": 0.05424624345228753, "profile_A41_p50": 0.04933324400612502, "profile_A42_p50": -0.1470229052963256, "profile_A43_p50": 0.36170676065249535, "profile_A44_p50": 0.04735946919384751, "profile_A45_p50": 0.053694415358164035, "profile_A46_p50": -0.020978501530891636, "profile_A47_p50": 0.053738594365539405, "profile_A48_p50": -0.1098768476153089, "profile_A49_p50": 0.05952449153421575, "profile_A50_p50": -0.06982160993676202, "profile_A51_p50": 0.010225107035864925, "profile_A52_p50": -0.01613335808612833, "profile_A53_p50": -0.051767402203102525, "profile_A54_p50": 0.19289055487643264, "profile_A55_p50": -0.12261130834785652, "profile_A56_p50": -0.03467205053136565, "profile_A57_p50": -0.03366955729954787, "profile_A58_p50": -0.10597195248497535, "profile_A59_p50": -0.13033228323719942, "profile_A60_p50": 0.02200174954063654, "profile_A61_p50": -0.0717687835809173, "profile_A62_p50": 0.04784828368557889, "profile_A63_p50": 0.07373148958241554, "unit_id": 75}}, {"type": "Feature", "geometry": {"type": "Polygon", "coordinates": [[[85.69766113749094, 20.965421089951864], [85.69775096901935, 20.965421089951864], [85.69775096901935, 20.965510921480277], [85.69784080054777, 20.965510921480277], [85.69784080054777, 20.96613974217916], [85.69775096901935, 20.96613974217916], [85.69775096901935, 20.96604991065075], [85.69766113749094, 20.96604991065075], [85.69766113749094, 20.965960079122336], [85.69730181137729, 20.965960079122336], [85.69730181137729, 20.9656905845371], [85.6973916429057, 20.9656905845371], [85.6973916429057, 20.965600753008687], [85.69766113749094, 20.965600753008687], [85.69766113749094, 20.965421089951864]]]}, "id": "+3756+2216", "properties": {"area_ha": 0.2701952597694554, "centroid_lat": 20.965785063142373, "centroid_lon": 85.69761622258225, "cluster_id": 3, "n_pixels": 27, "perim_m": 271.2365525330007, "profile_A00_p50": 0.011235239387247112, "profile_A01_p50": -0.0944170190952198, "profile_A02_p50": 0.15850057670126871, "profile_A03_p50": 0.003564437970167429, "profile_A04_p50": -0.07205670402902237, "profile_A05_p50": 0.03257106241189286, "profile_A06_p50": -0.07272943763834964, "profile_A07_p50": 0.10985119683312686, "profile_A08_p50": -0.08651845985622647, "profile_A09_p50": 0.0600430883561467, "profile_A10_p50": 0.11400921607631402, "profile_A11_p50": 0.0111920030757401, "profile_A12_p50": -0.3221313230657005, "profile_A13_p50": 0.019024102708091968, "profile_A14_p50": -0.0053916421760631964, "profile_A15_p50": 0.11957411150282209, "profile_A16_p50": -0.07479604942143117, "profile_A17_p50": 0.03803665256952454, "profile_A18_p50": -0.1256803354945045, "profile_A19_p50": -0.01656259063652981, "profile_A20_p50": -0.2722795908059495, "profile_A21_p50": 0.3556452512654423, "profile_A22_p50": 0.17115688105307483, "profile_A23_p50": -0.019990446564841027, "profile_A24_p50": 0.04197593000361166, "profile_A25_p50": 0.09420353859861756, "profile_A26_p50": 0.10178905549147761, "profile_A27_p50": -0.03082037911668791, "profile_A28_p50": -0.0756967453399347, "profile_A29_p50": 0.1908586644815521, "profile_A30_p50": 0.08309282754496135, "profile_A31_p50": 0.06689427143406382, "profile_A32_p50": -0.05181669045714686, "profile_A33_p50": -0.016104732755643374, "profile_A34_p50": 0.049864714440127626, "profile_A35_p50": 0.018629112259767138, "profile_A36_p50": -0.21195628055143625, "profile_A37_p50": 0.09047097270280662, "profile_A38_p50": 0.17544807340384294, "profile_A39_p50": -0.059400418326222906, "profile_A40_p50": 0.08742905150440715, "profile_A41_p50": 0.05032945124855639, "profile_A42_p50": -0.15373454599345476, "profile_A43_p50": 0.3164389764620445, "profile_A44_p50": 0.032788414712290145, "profile_A45_p50": 0.06788945230226325, "profile_A46_p50": 0.012293733179546327, "profile_A47_p50": 0.0634588854602597, "profile_A48_p50": -0.11581008419281325, "profile_A49_p50": 0.036267982797314094, "profile_A50_p50": -0.012156496585562329, "profile_A51_p50": 0.07320562343524893, "profile_A52_p50": -0.014181711833384267, "profile_A53_p50": -0.03801164060014577, "profile_A54_p50": 0.19885668933227743, "profile_A55_p50": -0.09414380413701337, "profile_A56_p50": -0.020010342445014827, "profile_A57_p50": -0.02485003959024507, "profile_A58_p50": -0.10019566862430729, "profile_A59_p50": -0.12456524525126902, "profile_A60_p50": -0.01524541842880943, "profile_A61_p50": -0.04454317190444322, "profile_A62_p50": 0.0748096885813149, "profile_A63_p50": 0.08887335484798001, "unit_id": 76}}, {"type": "Feature", "geometry": {"type": "Polygon", "coordinates": [[[85.69748147443411, 20.96524142689504], [85.69757130596253, 20.96524142689504], [85.69757130596253, 20.965421089951864], [85.69766113749094, 20.965421089951864], [85.69766113749094, 20.965600753008687], [85.69730181137729, 20.965600753008687], [85.69730181137729, 20.965421089951864], [85.69748147443411, 20.965421089951864], [85.69748147443411, 20.96524142689504]]]}, "id": "+3754+2218", "properties": {"area_ha": 0.09317098934810146, "centroid_lat": 20.965474989404008, "centroid_lon": 85.69749045717134, "cluster_id": 0, "n_pixels": 9, "perim_m": 154.30232332071714, "profile_A00_p50": 0.0649371420336406, "profile_A01_p50": -0.11083470436988313, "profile_A02_p50": 0.14346318026817326, "profile_A03_p50": 0.017083394032160377, "profile_A04_p50": -0.04637003445213128, "profile_A05_p50": -0.008794838739899412, "profile_A06_p50": -0.0697901490985032, "profile_A07_p50": 0.14752746069232994, "profile_A08_p50": -0.09809832530559248, "profile_A09_p50": 0.07865185688890315, "profile_A10_p50": 0.09278434321793148, "profile_A11_p50": 0.06399534700652354, "profile_A12_p50": -0.33706718023658716, "profile_A13_p50": 0.01611334574977108, "profile_A14_p50": -0.02196162797008433, "profile_A15_p50": 0.09865446239857459, "profile_A16_p50": -0.05517367445062648, "profile_A17_p50": 0.020527785675845137, "profile_A18_p50": -0.09320158952852851, "profile_A19_p50": 0.020520659200231755, "profile_A20_p50": -0.27787778199771523, "profile_A21_p50": 0.32710390879651796, "profile_A22_p50": 0.2647713197795599, "profile_A23_p50": -0.05124733800254931, "profile_A24_p50": 0.04592356057259676, "profile_A25_p50": 0.07127039448964882, "profile_A26_p50": 0.11083555905543434, "profile_A27_p50": -0.00047438936866183194, "profile_A28_p50": -0.054212923916086175, "profile_A29_p50": 0.19997662502461896, "profile_A30_p50": 0.06685909016728205, "profile_A31_p50": 0.04931597988423994, "profile_A32_p50": 0.0009931171883571953, "profile_A33_p50": -0.02295085841310662, "profile_A34_p50": 0.04590102399843765, "profile_A35_p50": -0.01855274223737954, "profile_A36_p50": -0.1805969336689741, "profile_A37_p50": 0.038133652209125644, "profile_A38_p50": 0.16465066993068045, "profile_A39_p50": -0.11432195461265213, "profile_A40_p50": 0.05424624345228753, "profile_A41_p50": 0.04933324400612502, "profile_A42_p50": -0.1470229052963256, "profile_A43_p50": 0.36170676065249535, "profile_A44_p50": 0.04735946919384751, "profile_A45_p50": 0.053694415358164035, "profile_A46_p50": -0.020978501530891636, "profile_A47_p50": 0.053738594365539405, "profile_A48_p50": -0.1098768476153089, "profile_A49_p50": 0.05952449153421575, "profile_A50_p50": -0.06982160993676202, "profile_A51_p50": 0.010225107035864925, "profile_A52_p50": -0.01613335808612833, "profile_A53_p50": -0.051767402203102525, "profile_A54_p50": 0.19289055487643264, "profile_A55_p50": -0.12261130834785652, "profile_A56_p50": -0.03467205053136565, "profile_A57_p50": -0.03366955729954787, "profile_A58_p50": -0.10597195248497535, "profile_A59_p50": -0.13033228323719942, "profile_A60_p50": 0.02200174954063654, "profile_A61_p50": -0.0717687835809173, "profile_A62_p50": 0.04784828368557889, "profile_A63_p50": 0.07373148958241554, "unit_id": 77}}, {"type": "Feature", "geometry": {"type": "Polygon", "coordinates": [[[85.69649332762158, 20.965151595366628], [85.69694248526365, 20.965151595366628], [85.69694248526365, 20.96524142689504], [85.69676282220682, 20.96524142689504], [85.69676282220682, 20.96533125842345], [85.69667299067841, 20.96533125842345], [85.69667299067841, 20.96524142689504], [85.69649332762158, 20.96524142689504], [85.69649332762158, 20.965151595366628]]]}, "id": "+3747+2219", "properties": {"area_ha": 0.0559026350198677, "centroid_lat": 20.965211486178607, "centroid_lon": 85.69671790589904, "cluster_id": 0, "n_pixels": 6, "perim_m": 133.20315308207083, "profile_A00_p50": 0.0649371420336406, "profile_A01_p50": -0.11083470436988313, "profile_A02_p50": 0.14346318026817326, "profile_A03_p50": 0.017083394032160377, "profile_A04_p50": -0.04637003445213128, "profile_A05_p50": -0.008794838739899412, "profile_A06_p50": -0.0697901490985032, "profile_A07_p50": 0.14752746069232994, "profile_A08_p50": -0.09809832530559248, "profile_A09_p50": 0.07865185688890315, "profile_A10_p50": 0.09278434321793148, "profile_A11_p50": 0.06399534700652354, "profile_A12_p50": -0.33706718023658716, "profile_A13_p50": 0.01611334574977108, "profile_A14_p50": -0.02196162797008433, "profile_A15_p50": 0.09865446239857459, "profile_A16_p50": -0.05517367445062648, "profile_A17_p50": 0.020527785675845137, "profile_A18_p50": -0.09320158952852851, "profile_A19_p50": 0.020520659200231755, "profile_A20_p50": -0.27787778199771523, "profile_A21_p50": 0.32710390879651796, "profile_A22_p50": 0.2647713197795599, "profile_A23_p50": -0.05124733800254931, "profile_A24_p50": 0.04592356057259676, "profile_A25_p50": 0.07127039448964882, "profile_A26_p50": 0.11083555905543434, "profile_A27_p50": -0.00047438936866183194, "profile_A28_p50": -0.054212923916086175, "profile_A29_p50": 0.19997662502461896, "profile_A30_p50": 0.06685909016728205, "profile_A31_p50": 0.04931597988423994, "profile_A32_p50": 0.0009931171883571953, "profile_A33_p50": -0.02295085841310662, "profile_A34_p50": 0.04590102399843765, "profile_A35_p50": -0.01855274223737954, "profile_A36_p50": -0.1805969336689741, "profile_A37_p50": 0.038133652209125644, "profile_A38_p50": 0.16465066993068045, "profile_A39_p50": -0.11432195461265213, "profile_A40_p50": 0.05424624345228753, "profile_A41_p50": 0.04933324400612502, "profile_A42_p50": -0.1470229052963256, "profile_A43_p50": 0.36170676065249535, "profile_A44_p50": 0.04735946919384751, "profile_A45_p50": 0.053694415358164035, "profile_A46_p50": -0.020978501530891636, "profile_A47_p50": 0.053738594365539405, "profile_A48_p50": -0.1098768476153089, "profile_A49_p50": 0.05952449153421575, "profile_A50_p50": -0.06982160993676202, "profile_A51_p50": 0.010225107035864925, "profile_A52_p50": -0.01613335808612833, "profile_A53_p50": -0.051767402203102525, "profile_A54_p50": 0.19289055487643264, "profile_A55_p50": -0.12261130834785652, "profile_A56_p50": -0.03467205053136565, "profile_A57_p50": -0.03366955729954787, "profile_A58_p50": -0.10597195248497535, "profile_A59_p50": -0.13033228323719942, "profile_A60_p50": 0.02200174954063654, "profile_A61_p50": -0.0717687835809173, "profile_A62_p50": 0.04784828368557889, "profile_A63_p50": 0.07373148958241554, "unit_id": 78}}, {"type": "Feature", "geometry": {"type": "Polygon", "coordinates": [[[85.66720824935929, 20.936405506274802], [85.6672980808877, 20.936405506274802], [85.6672980808877, 20.93676483238845], [85.66747774394453, 20.93676483238845], [85.66747774394453, 20.936854663916865], [85.66792690158658, 20.936854663916865], [85.66792690158658, 20.936944495445275], [85.66810656464341, 20.936944495445275], [85.66810656464341, 20.937034326973688], [85.66909471145594, 20.937034326973688], [85.66909471145594, 20.93721399003051], [85.66981336368323, 20.93721399003051], [85.66981336368323, 20.937303821558924], [85.6696337006264, 20.937303821558924], [85.6696337006264, 20.937393653087334], [85.6694540375696, 20.937393653087334], [85.6694540375696, 20.937483484615747], [85.66927437451277, 20.937483484615747], [85.66927437451277, 20.93757331614416], [85.66900487992753, 20.93757331614416], [85.66900487992753, 20.93766314767257], [85.66864555381387, 20.93766314767257], [85.66864555381387, 20.937752979200983], [85.66765740700134, 20.937752979200983], [85.66765740700134, 20.93766314767257], [85.66693875477405, 20.93766314767257], [85.66693875477405, 20.93757331614416], [85.66622010254676, 20.93757331614416], [85.66622010254676, 20.937483484615747], [85.66595060796152, 20.937483484615747], [85.66595060796152, 20.937393653087334], [85.6658607764331, 20.937393653087334], [85.6658607764331, 20.937483484615747], [85.6657709449047, 20.937483484615747], [85.6657709449047, 20.937393653087334], [85.6658607764331, 20.937393653087334], [85.6658607764331, 20.937303821558924], [85.66622010254676, 20.937303821558924], [85.66622010254676, 20.937124158502098], [85.66639976560359, 20.937124158502098], [85.66639976560359, 20.937303821558924], [85.66693875477405, 20.937303821558924], [85.66693875477405, 20.937124158502098], [85.66711841783088, 20.937124158502098], [85.66711841783088, 20.937034326973688], [85.66693875477405, 20.937034326973688], [85.66693875477405, 20.93676483238845], [85.66711841783088, 20.93676483238845], [85.66711841783088, 20.93658516933163], [85.66720824935929, 20.93658516933163], [85.66720824935929, 20.936405506274802]]]}, "id": "+3417+2539", "properties": {"area_ha": 2.497452077432732, "centroid_lat": 20.93730751044464, "centroid_lon": 85.66782902487942, "cluster_id": 1, "n_pixels": 250, "perim_m": 1236.3578107915728, "profile_A00_p50": 0.05322490089061294, "profile_A01_p50": -0.06588960226698776, "profile_A02_p50": 0.1529994411706668, "profile_A03_p50": 0.004396723212956731, "profile_A04_p50": -0.05832658226689369, "profile_A05_p50": 0.015158496882656702, "profile_A06_p50": -0.058113267185035455, "profile_A07_p50": 0.11962914339116627, "profile_A08_p50": -0.09326266198422985, "profile_A09_p50": 0.08838273719580549, "profile_A10_p50": 0.0927738549931394, "profile_A11_p50": 0.07960371607931654, "profile_A12_p50": -0.3249897319335717, "profile_A13_p50": 0.0044190217192075195, "profile_A14_p50": 0.017099823624685245, "profile_A15_p50": 0.1264737837743902, "profile_A16_p50": -0.06398815698604657, "profile_A17_p50": 0.06009021031571071, "profile_A18_p50": -0.08835826261434147, "profile_A19_p50": -0.020495413132786598, "profile_A20_p50": -0.3432207421649957, "profile_A21_p50": 0.3462977910933563, "profile_A22_p50": 0.21781800919039349, "profile_A23_p50": 0.002466081314448473, "profile_A24_p50": 0.044423011605003684, "profile_A25_p50": 0.07520972980020879, "profile_A26_p50": 0.10986634887067584, "profile_A27_p50": -0.02199335255392581, "profile_A28_p50": -0.042509549344215, "profile_A29_p50": 0.20140214272110038, "profile_A30_p50": 0.055171624942798744, "profile_A31_p50": 0.05227177289072206, "profile_A32_p50": 0.000957316000058114, "profile_A33_p50": 0.009267088127341096, "profile_A34_p50": 0.06397362739951426, "profile_A35_p50": 0.012661068372644, "profile_A36_p50": -0.15279506865085354, "profile_A37_p50": 0.03807606339089456, "profile_A38_p50": 0.15669696681405246, "profile_A39_p50": -0.0595711700946848, "profile_A40_p50": 0.08346119692206716, "profile_A41_p50": 0.08642988587394283, "profile_A42_p50": -0.15870285279429833, "profile_A43_p50": 0.33118419251225517, "profile_A44_p50": 0.05520752142849134, "profile_A45_p50": 0.0532128036651257, "profile_A46_p50": -0.01712322146126869, "profile_A47_p50": 0.02200723127549733, "profile_A48_p50": -0.11667718980753906, "profile_A49_p50": 0.08543167339345949, "profile_A50_p50": -0.046326086499873464, "profile_A51_p50": 0.03856258647140974, "profile_A52_p50": -0.022948844816816024, "profile_A53_p50": -0.06591446047458382, "profile_A54_p50": 0.19317842710817879, "profile_A55_p50": -0.11961082210177881, "profile_A56_p50": -0.0014382150342833156, "profile_A57_p50": -0.04930843751849643, "profile_A58_p50": -0.13624692489672033, "profile_A59_p50": -0.16067235778065347, "profile_A60_p50": -0.024889585453966214, "profile_A61_p50": -0.04440479733645213, "profile_A62_p50": 0.04593597650644479, "profile_A63_p50": 0.08937991613072041, "unit_id": 79}}, {"type": "Feature", "geometry": {"type": "Polygon", "coordinates": [[[85.66595060796152, 20.937124158502098], [85.66604043948993, 20.937124158502098], [85.66604043948993, 20.93721399003051], [85.66622010254676, 20.93721399003051], [85.66622010254676, 20.937303821558924], [85.66595060796152, 20.937303821558924], [85.66595060796152, 20.937124158502098]]]}, "id": "+3403+2531", "properties": {"area_ha": 0.037275427835111535, "centroid_lat": 20.937236449870614, "centroid_lon": 85.66606289801943, "cluster_id": 3, "n_pixels": 4, "perim_m": 95.84548711692753, "profile_A00_p50": 0.011235239387247112, "profile_A01_p50": -0.0944170190952198, "profile_A02_p50": 0.15850057670126871, "profile_A03_p50": 0.003564437970167429, "profile_A04_p50": -0.07205670402902237, "profile_A05_p50": 0.03257106241189286, "profile_A06_p50": -0.07272943763834964, "profile_A07_p50": 0.10985119683312686, "profile_A08_p50": -0.08651845985622647, "profile_A09_p50": 0.0600430883561467, "profile_A10_p50": 0.11400921607631402, "profile_A11_p50": 0.0111920030757401, "profile_A12_p50": -0.3221313230657005, "profile_A13_p50": 0.019024102708091968, "profile_A14_p50": -0.0053916421760631964, "profile_A15_p50": 0.11957411150282209, "profile_A16_p50": -0.07479604942143117, "profile_A17_p50": 0.03803665256952454, "profile_A18_p50": -0.1256803354945045, "profile_A19_p50": -0.01656259063652981, "profile_A20_p50": -0.2722795908059495, "profile_A21_p50": 0.3556452512654423, "profile_A22_p50": 0.17115688105307483, "profile_A23_p50": -0.019990446564841027, "profile_A24_p50": 0.04197593000361166, "profile_A25_p50": 0.09420353859861756, "profile_A26_p50": 0.10178905549147761, "profile_A27_p50": -0.03082037911668791, "profile_A28_p50": -0.0756967453399347, "profile_A29_p50": 0.1908586644815521, "profile_A30_p50": 0.08309282754496135, "profile_A31_p50": 0.06689427143406382, "profile_A32_p50": -0.05181669045714686, "profile_A33_p50": -0.016104732755643374, "profile_A34_p50": 0.049864714440127626, "profile_A35_p50": 0.018629112259767138, "profile_A36_p50": -0.21195628055143625, "profile_A37_p50": 0.09047097270280662, "profile_A38_p50": 0.17544807340384294, "profile_A39_p50": -0.059400418326222906, "profile_A40_p50": 0.08742905150440715, "profile_A41_p50": 0.05032945124855639, "profile_A42_p50": -0.15373454599345476, "profile_A43_p50": 0.3164389764620445, "profile_A44_p50": 0.032788414712290145, "profile_A45_p50": 0.06788945230226325, "profile_A46_p50": 0.012293733179546327, "profile_A47_p50": 0.0634588854602597, "profile_A48_p50": -0.11581008419281325, "profile_A49_p50": 0.036267982797314094, "profile_A50_p50": -0.012156496585562329, "profile_A51_p50": 0.07320562343524893, "profile_A52_p50": -0.014181711833384267, "profile_A53_p50": -0.03801164060014577, "profile_A54_p50": 0.19885668933227743, "profile_A55_p50": -0.09414380413701337, "profile_A56_p50": -0.020010342445014827, "profile_A57_p50": -0.02485003959024507, "profile_A58_p50": -0.10019566862430729, "profile_A59_p50": -0.12456524525126902, "profile_A60_p50": -0.01524541842880943, "profile_A61_p50": -0.04454317190444322, "profile_A62_p50": 0.0748096885813149, "profile_A63_p50": 0.08887335484798001, "unit_id": 80}}, {"type": "Feature", "geometry": {"type": "Polygon", "coordinates": [[[85.66442347197852, 20.937034326973688], [85.66451330350694, 20.937034326973688], [85.66451330350694, 20.937124158502098], [85.66487262962058, 20.937124158502098], [85.66487262962058, 20.937303821558924], [85.66451330350694, 20.937303821558924], [85.66451330350694, 20.93721399003051], [85.66442347197852, 20.93721399003051], [85.66442347197852, 20.937034326973688]]]}, "id": "+3386+2532", "properties": {"area_ha": 0.09318857645221315, "centroid_lat": 20.93719602420578, "centroid_lon": 85.66464805105412, "cluster_id": 1, "n_pixels": 9, "perim_m": 153.1119826436062, "profile_A00_p50": 0.05322490089061294, "profile_A01_p50": -0.06588960226698776, "profile_A02_p50": 0.1529994411706668, "profile_A03_p50": 0.004396723212956731, "profile_A04_p50": -0.05832658226689369, "profile_A05_p50": 0.015158496882656702, "profile_A06_p50": -0.058113267185035455, "profile_A07_p50": 0.11962914339116627, "profile_A08_p50": -0.09326266198422985, "profile_A09_p50": 0.08838273719580549, "profile_A10_p50": 0.0927738549931394, "profile_A11_p50": 0.07960371607931654, "profile_A12_p50": -0.3249897319335717, "profile_A13_p50": 0.0044190217192075195, "profile_A14_p50": 0.017099823624685245, "profile_A15_p50": 0.1264737837743902, "profile_A16_p50": -0.06398815698604657, "profile_A17_p50": 0.06009021031571071, "profile_A18_p50": -0.08835826261434147, "profile_A19_p50": -0.020495413132786598, "profile_A20_p50": -0.3432207421649957, "profile_A21_p50": 0.3462977910933563, "profile_A22_p50": 0.21781800919039349, "profile_A23_p50": 0.002466081314448473, "profile_A24_p50": 0.044423011605003684, "profile_A25_p50": 0.07520972980020879, "profile_A26_p50": 0.10986634887067584, "profile_A27_p50": -0.02199335255392581, "profile_A28_p50": -0.042509549344215, "profile_A29_p50": 0.20140214272110038, "profile_A30_p50": 0.055171624942798744, "profile_A31_p50": 0.05227177289072206, "profile_A32_p50": 0.000957316000058114, "profile_A33_p50": 0.009267088127341096, "profile_A34_p50": 0.06397362739951426, "profile_A35_p50": 0.012661068372644, "profile_A36_p50": -0.15279506865085354, "profile_A37_p50": 0.03807606339089456, "profile_A38_p50": 0.15669696681405246, "profile_A39_p50": -0.0595711700946848, "profile_A40_p50": 0.08346119692206716, "profile_A41_p50": 0.08642988587394283, "profile_A42_p50": -0.15870285279429833, "profile_A43_p50": 0.33118419251225517, "profile_A44_p50": 0.05520752142849134, "profile_A45_p50": 0.0532128036651257, "profile_A46_p50": -0.01712322146126869, "profile_A47_p50": 0.02200723127549733, "profile_A48_p50": -0.11667718980753906, "profile_A49_p50": 0.08543167339345949, "profile_A50_p50": -0.046326086499873464, "profile_A51_p50": 0.03856258647140974, "profile_A52_p50": -0.022948844816816024, "profile_A53_p50": -0.06591446047458382, "profile_A54_p50": 0.19317842710817879, "profile_A55_p50": -0.11961082210177881, "profile_A56_p50": -0.0014382150342833156, "profile_A57_p50": -0.04930843751849643, "profile_A58_p50": -0.13624692489672033, "profile_A59_p50": -0.16067235778065347, "profile_A60_p50": -0.024889585453966214, "profile_A61_p50": -0.04440479733645213, "profile_A62_p50": 0.04593597650644479, "profile_A63_p50": 0.08937991613072041, "unit_id": 81}}, {"type": "Feature", "geometry": {"type": "Polygon", "coordinates": [[[85.66460313503534, 20.93667500086004], [85.6650522926774, 20.93667500086004], [85.6650522926774, 20.93676483238845], [85.66460313503534, 20.93676483238845], [85.66460313503534, 20.93667500086004]]]}, "id": "+3392+2536", "properties": {"area_ha": 0.046594436364185726, "centroid_lat": 20.936719917094845, "centroid_lon": 85.66482771432078, "cluster_id": 3, "n_pixels": 5, "perim_m": 113.3291254331443, "profile_A00_p50": 0.011235239387247112, "profile_A01_p50": -0.0944170190952198, "profile_A02_p50": 0.15850057670126871, "profile_A03_p50": 0.003564437970167429, "profile_A04_p50": -0.07205670402902237, "profile_A05_p50": 0.03257106241189286, "profile_A06_p50": -0.07272943763834964, "profile_A07_p50": 0.10985119683312686, "profile_A08_p50": -0.08651845985622647, "profile_A09_p50": 0.0600430883561467, "profile_A10_p50": 0.11400921607631402, "profile_A11_p50": 0.0111920030757401, "profile_A12_p50": -0.3221313230657005, "profile_A13_p50": 0.019024102708091968, "profile_A14_p50": -0.0053916421760631964, "profile_A15_p50": 0.11957411150282209, "profile_A16_p50": -0.07479604942143117, "profile_A17_p50": 0.03803665256952454, "profile_A18_p50": -0.1256803354945045, "profile_A19_p50": -0.01656259063652981, "profile_A20_p50": -0.2722795908059495, "profile_A21_p50": 0.3556452512654423, "profile_A22_p50": 0.17115688105307483, "profile_A23_p50": -0.019990446564841027, "profile_A24_p50": 0.04197593000361166, "profile_A25_p50": 0.09420353859861756, "profile_A26_p50": 0.10178905549147761, "profile_A27_p50": -0.03082037911668791, "profile_A28_p50": -0.0756967453399347, "profile_A29_p50": 0.1908586644815521, "profile_A30_p50": 0.08309282754496135, "profile_A31_p50": 0.06689427143406382, "profile_A32_p50": -0.05181669045714686, "profile_A33_p50": -0.016104732755643374, "profile_A34_p50": 0.049864714440127626, "profile_A35_p50": 0.018629112259767138, "profile_A36_p50": -0.21195628055143625, "profile_A37_p50": 0.09047097270280662, "profile_A38_p50": 0.17544807340384294, "profile_A39_p50": -0.059400418326222906, "profile_A40_p50": 0.08742905150440715, "profile_A41_p50": 0.05032945124855639, "profile_A42_p50": -0.15373454599345476, "profile_A43_p50": 0.3164389764620445, "profile_A44_p50": 0.032788414712290145, "profile_A45_p50": 0.06788945230226325, "profile_A46_p50": 0.012293733179546327, "profile_A47_p50": 0.0634588854602597, "profile_A48_p50": -0.11581008419281325, "profile_A49_p50": 0.036267982797314094, "profile_A50_p50": -0.012156496585562329, "profile_A51_p50": 0.07320562343524893, "profile_A52_p50": -0.014181711833384267, "profile_A53_p50": -0.03801164060014577, "profile_A54_p50": 0.19885668933227743, "profile_A55_p50": -0.09414380413701337, "profile_A56_p50": -0.020010342445014827, "profile_A57_p50": -0.02485003959024507, "profile_A58_p50": -0.10019566862430729, "profile_A59_p50": -0.12456524525126902, "profile_A60_p50": -0.01524541842880943, "profile_A61_p50": -0.04454317190444322, "profile_A62_p50": 0.0748096885813149, "profile_A63_p50": 0.08887335484798001, "unit_id": 82}}, {"type": "Feature", "geometry": {"type": "Polygon", "coordinates": [[[85.66622010254676, 20.936405506274802], [85.66630993407517, 20.936405506274802], [85.66630993407517, 20.936495337803215], [85.66639976560359, 20.936495337803215], [85.66639976560359, 20.93658516933163], [85.66666926018881, 20.93658516933163], [85.66666926018881, 20.936495337803215], [85.66675909171722, 20.936495337803215], [85.66675909171722, 20.93658516933163], [85.66666926018881, 20.93658516933163], [85.66666926018881, 20.93667500086004], [85.6665794286604, 20.93667500086004], [85.6665794286604, 20.93676483238845], [85.666489597132, 20.93676483238845], [85.666489597132, 20.93667500086004], [85.66639976560359, 20.93667500086004], [85.66639976560359, 20.93658516933163], [85.66622010254676, 20.93658516933163], [85.66622010254676, 20.93667500086004], [85.66604043948993, 20.93667500086004], [85.66604043948993, 20.93658516933163], [85.66622010254676, 20.93658516933163], [85.66622010254676, 20.936405506274802]]]}, "id": "+3406+2539", "properties": {"area_ha": 0.09318894366936763, "centroid_lat": 20.936594153988626, "centroid_lon": 85.66639976559996, "cluster_id": 3, "n_pixels": 9, "perim_m": 268.84965002395353, "profile_A00_p50": 0.011235239387247112, "profile_A01_p50": -0.0944170190952198, "profile_A02_p50": 0.15850057670126871, "profile_A03_p50": 0.003564437970167429, "profile_A04_p50": -0.07205670402902237, "profile_A05_p50": 0.03257106241189286, "profile_A06_p50": -0.07272943763834964, "profile_A07_p50": 0.10985119683312686, "profile_A08_p50": -0.08651845985622647, "profile_A09_p50": 0.0600430883561467, "profile_A10_p50": 0.11400921607631402, "profile_A11_p50": 0.0111920030757401, "profile_A12_p50": -0.3221313230657005, "profile_A13_p50": 0.019024102708091968, "profile_A14_p50": -0.0053916421760631964, "profile_A15_p50": 0.11957411150282209, "profile_A16_p50": -0.07479604942143117, "profile_A17_p50": 0.03803665256952454, "profile_A18_p50": -0.1256803354945045, "profile_A19_p50": -0.01656259063652981, "profile_A20_p50": -0.2722795908059495, "profile_A21_p50": 0.3556452512654423, "profile_A22_p50": 0.17115688105307483, "profile_A23_p50": -0.019990446564841027, "profile_A24_p50": 0.04197593000361166, "profile_A25_p50": 0.09420353859861756, "profile_A26_p50": 0.10178905549147761, "profile_A27_p50": -0.03082037911668791, "profile_A28_p50": -0.0756967453399347, "profile_A29_p50": 0.1908586644815521, "profile_A30_p50": 0.08309282754496135, "profile_A31_p50": 0.06689427143406382, "profile_A32_p50": -0.05181669045714686, "profile_A33_p50": -0.016104732755643374, "profile_A34_p50": 0.049864714440127626, "profile_A35_p50": 0.018629112259767138, "profile_A36_p50": -0.21195628055143625, "profile_A37_p50": 0.09047097270280662, "profile_A38_p50": 0.17544807340384294, "profile_A39_p50": -0.059400418326222906, "profile_A40_p50": 0.08742905150440715, "profile_A41_p50": 0.05032945124855639, "profile_A42_p50": -0.15373454599345476, "profile_A43_p50": 0.3164389764620445, "profile_A44_p50": 0.032788414712290145, "profile_A45_p50": 0.06788945230226325, "profile_A46_p50": 0.012293733179546327, "profile_A47_p50": 0.0634588854602597, "profile_A48_p50": -0.11581008419281325, "profile_A49_p50": 0.036267982797314094, "profile_A50_p50": -0.012156496585562329, "profile_A51_p50": 0.07320562343524893, "profile_A52_p50": -0.014181711833384267, "profile_A53_p50": -0.03801164060014577, "profile_A54_p50": 0.19885668933227743, "profile_A55_p50": -0.09414380413701337, "profile_A56_p50": -0.020010342445014827, "profile_A57_p50": -0.02485003959024507, "profile_A58_p50": -0.10019566862430729, "profile_A59_p50": -0.12456524525126902, "profile_A60_p50": -0.01524541842880943, "profile_A61_p50": -0.04454317190444322, "profile_A62_p50": 0.0748096885813149, "profile_A63_p50": 0.08887335484798001, "unit_id": 83}}, {"type": "Feature", "geometry": {"type": "Polygon", "coordinates": [[[85.66891504839911, 20.934069886536093], [85.66927437451277, 20.934069886536093], [85.66927437451277, 20.934159718064503], [85.66936420604118, 20.934159718064503], [85.66936420604118, 20.934249549592916], [85.6694540375696, 20.934249549592916], [85.6694540375696, 20.93433938112133], [85.6696337006264, 20.93433938112133], [85.6696337006264, 20.934519044178153], [85.66981336368323, 20.934519044178153], [85.66981336368323, 20.93442921264974], [85.67008285826847, 20.93442921264974], [85.67008285826847, 20.934249549592916], [85.6702625213253, 20.934249549592916], [85.6702625213253, 20.934159718064503], [85.67044218438213, 20.934159718064503], [85.67044218438213, 20.934249549592916], [85.67062184743894, 20.934249549592916], [85.67062184743894, 20.93433938112133], [85.67080151049576, 20.93433938112133], [85.67080151049576, 20.93442921264974], [85.67098117355259, 20.93442921264974], [85.67098117355259, 20.935686854047507], [85.67089134202418, 20.935686854047507], [85.67089134202418, 20.935956348632743], [85.67071167896735, 20.935956348632743], [85.67071167896735, 20.936046180161156], [85.67062184743894, 20.936046180161156], [85.67062184743894, 20.935956348632743], [85.67044218438213, 20.935956348632743], [85.67044218438213, 20.93577668557592], [85.6702625213253, 20.93577668557592], [85.6702625213253, 20.935597022519097], [85.67017268979689, 20.935597022519097], [85.67017268979689, 20.935507190990684], [85.66981336368323, 20.935507190990684], [85.66981336368323, 20.93577668557592], [85.6696337006264, 20.93577668557592], [85.6696337006264, 20.935866517104333], [85.66954386909799, 20.935866517104333], [85.66954386909799, 20.93577668557592], [85.66828622770024, 20.93577668557592], [85.66828622770024, 20.935686854047507], [85.66810656464341, 20.935686854047507], [85.66810656464341, 20.935866517104333], [85.66783707005817, 20.935866517104333], [85.66783707005817, 20.935686854047507], [85.66774723852976, 20.935686854047507], [85.66774723852976, 20.935507190990684], [85.66783707005817, 20.935507190990684], [85.66783707005817, 20.93541735946227], [85.66792690158658, 20.93541735946227], [85.66792690158658, 20.935147864877035], [85.66810656464341, 20.935147864877035], [85.66810656464341, 20.93496820182021], [85.66828622770024, 20.93496820182021], [85.66828622770024, 20.934608875706566], [85.66846589075706, 20.934608875706566], [85.66846589075706, 20.93442921264974], [85.66873538534229, 20.93442921264974], [85.66873538534229, 20.934249549592916], [85.66891504839911, 20.934249549592916], [85.66891504839911, 20.934069886536093]]]}, "id": "+3439+2565", "properties": {"area_ha": 4.87383275687104, "centroid_lat": 20.935072032864902, "centroid_lon": 85.66953210374291, "cluster_id": 1, "n_pixels": 487, "perim_m": 1309.2877932550489, "profile_A00_p50": 0.05322490089061294, "profile_A01_p50": -0.06588960226698776, "profile_A02_p50": 0.1529994411706668, "profile_A03_p50": 0.004396723212956731, "profile_A04_p50": -0.05832658226689369, "profile_A05_p50": 0.015158496882656702, "profile_A06_p50": -0.058113267185035455, "profile_A07_p50": 0.11962914339116627, "profile_A08_p50": -0.09326266198422985, "profile_A09_p50": 0.08838273719580549, "profile_A10_p50": 0.0927738549931394, "profile_A11_p50": 0.07960371607931654, "profile_A12_p50": -0.3249897319335717, "profile_A13_p50": 0.0044190217192075195, "profile_A14_p50": 0.017099823624685245, "profile_A15_p50": 0.1264737837743902, "profile_A16_p50": -0.06398815698604657, "profile_A17_p50": 0.06009021031571071, "profile_A18_p50": -0.08835826261434147, "profile_A19_p50": -0.020495413132786598, "profile_A20_p50": -0.3432207421649957, "profile_A21_p50": 0.3462977910933563, "profile_A22_p50": 0.21781800919039349, "profile_A23_p50": 0.002466081314448473, "profile_A24_p50": 0.044423011605003684, "profile_A25_p50": 0.07520972980020879, "profile_A26_p50": 0.10986634887067584, "profile_A27_p50": -0.02199335255392581, "profile_A28_p50": -0.042509549344215, "profile_A29_p50": 0.20140214272110038, "profile_A30_p50": 0.055171624942798744, "profile_A31_p50": 0.05227177289072206, "profile_A32_p50": 0.000957316000058114, "profile_A33_p50": 0.009267088127341096, "profile_A34_p50": 0.06397362739951426, "profile_A35_p50": 0.012661068372644, "profile_A36_p50": -0.15279506865085354, "profile_A37_p50": 0.03807606339089456, "profile_A38_p50": 0.15669696681405246, "profile_A39_p50": -0.0595711700946848, "profile_A40_p50": 0.08346119692206716, "profile_A41_p50": 0.08642988587394283, "profile_A42_p50": -0.15870285279429833, "profile_A43_p50": 0.33118419251225517, "profile_A44_p50": 0.05520752142849134, "profile_A45_p50": 0.0532128036651257, "profile_A46_p50": -0.01712322146126869, "profile_A47_p50": 0.02200723127549733, "profile_A48_p50": -0.11667718980753906, "profile_A49_p50": 0.08543167339345949, "profile_A50_p50": -0.046326086499873464, "profile_A51_p50": 0.03856258647140974, "profile_A52_p50": -0.022948844816816024, "profile_A53_p50": -0.06591446047458382, "profile_A54_p50": 0.19317842710817879, "profile_A55_p50": -0.11961082210177881, "profile_A56_p50": -0.0014382150342833156, "profile_A57_p50": -0.04930843751849643, "profile_A58_p50": -0.13624692489672033, "profile_A59_p50": -0.16067235778065347, "profile_A60_p50": -0.024889585453966214, "profile_A61_p50": -0.04440479733645213, "profile_A62_p50": 0.04593597650644479, "profile_A63_p50": 0.08937991613072041, "unit_id": 84}}, {"type": "Feature", "geometry": {"type": "Polygon", "coordinates": [[[85.65930307485904, 20.932003761382617], [85.65939290638745, 20.932003761382617], [85.65939290638745, 20.93209359291103], [85.65957256944428, 20.93209359291103], [85.65957256944428, 20.93218342443944], [85.65966240097268, 20.93218342443944], [85.65966240097268, 20.932363087496267], [85.65975223250109, 20.932363087496267], [85.65975223250109, 20.932632582081503], [85.6598420640295, 20.932632582081503], [85.6598420640295, 20.93290207666674], [85.65993189555792, 20.93290207666674], [85.65993189555792, 20.932812245138326], [85.66020139014316, 20.932812245138326], [85.66020139014316, 20.93290207666674], [85.66029122167157, 20.93290207666674], [85.66029122167157, 20.932632582081503], [85.66083021084204, 20.932632582081503], [85.66083021084204, 20.932722413609913], [85.66092004237045, 20.932722413609913], [85.66092004237045, 20.932812245138326], [85.6612793684841, 20.932812245138326], [85.6612793684841, 20.932722413609913], [85.66136920001252, 20.932722413609913], [85.66136920001252, 20.932632582081503], [85.66163869459774, 20.932632582081503], [85.66163869459774, 20.932812245138326], [85.6619980207114, 20.932812245138326], [85.6619980207114, 20.933620728894034], [85.66208785223981, 20.933620728894034], [85.66208785223981, 20.93389022347927], [85.66217768376822, 20.93389022347927], [85.66217768376822, 20.934069886536093], [85.66226751529663, 20.934069886536093], [85.66226751529663, 20.934249549592916], [85.66235734682505, 20.934249549592916], [85.66235734682505, 20.93442921264974], [85.66253700988187, 20.93442921264974], [85.66253700988187, 20.934608875706566], [85.66262684141027, 20.934608875706566], [85.66262684141027, 20.93478853876339], [85.66289633599551, 20.93478853876339], [85.66289633599551, 20.93496820182021], [85.66307599905234, 20.93496820182021], [85.66307599905234, 20.935237696405448], [85.66325566210917, 20.935237696405448], [85.66325566210917, 20.93532752793386], [85.66334549363758, 20.93532752793386], [85.66334549363758, 20.935507190990684], [85.66388448280804, 20.935507190990684], [85.66388448280804, 20.93541735946227], [85.66397431433646, 20.93541735946227], [85.66397431433646, 20.93532752793386], [85.6642438089217, 20.93532752793386], [85.6642438089217, 20.935507190990684], [85.66442347197852, 20.935507190990684], [85.66442347197852, 20.935686854047507], [85.66469296656375, 20.935686854047507], [85.66469296656375, 20.93541735946227], [85.66478279809216, 20.93541735946227], [85.66478279809216, 20.93532752793386], [85.66469296656375, 20.93532752793386], [85.66469296656375, 20.93496820182021], [85.6650522926774, 20.93496820182021], [85.6650522926774, 20.935147864877035], [85.66523195573423, 20.935147864877035], [85.66523195573423, 20.93532752793386], [85.66541161879105, 20.93532752793386], [85.66541161879105, 20.93541735946227], [85.66622010254676, 20.93541735946227], [85.66622010254676, 20.93532752793386], [85.66675909171722, 20.93532752793386], [85.66675909171722, 20.935686854047507], [85.6665794286604, 20.935686854047507], [85.6665794286604, 20.93622584321798], [85.66622010254676, 20.93622584321798], [85.66622010254676, 20.936405506274802], [85.66613027101835, 20.936405506274802], [85.66613027101835, 20.936315674746393], [85.6658607764331, 20.936315674746393], [85.6658607764331, 20.936405506274802], [85.6657709449047, 20.936405506274802], [85.6657709449047, 20.936315674746393], [85.6658607764331, 20.936315674746393], [85.6658607764331, 20.93622584321798], [85.66541161879105, 20.93622584321798], [85.66541161879105, 20.936405506274802], [85.66514212420581, 20.936405506274802], [85.66514212420581, 20.936495337803215], [85.66523195573423, 20.936495337803215], [85.66523195573423, 20.93658516933163], [85.66514212420581, 20.93658516933163], [85.66514212420581, 20.936495337803215], [85.6650522926774, 20.936495337803215], [85.6650522926774, 20.93667500086004], [85.66460313503534, 20.93667500086004], [85.66460313503534, 20.93676483238845], [85.66442347197852, 20.93676483238845], [85.66442347197852, 20.936854663916865], [85.66433364045011, 20.936854663916865], [85.66433364045011, 20.936944495445275], [85.6642438089217, 20.936944495445275], [85.6642438089217, 20.937034326973688], [85.66415397739328, 20.937034326973688], [85.66415397739328, 20.936944495445275], [85.66388448280804, 20.936944495445275], [85.66388448280804, 20.93676483238845], [85.66370481975122, 20.93676483238845], [85.66370481975122, 20.93658516933163], [85.66307599905234, 20.93658516933163], [85.66307599905234, 20.936495337803215], [85.66289633599551, 20.936495337803215], [85.66289633599551, 20.936405506274802], [85.66271667293869, 20.936405506274802], [85.66271667293869, 20.936315674746393], [85.66262684141027, 20.936315674746393], [85.66262684141027, 20.93622584321798], [85.66244717835346, 20.93622584321798], [85.66244717835346, 20.936136011689566], [85.66226751529663, 20.936136011689566], [85.66226751529663, 20.936046180161156], [85.66208785223981, 20.936046180161156], [85.66208785223981, 20.935956348632743], [85.66190818918298, 20.935956348632743], [85.66190818918298, 20.935866517104333], [85.66172852612615, 20.935866517104333], [85.66172852612615, 20.93577668557592], [85.66154886306934, 20.93577668557592], [85.66154886306934, 20.935686854047507], [85.66136920001252, 20.935686854047507], [85.66136920001252, 20.935597022519097], [85.66118953695569, 20.935597022519097], [85.66118953695569, 20.935507190990684], [85.66100987389886, 20.935507190990684], [85.66100987389886, 20.93532752793386], [85.66118953695569, 20.93532752793386], [85.66118953695569, 20.935237696405448], [85.6612793684841, 20.935237696405448], [85.6612793684841, 20.93532752793386], [85.66136920001252, 20.93532752793386], [85.66136920001252, 20.935147864877035], [85.66118953695569, 20.935147864877035], [85.66118953695569, 20.93478853876339], [85.66109970542728, 20.93478853876339], [85.66109970542728, 20.934698707234976], [85.66100987389886, 20.934698707234976], [85.66100987389886, 20.934608875706566], [85.66083021084204, 20.934608875706566], [85.66083021084204, 20.93442921264974], [85.66074037931362, 20.93442921264974], [85.66074037931362, 20.93433938112133], [85.66083021084204, 20.93433938112133], [85.66083021084204, 20.93442921264974], [85.66109970542728, 20.93442921264974], [85.66109970542728, 20.93433938112133], [85.66118953695569, 20.93433938112133], [85.66118953695569, 20.93442921264974], [85.66145903154093, 20.93442921264974], [85.66145903154093, 20.934608875706566], [85.66154886306934, 20.934608875706566], [85.66154886306934, 20.934698707234976], [85.66181835765457, 20.934698707234976], [85.66181835765457, 20.934608875706566], [85.66190818918298, 20.934608875706566], [85.66190818918298, 20.934249549592916], [85.66154886306934, 20.934249549592916], [85.66154886306934, 20.93433938112133], [85.66145903154093, 20.93433938112133], [85.66145903154093, 20.934249549592916], [85.66118953695569, 20.934249549592916], [85.66118953695569, 20.934069886536093], [85.66154886306934, 20.934069886536093], [85.66154886306934, 20.93389022347927], [85.66181835765457, 20.93389022347927], [85.66181835765457, 20.93353089736562], [85.66154886306934, 20.93353089736562], [85.66154886306934, 20.933441065837208], [85.66163869459774, 20.933441065837208], [85.66163869459774, 20.93317157125197], [85.66074037931362, 20.93317157125197], [85.66074037931362, 20.933081739723562], [85.66065054778521, 20.933081739723562], [85.66065054778521, 20.93299190819515], [85.6604708847284, 20.93299190819515], [85.6604708847284, 20.93317157125197], [85.6598420640295, 20.93317157125197], [85.6598420640295, 20.933081739723562], [85.65966240097268, 20.933081739723562], [85.65966240097268, 20.93299190819515], [85.65912341180221, 20.93299190819515], [85.65912341180221, 20.93290207666674], [85.6590335802738, 20.93290207666674], [85.6590335802738, 20.932812245138326], [85.65885391721697, 20.932812245138326], [85.65885391721697, 20.932722413609913], [85.65849459110333, 20.932722413609913], [85.65849459110333, 20.932632582081503], [85.65831492804651, 20.932632582081503], [85.65831492804651, 20.93254275055309], [85.65813526498968, 20.93254275055309], [85.65813526498968, 20.932722413609913], [85.65795560193285, 20.932722413609913], [85.65795560193285, 20.93317157125197], [85.65786577040444, 20.93317157125197], [85.65786577040444, 20.933261402780385], [85.65777593887603, 20.933261402780385], [85.65777593887603, 20.933351234308798], [85.65768610734762, 20.933351234308798], [85.65768610734762, 20.933441065837208], [85.65759627581922, 20.933441065837208], [85.65759627581922, 20.933620728894034], [85.65768610734762, 20.933620728894034], [85.65768610734762, 20.933710560422444], [85.65759627581922, 20.933710560422444], [85.65759627581922, 20.933620728894034], [85.65741661276239, 20.933620728894034], [85.65741661276239, 20.93353089736562], [85.65723694970556, 20.93353089736562], [85.65723694970556, 20.933441065837208], [85.65714711817715, 20.933441065837208], [85.65714711817715, 20.933351234308798], [85.65696745512032, 20.933351234308798], [85.65696745512032, 20.933261402780385], [85.65714711817715, 20.933261402780385], [85.65714711817715, 20.933081739723562], [85.65759627581922, 20.933081739723562], [85.65759627581922, 20.93290207666674], [85.6575064442908, 20.93290207666674], [85.6575064442908, 20.93299190819515], [85.65741661276239, 20.93299190819515], [85.65741661276239, 20.93290207666674], [85.65732678123398, 20.93290207666674], [85.65732678123398, 20.932722413609913], [85.65714711817715, 20.932722413609913], [85.65714711817715, 20.932632582081503], [85.65705728664874, 20.932632582081503], [85.65705728664874, 20.932363087496267], [85.65714711817715, 20.932363087496267], [85.65714711817715, 20.93218342443944], [85.65759627581922, 20.93218342443944], [85.65759627581922, 20.932003761382617], [85.65885391721697, 20.932003761382617], [85.65885391721697, 20.93209359291103], [85.65876408568856, 20.93209359291103], [85.65876408568856, 20.93218342443944], [85.65930307485904, 20.93218342443944], [85.65930307485904, 20.932003761382617]], [[85.6619980207114, 20.93478853876339], [85.66190818918298, 20.93478853876339], [85.66190818918298, 20.93496820182021], [85.66136920001252, 20.93496820182021], [85.66136920001252, 20.935147864877035], [85.66190818918298, 20.935147864877035], [85.66190818918298, 20.935237696405448], [85.6619980207114, 20.935237696405448], [85.6619980207114, 20.93532752793386], [85.66217768376822, 20.93532752793386], [85.66217768376822, 20.935237696405448], [85.66226751529663, 20.935237696405448], [85.66226751529663, 20.935058033348625], [85.66217768376822, 20.935058033348625], [85.66217768376822, 20.934878370291802], [85.66208785223981, 20.934878370291802], [85.66208785223981, 20.93496820182021], [85.6619980207114, 20.93496820182021], [85.6619980207114, 20.93478853876339]], [[85.66011155861474, 20.93290207666674], [85.66002172708633, 20.93290207666674], [85.66002172708633, 20.93299190819515], [85.66011155861474, 20.93299190819515], [85.66011155861474, 20.93290207666674]]]}, "id": "+3329+2588", "properties": {"area_ha": 12.319734437450311, "centroid_lat": 20.93469619805391, "centroid_lon": 85.66221351912753, "cluster_id": 1, "n_pixels": 1232, "perim_m": 5103.370310344529, "profile_A00_p50": 0.05322490089061294, "profile_A01_p50": -0.06588960226698776, "profile_A02_p50": 0.1529994411706668, "profile_A03_p50": 0.004396723212956731, "profile_A04_p50": -0.05832658226689369, "profile_A05_p50": 0.015158496882656702, "profile_A06_p50": -0.058113267185035455, "profile_A07_p50": 0.11962914339116627, "profile_A08_p50": -0.09326266198422985, "profile_A09_p50": 0.08838273719580549, "profile_A10_p50": 0.0927738549931394, "profile_A11_p50": 0.07960371607931654, "profile_A12_p50": -0.3249897319335717, "profile_A13_p50": 0.0044190217192075195, "profile_A14_p50": 0.017099823624685245, "profile_A15_p50": 0.1264737837743902, "profile_A16_p50": -0.06398815698604657, "profile_A17_p50": 0.06009021031571071, "profile_A18_p50": -0.08835826261434147, "profile_A19_p50": -0.020495413132786598, "profile_A20_p50": -0.3432207421649957, "profile_A21_p50": 0.3462977910933563, "profile_A22_p50": 0.21781800919039349, "profile_A23_p50": 0.002466081314448473, "profile_A24_p50": 0.044423011605003684, "profile_A25_p50": 0.07520972980020879, "profile_A26_p50": 0.10986634887067584, "profile_A27_p50": -0.02199335255392581, "profile_A28_p50": -0.042509549344215, "profile_A29_p50": 0.20140214272110038, "profile_A30_p50": 0.055171624942798744, "profile_A31_p50": 0.05227177289072206, "profile_A32_p50": 0.000957316000058114, "profile_A33_p50": 0.009267088127341096, "profile_A34_p50": 0.06397362739951426, "profile_A35_p50": 0.012661068372644, "profile_A36_p50": -0.15279506865085354, "profile_A37_p50": 0.03807606339089456, "profile_A38_p50": 0.15669696681405246, "profile_A39_p50": -0.0595711700946848, "profile_A40_p50": 0.08346119692206716, "profile_A41_p50": 0.08642988587394283, "profile_A42_p50": -0.15870285279429833, "profile_A43_p50": 0.33118419251225517, "profile_A44_p50": 0.05520752142849134, "profile_A45_p50": 0.0532128036651257, "profile_A46_p50": -0.01712322146126869, "profile_A47_p50": 0.02200723127549733, "profile_A48_p50": -0.11667718980753906, "profile_A49_p50": 0.08543167339345949, "profile_A50_p50": -0.046326086499873464, "profile_A51_p50": 0.03856258647140974, "profile_A52_p50": -0.022948844816816024, "profile_A53_p50": -0.06591446047458382, "profile_A54_p50": 0.19317842710817879, "profile_A55_p50": -0.11961082210177881, "profile_A56_p50": -0.0014382150342833156, "profile_A57_p50": -0.04930843751849643, "profile_A58_p50": -0.13624692489672033, "profile_A59_p50": -0.16067235778065347, "profile_A60_p50": -0.024889585453966214, "profile_A61_p50": -0.04440479733645213, "profile_A62_p50": 0.04593597650644479, "profile_A63_p50": 0.08937991613072041, "unit_id": 85}}, {"type": "Feature", "geometry": {"type": "Polygon", "coordinates": [[[85.65813526498968, 20.93254275055309], [85.65831492804651, 20.93254275055309], [85.65831492804651, 20.932632582081503], [85.65849459110333, 20.932632582081503], [85.65849459110333, 20.932722413609913], [85.65885391721697, 20.932722413609913], [85.65885391721697, 20.932812245138326], [85.6590335802738, 20.932812245138326], [85.6590335802738, 20.93290207666674], [85.65912341180221, 20.93290207666674], [85.65912341180221, 20.93299190819515], [85.65966240097268, 20.93299190819515], [85.65966240097268, 20.933081739723562], [85.6598420640295, 20.933081739723562], [85.6598420640295, 20.93317157125197], [85.6604708847284, 20.93317157125197], [85.6604708847284, 20.93299190819515], [85.66065054778521, 20.93299190819515], [85.66065054778521, 20.933081739723562], [85.66074037931362, 20.933081739723562], [85.66074037931362, 20.93317157125197], [85.66163869459774, 20.93317157125197], [85.66163869459774, 20.933441065837208], [85.66154886306934, 20.933441065837208], [85.66154886306934, 20.93353089736562], [85.66181835765457, 20.93353089736562], [85.66181835765457, 20.93389022347927], [85.66154886306934, 20.93389022347927], [85.66154886306934, 20.934069886536093], [85.66118953695569, 20.934069886536093], [85.66118953695569, 20.934249549592916], [85.66100987389886, 20.934249549592916], [85.66100987389886, 20.934159718064503], [85.66074037931362, 20.934159718064503], [85.66074037931362, 20.934249549592916], [85.66065054778521, 20.934249549592916], [85.66065054778521, 20.93433938112133], [85.66074037931362, 20.93433938112133], [85.66074037931362, 20.93442921264974], [85.66083021084204, 20.93442921264974], [85.66083021084204, 20.934878370291802], [85.66092004237045, 20.934878370291802], [85.66092004237045, 20.935147864877035], [85.66083021084204, 20.935147864877035], [85.66083021084204, 20.935237696405448], [85.66092004237045, 20.935237696405448], [85.66092004237045, 20.93541735946227], [85.66083021084204, 20.93541735946227], [85.66083021084204, 20.93532752793386], [85.66074037931362, 20.93532752793386], [85.66074037931362, 20.935237696405448], [85.66056071625681, 20.935237696405448], [85.66056071625681, 20.935147864877035], [85.66038105319998, 20.935147864877035], [85.66038105319998, 20.935058033348625], [85.66020139014316, 20.935058033348625], [85.66020139014316, 20.93496820182021], [85.66002172708633, 20.93496820182021], [85.66002172708633, 20.934878370291802], [85.6598420640295, 20.934878370291802], [85.6598420640295, 20.93478853876339], [85.65975223250109, 20.93478853876339], [85.65975223250109, 20.934698707234976], [85.65993189555792, 20.934698707234976], [85.65993189555792, 20.934608875706566], [85.66002172708633, 20.934608875706566], [85.66002172708633, 20.93478853876339], [85.66020139014316, 20.93478853876339], [85.66020139014316, 20.934698707234976], [85.66056071625681, 20.934698707234976], [85.66056071625681, 20.934608875706566], [85.66074037931362, 20.934608875706566], [85.66074037931362, 20.934519044178153], [85.66065054778521, 20.934519044178153], [85.66065054778521, 20.93442921264974], [85.6604708847284, 20.93442921264974], [85.6604708847284, 20.934519044178153], [85.66029122167157, 20.934519044178153], [85.66029122167157, 20.934608875706566], [85.66020139014316, 20.934608875706566], [85.66020139014316, 20.93442921264974], [85.66029122167157, 20.93442921264974], [85.66029122167157, 20.93433938112133], [85.66002172708633, 20.93433938112133], [85.66002172708633, 20.93442921264974], [85.65957256944428, 20.93442921264974], [85.65957256944428, 20.93433938112133], [85.65948273791587, 20.93433938112133], [85.65948273791587, 20.93442921264974], [85.65939290638745, 20.93442921264974], [85.65939290638745, 20.934519044178153], [85.65912341180221, 20.934519044178153], [85.65912341180221, 20.93442921264974], [85.65894374874539, 20.93442921264974], [85.65894374874539, 20.93433938112133], [85.65885391721697, 20.93433938112133], [85.65885391721697, 20.934249549592916], [85.65867425416015, 20.934249549592916], [85.65867425416015, 20.934159718064503], [85.65849459110333, 20.934159718064503], [85.65849459110333, 20.934069886536093], [85.65831492804651, 20.934069886536093], [85.65831492804651, 20.93398005500768], [85.65813526498968, 20.93398005500768], [85.65813526498968, 20.93389022347927], [85.65795560193285, 20.93389022347927], [85.65795560193285, 20.933800391950857], [85.65777593887603, 20.933800391950857], [85.65777593887603, 20.933710560422444], [85.65768610734762, 20.933710560422444], [85.65768610734762, 20.933620728894034], [85.65759627581922, 20.933620728894034], [85.65759627581922, 20.933441065837208], [85.65768610734762, 20.933441065837208], [85.65768610734762, 20.933351234308798], [85.65777593887603, 20.933351234308798], [85.65777593887603, 20.933261402780385], [85.65786577040444, 20.933261402780385], [85.65786577040444, 20.93317157125197], [85.65795560193285, 20.93317157125197], [85.65795560193285, 20.932722413609913], [85.65813526498968, 20.932722413609913], [85.65813526498968, 20.93254275055309]], [[85.6598420640295, 20.93389022347927], [85.65975223250109, 20.93389022347927], [85.65975223250109, 20.934069886536093], [85.6598420640295, 20.934069886536093], [85.6598420640295, 20.93389022347927]], [[85.65831492804651, 20.93353089736562], [85.6582250965181, 20.93353089736562], [85.6582250965181, 20.933710560422444], [85.65831492804651, 20.933710560422444], [85.65831492804651, 20.93353089736562]]]}, "id": "+3317+2582", "properties": {"area_ha": 6.206502188841516, "centroid_lat": 20.93373200804272, "centroid_lon": 85.65970596521443, "cluster_id": 0, "n_pixels": 621, "perim_m": 2148.4107360404273, "profile_A00_p50": 0.0649371420336406, "profile_A01_p50": -0.11083470436988313, "profile_A02_p50": 0.14346318026817326, "profile_A03_p50": 0.017083394032160377, "profile_A04_p50": -0.04637003445213128, "profile_A05_p50": -0.008794838739899412, "profile_A06_p50": -0.0697901490985032, "profile_A07_p50": 0.14752746069232994, "profile_A08_p50": -0.09809832530559248, "profile_A09_p50": 0.07865185688890315, "profile_A10_p50": 0.09278434321793148, "profile_A11_p50": 0.06399534700652354, "profile_A12_p50": -0.33706718023658716, "profile_A13_p50": 0.01611334574977108, "profile_A14_p50": -0.02196162797008433, "profile_A15_p50": 0.09865446239857459, "profile_A16_p50": -0.05517367445062648, "profile_A17_p50": 0.020527785675845137, "profile_A18_p50": -0.09320158952852851, "profile_A19_p50": 0.020520659200231755, "profile_A20_p50": -0.27787778199771523, "profile_A21_p50": 0.32710390879651796, "profile_A22_p50": 0.2647713197795599, "profile_A23_p50": -0.05124733800254931, "profile_A24_p50": 0.04592356057259676, "profile_A25_p50": 0.07127039448964882, "profile_A26_p50": 0.11083555905543434, "profile_A27_p50": -0.00047438936866183194, "profile_A28_p50": -0.054212923916086175, "profile_A29_p50": 0.19997662502461896, "profile_A30_p50": 0.06685909016728205, "profile_A31_p50": 0.04931597988423994, "profile_A32_p50": 0.0009931171883571953, "profile_A33_p50": -0.02295085841310662, "profile_A34_p50": 0.04590102399843765, "profile_A35_p50": -0.01855274223737954, "profile_A36_p50": -0.1805969336689741, "profile_A37_p50": 0.038133652209125644, "profile_A38_p50": 0.16465066993068045, "profile_A39_p50": -0.11432195461265213, "profile_A40_p50": 0.05424624345228753, "profile_A41_p50": 0.04933324400612502, "profile_A42_p50": -0.1470229052963256, "profile_A43_p50": 0.36170676065249535, "profile_A44_p50": 0.04735946919384751, "profile_A45_p50": 0.053694415358164035, "profile_A46_p50": -0.020978501530891636, "profile_A47_p50": 0.053738594365539405, "profile_A48_p50": -0.1098768476153089, "profile_A49_p50": 0.05952449153421575, "profile_A50_p50": -0.06982160993676202, "profile_A51_p50": 0.010225107035864925, "profile_A52_p50": -0.01613335808612833, "profile_A53_p50": -0.051767402203102525, "profile_A54_p50": 0.19289055487643264, "profile_A55_p50": -0.12261130834785652, "profile_A56_p50": -0.03467205053136565, "profile_A57_p50": -0.03366955729954787, "profile_A58_p50": -0.10597195248497535, "profile_A59_p50": -0.13033228323719942, "profile_A60_p50": 0.02200174954063654, "profile_A61_p50": -0.0717687835809173, "profile_A62_p50": 0.04784828368557889, "profile_A63_p50": 0.07373148958241554, "unit_id": 86}}, {"type": "Feature", "geometry": {"type": "Polygon", "coordinates": [[[85.6619980207114, 20.931015614570086], [85.66208785223981, 20.931015614570086], [85.66208785223981, 20.93119527762691], [85.66217768376822, 20.93119527762691], [85.66217768376822, 20.931374940683735], [85.66226751529663, 20.931374940683735], [85.66226751529663, 20.931554603740558], [85.66235734682505, 20.931554603740558], [85.66235734682505, 20.93173426679738], [85.66244717835346, 20.93173426679738], [85.66244717835346, 20.931913929854208], [85.66253700988187, 20.931913929854208], [85.66253700988187, 20.932632582081503], [85.66235734682505, 20.932632582081503], [85.66235734682505, 20.931824098325794], [85.66217768376822, 20.931824098325794], [85.66217768376822, 20.93173426679738], [85.6619980207114, 20.93173426679738], [85.6619980207114, 20.93164443526897], [85.66190818918298, 20.93164443526897], [85.66190818918298, 20.931464772212145], [85.66181835765457, 20.931464772212145], [85.66181835765457, 20.931285109155322], [85.66172852612615, 20.931285109155322], [85.66172852612615, 20.93119527762691], [85.6619980207114, 20.93119527762691], [85.6619980207114, 20.931015614570086]]]}, "id": "+3359+2599", "properties": {"area_ha": 0.45664066024611283, "centroid_lat": 20.931738849243068, "centroid_lon": 85.66220976519443, "cluster_id": 3, "n_pixels": 46, "perim_m": 526.2414233433365, "profile_A00_p50": 0.011235239387247112, "profile_A01_p50": -0.0944170190952198, "profile_A02_p50": 0.15850057670126871, "profile_A03_p50": 0.003564437970167429, "profile_A04_p50": -0.07205670402902237, "profile_A05_p50": 0.03257106241189286, "profile_A06_p50": -0.07272943763834964, "profile_A07_p50": 0.10985119683312686, "profile_A08_p50": -0.08651845985622647, "profile_A09_p50": 0.0600430883561467, "profile_A10_p50": 0.11400921607631402, "profile_A11_p50": 0.0111920030757401, "profile_A12_p50": -0.3221313230657005, "profile_A13_p50": 0.019024102708091968, "profile_A14_p50": -0.0053916421760631964, "profile_A15_p50": 0.11957411150282209, "profile_A16_p50": -0.07479604942143117, "profile_A17_p50": 0.03803665256952454, "profile_A18_p50": -0.1256803354945045, "profile_A19_p50": -0.01656259063652981, "profile_A20_p50": -0.2722795908059495, "profile_A21_p50": 0.3556452512654423, "profile_A22_p50": 0.17115688105307483, "profile_A23_p50": -0.019990446564841027, "profile_A24_p50": 0.04197593000361166, "profile_A25_p50": 0.09420353859861756, "profile_A26_p50": 0.10178905549147761, "profile_A27_p50": -0.03082037911668791, "profile_A28_p50": -0.0756967453399347, "profile_A29_p50": 0.1908586644815521, "profile_A30_p50": 0.08309282754496135, "profile_A31_p50": 0.06689427143406382, "profile_A32_p50": -0.05181669045714686, "profile_A33_p50": -0.016104732755643374, "profile_A34_p50": 0.049864714440127626, "profile_A35_p50": 0.018629112259767138, "profile_A36_p50": -0.21195628055143625, "profile_A37_p50": 0.09047097270280662, "profile_A38_p50": 0.17544807340384294, "profile_A39_p50": -0.059400418326222906, "profile_A40_p50": 0.08742905150440715, "profile_A41_p50": 0.05032945124855639, "profile_A42_p50": -0.15373454599345476, "profile_A43_p50": 0.3164389764620445, "profile_A44_p50": 0.032788414712290145, "profile_A45_p50": 0.06788945230226325, "profile_A46_p50": 0.012293733179546327, "profile_A47_p50": 0.0634588854602597, "profile_A48_p50": -0.11581008419281325, "profile_A49_p50": 0.036267982797314094, "profile_A50_p50": -0.012156496585562329, "profile_A51_p50": 0.07320562343524893, "profile_A52_p50": -0.014181711833384267, "profile_A53_p50": -0.03801164060014577, "profile_A54_p50": 0.19885668933227743, "profile_A55_p50": -0.09414380413701337, "profile_A56_p50": -0.020010342445014827, "profile_A57_p50": -0.02485003959024507, "profile_A58_p50": -0.10019566862430729, "profile_A59_p50": -0.12456524525126902, "profile_A60_p50": -0.01524541842880943, "profile_A61_p50": -0.04454317190444322, "profile_A62_p50": 0.0748096885813149, "profile_A63_p50": 0.08887335484798001, "unit_id": 87}}, {"type": "Feature", "geometry": {"type": "Polygon", "coordinates": [[[85.66298616752393, 20.924098586882366], [85.66478279809216, 20.924098586882366], [85.66478279809216, 20.92418841841078], [85.66469296656375, 20.92418841841078], [85.66469296656375, 20.92427824993919], [85.66460313503534, 20.92427824993919], [85.66460313503534, 20.924457912996015], [85.66442347197852, 20.924457912996015], [85.66442347197852, 20.924547744524425], [85.66415397739328, 20.924547744524425], [85.66415397739328, 20.92472740758125], [85.66397431433646, 20.92472740758125], [85.66397431433646, 20.924907070638074], [85.66388448280804, 20.924907070638074], [85.66388448280804, 20.924996902166484], [85.66379465127963, 20.924996902166484], [85.66379465127963, 20.925356228280133], [85.66370481975122, 20.925356228280133], [85.66370481975122, 20.925535891336956], [85.66379465127963, 20.925535891336956], [85.66379465127963, 20.926344375092665], [85.6636149882228, 20.926344375092665], [85.6636149882228, 20.926703701206314], [85.6635251566944, 20.926703701206314], [85.6635251566944, 20.926793532734724], [85.66343532516599, 20.926793532734724], [85.66343532516599, 20.926883364263137], [85.66334549363758, 20.926883364263137], [85.66334549363758, 20.92742235343361], [85.66343532516599, 20.92742235343361], [85.66343532516599, 20.927691848018846], [85.66334549363758, 20.927691848018846], [85.66334549363758, 20.92787151107567], [85.66343532516599, 20.92787151107567], [85.66343532516599, 20.92796134260408], [85.66415397739328, 20.92796134260408], [85.66415397739328, 20.92787151107567], [85.6642438089217, 20.92787151107567], [85.6642438089217, 20.92796134260408], [85.66433364045011, 20.92796134260408], [85.66433364045011, 20.92787151107567], [85.66478279809216, 20.92787151107567], [85.66478279809216, 20.927781679547255], [85.66550145031947, 20.927781679547255], [85.66550145031947, 20.927691848018846], [85.66559128184787, 20.927691848018846], [85.66559128184787, 20.927602016490432], [85.66568111337628, 20.927602016490432], [85.66568111337628, 20.92742235343361], [85.66532178726264, 20.92742235343361], [85.66532178726264, 20.927332521905196], [85.66541161879105, 20.927332521905196], [85.66541161879105, 20.927242690376783], [85.66532178726264, 20.927242690376783], [85.66532178726264, 20.927152858848373], [85.66541161879105, 20.927152858848373], [85.66541161879105, 20.92706302731996], [85.66532178726264, 20.92706302731996], [85.66532178726264, 20.926883364263137], [85.6650522926774, 20.926883364263137], [85.6650522926774, 20.926703701206314], [85.66478279809216, 20.926703701206314], [85.66478279809216, 20.9266138696779], [85.66487262962058, 20.9266138696779], [85.66487262962058, 20.926344375092665], [85.66469296656375, 20.926344375092665], [85.66469296656375, 20.925985048979015], [85.66451330350694, 20.925985048979015], [85.66451330350694, 20.925805385922192], [85.66460313503534, 20.925805385922192], [85.66460313503534, 20.92562572286537], [85.66487262962058, 20.92562572286537], [85.66487262962058, 20.925446059808547], [85.66532178726264, 20.925446059808547], [85.66532178726264, 20.925086733694897], [85.66550145031947, 20.925086733694897], [85.66550145031947, 20.92481723910966], [85.66559128184787, 20.92481723910966], [85.66559128184787, 20.92472740758125], [85.66568111337628, 20.92472740758125], [85.66568111337628, 20.924637576052838], [85.6658607764331, 20.924637576052838], [85.6658607764331, 20.924547744524425], [85.66604043948993, 20.924547744524425], [85.66604043948993, 20.924457912996015], [85.66630993407517, 20.924457912996015], [85.66630993407517, 20.924368081467602], [85.666489597132, 20.924368081467602], [85.666489597132, 20.92418841841078], [85.66747774394453, 20.92418841841078], [85.66747774394453, 20.92427824993919], [85.66783707005817, 20.92427824993919], [85.66783707005817, 20.924368081467602], [85.66810656464341, 20.924368081467602], [85.66810656464341, 20.924457912996015], [85.66828622770024, 20.924457912996015], [85.66828622770024, 20.924547744524425], [85.66846589075706, 20.924547744524425], [85.66846589075706, 20.924637576052838], [85.66855572228546, 20.924637576052838], [85.66855572228546, 20.92472740758125], [85.66873538534229, 20.92472740758125], [85.66873538534229, 20.92481723910966], [85.6688252168707, 20.92481723910966], [85.6688252168707, 20.924907070638074], [85.66855572228546, 20.924907070638074], [85.66855572228546, 20.925086733694897], [85.66846589075706, 20.925086733694897], [85.66846589075706, 20.92517656522331], [85.66837605922865, 20.92517656522331], [85.66837605922865, 20.925535891336956], [85.66828622770024, 20.925535891336956], [85.66828622770024, 20.92562572286537], [85.66819639617182, 20.92562572286537], [85.66819639617182, 20.925895217450606], [85.66810656464341, 20.925895217450606], [85.66810656464341, 20.925985048979015], [85.66783707005817, 20.925985048979015], [85.66783707005817, 20.925895217450606], [85.66774723852976, 20.925895217450606], [85.66774723852976, 20.925805385922192], [85.66720824935929, 20.925805385922192], [85.66720824935929, 20.925985048979015], [85.66702858630246, 20.925985048979015], [85.66702858630246, 20.926164712035842], [85.66693875477405, 20.926164712035842], [85.66693875477405, 20.926344375092665], [85.66702858630246, 20.926344375092665], [85.66702858630246, 20.926524038149488], [85.66720824935929, 20.926524038149488], [85.66720824935929, 20.926703701206314], [85.666489597132, 20.926703701206314], [85.666489597132, 20.9266138696779], [85.66639976560359, 20.9266138696779], [85.66639976560359, 20.926524038149488], [85.66630993407517, 20.926524038149488], [85.66630993407517, 20.926344375092665], [85.66639976560359, 20.926344375092665], [85.66639976560359, 20.925985048979015], [85.66630993407517, 20.925985048979015], [85.66630993407517, 20.925895217450606], [85.66604043948993, 20.925895217450606], [85.66604043948993, 20.925805385922192], [85.6658607764331, 20.925805385922192], [85.6658607764331, 20.92562572286537], [85.66568111337628, 20.92562572286537], [85.66568111337628, 20.925805385922192], [85.66559128184787, 20.925805385922192], [85.66559128184787, 20.925985048979015], [85.6658607764331, 20.925985048979015], [85.6658607764331, 20.926164712035842], [85.6657709449047, 20.926164712035842], [85.6657709449047, 20.926344375092665], [85.6658607764331, 20.926344375092665], [85.6658607764331, 20.9266138696779], [85.66595060796152, 20.9266138696779], [85.66595060796152, 20.926703701206314], [85.66604043948993, 20.926703701206314], [85.66604043948993, 20.926883364263137], [85.666489597132, 20.926883364263137], [85.666489597132, 20.926973195791547], [85.6665794286604, 20.926973195791547], [85.6665794286604, 20.92706302731996], [85.66684892324564, 20.92706302731996], [85.66684892324564, 20.927242690376783], [85.66702858630246, 20.927242690376783], [85.66702858630246, 20.927332521905196], [85.6672980808877, 20.927332521905196], [85.6672980808877, 20.92742235343361], [85.66738791241612, 20.92742235343361], [85.66738791241612, 20.927781679547255], [85.66756757547293, 20.927781679547255], [85.66756757547293, 20.92796134260408], [85.66819639617182, 20.92796134260408], [85.66819639617182, 20.927781679547255], [85.66828622770024, 20.927781679547255], [85.66828622770024, 20.927602016490432], [85.66819639617182, 20.927602016490432], [85.66819639617182, 20.927332521905196], [85.66828622770024, 20.927332521905196], [85.66828622770024, 20.927242690376783], [85.66873538534229, 20.927242690376783], [85.66873538534229, 20.92706302731996], [85.66891504839911, 20.92706302731996], [85.66891504839911, 20.926973195791547], [85.66918454298435, 20.926973195791547], [85.66918454298435, 20.926883364263137], [85.66936420604118, 20.926883364263137], [85.66936420604118, 20.92706302731996], [85.66972353215482, 20.92706302731996], [85.66972353215482, 20.927152858848373], [85.66990319521165, 20.927152858848373], [85.66990319521165, 20.927691848018846], [85.66999302674006, 20.927691848018846], [85.66999302674006, 20.928320668717728], [85.67008285826847, 20.928320668717728], [85.67008285826847, 20.928949489416613], [85.67017268979689, 20.928949489416613], [85.67017268979689, 20.929578310115495], [85.6702625213253, 20.929578310115495], [85.6702625213253, 20.930117299285968], [85.67035235285371, 20.930117299285968], [85.67035235285371, 20.93074611998485], [85.67044218438213, 20.93074611998485], [85.67044218438213, 20.931374940683735], [85.67053201591052, 20.931374940683735], [85.67053201591052, 20.931913929854208], [85.67062184743894, 20.931913929854208], [85.67062184743894, 20.93254275055309], [85.67071167896735, 20.93254275055309], [85.67071167896735, 20.93317157125197], [85.67080151049576, 20.93317157125197], [85.67080151049576, 20.933710560422444], [85.67089134202418, 20.933710560422444], [85.67089134202418, 20.93433938112133], [85.67098117355259, 20.93433938112133], [85.67098117355259, 20.93442921264974], [85.67080151049576, 20.93442921264974], [85.67080151049576, 20.93433938112133], [85.67062184743894, 20.93433938112133], [85.67062184743894, 20.934249549592916], [85.67044218438213, 20.934249549592916], [85.67044218438213, 20.934159718064503], [85.6702625213253, 20.934159718064503], [85.6702625213253, 20.934249549592916], [85.67008285826847, 20.934249549592916], [85.67008285826847, 20.93442921264974], [85.66981336368323, 20.93442921264974], [85.66981336368323, 20.934519044178153], [85.6696337006264, 20.934519044178153], [85.6696337006264, 20.93433938112133], [85.6694540375696, 20.93433938112133], [85.6694540375696, 20.934249549592916], [85.66936420604118, 20.934249549592916], [85.66936420604118, 20.934159718064503], [85.66927437451277, 20.934159718064503], [85.66927437451277, 20.934069886536093], [85.66891504839911, 20.934069886536093], [85.66891504839911, 20.934249549592916], [85.66873538534229, 20.934249549592916], [85.66873538534229, 20.93442921264974], [85.66846589075706, 20.93442921264974], [85.66846589075706, 20.934608875706566], [85.66828622770024, 20.934608875706566], [85.66828622770024, 20.93496820182021], [85.66810656464341, 20.93496820182021], [85.66810656464341, 20.935147864877035], [85.66792690158658, 20.935147864877035], [85.66792690158658, 20.93541735946227], [85.66783707005817, 20.93541735946227], [85.66783707005817, 20.935507190990684], [85.66774723852976, 20.935507190990684], [85.66774723852976, 20.935686854047507], [85.66783707005817, 20.935686854047507], [85.66783707005817, 20.935866517104333], [85.66810656464341, 20.935866517104333], [85.66810656464341, 20.935686854047507], [85.66828622770024, 20.935686854047507], [85.66828622770024, 20.93577668557592], [85.66954386909799, 20.93577668557592], [85.66954386909799, 20.935866517104333], [85.6696337006264, 20.935866517104333], [85.6696337006264, 20.93577668557592], [85.66981336368323, 20.93577668557592], [85.66981336368323, 20.935507190990684], [85.67017268979689, 20.935507190990684], [85.67017268979689, 20.935597022519097], [85.6702625213253, 20.935597022519097], [85.6702625213253, 20.93577668557592], [85.67044218438213, 20.93577668557592], [85.67044218438213, 20.935956348632743], [85.67062184743894, 20.935956348632743], [85.67062184743894, 20.936046180161156], [85.67071167896735, 20.936046180161156], [85.67071167896735, 20.935956348632743], [85.67080151049576, 20.935956348632743], [85.67080151049576, 20.936136011689566], [85.67071167896735, 20.936136011689566], [85.67071167896735, 20.936315674746393], [85.67062184743894, 20.936315674746393], [85.67062184743894, 20.936495337803215], [85.67053201591052, 20.936495337803215], [85.67053201591052, 20.93658516933163], [85.67044218438213, 20.93658516933163], [85.67044218438213, 20.93667500086004], [85.67035235285371, 20.93667500086004], [85.67035235285371, 20.93676483238845], [85.6702625213253, 20.93676483238845], [85.6702625213253, 20.936944495445275], [85.67008285826847, 20.936944495445275], [85.67008285826847, 20.937034326973688], [85.66999302674006, 20.937034326973688], [85.66999302674006, 20.937124158502098], [85.66990319521165, 20.937124158502098], [85.66990319521165, 20.93721399003051], [85.66909471145594, 20.93721399003051], [85.66909471145594, 20.937034326973688], [85.66810656464341, 20.937034326973688], [85.66810656464341, 20.936944495445275], [85.66792690158658, 20.936944495445275], [85.66792690158658, 20.936854663916865], [85.66747774394453, 20.936854663916865], [85.66747774394453, 20.93676483238845], [85.6672980808877, 20.93676483238845], [85.6672980808877, 20.936405506274802], [85.66720824935929, 20.936405506274802], [85.66720824935929, 20.93658516933163], [85.66711841783088, 20.93658516933163], [85.66711841783088, 20.93676483238845], [85.66693875477405, 20.93676483238845], [85.66693875477405, 20.93658516933163], [85.66675909171722, 20.93658516933163], [85.66675909171722, 20.936495337803215], [85.66666926018881, 20.936495337803215], [85.66666926018881, 20.93658516933163], [85.66639976560359, 20.93658516933163], [85.66639976560359, 20.936495337803215], [85.66630993407517, 20.936495337803215], [85.66630993407517, 20.936405506274802], [85.66622010254676, 20.936405506274802], [85.66622010254676, 20.93622584321798], [85.6665794286604, 20.93622584321798], [85.6665794286604, 20.935686854047507], [85.66675909171722, 20.935686854047507], [85.66675909171722, 20.93532752793386], [85.66622010254676, 20.93532752793386], [85.66622010254676, 20.93541735946227], [85.66541161879105, 20.93541735946227], [85.66541161879105, 20.93532752793386], [85.66523195573423, 20.93532752793386], [85.66523195573423, 20.935147864877035], [85.6650522926774, 20.935147864877035], [85.6650522926774, 20.93496820182021], [85.66469296656375, 20.93496820182021], [85.66469296656375, 20.93532752793386], [85.66478279809216, 20.93532752793386], [85.66478279809216, 20.93541735946227], [85.66469296656375, 20.93541735946227], [85.66469296656375, 20.935686854047507], [85.66442347197852, 20.935686854047507], [85.66442347197852, 20.935507190990684], [85.6642438089217, 20.935507190990684], [85.6642438089217, 20.93532752793386], [85.66397431433646, 20.93532752793386], [85.66397431433646, 20.93541735946227], [85.66388448280804, 20.93541735946227], [85.66388448280804, 20.935507190990684], [85.66334549363758, 20.935507190990684], [85.66334549363758, 20.93532752793386], [85.66325566210917, 20.93532752793386], [85.66325566210917, 20.935237696405448], [85.66307599905234, 20.935237696405448], [85.66307599905234, 20.93496820182021], [85.66289633599551, 20.93496820182021], [85.66289633599551, 20.93478853876339], [85.66262684141027, 20.93478853876339], [85.66262684141027, 20.934608875706566], [85.66253700988187, 20.934608875706566], [85.66253700988187, 20.93442921264974], [85.66235734682505, 20.93442921264974], [85.66235734682505, 20.934249549592916], [85.66226751529663, 20.934249549592916], [85.66226751529663, 20.934069886536093], [85.66217768376822, 20.934069886536093], [85.66217768376822, 20.93389022347927], [85.66208785223981, 20.93389022347927], [85.66208785223981, 20.933620728894034], [85.6619980207114, 20.933620728894034], [85.6619980207114, 20.932812245138326], [85.66217768376822, 20.932812245138326], [85.66217768376822, 20.932632582081503], [85.66253700988187, 20.932632582081503], [85.66253700988187, 20.931913929854208], [85.66244717835346, 20.931913929854208], [85.66244717835346, 20.93173426679738], [85.66235734682505, 20.93173426679738], [85.66235734682505, 20.931554603740558], [85.66226751529663, 20.931554603740558], [85.66226751529663, 20.931374940683735], [85.66217768376822, 20.931374940683735], [85.66217768376822, 20.93119527762691], [85.66208785223981, 20.93119527762691], [85.66208785223981, 20.931015614570086], [85.6619980207114, 20.931015614570086], [85.6619980207114, 20.93029696234279], [85.66181835765457, 20.93029696234279], [85.66181835765457, 20.930207130814377], [85.66163869459774, 20.930207130814377], [85.66163869459774, 20.930117299285968], [85.6612793684841, 20.930117299285968], [85.6612793684841, 20.930027467757554], [85.66109970542728, 20.930027467757554], [85.66109970542728, 20.929937636229145], [85.66100987389886, 20.929937636229145], [85.66100987389886, 20.92984780470073], [85.66083021084204, 20.92984780470073], [85.66083021084204, 20.92975797317232], [85.66074037931362, 20.92975797317232], [85.66074037931362, 20.92966814164391], [85.6604708847284, 20.92966814164391], [85.6604708847284, 20.929488478587082], [85.66029122167157, 20.929488478587082], [85.66029122167157, 20.929398647058672], [85.66011155861474, 20.929398647058672], [85.66011155861474, 20.92930881553026], [85.65993189555792, 20.92930881553026], [85.65993189555792, 20.929129152473436], [85.65975223250109, 20.929129152473436], [85.65975223250109, 20.92751218496202], [85.65993189555792, 20.92751218496202], [85.65993189555792, 20.927332521905196], [85.66011155861474, 20.927332521905196], [85.66011155861474, 20.927152858848373], [85.66029122167157, 20.927152858848373], [85.66029122167157, 20.926973195791547], [85.6604708847284, 20.926973195791547], [85.6604708847284, 20.926793532734724], [85.66065054778521, 20.926793532734724], [85.66065054778521, 20.9266138696779], [85.66092004237045, 20.9266138696779], [85.66092004237045, 20.926434206621078], [85.66109970542728, 20.926434206621078], [85.66109970542728, 20.92625454356425], [85.6612793684841, 20.92625454356425], [85.6612793684841, 20.92607488050743], [85.66145903154093, 20.92607488050743], [85.66145903154093, 20.925895217450606], [85.66163869459774, 20.925895217450606], [85.66163869459774, 20.925535891336956], [85.66208785223981, 20.925535891336956], [85.66208785223981, 20.925356228280133], [85.66217768376822, 20.925356228280133], [85.66217768376822, 20.92517656522331], [85.66226751529663, 20.92517656522331], [85.66226751529663, 20.924996902166484], [85.66244717835346, 20.924996902166484], [85.66244717835346, 20.92472740758125], [85.66253700988187, 20.92472740758125], [85.66253700988187, 20.924637576052838], [85.66262684141027, 20.924637576052838], [85.66262684141027, 20.924457912996015], [85.6628065044671, 20.924457912996015], [85.6628065044671, 20.92427824993919], [85.66298616752393, 20.92427824993919], [85.66298616752393, 20.924098586882366]]]}, "id": "+3389+2676", "properties": {"area_ha": 100.73200887538138, "centroid_lat": 20.93053345516978, "centroid_lon": 85.66577350751068, "cluster_id": 2, "n_pixels": 10073, "perim_m": 9528.03212477048, "profile_A00_p50": 0.07371982774363124, "profile_A01_p50": -0.07080327197516495, "profile_A02_p50": 0.1322981254439931, "profile_A03_p50": -0.010250780619415669, "profile_A04_p50": -0.06299072612406112, "profile_A05_p50": -0.0439732921810316, "profile_A06_p50": -0.090332138479979, "profile_A07_p50": 0.15570511432285652, "profile_A08_p50": -0.09529006011068138, "profile_A09_p50": 0.10596108957985138, "profile_A10_p50": 0.08252946409457931, "profile_A11_p50": 0.0932570701054449, "profile_A12_p50": -0.31193189333292587, "profile_A13_p50": -0.030788098058393845, "profile_A14_p50": -0.027795529498389756, "profile_A15_p50": 0.11374738210001104, "profile_A16_p50": -0.043449434494621644, "profile_A17_p50": 0.013162179069462822, "profile_A18_p50": -0.06300557284934591, "profile_A19_p50": -0.022429241121021376, "profile_A20_p50": -0.3283342303349581, "profile_A21_p50": 0.3213128599954505, "profile_A22_p50": 0.2535923768833039, "profile_A23_p50": -0.033714329613625894, "profile_A24_p50": 0.05809117291122123, "profile_A25_p50": 0.08352769012167616, "profile_A26_p50": 0.09909786926733626, "profile_A27_p50": 0.024892063447947886, "profile_A28_p50": -0.03468229119072916, "profile_A29_p50": 0.19082964554582893, "profile_A30_p50": 0.06105704349326211, "profile_A31_p50": 0.06152768031847395, "profile_A32_p50": 0.05760644314902727, "profile_A33_p50": 0.008265836419161557, "profile_A34_p50": 0.0712919451594574, "profile_A35_p50": -0.02003756707802365, "profile_A36_p50": -0.1509248369789767, "profile_A37_p50": -0.012690673588314686, "profile_A38_p50": 0.1469710593032481, "profile_A39_p50": -0.0649092753017363, "profile_A40_p50": 0.07865071355296285, "profile_A41_p50": 0.10495836679769749, "profile_A42_p50": -0.11673141778576339, "profile_A43_p50": 0.37118176189855545, "profile_A44_p50": 0.06691269187324635, "profile_A45_p50": -0.0029567032692388775, "profile_A46_p50": -0.06495279680901819, "profile_A47_p50": 0.07327085499009287, "profile_A48_p50": -0.06692038688333292, "profile_A49_p50": 0.09473320034659516, "profile_A50_p50": -0.05910077557486114, "profile_A51_p50": 0.010761756592634496, "profile_A52_p50": 0.0005177447727568842, "profile_A53_p50": -0.050288864253106524, "profile_A54_p50": 0.16559715515932047, "profile_A55_p50": -0.14211579159142623, "profile_A56_p50": 0.004405230912624311, "profile_A57_p50": -0.05710532518329083, "profile_A58_p50": -0.12851061312227732, "profile_A59_p50": -0.09322986909838514, "profile_A60_p50": -0.016124172594694525, "profile_A61_p50": -0.0815445966370047, "profile_A62_p50": -0.014670170571513371, "profile_A63_p50": 0.11177554016113044, "unit_id": 88}}, {"type": "Feature", "geometry": {"type": "Polygon", "coordinates": [[[85.6530148678702, 20.92984780470073], [85.65319453092702, 20.92984780470073], [85.65319453092702, 20.930027467757554], [85.6530148678702, 20.930027467757554], [85.6530148678702, 20.92984780470073]]]}, "id": "+3260+2612", "properties": {"area_ha": 0.037277237012638104, "centroid_lat": 20.92993763708898, "centroid_lon": 85.65310470132553, "cluster_id": 3, "n_pixels": 4, "perim_m": 77.15982042340951, "profile_A00_p50": 0.011235239387247112, "profile_A01_p50": -0.0944170190952198, "profile_A02_p50": 0.15850057670126871, "profile_A03_p50": 0.003564437970167429, "profile_A04_p50": -0.07205670402902237, "profile_A05_p50": 0.03257106241189286, "profile_A06_p50": -0.07272943763834964, "profile_A07_p50": 0.10985119683312686, "profile_A08_p50": -0.08651845985622647, "profile_A09_p50": 0.0600430883561467, "profile_A10_p50": 0.11400921607631402, "profile_A11_p50": 0.0111920030757401, "profile_A12_p50": -0.3221313230657005, "profile_A13_p50": 0.019024102708091968, "profile_A14_p50": -0.0053916421760631964, "profile_A15_p50": 0.11957411150282209, "profile_A16_p50": -0.07479604942143117, "profile_A17_p50": 0.03803665256952454, "profile_A18_p50": -0.1256803354945045, "profile_A19_p50": -0.01656259063652981, "profile_A20_p50": -0.2722795908059495, "profile_A21_p50": 0.3556452512654423, "profile_A22_p50": 0.17115688105307483, "profile_A23_p50": -0.019990446564841027, "profile_A24_p50": 0.04197593000361166, "profile_A25_p50": 0.09420353859861756, "profile_A26_p50": 0.10178905549147761, "profile_A27_p50": -0.03082037911668791, "profile_A28_p50": -0.0756967453399347, "profile_A29_p50": 0.1908586644815521, "profile_A30_p50": 0.08309282754496135, "profile_A31_p50": 0.06689427143406382, "profile_A32_p50": -0.05181669045714686, "profile_A33_p50": -0.016104732755643374, "profile_A34_p50": 0.049864714440127626, "profile_A35_p50": 0.018629112259767138, "profile_A36_p50": -0.21195628055143625, "profile_A37_p50": 0.09047097270280662, "profile_A38_p50": 0.17544807340384294, "profile_A39_p50": -0.059400418326222906, "profile_A40_p50": 0.08742905150440715, "profile_A41_p50": 0.05032945124855639, "profile_A42_p50": -0.15373454599345476, "profile_A43_p50": 0.3164389764620445, "profile_A44_p50": 0.032788414712290145, "profile_A45_p50": 0.06788945230226325, "profile_A46_p50": 0.012293733179546327, "profile_A47_p50": 0.0634588854602597, "profile_A48_p50": -0.11581008419281325, "profile_A49_p50": 0.036267982797314094, "profile_A50_p50": -0.012156496585562329, "profile_A51_p50": 0.07320562343524893, "profile_A52_p50": -0.014181711833384267, "profile_A53_p50": -0.03801164060014577, "profile_A54_p50": 0.19885668933227743, "profile_A55_p50": -0.09414380413701337, "profile_A56_p50": -0.020010342445014827, "profile_A57_p50": -0.02485003959024507, "profile_A58_p50": -0.10019566862430729, "profile_A59_p50": -0.12456524525126902, "profile_A60_p50": -0.01524541842880943, "profile_A61_p50": -0.04454317190444322, "profile_A62_p50": 0.0748096885813149, "profile_A63_p50": 0.08887335484798001, "unit_id": 89}}, {"type": "Feature", "geometry": {"type": "Polygon", "coordinates": [[[85.65274537328496, 20.929129152473436], [85.65292503634178, 20.929129152473436], [85.65292503634178, 20.929218984001846], [85.6530148678702, 20.929218984001846], [85.6530148678702, 20.92930881553026], [85.65274537328496, 20.92930881553026], [85.65274537328496, 20.929129152473436]]]}, "id": "+3257+2620", "properties": {"area_ha": 0.04659677430885989, "centroid_lat": 20.92922796829837, "centroid_lon": 85.65286215610155, "cluster_id": 3, "n_pixels": 5, "perim_m": 95.84843027089488, "profile_A00_p50": 0.011235239387247112, "profile_A01_p50": -0.0944170190952198, "profile_A02_p50": 0.15850057670126871, "profile_A03_p50": 0.003564437970167429, "profile_A04_p50": -0.07205670402902237, "profile_A05_p50": 0.03257106241189286, "profile_A06_p50": -0.07272943763834964, "profile_A07_p50": 0.10985119683312686, "profile_A08_p50": -0.08651845985622647, "profile_A09_p50": 0.0600430883561467, "profile_A10_p50": 0.11400921607631402, "profile_A11_p50": 0.0111920030757401, "profile_A12_p50": -0.3221313230657005, "profile_A13_p50": 0.019024102708091968, "profile_A14_p50": -0.0053916421760631964, "profile_A15_p50": 0.11957411150282209, "profile_A16_p50": -0.07479604942143117, "profile_A17_p50": 0.03803665256952454, "profile_A18_p50": -0.1256803354945045, "profile_A19_p50": -0.01656259063652981, "profile_A20_p50": -0.2722795908059495, "profile_A21_p50": 0.3556452512654423, "profile_A22_p50": 0.17115688105307483, "profile_A23_p50": -0.019990446564841027, "profile_A24_p50": 0.04197593000361166, "profile_A25_p50": 0.09420353859861756, "profile_A26_p50": 0.10178905549147761, "profile_A27_p50": -0.03082037911668791, "profile_A28_p50": -0.0756967453399347, "profile_A29_p50": 0.1908586644815521, "profile_A30_p50": 0.08309282754496135, "profile_A31_p50": 0.06689427143406382, "profile_A32_p50": -0.05181669045714686, "profile_A33_p50": -0.016104732755643374, "profile_A34_p50": 0.049864714440127626, "profile_A35_p50": 0.018629112259767138, "profile_A36_p50": -0.21195628055143625, "profile_A37_p50": 0.09047097270280662, "profile_A38_p50": 0.17544807340384294, "profile_A39_p50": -0.059400418326222906, "profile_A40_p50": 0.08742905150440715, "profile_A41_p50": 0.05032945124855639, "profile_A42_p50": -0.15373454599345476, "profile_A43_p50": 0.3164389764620445, "profile_A44_p50": 0.032788414712290145, "profile_A45_p50": 0.06788945230226325, "profile_A46_p50": 0.012293733179546327, "profile_A47_p50": 0.0634588854602597, "profile_A48_p50": -0.11581008419281325, "profile_A49_p50": 0.036267982797314094, "profile_A50_p50": -0.012156496585562329, "profile_A51_p50": 0.07320562343524893, "profile_A52_p50": -0.014181711833384267, "profile_A53_p50": -0.03801164060014577, "profile_A54_p50": 0.19885668933227743, "profile_A55_p50": -0.09414380413701337, "profile_A56_p50": -0.020010342445014827, "profile_A57_p50": -0.02485003959024507, "profile_A58_p50": -0.10019566862430729, "profile_A59_p50": -0.12456524525126902, "profile_A60_p50": -0.01524541842880943, "profile_A61_p50": -0.04454317190444322, "profile_A62_p50": 0.0748096885813149, "profile_A63_p50": 0.08887335484798001, "unit_id": 90}}, {"type": "Feature", "geometry": {"type": "Polygon", "coordinates": [[[85.65957256944428, 20.927691848018846], [85.65975223250109, 20.927691848018846], [85.65975223250109, 20.929129152473436], [85.65993189555792, 20.929129152473436], [85.65993189555792, 20.92930881553026], [85.66011155861474, 20.92930881553026], [85.66011155861474, 20.929398647058672], [85.66029122167157, 20.929398647058672], [85.66029122167157, 20.929488478587082], [85.6604708847284, 20.929488478587082], [85.6604708847284, 20.92966814164391], [85.66074037931362, 20.92966814164391], [85.66074037931362, 20.92975797317232], [85.66083021084204, 20.92975797317232], [85.66083021084204, 20.92984780470073], [85.66100987389886, 20.92984780470073], [85.66100987389886, 20.929937636229145], [85.66109970542728, 20.929937636229145], [85.66109970542728, 20.930027467757554], [85.6612793684841, 20.930027467757554], [85.6612793684841, 20.930117299285968], [85.66163869459774, 20.930117299285968], [85.66163869459774, 20.930207130814377], [85.66181835765457, 20.930207130814377], [85.66181835765457, 20.93029696234279], [85.6619980207114, 20.93029696234279], [85.6619980207114, 20.930835951513263], [85.66190818918298, 20.930835951513263], [85.66190818918298, 20.930925783041676], [85.66181835765457, 20.930925783041676], [85.66181835765457, 20.93065628845644], [85.66163869459774, 20.93065628845644], [85.66163869459774, 20.930476625399614], [85.66145903154093, 20.930476625399614], [85.66145903154093, 20.930386793871204], [85.66136920001252, 20.930386793871204], [85.66136920001252, 20.930476625399614], [85.6612793684841, 20.930476625399614], [85.6612793684841, 20.93029696234279], [85.66092004237045, 20.93029696234279], [85.66092004237045, 20.930207130814377], [85.66083021084204, 20.930207130814377], [85.66083021084204, 20.930027467757554], [85.66074037931362, 20.930027467757554], [85.66074037931362, 20.930117299285968], [85.66065054778521, 20.930117299285968], [85.66065054778521, 20.930027467757554], [85.6604708847284, 20.930027467757554], [85.6604708847284, 20.92984780470073], [85.66020139014316, 20.92984780470073], [85.66020139014316, 20.92975797317232], [85.66011155861474, 20.92975797317232], [85.66011155861474, 20.92966814164391], [85.65993189555792, 20.92966814164391], [85.65993189555792, 20.929578310115495], [85.65966240097268, 20.929578310115495], [85.65966240097268, 20.92966814164391], [85.65957256944428, 20.92966814164391], [85.65957256944428, 20.929578310115495], [85.65966240097268, 20.929578310115495], [85.65966240097268, 20.929488478587082], [85.65948273791587, 20.929488478587082], [85.65948273791587, 20.929398647058672], [85.65939290638745, 20.929398647058672], [85.65939290638745, 20.92930881553026], [85.65930307485904, 20.92930881553026], [85.65930307485904, 20.929129152473436], [85.65912341180221, 20.929129152473436], [85.65912341180221, 20.928949489416613], [85.65885391721697, 20.928949489416613], [85.65885391721697, 20.928769826359787], [85.65894374874539, 20.928769826359787], [85.65894374874539, 20.928679994831377], [85.6590335802738, 20.928679994831377], [85.6590335802738, 20.928590163302964], [85.65921324333063, 20.928590163302964], [85.65921324333063, 20.92841050024614], [85.65894374874539, 20.92841050024614], [85.65894374874539, 20.928230837189314], [85.65858442263175, 20.928230837189314], [85.65858442263175, 20.92805117413249], [85.65840475957492, 20.92805117413249], [85.65840475957492, 20.92796134260408], [85.65858442263175, 20.92796134260408], [85.65858442263175, 20.92805117413249], [85.65930307485904, 20.92805117413249], [85.65930307485904, 20.92787151107567], [85.65957256944428, 20.92787151107567], [85.65957256944428, 20.927691848018846]], [[85.66163869459774, 20.93029696234279], [85.66154886306934, 20.93029696234279], [85.66154886306934, 20.930386793871204], [85.66163869459774, 20.930386793871204], [85.66163869459774, 20.93029696234279]], [[85.65930307485904, 20.9288596578882], [85.65921324333063, 20.9288596578882], [85.65921324333063, 20.928949489416613], [85.65930307485904, 20.928949489416613], [85.65930307485904, 20.9288596578882]], [[85.65912341180221, 20.928679994831377], [85.6590335802738, 20.928679994831377], [85.6590335802738, 20.928769826359787], [85.65912341180221, 20.928769826359787], [85.65912341180221, 20.928679994831377]]]}, "id": "+3333+2636", "properties": {"area_ha": 2.301880695476147, "centroid_lat": 20.9291904321472, "centroid_lon": 85.66003281123406, "cluster_id": 3, "n_pixels": 230, "perim_m": 1752.3815168747476, "profile_A00_p50": 0.011235239387247112, "profile_A01_p50": -0.0944170190952198, "profile_A02_p50": 0.15850057670126871, "profile_A03_p50": 0.003564437970167429, "profile_A04_p50": -0.07205670402902237, "profile_A05_p50": 0.03257106241189286, "profile_A06_p50": -0.07272943763834964, "profile_A07_p50": 0.10985119683312686, "profile_A08_p50": -0.08651845985622647, "profile_A09_p50": 0.0600430883561467, "profile_A10_p50": 0.11400921607631402, "profile_A11_p50": 0.0111920030757401, "profile_A12_p50": -0.3221313230657005, "profile_A13_p50": 0.019024102708091968, "profile_A14_p50": -0.0053916421760631964, "profile_A15_p50": 0.11957411150282209, "profile_A16_p50": -0.07479604942143117, "profile_A17_p50": 0.03803665256952454, "profile_A18_p50": -0.1256803354945045, "profile_A19_p50": -0.01656259063652981, "profile_A20_p50": -0.2722795908059495, "profile_A21_p50": 0.3556452512654423, "profile_A22_p50": 0.17115688105307483, "profile_A23_p50": -0.019990446564841027, "profile_A24_p50": 0.04197593000361166, "profile_A25_p50": 0.09420353859861756, "profile_A26_p50": 0.10178905549147761, "profile_A27_p50": -0.03082037911668791, "profile_A28_p50": -0.0756967453399347, "profile_A29_p50": 0.1908586644815521, "profile_A30_p50": 0.08309282754496135, "profile_A31_p50": 0.06689427143406382, "profile_A32_p50": -0.05181669045714686, "profile_A33_p50": -0.016104732755643374, "profile_A34_p50": 0.049864714440127626, "profile_A35_p50": 0.018629112259767138, "profile_A36_p50": -0.21195628055143625, "profile_A37_p50": 0.09047097270280662, "profile_A38_p50": 0.17544807340384294, "profile_A39_p50": -0.059400418326222906, "profile_A40_p50": 0.08742905150440715, "profile_A41_p50": 0.05032945124855639, "profile_A42_p50": -0.15373454599345476, "profile_A43_p50": 0.3164389764620445, "profile_A44_p50": 0.032788414712290145, "profile_A45_p50": 0.06788945230226325, "profile_A46_p50": 0.012293733179546327, "profile_A47_p50": 0.0634588854602597, "profile_A48_p50": -0.11581008419281325, "profile_A49_p50": 0.036267982797314094, "profile_A50_p50": -0.012156496585562329, "profile_A51_p50": 0.07320562343524893, "profile_A52_p50": -0.014181711833384267, "profile_A53_p50": -0.03801164060014577, "profile_A54_p50": 0.19885668933227743, "profile_A55_p50": -0.09414380413701337, "profile_A56_p50": -0.020010342445014827, "profile_A57_p50": -0.02485003959024507, "profile_A58_p50": -0.10019566862430729, "profile_A59_p50": -0.12456524525126902, "profile_A60_p50": -0.01524541842880943, "profile_A61_p50": -0.04454317190444322, "profile_A62_p50": 0.0748096885813149, "profile_A63_p50": 0.08887335484798001, "unit_id": 91}}, {"type": "Feature", "geometry": {"type": "Polygon", "coordinates": [[[85.65813526498968, 20.928949489416613], [85.6582250965181, 20.928949489416613], [85.6582250965181, 20.929039320945023], [85.65840475957492, 20.929039320945023], [85.65840475957492, 20.92930881553026], [85.6582250965181, 20.92930881553026], [85.6582250965181, 20.929218984001846], [85.65813526498968, 20.929218984001846], [85.65813526498968, 20.928949489416613]]]}, "id": "+3316+2622", "properties": {"area_ha": 0.08387422753311802, "centroid_lat": 20.92914412418968, "centroid_lon": 85.658270012418, "cluster_id": 3, "n_pixels": 8, "perim_m": 135.63157707994887, "profile_A00_p50": 0.011235239387247112, "profile_A01_p50": -0.0944170190952198, "profile_A02_p50": 0.15850057670126871, "profile_A03_p50": 0.003564437970167429, "profile_A04_p50": -0.07205670402902237, "profile_A05_p50": 0.03257106241189286, "profile_A06_p50": -0.07272943763834964, "profile_A07_p50": 0.10985119683312686, "profile_A08_p50": -0.08651845985622647, "profile_A09_p50": 0.0600430883561467, "profile_A10_p50": 0.11400921607631402, "profile_A11_p50": 0.0111920030757401, "profile_A12_p50": -0.3221313230657005, "profile_A13_p50": 0.019024102708091968, "profile_A14_p50": -0.0053916421760631964, "profile_A15_p50": 0.11957411150282209, "profile_A16_p50": -0.07479604942143117, "profile_A17_p50": 0.03803665256952454, "profile_A18_p50": -0.1256803354945045, "profile_A19_p50": -0.01656259063652981, "profile_A20_p50": -0.2722795908059495, "profile_A21_p50": 0.3556452512654423, "profile_A22_p50": 0.17115688105307483, "profile_A23_p50": -0.019990446564841027, "profile_A24_p50": 0.04197593000361166, "profile_A25_p50": 0.09420353859861756, "profile_A26_p50": 0.10178905549147761, "profile_A27_p50": -0.03082037911668791, "profile_A28_p50": -0.0756967453399347, "profile_A29_p50": 0.1908586644815521, "profile_A30_p50": 0.08309282754496135, "profile_A31_p50": 0.06689427143406382, "profile_A32_p50": -0.05181669045714686, "profile_A33_p50": -0.016104732755643374, "profile_A34_p50": 0.049864714440127626, "profile_A35_p50": 0.018629112259767138, "profile_A36_p50": -0.21195628055143625, "profile_A37_p50": 0.09047097270280662, "profile_A38_p50": 0.17544807340384294, "profile_A39_p50": -0.059400418326222906, "profile_A40_p50": 0.08742905150440715, "profile_A41_p50": 0.05032945124855639, "profile_A42_p50": -0.15373454599345476, "profile_A43_p50": 0.3164389764620445, "profile_A44_p50": 0.032788414712290145, "profile_A45_p50": 0.06788945230226325, "profile_A46_p50": 0.012293733179546327, "profile_A47_p50": 0.0634588854602597, "profile_A48_p50": -0.11581008419281325, "profile_A49_p50": 0.036267982797314094, "profile_A50_p50": -0.012156496585562329, "profile_A51_p50": 0.07320562343524893, "profile_A52_p50": -0.014181711833384267, "profile_A53_p50": -0.03801164060014577, "profile_A54_p50": 0.19885668933227743, "profile_A55_p50": -0.09414380413701337, "profile_A56_p50": -0.020010342445014827, "profile_A57_p50": -0.02485003959024507, "profile_A58_p50": -0.10019566862430729, "profile_A59_p50": -0.12456524525126902, "profile_A60_p50": -0.01524541842880943, "profile_A61_p50": -0.04454317190444322, "profile_A62_p50": 0.0748096885813149, "profile_A63_p50": 0.08887335484798001, "unit_id": 92}}, {"type": "Feature", "geometry": {"type": "Polygon", "coordinates": [[[85.65031992201784, 20.925086733694897], [85.65067924813148, 20.925086733694897], [85.65067924813148, 20.92517656522331], [85.6507690796599, 20.92517656522331], [85.6507690796599, 20.92526639675172], [85.65085891118831, 20.92526639675172], [85.65085891118831, 20.925356228280133], [85.65094874271672, 20.925356228280133], [85.65094874271672, 20.92562572286537], [85.65112840577355, 20.92562572286537], [85.65112840577355, 20.925805385922192], [85.65121823730196, 20.925805385922192], [85.65121823730196, 20.925985048979015], [85.65130806883037, 20.925985048979015], [85.65130806883037, 20.927332521905196], [85.65112840577355, 20.927332521905196], [85.65112840577355, 20.92742235343361], [85.65103857424513, 20.92742235343361], [85.65103857424513, 20.927602016490432], [85.65112840577355, 20.927602016490432], [85.65112840577355, 20.927781679547255], [85.65139790035879, 20.927781679547255], [85.65139790035879, 20.927691848018846], [85.65202672105767, 20.927691848018846], [85.65202672105767, 20.92751218496202], [85.65220638411449, 20.92751218496202], [85.65220638411449, 20.927602016490432], [85.6522962156429, 20.927602016490432], [85.6522962156429, 20.927691848018846], [85.65238604717132, 20.927691848018846], [85.65238604717132, 20.92787151107567], [85.65247587869973, 20.92787151107567], [85.65247587869973, 20.927781679547255], [85.65256571022815, 20.927781679547255], [85.65256571022815, 20.92787151107567], [85.65283520481337, 20.92787151107567], [85.65283520481337, 20.928230837189314], [85.65319453092702, 20.928230837189314], [85.65319453092702, 20.92805117413249], [85.65337419398385, 20.92805117413249], [85.65337419398385, 20.92787151107567], [85.65373352009749, 20.92787151107567], [85.65373352009749, 20.92805117413249], [85.65418267773956, 20.92805117413249], [85.65418267773956, 20.928230837189314], [85.65454200385321, 20.928230837189314], [85.65454200385321, 20.92805117413249], [85.65472166691002, 20.92805117413249], [85.65472166691002, 20.92787151107567], [85.65508099302367, 20.92787151107567], [85.65508099302367, 20.927691848018846], [85.6552606560805, 20.927691848018846], [85.6552606560805, 20.927602016490432], [85.65553015066574, 20.927602016490432], [85.65553015066574, 20.92751218496202], [85.65570981372255, 20.92751218496202], [85.65570981372255, 20.927602016490432], [85.65579964525097, 20.927602016490432], [85.65579964525097, 20.92751218496202], [85.6560691398362, 20.92751218496202], [85.6560691398362, 20.92787151107567], [85.65588947677938, 20.92787151107567], [85.65588947677938, 20.928141005660905], [85.65597930830779, 20.928141005660905], [85.65597930830779, 20.928230837189314], [85.6560691398362, 20.928230837189314], [85.6560691398362, 20.928590163302964], [85.65624880289303, 20.928590163302964], [85.65624880289303, 20.928769826359787], [85.65642846594986, 20.928769826359787], [85.65642846594986, 20.92930881553026], [85.65660812900668, 20.92930881553026], [85.65660812900668, 20.928949489416613], [85.6567877920635, 20.928949489416613], [85.6567877920635, 20.928590163302964], [85.65669796053508, 20.928590163302964], [85.65669796053508, 20.9288596578882], [85.65651829747827, 20.9288596578882], [85.65651829747827, 20.928769826359787], [85.65660812900668, 20.928769826359787], [85.65660812900668, 20.928590163302964], [85.65669796053508, 20.928590163302964], [85.65669796053508, 20.92850033177455], [85.6567877920635, 20.92850033177455], [85.6567877920635, 20.928590163302964], [85.65696745512032, 20.928590163302964], [85.65696745512032, 20.928769826359787], [85.65705728664874, 20.928769826359787], [85.65705728664874, 20.928590163302964], [85.65732678123398, 20.928590163302964], [85.65732678123398, 20.92850033177455], [85.65723694970556, 20.92850033177455], [85.65723694970556, 20.92841050024614], [85.65732678123398, 20.92841050024614], [85.65732678123398, 20.92850033177455], [85.65759627581922, 20.92850033177455], [85.65759627581922, 20.92841050024614], [85.65768610734762, 20.92841050024614], [85.65768610734762, 20.928590163302964], [85.65777593887603, 20.928590163302964], [85.65777593887603, 20.92850033177455], [85.65795560193285, 20.92850033177455], [85.65795560193285, 20.928769826359787], [85.65813526498968, 20.928769826359787], [85.65813526498968, 20.929218984001846], [85.6582250965181, 20.929218984001846], [85.6582250965181, 20.92930881553026], [85.65840475957492, 20.92930881553026], [85.65840475957492, 20.929488478587082], [85.65831492804651, 20.929488478587082], [85.65831492804651, 20.930386793871204], [85.65858442263175, 20.930386793871204], [85.65858442263175, 20.930566456928027], [85.65876408568856, 20.930566456928027], [85.65876408568856, 20.93065628845644], [85.65867425416015, 20.93065628845644], [85.65867425416015, 20.93074611998485], [85.65858442263175, 20.93074611998485], [85.65858442263175, 20.93065628845644], [85.65831492804651, 20.93065628845644], [85.65831492804651, 20.930566456928027], [85.65813526498968, 20.930566456928027], [85.65813526498968, 20.93065628845644], [85.65804543346127, 20.93065628845644], [85.65804543346127, 20.93074611998485], [85.65795560193285, 20.93074611998485], [85.65795560193285, 20.930835951513263], [85.65786577040444, 20.930835951513263], [85.65786577040444, 20.930925783041676], [85.65777593887603, 20.930925783041676], [85.65777593887603, 20.931015614570086], [85.65768610734762, 20.931015614570086], [85.65768610734762, 20.9311054460985], [85.65732678123398, 20.9311054460985], [85.65732678123398, 20.931374940683735], [85.65714711817715, 20.931374940683735], [85.65714711817715, 20.931464772212145], [85.65768610734762, 20.931464772212145], [85.65768610734762, 20.931554603740558], [85.65759627581922, 20.931554603740558], [85.65759627581922, 20.93164443526897], [85.65741661276239, 20.93164443526897], [85.65741661276239, 20.931824098325794], [85.65696745512032, 20.931824098325794], [85.65696745512032, 20.931913929854208], [85.6567877920635, 20.931913929854208], [85.6567877920635, 20.932003761382617], [85.65642846594986, 20.932003761382617], [85.65642846594986, 20.931824098325794], [85.65624880289303, 20.931824098325794], [85.65624880289303, 20.93173426679738], [85.65615897136462, 20.93173426679738], [85.65615897136462, 20.931824098325794], [85.6560691398362, 20.931824098325794], [85.6560691398362, 20.93164443526897], [85.65561998219415, 20.93164443526897], [85.65561998219415, 20.931554603740558], [85.65553015066574, 20.931554603740558], [85.65553015066574, 20.93164443526897], [85.65544031913733, 20.93164443526897], [85.65544031913733, 20.931464772212145], [85.65508099302367, 20.931464772212145], [85.65508099302367, 20.931285109155322], [85.65490132996685, 20.931285109155322], [85.65490132996685, 20.9311054460985], [85.65427250926797, 20.9311054460985], [85.65427250926797, 20.930925783041676], [85.65409284621114, 20.930925783041676], [85.65409284621114, 20.93074611998485], [85.65400301468273, 20.93074611998485], [85.65400301468273, 20.930835951513263], [85.65391318315432, 20.930835951513263], [85.65391318315432, 20.93074611998485], [85.65373352009749, 20.93074611998485], [85.65373352009749, 20.930566456928027], [85.65355385704068, 20.930566456928027], [85.65355385704068, 20.930386793871204], [85.65346402551226, 20.930386793871204], [85.65346402551226, 20.930207130814377], [85.65337419398385, 20.930207130814377], [85.65337419398385, 20.92966814164391], [85.65319453092702, 20.92966814164391], [85.65319453092702, 20.92984780470073], [85.65310469939861, 20.92984780470073], [85.65310469939861, 20.92975797317232], [85.6530148678702, 20.92975797317232], [85.6530148678702, 20.92966814164391], [85.65319453092702, 20.92966814164391], [85.65319453092702, 20.929398647058672], [85.65310469939861, 20.929398647058672], [85.65310469939861, 20.929488478587082], [85.6530148678702, 20.929488478587082], [85.6530148678702, 20.929129152473436], [85.65274537328496, 20.929129152473436], [85.65274537328496, 20.928949489416613], [85.65292503634178, 20.928949489416613], [85.65292503634178, 20.928769826359787], [85.6530148678702, 20.928769826359787], [85.6530148678702, 20.928590163302964], [85.65292503634178, 20.928590163302964], [85.65292503634178, 20.928679994831377], [85.65283520481337, 20.928679994831377], [85.65283520481337, 20.928590163302964], [85.65238604717132, 20.928590163302964], [85.65238604717132, 20.928679994831377], [85.6522962156429, 20.928679994831377], [85.6522962156429, 20.928590163302964], [85.65211655258608, 20.928590163302964], [85.65211655258608, 20.928679994831377], [85.65202672105767, 20.928679994831377], [85.65202672105767, 20.928590163302964], [85.65184705800084, 20.928590163302964], [85.65184705800084, 20.928230837189314], [85.65193688952925, 20.928230837189314], [85.65193688952925, 20.92796134260408], [85.65184705800084, 20.92796134260408], [85.65184705800084, 20.92787151107567], [85.65157756341561, 20.92787151107567], [85.65157756341561, 20.92796134260408], [85.6514877318872, 20.92796134260408], [85.6514877318872, 20.92787151107567], [85.65121823730196, 20.92787151107567], [85.65121823730196, 20.92796134260408], [85.65094874271672, 20.92796134260408], [85.65094874271672, 20.92787151107567], [85.65085891118831, 20.92787151107567], [85.65085891118831, 20.927781679547255], [85.65058941660308, 20.927781679547255], [85.65058941660308, 20.92787151107567], [85.65067924813148, 20.92787151107567], [85.65067924813148, 20.92796134260408], [85.65058941660308, 20.92796134260408], [85.65058941660308, 20.92787151107567], [85.65049958507467, 20.92787151107567], [85.65049958507467, 20.92796134260408], [85.6500504274326, 20.92796134260408], [85.6500504274326, 20.92805117413249], [85.64978093284736, 20.92805117413249], [85.64978093284736, 20.92796134260408], [85.64969110131895, 20.92796134260408], [85.64969110131895, 20.927152858848373], [85.64960126979055, 20.927152858848373], [85.64960126979055, 20.92607488050743], [85.64978093284736, 20.92607488050743], [85.64978093284736, 20.925985048979015], [85.64996059590419, 20.925985048979015], [85.64996059590419, 20.925895217450606], [85.6500504274326, 20.925895217450606], [85.6500504274326, 20.925805385922192], [85.65031992201784, 20.925805385922192], [85.65031992201784, 20.925715554393783], [85.65023009048943, 20.925715554393783], [85.65023009048943, 20.92562572286537], [85.65031992201784, 20.92562572286537], [85.65031992201784, 20.925086733694897]], [[85.65517082455209, 20.929937636229145], [85.65508099302367, 20.929937636229145], [85.65508099302367, 20.930027467757554], [85.65517082455209, 20.930027467757554], [85.65517082455209, 20.929937636229145]], [[85.65544031913733, 20.929488478587082], [85.65517082455209, 20.929488478587082], [85.65517082455209, 20.929578310115495], [85.65490132996685, 20.929578310115495], [85.65490132996685, 20.92975797317232], [85.65481149843843, 20.92975797317232], [85.65481149843843, 20.92966814164391], [85.65472166691002, 20.92966814164391], [85.65472166691002, 20.92984780470073], [85.65517082455209, 20.92984780470073], [85.65517082455209, 20.929937636229145], [85.6552606560805, 20.929937636229145], [85.6552606560805, 20.92984780470073], [85.65535048760891, 20.92984780470073], [85.65535048760891, 20.930027467757554], [85.65544031913733, 20.930027467757554], [85.65544031913733, 20.929488478587082]], [[85.65319453092702, 20.92841050024614], [85.6530148678702, 20.92841050024614], [85.6530148678702, 20.92850033177455], [85.65310469939861, 20.92850033177455], [85.65310469939861, 20.928590163302964], [85.65319453092702, 20.928590163302964], [85.65319453092702, 20.92841050024614]], [[85.65337419398385, 20.928141005660905], [85.65328436245544, 20.928141005660905], [85.65328436245544, 20.928230837189314], [85.65337419398385, 20.928230837189314], [85.65337419398385, 20.928141005660905]], [[85.65202672105767, 20.927781679547255], [85.65193688952925, 20.927781679547255], [85.65193688952925, 20.92787151107567], [85.65202672105767, 20.92787151107567], [85.65202672105767, 20.927781679547255]], [[85.65103857424513, 20.926703701206314], [85.65085891118831, 20.926703701206314], [85.65085891118831, 20.926883364263137], [85.65067924813148, 20.926883364263137], [85.65067924813148, 20.926973195791547], [85.65058941660308, 20.926973195791547], [85.65058941660308, 20.92706302731996], [85.65067924813148, 20.92706302731996], [85.65067924813148, 20.92742235343361], [85.65103857424513, 20.92742235343361], [85.65103857424513, 20.927152858848373], [85.65112840577355, 20.927152858848373], [85.65112840577355, 20.926883364263137], [85.65103857424513, 20.926883364263137], [85.65103857424513, 20.926703701206314]], [[85.65014025896102, 20.925895217450606], [85.6500504274326, 20.925895217450606], [85.6500504274326, 20.925985048979015], [85.65014025896102, 20.925985048979015], [85.65014025896102, 20.925895217450606]]]}, "id": "+3232+2665", "properties": {"area_ha": 23.07473506357719, "centroid_lat": 20.929123385547552, "centroid_lon": 85.65460030687261, "cluster_id": 1, "n_pixels": 2307, "perim_m": 5732.143364549617, "profile_A00_p50": 0.05322490089061294, "profile_A01_p50": -0.06588960226698776, "profile_A02_p50": 0.1529994411706668, "profile_A03_p50": 0.004396723212956731, "profile_A04_p50": -0.05832658226689369, "profile_A05_p50": 0.015158496882656702, "profile_A06_p50": -0.058113267185035455, "profile_A07_p50": 0.11962914339116627, "profile_A08_p50": -0.09326266198422985, "profile_A09_p50": 0.08838273719580549, "profile_A10_p50": 0.0927738549931394, "profile_A11_p50": 0.07960371607931654, "profile_A12_p50": -0.3249897319335717, "profile_A13_p50": 0.0044190217192075195, "profile_A14_p50": 0.017099823624685245, "profile_A15_p50": 0.1264737837743902, "profile_A16_p50": -0.06398815698604657, "profile_A17_p50": 0.06009021031571071, "profile_A18_p50": -0.08835826261434147, "profile_A19_p50": -0.020495413132786598, "profile_A20_p50": -0.3432207421649957, "profile_A21_p50": 0.3462977910933563, "profile_A22_p50": 0.21781800919039349, "profile_A23_p50": 0.002466081314448473, "profile_A24_p50": 0.044423011605003684, "profile_A25_p50": 0.07520972980020879, "profile_A26_p50": 0.10986634887067584, "profile_A27_p50": -0.02199335255392581, "profile_A28_p50": -0.042509549344215, "profile_A29_p50": 0.20140214272110038, "profile_A30_p50": 0.055171624942798744, "profile_A31_p50": 0.05227177289072206, "profile_A32_p50": 0.000957316000058114, "profile_A33_p50": 0.009267088127341096, "profile_A34_p50": 0.06397362739951426, "profile_A35_p50": 0.012661068372644, "profile_A36_p50": -0.15279506865085354, "profile_A37_p50": 0.03807606339089456, "profile_A38_p50": 0.15669696681405246, "profile_A39_p50": -0.0595711700946848, "profile_A40_p50": 0.08346119692206716, "profile_A41_p50": 0.08642988587394283, "profile_A42_p50": -0.15870285279429833, "profile_A43_p50": 0.33118419251225517, "profile_A44_p50": 0.05520752142849134, "profile_A45_p50": 0.0532128036651257, "profile_A46_p50": -0.01712322146126869, "profile_A47_p50": 0.02200723127549733, "profile_A48_p50": -0.11667718980753906, "profile_A49_p50": 0.08543167339345949, "profile_A50_p50": -0.046326086499873464, "profile_A51_p50": 0.03856258647140974, "profile_A52_p50": -0.022948844816816024, "profile_A53_p50": -0.06591446047458382, "profile_A54_p50": 0.19317842710817879, "profile_A55_p50": -0.11961082210177881, "profile_A56_p50": -0.0014382150342833156, "profile_A57_p50": -0.04930843751849643, "profile_A58_p50": -0.13624692489672033, "profile_A59_p50": -0.16067235778065347, "profile_A60_p50": -0.024889585453966214, "profile_A61_p50": -0.04440479733645213, "profile_A62_p50": 0.04593597650644479, "profile_A63_p50": 0.08937991613072041, "unit_id": 93}}, {"type": "Feature", "geometry": {"type": "Polygon", "coordinates": [[[85.65265554175654, 20.928769826359787], [85.65292503634178, 20.928769826359787], [85.65292503634178, 20.928949489416613], [85.65274537328496, 20.928949489416613], [85.65274537328496, 20.9288596578882], [85.65265554175654, 20.9288596578882], [85.65265554175654, 20.929129152473436], [85.65256571022815, 20.929129152473436], [85.65256571022815, 20.92930881553026], [85.65247587869973, 20.92930881553026], [85.65247587869973, 20.929039320945023], [85.65256571022815, 20.929039320945023], [85.65256571022815, 20.9288596578882], [85.65265554175654, 20.9288596578882], [85.65265554175654, 20.928769826359787]]]}, "id": "+3257+2624", "properties": {"area_ha": 0.10251305107164158, "centroid_lat": 20.92897807101802, "centroid_lon": 85.65267595901283, "cluster_id": 3, "n_pixels": 10, "perim_m": 232.68327190448545, "profile_A00_p50": 0.011235239387247112, "profile_A01_p50": -0.0944170190952198, "profile_A02_p50": 0.15850057670126871, "profile_A03_p50": 0.003564437970167429, "profile_A04_p50": -0.07205670402902237, "profile_A05_p50": 0.03257106241189286, "profile_A06_p50": -0.07272943763834964, "profile_A07_p50": 0.10985119683312686, "profile_A08_p50": -0.08651845985622647, "profile_A09_p50": 0.0600430883561467, "profile_A10_p50": 0.11400921607631402, "profile_A11_p50": 0.0111920030757401, "profile_A12_p50": -0.3221313230657005, "profile_A13_p50": 0.019024102708091968, "profile_A14_p50": -0.0053916421760631964, "profile_A15_p50": 0.11957411150282209, "profile_A16_p50": -0.07479604942143117, "profile_A17_p50": 0.03803665256952454, "profile_A18_p50": -0.1256803354945045, "profile_A19_p50": -0.01656259063652981, "profile_A20_p50": -0.2722795908059495, "profile_A21_p50": 0.3556452512654423, "profile_A22_p50": 0.17115688105307483, "profile_A23_p50": -0.019990446564841027, "profile_A24_p50": 0.04197593000361166, "profile_A25_p50": 0.09420353859861756, "profile_A26_p50": 0.10178905549147761, "profile_A27_p50": -0.03082037911668791, "profile_A28_p50": -0.0756967453399347, "profile_A29_p50": 0.1908586644815521, "profile_A30_p50": 0.08309282754496135, "profile_A31_p50": 0.06689427143406382, "profile_A32_p50": -0.05181669045714686, "profile_A33_p50": -0.016104732755643374, "profile_A34_p50": 0.049864714440127626, "profile_A35_p50": 0.018629112259767138, "profile_A36_p50": -0.21195628055143625, "profile_A37_p50": 0.09047097270280662, "profile_A38_p50": 0.17544807340384294, "profile_A39_p50": -0.059400418326222906, "profile_A40_p50": 0.08742905150440715, "profile_A41_p50": 0.05032945124855639, "profile_A42_p50": -0.15373454599345476, "profile_A43_p50": 0.3164389764620445, "profile_A44_p50": 0.032788414712290145, "profile_A45_p50": 0.06788945230226325, "profile_A46_p50": 0.012293733179546327, "profile_A47_p50": 0.0634588854602597, "profile_A48_p50": -0.11581008419281325, "profile_A49_p50": 0.036267982797314094, "profile_A50_p50": -0.012156496585562329, "profile_A51_p50": 0.07320562343524893, "profile_A52_p50": -0.014181711833384267, "profile_A53_p50": -0.03801164060014577, "profile_A54_p50": 0.19885668933227743, "profile_A55_p50": -0.09414380413701337, "profile_A56_p50": -0.020010342445014827, "profile_A57_p50": -0.02485003959024507, "profile_A58_p50": -0.10019566862430729, "profile_A59_p50": -0.12456524525126902, "profile_A60_p50": -0.01524541842880943, "profile_A61_p50": -0.04454317190444322, "profile_A62_p50": 0.0748096885813149, "profile_A63_p50": 0.08887335484798001, "unit_id": 94}}, {"type": "Feature", "geometry": {"type": "Polygon", "coordinates": [[[85.65624880289303, 20.92805117413249], [85.65651829747827, 20.92805117413249], [85.65651829747827, 20.928141005660905], [85.65669796053508, 20.928141005660905], [85.65669796053508, 20.928230837189314], [85.65651829747827, 20.928230837189314], [85.65651829747827, 20.928141005660905], [85.65642846594986, 20.928141005660905], [85.65642846594986, 20.928230837189314], [85.65624880289303, 20.928230837189314], [85.65624880289303, 20.92805117413249]]]}, "id": "+3297+2632", "properties": {"area_ha": 0.06523593698970337, "centroid_lat": 20.928147421944416, "centroid_lon": 85.65643488227965, "cluster_id": 1, "n_pixels": 7, "perim_m": 153.11752940247388, "profile_A00_p50": 0.05322490089061294, "profile_A01_p50": -0.06588960226698776, "profile_A02_p50": 0.1529994411706668, "profile_A03_p50": 0.004396723212956731, "profile_A04_p50": -0.05832658226689369, "profile_A05_p50": 0.015158496882656702, "profile_A06_p50": -0.058113267185035455, "profile_A07_p50": 0.11962914339116627, "profile_A08_p50": -0.09326266198422985, "profile_A09_p50": 0.08838273719580549, "profile_A10_p50": 0.0927738549931394, "profile_A11_p50": 0.07960371607931654, "profile_A12_p50": -0.3249897319335717, "profile_A13_p50": 0.0044190217192075195, "profile_A14_p50": 0.017099823624685245, "profile_A15_p50": 0.1264737837743902, "profile_A16_p50": -0.06398815698604657, "profile_A17_p50": 0.06009021031571071, "profile_A18_p50": -0.08835826261434147, "profile_A19_p50": -0.020495413132786598, "profile_A20_p50": -0.3432207421649957, "profile_A21_p50": 0.3462977910933563, "profile_A22_p50": 0.21781800919039349, "profile_A23_p50": 0.002466081314448473, "profile_A24_p50": 0.044423011605003684, "profile_A25_p50": 0.07520972980020879, "profile_A26_p50": 0.10986634887067584, "profile_A27_p50": -0.02199335255392581, "profile_A28_p50": -0.042509549344215, "profile_A29_p50": 0.20140214272110038, "profile_A30_p50": 0.055171624942798744, "profile_A31_p50": 0.05227177289072206, "profile_A32_p50": 0.000957316000058114, "profile_A33_p50": 0.009267088127341096, "profile_A34_p50": 0.06397362739951426, "profile_A35_p50": 0.012661068372644, "profile_A36_p50": -0.15279506865085354, "profile_A37_p50": 0.03807606339089456, "profile_A38_p50": 0.15669696681405246, "profile_A39_p50": -0.0595711700946848, "profile_A40_p50": 0.08346119692206716, "profile_A41_p50": 0.08642988587394283, "profile_A42_p50": -0.15870285279429833, "profile_A43_p50": 0.33118419251225517, "profile_A44_p50": 0.05520752142849134, "profile_A45_p50": 0.0532128036651257, "profile_A46_p50": -0.01712322146126869, "profile_A47_p50": 0.02200723127549733, "profile_A48_p50": -0.11667718980753906, "profile_A49_p50": 0.08543167339345949, "profile_A50_p50": -0.046326086499873464, "profile_A51_p50": 0.03856258647140974, "profile_A52_p50": -0.022948844816816024, "profile_A53_p50": -0.06591446047458382, "profile_A54_p50": 0.19317842710817879, "profile_A55_p50": -0.11961082210177881, "profile_A56_p50": -0.0014382150342833156, "profile_A57_p50": -0.04930843751849643, "profile_A58_p50": -0.13624692489672033, "profile_A59_p50": -0.16067235778065347, "profile_A60_p50": -0.024889585453966214, "profile_A61_p50": -0.04440479733645213, "profile_A62_p50": 0.04593597650644479, "profile_A63_p50": 0.08937991613072041, "unit_id": 95}}, {"type": "Feature", "geometry": {"type": "Polygon", "coordinates": [[[85.65490132996685, 20.927691848018846], [85.65508099302367, 20.927691848018846], [85.65508099302367, 20.92787151107567], [85.65490132996685, 20.92787151107567], [85.65490132996685, 20.927691848018846]]]}, "id": "+3281+2636", "properties": {"area_ha": 0.03727777345792492, "centroid_lat": 20.927781679130323, "centroid_lon": 85.65499116038534, "cluster_id": 4, "n_pixels": 4, "perim_m": 77.16034505235683, "profile_A00_p50": 0.03450467768806869, "profile_A01_p50": -0.009836509767305612, "profile_A02_p50": 0.15001409714212485, "profile_A03_p50": 0.059070320938833056, "profile_A04_p50": -0.0876073305139049, "profile_A05_p50": 0.07596872997565039, "profile_A06_p50": 0.001520782604980991, "profile_A07_p50": -0.016001304859436346, "profile_A08_p50": 0.017908130572490435, "profile_A09_p50": 0.17234567901234565, "profile_A10_p50": 0.25239266948609507, "profile_A11_p50": -0.019016275791362298, "profile_A12_p50": -0.2654158656926823, "profile_A13_p50": -0.08456234781494296, "profile_A14_p50": 0.1002636592763467, "profile_A15_p50": 0.17452335182438986, "profile_A16_p50": -0.08930069631338373, "profile_A17_p50": -0.01425297962322184, "profile_A18_p50": -0.20828143021914652, "profile_A19_p50": -0.06604024093297449, "profile_A20_p50": -0.18803024477764962, "profile_A21_p50": 0.3446084839164424, "profile_A22_p50": 0.07548276303985647, "profile_A23_p50": 0.08353539237045582, "profile_A24_p50": 0.00535520526293306, "profile_A25_p50": -0.004591640577799747, "profile_A26_p50": 0.14029885941304626, "profile_A27_p50": 0.03091411728089929, "profile_A28_p50": -0.012461304056844235, "profile_A29_p50": 0.10991669870562605, "profile_A30_p50": -0.003268828228459139, "profile_A31_p50": 0.1050724080481866, "profile_A32_p50": -0.0694309880815071, "profile_A33_p50": -0.09326327480883423, "profile_A34_p50": 0.014126434887680563, "profile_A35_p50": 0.21607843137254903, "profile_A36_p50": -0.12135845187748302, "profile_A37_p50": 0.016452646418044344, "profile_A38_p50": 0.16913275113967158, "profile_A39_p50": 0.11376393694732796, "profile_A40_p50": 0.029227505090634657, "profile_A41_p50": 0.10009312657524884, "profile_A42_p50": -0.11174505532060319, "profile_A43_p50": 0.19964372677175446, "profile_A44_p50": -0.04059592464436755, "profile_A45_p50": 0.13688752189328893, "profile_A46_p50": -0.042373446110470336, "profile_A47_p50": 0.158799322198015, "profile_A48_p50": -0.10217403562732283, "profile_A49_p50": -0.028838139177239524, "profile_A50_p50": 0.006547908923918151, "profile_A51_p50": 0.142596144340089, "profile_A52_p50": -0.0029398949122132504, "profile_A53_p50": -0.10095399205433808, "profile_A54_p50": 0.21346148917083171, "profile_A55_p50": -0.09436712375582042, "profile_A56_p50": -0.08453671664744329, "profile_A57_p50": 0.09068392498611647, "profile_A58_p50": -0.09357016532103038, "profile_A59_p50": -0.10989414327822633, "profile_A60_p50": -0.023171714582710348, "profile_A61_p50": -0.03861207227989236, "profile_A62_p50": 0.14066179674484172, "profile_A63_p50": 0.05306164295783673, "unit_id": 96}}, {"type": "Feature", "geometry": {"type": "Polygon", "coordinates": [[[85.65615897136462, 20.92751218496202], [85.65624880289303, 20.92751218496202], [85.65624880289303, 20.92796134260408], [85.65615897136462, 20.92796134260408], [85.65615897136462, 20.92751218496202]]]}, "id": "+3294+2638", "properties": {"area_ha": 0.04659723079216699, "centroid_lat": 20.92773676370248, "centroid_lon": 85.65620388736944, "cluster_id": 1, "n_pixels": 5, "perim_m": 118.14639256153794, "profile_A00_p50": 0.05322490089061294, "profile_A01_p50": -0.06588960226698776, "profile_A02_p50": 0.1529994411706668, "profile_A03_p50": 0.004396723212956731, "profile_A04_p50": -0.05832658226689369, "profile_A05_p50": 0.015158496882656702, "profile_A06_p50": -0.058113267185035455, "profile_A07_p50": 0.11962914339116627, "profile_A08_p50": -0.09326266198422985, "profile_A09_p50": 0.08838273719580549, "profile_A10_p50": 0.0927738549931394, "profile_A11_p50": 0.07960371607931654, "profile_A12_p50": -0.3249897319335717, "profile_A13_p50": 0.0044190217192075195, "profile_A14_p50": 0.017099823624685245, "profile_A15_p50": 0.1264737837743902, "profile_A16_p50": -0.06398815698604657, "profile_A17_p50": 0.06009021031571071, "profile_A18_p50": -0.08835826261434147, "profile_A19_p50": -0.020495413132786598, "profile_A20_p50": -0.3432207421649957, "profile_A21_p50": 0.3462977910933563, "profile_A22_p50": 0.21781800919039349, "profile_A23_p50": 0.002466081314448473, "profile_A24_p50": 0.044423011605003684, "profile_A25_p50": 0.07520972980020879, "profile_A26_p50": 0.10986634887067584, "profile_A27_p50": -0.02199335255392581, "profile_A28_p50": -0.042509549344215, "profile_A29_p50": 0.20140214272110038, "profile_A30_p50": 0.055171624942798744, "profile_A31_p50": 0.05227177289072206, "profile_A32_p50": 0.000957316000058114, "profile_A33_p50": 0.009267088127341096, "profile_A34_p50": 0.06397362739951426, "profile_A35_p50": 0.012661068372644, "profile_A36_p50": -0.15279506865085354, "profile_A37_p50": 0.03807606339089456, "profile_A38_p50": 0.15669696681405246, "profile_A39_p50": -0.0595711700946848, "profile_A40_p50": 0.08346119692206716, "profile_A41_p50": 0.08642988587394283, "profile_A42_p50": -0.15870285279429833, "profile_A43_p50": 0.33118419251225517, "profile_A44_p50": 0.05520752142849134, "profile_A45_p50": 0.0532128036651257, "profile_A46_p50": -0.01712322146126869, "profile_A47_p50": 0.02200723127549733, "profile_A48_p50": -0.11667718980753906, "profile_A49_p50": 0.08543167339345949, "profile_A50_p50": -0.046326086499873464, "profile_A51_p50": 0.03856258647140974, "profile_A52_p50": -0.022948844816816024, "profile_A53_p50": -0.06591446047458382, "profile_A54_p50": 0.19317842710817879, "profile_A55_p50": -0.11961082210177881, "profile_A56_p50": -0.0014382150342833156, "profile_A57_p50": -0.04930843751849643, "profile_A58_p50": -0.13624692489672033, "profile_A59_p50": -0.16067235778065347, "profile_A60_p50": -0.024889585453966214, "profile_A61_p50": -0.04440479733645213, "profile_A62_p50": 0.04593597650644479, "profile_A63_p50": 0.08937991613072041, "unit_id": 97}}, {"type": "Feature", "geometry": {"type": "Polygon", "coordinates": [[[85.6522962156429, 20.927332521905196], [85.65238604717132, 20.927332521905196], [85.65238604717132, 20.927691848018846], [85.65256571022815, 20.927691848018846], [85.65256571022815, 20.927781679547255], [85.65238604717132, 20.927781679547255], [85.65238604717132, 20.927691848018846], [85.6522962156429, 20.927691848018846], [85.6522962156429, 20.927602016490432], [85.65220638411449, 20.927602016490432], [85.65220638411449, 20.92742235343361], [85.6522962156429, 20.92742235343361], [85.6522962156429, 20.927332521905196]]]}, "id": "+3251+2640", "properties": {"area_ha": 0.07455565308693053, "centroid_lat": 20.927568328901035, "centroid_lon": 85.65235236213732, "cluster_id": 3, "n_pixels": 7, "perim_m": 174.21231920138342, "profile_A00_p50": 0.011235239387247112, "profile_A01_p50": -0.0944170190952198, "profile_A02_p50": 0.15850057670126871, "profile_A03_p50": 0.003564437970167429, "profile_A04_p50": -0.07205670402902237, "profile_A05_p50": 0.03257106241189286, "profile_A06_p50": -0.07272943763834964, "profile_A07_p50": 0.10985119683312686, "profile_A08_p50": -0.08651845985622647, "profile_A09_p50": 0.0600430883561467, "profile_A10_p50": 0.11400921607631402, "profile_A11_p50": 0.0111920030757401, "profile_A12_p50": -0.3221313230657005, "profile_A13_p50": 0.019024102708091968, "profile_A14_p50": -0.0053916421760631964, "profile_A15_p50": 0.11957411150282209, "profile_A16_p50": -0.07479604942143117, "profile_A17_p50": 0.03803665256952454, "profile_A18_p50": -0.1256803354945045, "profile_A19_p50": -0.01656259063652981, "profile_A20_p50": -0.2722795908059495, "profile_A21_p50": 0.3556452512654423, "profile_A22_p50": 0.17115688105307483, "profile_A23_p50": -0.019990446564841027, "profile_A24_p50": 0.04197593000361166, "profile_A25_p50": 0.09420353859861756, "profile_A26_p50": 0.10178905549147761, "profile_A27_p50": -0.03082037911668791, "profile_A28_p50": -0.0756967453399347, "profile_A29_p50": 0.1908586644815521, "profile_A30_p50": 0.08309282754496135, "profile_A31_p50": 0.06689427143406382, "profile_A32_p50": -0.05181669045714686, "profile_A33_p50": -0.016104732755643374, "profile_A34_p50": 0.049864714440127626, "profile_A35_p50": 0.018629112259767138, "profile_A36_p50": -0.21195628055143625, "profile_A37_p50": 0.09047097270280662, "profile_A38_p50": 0.17544807340384294, "profile_A39_p50": -0.059400418326222906, "profile_A40_p50": 0.08742905150440715, "profile_A41_p50": 0.05032945124855639, "profile_A42_p50": -0.15373454599345476, "profile_A43_p50": 0.3164389764620445, "profile_A44_p50": 0.032788414712290145, "profile_A45_p50": 0.06788945230226325, "profile_A46_p50": 0.012293733179546327, "profile_A47_p50": 0.0634588854602597, "profile_A48_p50": -0.11581008419281325, "profile_A49_p50": 0.036267982797314094, "profile_A50_p50": -0.012156496585562329, "profile_A51_p50": 0.07320562343524893, "profile_A52_p50": -0.014181711833384267, "profile_A53_p50": -0.03801164060014577, "profile_A54_p50": 0.19885668933227743, "profile_A55_p50": -0.09414380413701337, "profile_A56_p50": -0.020010342445014827, "profile_A57_p50": -0.02485003959024507, "profile_A58_p50": -0.10019566862430729, "profile_A59_p50": -0.12456524525126902, "profile_A60_p50": -0.01524541842880943, "profile_A61_p50": -0.04454317190444322, "profile_A62_p50": 0.0748096885813149, "profile_A63_p50": 0.08887335484798001, "unit_id": 98}}, {"type": "Feature", "geometry": {"type": "Polygon", "coordinates": [[[85.65705728664874, 20.927332521905196], [85.65723694970556, 20.927332521905196], [85.65723694970556, 20.92742235343361], [85.65732678123398, 20.92742235343361], [85.65732678123398, 20.92751218496202], [85.65723694970556, 20.92751218496202], [85.65723694970556, 20.927602016490432], [85.65714711817715, 20.927602016490432], [85.65714711817715, 20.92751218496202], [85.65705728664874, 20.92751218496202], [85.65705728664874, 20.927332521905196]]]}, "id": "+3305+2640", "properties": {"area_ha": 0.05591678067828054, "centroid_lat": 20.92745229690854, "centroid_lon": 85.65717706428141, "cluster_id": 3, "n_pixels": 6, "perim_m": 115.74063790557494, "profile_A00_p50": 0.011235239387247112, "profile_A01_p50": -0.0944170190952198, "profile_A02_p50": 0.15850057670126871, "profile_A03_p50": 0.003564437970167429, "profile_A04_p50": -0.07205670402902237, "profile_A05_p50": 0.03257106241189286, "profile_A06_p50": -0.07272943763834964, "profile_A07_p50": 0.10985119683312686, "profile_A08_p50": -0.08651845985622647, "profile_A09_p50": 0.0600430883561467, "profile_A10_p50": 0.11400921607631402, "profile_A11_p50": 0.0111920030757401, "profile_A12_p50": -0.3221313230657005, "profile_A13_p50": 0.019024102708091968, "profile_A14_p50": -0.0053916421760631964, "profile_A15_p50": 0.11957411150282209, "profile_A16_p50": -0.07479604942143117, "profile_A17_p50": 0.03803665256952454, "profile_A18_p50": -0.1256803354945045, "profile_A19_p50": -0.01656259063652981, "profile_A20_p50": -0.2722795908059495, "profile_A21_p50": 0.3556452512654423, "profile_A22_p50": 0.17115688105307483, "profile_A23_p50": -0.019990446564841027, "profile_A24_p50": 0.04197593000361166, "profile_A25_p50": 0.09420353859861756, "profile_A26_p50": 0.10178905549147761, "profile_A27_p50": -0.03082037911668791, "profile_A28_p50": -0.0756967453399347, "profile_A29_p50": 0.1908586644815521, "profile_A30_p50": 0.08309282754496135, "profile_A31_p50": 0.06689427143406382, "profile_A32_p50": -0.05181669045714686, "profile_A33_p50": -0.016104732755643374, "profile_A34_p50": 0.049864714440127626, "profile_A35_p50": 0.018629112259767138, "profile_A36_p50": -0.21195628055143625, "profile_A37_p50": 0.09047097270280662, "profile_A38_p50": 0.17544807340384294, "profile_A39_p50": -0.059400418326222906, "profile_A40_p50": 0.08742905150440715, "profile_A41_p50": 0.05032945124855639, "profile_A42_p50": -0.15373454599345476, "profile_A43_p50": 0.3164389764620445, "profile_A44_p50": 0.032788414712290145, "profile_A45_p50": 0.06788945230226325, "profile_A46_p50": 0.012293733179546327, "profile_A47_p50": 0.0634588854602597, "profile_A48_p50": -0.11581008419281325, "profile_A49_p50": 0.036267982797314094, "profile_A50_p50": -0.012156496585562329, "profile_A51_p50": 0.07320562343524893, "profile_A52_p50": -0.014181711833384267, "profile_A53_p50": -0.03801164060014577, "profile_A54_p50": 0.19885668933227743, "profile_A55_p50": -0.09414380413701337, "profile_A56_p50": -0.020010342445014827, "profile_A57_p50": -0.02485003959024507, "profile_A58_p50": -0.10019566862430729, "profile_A59_p50": -0.12456524525126902, "profile_A60_p50": -0.01524541842880943, "profile_A61_p50": -0.04454317190444322, "profile_A62_p50": 0.0748096885813149, "profile_A63_p50": 0.08887335484798001, "unit_id": 99}}, {"type": "Feature", "geometry": {"type": "Polygon", "coordinates": [[[85.65723694970556, 20.926434206621078], [85.65732678123398, 20.926434206621078], [85.65732678123398, 20.926524038149488], [85.65741661276239, 20.926524038149488], [85.65741661276239, 20.926703701206314], [85.65732678123398, 20.926703701206314], [85.65732678123398, 20.926793532734724], [85.65723694970556, 20.926793532734724], [85.65723694970556, 20.927332521905196], [85.65705728664874, 20.927332521905196], [85.65705728664874, 20.92751218496202], [85.65687762359191, 20.92751218496202], [85.65687762359191, 20.92742235343361], [85.6567877920635, 20.92742235343361], [85.6567877920635, 20.927332521905196], [85.65651829747827, 20.927332521905196], [85.65651829747827, 20.92751218496202], [85.65642846594986, 20.92751218496202], [85.65642846594986, 20.927602016490432], [85.65633863442145, 20.927602016490432], [85.65633863442145, 20.927691848018846], [85.65669796053508, 20.927691848018846], [85.65669796053508, 20.927781679547255], [85.6567877920635, 20.927781679547255], [85.6567877920635, 20.92796134260408], [85.65669796053508, 20.92796134260408], [85.65669796053508, 20.92805117413249], [85.65624880289303, 20.92805117413249], [85.65624880289303, 20.92751218496202], [85.6560691398362, 20.92751218496202], [85.6560691398362, 20.92742235343361], [85.65588947677938, 20.92742235343361], [85.65588947677938, 20.926973195791547], [85.65597930830779, 20.926973195791547], [85.65597930830779, 20.926883364263137], [85.65588947677938, 20.926883364263137], [85.65588947677938, 20.9266138696779], [85.65579964525097, 20.9266138696779], [85.65579964525097, 20.926434206621078], [85.6560691398362, 20.926434206621078], [85.6560691398362, 20.926703701206314], [85.65624880289303, 20.926703701206314], [85.65624880289303, 20.9266138696779], [85.65642846594986, 20.9266138696779], [85.65642846594986, 20.926703701206314], [85.65624880289303, 20.926703701206314], [85.65624880289303, 20.926883364263137], [85.65633863442145, 20.926883364263137], [85.65633863442145, 20.926793532734724], [85.65642846594986, 20.926793532734724], [85.65642846594986, 20.926973195791547], [85.65633863442145, 20.926973195791547], [85.65633863442145, 20.92706302731996], [85.65624880289303, 20.92706302731996], [85.65624880289303, 20.927242690376783], [85.65633863442145, 20.927242690376783], [85.65633863442145, 20.927332521905196], [85.65642846594986, 20.927332521905196], [85.65642846594986, 20.92706302731996], [85.65651829747827, 20.92706302731996], [85.65651829747827, 20.926973195791547], [85.65669796053508, 20.926973195791547], [85.65669796053508, 20.926793532734724], [85.65687762359191, 20.926793532734724], [85.65687762359191, 20.926703701206314], [85.65696745512032, 20.926703701206314], [85.65696745512032, 20.9266138696779], [85.65705728664874, 20.9266138696779], [85.65705728664874, 20.926703701206314], [85.65732678123398, 20.926703701206314], [85.65732678123398, 20.926524038149488], [85.65723694970556, 20.926524038149488], [85.65723694970556, 20.926434206621078]], [[85.65642846594986, 20.92742235343361], [85.65633863442145, 20.92742235343361], [85.65633863442145, 20.92751218496202], [85.65642846594986, 20.92751218496202], [85.65642846594986, 20.92742235343361]], [[85.6560691398362, 20.927242690376783], [85.65597930830779, 20.927242690376783], [85.65597930830779, 20.927332521905196], [85.6560691398362, 20.927332521905196], [85.6560691398362, 20.927242690376783]], [[85.65615897136462, 20.927152858848373], [85.6560691398362, 20.927152858848373], [85.6560691398362, 20.927242690376783], [85.65615897136462, 20.927242690376783], [85.65615897136462, 20.927152858848373]], [[85.65714711817715, 20.927152858848373], [85.65705728664874, 20.927152858848373], [85.65705728664874, 20.927242690376783], [85.65714711817715, 20.927242690376783], [85.65714711817715, 20.927152858848373]], [[85.6567877920635, 20.92706302731996], [85.65651829747827, 20.92706302731996], [85.65651829747827, 20.927242690376783], [85.6567877920635, 20.927242690376783], [85.6567877920635, 20.92706302731996]], [[85.65624880289303, 20.926883364263137], [85.65615897136462, 20.926883364263137], [85.65615897136462, 20.926973195791547], [85.65624880289303, 20.926973195791547], [85.65624880289303, 20.926883364263137]], [[85.65705728664874, 20.926793532734724], [85.65696745512032, 20.926793532734724], [85.65696745512032, 20.926883364263137], [85.6567877920635, 20.926883364263137], [85.6567877920635, 20.926973195791547], [85.65705728664874, 20.926973195791547], [85.65705728664874, 20.926793532734724]]]}, "id": "+3306+2650", "properties": {"area_ha": 1.1649350206351778, "centroid_lat": 20.927191306174194, "centroid_lon": 85.6565244061918, "cluster_id": 4, "n_pixels": 116, "perim_m": 1582.9931667491533, "profile_A00_p50": 0.03450467768806869, "profile_A01_p50": -0.009836509767305612, "profile_A02_p50": 0.15001409714212485, "profile_A03_p50": 0.059070320938833056, "profile_A04_p50": -0.0876073305139049, "profile_A05_p50": 0.07596872997565039, "profile_A06_p50": 0.001520782604980991, "profile_A07_p50": -0.016001304859436346, "profile_A08_p50": 0.017908130572490435, "profile_A09_p50": 0.17234567901234565, "profile_A10_p50": 0.25239266948609507, "profile_A11_p50": -0.019016275791362298, "profile_A12_p50": -0.2654158656926823, "profile_A13_p50": -0.08456234781494296, "profile_A14_p50": 0.1002636592763467, "profile_A15_p50": 0.17452335182438986, "profile_A16_p50": -0.08930069631338373, "profile_A17_p50": -0.01425297962322184, "profile_A18_p50": -0.20828143021914652, "profile_A19_p50": -0.06604024093297449, "profile_A20_p50": -0.18803024477764962, "profile_A21_p50": 0.3446084839164424, "profile_A22_p50": 0.07548276303985647, "profile_A23_p50": 0.08353539237045582, "profile_A24_p50": 0.00535520526293306, "profile_A25_p50": -0.004591640577799747, "profile_A26_p50": 0.14029885941304626, "profile_A27_p50": 0.03091411728089929, "profile_A28_p50": -0.012461304056844235, "profile_A29_p50": 0.10991669870562605, "profile_A30_p50": -0.003268828228459139, "profile_A31_p50": 0.1050724080481866, "profile_A32_p50": -0.0694309880815071, "profile_A33_p50": -0.09326327480883423, "profile_A34_p50": 0.014126434887680563, "profile_A35_p50": 0.21607843137254903, "profile_A36_p50": -0.12135845187748302, "profile_A37_p50": 0.016452646418044344, "profile_A38_p50": 0.16913275113967158, "profile_A39_p50": 0.11376393694732796, "profile_A40_p50": 0.029227505090634657, "profile_A41_p50": 0.10009312657524884, "profile_A42_p50": -0.11174505532060319, "profile_A43_p50": 0.19964372677175446, "profile_A44_p50": -0.04059592464436755, "profile_A45_p50": 0.13688752189328893, "profile_A46_p50": -0.042373446110470336, "profile_A47_p50": 0.158799322198015, "profile_A48_p50": -0.10217403562732283, "profile_A49_p50": -0.028838139177239524, "profile_A50_p50": 0.006547908923918151, "profile_A51_p50": 0.142596144340089, "profile_A52_p50": -0.0029398949122132504, "profile_A53_p50": -0.10095399205433808, "profile_A54_p50": 0.21346148917083171, "profile_A55_p50": -0.09436712375582042, "profile_A56_p50": -0.08453671664744329, "profile_A57_p50": 0.09068392498611647, "profile_A58_p50": -0.09357016532103038, "profile_A59_p50": -0.10989414327822633, "profile_A60_p50": -0.023171714582710348, "profile_A61_p50": -0.03861207227989236, "profile_A62_p50": 0.14066179674484172, "profile_A63_p50": 0.05306164295783673, "unit_id": 100}}, {"type": "Feature", "geometry": {"type": "Polygon", "coordinates": [[[85.65292503634178, 20.926793532734724], [85.6530148678702, 20.926793532734724], [85.6530148678702, 20.926883364263137], [85.65292503634178, 20.926883364263137], [85.65292503634178, 20.926973195791547], [85.65283520481337, 20.926973195791547], [85.65283520481337, 20.927152858848373], [85.65265554175654, 20.927152858848373], [85.65265554175654, 20.927242690376783], [85.65247587869973, 20.927242690376783], [85.65247587869973, 20.926973195791547], [85.65238604717132, 20.926973195791547], [85.65238604717132, 20.926793532734724], [85.65265554175654, 20.926793532734724], [85.65265554175654, 20.926973195791547], [85.65283520481337, 20.926973195791547], [85.65283520481337, 20.926883364263137], [85.65292503634178, 20.926883364263137], [85.65292503634178, 20.926793532734724]]]}, "id": "+3258+2646", "properties": {"area_ha": 0.16775085049818597, "centroid_lat": 20.926998149167126, "centroid_lon": 85.65263058882155, "cluster_id": 3, "n_pixels": 17, "perim_m": 270.0618963219638, "profile_A00_p50": 0.011235239387247112, "profile_A01_p50": -0.0944170190952198, "profile_A02_p50": 0.15850057670126871, "profile_A03_p50": 0.003564437970167429, "profile_A04_p50": -0.07205670402902237, "profile_A05_p50": 0.03257106241189286, "profile_A06_p50": -0.07272943763834964, "profile_A07_p50": 0.10985119683312686, "profile_A08_p50": -0.08651845985622647, "profile_A09_p50": 0.0600430883561467, "profile_A10_p50": 0.11400921607631402, "profile_A11_p50": 0.0111920030757401, "profile_A12_p50": -0.3221313230657005, "profile_A13_p50": 0.019024102708091968, "profile_A14_p50": -0.0053916421760631964, "profile_A15_p50": 0.11957411150282209, "profile_A16_p50": -0.07479604942143117, "profile_A17_p50": 0.03803665256952454, "profile_A18_p50": -0.1256803354945045, "profile_A19_p50": -0.01656259063652981, "profile_A20_p50": -0.2722795908059495, "profile_A21_p50": 0.3556452512654423, "profile_A22_p50": 0.17115688105307483, "profile_A23_p50": -0.019990446564841027, "profile_A24_p50": 0.04197593000361166, "profile_A25_p50": 0.09420353859861756, "profile_A26_p50": 0.10178905549147761, "profile_A27_p50": -0.03082037911668791, "profile_A28_p50": -0.0756967453399347, "profile_A29_p50": 0.1908586644815521, "profile_A30_p50": 0.08309282754496135, "profile_A31_p50": 0.06689427143406382, "profile_A32_p50": -0.05181669045714686, "profile_A33_p50": -0.016104732755643374, "profile_A34_p50": 0.049864714440127626, "profile_A35_p50": 0.018629112259767138, "profile_A36_p50": -0.21195628055143625, "profile_A37_p50": 0.09047097270280662, "profile_A38_p50": 0.17544807340384294, "profile_A39_p50": -0.059400418326222906, "profile_A40_p50": 0.08742905150440715, "profile_A41_p50": 0.05032945124855639, "profile_A42_p50": -0.15373454599345476, "profile_A43_p50": 0.3164389764620445, "profile_A44_p50": 0.032788414712290145, "profile_A45_p50": 0.06788945230226325, "profile_A46_p50": 0.012293733179546327, "profile_A47_p50": 0.0634588854602597, "profile_A48_p50": -0.11581008419281325, "profile_A49_p50": 0.036267982797314094, "profile_A50_p50": -0.012156496585562329, "profile_A51_p50": 0.07320562343524893, "profile_A52_p50": -0.014181711833384267, "profile_A53_p50": -0.03801164060014577, "profile_A54_p50": 0.19885668933227743, "profile_A55_p50": -0.09414380413701337, "profile_A56_p50": -0.020010342445014827, "profile_A57_p50": -0.02485003959024507, "profile_A58_p50": -0.10019566862430729, "profile_A59_p50": -0.12456524525126902, "profile_A60_p50": -0.01524541842880943, "profile_A61_p50": -0.04454317190444322, "profile_A62_p50": 0.0748096885813149, "profile_A63_p50": 0.08887335484798001, "unit_id": 101}}, {"type": "Feature", "geometry": {"type": "Polygon", "coordinates": [[[85.65732678123398, 20.926703701206314], [85.65741661276239, 20.926703701206314], [85.65741661276239, 20.927152858848373], [85.65723694970556, 20.927152858848373], [85.65723694970556, 20.926793532734724], [85.65732678123398, 20.926793532734724], [85.65732678123398, 20.926703701206314]]]}, "id": "+3307+2647", "properties": {"area_ha": 0.08387545929111982, "centroid_lat": 20.926948242724535, "centroid_lon": 85.65733176976208, "cluster_id": 3, "n_pixels": 8, "perim_m": 136.83520238230813, "profile_A00_p50": 0.011235239387247112, "profile_A01_p50": -0.0944170190952198, "profile_A02_p50": 0.15850057670126871, "profile_A03_p50": 0.003564437970167429, "profile_A04_p50": -0.07205670402902237, "profile_A05_p50": 0.03257106241189286, "profile_A06_p50": -0.07272943763834964, "profile_A07_p50": 0.10985119683312686, "profile_A08_p50": -0.08651845985622647, "profile_A09_p50": 0.0600430883561467, "profile_A10_p50": 0.11400921607631402, "profile_A11_p50": 0.0111920030757401, "profile_A12_p50": -0.3221313230657005, "profile_A13_p50": 0.019024102708091968, "profile_A14_p50": -0.0053916421760631964, "profile_A15_p50": 0.11957411150282209, "profile_A16_p50": -0.07479604942143117, "profile_A17_p50": 0.03803665256952454, "profile_A18_p50": -0.1256803354945045, "profile_A19_p50": -0.01656259063652981, "profile_A20_p50": -0.2722795908059495, "profile_A21_p50": 0.3556452512654423, "profile_A22_p50": 0.17115688105307483, "profile_A23_p50": -0.019990446564841027, "profile_A24_p50": 0.04197593000361166, "profile_A25_p50": 0.09420353859861756, "profile_A26_p50": 0.10178905549147761, "profile_A27_p50": -0.03082037911668791, "profile_A28_p50": -0.0756967453399347, "profile_A29_p50": 0.1908586644815521, "profile_A30_p50": 0.08309282754496135, "profile_A31_p50": 0.06689427143406382, "profile_A32_p50": -0.05181669045714686, "profile_A33_p50": -0.016104732755643374, "profile_A34_p50": 0.049864714440127626, "profile_A35_p50": 0.018629112259767138, "profile_A36_p50": -0.21195628055143625, "profile_A37_p50": 0.09047097270280662, "profile_A38_p50": 0.17544807340384294, "profile_A39_p50": -0.059400418326222906, "profile_A40_p50": 0.08742905150440715, "profile_A41_p50": 0.05032945124855639, "profile_A42_p50": -0.15373454599345476, "profile_A43_p50": 0.3164389764620445, "profile_A44_p50": 0.032788414712290145, "profile_A45_p50": 0.06788945230226325, "profile_A46_p50": 0.012293733179546327, "profile_A47_p50": 0.0634588854602597, "profile_A48_p50": -0.11581008419281325, "profile_A49_p50": 0.036267982797314094, "profile_A50_p50": -0.012156496585562329, "profile_A51_p50": 0.07320562343524893, "profile_A52_p50": -0.014181711833384267, "profile_A53_p50": -0.03801164060014577, "profile_A54_p50": 0.19885668933227743, "profile_A55_p50": -0.09414380413701337, "profile_A56_p50": -0.020010342445014827, "profile_A57_p50": -0.02485003959024507, "profile_A58_p50": -0.10019566862430729, "profile_A59_p50": -0.12456524525126902, "profile_A60_p50": -0.01524541842880943, "profile_A61_p50": -0.04454317190444322, "profile_A62_p50": 0.0748096885813149, "profile_A63_p50": 0.08887335484798001, "unit_id": 102}}, {"type": "Feature", "geometry": {"type": "Polygon", "coordinates": [[[85.65463183538162, 20.925715554393783], [85.65481149843843, 20.925715554393783], [85.65481149843843, 20.925805385922192], [85.65463183538162, 20.925805385922192], [85.65463183538162, 20.925895217450606], [85.65454200385321, 20.925895217450606], [85.65454200385321, 20.925985048979015], [85.65436234079638, 20.925985048979015], [85.65436234079638, 20.92607488050743], [85.65427250926797, 20.92607488050743], [85.65427250926797, 20.92625454356425], [85.65436234079638, 20.92625454356425], [85.65436234079638, 20.926703701206314], [85.6544521723248, 20.926703701206314], [85.6544521723248, 20.926793532734724], [85.65418267773956, 20.926793532734724], [85.65418267773956, 20.926973195791547], [85.65427250926797, 20.926973195791547], [85.65427250926797, 20.92706302731996], [85.6544521723248, 20.92706302731996], [85.6544521723248, 20.926973195791547], [85.65472166691002, 20.926973195791547], [85.65472166691002, 20.92706302731996], [85.65454200385321, 20.92706302731996], [85.65454200385321, 20.927152858848373], [85.65490132996685, 20.927152858848373], [85.65490132996685, 20.92706302731996], [85.65499116149526, 20.92706302731996], [85.65499116149526, 20.926883364263137], [85.65508099302367, 20.926883364263137], [85.65508099302367, 20.926793532734724], [85.65535048760891, 20.926793532734724], [85.65535048760891, 20.926703701206314], [85.65553015066574, 20.926703701206314], [85.65553015066574, 20.9266138696779], [85.65561998219415, 20.9266138696779], [85.65561998219415, 20.926524038149488], [85.65570981372255, 20.926524038149488], [85.65570981372255, 20.926703701206314], [85.65553015066574, 20.926703701206314], [85.65553015066574, 20.926883364263137], [85.65544031913733, 20.926883364263137], [85.65544031913733, 20.926973195791547], [85.65508099302367, 20.926973195791547], [85.65508099302367, 20.927152858848373], [85.65490132996685, 20.927152858848373], [85.65490132996685, 20.927332521905196], [85.65454200385321, 20.927332521905196], [85.65454200385321, 20.92751218496202], [85.6544521723248, 20.92751218496202], [85.6544521723248, 20.927602016490432], [85.65436234079638, 20.927602016490432], [85.65436234079638, 20.927691848018846], [85.65418267773956, 20.927691848018846], [85.65418267773956, 20.92751218496202], [85.65373352009749, 20.92751218496202], [85.65373352009749, 20.92742235343361], [85.65391318315432, 20.92742235343361], [85.65391318315432, 20.927242690376783], [85.6538233516259, 20.927242690376783], [85.6538233516259, 20.927332521905196], [85.65337419398385, 20.927332521905196], [85.65337419398385, 20.926973195791547], [85.65355385704068, 20.926973195791547], [85.65355385704068, 20.926434206621078], [85.65364368856908, 20.926434206621078], [85.65364368856908, 20.92625454356425], [85.65373352009749, 20.92625454356425], [85.65373352009749, 20.926164712035842], [85.65391318315432, 20.926164712035842], [85.65391318315432, 20.92607488050743], [85.65400301468273, 20.92607488050743], [85.65400301468273, 20.925985048979015], [85.65418267773956, 20.925985048979015], [85.65418267773956, 20.925805385922192], [85.65427250926797, 20.925805385922192], [85.65427250926797, 20.925895217450606], [85.6544521723248, 20.925895217450606], [85.6544521723248, 20.925805385922192], [85.65436234079638, 20.925805385922192], [85.65436234079638, 20.925715554393783], [85.6544521723248, 20.925715554393783], [85.6544521723248, 20.925805385922192], [85.65463183538162, 20.925805385922192], [85.65463183538162, 20.925715554393783]], [[85.65409284621114, 20.927332521905196], [85.65400301468273, 20.927332521905196], [85.65400301468273, 20.92742235343361], [85.65409284621114, 20.92742235343361], [85.65409284621114, 20.927332521905196]], [[85.65436234079638, 20.927152858848373], [85.65418267773956, 20.927152858848373], [85.65418267773956, 20.927332521905196], [85.65436234079638, 20.927332521905196], [85.65436234079638, 20.927152858848373]], [[85.65454200385321, 20.927152858848373], [85.6544521723248, 20.927152858848373], [85.6544521723248, 20.927242690376783], [85.65454200385321, 20.927242690376783], [85.65454200385321, 20.927152858848373]], [[85.65391318315432, 20.926793532734724], [85.6538233516259, 20.926793532734724], [85.6538233516259, 20.926883364263137], [85.65391318315432, 20.926883364263137], [85.65391318315432, 20.926793532734724]], [[85.65409284621114, 20.9266138696779], [85.65400301468273, 20.9266138696779], [85.65400301468273, 20.926703701206314], [85.65391318315432, 20.926703701206314], [85.65391318315432, 20.926793532734724], [85.65409284621114, 20.926793532734724], [85.65409284621114, 20.9266138696779]]]}, "id": "+3278+2658", "properties": {"area_ha": 1.6681912514913817, "centroid_lat": 20.926812853639547, "centroid_lon": 85.65418593988748, "cluster_id": 4, "n_pixels": 167, "perim_m": 1674.0327458904462, "profile_A00_p50": 0.03450467768806869, "profile_A01_p50": -0.009836509767305612, "profile_A02_p50": 0.15001409714212485, "profile_A03_p50": 0.059070320938833056, "profile_A04_p50": -0.0876073305139049, "profile_A05_p50": 0.07596872997565039, "profile_A06_p50": 0.001520782604980991, "profile_A07_p50": -0.016001304859436346, "profile_A08_p50": 0.017908130572490435, "profile_A09_p50": 0.17234567901234565, "profile_A10_p50": 0.25239266948609507, "profile_A11_p50": -0.019016275791362298, "profile_A12_p50": -0.2654158656926823, "profile_A13_p50": -0.08456234781494296, "profile_A14_p50": 0.1002636592763467, "profile_A15_p50": 0.17452335182438986, "profile_A16_p50": -0.08930069631338373, "profile_A17_p50": -0.01425297962322184, "profile_A18_p50": -0.20828143021914652, "profile_A19_p50": -0.06604024093297449, "profile_A20_p50": -0.18803024477764962, "profile_A21_p50": 0.3446084839164424, "profile_A22_p50": 0.07548276303985647, "profile_A23_p50": 0.08353539237045582, "profile_A24_p50": 0.00535520526293306, "profile_A25_p50": -0.004591640577799747, "profile_A26_p50": 0.14029885941304626, "profile_A27_p50": 0.03091411728089929, "profile_A28_p50": -0.012461304056844235, "profile_A29_p50": 0.10991669870562605, "profile_A30_p50": -0.003268828228459139, "profile_A31_p50": 0.1050724080481866, "profile_A32_p50": -0.0694309880815071, "profile_A33_p50": -0.09326327480883423, "profile_A34_p50": 0.014126434887680563, "profile_A35_p50": 0.21607843137254903, "profile_A36_p50": -0.12135845187748302, "profile_A37_p50": 0.016452646418044344, "profile_A38_p50": 0.16913275113967158, "profile_A39_p50": 0.11376393694732796, "profile_A40_p50": 0.029227505090634657, "profile_A41_p50": 0.10009312657524884, "profile_A42_p50": -0.11174505532060319, "profile_A43_p50": 0.19964372677175446, "profile_A44_p50": -0.04059592464436755, "profile_A45_p50": 0.13688752189328893, "profile_A46_p50": -0.042373446110470336, "profile_A47_p50": 0.158799322198015, "profile_A48_p50": -0.10217403562732283, "profile_A49_p50": -0.028838139177239524, "profile_A50_p50": 0.006547908923918151, "profile_A51_p50": 0.142596144340089, "profile_A52_p50": -0.0029398949122132504, "profile_A53_p50": -0.10095399205433808, "profile_A54_p50": 0.21346148917083171, "profile_A55_p50": -0.09436712375582042, "profile_A56_p50": -0.08453671664744329, "profile_A57_p50": 0.09068392498611647, "profile_A58_p50": -0.09357016532103038, "profile_A59_p50": -0.10989414327822633, "profile_A60_p50": -0.023171714582710348, "profile_A61_p50": -0.03861207227989236, "profile_A62_p50": 0.14066179674484172, "profile_A63_p50": 0.05306164295783673, "unit_id": 103}}, {"type": "Feature", "geometry": {"type": "Polygon", "coordinates": [[[85.66568111337628, 20.92562572286537], [85.6658607764331, 20.92562572286537], [85.6658607764331, 20.925805385922192], [85.66604043948993, 20.925805385922192], [85.66604043948993, 20.925895217450606], [85.66630993407517, 20.925895217450606], [85.66630993407517, 20.925985048979015], [85.66639976560359, 20.925985048979015], [85.66639976560359, 20.926344375092665], [85.66630993407517, 20.926344375092665], [85.66630993407517, 20.926524038149488], [85.66639976560359, 20.926524038149488], [85.66639976560359, 20.9266138696779], [85.666489597132, 20.9266138696779], [85.666489597132, 20.926703701206314], [85.66720824935929, 20.926703701206314], [85.66720824935929, 20.926524038149488], [85.66702858630246, 20.926524038149488], [85.66702858630246, 20.926344375092665], [85.66693875477405, 20.926344375092665], [85.66693875477405, 20.926164712035842], [85.66702858630246, 20.926164712035842], [85.66702858630246, 20.925985048979015], [85.66720824935929, 20.925985048979015], [85.66720824935929, 20.925805385922192], [85.66774723852976, 20.925805385922192], [85.66774723852976, 20.925895217450606], [85.66783707005817, 20.925895217450606], [85.66783707005817, 20.925985048979015], [85.66792690158658, 20.925985048979015], [85.66792690158658, 20.92607488050743], [85.668016733115, 20.92607488050743], [85.668016733115, 20.925985048979015], [85.66810656464341, 20.925985048979015], [85.66810656464341, 20.925895217450606], [85.66819639617182, 20.925895217450606], [85.66819639617182, 20.925985048979015], [85.66873538534229, 20.925985048979015], [85.66873538534229, 20.925805385922192], [85.66927437451277, 20.925805385922192], [85.66927437451277, 20.925895217450606], [85.66918454298435, 20.925895217450606], [85.66918454298435, 20.925985048979015], [85.66873538534229, 20.925985048979015], [85.66873538534229, 20.92607488050743], [85.66855572228546, 20.92607488050743], [85.66855572228546, 20.926434206621078], [85.66864555381387, 20.926434206621078], [85.66864555381387, 20.926524038149488], [85.66873538534229, 20.926524038149488], [85.66873538534229, 20.926883364263137], [85.66855572228546, 20.926883364263137], [85.66855572228546, 20.92706302731996], [85.66846589075706, 20.92706302731996], [85.66846589075706, 20.927152858848373], [85.66837605922865, 20.927152858848373], [85.66837605922865, 20.927242690376783], [85.66828622770024, 20.927242690376783], [85.66828622770024, 20.927332521905196], [85.66819639617182, 20.927332521905196], [85.66819639617182, 20.927602016490432], [85.66828622770024, 20.927602016490432], [85.66828622770024, 20.927781679547255], [85.66819639617182, 20.927781679547255], [85.66819639617182, 20.92796134260408], [85.66756757547293, 20.92796134260408], [85.66756757547293, 20.927781679547255], [85.66738791241612, 20.927781679547255], [85.66738791241612, 20.92742235343361], [85.6672980808877, 20.92742235343361], [85.6672980808877, 20.927332521905196], [85.66702858630246, 20.927332521905196], [85.66702858630246, 20.927242690376783], [85.66684892324564, 20.927242690376783], [85.66684892324564, 20.92706302731996], [85.6665794286604, 20.92706302731996], [85.6665794286604, 20.926973195791547], [85.666489597132, 20.926973195791547], [85.666489597132, 20.926883364263137], [85.66604043948993, 20.926883364263137], [85.66604043948993, 20.926703701206314], [85.66595060796152, 20.926703701206314], [85.66595060796152, 20.9266138696779], [85.6658607764331, 20.9266138696779], [85.6658607764331, 20.926344375092665], [85.6657709449047, 20.926344375092665], [85.6657709449047, 20.926164712035842], [85.6658607764331, 20.926164712035842], [85.6658607764331, 20.925985048979015], [85.66559128184787, 20.925985048979015], [85.66559128184787, 20.925805385922192], [85.66568111337628, 20.925805385922192], [85.66568111337628, 20.92562572286537]], [[85.66792690158658, 20.92751218496202], [85.66783707005817, 20.92751218496202], [85.66783707005817, 20.927691848018846], [85.66774723852976, 20.927691848018846], [85.66774723852976, 20.927602016490432], [85.66756757547293, 20.927602016490432], [85.66756757547293, 20.927781679547255], [85.668016733115, 20.927781679547255], [85.668016733115, 20.927602016490432], [85.66792690158658, 20.927602016490432], [85.66792690158658, 20.92751218496202]], [[85.66783707005817, 20.92742235343361], [85.66756757547293, 20.92742235343361], [85.66756757547293, 20.92751218496202], [85.66783707005817, 20.92751218496202], [85.66783707005817, 20.92742235343361]], [[85.668016733115, 20.927242690376783], [85.66783707005817, 20.927242690376783], [85.66783707005817, 20.927332521905196], [85.668016733115, 20.927332521905196], [85.668016733115, 20.927242690376783]], [[85.66702858630246, 20.926883364263137], [85.66684892324564, 20.926883364263137], [85.66684892324564, 20.926973195791547], [85.66702858630246, 20.926973195791547], [85.66702858630246, 20.926883364263137]], [[85.66855572228546, 20.926703701206314], [85.66837605922865, 20.926703701206314], [85.66837605922865, 20.926793532734724], [85.66828622770024, 20.926793532734724], [85.66828622770024, 20.92706302731996], [85.66837605922865, 20.92706302731996], [85.66837605922865, 20.926883364263137], [85.66855572228546, 20.926883364263137], [85.66855572228546, 20.926703701206314]], [[85.66774723852976, 20.926434206621078], [85.66765740700134, 20.926434206621078], [85.66765740700134, 20.926524038149488], [85.66774723852976, 20.926524038149488], [85.66774723852976, 20.926434206621078]], [[85.66630993407517, 20.926164712035842], [85.66604043948993, 20.926164712035842], [85.66604043948993, 20.92625454356425], [85.66595060796152, 20.92625454356425], [85.66595060796152, 20.926164712035842], [85.6658607764331, 20.926164712035842], [85.6658607764331, 20.926344375092665], [85.66595060796152, 20.926344375092665], [85.66595060796152, 20.926434206621078], [85.66604043948993, 20.926434206621078], [85.66604043948993, 20.926344375092665], [85.66630993407517, 20.926344375092665], [85.66630993407517, 20.926164712035842]], [[85.66765740700134, 20.925985048979015], [85.66720824935929, 20.925985048979015], [85.66720824935929, 20.926164712035842], [85.66711841783088, 20.926164712035842], [85.66711841783088, 20.92625454356425], [85.66720824935929, 20.92625454356425], [85.66720824935929, 20.926344375092665], [85.668016733115, 20.926344375092665], [85.668016733115, 20.926164712035842], [85.66783707005817, 20.926164712035842], [85.66783707005817, 20.92607488050743], [85.66765740700134, 20.92607488050743], [85.66765740700134, 20.925985048979015]]]}, "id": "+3401+2659", "properties": {"area_ha": 3.5414133586832257, "centroid_lat": 20.926708429461268, "centroid_lon": 85.66748814443429, "cluster_id": 1, "n_pixels": 354, "perim_m": 2688.5941641682894, "profile_A00_p50": 0.05322490089061294, "profile_A01_p50": -0.06588960226698776, "profile_A02_p50": 0.1529994411706668, "profile_A03_p50": 0.004396723212956731, "profile_A04_p50": -0.05832658226689369, "profile_A05_p50": 0.015158496882656702, "profile_A06_p50": -0.058113267185035455, "profile_A07_p50": 0.11962914339116627, "profile_A08_p50": -0.09326266198422985, "profile_A09_p50": 0.08838273719580549, "profile_A10_p50": 0.0927738549931394, "profile_A11_p50": 0.07960371607931654, "profile_A12_p50": -0.3249897319335717, "profile_A13_p50": 0.0044190217192075195, "profile_A14_p50": 0.017099823624685245, "profile_A15_p50": 0.1264737837743902, "profile_A16_p50": -0.06398815698604657, "profile_A17_p50": 0.06009021031571071, "profile_A18_p50": -0.08835826261434147, "profile_A19_p50": -0.020495413132786598, "profile_A20_p50": -0.3432207421649957, "profile_A21_p50": 0.3462977910933563, "profile_A22_p50": 0.21781800919039349, "profile_A23_p50": 0.002466081314448473, "profile_A24_p50": 0.044423011605003684, "profile_A25_p50": 0.07520972980020879, "profile_A26_p50": 0.10986634887067584, "profile_A27_p50": -0.02199335255392581, "profile_A28_p50": -0.042509549344215, "profile_A29_p50": 0.20140214272110038, "profile_A30_p50": 0.055171624942798744, "profile_A31_p50": 0.05227177289072206, "profile_A32_p50": 0.000957316000058114, "profile_A33_p50": 0.009267088127341096, "profile_A34_p50": 0.06397362739951426, "profile_A35_p50": 0.012661068372644, "profile_A36_p50": -0.15279506865085354, "profile_A37_p50": 0.03807606339089456, "profile_A38_p50": 0.15669696681405246, "profile_A39_p50": -0.0595711700946848, "profile_A40_p50": 0.08346119692206716, "profile_A41_p50": 0.08642988587394283, "profile_A42_p50": -0.15870285279429833, "profile_A43_p50": 0.33118419251225517, "profile_A44_p50": 0.05520752142849134, "profile_A45_p50": 0.0532128036651257, "profile_A46_p50": -0.01712322146126869, "profile_A47_p50": 0.02200723127549733, "profile_A48_p50": -0.11667718980753906, "profile_A49_p50": 0.08543167339345949, "profile_A50_p50": -0.046326086499873464, "profile_A51_p50": 0.03856258647140974, "profile_A52_p50": -0.022948844816816024, "profile_A53_p50": -0.06591446047458382, "profile_A54_p50": 0.19317842710817879, "profile_A55_p50": -0.11961082210177881, "profile_A56_p50": -0.0014382150342833156, "profile_A57_p50": -0.04930843751849643, "profile_A58_p50": -0.13624692489672033, "profile_A59_p50": -0.16067235778065347, "profile_A60_p50": -0.024889585453966214, "profile_A61_p50": -0.04440479733645213, "profile_A62_p50": 0.04593597650644479, "profile_A63_p50": 0.08937991613072041, "unit_id": 104}}, {"type": "Feature", "geometry": {"type": "Polygon", "coordinates": [[[85.6694540375696, 20.925805385922192], [85.66954386909799, 20.925805385922192], [85.66954386909799, 20.925895217450606], [85.6696337006264, 20.925895217450606], [85.6696337006264, 20.926164712035842], [85.66972353215482, 20.926164712035842], [85.66972353215482, 20.926524038149488], [85.66981336368323, 20.926524038149488], [85.66981336368323, 20.927152858848373], [85.66972353215482, 20.927152858848373], [85.66972353215482, 20.92706302731996], [85.66936420604118, 20.92706302731996], [85.66936420604118, 20.926883364263137], [85.66918454298435, 20.926883364263137], [85.66918454298435, 20.926973195791547], [85.66891504839911, 20.926973195791547], [85.66891504839911, 20.92706302731996], [85.66873538534229, 20.92706302731996], [85.66873538534229, 20.927242690376783], [85.66837605922865, 20.927242690376783], [85.66837605922865, 20.927152858848373], [85.66846589075706, 20.927152858848373], [85.66846589075706, 20.92706302731996], [85.66855572228546, 20.92706302731996], [85.66855572228546, 20.926883364263137], [85.66873538534229, 20.926883364263137], [85.66873538534229, 20.926524038149488], [85.66864555381387, 20.926524038149488], [85.66864555381387, 20.926434206621078], [85.66855572228546, 20.926434206621078], [85.66855572228546, 20.92607488050743], [85.66873538534229, 20.92607488050743], [85.66873538534229, 20.925985048979015], [85.66918454298435, 20.925985048979015], [85.66918454298435, 20.925895217450606], [85.6694540375696, 20.925895217450606], [85.6694540375696, 20.925805385922192]]]}, "id": "+3442+2657", "properties": {"area_ha": 1.4538453513625995, "centroid_lat": 20.92652576526059, "centroid_lon": 85.66917993654518, "cluster_id": 0, "n_pixels": 145, "perim_m": 714.3372022040271, "profile_A00_p50": 0.0649371420336406, "profile_A01_p50": -0.11083470436988313, "profile_A02_p50": 0.14346318026817326, "profile_A03_p50": 0.017083394032160377, "profile_A04_p50": -0.04637003445213128, "profile_A05_p50": -0.008794838739899412, "profile_A06_p50": -0.0697901490985032, "profile_A07_p50": 0.14752746069232994, "profile_A08_p50": -0.09809832530559248, "profile_A09_p50": 0.07865185688890315, "profile_A10_p50": 0.09278434321793148, "profile_A11_p50": 0.06399534700652354, "profile_A12_p50": -0.33706718023658716, "profile_A13_p50": 0.01611334574977108, "profile_A14_p50": -0.02196162797008433, "profile_A15_p50": 0.09865446239857459, "profile_A16_p50": -0.05517367445062648, "profile_A17_p50": 0.020527785675845137, "profile_A18_p50": -0.09320158952852851, "profile_A19_p50": 0.020520659200231755, "profile_A20_p50": -0.27787778199771523, "profile_A21_p50": 0.32710390879651796, "profile_A22_p50": 0.2647713197795599, "profile_A23_p50": -0.05124733800254931, "profile_A24_p50": 0.04592356057259676, "profile_A25_p50": 0.07127039448964882, "profile_A26_p50": 0.11083555905543434, "profile_A27_p50": -0.00047438936866183194, "profile_A28_p50": -0.054212923916086175, "profile_A29_p50": 0.19997662502461896, "profile_A30_p50": 0.06685909016728205, "profile_A31_p50": 0.04931597988423994, "profile_A32_p50": 0.0009931171883571953, "profile_A33_p50": -0.02295085841310662, "profile_A34_p50": 0.04590102399843765, "profile_A35_p50": -0.01855274223737954, "profile_A36_p50": -0.1805969336689741, "profile_A37_p50": 0.038133652209125644, "profile_A38_p50": 0.16465066993068045, "profile_A39_p50": -0.11432195461265213, "profile_A40_p50": 0.05424624345228753, "profile_A41_p50": 0.04933324400612502, "profile_A42_p50": -0.1470229052963256, "profile_A43_p50": 0.36170676065249535, "profile_A44_p50": 0.04735946919384751, "profile_A45_p50": 0.053694415358164035, "profile_A46_p50": -0.020978501530891636, "profile_A47_p50": 0.053738594365539405, "profile_A48_p50": -0.1098768476153089, "profile_A49_p50": 0.05952449153421575, "profile_A50_p50": -0.06982160993676202, "profile_A51_p50": 0.010225107035864925, "profile_A52_p50": -0.01613335808612833, "profile_A53_p50": -0.051767402203102525, "profile_A54_p50": 0.19289055487643264, "profile_A55_p50": -0.12261130834785652, "profile_A56_p50": -0.03467205053136565, "profile_A57_p50": -0.03366955729954787, "profile_A58_p50": -0.10597195248497535, "profile_A59_p50": -0.13033228323719942, "profile_A60_p50": 0.02200174954063654, "profile_A61_p50": -0.0717687835809173, "profile_A62_p50": 0.04784828368557889, "profile_A63_p50": 0.07373148958241554, "unit_id": 105}}, {"type": "Feature", "geometry": {"type": "Polygon", "coordinates": [[[85.6514877318872, 20.923918923825543], [85.65166739494401, 20.923918923825543], [85.65166739494401, 20.924008755353952], [85.65184705800084, 20.924008755353952], [85.65184705800084, 20.924368081467602], [85.65175722647243, 20.924368081467602], [85.65175722647243, 20.92472740758125], [85.65184705800084, 20.92472740758125], [85.65184705800084, 20.924907070638074], [85.65175722647243, 20.924907070638074], [85.65175722647243, 20.92517656522331], [85.65184705800084, 20.92517656522331], [85.65184705800084, 20.925356228280133], [85.65175722647243, 20.925356228280133], [85.65175722647243, 20.925446059808547], [85.65202672105767, 20.925446059808547], [85.65202672105767, 20.92562572286537], [85.65211655258608, 20.92562572286537], [85.65211655258608, 20.925535891336956], [85.6522962156429, 20.925535891336956], [85.6522962156429, 20.92562572286537], [85.65238604717132, 20.92562572286537], [85.65238604717132, 20.925535891336956], [85.65247587869973, 20.925535891336956], [85.65247587869973, 20.925715554393783], [85.65256571022815, 20.925715554393783], [85.65256571022815, 20.92562572286537], [85.65265554175654, 20.92562572286537], [85.65265554175654, 20.925715554393783], [85.65319453092702, 20.925715554393783], [85.65319453092702, 20.925895217450606], [85.65328436245544, 20.925895217450606], [85.65328436245544, 20.925985048979015], [85.65337419398385, 20.925985048979015], [85.65337419398385, 20.926164712035842], [85.65328436245544, 20.926164712035842], [85.65328436245544, 20.926344375092665], [85.65337419398385, 20.926344375092665], [85.65337419398385, 20.9266138696779], [85.65319453092702, 20.9266138696779], [85.65319453092702, 20.926793532734724], [85.65238604717132, 20.926793532734724], [85.65238604717132, 20.927332521905196], [85.6522962156429, 20.927332521905196], [85.6522962156429, 20.92742235343361], [85.65220638411449, 20.92742235343361], [85.65220638411449, 20.92751218496202], [85.65202672105767, 20.92751218496202], [85.65202672105767, 20.927691848018846], [85.65139790035879, 20.927691848018846], [85.65139790035879, 20.927781679547255], [85.65112840577355, 20.927781679547255], [85.65112840577355, 20.927602016490432], [85.65103857424513, 20.927602016490432], [85.65103857424513, 20.92742235343361], [85.65112840577355, 20.92742235343361], [85.65112840577355, 20.927332521905196], [85.65130806883037, 20.927332521905196], [85.65130806883037, 20.925985048979015], [85.65121823730196, 20.925985048979015], [85.65121823730196, 20.925805385922192], [85.65112840577355, 20.925805385922192], [85.65112840577355, 20.92562572286537], [85.65094874271672, 20.92562572286537], [85.65094874271672, 20.925356228280133], [85.65085891118831, 20.925356228280133], [85.65085891118831, 20.92517656522331], [85.65067924813148, 20.92517656522331], [85.65067924813148, 20.925086733694897], [85.65085891118831, 20.925086733694897], [85.65085891118831, 20.924907070638074], [85.6507690796599, 20.924907070638074], [85.6507690796599, 20.92481723910966], [85.65085891118831, 20.92481723910966], [85.65085891118831, 20.924907070638074], [85.65130806883037, 20.924907070638074], [85.65130806883037, 20.92472740758125], [85.6514877318872, 20.92472740758125], [85.6514877318872, 20.924547744524425], [85.65139790035879, 20.924547744524425], [85.65139790035879, 20.924457912996015], [85.65130806883037, 20.924457912996015], [85.65130806883037, 20.924368081467602], [85.65121823730196, 20.924368081467602], [85.65121823730196, 20.92418841841078], [85.65112840577355, 20.92418841841078], [85.65112840577355, 20.924098586882366], [85.65130806883037, 20.924098586882366], [85.65130806883037, 20.924008755353952], [85.6514877318872, 20.924008755353952], [85.6514877318872, 20.923918923825543]], [[85.65175722647243, 20.92517656522331], [85.65166739494401, 20.92517656522331], [85.65166739494401, 20.92526639675172], [85.65175722647243, 20.92526639675172], [85.65175722647243, 20.92517656522331]], [[85.6514877318872, 20.924907070638074], [85.65130806883037, 20.924907070638074], [85.65130806883037, 20.924996902166484], [85.65121823730196, 20.924996902166484], [85.65121823730196, 20.92517656522331], [85.65130806883037, 20.92517656522331], [85.65130806883037, 20.92526639675172], [85.65112840577355, 20.92526639675172], [85.65112840577355, 20.925446059808547], [85.65121823730196, 20.925446059808547], [85.65121823730196, 20.925535891336956], [85.65130806883037, 20.925535891336956], [85.65130806883037, 20.925446059808547], [85.65166739494401, 20.925446059808547], [85.65166739494401, 20.92526639675172], [85.6514877318872, 20.92526639675172], [85.6514877318872, 20.924907070638074]]]}, "id": "+3243+2678", "properties": {"area_ha": 4.948678830657262, "centroid_lat": 20.92614263069316, "centroid_lon": 85.65195575111787, "cluster_id": 0, "n_pixels": 495, "perim_m": 2028.4786452036724, "profile_A00_p50": 0.0649371420336406, "profile_A01_p50": -0.11083470436988313, "profile_A02_p50": 0.14346318026817326, "profile_A03_p50": 0.017083394032160377, "profile_A04_p50": -0.04637003445213128, "profile_A05_p50": -0.008794838739899412, "profile_A06_p50": -0.0697901490985032, "profile_A07_p50": 0.14752746069232994, "profile_A08_p50": -0.09809832530559248, "profile_A09_p50": 0.07865185688890315, "profile_A10_p50": 0.09278434321793148, "profile_A11_p50": 0.06399534700652354, "profile_A12_p50": -0.33706718023658716, "profile_A13_p50": 0.01611334574977108, "profile_A14_p50": -0.02196162797008433, "profile_A15_p50": 0.09865446239857459, "profile_A16_p50": -0.05517367445062648, "profile_A17_p50": 0.020527785675845137, "profile_A18_p50": -0.09320158952852851, "profile_A19_p50": 0.020520659200231755, "profile_A20_p50": -0.27787778199771523, "profile_A21_p50": 0.32710390879651796, "profile_A22_p50": 0.2647713197795599, "profile_A23_p50": -0.05124733800254931, "profile_A24_p50": 0.04592356057259676, "profile_A25_p50": 0.07127039448964882, "profile_A26_p50": 0.11083555905543434, "profile_A27_p50": -0.00047438936866183194, "profile_A28_p50": -0.054212923916086175, "profile_A29_p50": 0.19997662502461896, "profile_A30_p50": 0.06685909016728205, "profile_A31_p50": 0.04931597988423994, "profile_A32_p50": 0.0009931171883571953, "profile_A33_p50": -0.02295085841310662, "profile_A34_p50": 0.04590102399843765, "profile_A35_p50": -0.01855274223737954, "profile_A36_p50": -0.1805969336689741, "profile_A37_p50": 0.038133652209125644, "profile_A38_p50": 0.16465066993068045, "profile_A39_p50": -0.11432195461265213, "profile_A40_p50": 0.05424624345228753, "profile_A41_p50": 0.04933324400612502, "profile_A42_p50": -0.1470229052963256, "profile_A43_p50": 0.36170676065249535, "profile_A44_p50": 0.04735946919384751, "profile_A45_p50": 0.053694415358164035, "profile_A46_p50": -0.020978501530891636, "profile_A47_p50": 0.053738594365539405, "profile_A48_p50": -0.1098768476153089, "profile_A49_p50": 0.05952449153421575, "profile_A50_p50": -0.06982160993676202, "profile_A51_p50": 0.010225107035864925, "profile_A52_p50": -0.01613335808612833, "profile_A53_p50": -0.051767402203102525, "profile_A54_p50": 0.19289055487643264, "profile_A55_p50": -0.12261130834785652, "profile_A56_p50": -0.03467205053136565, "profile_A57_p50": -0.03366955729954787, "profile_A58_p50": -0.10597195248497535, "profile_A59_p50": -0.13033228323719942, "profile_A60_p50": 0.02200174954063654, "profile_A61_p50": -0.0717687835809173, "profile_A62_p50": 0.04784828368557889, "profile_A63_p50": 0.07373148958241554, "unit_id": 106}}, {"type": "Feature", "geometry": {"type": "Polygon", "coordinates": [[[85.66478279809216, 20.924098586882366], [85.66532178726264, 20.924098586882366], [85.66532178726264, 20.92418841841078], [85.666489597132, 20.92418841841078], [85.666489597132, 20.924368081467602], [85.66630993407517, 20.924368081467602], [85.66630993407517, 20.924457912996015], [85.66604043948993, 20.924457912996015], [85.66604043948993, 20.924547744524425], [85.6658607764331, 20.924547744524425], [85.6658607764331, 20.924637576052838], [85.66568111337628, 20.924637576052838], [85.66568111337628, 20.92472740758125], [85.66559128184787, 20.92472740758125], [85.66559128184787, 20.92481723910966], [85.66550145031947, 20.92481723910966], [85.66550145031947, 20.925086733694897], [85.66532178726264, 20.925086733694897], [85.66532178726264, 20.925446059808547], [85.66487262962058, 20.925446059808547], [85.66487262962058, 20.92562572286537], [85.66460313503534, 20.92562572286537], [85.66460313503534, 20.925805385922192], [85.66451330350694, 20.925805385922192], [85.66451330350694, 20.925985048979015], [85.66469296656375, 20.925985048979015], [85.66469296656375, 20.926344375092665], [85.66487262962058, 20.926344375092665], [85.66487262962058, 20.9266138696779], [85.66478279809216, 20.9266138696779], [85.66478279809216, 20.926703701206314], [85.6650522926774, 20.926703701206314], [85.6650522926774, 20.926883364263137], [85.66532178726264, 20.926883364263137], [85.66532178726264, 20.92706302731996], [85.66541161879105, 20.92706302731996], [85.66541161879105, 20.927152858848373], [85.66532178726264, 20.927152858848373], [85.66532178726264, 20.927242690376783], [85.66541161879105, 20.927242690376783], [85.66541161879105, 20.927332521905196], [85.66532178726264, 20.927332521905196], [85.66532178726264, 20.92742235343361], [85.66568111337628, 20.92742235343361], [85.66568111337628, 20.927602016490432], [85.66559128184787, 20.927602016490432], [85.66559128184787, 20.927691848018846], [85.66550145031947, 20.927691848018846], [85.66550145031947, 20.927781679547255], [85.66478279809216, 20.927781679547255], [85.66478279809216, 20.92787151107567], [85.66433364045011, 20.92787151107567], [85.66433364045011, 20.92796134260408], [85.6642438089217, 20.92796134260408], [85.6642438089217, 20.92787151107567], [85.66415397739328, 20.92787151107567], [85.66415397739328, 20.92796134260408], [85.66343532516599, 20.92796134260408], [85.66343532516599, 20.92787151107567], [85.66334549363758, 20.92787151107567], [85.66334549363758, 20.927691848018846], [85.66343532516599, 20.927691848018846], [85.66343532516599, 20.92742235343361], [85.66334549363758, 20.92742235343361], [85.66334549363758, 20.926883364263137], [85.66343532516599, 20.926883364263137], [85.66343532516599, 20.926793532734724], [85.6635251566944, 20.926793532734724], [85.6635251566944, 20.926703701206314], [85.6636149882228, 20.926703701206314], [85.6636149882228, 20.926344375092665], [85.66379465127963, 20.926344375092665], [85.66379465127963, 20.925535891336956], [85.66370481975122, 20.925535891336956], [85.66370481975122, 20.925356228280133], [85.66379465127963, 20.925356228280133], [85.66379465127963, 20.924996902166484], [85.66388448280804, 20.924996902166484], [85.66388448280804, 20.924907070638074], [85.66397431433646, 20.924907070638074], [85.66397431433646, 20.92472740758125], [85.66415397739328, 20.92472740758125], [85.66415397739328, 20.924547744524425], [85.66442347197852, 20.924547744524425], [85.66442347197852, 20.924457912996015], [85.66460313503534, 20.924457912996015], [85.66460313503534, 20.92427824993919], [85.66469296656375, 20.92427824993919], [85.66469296656375, 20.92418841841078], [85.66478279809216, 20.92418841841078], [85.66478279809216, 20.924098586882366]]]}, "id": "+3395+2676", "properties": {"area_ha": 6.588918981541664, "centroid_lat": 20.926121059243485, "centroid_lon": 85.6645471693547, "cluster_id": 5, "n_pixels": 659, "perim_m": 1865.7368526320442, "profile_A00_p50": 0.09039075166057686, "profile_A01_p50": -0.11961396687606807, "profile_A02_p50": 0.12658673222623548, "profile_A03_p50": -0.019032516800549397, "profile_A04_p50": -0.04565785378751156, "profile_A05_p50": -0.06493995401014899, "profile_A06_p50": -0.0952341111616557, "profile_A07_p50": 0.172270877900491, "profile_A08_p50": -0.07860690083504003, "profile_A09_p50": 0.12253751512604208, "profile_A10_p50": 0.0659283880277031, "profile_A11_p50": 0.08739148571644537, "profile_A12_p50": -0.3416990741207647, "profile_A13_p50": -0.01024379159168206, "profile_A14_p50": -0.06692508800573418, "profile_A15_p50": 0.08839225468167283, "profile_A16_p50": -0.06494742255474871, "profile_A17_p50": -0.0073111738324437335, "profile_A18_p50": -0.051311811016092786, "profile_A19_p50": -0.02245586871453492, "profile_A20_p50": -0.2564841771201657, "profile_A21_p50": 0.30183195618330894, "profile_A22_p50": 0.3147352097963566, "profile_A23_p50": -0.06103134985106178, "profile_A24_p50": 0.05320635582302553, "profile_A25_p50": 0.05125507158320685, "profile_A26_p50": 0.09424865346339444, "profile_A27_p50": 0.04540717223483963, "profile_A28_p50": -0.06591542100300125, "profile_A29_p50": 0.17132936262727566, "profile_A30_p50": 0.07568474520891881, "profile_A31_p50": 0.025885210323827738, "profile_A32_p50": 0.04788791218898051, "profile_A33_p50": -0.06396929656753877, "profile_A34_p50": 0.06883168556334399, "profile_A35_p50": -0.024900792260453577, "profile_A36_p50": -0.18994823774937653, "profile_A37_p50": -0.008810480796665559, "profile_A38_p50": 0.16263623842257358, "profile_A39_p50": -0.13720192585753754, "profile_A40_p50": 0.06104814588679552, "profile_A41_p50": 0.05810569901229506, "profile_A42_p50": -0.13651582807079568, "profile_A43_p50": 0.3727708659444402, "profile_A44_p50": 0.04541650254848149, "profile_A45_p50": 0.0034238337677682893, "profile_A46_p50": -0.07176554407316721, "profile_A47_p50": 0.0712508502403214, "profile_A48_p50": -0.0717553636459976, "profile_A49_p50": 0.08739287511915282, "profile_A50_p50": -0.06102178037864434, "profile_A51_p50": 0.019052410583469837, "profile_A52_p50": -0.0026801572620071662, "profile_A53_p50": -0.07178095833418072, "profile_A54_p50": 0.16669176883998804, "profile_A55_p50": -0.11570390510840604, "profile_A56_p50": -0.033454459009572786, "profile_A57_p50": -0.017098815982767385, "profile_A58_p50": -0.1225250763576387, "profile_A59_p50": -0.09032495263725088, "profile_A60_p50": 0.06397047762713161, "profile_A61_p50": -0.10498082661182, "profile_A62_p50": -0.001472044667328898, "profile_A63_p50": 0.09425279605268073, "unit_id": 107}}, {"type": "Feature", "geometry": {"type": "Polygon", "coordinates": [[[85.66226751529663, 20.924098586882366], [85.66298616752393, 20.924098586882366], [85.66298616752393, 20.92427824993919], [85.6628065044671, 20.92427824993919], [85.6628065044671, 20.924457912996015], [85.66262684141027, 20.924457912996015], [85.66262684141027, 20.924637576052838], [85.66253700988187, 20.924637576052838], [85.66253700988187, 20.92472740758125], [85.66244717835346, 20.92472740758125], [85.66244717835346, 20.924996902166484], [85.66226751529663, 20.924996902166484], [85.66226751529663, 20.92517656522331], [85.66217768376822, 20.92517656522331], [85.66217768376822, 20.925356228280133], [85.66208785223981, 20.925356228280133], [85.66208785223981, 20.925535891336956], [85.66163869459774, 20.925535891336956], [85.66163869459774, 20.925895217450606], [85.66145903154093, 20.925895217450606], [85.66145903154093, 20.92607488050743], [85.6612793684841, 20.92607488050743], [85.6612793684841, 20.92625454356425], [85.66109970542728, 20.92625454356425], [85.66109970542728, 20.926434206621078], [85.66092004237045, 20.926434206621078], [85.66092004237045, 20.9266138696779], [85.66065054778521, 20.9266138696779], [85.66065054778521, 20.926793532734724], [85.6604708847284, 20.926793532734724], [85.6604708847284, 20.926973195791547], [85.66029122167157, 20.926973195791547], [85.66029122167157, 20.927152858848373], [85.66011155861474, 20.927152858848373], [85.66011155861474, 20.927332521905196], [85.65993189555792, 20.927332521905196], [85.65993189555792, 20.92751218496202], [85.65975223250109, 20.92751218496202], [85.65975223250109, 20.927691848018846], [85.65957256944428, 20.927691848018846], [85.65957256944428, 20.92787151107567], [85.65930307485904, 20.92787151107567], [85.65930307485904, 20.92805117413249], [85.65858442263175, 20.92805117413249], [85.65858442263175, 20.92796134260408], [85.65840475957492, 20.92796134260408], [85.65840475957492, 20.927781679547255], [85.65849459110333, 20.927781679547255], [85.65849459110333, 20.927691848018846], [85.65858442263175, 20.927691848018846], [85.65858442263175, 20.92751218496202], [85.65867425416015, 20.92751218496202], [85.65867425416015, 20.927602016490432], [85.65876408568856, 20.927602016490432], [85.65876408568856, 20.92751218496202], [85.65894374874539, 20.92751218496202], [85.65894374874539, 20.927332521905196], [85.65939290638745, 20.927332521905196], [85.65939290638745, 20.92751218496202], [85.65957256944428, 20.92751218496202], [85.65957256944428, 20.927332521905196], [85.65975223250109, 20.927332521905196], [85.65975223250109, 20.927152858848373], [85.65993189555792, 20.927152858848373], [85.65993189555792, 20.926973195791547], [85.66011155861474, 20.926973195791547], [85.66011155861474, 20.926793532734724], [85.66029122167157, 20.926793532734724], [85.66029122167157, 20.9266138696779], [85.6604708847284, 20.9266138696779], [85.6604708847284, 20.926434206621078], [85.66065054778521, 20.926434206621078], [85.66065054778521, 20.926344375092665], [85.66074037931362, 20.926344375092665], [85.66074037931362, 20.925985048979015], [85.66056071625681, 20.925985048979015], [85.66056071625681, 20.925895217450606], [85.66074037931362, 20.925895217450606], [85.66074037931362, 20.92526639675172], [85.66083021084204, 20.92526639675172], [85.66083021084204, 20.92517656522331], [85.6612793684841, 20.92517656522331], [85.6612793684841, 20.925086733694897], [85.66136920001252, 20.925086733694897], [85.66136920001252, 20.924996902166484], [85.66163869459774, 20.924996902166484], [85.66163869459774, 20.924907070638074], [85.66172852612615, 20.924907070638074], [85.66172852612615, 20.92481723910966], [85.66190818918298, 20.92481723910966], [85.66190818918298, 20.924637576052838], [85.66208785223981, 20.924637576052838], [85.66208785223981, 20.924368081467602], [85.66217768376822, 20.924368081467602], [85.66217768376822, 20.92427824993919], [85.66226751529663, 20.92427824993919], [85.66226751529663, 20.924098586882366]], [[85.65912341180221, 20.92742235343361], [85.6590335802738, 20.92742235343361], [85.6590335802738, 20.92751218496202], [85.65912341180221, 20.92751218496202], [85.65912341180221, 20.92742235343361]]]}, "id": "+3369+2676", "properties": {"area_ha": 3.3643584473909636, "centroid_lat": 20.926025978588157, "centroid_lon": 85.6608940559391, "cluster_id": 1, "n_pixels": 336, "perim_m": 1963.9899794971373, "profile_A00_p50": 0.05322490089061294, "profile_A01_p50": -0.06588960226698776, "profile_A02_p50": 0.1529994411706668, "profile_A03_p50": 0.004396723212956731, "profile_A04_p50": -0.05832658226689369, "profile_A05_p50": 0.015158496882656702, "profile_A06_p50": -0.058113267185035455, "profile_A07_p50": 0.11962914339116627, "profile_A08_p50": -0.09326266198422985, "profile_A09_p50": 0.08838273719580549, "profile_A10_p50": 0.0927738549931394, "profile_A11_p50": 0.07960371607931654, "profile_A12_p50": -0.3249897319335717, "profile_A13_p50": 0.0044190217192075195, "profile_A14_p50": 0.017099823624685245, "profile_A15_p50": 0.1264737837743902, "profile_A16_p50": -0.06398815698604657, "profile_A17_p50": 0.06009021031571071, "profile_A18_p50": -0.08835826261434147, "profile_A19_p50": -0.020495413132786598, "profile_A20_p50": -0.3432207421649957, "profile_A21_p50": 0.3462977910933563, "profile_A22_p50": 0.21781800919039349, "profile_A23_p50": 0.002466081314448473, "profile_A24_p50": 0.044423011605003684, "profile_A25_p50": 0.07520972980020879, "profile_A26_p50": 0.10986634887067584, "profile_A27_p50": -0.02199335255392581, "profile_A28_p50": -0.042509549344215, "profile_A29_p50": 0.20140214272110038, "profile_A30_p50": 0.055171624942798744, "profile_A31_p50": 0.05227177289072206, "profile_A32_p50": 0.000957316000058114, "profile_A33_p50": 0.009267088127341096, "profile_A34_p50": 0.06397362739951426, "profile_A35_p50": 0.012661068372644, "profile_A36_p50": -0.15279506865085354, "profile_A37_p50": 0.03807606339089456, "profile_A38_p50": 0.15669696681405246, "profile_A39_p50": -0.0595711700946848, "profile_A40_p50": 0.08346119692206716, "profile_A41_p50": 0.08642988587394283, "profile_A42_p50": -0.15870285279429833, "profile_A43_p50": 0.33118419251225517, "profile_A44_p50": 0.05520752142849134, "profile_A45_p50": 0.0532128036651257, "profile_A46_p50": -0.01712322146126869, "profile_A47_p50": 0.02200723127549733, "profile_A48_p50": -0.11667718980753906, "profile_A49_p50": 0.08543167339345949, "profile_A50_p50": -0.046326086499873464, "profile_A51_p50": 0.03856258647140974, "profile_A52_p50": -0.022948844816816024, "profile_A53_p50": -0.06591446047458382, "profile_A54_p50": 0.19317842710817879, "profile_A55_p50": -0.11961082210177881, "profile_A56_p50": -0.0014382150342833156, "profile_A57_p50": -0.04930843751849643, "profile_A58_p50": -0.13624692489672033, "profile_A59_p50": -0.16067235778065347, "profile_A60_p50": -0.024889585453966214, "profile_A61_p50": -0.04440479733645213, "profile_A62_p50": 0.04593597650644479, "profile_A63_p50": 0.08937991613072041, "unit_id": 108}}, {"type": "Feature", "geometry": {"type": "Polygon", "coordinates": [[[85.65804543346127, 20.925446059808547], [85.65813526498968, 20.925446059808547], [85.65813526498968, 20.925535891336956], [85.6582250965181, 20.925535891336956], [85.6582250965181, 20.925805385922192], [85.65813526498968, 20.925805385922192], [85.65813526498968, 20.925895217450606], [85.65804543346127, 20.925895217450606], [85.65804543346127, 20.92607488050743], [85.65777593887603, 20.92607488050743], [85.65777593887603, 20.92625454356425], [85.65768610734762, 20.92625454356425], [85.65768610734762, 20.926344375092665], [85.65759627581922, 20.926344375092665], [85.65759627581922, 20.926434206621078], [85.65741661276239, 20.926434206621078], [85.65741661276239, 20.92607488050743], [85.65759627581922, 20.92607488050743], [85.65759627581922, 20.925985048979015], [85.65777593887603, 20.925985048979015], [85.65777593887603, 20.925805385922192], [85.65795560193285, 20.925805385922192], [85.65795560193285, 20.925715554393783], [85.65804543346127, 20.925715554393783], [85.65804543346127, 20.925446059808547]]]}, "id": "+3315+2661", "properties": {"area_ha": 0.30754531801935575, "centroid_lat": 20.925989132106192, "centroid_lon": 85.6578181332406, "cluster_id": 3, "n_pixels": 31, "perim_m": 387.0066122808475, "profile_A00_p50": 0.011235239387247112, "profile_A01_p50": -0.0944170190952198, "profile_A02_p50": 0.15850057670126871, "profile_A03_p50": 0.003564437970167429, "profile_A04_p50": -0.07205670402902237, "profile_A05_p50": 0.03257106241189286, "profile_A06_p50": -0.07272943763834964, "profile_A07_p50": 0.10985119683312686, "profile_A08_p50": -0.08651845985622647, "profile_A09_p50": 0.0600430883561467, "profile_A10_p50": 0.11400921607631402, "profile_A11_p50": 0.0111920030757401, "profile_A12_p50": -0.3221313230657005, "profile_A13_p50": 0.019024102708091968, "profile_A14_p50": -0.0053916421760631964, "profile_A15_p50": 0.11957411150282209, "profile_A16_p50": -0.07479604942143117, "profile_A17_p50": 0.03803665256952454, "profile_A18_p50": -0.1256803354945045, "profile_A19_p50": -0.01656259063652981, "profile_A20_p50": -0.2722795908059495, "profile_A21_p50": 0.3556452512654423, "profile_A22_p50": 0.17115688105307483, "profile_A23_p50": -0.019990446564841027, "profile_A24_p50": 0.04197593000361166, "profile_A25_p50": 0.09420353859861756, "profile_A26_p50": 0.10178905549147761, "profile_A27_p50": -0.03082037911668791, "profile_A28_p50": -0.0756967453399347, "profile_A29_p50": 0.1908586644815521, "profile_A30_p50": 0.08309282754496135, "profile_A31_p50": 0.06689427143406382, "profile_A32_p50": -0.05181669045714686, "profile_A33_p50": -0.016104732755643374, "profile_A34_p50": 0.049864714440127626, "profile_A35_p50": 0.018629112259767138, "profile_A36_p50": -0.21195628055143625, "profile_A37_p50": 0.09047097270280662, "profile_A38_p50": 0.17544807340384294, "profile_A39_p50": -0.059400418326222906, "profile_A40_p50": 0.08742905150440715, "profile_A41_p50": 0.05032945124855639, "profile_A42_p50": -0.15373454599345476, "profile_A43_p50": 0.3164389764620445, "profile_A44_p50": 0.032788414712290145, "profile_A45_p50": 0.06788945230226325, "profile_A46_p50": 0.012293733179546327, "profile_A47_p50": 0.0634588854602597, "profile_A48_p50": -0.11581008419281325, "profile_A49_p50": 0.036267982797314094, "profile_A50_p50": -0.012156496585562329, "profile_A51_p50": 0.07320562343524893, "profile_A52_p50": -0.014181711833384267, "profile_A53_p50": -0.03801164060014577, "profile_A54_p50": 0.19885668933227743, "profile_A55_p50": -0.09414380413701337, "profile_A56_p50": -0.020010342445014827, "profile_A57_p50": -0.02485003959024507, "profile_A58_p50": -0.10019566862430729, "profile_A59_p50": -0.12456524525126902, "profile_A60_p50": -0.01524541842880943, "profile_A61_p50": -0.04454317190444322, "profile_A62_p50": 0.0748096885813149, "profile_A63_p50": 0.08887335484798001, "unit_id": 109}}, {"type": "Feature", "geometry": {"type": "Polygon", "coordinates": [[[85.65975223250109, 20.92517656522331], [85.6598420640295, 20.92517656522331], [85.6598420640295, 20.92526639675172], [85.65993189555792, 20.92526639675172], [85.65993189555792, 20.92607488050743], [85.65966240097268, 20.92607488050743], [85.65966240097268, 20.92625454356425], [85.65957256944428, 20.92625454356425], [85.65957256944428, 20.925535891336956], [85.65966240097268, 20.925535891336956], [85.65966240097268, 20.925356228280133], [85.65975223250109, 20.925356228280133], [85.65975223250109, 20.92517656522331]], [[85.65975223250109, 20.925715554393783], [85.65966240097268, 20.925715554393783], [85.65966240097268, 20.925805385922192], [85.65975223250109, 20.925805385922192], [85.65975223250109, 20.925715554393783]]]}, "id": "+3334+2664", "properties": {"area_ha": 0.31686544795142474, "centroid_lat": 20.92571819628716, "centroid_lon": 85.65976015704824, "cluster_id": 3, "n_pixels": 32, "perim_m": 352.0344996648112, "profile_A00_p50": 0.011235239387247112, "profile_A01_p50": -0.0944170190952198, "profile_A02_p50": 0.15850057670126871, "profile_A03_p50": 0.003564437970167429, "profile_A04_p50": -0.07205670402902237, "profile_A05_p50": 0.03257106241189286, "profile_A06_p50": -0.07272943763834964, "profile_A07_p50": 0.10985119683312686, "profile_A08_p50": -0.08651845985622647, "profile_A09_p50": 0.0600430883561467, "profile_A10_p50": 0.11400921607631402, "profile_A11_p50": 0.0111920030757401, "profile_A12_p50": -0.3221313230657005, "profile_A13_p50": 0.019024102708091968, "profile_A14_p50": -0.0053916421760631964, "profile_A15_p50": 0.11957411150282209, "profile_A16_p50": -0.07479604942143117, "profile_A17_p50": 0.03803665256952454, "profile_A18_p50": -0.1256803354945045, "profile_A19_p50": -0.01656259063652981, "profile_A20_p50": -0.2722795908059495, "profile_A21_p50": 0.3556452512654423, "profile_A22_p50": 0.17115688105307483, "profile_A23_p50": -0.019990446564841027, "profile_A24_p50": 0.04197593000361166, "profile_A25_p50": 0.09420353859861756, "profile_A26_p50": 0.10178905549147761, "profile_A27_p50": -0.03082037911668791, "profile_A28_p50": -0.0756967453399347, "profile_A29_p50": 0.1908586644815521, "profile_A30_p50": 0.08309282754496135, "profile_A31_p50": 0.06689427143406382, "profile_A32_p50": -0.05181669045714686, "profile_A33_p50": -0.016104732755643374, "profile_A34_p50": 0.049864714440127626, "profile_A35_p50": 0.018629112259767138, "profile_A36_p50": -0.21195628055143625, "profile_A37_p50": 0.09047097270280662, "profile_A38_p50": 0.17544807340384294, "profile_A39_p50": -0.059400418326222906, "profile_A40_p50": 0.08742905150440715, "profile_A41_p50": 0.05032945124855639, "profile_A42_p50": -0.15373454599345476, "profile_A43_p50": 0.3164389764620445, "profile_A44_p50": 0.032788414712290145, "profile_A45_p50": 0.06788945230226325, "profile_A46_p50": 0.012293733179546327, "profile_A47_p50": 0.0634588854602597, "profile_A48_p50": -0.11581008419281325, "profile_A49_p50": 0.036267982797314094, "profile_A50_p50": -0.012156496585562329, "profile_A51_p50": 0.07320562343524893, "profile_A52_p50": -0.014181711833384267, "profile_A53_p50": -0.03801164060014577, "profile_A54_p50": 0.19885668933227743, "profile_A55_p50": -0.09414380413701337, "profile_A56_p50": -0.020010342445014827, "profile_A57_p50": -0.02485003959024507, "profile_A58_p50": -0.10019566862430729, "profile_A59_p50": -0.12456524525126902, "profile_A60_p50": -0.01524541842880943, "profile_A61_p50": -0.04454317190444322, "profile_A62_p50": 0.0748096885813149, "profile_A63_p50": 0.08887335484798001, "unit_id": 110}}, {"type": "Feature", "geometry": {"type": "Polygon", "coordinates": [[[85.65741661276239, 20.925535891336956], [85.6575064442908, 20.925535891336956], [85.6575064442908, 20.925715554393783], [85.65777593887603, 20.925715554393783], [85.65777593887603, 20.925805385922192], [85.65741661276239, 20.925805385922192], [85.65741661276239, 20.925715554393783], [85.65732678123398, 20.925715554393783], [85.65732678123398, 20.92562572286537], [85.65741661276239, 20.92562572286537], [85.65741661276239, 20.925535891336956]]]}, "id": "+3308+2660", "properties": {"area_ha": 0.06523701998347561, "centroid_lat": 20.925709136510953, "centroid_lon": 85.6575256924671, "cluster_id": 4, "n_pixels": 7, "perim_m": 153.11901574398811, "profile_A00_p50": 0.03450467768806869, "profile_A01_p50": -0.009836509767305612, "profile_A02_p50": 0.15001409714212485, "profile_A03_p50": 0.059070320938833056, "profile_A04_p50": -0.0876073305139049, "profile_A05_p50": 0.07596872997565039, "profile_A06_p50": 0.001520782604980991, "profile_A07_p50": -0.016001304859436346, "profile_A08_p50": 0.017908130572490435, "profile_A09_p50": 0.17234567901234565, "profile_A10_p50": 0.25239266948609507, "profile_A11_p50": -0.019016275791362298, "profile_A12_p50": -0.2654158656926823, "profile_A13_p50": -0.08456234781494296, "profile_A14_p50": 0.1002636592763467, "profile_A15_p50": 0.17452335182438986, "profile_A16_p50": -0.08930069631338373, "profile_A17_p50": -0.01425297962322184, "profile_A18_p50": -0.20828143021914652, "profile_A19_p50": -0.06604024093297449, "profile_A20_p50": -0.18803024477764962, "profile_A21_p50": 0.3446084839164424, "profile_A22_p50": 0.07548276303985647, "profile_A23_p50": 0.08353539237045582, "profile_A24_p50": 0.00535520526293306, "profile_A25_p50": -0.004591640577799747, "profile_A26_p50": 0.14029885941304626, "profile_A27_p50": 0.03091411728089929, "profile_A28_p50": -0.012461304056844235, "profile_A29_p50": 0.10991669870562605, "profile_A30_p50": -0.003268828228459139, "profile_A31_p50": 0.1050724080481866, "profile_A32_p50": -0.0694309880815071, "profile_A33_p50": -0.09326327480883423, "profile_A34_p50": 0.014126434887680563, "profile_A35_p50": 0.21607843137254903, "profile_A36_p50": -0.12135845187748302, "profile_A37_p50": 0.016452646418044344, "profile_A38_p50": 0.16913275113967158, "profile_A39_p50": 0.11376393694732796, "profile_A40_p50": 0.029227505090634657, "profile_A41_p50": 0.10009312657524884, "profile_A42_p50": -0.11174505532060319, "profile_A43_p50": 0.19964372677175446, "profile_A44_p50": -0.04059592464436755, "profile_A45_p50": 0.13688752189328893, "profile_A46_p50": -0.042373446110470336, "profile_A47_p50": 0.158799322198015, "profile_A48_p50": -0.10217403562732283, "profile_A49_p50": -0.028838139177239524, "profile_A50_p50": 0.006547908923918151, "profile_A51_p50": 0.142596144340089, "profile_A52_p50": -0.0029398949122132504, "profile_A53_p50": -0.10095399205433808, "profile_A54_p50": 0.21346148917083171, "profile_A55_p50": -0.09436712375582042, "profile_A56_p50": -0.08453671664744329, "profile_A57_p50": 0.09068392498611647, "profile_A58_p50": -0.09357016532103038, "profile_A59_p50": -0.10989414327822633, "profile_A60_p50": -0.023171714582710348, "profile_A61_p50": -0.03861207227989236, "profile_A62_p50": 0.14066179674484172, "profile_A63_p50": 0.05306164295783673, "unit_id": 111}}, {"type": "Feature", "geometry": {"type": "Polygon", "coordinates": [[[85.6604708847284, 20.925356228280133], [85.66074037931362, 20.925356228280133], [85.66074037931362, 20.925805385922192], [85.66056071625681, 20.925805385922192], [85.66056071625681, 20.925715554393783], [85.6604708847284, 20.925715554393783], [85.6604708847284, 20.925535891336956], [85.66065054778521, 20.925535891336956], [85.66065054778521, 20.925446059808547], [85.6604708847284, 20.925446059808547], [85.6604708847284, 20.925356228280133]]]}, "id": "+3344+2662", "properties": {"area_ha": 0.11183495577358124, "centroid_lat": 20.925580805376, "centroid_lon": 85.6606206031751, "cluster_id": 3, "n_pixels": 11, "perim_m": 192.90222924526964, "profile_A00_p50": 0.011235239387247112, "profile_A01_p50": -0.0944170190952198, "profile_A02_p50": 0.15850057670126871, "profile_A03_p50": 0.003564437970167429, "profile_A04_p50": -0.07205670402902237, "profile_A05_p50": 0.03257106241189286, "profile_A06_p50": -0.07272943763834964, "profile_A07_p50": 0.10985119683312686, "profile_A08_p50": -0.08651845985622647, "profile_A09_p50": 0.0600430883561467, "profile_A10_p50": 0.11400921607631402, "profile_A11_p50": 0.0111920030757401, "profile_A12_p50": -0.3221313230657005, "profile_A13_p50": 0.019024102708091968, "profile_A14_p50": -0.0053916421760631964, "profile_A15_p50": 0.11957411150282209, "profile_A16_p50": -0.07479604942143117, "profile_A17_p50": 0.03803665256952454, "profile_A18_p50": -0.1256803354945045, "profile_A19_p50": -0.01656259063652981, "profile_A20_p50": -0.2722795908059495, "profile_A21_p50": 0.3556452512654423, "profile_A22_p50": 0.17115688105307483, "profile_A23_p50": -0.019990446564841027, "profile_A24_p50": 0.04197593000361166, "profile_A25_p50": 0.09420353859861756, "profile_A26_p50": 0.10178905549147761, "profile_A27_p50": -0.03082037911668791, "profile_A28_p50": -0.0756967453399347, "profile_A29_p50": 0.1908586644815521, "profile_A30_p50": 0.08309282754496135, "profile_A31_p50": 0.06689427143406382, "profile_A32_p50": -0.05181669045714686, "profile_A33_p50": -0.016104732755643374, "profile_A34_p50": 0.049864714440127626, "profile_A35_p50": 0.018629112259767138, "profile_A36_p50": -0.21195628055143625, "profile_A37_p50": 0.09047097270280662, "profile_A38_p50": 0.17544807340384294, "profile_A39_p50": -0.059400418326222906, "profile_A40_p50": 0.08742905150440715, "profile_A41_p50": 0.05032945124855639, "profile_A42_p50": -0.15373454599345476, "profile_A43_p50": 0.3164389764620445, "profile_A44_p50": 0.032788414712290145, "profile_A45_p50": 0.06788945230226325, "profile_A46_p50": 0.012293733179546327, "profile_A47_p50": 0.0634588854602597, "profile_A48_p50": -0.11581008419281325, "profile_A49_p50": 0.036267982797314094, "profile_A50_p50": -0.012156496585562329, "profile_A51_p50": 0.07320562343524893, "profile_A52_p50": -0.014181711833384267, "profile_A53_p50": -0.03801164060014577, "profile_A54_p50": 0.19885668933227743, "profile_A55_p50": -0.09414380413701337, "profile_A56_p50": -0.020010342445014827, "profile_A57_p50": -0.02485003959024507, "profile_A58_p50": -0.10019566862430729, "profile_A59_p50": -0.12456524525126902, "profile_A60_p50": -0.01524541842880943, "profile_A61_p50": -0.04454317190444322, "profile_A62_p50": 0.0748096885813149, "profile_A63_p50": 0.08887335484798001, "unit_id": 112}}, {"type": "Feature", "geometry": {"type": "Polygon", "coordinates": [[[85.6530148678702, 20.925356228280133], [85.65310469939861, 20.925356228280133], [85.65310469939861, 20.925446059808547], [85.65319453092702, 20.925446059808547], [85.65319453092702, 20.925715554393783], [85.6530148678702, 20.925715554393783], [85.6530148678702, 20.925356228280133]]]}, "id": "+3259+2662", "properties": {"area_ha": 0.0652370754159346, "centroid_lat": 20.925555141091866, "centroid_lon": 85.65309828367187, "cluster_id": 3, "n_pixels": 7, "perim_m": 116.94398289536409, "profile_A00_p50": 0.011235239387247112, "profile_A01_p50": -0.0944170190952198, "profile_A02_p50": 0.15850057670126871, "profile_A03_p50": 0.003564437970167429, "profile_A04_p50": -0.07205670402902237, "profile_A05_p50": 0.03257106241189286, "profile_A06_p50": -0.07272943763834964, "profile_A07_p50": 0.10985119683312686, "profile_A08_p50": -0.08651845985622647, "profile_A09_p50": 0.0600430883561467, "profile_A10_p50": 0.11400921607631402, "profile_A11_p50": 0.0111920030757401, "profile_A12_p50": -0.3221313230657005, "profile_A13_p50": 0.019024102708091968, "profile_A14_p50": -0.0053916421760631964, "profile_A15_p50": 0.11957411150282209, "profile_A16_p50": -0.07479604942143117, "profile_A17_p50": 0.03803665256952454, "profile_A18_p50": -0.1256803354945045, "profile_A19_p50": -0.01656259063652981, "profile_A20_p50": -0.2722795908059495, "profile_A21_p50": 0.3556452512654423, "profile_A22_p50": 0.17115688105307483, "profile_A23_p50": -0.019990446564841027, "profile_A24_p50": 0.04197593000361166, "profile_A25_p50": 0.09420353859861756, "profile_A26_p50": 0.10178905549147761, "profile_A27_p50": -0.03082037911668791, "profile_A28_p50": -0.0756967453399347, "profile_A29_p50": 0.1908586644815521, "profile_A30_p50": 0.08309282754496135, "profile_A31_p50": 0.06689427143406382, "profile_A32_p50": -0.05181669045714686, "profile_A33_p50": -0.016104732755643374, "profile_A34_p50": 0.049864714440127626, "profile_A35_p50": 0.018629112259767138, "profile_A36_p50": -0.21195628055143625, "profile_A37_p50": 0.09047097270280662, "profile_A38_p50": 0.17544807340384294, "profile_A39_p50": -0.059400418326222906, "profile_A40_p50": 0.08742905150440715, "profile_A41_p50": 0.05032945124855639, "profile_A42_p50": -0.15373454599345476, "profile_A43_p50": 0.3164389764620445, "profile_A44_p50": 0.032788414712290145, "profile_A45_p50": 0.06788945230226325, "profile_A46_p50": 0.012293733179546327, "profile_A47_p50": 0.0634588854602597, "profile_A48_p50": -0.11581008419281325, "profile_A49_p50": 0.036267982797314094, "profile_A50_p50": -0.012156496585562329, "profile_A51_p50": 0.07320562343524893, "profile_A52_p50": -0.014181711833384267, "profile_A53_p50": -0.03801164060014577, "profile_A54_p50": 0.19885668933227743, "profile_A55_p50": -0.09414380413701337, "profile_A56_p50": -0.020010342445014827, "profile_A57_p50": -0.02485003959024507, "profile_A58_p50": -0.10019566862430729, "profile_A59_p50": -0.12456524525126902, "profile_A60_p50": -0.01524541842880943, "profile_A61_p50": -0.04454317190444322, "profile_A62_p50": 0.0748096885813149, "profile_A63_p50": 0.08887335484798001, "unit_id": 113}}, {"type": "Feature", "geometry": {"type": "Polygon", "coordinates": [[[85.65759627581922, 20.92517656522331], [85.65804543346127, 20.92517656522331], [85.65804543346127, 20.925535891336956], [85.65795560193285, 20.925535891336956], [85.65795560193285, 20.92526639675172], [85.65786577040444, 20.92526639675172], [85.65786577040444, 20.925356228280133], [85.65777593887603, 20.925356228280133], [85.65777593887603, 20.925446059808547], [85.65759627581922, 20.925446059808547], [85.65759627581922, 20.925356228280133], [85.65768610734762, 20.925356228280133], [85.65768610734762, 20.92526639675172], [85.65759627581922, 20.92526639675172], [85.65759627581922, 20.92517656522331]]]}, "id": "+3314+2664", "properties": {"area_ha": 0.11183511848171877, "centroid_lat": 20.92531131233551, "centroid_lon": 85.6578358254077, "cluster_id": 4, "n_pixels": 11, "perim_m": 231.48285015638547, "profile_A00_p50": 0.03450467768806869, "profile_A01_p50": -0.009836509767305612, "profile_A02_p50": 0.15001409714212485, "profile_A03_p50": 0.059070320938833056, "profile_A04_p50": -0.0876073305139049, "profile_A05_p50": 0.07596872997565039, "profile_A06_p50": 0.001520782604980991, "profile_A07_p50": -0.016001304859436346, "profile_A08_p50": 0.017908130572490435, "profile_A09_p50": 0.17234567901234565, "profile_A10_p50": 0.25239266948609507, "profile_A11_p50": -0.019016275791362298, "profile_A12_p50": -0.2654158656926823, "profile_A13_p50": -0.08456234781494296, "profile_A14_p50": 0.1002636592763467, "profile_A15_p50": 0.17452335182438986, "profile_A16_p50": -0.08930069631338373, "profile_A17_p50": -0.01425297962322184, "profile_A18_p50": -0.20828143021914652, "profile_A19_p50": -0.06604024093297449, "profile_A20_p50": -0.18803024477764962, "profile_A21_p50": 0.3446084839164424, "profile_A22_p50": 0.07548276303985647, "profile_A23_p50": 0.08353539237045582, "profile_A24_p50": 0.00535520526293306, "profile_A25_p50": -0.004591640577799747, "profile_A26_p50": 0.14029885941304626, "profile_A27_p50": 0.03091411728089929, "profile_A28_p50": -0.012461304056844235, "profile_A29_p50": 0.10991669870562605, "profile_A30_p50": -0.003268828228459139, "profile_A31_p50": 0.1050724080481866, "profile_A32_p50": -0.0694309880815071, "profile_A33_p50": -0.09326327480883423, "profile_A34_p50": 0.014126434887680563, "profile_A35_p50": 0.21607843137254903, "profile_A36_p50": -0.12135845187748302, "profile_A37_p50": 0.016452646418044344, "profile_A38_p50": 0.16913275113967158, "profile_A39_p50": 0.11376393694732796, "profile_A40_p50": 0.029227505090634657, "profile_A41_p50": 0.10009312657524884, "profile_A42_p50": -0.11174505532060319, "profile_A43_p50": 0.19964372677175446, "profile_A44_p50": -0.04059592464436755, "profile_A45_p50": 0.13688752189328893, "profile_A46_p50": -0.042373446110470336, "profile_A47_p50": 0.158799322198015, "profile_A48_p50": -0.10217403562732283, "profile_A49_p50": -0.028838139177239524, "profile_A50_p50": 0.006547908923918151, "profile_A51_p50": 0.142596144340089, "profile_A52_p50": -0.0029398949122132504, "profile_A53_p50": -0.10095399205433808, "profile_A54_p50": 0.21346148917083171, "profile_A55_p50": -0.09436712375582042, "profile_A56_p50": -0.08453671664744329, "profile_A57_p50": 0.09068392498611647, "profile_A58_p50": -0.09357016532103038, "profile_A59_p50": -0.10989414327822633, "profile_A60_p50": -0.023171714582710348, "profile_A61_p50": -0.03861207227989236, "profile_A62_p50": 0.14066179674484172, "profile_A63_p50": 0.05306164295783673, "unit_id": 114}}, {"type": "Feature", "geometry": {"type": "Polygon", "coordinates": [[[85.65570981372255, 20.924457912996015], [85.65579964525097, 20.924457912996015], [85.65579964525097, 20.924637576052838], [85.65588947677938, 20.924637576052838], [85.65588947677938, 20.924907070638074], [85.65579964525097, 20.924907070638074], [85.65579964525097, 20.924996902166484], [85.6560691398362, 20.924996902166484], [85.6560691398362, 20.925086733694897], [85.65597930830779, 20.925086733694897], [85.65597930830779, 20.92517656522331], [85.6560691398362, 20.92517656522331], [85.6560691398362, 20.925356228280133], [85.65615897136462, 20.925356228280133], [85.65615897136462, 20.925446059808547], [85.65588947677938, 20.925446059808547], [85.65588947677938, 20.925535891336956], [85.65553015066574, 20.925535891336956], [85.65553015066574, 20.92562572286537], [85.65508099302367, 20.92562572286537], [85.65508099302367, 20.925715554393783], [85.65454200385321, 20.925715554393783], [85.65454200385321, 20.92562572286537], [85.65472166691002, 20.92562572286537], [85.65472166691002, 20.925446059808547], [85.65481149843843, 20.925446059808547], [85.65481149843843, 20.925356228280133], [85.65472166691002, 20.925356228280133], [85.65472166691002, 20.92517656522331], [85.65481149843843, 20.92517656522331], [85.65481149843843, 20.925356228280133], [85.65490132996685, 20.925356228280133], [85.65490132996685, 20.925446059808547], [85.65517082455209, 20.925446059808547], [85.65517082455209, 20.92526639675172], [85.6552606560805, 20.92526639675172], [85.6552606560805, 20.92517656522331], [85.65535048760891, 20.92517656522331], [85.65535048760891, 20.924996902166484], [85.65544031913733, 20.924996902166484], [85.65544031913733, 20.92472740758125], [85.65553015066574, 20.92472740758125], [85.65553015066574, 20.92481723910966], [85.65570981372255, 20.92481723910966], [85.65570981372255, 20.92472740758125], [85.65561998219415, 20.92472740758125], [85.65561998219415, 20.924637576052838], [85.65570981372255, 20.924637576052838], [85.65570981372255, 20.924457912996015]]]}, "id": "+3289+2672", "properties": {"area_ha": 0.8667229793874, "centroid_lat": 20.92525722019109, "centroid_lon": 85.65548233781551, "cluster_id": 3, "n_pixels": 87, "perim_m": 769.2042125224065, "profile_A00_p50": 0.011235239387247112, "profile_A01_p50": -0.0944170190952198, "profile_A02_p50": 0.15850057670126871, "profile_A03_p50": 0.003564437970167429, "profile_A04_p50": -0.07205670402902237, "profile_A05_p50": 0.03257106241189286, "profile_A06_p50": -0.07272943763834964, "profile_A07_p50": 0.10985119683312686, "profile_A08_p50": -0.08651845985622647, "profile_A09_p50": 0.0600430883561467, "profile_A10_p50": 0.11400921607631402, "profile_A11_p50": 0.0111920030757401, "profile_A12_p50": -0.3221313230657005, "profile_A13_p50": 0.019024102708091968, "profile_A14_p50": -0.0053916421760631964, "profile_A15_p50": 0.11957411150282209, "profile_A16_p50": -0.07479604942143117, "profile_A17_p50": 0.03803665256952454, "profile_A18_p50": -0.1256803354945045, "profile_A19_p50": -0.01656259063652981, "profile_A20_p50": -0.2722795908059495, "profile_A21_p50": 0.3556452512654423, "profile_A22_p50": 0.17115688105307483, "profile_A23_p50": -0.019990446564841027, "profile_A24_p50": 0.04197593000361166, "profile_A25_p50": 0.09420353859861756, "profile_A26_p50": 0.10178905549147761, "profile_A27_p50": -0.03082037911668791, "profile_A28_p50": -0.0756967453399347, "profile_A29_p50": 0.1908586644815521, "profile_A30_p50": 0.08309282754496135, "profile_A31_p50": 0.06689427143406382, "profile_A32_p50": -0.05181669045714686, "profile_A33_p50": -0.016104732755643374, "profile_A34_p50": 0.049864714440127626, "profile_A35_p50": 0.018629112259767138, "profile_A36_p50": -0.21195628055143625, "profile_A37_p50": 0.09047097270280662, "profile_A38_p50": 0.17544807340384294, "profile_A39_p50": -0.059400418326222906, "profile_A40_p50": 0.08742905150440715, "profile_A41_p50": 0.05032945124855639, "profile_A42_p50": -0.15373454599345476, "profile_A43_p50": 0.3164389764620445, "profile_A44_p50": 0.032788414712290145, "profile_A45_p50": 0.06788945230226325, "profile_A46_p50": 0.012293733179546327, "profile_A47_p50": 0.0634588854602597, "profile_A48_p50": -0.11581008419281325, "profile_A49_p50": 0.036267982797314094, "profile_A50_p50": -0.012156496585562329, "profile_A51_p50": 0.07320562343524893, "profile_A52_p50": -0.014181711833384267, "profile_A53_p50": -0.03801164060014577, "profile_A54_p50": 0.19885668933227743, "profile_A55_p50": -0.09414380413701337, "profile_A56_p50": -0.020010342445014827, "profile_A57_p50": -0.02485003959024507, "profile_A58_p50": -0.10019566862430729, "profile_A59_p50": -0.12456524525126902, "profile_A60_p50": -0.01524541842880943, "profile_A61_p50": -0.04454317190444322, "profile_A62_p50": 0.0748096885813149, "profile_A63_p50": 0.08887335484798001, "unit_id": 115}}, {"type": "Feature", "geometry": {"type": "Polygon", "coordinates": [[[85.66083021084204, 20.924008755353952], [85.66208785223981, 20.924008755353952], [85.66208785223981, 20.924098586882366], [85.66217768376822, 20.924098586882366], [85.66217768376822, 20.92418841841078], [85.66226751529663, 20.92418841841078], [85.66226751529663, 20.92427824993919], [85.66217768376822, 20.92427824993919], [85.66217768376822, 20.924368081467602], [85.66208785223981, 20.924368081467602], [85.66208785223981, 20.92418841841078], [85.6619980207114, 20.92418841841078], [85.6619980207114, 20.924457912996015], [85.66208785223981, 20.924457912996015], [85.66208785223981, 20.924637576052838], [85.66190818918298, 20.924637576052838], [85.66190818918298, 20.92481723910966], [85.66172852612615, 20.92481723910966], [85.66172852612615, 20.924907070638074], [85.66163869459774, 20.924907070638074], [85.66163869459774, 20.924996902166484], [85.66136920001252, 20.924996902166484], [85.66136920001252, 20.925086733694897], [85.6612793684841, 20.925086733694897], [85.6612793684841, 20.92517656522331], [85.66109970542728, 20.92517656522331], [85.66109970542728, 20.924996902166484], [85.66100987389886, 20.924996902166484], [85.66100987389886, 20.92481723910966], [85.66092004237045, 20.92481723910966], [85.66092004237045, 20.924907070638074], [85.66074037931362, 20.924907070638074], [85.66074037931362, 20.924637576052838], [85.66083021084204, 20.924637576052838], [85.66083021084204, 20.92472740758125], [85.66092004237045, 20.92472740758125], [85.66092004237045, 20.924637576052838], [85.66100987389886, 20.924637576052838], [85.66100987389886, 20.924457912996015], [85.66109970542728, 20.924457912996015], [85.66109970542728, 20.924098586882366], [85.66083021084204, 20.924098586882366], [85.66083021084204, 20.924008755353952]], [[85.66109970542728, 20.924637576052838], [85.66100987389886, 20.924637576052838], [85.66100987389886, 20.92472740758125], [85.66109970542728, 20.92472740758125], [85.66109970542728, 20.924637576052838]], [[85.66145903154093, 20.924547744524425], [85.66136920001252, 20.924547744524425], [85.66136920001252, 20.924637576052838], [85.66145903154093, 20.924637576052838], [85.66145903154093, 20.924547744524425]], [[85.66172852612615, 20.924457912996015], [85.66163869459774, 20.924457912996015], [85.66163869459774, 20.924547744524425], [85.66154886306934, 20.924547744524425], [85.66154886306934, 20.924637576052838], [85.66190818918298, 20.924637576052838], [85.66190818918298, 20.924547744524425], [85.66172852612615, 20.924547744524425], [85.66172852612615, 20.924457912996015]]]}, "id": "+3359+2677", "properties": {"area_ha": 1.146315577946315, "centroid_lat": 20.924494795108913, "centroid_lon": 85.66146889169293, "cluster_id": 3, "n_pixels": 115, "perim_m": 922.3262558538654, "profile_A00_p50": 0.011235239387247112, "profile_A01_p50": -0.0944170190952198, "profile_A02_p50": 0.15850057670126871, "profile_A03_p50": 0.003564437970167429, "profile_A04_p50": -0.07205670402902237, "profile_A05_p50": 0.03257106241189286, "profile_A06_p50": -0.07272943763834964, "profile_A07_p50": 0.10985119683312686, "profile_A08_p50": -0.08651845985622647, "profile_A09_p50": 0.0600430883561467, "profile_A10_p50": 0.11400921607631402, "profile_A11_p50": 0.0111920030757401, "profile_A12_p50": -0.3221313230657005, "profile_A13_p50": 0.019024102708091968, "profile_A14_p50": -0.0053916421760631964, "profile_A15_p50": 0.11957411150282209, "profile_A16_p50": -0.07479604942143117, "profile_A17_p50": 0.03803665256952454, "profile_A18_p50": -0.1256803354945045, "profile_A19_p50": -0.01656259063652981, "profile_A20_p50": -0.2722795908059495, "profile_A21_p50": 0.3556452512654423, "profile_A22_p50": 0.17115688105307483, "profile_A23_p50": -0.019990446564841027, "profile_A24_p50": 0.04197593000361166, "profile_A25_p50": 0.09420353859861756, "profile_A26_p50": 0.10178905549147761, "profile_A27_p50": -0.03082037911668791, "profile_A28_p50": -0.0756967453399347, "profile_A29_p50": 0.1908586644815521, "profile_A30_p50": 0.08309282754496135, "profile_A31_p50": 0.06689427143406382, "profile_A32_p50": -0.05181669045714686, "profile_A33_p50": -0.016104732755643374, "profile_A34_p50": 0.049864714440127626, "profile_A35_p50": 0.018629112259767138, "profile_A36_p50": -0.21195628055143625, "profile_A37_p50": 0.09047097270280662, "profile_A38_p50": 0.17544807340384294, "profile_A39_p50": -0.059400418326222906, "profile_A40_p50": 0.08742905150440715, "profile_A41_p50": 0.05032945124855639, "profile_A42_p50": -0.15373454599345476, "profile_A43_p50": 0.3164389764620445, "profile_A44_p50": 0.032788414712290145, "profile_A45_p50": 0.06788945230226325, "profile_A46_p50": 0.012293733179546327, "profile_A47_p50": 0.0634588854602597, "profile_A48_p50": -0.11581008419281325, "profile_A49_p50": 0.036267982797314094, "profile_A50_p50": -0.012156496585562329, "profile_A51_p50": 0.07320562343524893, "profile_A52_p50": -0.014181711833384267, "profile_A53_p50": -0.03801164060014577, "profile_A54_p50": 0.19885668933227743, "profile_A55_p50": -0.09414380413701337, "profile_A56_p50": -0.020010342445014827, "profile_A57_p50": -0.02485003959024507, "profile_A58_p50": -0.10019566862430729, "profile_A59_p50": -0.12456524525126902, "profile_A60_p50": -0.01524541842880943, "profile_A61_p50": -0.04454317190444322, "profile_A62_p50": 0.0748096885813149, "profile_A63_p50": 0.08887335484798001, "unit_id": 116}}, {"type": "Feature", "geometry": {"type": "Polygon", "coordinates": [[[85.6522962156429, 20.92382909229713], [85.65265554175654, 20.92382909229713], [85.65265554175654, 20.924368081467602], [85.65256571022815, 20.924368081467602], [85.65256571022815, 20.924637576052838], [85.65265554175654, 20.924637576052838], [85.65265554175654, 20.92472740758125], [85.65256571022815, 20.92472740758125], [85.65256571022815, 20.92481723910966], [85.65265554175654, 20.92481723910966], [85.65265554175654, 20.924907070638074], [85.65256571022815, 20.924907070638074], [85.65256571022815, 20.92481723910966], [85.65247587869973, 20.92481723910966], [85.65247587869973, 20.925086733694897], [85.65220638411449, 20.925086733694897], [85.65220638411449, 20.924547744524425], [85.65211655258608, 20.924547744524425], [85.65211655258608, 20.924368081467602], [85.65193688952925, 20.924368081467602], [85.65193688952925, 20.92427824993919], [85.6522962156429, 20.92427824993919], [85.6522962156429, 20.92382909229713]], [[85.65256571022815, 20.924637576052838], [85.65247587869973, 20.924637576052838], [85.65247587869973, 20.92472740758125], [85.65256571022815, 20.92472740758125], [85.65256571022815, 20.924637576052838]]]}, "id": "+3254+2679", "properties": {"area_ha": 0.5591790696928001, "centroid_lat": 20.924430963296093, "centroid_lon": 85.65239503089789, "cluster_id": 0, "n_pixels": 56, "perim_m": 523.8440435335039, "profile_A00_p50": 0.0649371420336406, "profile_A01_p50": -0.11083470436988313, "profile_A02_p50": 0.14346318026817326, "profile_A03_p50": 0.017083394032160377, "profile_A04_p50": -0.04637003445213128, "profile_A05_p50": -0.008794838739899412, "profile_A06_p50": -0.0697901490985032, "profile_A07_p50": 0.14752746069232994, "profile_A08_p50": -0.09809832530559248, "profile_A09_p50": 0.07865185688890315, "profile_A10_p50": 0.09278434321793148, "profile_A11_p50": 0.06399534700652354, "profile_A12_p50": -0.33706718023658716, "profile_A13_p50": 0.01611334574977108, "profile_A14_p50": -0.02196162797008433, "profile_A15_p50": 0.09865446239857459, "profile_A16_p50": -0.05517367445062648, "profile_A17_p50": 0.020527785675845137, "profile_A18_p50": -0.09320158952852851, "profile_A19_p50": 0.020520659200231755, "profile_A20_p50": -0.27787778199771523, "profile_A21_p50": 0.32710390879651796, "profile_A22_p50": 0.2647713197795599, "profile_A23_p50": -0.05124733800254931, "profile_A24_p50": 0.04592356057259676, "profile_A25_p50": 0.07127039448964882, "profile_A26_p50": 0.11083555905543434, "profile_A27_p50": -0.00047438936866183194, "profile_A28_p50": -0.054212923916086175, "profile_A29_p50": 0.19997662502461896, "profile_A30_p50": 0.06685909016728205, "profile_A31_p50": 0.04931597988423994, "profile_A32_p50": 0.0009931171883571953, "profile_A33_p50": -0.02295085841310662, "profile_A34_p50": 0.04590102399843765, "profile_A35_p50": -0.01855274223737954, "profile_A36_p50": -0.1805969336689741, "profile_A37_p50": 0.038133652209125644, "profile_A38_p50": 0.16465066993068045, "profile_A39_p50": -0.11432195461265213, "profile_A40_p50": 0.05424624345228753, "profile_A41_p50": 0.04933324400612502, "profile_A42_p50": -0.1470229052963256, "profile_A43_p50": 0.36170676065249535, "profile_A44_p50": 0.04735946919384751, "profile_A45_p50": 0.053694415358164035, "profile_A46_p50": -0.020978501530891636, "profile_A47_p50": 0.053738594365539405, "profile_A48_p50": -0.1098768476153089, "profile_A49_p50": 0.05952449153421575, "profile_A50_p50": -0.06982160993676202, "profile_A51_p50": 0.010225107035864925, "profile_A52_p50": -0.01613335808612833, "profile_A53_p50": -0.051767402203102525, "profile_A54_p50": 0.19289055487643264, "profile_A55_p50": -0.12261130834785652, "profile_A56_p50": -0.03467205053136565, "profile_A57_p50": -0.03366955729954787, "profile_A58_p50": -0.10597195248497535, "profile_A59_p50": -0.13033228323719942, "profile_A60_p50": 0.02200174954063654, "profile_A61_p50": -0.0717687835809173, "profile_A62_p50": 0.04784828368557889, "profile_A63_p50": 0.07373148958241554, "unit_id": 117}}, {"type": "Feature", "geometry": {"type": "Polygon", "coordinates": [[[85.6538233516259, 20.924098586882366], [85.65400301468273, 20.924098586882366], [85.65400301468273, 20.92418841841078], [85.65409284621114, 20.92418841841078], [85.65409284621114, 20.92427824993919], [85.65418267773956, 20.92427824993919], [85.65418267773956, 20.924457912996015], [85.65391318315432, 20.924457912996015], [85.65391318315432, 20.924547744524425], [85.6538233516259, 20.924547744524425], [85.6538233516259, 20.924368081467602], [85.65373352009749, 20.924368081467602], [85.65373352009749, 20.92418841841078], [85.6538233516259, 20.92418841841078], [85.6538233516259, 20.924098586882366]]]}, "id": "+3269+2676", "properties": {"area_ha": 0.14911455409096036, "centroid_lat": 20.924311936567438, "centroid_lon": 85.65394687020314, "cluster_id": 3, "n_pixels": 15, "perim_m": 192.90297192856417, "profile_A00_p50": 0.011235239387247112, "profile_A01_p50": -0.0944170190952198, "profile_A02_p50": 0.15850057670126871, "profile_A03_p50": 0.003564437970167429, "profile_A04_p50": -0.07205670402902237, "profile_A05_p50": 0.03257106241189286, "profile_A06_p50": -0.07272943763834964, "profile_A07_p50": 0.10985119683312686, "profile_A08_p50": -0.08651845985622647, "profile_A09_p50": 0.0600430883561467, "profile_A10_p50": 0.11400921607631402, "profile_A11_p50": 0.0111920030757401, "profile_A12_p50": -0.3221313230657005, "profile_A13_p50": 0.019024102708091968, "profile_A14_p50": -0.0053916421760631964, "profile_A15_p50": 0.11957411150282209, "profile_A16_p50": -0.07479604942143117, "profile_A17_p50": 0.03803665256952454, "profile_A18_p50": -0.1256803354945045, "profile_A19_p50": -0.01656259063652981, "profile_A20_p50": -0.2722795908059495, "profile_A21_p50": 0.3556452512654423, "profile_A22_p50": 0.17115688105307483, "profile_A23_p50": -0.019990446564841027, "profile_A24_p50": 0.04197593000361166, "profile_A25_p50": 0.09420353859861756, "profile_A26_p50": 0.10178905549147761, "profile_A27_p50": -0.03082037911668791, "profile_A28_p50": -0.0756967453399347, "profile_A29_p50": 0.1908586644815521, "profile_A30_p50": 0.08309282754496135, "profile_A31_p50": 0.06689427143406382, "profile_A32_p50": -0.05181669045714686, "profile_A33_p50": -0.016104732755643374, "profile_A34_p50": 0.049864714440127626, "profile_A35_p50": 0.018629112259767138, "profile_A36_p50": -0.21195628055143625, "profile_A37_p50": 0.09047097270280662, "profile_A38_p50": 0.17544807340384294, "profile_A39_p50": -0.059400418326222906, "profile_A40_p50": 0.08742905150440715, "profile_A41_p50": 0.05032945124855639, "profile_A42_p50": -0.15373454599345476, "profile_A43_p50": 0.3164389764620445, "profile_A44_p50": 0.032788414712290145, "profile_A45_p50": 0.06788945230226325, "profile_A46_p50": 0.012293733179546327, "profile_A47_p50": 0.0634588854602597, "profile_A48_p50": -0.11581008419281325, "profile_A49_p50": 0.036267982797314094, "profile_A50_p50": -0.012156496585562329, "profile_A51_p50": 0.07320562343524893, "profile_A52_p50": -0.014181711833384267, "profile_A53_p50": -0.03801164060014577, "profile_A54_p50": 0.19885668933227743, "profile_A55_p50": -0.09414380413701337, "profile_A56_p50": -0.020010342445014827, "profile_A57_p50": -0.02485003959024507, "profile_A58_p50": -0.10019566862430729, "profile_A59_p50": -0.12456524525126902, "profile_A60_p50": -0.01524541842880943, "profile_A61_p50": -0.04454317190444322, "profile_A62_p50": 0.0748096885813149, "profile_A63_p50": 0.08887335484798001, "unit_id": 118}}, {"type": "Feature", "geometry": {"type": "Polygon", "coordinates": [[[85.6530148678702, 20.92382909229713], [85.65319453092702, 20.92382909229713], [85.65319453092702, 20.92418841841078], [85.65310469939861, 20.92418841841078], [85.65310469939861, 20.92427824993919], [85.6530148678702, 20.92427824993919], [85.6530148678702, 20.924008755353952], [85.65310469939861, 20.924008755353952], [85.65310469939861, 20.923918923825543], [85.6530148678702, 20.923918923825543], [85.6530148678702, 20.92382909229713]]]}, "id": "+3260+2679", "properties": {"area_ha": 0.07455740503905559, "centroid_lat": 20.92404244227025, "centroid_lon": 85.65310469983343, "cluster_id": 3, "n_pixels": 7, "perim_m": 155.52498490014085, "profile_A00_p50": 0.011235239387247112, "profile_A01_p50": -0.0944170190952198, "profile_A02_p50": 0.15850057670126871, "profile_A03_p50": 0.003564437970167429, "profile_A04_p50": -0.07205670402902237, "profile_A05_p50": 0.03257106241189286, "profile_A06_p50": -0.07272943763834964, "profile_A07_p50": 0.10985119683312686, "profile_A08_p50": -0.08651845985622647, "profile_A09_p50": 0.0600430883561467, "profile_A10_p50": 0.11400921607631402, "profile_A11_p50": 0.0111920030757401, "profile_A12_p50": -0.3221313230657005, "profile_A13_p50": 0.019024102708091968, "profile_A14_p50": -0.0053916421760631964, "profile_A15_p50": 0.11957411150282209, "profile_A16_p50": -0.07479604942143117, "profile_A17_p50": 0.03803665256952454, "profile_A18_p50": -0.1256803354945045, "profile_A19_p50": -0.01656259063652981, "profile_A20_p50": -0.2722795908059495, "profile_A21_p50": 0.3556452512654423, "profile_A22_p50": 0.17115688105307483, "profile_A23_p50": -0.019990446564841027, "profile_A24_p50": 0.04197593000361166, "profile_A25_p50": 0.09420353859861756, "profile_A26_p50": 0.10178905549147761, "profile_A27_p50": -0.03082037911668791, "profile_A28_p50": -0.0756967453399347, "profile_A29_p50": 0.1908586644815521, "profile_A30_p50": 0.08309282754496135, "profile_A31_p50": 0.06689427143406382, "profile_A32_p50": -0.05181669045714686, "profile_A33_p50": -0.016104732755643374, "profile_A34_p50": 0.049864714440127626, "profile_A35_p50": 0.018629112259767138, "profile_A36_p50": -0.21195628055143625, "profile_A37_p50": 0.09047097270280662, "profile_A38_p50": 0.17544807340384294, "profile_A39_p50": -0.059400418326222906, "profile_A40_p50": 0.08742905150440715, "profile_A41_p50": 0.05032945124855639, "profile_A42_p50": -0.15373454599345476, "profile_A43_p50": 0.3164389764620445, "profile_A44_p50": 0.032788414712290145, "profile_A45_p50": 0.06788945230226325, "profile_A46_p50": 0.012293733179546327, "profile_A47_p50": 0.0634588854602597, "profile_A48_p50": -0.11581008419281325, "profile_A49_p50": 0.036267982797314094, "profile_A50_p50": -0.012156496585562329, "profile_A51_p50": 0.07320562343524893, "profile_A52_p50": -0.014181711833384267, "profile_A53_p50": -0.03801164060014577, "profile_A54_p50": 0.19885668933227743, "profile_A55_p50": -0.09414380413701337, "profile_A56_p50": -0.020010342445014827, "profile_A57_p50": -0.02485003959024507, "profile_A58_p50": -0.10019566862430729, "profile_A59_p50": -0.12456524525126902, "profile_A60_p50": -0.01524541842880943, "profile_A61_p50": -0.04454317190444322, "profile_A62_p50": 0.0748096885813149, "profile_A63_p50": 0.08887335484798001, "unit_id": 119}}, {"type": "Feature", "geometry": {"type": "Polygon", "coordinates": [[[85.6544521723248, 20.923918923825543], [85.65454200385321, 20.923918923825543], [85.65454200385321, 20.924008755353952], [85.65472166691002, 20.924008755353952], [85.65472166691002, 20.924098586882366], [85.6544521723248, 20.924098586882366], [85.6544521723248, 20.923918923825543]]]}, "id": "+3275+2678", "properties": {"area_ha": 0.03727871384090134, "centroid_lat": 20.924031213050128, "centroid_lon": 85.65456446381855, "cluster_id": 3, "n_pixels": 4, "perim_m": 95.85033850325348, "profile_A00_p50": 0.011235239387247112, "profile_A01_p50": -0.0944170190952198, "profile_A02_p50": 0.15850057670126871, "profile_A03_p50": 0.003564437970167429, "profile_A04_p50": -0.07205670402902237, "profile_A05_p50": 0.03257106241189286, "profile_A06_p50": -0.07272943763834964, "profile_A07_p50": 0.10985119683312686, "profile_A08_p50": -0.08651845985622647, "profile_A09_p50": 0.0600430883561467, "profile_A10_p50": 0.11400921607631402, "profile_A11_p50": 0.0111920030757401, "profile_A12_p50": -0.3221313230657005, "profile_A13_p50": 0.019024102708091968, "profile_A14_p50": -0.0053916421760631964, "profile_A15_p50": 0.11957411150282209, "profile_A16_p50": -0.07479604942143117, "profile_A17_p50": 0.03803665256952454, "profile_A18_p50": -0.1256803354945045, "profile_A19_p50": -0.01656259063652981, "profile_A20_p50": -0.2722795908059495, "profile_A21_p50": 0.3556452512654423, "profile_A22_p50": 0.17115688105307483, "profile_A23_p50": -0.019990446564841027, "profile_A24_p50": 0.04197593000361166, "profile_A25_p50": 0.09420353859861756, "profile_A26_p50": 0.10178905549147761, "profile_A27_p50": -0.03082037911668791, "profile_A28_p50": -0.0756967453399347, "profile_A29_p50": 0.1908586644815521, "profile_A30_p50": 0.08309282754496135, "profile_A31_p50": 0.06689427143406382, "profile_A32_p50": -0.05181669045714686, "profile_A33_p50": -0.016104732755643374, "profile_A34_p50": 0.049864714440127626, "profile_A35_p50": 0.018629112259767138, "profile_A36_p50": -0.21195628055143625, "profile_A37_p50": 0.09047097270280662, "profile_A38_p50": 0.17544807340384294, "profile_A39_p50": -0.059400418326222906, "profile_A40_p50": 0.08742905150440715, "profile_A41_p50": 0.05032945124855639, "profile_A42_p50": -0.15373454599345476, "profile_A43_p50": 0.3164389764620445, "profile_A44_p50": 0.032788414712290145, "profile_A45_p50": 0.06788945230226325, "profile_A46_p50": 0.012293733179546327, "profile_A47_p50": 0.0634588854602597, "profile_A48_p50": -0.11581008419281325, "profile_A49_p50": 0.036267982797314094, "profile_A50_p50": -0.012156496585562329, "profile_A51_p50": 0.07320562343524893, "profile_A52_p50": -0.014181711833384267, "profile_A53_p50": -0.03801164060014577, "profile_A54_p50": 0.19885668933227743, "profile_A55_p50": -0.09414380413701337, "profile_A56_p50": -0.020010342445014827, "profile_A57_p50": -0.02485003959024507, "profile_A58_p50": -0.10019566862430729, "profile_A59_p50": -0.12456524525126902, "profile_A60_p50": -0.01524541842880943, "profile_A61_p50": -0.04454317190444322, "profile_A62_p50": 0.0748096885813149, "profile_A63_p50": 0.08887335484798001, "unit_id": 120}}, {"type": "Feature", "geometry": {"type": "Polygon", "coordinates": [[[85.65840475957492, 20.923918923825543], [85.65867425416015, 20.923918923825543], [85.65867425416015, 20.924098586882366], [85.65840475957492, 20.924098586882366], [85.65840475957492, 20.923918923825543]]]}, "id": "+3321+2678", "properties": {"area_ha": 0.05591806817237004, "centroid_lat": 20.924008755411386, "centroid_lon": 85.65853950756535, "cluster_id": 3, "n_pixels": 6, "perim_m": 95.85034964069924, "profile_A00_p50": 0.011235239387247112, "profile_A01_p50": -0.0944170190952198, "profile_A02_p50": 0.15850057670126871, "profile_A03_p50": 0.003564437970167429, "profile_A04_p50": -0.07205670402902237, "profile_A05_p50": 0.03257106241189286, "profile_A06_p50": -0.07272943763834964, "profile_A07_p50": 0.10985119683312686, "profile_A08_p50": -0.08651845985622647, "profile_A09_p50": 0.0600430883561467, "profile_A10_p50": 0.11400921607631402, "profile_A11_p50": 0.0111920030757401, "profile_A12_p50": -0.3221313230657005, "profile_A13_p50": 0.019024102708091968, "profile_A14_p50": -0.0053916421760631964, "profile_A15_p50": 0.11957411150282209, "profile_A16_p50": -0.07479604942143117, "profile_A17_p50": 0.03803665256952454, "profile_A18_p50": -0.1256803354945045, "profile_A19_p50": -0.01656259063652981, "profile_A20_p50": -0.2722795908059495, "profile_A21_p50": 0.3556452512654423, "profile_A22_p50": 0.17115688105307483, "profile_A23_p50": -0.019990446564841027, "profile_A24_p50": 0.04197593000361166, "profile_A25_p50": 0.09420353859861756, "profile_A26_p50": 0.10178905549147761, "profile_A27_p50": -0.03082037911668791, "profile_A28_p50": -0.0756967453399347, "profile_A29_p50": 0.1908586644815521, "profile_A30_p50": 0.08309282754496135, "profile_A31_p50": 0.06689427143406382, "profile_A32_p50": -0.05181669045714686, "profile_A33_p50": -0.016104732755643374, "profile_A34_p50": 0.049864714440127626, "profile_A35_p50": 0.018629112259767138, "profile_A36_p50": -0.21195628055143625, "profile_A37_p50": 0.09047097270280662, "profile_A38_p50": 0.17544807340384294, "profile_A39_p50": -0.059400418326222906, "profile_A40_p50": 0.08742905150440715, "profile_A41_p50": 0.05032945124855639, "profile_A42_p50": -0.15373454599345476, "profile_A43_p50": 0.3164389764620445, "profile_A44_p50": 0.032788414712290145, "profile_A45_p50": 0.06788945230226325, "profile_A46_p50": 0.012293733179546327, "profile_A47_p50": 0.0634588854602597, "profile_A48_p50": -0.11581008419281325, "profile_A49_p50": 0.036267982797314094, "profile_A50_p50": -0.012156496585562329, "profile_A51_p50": 0.07320562343524893, "profile_A52_p50": -0.014181711833384267, "profile_A53_p50": -0.03801164060014577, "profile_A54_p50": 0.19885668933227743, "profile_A55_p50": -0.09414380413701337, "profile_A56_p50": -0.020010342445014827, "profile_A57_p50": -0.02485003959024507, "profile_A58_p50": -0.10019566862430729, "profile_A59_p50": -0.12456524525126902, "profile_A60_p50": -0.01524541842880943, "profile_A61_p50": -0.04454317190444322, "profile_A62_p50": 0.0748096885813149, "profile_A63_p50": 0.08887335484798001, "unit_id": 121}}]}