{"type": "FeatureCollection", "columns": {}, "features": [{"type": "Feature", "geometry": {"type": "MultiPolygon", "coordinates": [[[[84.64203394504155, 20.829460762590088], [84.64241806175548, 20.829466049885202], [84.64242368514627, 20.82910492422146], [84.6426157430945, 20.82910756749622], [84.64261293163716, 20.82928813035953], [84.64280498983692, 20.829290773445642], [84.64280217858618, 20.829471336317937], [84.64299423704645, 20.8294739792154], [84.64299142599336, 20.829654542114646], [84.64318348471414, 20.82965718481448], [84.64318067384968, 20.829837747740672], [84.64337273283097, 20.829840390251864], [84.64336851683073, 20.83011123466361], [84.64317645750808, 20.830108592107507], [84.64317083561747, 20.83046971792396], [84.64326686550338, 20.83047103924693], [84.64326546006217, 20.830561320705534], [84.64336149001095, 20.830562641983587], [84.64335867923633, 20.83074320490978], [84.64345470931087, 20.8307445261519], [84.6434533039595, 20.83083480761949], [84.64306918349061, 20.83082952230965], [84.64307058906657, 20.83073924086901], [84.64230234893728, 20.830728667725065], [84.6423037549624, 20.830638386338325], [84.64191963530199, 20.83063309850422], [84.64192104155168, 20.830542817135445], [84.64163295205566, 20.83053885071414], [84.64163435846706, 20.830448569363334], [84.64144229895575, 20.83044592482195], [84.64144370547494, 20.83035564348911], [84.64125164610738, 20.8303529987501], [84.64125305272538, 20.83026271741726], [84.64115702310896, 20.830261394971398], [84.64115842978087, 20.830171113647538], [84.64106240023632, 20.83016979115676], [84.64106380695314, 20.830079509841884], [84.6408717479898, 20.830076864707614], [84.64087315481443, 20.829986583401723], [84.64077712540463, 20.829985260767216], [84.64077853228315, 20.829894979461326], [84.64068250293623, 20.829893656772917], [84.64068672368856, 20.829622812891174], [84.64087878205001, 20.829625458169176], [84.6408815956184, 20.82944489554841], [84.64097762469582, 20.829446218093086], [84.64097903141264, 20.82935593677821], [84.64107506043617, 20.82935725926899], [84.64107365378223, 20.829447540592845], [84.641265711973, 20.82945018542169], [84.64126289886276, 20.829630748096356], [84.64164701579229, 20.82963603716115], [84.64164842212283, 20.829545755801362], [84.64174445131704, 20.82954707792383], [84.64174304504039, 20.829637359292605], [84.6420311328386, 20.829641325363568], [84.64203394504155, 20.829460762590088]]], [[[84.64203394504155, 20.829460762590088], [84.641841886725, 20.829458118623627], [84.64184469912557, 20.829277555868114], [84.64203675720856, 20.829280199807624], [84.64203394504155, 20.829460762590088]]]]}, "id": "+44+1023", "properties": {"A00": -0.015166906545725582, "A01": -0.04351492321066359, "A02": 0.21004025266790463, "A03": 0.02345903882329644, "A04": -0.06792082509335119, "A05": 0.02974223730334072, "A06": -0.0748095925232352, "A07": 0.11319840725800986, "A08": -0.06354619878063421, "A09": 0.022872777299901188, "A10": 0.1264808810565902, "A11": 0.026391324598707785, "A12": -0.2975703158450318, "A13": 0.043095167475219444, "A14": -0.0075146834863373795, "A15": 0.14313207160302932, "A16": -0.025940352710661845, "A17": 0.056566443800780984, "A18": -0.11585148091416934, "A19": -0.08123166833363328, "A20": -0.2828753765622172, "A21": 0.3678654919258664, "A22": 0.22019973198062762, "A23": -0.009652249698175228, "A24": -0.003107176963331511, "A25": 0.0010057272278075173, "A26": 0.11204852482827173, "A27": 0.0066144413989329244, "A28": -0.06120799793930662, "A29": 0.18741761345458763, "A30": 0.07239685333536733, "A31": 0.08996435564419633, "A32": -0.042863476005948094, "A33": -0.04319222549970905, "A34": -0.0025520135005174674, "A35": -0.0025454399589406127, "A36": -0.20585989701311241, "A37": 0.10333504418219842, "A38": 0.12931171984453094, "A39": -0.009631976615700307, "A40": 0.08303924929422384, "A41": 0.030468278682165853, "A42": -0.15243794663525553, "A43": 0.2669832016823927, "A44": 0.014278439619184667, "A45": 0.10703475739065094, "A46": 0.001772161771857629, "A47": 0.03186318323924158, "A48": -0.14963126447377698, "A49": -0.0412905607252999, "A50": -0.03398911775840449, "A51": 0.10483066476932154, "A52": -0.036772710949268074, "A53": -0.06536610438896415, "A54": 0.16201336336237618, "A55": -0.08078142765058312, "A56": -0.015983731227314394, "A57": 0.005753344464434675, "A58": -0.09903457458321276, "A59": -0.15331297620003864, "A60": -0.027458826331931006, "A61": -0.046339734230317696, "A62": 0.11897247625313674, "A63": 0.06520157484745925, "area_ha": 3.0764478854994954, "centroid_lat": 20.830026618015506, "centroid_lon": 84.64218923131133, "cluster_id": 2, "n_pixels": 308, "perim_m": 1159.6002372455505, "stand_id": 1, "stand_lbl": 3}}, {"type": "Feature", "geometry": {"type": "Polygon", "coordinates": [[[84.64317083561747, 20.83046971792396], [84.6431722411036, 20.830379436465357], [84.64326827092663, 20.830380757788323], [84.64326967634986, 20.83029047632972], [84.64336570612798, 20.830291797589805], [84.64336711147935, 20.8302015161312], [84.64355917094574, 20.830204158480694], [84.64356057618033, 20.83011387699514], [84.64365660586861, 20.830115198084545], [84.64365801104033, 20.83002491659899], [84.64413815930206, 20.830031521201605], [84.64413956417732, 20.829941239680117], [84.64423559379374, 20.829942560437146], [84.64423699860613, 20.829852278906674], [84.64433302817763, 20.829853599600824], [84.64433583765867, 20.829673036539884], [84.64452789659505, 20.82967567773953], [84.6445307058156, 20.829495114642658], [84.64481879392821, 20.829499075997465], [84.64482019835432, 20.829408794431064], [84.64491622768327, 20.829410114765885], [84.6449176320555, 20.8293198331905], [84.64510969061458, 20.829322473698443], [84.64511109486104, 20.829232192105092], [84.64520712410015, 20.829233512278215], [84.64520852827474, 20.829143230675882], [84.64626484973437, 20.829157748888175], [84.6462732708832, 20.828616058878904], [84.6464653287416, 20.828618697778865], [84.64646673213466, 20.828528416086698], [84.64656276101445, 20.82852973545134], [84.64656416433563, 20.828439453759174], [84.64685225085823, 20.828443411511735], [84.64685365399976, 20.828353129801602], [84.64723776924045, 20.828358406029473], [84.64723917214842, 20.828268124283408], [84.6476232872813, 20.82827339963093], [84.64762188459792, 20.828363681394965], [84.64742982690122, 20.828361043815526], [84.64742842411003, 20.82845132556159], [84.6472363663235, 20.828448687766556], [84.64722794868709, 20.82899037817109], [84.64684383184739, 20.828985101772535], [84.64684242865196, 20.829075383473686], [84.64665037016474, 20.829072744942035], [84.64664896685254, 20.829163026634202], [84.64655293755952, 20.829161707278544], [84.64654872739833, 20.829432552328097], [84.64664475686203, 20.82943387170172], [84.6466433535139, 20.829524153384902], [84.64702747166513, 20.82952943036736], [84.64703027789427, 20.82934886693811], [84.64741439570415, 20.82935414301327], [84.6474172014482, 20.82917357953012], [84.64818543652, 20.829184128994473], [84.6481840341061, 20.829274410785455], [84.6480880046424, 20.829273092283195], [84.64808660216563, 20.829363374065196], [84.64789454313942, 20.82936073689], [84.64789314054588, 20.829451018663015], [84.64779711098336, 20.829449699981094], [84.64779570832692, 20.829539981745125], [84.64760364911207, 20.82953734422857], [84.64760224632987, 20.829627625974634], [84.64741018704315, 20.829624988224516], [84.64740878413518, 20.8297152699616], [84.64721672475864, 20.829712631986904], [84.64721532173388, 20.82980291370602], [84.6470232622675, 20.82980027549776], [84.64702185911699, 20.829890557207893], [84.64692582933888, 20.829889238022915], [84.64692442613448, 20.829979519724066], [84.64673236647945, 20.829976881165464], [84.64673096314928, 20.83006716285763], [84.64653890342238, 20.83006452407445], [84.64653749996644, 20.830154805748652], [84.64634544014972, 20.830152166749876], [84.64634403656802, 20.83024244840611], [84.64615197667044, 20.830239809173772], [84.64615057297196, 20.830330090821022], [84.64605454297826, 20.83032877111502], [84.64605313920792, 20.83041905275329], [84.64586107913068, 20.83041641317061], [84.64585967524356, 20.830506694799894], [84.64566761507648, 20.830504054992634], [84.64566621106358, 20.83059433660395], [84.64547415081567, 20.830591696572114], [84.645472746686, 20.830681978165465], [84.64528068634824, 20.830679337909046], [84.6452792821018, 20.830769619493417], [84.64499119147389, 20.8307656586776], [84.64498978704778, 20.830855940244003], [84.64450963587552, 20.830849337770395], [84.64450823115295, 20.83093961930985], [84.64393204965462, 20.830931694534108], [84.64393345471854, 20.83084141303957], [84.6434533039595, 20.83083480761949], [84.64345470931087, 20.8307445261519], [84.64335867923633, 20.83074320490978], [84.64336149001095, 20.830562641983587], [84.64326546006217, 20.830561320705534], [84.64326686550338, 20.83047103924693], [84.64317083561747, 20.83046971792396]]]}, "id": "+55+1024", "properties": {"A00": 0.062418483835652794, "A01": -0.061652523336430405, "A02": 0.14635455571723968, "A03": 0.0163810153740715, "A04": -0.04313090171563787, "A05": -0.059845567801641894, "A06": -0.09793478132725025, "A07": 0.19780163033886894, "A08": -0.09201906744508137, "A09": 0.0650767266955972, "A10": 0.09272910938550584, "A11": 0.09753253888170589, "A12": -0.29416425522047773, "A13": -0.00790268401129397, "A14": -0.04958847530223966, "A15": 0.10124079129054292, "A16": -0.019471704848449584, "A17": 0.06774421853669492, "A18": -0.05202133000753551, "A19": -0.03888924059876592, "A20": -0.352039817896579, "A21": 0.342106298288744, "A22": 0.2790110010040731, "A23": -0.05210142264192021, "A24": 0.05629852582365271, "A25": 0.033510660091220834, "A26": 0.12581588679641406, "A27": 0.07829595364422008, "A28": -0.03379467906756071, "A29": 0.18143533755245408, "A30": 0.024623897881502283, "A31": 0.10135741983173681, "A32": 0.014747486616735351, "A33": -0.0016421577852461355, "A34": 0.02666322366090157, "A35": -0.08540810373031105, "A36": -0.1519515655930473, "A37": -0.03492928261651358, "A38": 0.15806447830901632, "A39": -0.058421840751627784, "A40": 0.05424811235885086, "A41": 0.08016447703244556, "A42": -0.13302823015336823, "A43": 0.3324245173870628, "A44": 0.04800097013178909, "A45": 0.0539889354505573, "A46": -0.026110875915047495, "A47": 0.02821552168405139, "A48": -0.13711061575226127, "A49": 0.013449162685536658, "A50": -0.09667141601526683, "A51": 0.030769047450100173, "A52": 0.002191939338668702, "A53": -0.08412455901836527, "A54": 0.14307977293681945, "A55": -0.1245680290380853, "A56": 0.0015947239414285039, "A57": -0.026975079214848728, "A58": -0.1072286969834007, "A59": -0.14195613293941386, "A60": 0.011735289576134794, "A61": -0.08948721211731887, "A62": 0.02459487750825378, "A63": 0.0685288336789736, "area_ha": 5.822227546309622, "centroid_lat": 20.82982700608075, "centroid_lon": 84.64554713076365, "cluster_id": 3, "n_pixels": 582, "perim_m": 1939.3364193572256, "stand_id": 2, "stand_lbl": 12}}, {"type": "Feature", "geometry": {"type": "Polygon", "coordinates": [[[84.64357603326685, 20.829120780654037], [84.6439601495406, 20.82912606440979], [84.64396295936302, 20.8289455013758], [84.6445391333245, 20.828953425316104], [84.64454194242826, 20.828772862201266], [84.64434988464173, 20.82877022112738], [84.64435831247403, 20.82822853183676], [84.64416625540613, 20.828225890619144], [84.64417468365166, 20.82768420136446], [84.64436674003683, 20.827686842501226], [84.64436533545799, 20.827777124058645], [84.64494150514349, 20.82778504622927], [84.64494010090603, 20.827875327822625], [84.6450361292648, 20.827876648004732], [84.64503753344836, 20.827786366402396], [84.64513356176222, 20.82778768652162], [84.6451349658829, 20.827697404919284], [84.64523099414286, 20.82769872497563], [84.64522959008505, 20.827789006595932], [84.6453256184079, 20.82779032660736], [84.6453200023204, 20.828151453079585], [84.645223973764, 20.828150133041206], [84.64522256967027, 20.828240414643542], [84.64512654105997, 20.828239094551265], [84.64512373272875, 20.828419657746952], [84.64521976144685, 20.828420977857196], [84.64522116555855, 20.82833069625486], [84.6454132229139, 20.828333336304667], [84.64541181891897, 20.82842361792497], [84.64531579017392, 20.82842229791354], [84.64531438611613, 20.828512579533843], [84.64541041490608, 20.828513899536286], [84.64540479880961, 20.828875025999526], [84.64530876978608, 20.828873705970132], [84.64530736568337, 20.828963987572468], [84.64511530754649, 20.82896134733402], [84.64511390332699, 20.82905162892737], [84.64501787421364, 20.829050308718312], [84.64501646993125, 20.829140590302682], [84.64463235331613, 20.829135308909496], [84.6446309487912, 20.8292255904759], [84.64453491960597, 20.82922426997938], [84.64453351501817, 20.8293145515368], [84.64414939809762, 20.829309269020722], [84.64414799327625, 20.82939955054221], [84.6439559347531, 20.829396908956287], [84.64395312484983, 20.829577471981295], [84.64385709548495, 20.829576151089515], [84.64385569046595, 20.829666432593037], [84.64375966104717, 20.829665111647362], [84.64375825596528, 20.829755393141898], [84.64366222650159, 20.82975407213334], [84.64366082135682, 20.829844353618896], [84.64356479183922, 20.82984303255644], [84.64356338663157, 20.82993331403301], [84.64337132750654, 20.829930671719453], [84.64337273283097, 20.829840390251864], [84.64318067384968, 20.829837747740672], [84.64318770093895, 20.829386340429682], [84.64309167174476, 20.82938501912468], [84.64309307720393, 20.829294737666075], [84.64290101895027, 20.82929209490336], [84.64290242450826, 20.829201813453736], [84.6428063954578, 20.829200492005004], [84.64281061225753, 20.8289296476741], [84.64271458338672, 20.828928326180456], [84.64272020591514, 20.828567200426882], [84.64291226321659, 20.828569843306383], [84.6429108577125, 20.828660124756002], [84.64300688643058, 20.82866144612389], [84.64300548097141, 20.828751727582492], [84.6433895961582, 20.828757012524022], [84.64338678568002, 20.828937575486147], [84.6435788435474, 20.82894021766496], [84.64357603326685, 20.829120780654037]], [[84.64357603326685, 20.829120780654037], [84.64348000421639, 20.829119459573615], [84.64348140941505, 20.82902917808806], [84.64338538042746, 20.829027856971702], [84.6433839751659, 20.829118138448276], [84.6432879461334, 20.829116817269036], [84.64328513547555, 20.829297380213198], [84.64357322295037, 20.82930134363413], [84.64357603326685, 20.829120780654037]]]}, "id": "+45+1013", "properties": {"A00": -0.023940012665685486, "A01": -0.06783531082931778, "A02": 0.24741903686779843, "A03": 0.017049226833142642, "A04": -0.06776136818367769, "A05": 0.04985076173265565, "A06": -0.07464477334261756, "A07": 0.14572962619571778, "A08": -0.058520851370649975, "A09": -0.007053549729068709, "A10": 0.11863666429087151, "A11": 0.03444003401642022, "A12": -0.27115719112075326, "A13": 0.06505917132978668, "A14": -0.010827574210706273, "A15": 0.14455948983879466, "A16": -0.04944902224803481, "A17": 0.09863329079077929, "A18": -0.10687601135380793, "A19": -0.09636601552677136, "A20": -0.32332463242677384, "A21": 0.36333763181764417, "A22": 0.2063250570020219, "A23": -0.013879720210179696, "A24": 0.037538663708623424, "A25": -0.0013118503095657637, "A26": 0.13210875345136153, "A27": -0.001066712022899343, "A28": -0.07929332117696614, "A29": 0.19492722389185513, "A30": 0.0474556365306322, "A31": 0.10745548166087612, "A32": -0.12178536193179455, "A33": 0.006722592134480529, "A34": -0.04891115152776319, "A35": -0.016163684378995912, "A36": -0.2134708413566591, "A37": 0.0934521104476586, "A38": 0.12752967037697005, "A39": -0.00447474015048366, "A40": 0.11172612397578377, "A41": 0.03191788023123577, "A42": -0.1587260749176943, "A43": 0.24381521839675965, "A44": 0.02289894285037025, "A45": 0.1192314421893238, "A46": 0.02293684613460529, "A47": -0.011973835047845596, "A48": -0.17809919317365666, "A49": -0.048720268056130576, "A50": -0.023195258305670253, "A51": 0.09594445010763063, "A52": -0.026514296769651943, "A53": -0.087725465863321, "A54": 0.13494940613011414, "A55": -0.052767640503087694, "A56": -0.012427587867496453, "A57": 0.003241432841749405, "A58": -0.09608697883222035, "A59": -0.16272378344187954, "A60": -0.018732025077496987, "A61": -0.006720316368500145, "A62": 0.14956035392254735, "A63": 0.03438014272398325, "area_ha": 2.735741361799416, "centroid_lat": 20.828768159788343, "centroid_lon": 84.64423610062944, "cluster_id": 2, "n_pixels": 274, "perim_m": 1499.484680574974, "stand_id": 3, "stand_lbl": 10}}, {"type": "Feature", "geometry": {"type": "Polygon", "coordinates": [[[84.6431722411036, 20.830379436465357], [84.64317645750808, 20.830108592107507], [84.64336851683073, 20.83011123466361], [84.64337132750654, 20.829930671719453], [84.64356338663157, 20.82993331403301], [84.64356479183922, 20.82984303255644], [84.64366082135682, 20.829844353618896], [84.64366222650159, 20.82975407213334], [84.64375825596528, 20.829755393141898], [84.64375966104717, 20.829665111647362], [84.64385569046595, 20.829666432593037], [84.64385709548495, 20.829576151089515], [84.64395312484983, 20.829577471981295], [84.6439559347531, 20.829396908956287], [84.64414799327625, 20.82939955054221], [84.64414939809762, 20.829309269020722], [84.64453351501817, 20.8293145515368], [84.64453491960597, 20.82922426997938], [84.6446309487912, 20.8292255904759], [84.64463235331613, 20.829135308909496], [84.64501646993125, 20.829140590302682], [84.64501787421364, 20.829050308718312], [84.64511390332699, 20.82905162892737], [84.64511530754649, 20.82896134733402], [84.64530736568337, 20.828963987572468], [84.64530876978608, 20.828873705970132], [84.64540479880961, 20.828875025999526], [84.64541041490608, 20.828513899536286], [84.64531438611613, 20.828512579533843], [84.64531579017392, 20.82842229791354], [84.64569990517208, 20.82842757760891], [84.64570271281158, 20.828247014332373], [84.645894770131, 20.82824965382522], [84.64589757751898, 20.828069090521737], [84.64608963463178, 20.828071729781023], [84.64609244175924, 20.827891166441606], [84.64618847020783, 20.827892485976925], [84.64619408415734, 20.82753135927114], [84.64609805593332, 20.827530039762767], [84.64610647695639, 20.826988349699597], [84.6462985327307, 20.826990988599558], [84.64629572598052, 20.82717155197491], [84.64639175398895, 20.82717287135752], [84.64639035065878, 20.827263153049685], [84.64648637873907, 20.827264472378392], [84.64648497545382, 20.827354754079543], [84.64658100359699, 20.827356073363337], [84.64657960036564, 20.82744635507347], [84.6466756285717, 20.827447674303365], [84.64667422539424, 20.827537956013497], [84.64677025366318, 20.827539275207457], [84.64676885053063, 20.82762955691759], [84.64686487886246, 20.827630876057654], [84.64686347578382, 20.827721157785753], [84.64705553259118, 20.827723795913162], [84.64705412961136, 20.827814077650245], [84.64724618656246, 20.827816715580028], [84.6472475894255, 20.827726433833963], [84.64743964628677, 20.827729071539164], [84.6474382435405, 20.827819353294213], [84.647534272043, 20.827820672065965], [84.64753567473538, 20.827730390301934], [84.64820787404626, 20.827739620195032], [84.64819525317466, 20.82855215643065], [84.64838731121273, 20.828554793165672], [84.64838310446514, 20.828825638592516], [84.64847913366832, 20.82882695690613], [84.64847492702853, 20.829097802341956], [84.6482828682808, 20.829095165633884], [84.64828146593877, 20.82918544743385], [84.6474172014482, 20.82917357953012], [84.64741439570415, 20.82935414301327], [84.64703027789427, 20.82934886693811], [84.64702747166513, 20.82952943036736], [84.6466433535139, 20.829524153384902], [84.64664475686203, 20.82943387170172], [84.64654872739833, 20.829432552328097], [84.64655293755952, 20.829161707278544], [84.64664896685254, 20.829163026634202], [84.64665037016474, 20.829072744942035], [84.64684242865196, 20.829075383473686], [84.64684383184739, 20.828985101772535], [84.64722794868709, 20.82899037817109], [84.6472363663235, 20.828448687766556], [84.64742842411003, 20.82845132556159], [84.64742982690122, 20.828361043815526], [84.64762188459792, 20.828363681394965], [84.6476232872813, 20.82827339963093], [84.64723917214842, 20.828268124283408], [84.64723776924045, 20.828358406029473], [84.64685365399976, 20.828353129801602], [84.64685225085823, 20.828443411511735], [84.64656416433563, 20.828439453759174], [84.64656276101445, 20.82852973545134], [84.64646673213466, 20.828528416086698], [84.6464653287416, 20.828618697778865], [84.6462732708832, 20.828616058878904], [84.64626484973437, 20.829157748888175], [84.64520852827474, 20.829143230675882], [84.64520712410015, 20.829233512278215], [84.64511109486104, 20.829232192105092], [84.64510969061458, 20.829322473698443], [84.6449176320555, 20.8293198331905], [84.64491622768327, 20.829410114765885], [84.64482019835432, 20.829408794431064], [84.64481879392821, 20.829499075997465], [84.6445307058156, 20.829495114642658], [84.64452789659505, 20.82967567773953], [84.64433583765867, 20.829673036539884], [84.64433302817763, 20.829853599600824], [84.64423699860613, 20.829852278906674], [84.64423559379374, 20.829942560437146], [84.64413956417732, 20.829941239680117], [84.64413815930206, 20.830031521201605], [84.64365801104033, 20.83002491659899], [84.64365660586861, 20.830115198084545], [84.64356057618033, 20.83011387699514], [84.64355917094574, 20.830204158480694], [84.64336711147935, 20.8302015161312], [84.64336570612798, 20.830291797589805], [84.64326967634986, 20.83029047632972], [84.64326827092663, 20.830380757788323], [84.6431722411036, 20.830379436465357]]]}, "id": "+42+1018", "properties": {"A00": 0.05012316016190947, "A01": -0.10472417566160293, "A02": 0.153675854510878, "A03": 0.04315877367535124, "A04": -0.03398362042816631, "A05": -0.037038358740792185, "A06": -0.09211939618019925, "A07": 0.18855344958912712, "A08": -0.11180874391443667, "A09": 0.04797527205645393, "A10": 0.10107298209664645, "A11": 0.07639222447173967, "A12": -0.31038301514000716, "A13": 0.032358831852998135, "A14": -0.05521727927865674, "A15": 0.09116244335651484, "A16": -0.026865233123442085, "A17": 0.05715991767738665, "A18": -0.07328058045679652, "A19": -0.008287684531363594, "A20": -0.31989693451715157, "A21": 0.3398462403496418, "A22": 0.27921764088445106, "A23": -0.06108654183370675, "A24": 0.03960071879605877, "A25": 0.029600833635672757, "A26": 0.13523410424718305, "A27": 0.04717884319959522, "A28": -0.05059636231859244, "A29": 0.18748033068234493, "A30": 0.031231670448981154, "A31": 0.0691196796461097, "A32": -0.028214973887489652, "A33": -0.015201772541453412, "A34": 0.018201111374655812, "A35": -0.07152535543190688, "A36": -0.16559715027903704, "A37": 0.006064615534376114, "A38": 0.1511111746492329, "A39": -0.08704314479599055, "A40": 0.05085010971320507, "A41": 0.04586581225033399, "A42": -0.13804056838333448, "A43": 0.33059530156442596, "A44": 0.03695567340602688, "A45": 0.08333082777953583, "A46": -0.0029147771290433944, "A47": 0.02376717961721954, "A48": -0.15252518001220328, "A49": 0.01353641044264289, "A50": -0.10112349785871515, "A51": 0.022878239033419245, "A52": -0.008956825030789883, "A53": -0.08168655945057457, "A54": 0.1665954667155195, "A55": -0.10490227346021326, "A56": -0.030760750492974345, "A57": -0.014914832167094348, "A58": -0.1001532581055456, "A59": -0.13550928630105638, "A60": 0.04307954503605485, "A61": -0.0754831702305591, "A62": 0.06838363128801349, "A63": 0.05208169180910321, "area_ha": 5.080676890390668, "centroid_lat": 20.82863730007322, "centroid_lon": 84.64647764035418, "cluster_id": 1, "n_pixels": 508, "perim_m": 2439.165034393014, "stand_id": 4, "stand_lbl": 15}}, {"type": "Feature", "geometry": {"type": "Polygon", "coordinates": [[[84.63928570138879, 20.827075092281074], [84.6392913315439, 20.826713967335984], [84.63938735877977, 20.8267152906083], [84.63939298858455, 20.826354165627276], [84.6395850426251, 20.826356811965287], [84.63958222796077, 20.82653737448724], [84.63977428226185, 20.826540020627622], [84.63977146779514, 20.82672058316754], [84.64015557693628, 20.826725874873386], [84.64015276290077, 20.82690643745822], [84.64053687261682, 20.82691172835558], [84.64053968619419, 20.826731165716847], [84.64130790506935, 20.826741744825604], [84.64131071770349, 20.826561182079075], [84.64150277226507, 20.82656382629706], [84.64150839698537, 20.826202700750102], [84.64170045112475, 20.826205344707578], [84.64167514100178, 20.827830409740763], [84.64186719722525, 20.82783305369824], [84.64186438506722, 20.828013616480703], [84.6419604133092, 20.82801493839656], [84.64195900727512, 20.82810521979228], [84.642055035571, 20.82810654165424], [84.6420564415512, 20.828016260249534], [84.642440554609, 20.82802154714939], [84.64243493157753, 20.828382672858048], [84.64262698860048, 20.82838531603399], [84.6426241772689, 20.828565878906286], [84.6422400627828, 20.82856059229389], [84.64224146868214, 20.8284703108802], [84.6420494115963, 20.828467667264082], [84.64205081760345, 20.828377385859376], [84.64147464686693, 20.828369453762367], [84.64146902142797, 20.82873057920153], [84.64137299277276, 20.82872925697126], [84.64137017989607, 20.828909819672877], [84.64146620866806, 20.828911141912126], [84.64146058304945, 20.829272267333323], [84.64165264106954, 20.829274911704022], [84.64164701579229, 20.82963603716115], [84.64126289886276, 20.829630748096356], [84.641265711973, 20.82945018542169], [84.64107365378223, 20.829447540592845], [84.64107506043617, 20.82935725926899], [84.64097903141264, 20.82935593677821], [84.64097762469582, 20.829446218093086], [84.6408815956184, 20.82944489554841], [84.64087878205001, 20.829625458169176], [84.64068672368856, 20.829622812891174], [84.64068390985966, 20.829803375484993], [84.64058788057562, 20.829802052742686], [84.64058928755296, 20.82971177145476], [84.6404932583318, 20.829710448676522], [84.64049466535405, 20.829620167388594], [84.64039863620476, 20.829618844556457], [84.6404000432809, 20.829528563277517], [84.64030401418552, 20.829527240400463], [84.64030542131556, 20.82943695912152], [84.64020939229204, 20.82943563619955], [84.640210799467, 20.82934535492959], [84.64011477050636, 20.829344031962705], [84.64011617772623, 20.829253750692747], [84.64002014882847, 20.829252427671964], [84.64002155610225, 20.829162146410987], [84.63992552727636, 20.829160823345287], [84.63992693459505, 20.829070542093294], [84.63983090583203, 20.829069218982678], [84.63983372056823, 20.828888656478693], [84.639737691922, 20.828887333323163], [84.63973909933951, 20.82879705208015], [84.63964307075615, 20.828795728879705], [84.63964588568099, 20.828615166393686], [84.63954985722341, 20.82861384314832], [84.6395526722291, 20.828433280680272], [84.6394566438883, 20.828431957398976], [84.63945945897484, 20.828251394930923], [84.63936343076878, 20.82825007160471], [84.63936483835697, 20.82815979037967], [84.63955689467925, 20.828162436969208], [84.63955407971847, 20.828342999446246], [84.63974613630127, 20.82834564584714], [84.63974895102848, 20.828165083343155], [84.63994100741364, 20.8281677295015], [84.63993960016681, 20.82825801076248], [84.64003562842677, 20.828259333765295], [84.64003422122487, 20.828349615035254], [84.6401302495477, 20.828350937993157], [84.64012884239969, 20.8284412192721], [84.6402248707854, 20.828442542176102], [84.6402234636913, 20.828532823455046], [84.6403194921399, 20.828534146323115], [84.64033074826396, 20.827811896001748], [84.64013869228305, 20.82780925032849], [84.64014150646229, 20.82762868776162], [84.63994945074188, 20.82762604189073], [84.63995789380063, 20.82708435424403], [84.63957378380609, 20.827079062017162], [84.63957096902497, 20.827259624521147], [84.63937891384356, 20.82725697805737], [84.63938172885823, 20.827076415580336], [84.63928570138879, 20.827075092281074]]]}, "id": "+15+1012", "properties": {"A00": -0.02624458785800429, "A01": -0.07522794671015332, "A02": 0.20695332152845294, "A03": 0.04791041661025717, "A04": -0.0607169501997025, "A05": 0.045215251431815734, "A06": -0.06326765421787016, "A07": 0.11540650188903645, "A08": -0.06080236904574606, "A09": -0.0055282441638273986, "A10": 0.11333934130817808, "A11": 0.02202161989172953, "A12": -0.3033319173713727, "A13": 0.0653587269757593, "A14": 0.022841509394250774, "A15": 0.14261065761562142, "A16": -0.05494404695742556, "A17": 0.09434010457851838, "A18": -0.11113514247227885, "A19": -0.06475797942540644, "A20": -0.29457326002564044, "A21": 0.3452840978522512, "A22": 0.217074048794539, "A23": 0.015448438229808025, "A24": 0.036866342928046525, "A25": 0.03655897260152702, "A26": 0.1369190909982589, "A27": -0.030679292273414597, "A28": -0.07682547634413686, "A29": 0.18093404580868616, "A30": 0.06308869424349282, "A31": 0.08846658696130363, "A32": -0.09953311211220706, "A33": -0.03290356738707185, "A34": 0.007289083095043923, "A35": -0.001982955523283444, "A36": -0.21242711265502137, "A37": 0.12146907407200337, "A38": 0.1484097234802001, "A39": -0.02788521113883159, "A40": 0.1000051825962941, "A41": -6.394309655364074e-05, "A42": -0.1893139613243858, "A43": 0.25065584149387776, "A44": 0.024426259175804946, "A45": 0.10916675982599314, "A46": 0.029651070036508163, "A47": -0.002773280542594857, "A48": -0.18332996647117955, "A49": -0.0032842332216293057, "A50": -0.01762496164807129, "A51": 0.10599192041888036, "A52": -0.05068698138445894, "A53": -0.06505199993260984, "A54": 0.18682570453122646, "A55": -0.054488192213657034, "A56": -0.017328660555704884, "A57": 0.0038650989682898177, "A58": -0.12285966906790251, "A59": -0.17297014966772173, "A60": -0.004761682834737818, "A61": -0.005853358693959426, "A62": 0.1417579306409414, "A63": 0.05255112957968879, "area_ha": 6.313222261988649, "centroid_lat": 20.828022253463537, "centroid_lon": 84.64080527487252, "cluster_id": 2, "n_pixels": 631, "perim_m": 2159.2530034070455, "stand_id": 5, "stand_lbl": 1}}, {"type": "Feature", "geometry": {"type": "Polygon", "coordinates": [[[84.6392730331041, 20.82788762333341], [84.63928570138879, 20.827075092281074], [84.63938172885823, 20.827076415580336], [84.63937891384356, 20.82725697805737], [84.63957096902497, 20.827259624521147], [84.63957378380609, 20.827079062017162], [84.63995789380063, 20.82708435424403], [84.63994945074188, 20.82762604189073], [84.64014150646229, 20.82762868776162], [84.64013869228305, 20.82780925032849], [84.64033074826396, 20.827811896001748], [84.6403194921399, 20.828534146323115], [84.6402234636913, 20.828532823455046], [84.6402248707854, 20.828442542176102], [84.64012884239969, 20.8284412192721], [84.6401302495477, 20.828350937993157], [84.64003422122487, 20.828349615035254], [84.64003562842677, 20.828259333765295], [84.63993960016681, 20.82825801076248], [84.63994100741364, 20.8281677295015], [84.63974895102848, 20.828165083343155], [84.63974613630127, 20.82834564584714], [84.63955407971847, 20.828342999446246], [84.63955689467925, 20.828162436969208], [84.63936483835697, 20.82815979037967], [84.63936906108559, 20.827888946695555], [84.6392730331041, 20.82788762333341]]]}, "id": "+11+998", "properties": {"A00": -0.013463330279279779, "A01": -0.06553734204165422, "A02": 0.20958370208192043, "A03": 0.02509745502759941, "A04": -0.0655490468368771, "A05": 0.05781097251867888, "A06": -0.04181501725786853, "A07": 0.10025803175609306, "A08": -0.05489453969581166, "A09": 0.018200548793311296, "A10": 0.10435294903858389, "A11": 0.041636764577921634, "A12": -0.310460136620204, "A13": 0.0664330224732654, "A14": 0.027123011195458374, "A15": 0.13936339061612202, "A16": -0.06096661577538612, "A17": 0.10298242071776585, "A18": -0.12269120745151255, "A19": -0.06000087246557058, "A20": -0.2995415147204101, "A21": 0.35478576426417074, "A22": 0.20097686272957754, "A23": 0.023026650405238307, "A24": 0.036788124229683083, "A25": 0.003460551102838845, "A26": 0.12148176848677861, "A27": -0.021375666003997422, "A28": -0.07381870008541422, "A29": 0.1733945884396414, "A30": 0.06184771287756003, "A31": 0.08142985665811357, "A32": -0.10872767613070462, "A33": -0.04015626268012241, "A34": 0.009801011399372913, "A35": 0.015517714874002459, "A36": -0.2110842139483193, "A37": 0.11450295921840904, "A38": 0.1465045234312029, "A39": -0.027745362844856566, "A40": 0.0771819489290613, "A41": 0.014156076253897976, "A42": -0.19908191398760827, "A43": 0.25186131556315966, "A44": 0.018579691271947134, "A45": 0.1340196875032216, "A46": 0.027574226946376918, "A47": -0.025806479901955816, "A48": -0.1855697249578794, "A49": -0.004228242438208724, "A50": -0.011152638759056957, "A51": 0.11590823417815564, "A52": -0.04275792600558177, "A53": -0.09492727407478828, "A54": 0.19117725446721226, "A55": -0.04700073447149003, "A56": -0.01954315210937679, "A57": 0.004057005782550331, "A58": -0.1312419545700215, "A59": -0.185748799639995, "A60": -0.01387287496441642, "A61": -0.021873460746977186, "A62": 0.1352621527713507, "A63": 0.04536049241390258, "area_ha": 1.112328265134508, "centroid_lat": 20.82776796125644, "centroid_lon": 84.63976941859747, "cluster_id": 5, "n_pixels": 111, "perim_m": 619.785075051107, "stand_id": 6, "stand_lbl": 0}}, {"type": "Feature", "geometry": {"type": "Polygon", "coordinates": [[[84.64187000935634, 20.827652490906793], [84.64188406954462, 20.826749676895666], [84.64217215188107, 20.82675364220306], [84.64216934024405, 20.826934205057388], [84.6422653678213, 20.826935526730697], [84.64226255626514, 20.827116089585026], [84.64235858396813, 20.827117411222407], [84.6423557725018, 20.827297974085717], [84.6424518003126, 20.82729929567818], [84.64244898893611, 20.827479858550475], [84.64283310073625, 20.827485144435236], [84.64283028978197, 20.82766570736143], [84.64302234596052, 20.827668349998383], [84.64301953520386, 20.827848912942542], [84.64359570460189, 20.827856839667625], [84.64359008436418, 20.82821796568171], [84.64320597048894, 20.8282126813151], [84.643203159876, 20.828393244268245], [84.64281904566838, 20.828387958994337], [84.64282185673945, 20.82820739608611], [84.64262979990512, 20.82820475315271], [84.6426326111828, 20.828024190271435], [84.642440554609, 20.82802154714939], [84.64244336607531, 20.82784098428608], [84.64234733791417, 20.827839662657684], [84.64234874369674, 20.827749381226027], [84.64206065942892, 20.827745416035416], [84.64206206538218, 20.82765513463071], [84.64187000935634, 20.827652490906793]]]}, "id": "+41+996", "properties": {"A00": 0.04030213704114392, "A01": -0.10071423315557758, "A02": 0.1399076682593878, "A03": 0.05404795505807003, "A04": -0.03662938494803501, "A05": -0.03509126385028409, "A06": -0.06187462183961278, "A07": 0.16757506442678372, "A08": -0.09744197933980325, "A09": 0.02744757999960004, "A10": 0.09639833266788424, "A11": 0.06937976781275597, "A12": -0.3266926960013284, "A13": 0.031879627123276084, "A14": -0.022314799461758968, "A15": 0.09652466968378394, "A16": -0.017774371386468972, "A17": 0.06125887454429824, "A18": -0.061238594263559924, "A19": -0.010156056557823282, "A20": -0.3240482433730868, "A21": 0.3192865399335833, "A22": 0.3021923304411326, "A23": -0.03814291686150425, "A24": 0.06181871197152109, "A25": 0.04814471221298588, "A26": 0.1488008306591835, "A27": 0.014963378706468569, "A28": -0.05348399198917664, "A29": 0.19652909361339643, "A30": 0.0316848752409183, "A31": 0.05694412161785772, "A32": -0.029420642108960823, "A33": -0.03169190007941822, "A34": 0.02704490057604739, "A35": -0.06903168633023819, "A36": -0.16818279678958495, "A37": 0.04059775043951543, "A38": 0.1780999389529505, "A39": -0.09629042321817555, "A40": 0.0701126500384411, "A41": 0.028129911942145227, "A42": -0.16745747809032702, "A43": 0.32175449398191336, "A44": 0.03227793345663915, "A45": 0.06595106114660605, "A46": -0.007064113828778202, "A47": -0.005691795836105784, "A48": -0.15166832498415772, "A49": 0.057718635782122135, "A50": -0.1028492408725595, "A51": 0.047395147458059186, "A52": -0.0314373691339451, "A53": -0.050820699080607996, "A54": 0.19160288789817992, "A55": -0.10217176551961306, "A56": -0.03043117057104061, "A57": -0.027542357881298673, "A58": -0.11943715689810021, "A59": -0.1652687851424231, "A60": 0.042194922051954374, "A61": -0.053314325387888876, "A62": 0.06035987337924311, "A63": 0.08301892741969762, "area_ha": 1.2526264674786356, "centroid_lat": 20.827682498290088, "centroid_lon": 84.6426068113545, "cluster_id": 1, "n_pixels": 125, "perim_m": 719.7519474517926, "stand_id": 7, "stand_lbl": 4}}, {"type": "Feature", "geometry": {"type": "MultiPolygon", "coordinates": [[[[84.6395850426251, 20.826356811965287], [84.63948901560482, 20.82635548881874], [84.63949183034102, 20.826174926314756], [84.6395878572535, 20.826176249443336], [84.6395850426251, 20.826356811965287]]], [[[84.64180491402624, 20.8256649781413], [84.64180772591477, 20.82548441531392], [84.64171169928974, 20.82548309346993], [84.64171451125914, 20.825302530651534], [84.64181053776737, 20.82530385247756], [84.64181334958404, 20.825123289641198], [84.64190937598448, 20.825124611413322], [84.6419149993124, 20.824763485704665], [84.64210705168209, 20.82476612902434], [84.64210986307656, 20.82458556613408], [84.64230191524862, 20.824588209220188], [84.64228785913869, 20.82549102372539], [84.64209580582576, 20.8254883805225], [84.64209299428758, 20.82566894338581], [84.64180491402624, 20.8256649781413]]], [[[84.64189531715266, 20.8260274256131], [84.64189812897831, 20.825846862776736], [84.64209018272243, 20.825849506249124], [84.64208737112135, 20.826030069103453], [84.64189531715266, 20.8260274256131]]], [[[84.64357603326685, 20.829120780654037], [84.64357322295037, 20.82930134363413], [84.64328513547555, 20.829297380213198], [84.6432879461334, 20.829116817269036], [84.6433839751659, 20.829118138448276], [84.64338538042746, 20.829027856971702], [84.64348140941505, 20.82902917808806], [84.64348000421639, 20.829119459573615], [84.64357603326685, 20.829120780654037]]], [[[84.6395850426251, 20.826356811965287], [84.63996915078708, 20.826362103994526], [84.63996774369296, 20.82645238528245], [84.64006377080308, 20.826453708159505], [84.64006517784328, 20.82636342687158], [84.64035325907481, 20.826367395170365], [84.64035747962951, 20.826096551234723], [84.64054953347244, 20.826099196458824], [84.64055094019824, 20.826008915134967], [84.64074299396033, 20.826011560125504], [84.6407458071604, 20.82583099745084], [84.64112991431625, 20.8258362867492], [84.64113132067375, 20.825746005380427], [84.64122734742453, 20.82574732756578], [84.64122875371915, 20.825657046197005], [84.64180491402624, 20.8256649781413], [84.64180210211973, 20.825845540959694], [84.64170607527014, 20.82584421909774], [84.64170326321091, 20.826024781898166], [84.64189531715266, 20.8260274256131], [84.64188969340253, 20.826388551258873], [84.64208174782938, 20.826391194803126], [84.64208455949333, 20.826210631957778], [84.64246866797869, 20.82621591835458], [84.64246304554011, 20.826577044144084], [84.64284715506751, 20.826582329777317], [84.64284996584215, 20.826401766833158], [84.64323407501921, 20.826407051559094], [84.64322564397993, 20.826948740535304], [84.64360975465718, 20.82695402455157], [84.64361115962228, 20.82686374303008], [84.64370718724443, 20.826865063894907], [84.64370859214665, 20.82677478237342], [84.64380461973288, 20.826776103175366], [84.64380602456323, 20.826685821644897], [84.64399807963686, 20.826688463078106], [84.64399948435043, 20.826598181529672], [84.64419153933423, 20.826600822738303], [84.64418873012266, 20.826781385853142], [84.64438078536698, 20.826784026864146], [84.64437797636202, 20.826964590005932], [84.64457003186685, 20.82696723082829], [84.64457564939164, 20.826606104499795], [84.64476770446527, 20.82660874506164], [84.64476489594541, 20.82678930825733], [84.64505297895559, 20.826793268731787], [84.64505438304933, 20.82670298712047], [84.64515041068047, 20.826704307158845], [84.64515181471133, 20.826614025538543], [84.64505578713408, 20.826612705500168], [84.64505719120986, 20.82652242388885], [84.6449611637045, 20.826521103805554], [84.64496256783416, 20.826430822194236], [84.64525065020655, 20.826434782273434], [84.64524924624754, 20.82652506390272], [84.64534527377987, 20.82652638382432], [84.64533825417357, 20.82697779198871], [84.64524222635379, 20.82697647203118], [84.64523941834597, 20.827157035271785], [84.64514339042736, 20.827155715251372], [84.64514058227583, 20.82733627847401], [84.64552469446225, 20.827341558295142], [84.64552329060207, 20.82743183993341], [84.64571534685248, 20.82743447953406], [84.6457139431001, 20.827524761181312], [84.64513777408835, 20.82751684169665], [84.6451349658829, 20.827697404919284], [84.64503893762296, 20.82769608480006], [84.64503753344836, 20.827786366402396], [84.64494150514349, 20.82778504622927], [84.64494290937198, 20.82769476463592], [84.64465482467295, 20.827690803811116], [84.64465342026482, 20.8277810853865], [84.64436533545799, 20.827777124058645], [84.64436674003683, 20.827686842501226], [84.64417468365166, 20.82768420136446], [84.64416625540613, 20.828225890619144], [84.64435831247403, 20.82822853183676], [84.64434988464173, 20.82877022112738], [84.64454194242826, 20.828772862201266], [84.6445391333245, 20.828953425316104], [84.64396295936302, 20.8289455013758], [84.6439601495406, 20.82912606440979], [84.64357603326685, 20.829120780654037], [84.6435788435474, 20.82894021766496], [84.64338678568002, 20.828937575486147], [84.6433895961582, 20.828757012524022], [84.64300548097141, 20.828751727582492], [84.64300688643058, 20.82866144612389], [84.6429108577125, 20.828660124756002], [84.64291226321659, 20.828569843306383], [84.64272020591514, 20.828567200426882], [84.64271458338672, 20.828928326180456], [84.64281061225753, 20.8289296476741], [84.6428063954578, 20.829200492005004], [84.64290242450826, 20.829201813453736], [84.64290101895027, 20.82929209490336], [84.64309307720393, 20.829294737666075], [84.64309167174476, 20.82938501912468], [84.64318770093895, 20.829386340429682], [84.64318348471414, 20.82965718481448], [84.64299142599336, 20.829654542114646], [84.64299423704645, 20.8294739792154], [84.64280217858618, 20.829471336317937], [84.64280498983692, 20.829290773445642], [84.64261293163716, 20.82928813035953], [84.6426157430945, 20.82910756749622], [84.64242368514627, 20.82910492422146], [84.64241806175548, 20.829466049885202], [84.64203394504155, 20.829460762590088], [84.6420311328386, 20.829641325363568], [84.64174304504039, 20.829637359292605], [84.64174445131704, 20.82954707792383], [84.64164842212283, 20.829545755801362], [84.64165264106954, 20.829274911704022], [84.64146058304945, 20.829272267333323], [84.64146620866806, 20.828911141912126], [84.64137017989607, 20.828909819672877], [84.64137299277276, 20.82872925697126], [84.64146902142797, 20.82873057920153], [84.64147464686693, 20.828369453762367], [84.64205081760345, 20.828377385859376], [84.6420494115963, 20.828467667264082], [84.64224146868214, 20.8284703108802], [84.6422400627828, 20.82856059229389], [84.6426241772689, 20.828565878906286], [84.64262698860048, 20.82838531603399], [84.64243493157753, 20.828382672858048], [84.642440554609, 20.82802154714939], [84.6420564415512, 20.828016260249534], [84.642055035571, 20.82810654165424], [84.64195900727512, 20.82810521979228], [84.6419604133092, 20.82801493839656], [84.64186438506722, 20.828013616480703], [84.64186719722525, 20.82783305369824], [84.64167514100178, 20.827830409740763], [84.64170045112475, 20.826205344707578], [84.64150839698537, 20.826202700750102], [84.64150277226507, 20.82656382629706], [84.64131071770349, 20.826561182079075], [84.64130790506935, 20.826741744825604], [84.64053968619419, 20.826731165716847], [84.64053687261682, 20.82691172835558], [84.64015276290077, 20.82690643745822], [84.64015557693628, 20.826725874873386], [84.63977146779514, 20.82672058316754], [84.63977428226185, 20.826540020627622], [84.63958222796077, 20.82653737448724], [84.6395850426251, 20.826356811965287]], [[84.64203394504155, 20.829460762590088], [84.64203675720856, 20.829280199807624], [84.64184469912557, 20.829277555868114], [84.641841886725, 20.829458118623627], [84.64203394504155, 20.829460762590088]], [[84.642440554609, 20.82802154714939], [84.6426326111828, 20.828024190271435], [84.64262979990512, 20.82820475315271], [84.64282185673945, 20.82820739608611], [84.64281904566838, 20.828387958994337], [84.643203159876, 20.828393244268245], [84.64320597048894, 20.8282126813151], [84.64359008436418, 20.82821796568171], [84.64359570460189, 20.827856839667625], [84.64301953520386, 20.827848912942542], [84.64302234596052, 20.827668349998383], [84.64283028978197, 20.82766570736143], [84.64283310073625, 20.827485144435236], [84.64244898893611, 20.827479858550475], [84.6424518003126, 20.82729929567818], [84.6423557725018, 20.827297974085717], [84.64235858396813, 20.827117411222407], [84.64226255626514, 20.827116089585026], [84.6422653678213, 20.826935526730697], [84.64216934024405, 20.826934205057388], [84.64217215188107, 20.82675364220306], [84.64188406954462, 20.826749676895666], [84.64187000935634, 20.827652490906793], [84.64206206538218, 20.82765513463071], [84.64206065942892, 20.827745416035416], [84.64234874369674, 20.827749381226027], [84.64234733791417, 20.827839662657684], [84.64244336607531, 20.82784098428608], [84.642440554609, 20.82802154714939]]]]}, "id": "+41+1010", "properties": {"A00": 0.001276999377938531, "A01": -0.08773056324794609, "A02": 0.18234379275287466, "A03": 0.05465803261314075, "A04": -0.05336631449781203, "A05": 0.018313509455947563, "A06": -0.06587637211002277, "A07": 0.1378627448613649, "A08": -0.08554933829333693, "A09": 0.007855126232333233, "A10": 0.10904629633832133, "A11": 0.036559355273586606, "A12": -0.31371536862833344, "A13": 0.05526277570431181, "A14": -0.003284772495520903, "A15": 0.11706636107976531, "A16": -0.039423010350979115, "A17": 0.08561978365510389, "A18": -0.09126421416178716, "A19": -0.030088420203839665, "A20": -0.31139054033361463, "A21": 0.34381959495531306, "A22": 0.2531735442584352, "A23": -0.013900568054431975, "A24": 0.042889711248410546, "A25": 0.04676008495245459, "A26": 0.13829118939958016, "A27": -0.01529097723640289, "A28": -0.06708891286229134, "A29": 0.19791081007920636, "A30": 0.04587244879915145, "A31": 0.07944475412299545, "A32": -0.07201508776585767, "A33": -0.025523755746376883, "A34": 0.005245159587532997, "A35": -0.03470330761202498, "A36": -0.19882119854976127, "A37": 0.08061218770057713, "A38": 0.1578134193762785, "A39": -0.06236197024402304, "A40": 0.09105804749226404, "A41": 0.012792311340437946, "A42": -0.1768233815186546, "A43": 0.28124027339378, "A44": 0.029708678112544563, "A45": 0.0957126811868158, "A46": 0.019603681238109526, "A47": -0.007957595586348745, "A48": -0.16800290570059628, "A49": 0.014942894859511146, "A50": -0.053433863618320594, "A51": 0.07295499428509371, "A52": -0.04018665721369083, "A53": -0.055380632578145315, "A54": 0.18411939207903982, "A55": -0.08085782872431266, "A56": -0.024754389089093325, "A57": -0.009976385765822795, "A58": -0.11590869736389725, "A59": -0.17128352926879833, "A60": 0.009666854362426522, "A61": -0.026883461890921275, "A62": 0.1189083178327263, "A63": 0.05544405635301119, "area_ha": 9.85065674484935, "centroid_lat": 20.827418374671062, "centroid_lon": 84.64277068008766, "cluster_id": 2, "n_pixels": 985, "perim_m": 4958.291166868037, "stand_id": 8, "stand_lbl": 5}}, {"type": "Feature", "geometry": {"type": "MultiPolygon", "coordinates": [[[[84.64494150514349, 20.82778504622927], [84.64465342026482, 20.8277810853865], [84.64465482467295, 20.827690803811116], [84.64494290937198, 20.82769476463592], [84.64494150514349, 20.82778504622927]]], [[[84.6451349658829, 20.827697404919284], [84.64513777408835, 20.82751684169665], [84.6457139431001, 20.827524761181312], [84.64571534685248, 20.82743447953406], [84.64552329060207, 20.82743183993341], [84.64552469446225, 20.827341558295142], [84.64514058227583, 20.82733627847401], [84.64514339042736, 20.827155715251372], [84.64523941834597, 20.827157035271785], [84.64524222635379, 20.82697647203118], [84.64533825417357, 20.82697779198871], [84.64534527377987, 20.82652638382432], [84.64524924624754, 20.82652506390272], [84.64525065020655, 20.826434782273434], [84.64477051295816, 20.826428181874938], [84.64477191718666, 20.826337900272602], [84.64457986245439, 20.82633525974669], [84.64458126679966, 20.82624497816232], [84.6444852395009, 20.826243657827497], [84.64448804827228, 20.82606309465876], [84.64410393961624, 20.8260578128254], [84.64410534422201, 20.82596753126798], [84.64400931712987, 20.82596621068163], [84.64401353106399, 20.825695366018355], [84.64439763878578, 20.825700647968493], [84.64440466071873, 20.82524924004665], [84.64450068737968, 20.825250560363504], [84.64450209168902, 20.825160278770152], [84.64459811830505, 20.825161599033105], [84.64460233100849, 20.82489075423508], [84.64479438391716, 20.824893394554383], [84.64479297979648, 20.8249836761657], [84.64488900632269, 20.824984996257978], [84.64488760225589, 20.82507527787828], [84.64498362884498, 20.825076597916656], [84.64498082080124, 20.825257161166245], [84.64517287422196, 20.825259801117234], [84.64517147030789, 20.82535008274652], [84.64545955066804, 20.82535404227775], [84.64545814691566, 20.825444323933983], [84.64565020064181, 20.825446963363948], [84.64564879699722, 20.825537245029167], [84.64574482392767, 20.825538564672286], [84.645743420337, 20.825628846346486], [84.64583944733033, 20.825630165935706], [84.64583804378456, 20.82572044761889], [84.64593407084077, 20.825721767163195], [84.64593126383907, 20.82590233052058], [84.64573920950207, 20.825899691351122], [84.64573499860425, 20.826170536346776], [84.64563897126956, 20.82616921665874], [84.64563756757109, 20.826259498314975], [84.64554154019147, 20.826258178573042], [84.64553452126789, 20.8267095868093], [84.64563054893496, 20.826710906587167], [84.64562914518258, 20.826801188234416], [84.64572517291252, 20.82680250796737], [84.64572236550659, 20.826983071270853], [84.64591442121801, 20.82698571059302], [84.64591722839937, 20.826805147262586], [84.64610928391318, 20.82680778634221], [84.64611489771895, 20.826446659609477], [84.64630695281053, 20.82644929842859], [84.6463153726119, 20.825907608221687], [84.646123318212, 20.825904969483425], [84.64612893172134, 20.82554384270577], [84.64632098567206, 20.825546481399122], [84.64631958241377, 20.825636763109255], [84.64641560946099, 20.82563808237508], [84.64641420625658, 20.825728364094196], [84.64689434185206, 20.825734959677728], [84.646895744769, 20.82564467793166], [84.64727985315555, 20.825649953404948], [84.64727845046319, 20.825740235177964], [84.64785461360894, 20.825748146820334], [84.64785180889795, 20.825928710429245], [84.64804386356734, 20.825931347236132], [84.64804105905397, 20.826111910871997], [84.6484251689407, 20.826117183892883], [84.64842236484954, 20.826297747564677], [84.64832633725433, 20.82629642937683], [84.6483249351369, 20.826386711212727], [84.64842096279497, 20.826388029400576], [84.64841956073143, 20.82647831123647], [84.64861161617337, 20.82648094747742], [84.64860881225289, 20.82666151116718], [84.6489929236937, 20.82666678305619], [84.64898170953892, 20.827389037985917], [84.64917376622053, 20.827391673705844], [84.64916956113483, 20.827662519321333], [84.64907353262333, 20.82766120146586], [84.64907213085624, 20.827751483328708], [84.64897610229085, 20.82775016541934], [84.64897329861292, 20.82793072913605], [84.64887726994871, 20.827929411154816], [84.64887586803789, 20.828019693008677], [84.64897189676496, 20.828021010989914], [84.64897049491702, 20.82811129284378], [84.64906652370698, 20.8281126107801], [84.64906372009193, 20.82829317449681], [84.64896769118518, 20.828291856551505], [84.64896488741742, 20.82847242025025], [84.64886885840288, 20.82847110223308], [84.64886605450036, 20.828651665922845], [84.64877002537803, 20.828650347842792], [84.6487686233594, 20.828740629669706], [84.64867259419213, 20.82873931153576], [84.64867119210165, 20.828829593362673], [84.64857516288049, 20.82882827515686], [84.6485737607361, 20.82891855697479], [84.64847773146104, 20.82891723871508], [84.64847913366832, 20.82882695690613], [84.64838310446514, 20.828825638592516], [84.64838731121273, 20.828554793165672], [84.64819525317466, 20.82855215643065], [84.64820787404626, 20.827739620195032], [84.64753567473538, 20.827730390301934], [84.647534272043, 20.827820672065965], [84.6474382435405, 20.827819353294213], [84.64743964628677, 20.827729071539164], [84.6472475894255, 20.827726433833963], [84.64724618656246, 20.827816715580028], [84.64705412961136, 20.827814077650245], [84.64705553259118, 20.827723795913162], [84.64686347578382, 20.827721157785753], [84.64686487886246, 20.827630876057654], [84.64676885053063, 20.82762955691759], [84.64677025366318, 20.827539275207457], [84.64667422539424, 20.827537956013497], [84.6466756285717, 20.827447674303365], [84.64657960036564, 20.82744635507347], [84.64658100359699, 20.827356073363337], [84.64648497545382, 20.827354754079543], [84.64648637873907, 20.827264472378392], [84.64639035065878, 20.827263153049685], [84.64639175398895, 20.82717287135752], [84.64629572598052, 20.82717155197491], [84.6462985327307, 20.826990988599558], [84.64610647695639, 20.826988349699597], [84.64609805593332, 20.827530039762767], [84.64619408415734, 20.82753135927114], [84.64618847020783, 20.827892485976925], [84.64609244175924, 20.827891166441606], [84.64608963463178, 20.828071729781023], [84.64589757751898, 20.828069090521737], [84.645894770131, 20.82824965382522], [84.64570271281158, 20.828247014332373], [84.64569990517208, 20.82842757760891], [84.64541181891897, 20.82842361792497], [84.6454132229139, 20.828333336304667], [84.64522116555855, 20.82833069625486], [84.64521976144685, 20.828420977857196], [84.64512373272875, 20.828419657746952], [84.64512654105997, 20.828239094551265], [84.64522256967027, 20.828240414643542], [84.645223973764, 20.828150133041206], [84.6453200023204, 20.828151453079585], [84.6453256184079, 20.82779032660736], [84.64522959008505, 20.827789006595932], [84.64523099414286, 20.82769872497563], [84.6451349658829, 20.827697404919284]]], [[[84.64494150514349, 20.82778504622927], [84.64503753344836, 20.827786366402396], [84.6450361292648, 20.827876648004732], [84.64494010090603, 20.827875327822625], [84.64494150514349, 20.82778504622927]]], [[[84.6451349658829, 20.827697404919284], [84.64513356176222, 20.82778768652162], [84.64503753344836, 20.827786366402396], [84.64503893762296, 20.82769608480006], [84.6451349658829, 20.827697404919284]]]]}, "id": "+97+1001", "properties": {"A00": 0.021728701367441258, "A01": -0.08386212247156748, "A02": 0.16368318079361507, "A03": 0.04567845239004376, "A04": -0.042196722641970275, "A05": 0.01253408279815572, "A06": -0.05808549952786197, "A07": 0.15251739288775595, "A08": -0.09443202383609979, "A09": 0.03128518602658581, "A10": 0.10208598160800467, "A11": 0.05599767006721036, "A12": -0.31671634646488195, "A13": 0.05377057269746768, "A14": -0.008297107732948242, "A15": 0.10328432313254918, "A16": -0.04148781160962647, "A17": 0.06510930725097637, "A18": -0.09923933763176743, "A19": -0.00967200977317682, "A20": -0.31099631434678704, "A21": 0.3364170147621565, "A22": 0.25527201532914606, "A23": -0.028806058918442276, "A24": 0.04717684436647991, "A25": 0.03930444526797335, "A26": 0.14090637914451323, "A27": -0.0008027649412195491, "A28": -0.06041472425141326, "A29": 0.20606656091038394, "A30": 0.02910088063609409, "A31": 0.0689583773159341, "A32": -0.06672744751626787, "A33": -0.031636065374179886, "A34": 0.030664713855693124, "A35": -0.04242065373119202, "A36": -0.18588718099761203, "A37": 0.05877045235595845, "A38": 0.15117345852982977, "A39": -0.08207069654839752, "A40": 0.0568890206793528, "A41": 0.024748808616328017, "A42": -0.1740527747071116, "A43": 0.299633325766995, "A44": 0.028954600552059877, "A45": 0.1053145483928956, "A46": 0.020414260025809306, "A47": -0.010876760319339245, "A48": -0.1593532875637331, "A49": 0.01582523318838788, "A50": -0.06719141638406781, "A51": 0.05735333421704846, "A52": -0.031742816941466835, "A53": -0.07849787036456699, "A54": 0.19438757107707358, "A55": -0.09749652672506245, "A56": -0.03298961227693992, "A57": -0.01718941566819499, "A58": -0.10434438673384064, "A59": -0.16885176584438688, "A60": 0.01647606757121307, "A61": -0.0563615997702601, "A62": 0.10748374011861571, "A63": 0.04966521245664939, "area_ha": 9.880770825383474, "centroid_lat": 20.8268320665873, "centroid_lon": 84.64681660767891, "cluster_id": 2, "n_pixels": 988, "perim_m": 3238.8914055593214, "stand_id": 9, "stand_lbl": 17}}, {"type": "Feature", "geometry": {"type": "Polygon", "coordinates": [[[84.6483249351369, 20.826386711212727], [84.64832633725433, 20.82629642937683], [84.64842236484954, 20.826297747564677], [84.6484251689407, 20.826117183892883], [84.64890530646755, 20.826123773960756], [84.64890670821669, 20.826033492088925], [84.64900273568612, 20.826034809935415], [84.64900413736339, 20.825944528054603], [84.64948427454888, 20.82595111645161], [84.6494744646136, 20.826583089796966], [84.6493784367579, 20.82658177218404], [84.64936722449856, 20.827304027320377], [84.6492711961937, 20.827302709599653], [84.64926278633668, 20.827844400866567], [84.64916675770841, 20.82784308305601], [84.64916255250593, 20.828113928662518], [84.64897049491702, 20.82811129284378], [84.64897189676496, 20.828021010989914], [84.64887586803789, 20.828019693008677], [84.64887726994871, 20.827929411154816], [84.64897329861292, 20.82793072913605], [84.64897610229085, 20.82775016541934], [84.64907213085624, 20.827751483328708], [84.64907353262333, 20.82766120146586], [84.64916956113483, 20.827662519321333], [84.64917376622053, 20.827391673705844], [84.64898170953892, 20.827389037985917], [84.6489929236937, 20.82666678305619], [84.64860881225289, 20.82666151116718], [84.64861161617337, 20.82648094747742], [84.64841956073143, 20.82647831123647], [84.64842096279497, 20.826388029400576], [84.6483249351369, 20.826386711212727]]]}, "id": "+103+992", "properties": {"A00": -0.015046134530073384, "A01": -0.08035679107356516, "A02": 0.14712491545224246, "A03": 0.07545828444485897, "A04": -0.030105006153180548, "A05": -0.014829900827141463, "A06": -0.06645466211443078, "A07": 0.1489301232693472, "A08": -0.08995155196815915, "A09": 0.0494867908707303, "A10": 0.08643371411887371, "A11": 0.03503764415547289, "A12": -0.30977744166989424, "A13": 0.04272464065092692, "A14": -0.014871192423624809, "A15": 0.11043212870311281, "A16": -0.05982926431900935, "A17": 0.06157103713208011, "A18": -0.11578898791209925, "A19": -0.034036855291542295, "A20": -0.32326605897284744, "A21": 0.3414403035111888, "A22": 0.2207641644978771, "A23": -0.01484450815892055, "A24": 0.040183895527922155, "A25": 0.07107546730040104, "A26": 0.12295202712710057, "A27": -0.002102826883431269, "A28": -0.05465897319041611, "A29": 0.16991965056900246, "A30": 0.057844732131453504, "A31": 0.05919425250684156, "A32": -0.08433847617559768, "A33": -0.02601471826639893, "A34": 0.07111920097353634, "A35": -0.033841470141104175, "A36": -0.16670265425704275, "A37": 0.11309669220540212, "A38": 0.16943827909540238, "A39": -0.08167724893167001, "A40": 0.07102355737670132, "A41": 0.014665092565173227, "A42": -0.16154899703571843, "A43": 0.3197800915777131, "A44": 0.04518617494183246, "A45": 0.11052511618701058, "A46": 0.00012236106295093223, "A47": 0.04558062931003381, "A48": -0.1507641557140085, "A49": 0.01969110357455184, "A50": -0.07990824193536701, "A51": 0.07575073279424074, "A52": 0.009328476547018362, "A53": -0.04614982979965148, "A54": 0.20625597567993365, "A55": -0.0910800821354574, "A56": -0.04484722785417286, "A57": -0.021540135643400526, "A58": -0.1299259224123785, "A59": -0.15111197660422235, "A60": -0.001675690077038478, "A61": -0.08585720222711521, "A62": 0.10231904043987551, "A63": 0.07378363102549117, "area_ha": 1.192510196796043, "centroid_lat": 20.826696146805197, "centroid_lon": 84.64905905569907, "cluster_id": 2, "n_pixels": 119, "perim_m": 779.7342115368665, "stand_id": 10, "stand_lbl": 25}}, {"type": "Feature", "geometry": {"type": "Polygon", "coordinates": [[[84.64188969340253, 20.826388551258873], [84.64189531715266, 20.8260274256131], [84.64208737112135, 20.826030069103453], [84.64209018272243, 20.825849506249124], [84.6422822364935, 20.825852149505913], [84.64228504783406, 20.825671586615652], [84.6424771014075, 20.8256742296299], [84.64247429029152, 20.82585479254711], [84.64266634412546, 20.825857435372708], [84.64266072227079, 20.826218561225097], [84.64352496693553, 20.82623045150586], [84.64352637190063, 20.826140169984374], [84.64362239906464, 20.826141490858184], [84.64362380395788, 20.826051209327712], [84.64371983107698, 20.826052530138643], [84.64372123590734, 20.825962248599186], [84.64381726297253, 20.825963569347234], [84.64381866774, 20.82587328780778], [84.64401072178056, 20.825875929124212], [84.64400931712987, 20.82596621068163], [84.64410534422201, 20.82596753126798], [84.64410393961624, 20.8260578128254], [84.64448804827228, 20.82606309465876], [84.6444852395009, 20.826243657827497], [84.64458126679966, 20.82624497816232], [84.64457986245439, 20.82633525974669], [84.64477191718666, 20.826337900272602], [84.64477051295816, 20.826428181874938], [84.64496256783416, 20.826430822194236], [84.6449611637045, 20.826521103805554], [84.64505719120986, 20.82652242388885], [84.64505578713408, 20.826612705500168], [84.64515181471133, 20.826614025538543], [84.64515041068047, 20.826704307158845], [84.64505438304933, 20.82670298712047], [84.64505297895559, 20.826793268731787], [84.64476489594541, 20.82678930825733], [84.64476770446527, 20.82660874506164], [84.64457564939164, 20.826606104499795], [84.64457003186685, 20.82696723082829], [84.64437797636202, 20.826964590005932], [84.64438078536698, 20.826784026864146], [84.64418873012266, 20.826781385853142], [84.64419153933423, 20.826600822738303], [84.64399948435043, 20.826598181529672], [84.64399807963686, 20.826688463078106], [84.64380602456323, 20.826685821644897], [84.64380461973288, 20.826776103175366], [84.64370859214665, 20.82677478237342], [84.64370718724443, 20.826865063894907], [84.64361115962228, 20.82686374303008], [84.64360975465718, 20.82695402455157], [84.64322564397993, 20.826948740535304], [84.64323407501921, 20.826407051559094], [84.64284996584215, 20.826401766833158], [84.64284715506751, 20.826582329777317], [84.64246304554011, 20.826577044144084], [84.64246866797869, 20.82621591835458], [84.64208455949333, 20.826210631957778], [84.64208174782938, 20.826391194803126], [84.64188969340253, 20.826388551258873]]]}, "id": "+55+980", "properties": {"A00": 0.00903400700335391, "A01": -0.07244470230344695, "A02": 0.18631245090202542, "A03": 0.041748046009104915, "A04": -0.05488013141505878, "A05": 0.02766345719360154, "A06": -0.05116678323321364, "A07": 0.12454162143475152, "A08": -0.09033136450845967, "A09": 0.017141078618268978, "A10": 0.10974300063190484, "A11": 0.03537625258906521, "A12": -0.32694160001896694, "A13": 0.06224287909318236, "A14": 0.0009263864486846578, "A15": 0.10548913401401241, "A16": -0.025373873826028785, "A17": 0.06479337292819196, "A18": -0.11197228893505645, "A19": -0.025108468492575333, "A20": -0.29555650193193334, "A21": 0.34146139914625445, "A22": 0.2493140021412746, "A23": -0.016379992448414916, "A24": 0.03733975051040058, "A25": 0.051531846487011694, "A26": 0.1295178746446758, "A27": -0.006215116334966033, "A28": -0.057946366392764875, "A29": 0.20235711423691996, "A30": 0.05667237613660457, "A31": 0.07521886103393206, "A32": -0.06326240733330678, "A33": -0.03829314568193215, "A34": 0.01900237463923979, "A35": -0.02924998582640737, "A36": -0.2036881252003165, "A37": 0.0890436409249617, "A38": 0.1502309331653581, "A39": -0.07027192568015145, "A40": 0.08189998094497458, "A41": 0.014863203651691076, "A42": -0.17966996096316734, "A43": 0.2990214894850211, "A44": 0.03129448427210115, "A45": 0.09369890108339653, "A46": 0.015152568556859577, "A47": -0.00459645650567468, "A48": -0.16269886124091723, "A49": 0.006854357353547273, "A50": -0.06485661726640297, "A51": 0.05644915336225876, "A52": -0.03583206308466942, "A53": -0.051923346193481115, "A54": 0.1985877620529048, "A55": -0.09493581621464242, "A56": -0.03459685203826625, "A57": -0.011982996586294162, "A58": -0.10905470904085342, "A59": -0.1680786196837576, "A60": 0.007529185170396396, "A61": -0.044273004022841955, "A62": 0.11877700300773726, "A63": 0.05485095411988472, "area_ha": 1.944078881595319, "centroid_lat": 20.826376520502333, "centroid_lon": 84.64355240033584, "cluster_id": 2, "n_pixels": 194, "perim_m": 1239.5736050762544, "stand_id": 11, "stand_lbl": 8}}, {"type": "Feature", "geometry": {"type": "Polygon", "coordinates": [[[84.64460233100849, 20.82489075423508], [84.64460654364902, 20.82461990941909], [84.64518270142285, 20.824627829631392], [84.64518550912524, 20.82444726634587], [84.64556961399938, 20.824452545358522], [84.64556680675513, 20.824633108697938], [84.6458548858307, 20.824637067438648], [84.64585207890086, 20.824817630814], [84.64594810539114, 20.824818950295423], [84.64594389510418, 20.825089795371923], [84.64603992177412, 20.82509111481741], [84.64603711498802, 20.825271678201748], [84.64613314178371, 20.825272997611304], [84.64613173843557, 20.825363279312455], [84.64670789966793, 20.82537119467385], [84.64671351163216, 20.825010067716534], [84.64700159166891, 20.82501402459773], [84.64699878604164, 20.825194588116815], [84.6470948128553, 20.825195906978397], [84.64708920174448, 20.825557034016562], [84.64728125583893, 20.825559671640914], [84.64727985315555, 20.825649953404948], [84.646895744769, 20.82564467793166], [84.64689434185206, 20.825734959677728], [84.64641420625658, 20.825728364094196], [84.64641560946099, 20.82563808237508], [84.64631958241377, 20.825636763109255], [84.64632098567206, 20.825546481399122], [84.64612893172134, 20.82554384270577], [84.646123318212, 20.825904969483425], [84.6463153726119, 20.825907608221687], [84.64630695281053, 20.82644929842859], [84.64611489771895, 20.826446659609477], [84.64610928391318, 20.82680778634221], [84.64591722839937, 20.826805147262586], [84.64591442121801, 20.82698571059302], [84.64572236550659, 20.826983071270853], [84.64572517291252, 20.82680250796737], [84.64562914518258, 20.826801188234416], [84.64563054893496, 20.826710906587167], [84.64553452126789, 20.8267095868093], [84.64554154019147, 20.826258178573042], [84.64563756757109, 20.826259498314975], [84.64563897126956, 20.82616921665874], [84.64573499860425, 20.826170536346776], [84.64573920950207, 20.825899691351122], [84.64593126383907, 20.82590233052058], [84.64593407084077, 20.825721767163195], [84.64583804378456, 20.82572044761889], [84.64583944733033, 20.825630165935706], [84.645743420337, 20.825628846346486], [84.64574482392767, 20.825538564672286], [84.64564879699722, 20.825537245029167], [84.64565020064181, 20.825446963363948], [84.64545814691566, 20.825444323933983], [84.64545955066804, 20.82535404227775], [84.64517147030789, 20.82535008274652], [84.64517287422196, 20.825259801117234], [84.64498082080124, 20.825257161166245], [84.64498362884498, 20.825076597916656], [84.64488760225589, 20.82507527787828], [84.64488900632269, 20.824984996257978], [84.64479297979648, 20.8249836761657], [84.64479438391716, 20.824893394554383], [84.64460233100849, 20.82489075423508]]]}, "id": "+69+980", "properties": {"A00": -0.013457594253241818, "A01": -0.06980320573386033, "A02": 0.22550438586773816, "A03": 0.031989688867363746, "A04": -0.05867842663100059, "A05": 0.05808180203919197, "A06": -0.04812814802671119, "A07": 0.11730477657155612, "A08": -0.06664456221594046, "A09": 0.005147383632688395, "A10": 0.11329854802338182, "A11": 0.030755758577480124, "A12": -0.3021649246290714, "A13": 0.07834864984217327, "A14": 0.010923468618767246, "A15": 0.12585318600594164, "A16": -0.055427985719670225, "A17": 0.0861886706392029, "A18": -0.12181414198366908, "A19": -0.05267090586357428, "A20": -0.27765510023692336, "A21": 0.36375306021433085, "A22": 0.21237456459747933, "A23": -0.00812980577770899, "A24": 0.0279277900504001, "A25": 0.0223344126258278, "A26": 0.13283700048155161, "A27": -0.0166656412312445, "A28": -0.06794316197230751, "A29": 0.19640677868718145, "A30": 0.0599882169191252, "A31": 0.08294015269129942, "A32": -0.119660224517727, "A33": -0.035900401193881874, "A34": 0.00018523967389909594, "A35": 0.005385490473345969, "A36": -0.2265843698557016, "A37": 0.10411685459900155, "A38": 0.138767816545684, "A39": -0.02153917912713014, "A40": 0.08716528848735199, "A41": 0.01253840910791553, "A42": -0.18389426380237017, "A43": 0.25367987662391683, "A44": 0.00063860842029396, "A45": 0.11910493716912074, "A46": 0.031069215789474684, "A47": -0.018343606453857027, "A48": -0.17636867186693692, "A49": -0.03805121067519231, "A50": -0.01815851683334502, "A51": 0.1027087308137693, "A52": -0.0432304814229333, "A53": -0.08070668058612111, "A54": 0.17527893471693023, "A55": -0.06817855182986975, "A56": -0.026278593790319788, "A57": 0.009776300922762656, "A58": -0.10362933129838439, "A59": -0.18157104405769842, "A60": -0.01172040893622842, "A61": -0.019717930482557353, "A62": 0.14510485285652583, "A63": 0.033321026914310735, "area_ha": 2.43511645752722, "centroid_lat": 20.82550124692146, "centroid_lon": 84.64585508822863, "cluster_id": 2, "n_pixels": 244, "perim_m": 1359.5342813288062, "stand_id": 12, "stand_lbl": 14}}, {"type": "Feature", "geometry": {"type": "MultiPolygon", "coordinates": [[[[84.64180491402624, 20.8256649781413], [84.64209299428758, 20.82566894338581], [84.64209018272243, 20.825849506249124], [84.64189812897831, 20.825846862776736], [84.64189531715266, 20.8260274256131], [84.64170326321091, 20.826024781898166], [84.64170607527014, 20.82584421909774], [84.64180210211973, 20.825845540959694], [84.64180491402624, 20.8256649781413]]], [[[84.64180491402624, 20.8256649781413], [84.64122875371915, 20.825657046197005], [84.64122734742453, 20.82574732756578], [84.64113132067375, 20.825746005380427], [84.64112991431625, 20.8258362867492], [84.6407458071604, 20.82583099745084], [84.64074299396033, 20.826011560125504], [84.64055094019824, 20.826008915134967], [84.64054953347244, 20.826099196458824], [84.64035747962951, 20.826096551234723], [84.64035325907481, 20.826367395170365], [84.64006517784328, 20.82636342687158], [84.64006377080308, 20.826453708159505], [84.63996774369296, 20.82645238528245], [84.63996915078708, 20.826362103994526], [84.6395850426251, 20.826356811965287], [84.63959067185495, 20.825995686912403], [84.63968669865065, 20.825997009978103], [84.63968951310837, 20.8258164474292], [84.63978553980526, 20.825817770432018], [84.63978694696225, 20.825727489153078], [84.63988297360524, 20.82572881208403], [84.63988438069936, 20.825638530805087], [84.63998040729743, 20.82563985368214], [84.6399832213509, 20.825459291088325], [84.64007924784117, 20.825460613902496], [84.64008065479156, 20.825370332596606], [84.64017668123691, 20.825371655347894], [84.64017808812442, 20.825281374042003], [84.64037014091632, 20.82528401936492], [84.64037154768704, 20.82519373804106], [84.64046757403358, 20.82519506062167], [84.64046898074142, 20.82510477928883], [84.64056500703406, 20.825106101806558], [84.64056641367901, 20.82501582046473], [84.64075846618346, 20.825018465329507], [84.64075987270265, 20.8249281839787], [84.64095192511725, 20.824930828609915], [84.64095333151967, 20.824840547250123], [84.64104935768654, 20.82484186948039], [84.64105076401708, 20.824751588102632], [84.64124281625203, 20.824754232392486], [84.6412442224658, 20.824663951005746], [84.64143627461989, 20.824666595062038], [84.6414376807079, 20.824576313666316], [84.64210986307656, 20.82458556613408], [84.64210705168209, 20.82476612902434], [84.6419149993124, 20.824763485704665], [84.64190937598448, 20.825124611413322], [84.64181334958404, 20.825123289641198], [84.64181053776737, 20.82530385247756], [84.64171451125914, 20.825302530651534], [84.64171169928974, 20.82548309346993], [84.64180772591477, 20.82548441531392], [84.64180491402624, 20.8256649781413]]]]}, "id": "+8+975", "properties": {"A00": -0.030920461376546804, "A01": -0.06836607571682074, "A02": 0.2053850357359898, "A03": 0.0466231506318493, "A04": -0.06744443558762052, "A05": 0.08033207623754281, "A06": -0.0660076728199774, "A07": 0.11444089228487986, "A08": -0.05923635503201557, "A09": -0.005639207720680116, "A10": 0.11001449934177525, "A11": 0.02045171125578241, "A12": -0.2928465918784624, "A13": 0.05629221498310924, "A14": 0.04413839062783101, "A15": 0.14265535086307699, "A16": -0.07089432816211304, "A17": 0.11955442683748527, "A18": -0.10043695323558166, "A19": -0.05520174951670675, "A20": -0.28618250977722137, "A21": 0.34227854097158406, "A22": 0.19350217619928103, "A23": 0.026633981547445378, "A24": 0.04926493787012018, "A25": 0.006595320753204266, "A26": 0.15748040216932652, "A27": -0.07148567850657606, "A28": -0.08791628788952471, "A29": 0.19102856669612722, "A30": 0.0327720899033077, "A31": 0.11297320037890932, "A32": -0.10288851231670787, "A33": -0.024898184892873026, "A34": -0.03210505650126649, "A35": 0.024935096140822965, "A36": -0.2119936182793603, "A37": 0.08360203025028769, "A38": 0.14830441343668563, "A39": 0.00483070654544984, "A40": 0.11375396619758958, "A41": 0.00350258398298321, "A42": -0.21870800314622488, "A43": 0.20818948884348037, "A44": 0.012925382479349677, "A45": 0.10378590198143783, "A46": 0.06286675330082629, "A47": -0.04587206637817825, "A48": -0.19050059807598355, "A49": 0.003407019630142365, "A50": 0.031015084354405836, "A51": 0.1202520393946347, "A52": -0.07661752120502052, "A53": -0.08113650911671329, "A54": 0.16989289356004053, "A55": -0.04708283214157278, "A56": 0.0009965127226795483, "A57": 0.018999095254179102, "A58": -0.1267216379214658, "A59": -0.19550932271313248, "A60": -0.01806540377973372, "A61": 0.02200286839057439, "A62": 0.15689213215054235, "A63": 0.039632988455268726, "area_ha": 2.565374059691532, "centroid_lat": 20.825480693775706, "centroid_lon": 84.64087132441864, "cluster_id": 2, "n_pixels": 257, "perim_m": 1119.613103012191, "stand_id": 13, "stand_lbl": 2}}, {"type": "Feature", "geometry": {"type": "Polygon", "coordinates": [[[84.6429586407284, 20.82559055474122], [84.64296145122455, 20.825409991761127], [84.6430574778855, 20.825411312904432], [84.6430588830662, 20.82532103140091], [84.64315490968224, 20.825322352481333], [84.64315631480007, 20.825232070977815], [84.6432523413622, 20.825233391995354], [84.64325374640815, 20.825143110482852], [84.64334977292538, 20.825144431446493], [84.64335117790844, 20.825054149925005], [84.64344720438075, 20.825055470825767], [84.64345141911437, 20.82478462624334], [84.64402757704092, 20.82479255039924], [84.6440289815928, 20.824702268832837], [84.64422103417809, 20.82470490978096], [84.64422243861318, 20.82461462819659], [84.64460654364902, 20.82461990941909], [84.64459811830505, 20.825161599033105], [84.64450209168902, 20.825160278770152], [84.64450068737968, 20.825250560363504], [84.64440466071873, 20.82524924004665], [84.64439763878578, 20.825700647968493], [84.64401353106399, 20.825695366018355], [84.64401072178056, 20.825875929124212], [84.64381866774, 20.82587328780778], [84.64381726297253, 20.825963569347234], [84.64372123590734, 20.825962248599186], [84.64371983107698, 20.826052530138643], [84.64362380395788, 20.826051209327712], [84.64362239906464, 20.826141490858184], [84.64352637190063, 20.826140169984374], [84.64352496693553, 20.82623045150586], [84.6430448309358, 20.826223846337307], [84.64305466750614, 20.825591875893508], [84.6429586407284, 20.82559055474122]]]}, "id": "+44+972", "properties": {"A00": 0.011865504110919035, "A01": -0.08830139741071724, "A02": 0.17900715126609837, "A03": 0.04612650315859789, "A04": -0.042629425175580174, "A05": 0.0015327576834803013, "A06": -0.04572475934577699, "A07": 0.13960244590296558, "A08": -0.09472321040688995, "A09": 0.020133849528426184, "A10": 0.09124937609026505, "A11": 0.03671332659407066, "A12": -0.33600838113523296, "A13": 0.08263327168313002, "A14": -0.023950999253752374, "A15": 0.10189115751514294, "A16": -0.0349333369506392, "A17": 0.06445538223836755, "A18": -0.11187609721085566, "A19": -0.023000072737364662, "A20": -0.2996448066148122, "A21": 0.35517606708826593, "A22": 0.24258198914193124, "A23": -0.022499874218886187, "A24": 0.03678654752081304, "A25": 0.058059423074085896, "A26": 0.11337010990354802, "A27": 0.010003214419999556, "A28": -0.05595677390814703, "A29": 0.18771143592279205, "A30": 0.05498779473756387, "A31": 0.048411134307134465, "A32": -0.10632156300933528, "A33": -0.04217172267124314, "A34": 0.05274358708104964, "A35": -0.048924554217196964, "A36": -0.20056028482143345, "A37": 0.10643756065790812, "A38": 0.15793502945259066, "A39": -0.08558629993148069, "A40": 0.06089628509077025, "A41": 0.016323686789827322, "A42": -0.16408832028644307, "A43": 0.309606866157618, "A44": 0.023090982408616696, "A45": 0.10385070162386675, "A46": -0.0028523157970812394, "A47": 0.0048093038216049, "A48": -0.15262325728279585, "A49": -0.004098815029733497, "A50": -0.07280414971543604, "A51": 0.07571830876430373, "A52": -0.004971556827872567, "A53": -0.066732969941679, "A54": 0.20256459734931007, "A55": -0.08387639271661415, "A56": -0.041912787756148685, "A57": -0.011540876464988446, "A58": -0.12351480060262605, "A59": -0.1474631821630807, "A60": 0.02040416092987661, "A61": -0.058836145211672373, "A62": 0.09236622422667712, "A63": 0.06370334118071785, "area_ha": 1.893974528303219, "centroid_lat": 20.82539269986107, "centroid_lon": 84.64377100750471, "cluster_id": 2, "n_pixels": 189, "perim_m": 699.7593093489954, "stand_id": 14, "stand_lbl": 9}}, {"type": "Feature", "geometry": {"type": "Polygon", "coordinates": [[[84.64209018272243, 20.825849506249124], [84.64209580582576, 20.8254883805225], [84.64228785913869, 20.82549102372539], [84.64229067042535, 20.82531046083513], [84.64248272354065, 20.82531310379548], [84.64249115651131, 20.824771415016897], [84.64268320897982, 20.824774057689783], [84.64268601968259, 20.824593494727658], [84.64307012423333, 20.824598779390712], [84.64307152934217, 20.824508497878206], [84.64326358155016, 20.824511139877355], [84.64326217655811, 20.82460142138986], [84.64345422890983, 20.824604063182395], [84.64344720438075, 20.825055470825767], [84.64335117790844, 20.825054149925005], [84.64334977292538, 20.825144431446493], [84.64325374640815, 20.825143110482852], [84.6432523413622, 20.825233391995354], [84.64315631480007, 20.825232070977815], [84.64315490968224, 20.825322352481333], [84.6430588830662, 20.82532103140091], [84.6430574778855, 20.825411312904432], [84.64296145122455, 20.825409991761127], [84.6429586407284, 20.82559055474122], [84.64305466750614, 20.825591875893508], [84.6430448309358, 20.826223846337307], [84.64266072227079, 20.826218561225097], [84.64266634412546, 20.825857435372708], [84.64247429029152, 20.82585479254711], [84.6424771014075, 20.8256742296299], [84.64228504783406, 20.825671586615652], [84.6422822364935, 20.825852149505913], [84.64209018272243, 20.825849506249124]]]}, "id": "+39+972", "properties": {"A00": -0.004681990825559712, "A01": -0.06151238536565352, "A02": 0.18395277008520916, "A03": 0.013470051322296889, "A04": -0.06655024357570159, "A05": 0.05336155973276506, "A06": -0.038941723444987475, "A07": 0.10227189261983967, "A08": -0.0339173733954647, "A09": 0.047283071786002835, "A10": 0.11603408830096419, "A11": 0.06318987027532903, "A12": -0.3032721539791542, "A13": 0.07105834247921546, "A14": 0.04290990109370823, "A15": 0.15311138530972293, "A16": -0.07779714160650911, "A17": 0.06838048021615001, "A18": -0.14256539394674203, "A19": -0.05107591625918836, "A20": -0.3045725971652794, "A21": 0.34089024192725775, "A22": 0.17574651500305777, "A23": 0.010821624995015879, "A24": 0.02068344590077308, "A25": 0.004767327775306465, "A26": 0.1219372032331045, "A27": -0.008613023810731271, "A28": -0.05207115382836852, "A29": 0.17403403890862723, "A30": 0.04603701545753174, "A31": 0.058281711870648706, "A32": -0.13682244894592252, "A33": -0.06487736970154116, "A34": 0.060381074550279884, "A35": 0.03689385129430789, "A36": -0.20812904882927116, "A37": 0.09950369861541214, "A38": 0.1572636742837577, "A39": -0.021538429287772318, "A40": 0.03810944237508167, "A41": 0.036982830674836535, "A42": -0.19795706166274188, "A43": 0.24748023569698008, "A44": 0.006317178007780745, "A45": 0.13979181814242875, "A46": 0.033147672213344824, "A47": -0.008816476606105496, "A48": -0.18057245962557542, "A49": -0.02144757855422667, "A50": -0.013146061169462165, "A51": 0.11358449560311654, "A52": -0.03810425787352976, "A53": -0.10902602220710636, "A54": 0.21345354357666027, "A55": -0.0601771618438166, "A56": -0.02458102218356205, "A57": -0.001301429677795628, "A58": -0.13055629640673444, "A59": -0.19090600458711848, "A60": -0.004157957777953257, "A61": -0.05222010919229671, "A62": 0.1281748458920125, "A63": 0.051289937253099716, "area_ha": 1.3829003907088657, "centroid_lat": 20.82530336435878, "centroid_lon": 84.64282112810655, "cluster_id": 2, "n_pixels": 138, "perim_m": 719.7518643876509, "stand_id": 15, "stand_lbl": 6}}, {"type": "Feature", "geometry": {"type": "Polygon", "coordinates": [[[84.64747050481816, 20.82574287260469], [84.6474789201549, 20.82520118190371], [84.64767097385409, 20.825203819042976], [84.64767377867288, 20.825023255443046], [84.64786583217446, 20.825025892339767], [84.64786863673274, 20.8248453287039], [84.64796466338471, 20.82484664706243], [84.64796746779926, 20.824666083417586], [84.64787144127305, 20.824664765077024], [84.64787284352525, 20.82457448325011], [84.64796886999756, 20.82457580159067], [84.64797027219585, 20.824485519763755], [84.64806629861425, 20.824486838041434], [84.64807190708405, 20.824125710706827], [84.64816793328686, 20.82412702890366], [84.64816933532344, 20.824036747058777], [84.64826536148135, 20.824038065201712], [84.6482681654198, 20.823857501493983], [84.6483641914699, 20.82385881956505], [84.64836278955906, 20.823949101427896], [84.64845881567204, 20.823950419454047], [84.64845741380613, 20.824040701316896], [84.64855343999098, 20.82404201929813], [84.64855203817895, 20.82413230116098], [84.6486480644177, 20.824133619097296], [84.6486466626506, 20.824223900969127], [84.6487426889612, 20.82422521885155], [84.648741287248, 20.82431550073236], [84.6488373136215, 20.824316818560884], [84.64883591195321, 20.82440710045068], [84.6489319383896, 20.824408418234285], [84.6489305367752, 20.82449870012408], [84.64902656327446, 20.824500017871756], [84.6490237601445, 20.82468058166033], [84.64911978676054, 20.824681899354108], [84.64911698371142, 20.824862463151664], [84.6492130104622, 20.82486378080951], [84.64921020749394, 20.82504434461605], [84.6493062343615, 20.825045662228977], [84.6493020300214, 20.825316507952266], [84.64939805706862, 20.825317825529257], [84.64939245141058, 20.82567895316929], [84.64948847869137, 20.825680270719335], [84.64948427454888, 20.82595111645161], [84.64900413736339, 20.825944528054603], [84.64900273568612, 20.826034809935415], [84.64890670821669, 20.826033492088925], [84.64890530646755, 20.826123773960756], [84.64804105905397, 20.826111910871997], [84.64804386356734, 20.825931347236132], [84.64785180889795, 20.825928710429245], [84.64785461360894, 20.825748146820334], [84.64747050481816, 20.82574287260469]]]}, "id": "+100+970", "properties": {"A00": -0.01910330664386931, "A01": -0.05251090984336077, "A02": 0.1722049004948359, "A03": 0.05156125022491715, "A04": -0.04479313850820608, "A05": 0.07070929217180068, "A06": -0.03357188699131954, "A07": 0.08605482864360035, "A08": -0.03103656194645092, "A09": 0.05919617307138981, "A10": 0.11369146910212836, "A11": 0.04923615077363667, "A12": -0.29794922482411357, "A13": 0.04106872937723789, "A14": 0.06726692804700488, "A15": 0.15299783377910348, "A16": -0.09845534921943692, "A17": 0.09198531654337025, "A18": -0.15649397893922365, "A19": -0.07202994148366061, "A20": -0.2962294623767209, "A21": 0.3281231208198809, "A22": 0.1359079786524752, "A23": 0.03419086331783401, "A24": 0.029485945857162504, "A25": 0.009409266532670041, "A26": 0.13534697018444838, "A27": -0.026548893183243463, "A28": -0.05904065081753544, "A29": 0.16244129352674355, "A30": 0.03921708082048366, "A31": 0.06106328397072959, "A32": -0.13581097943292722, "A33": -0.05534152589867324, "A34": 0.06540337978144106, "A35": 0.0748681576434714, "A36": -0.1844725329078889, "A37": 0.09741173240517284, "A38": 0.14355309332838487, "A39": 0.007663607716919111, "A40": 0.04864520681492238, "A41": 0.031883184896796965, "A42": -0.20950658958511695, "A43": 0.23077442234102064, "A44": 0.01408099094424303, "A45": 0.14838600665664187, "A46": 0.03255460988385962, "A47": 0.0023416747408855367, "A48": -0.18641082534568387, "A49": -0.0057249470887863335, "A50": -0.002194700377871999, "A51": 0.12990484423904478, "A52": -0.04084701249360005, "A53": -0.11247603752307839, "A54": 0.21828135810881502, "A55": -0.06251652274049142, "A56": -0.02944135731120706, "A57": 0.023185069330868825, "A58": -0.1329654503122524, "A59": -0.18647642221178826, "A60": -0.017961762878939833, "A61": -0.04906938626843927, "A62": 0.1386565536188726, "A63": 0.04399996131701, "area_ha": 3.196727415496421, "centroid_lat": 20.825211782057423, "centroid_lon": 84.64848815628925, "cluster_id": 5, "n_pixels": 320, "perim_m": 939.6795265207866, "stand_id": 16, "stand_lbl": 23}}, {"type": "Feature", "geometry": {"type": "Polygon", "coordinates": [[[84.64528153533703, 20.824448586177635], [84.64528434289569, 20.82426802287415], [84.6453803689997, 20.824269342643035], [84.64538317641463, 20.82408877932158], [84.64634343669104, 20.82410197392919], [84.64635185533358, 20.823560283569574], [84.64606377819837, 20.823556325861926], [84.6460651814477, 20.82346604414281], [84.64616120709356, 20.8234673634266], [84.64616681979439, 20.82310623654115], [84.64626284522465, 20.823107555744095], [84.64626424832126, 20.823017274015996], [84.64636027369762, 20.823018593156057], [84.64635887065492, 20.82310887489314], [84.64664694699961, 20.823112832025867], [84.6466455441186, 20.823203113780917], [84.64683759516777, 20.823205751611884], [84.64683619239455, 20.823296033375915], [84.64674016681157, 20.823294714487382], [84.64672754100822, 20.82410725027384], [84.64691959321621, 20.824109888122774], [84.64691398201556, 20.82447101516094], [84.64720206106418, 20.824474971610943], [84.64720346370264, 20.824384689828943], [84.64729949001325, 20.824386008537815], [84.64729808742868, 20.824476290319815], [84.64739411380218, 20.824477608974785], [84.64739271126253, 20.824567890756786], [84.64748873770789, 20.82456920936684], [84.64748733522212, 20.82465949115782], [84.64758336172139, 20.824660809722964], [84.64758195928952, 20.824751091513946], [84.64767798585167, 20.824752410025184], [84.64767097385409, 20.825203819042976], [84.6474789201549, 20.82520118190371], [84.64747050481816, 20.82574287260469], [84.64727845046319, 20.825740235177964], [84.64728125583893, 20.825559671640914], [84.64708920174448, 20.825557034016562], [84.6470948128553, 20.825195906978397], [84.64699878604164, 20.825194588116815], [84.64700159166891, 20.82501402459773], [84.64671351163216, 20.825010067716534], [84.64670789966793, 20.82537119467385], [84.64613173843557, 20.825363279312455], [84.64613314178371, 20.825272997611304], [84.64603711498802, 20.825271678201748], [84.64603992177412, 20.82509111481741], [84.64594389510418, 20.825089795371923], [84.64594810539114, 20.824818950295423], [84.64585207890086, 20.824817630814], [84.6458548858307, 20.824637067438648], [84.64556680675513, 20.824633108697938], [84.64556961399938, 20.824452545358522], [84.64528153533703, 20.824448586177635]]]}, "id": "+85+966", "properties": {"A00": -0.02982803672172013, "A01": -0.05741323549475553, "A02": 0.22020464503583909, "A03": 0.032244407845075485, "A04": -0.07014285729067662, "A05": 0.08212971076807345, "A06": -0.04697185561021483, "A07": 0.11485102893389332, "A08": -0.05173256307081785, "A09": 0.0011222457536327983, "A10": 0.09654998630362882, "A11": 0.03031751933707041, "A12": -0.2879750583957042, "A13": 0.058573154092832605, "A14": 0.04545895134201982, "A15": 0.14042403808797546, "A16": -0.07718942702226657, "A17": 0.10769197772218465, "A18": -0.1132023597330825, "A19": -0.05586796418016576, "A20": -0.2707270491646481, "A21": 0.34729115532411803, "A22": 0.17348553630896135, "A23": 0.026123450085370776, "A24": 0.04594319920277885, "A25": -0.0020393033612212228, "A26": 0.15955914227857046, "A27": -0.06323603559431223, "A28": -0.07856706669055141, "A29": 0.18830573881739365, "A30": 0.04177835177863794, "A31": 0.10734479666857412, "A32": -0.1152342363398572, "A33": -0.032848635867169594, "A34": -0.019279098807545022, "A35": 0.035766742394198386, "A36": -0.21764770995007676, "A37": 0.09039315084022838, "A38": 0.1407993268613373, "A39": 0.004768188980344404, "A40": 0.09382651323702407, "A41": 0.010186841646074155, "A42": -0.22516408376374542, "A43": 0.2036080968747086, "A44": 0.009428192906284171, "A45": 0.12749205852749398, "A46": 0.06540800094206402, "A47": -0.04467085351131601, "A48": -0.19624780957748597, "A49": -0.009807265911046914, "A50": 0.026550004979351467, "A51": 0.12060911437350741, "A52": -0.08161575778233773, "A53": -0.09503561031277441, "A54": 0.1723516618894673, "A55": -0.049830425069038335, "A56": -0.0046481970835890495, "A57": 0.015416606159848929, "A58": -0.11830250097706844, "A59": -0.19833887068510672, "A60": -0.01795908724575843, "A61": 0.010600027624927094, "A62": 0.15638544914885896, "A63": 0.030463615729945433, "area_ha": 2.976256476238252, "centroid_lat": 20.824515939464643, "centroid_lon": 84.64656547819374, "cluster_id": 5, "n_pixels": 298, "perim_m": 1279.5620276040943, "stand_id": 17, "stand_lbl": 16}}, {"type": "Feature", "geometry": {"type": "Polygon", "coordinates": [[[84.64162973277216, 20.824578957498026], [84.64163113874338, 20.82448867608434], [84.6417271647306, 20.824489997910362], [84.64172857063893, 20.82439971648769], [84.64192062251455, 20.824402359978045], [84.64192202829712, 20.824312078546388], [84.64211408010088, 20.82431472180318], [84.64211548575769, 20.824224440353557], [84.64230753748059, 20.824227083385768], [84.64230894301164, 20.82413680191818], [84.64240496882817, 20.824138123348945], [84.64240637430532, 20.82404784188136], [84.64327060642958, 20.824059732260938], [84.6432720113857, 20.82396945073945], [84.64346406293792, 20.823972092442155], [84.64346546776828, 20.8238818109027], [84.64365751923069, 20.823884452371846], [84.64365892394426, 20.823794170823408], [84.6438509753258, 20.82379681206797], [84.64385237991361, 20.82370653050157], [84.64423648254196, 20.823711812334928], [84.64423367381549, 20.82389237551265], [84.64404162226327, 20.823889734681313], [84.6440388132763, 20.824070297832083], [84.64384676151745, 20.82406765676718], [84.64384395227894, 20.824248219891004], [84.64365190032248, 20.824245578574576], [84.64364768605598, 20.824516423210902], [84.64345563379409, 20.824513781651927], [84.64345703866937, 20.824423500121455], [84.6432649865422, 20.824420858355868], [84.64326358155016, 20.824511139877355], [84.64307152934217, 20.824508497878206], [84.64307012423333, 20.824598779390712], [84.64268601968259, 20.824593494727658], [84.64268320897982, 20.824774057689783], [84.64249115651131, 20.824771415016897], [84.64248272354065, 20.82531310379548], [84.64229067042535, 20.82531046083513], [84.64230191524862, 20.824588209220188], [84.64162973277216, 20.824578957498026]]]}, "id": "+33+962", "properties": {"A00": -0.015126047382602563, "A01": -0.07007804017398125, "A02": 0.1502352704493164, "A03": 0.05104100248576608, "A04": -0.07219881535951866, "A05": 0.07376368032999799, "A06": -0.059758581034008544, "A07": 0.10514107464626696, "A08": -0.05637231456226735, "A09": 0.02945695473862338, "A10": 0.11898594426084211, "A11": 0.04999132836751559, "A12": -0.296563013265807, "A13": 0.046727211479079246, "A14": 0.06967403705260555, "A15": 0.14451360421026774, "A16": -0.06567084471175708, "A17": 0.06495274224421799, "A18": -0.1473237742115412, "A19": -0.01726707181506414, "A20": -0.28849002980874083, "A21": 0.30512018378957123, "A22": 0.18293193990787615, "A23": 0.022721036609624986, "A24": 0.03767085180826944, "A25": 0.03814136121114504, "A26": 0.16519374153256672, "A27": -0.06613712411483218, "A28": -0.05800961552178959, "A29": 0.19975220945560965, "A30": 0.033889544817934304, "A31": 0.08510121417406626, "A32": -0.08873625008364815, "A33": -0.05723064039359701, "A34": 0.04424891080993595, "A35": 0.03985700182012916, "A36": -0.19449720508710172, "A37": 0.07426631035529802, "A38": 0.16177529304160845, "A39": -0.03977976678135972, "A40": 0.05313642504855978, "A41": 0.013633702124065235, "A42": -0.22483991779713683, "A43": 0.24290090941075354, "A44": 0.03676228718760372, "A45": 0.11991369205685182, "A46": 0.0764733956102795, "A47": -0.005500728419122098, "A48": -0.19638374778792986, "A49": 0.008868929349773883, "A50": 0.002912878595862798, "A51": 0.08030299795554663, "A52": -0.07324945960024937, "A53": -0.08441012629526215, "A54": 0.23158023842168624, "A55": -0.08247639763436031, "A56": -0.007665075393367559, "A57": -0.006701558251260141, "A58": -0.12233334789181528, "A59": -0.2093725643156486, "A60": 0.003055348391215661, "A61": -0.032622991978528984, "A62": 0.14965079344955498, "A63": 0.037938302881421256, "area_ha": 1.4229848395987719, "centroid_lat": 20.824337285588307, "centroid_lon": 84.6429220084451, "cluster_id": 2, "n_pixels": 142, "perim_m": 919.683375477399, "stand_id": 18, "stand_lbl": 7}}, {"type": "Feature", "geometry": {"type": "Polygon", "coordinates": [[[84.6425984258306, 20.824050484563227], [84.64259983118197, 20.82396020307767], [84.6427918826354, 20.823962845534965], [84.642793287861, 20.823872564040425], [84.64298533922458, 20.823875206273136], [84.64298674433341, 20.823784924760634], [84.64317879561615, 20.823787566759783], [84.64318020059922, 20.823697285238296], [84.64327622620017, 20.82369860614804], [84.64327763112036, 20.82360832462655], [84.64346968221444, 20.823610966275357], [84.64347108701784, 20.823520684735904], [84.64366313803109, 20.82352332616013], [84.64366454270873, 20.823433044602712], [84.64395261910731, 20.823437006316844], [84.64395402360529, 20.82334672474146], [84.64424209990507, 20.82335068596152], [84.64424350423236, 20.823260404359182], [84.64443555502102, 20.82326304489408], [84.64443695921358, 20.82317276328276], [84.64472503528877, 20.82317672364942], [84.64472643930166, 20.823086442020134], [84.64482246462413, 20.823087762031562], [84.64481825270224, 20.823358606937386], [84.6446262017429, 20.823355966824696], [84.64462058529608, 20.823717093305905], [84.64481263671355, 20.82371973346351], [84.64481404072644, 20.823629451834222], [84.64519814342665, 20.823634731484677], [84.64519954719701, 20.823544449828443], [84.64539159847973, 20.82354708932129], [84.6453803689997, 20.824269342643035], [84.64528434289569, 20.82426802287415], [84.64528153533703, 20.824448586177635], [84.64518550912524, 20.82444726634587], [84.64518270142285, 20.824627829631392], [84.64422243861318, 20.82461462819659], [84.64422103417809, 20.82470490978096], [84.6440289815928, 20.824702268832837], [84.64402757704092, 20.82479255039924], [84.64345141911437, 20.82478462624334], [84.64345422890983, 20.824604063182395], [84.64326217655811, 20.82460142138986], [84.6432649865422, 20.824420858355868], [84.64345703866937, 20.824423500121455], [84.64345563379409, 20.824513781651927], [84.64364768605598, 20.824516423210902], [84.64365190032248, 20.824245578574576], [84.64384395227894, 20.824248219891004], [84.64384676151745, 20.82406765676718], [84.6440388132763, 20.824070297832083], [84.64404162226327, 20.823889734681313], [84.64423367381549, 20.82389237551265], [84.64423648254196, 20.823711812334928], [84.64385237991361, 20.82370653050157], [84.6438509753258, 20.82379681206797], [84.64365892394426, 20.823794170823408], [84.64365751923069, 20.823884452371846], [84.64346546776828, 20.8238818109027], [84.64346406293792, 20.823972092442155], [84.6432720113857, 20.82396945073945], [84.64327060642958, 20.824059732260938], [84.6425984258306, 20.824050484563227]]]}, "id": "+49+956", "properties": {"A00": -0.013505425025760135, "A01": -0.05304935798064167, "A02": 0.1590274503566635, "A03": 0.05130439296467881, "A04": -0.05798919031596545, "A05": 0.05851817605067897, "A06": -0.0448719499632044, "A07": 0.09389141469850411, "A08": -0.04460593872460491, "A09": 0.04099871768382382, "A10": 0.11277983433358722, "A11": 0.04872405722319906, "A12": -0.3048368318536249, "A13": 0.04856171289414149, "A14": 0.04843690187445324, "A15": 0.15039528264686894, "A16": -0.07103433098732669, "A17": 0.0704073756963427, "A18": -0.1427511582626662, "A19": -0.049450529150702215, "A20": -0.3192829644459215, "A21": 0.3334351853090567, "A22": 0.16479172577880172, "A23": 0.03543278855881106, "A24": 0.02796817823810119, "A25": 0.042655086998343986, "A26": 0.140084642019533, "A27": -0.028869259069517515, "A28": -0.054006916567926645, "A29": 0.16998431162113464, "A30": 0.029923649636921408, "A31": 0.06750070409930505, "A32": -0.12711018117248218, "A33": -0.04705250084443826, "A34": 0.0699055374601378, "A35": 0.03360999211566168, "A36": -0.19965984738875261, "A37": 0.0995789860684374, "A38": 0.15839145886956885, "A39": -0.04015997007967784, "A40": 0.05986875408247172, "A41": 0.03511443089233626, "A42": -0.20405860531181882, "A43": 0.24925501353243493, "A44": 0.02262895553633654, "A45": 0.1263087328337267, "A46": 0.030894320953456116, "A47": -0.0045852098020649585, "A48": -0.17718317797389074, "A49": 0.0023342325227221597, "A50": -0.024504692989823225, "A51": 0.0971210703382017, "A52": -0.031705989406930514, "A53": -0.08885117851636003, "A54": 0.2188348314333945, "A55": -0.06882928534889651, "A56": -0.027200412121426213, "A57": 0.0020354938915250163, "A58": -0.14217557620796922, "A59": -0.18114627876922948, "A60": -0.012152527539442026, "A61": -0.0505486957061324, "A62": 0.13835812873357345, "A63": 0.051141411499708626, "area_ha": 2.6054698035890045, "centroid_lat": 20.82403296981967, "centroid_lon": 84.64430463033462, "n_pixels": 261, "perim_m": 1339.5398883234238, "stand_id": 19, "stand_lbl": 11}}, {"type": "Feature", "geometry": {"type": "Polygon", "coordinates": [[[84.64672754100822, 20.82410725027384], [84.64674016681157, 20.823294714487382], [84.64683619239455, 20.823296033375915], [84.64683759516777, 20.823205751611884], [84.64693362070582, 20.823207070446518], [84.64693221799548, 20.823297352219534], [84.64722029481628, 20.823301308426995], [84.64721889225866, 20.823391590208992], [84.64741094363123, 20.82339422742012], [84.6474095411814, 20.82348450922907], [84.64769761846034, 20.823488464654996], [84.6476962161812, 20.82357874648191], [84.6478882678502, 20.823581383181], [84.64788686567886, 20.823671665007915], [84.6480789174916, 20.823674301509374], [84.64807751542806, 20.823764583345273], [84.64817354139731, 20.823765901524137], [84.64817213937867, 20.823856183369017], [84.6482681654198, 20.823857501493983], [84.64826536148135, 20.824038065201712], [84.64816933532344, 20.824036747058777], [84.64816793328686, 20.82412702890366], [84.64807190708405, 20.824125710706827], [84.64806629861425, 20.824486838041434], [84.64797027219585, 20.824485519763755], [84.64796886999756, 20.82457580159067], [84.64787284352525, 20.82457448325011], [84.64787144127305, 20.824664765077024], [84.64796746779926, 20.824666083417586], [84.64796466338471, 20.82484664706243], [84.64786863673274, 20.8248453287039], [84.64786583217446, 20.825025892339767], [84.64767377867288, 20.825023255443046], [84.64767798585167, 20.824752410025184], [84.64758195928952, 20.824751091513946], [84.64758336172139, 20.824660809722964], [84.64748733522212, 20.82465949115782], [84.64748873770789, 20.82456920936684], [84.64739271126253, 20.824567890756786], [84.64739411380218, 20.824477608974785], [84.64729808742868, 20.824476290319815], [84.64729949001325, 20.824386008537815], [84.64720346370264, 20.824384689828943], [84.64720206106418, 20.824474971610943], [84.64691398201556, 20.82447101516094], [84.64691959321621, 20.824109888122774], [84.64672754100822, 20.82410725027384]]]}, "id": "+89+958", "properties": {"A00": -0.020130084985682552, "A01": -0.06542120205233917, "A02": 0.18163010360666146, "A03": 0.05647331269514345, "A04": -0.0642115727118178, "A05": 0.08265199208941544, "A06": -0.04775863042769722, "A07": 0.11086502782835857, "A08": -0.06674554802596457, "A09": 0.020846066107315073, "A10": 0.082705114516063, "A11": 0.027985779971030245, "A12": -0.2980310091511418, "A13": 0.04652414580259116, "A14": 0.04812894367331844, "A15": 0.12712151905034894, "A16": -0.08111022509674805, "A17": 0.11291354667600435, "A18": -0.12194343063853297, "A19": -0.023161315086062353, "A20": -0.28290398213458856, "A21": 0.344116796523048, "A22": 0.173179579906284, "A23": 0.025013762154570695, "A24": 0.0484400163366224, "A25": 0.013731636016598948, "A26": 0.1600987172685086, "A27": -0.07322819760825541, "A28": -0.08072517514411146, "A29": 0.19968257962611946, "A30": 0.03559762281216567, "A31": 0.08868004439596132, "A32": -0.10809346846493698, "A33": -0.03849172711674145, "A34": -0.0018754532429123552, "A35": 0.044713057052493246, "A36": -0.2054718259839492, "A37": 0.07338443369168714, "A38": 0.14050107232446232, "A39": -0.013045628810496642, "A40": 0.0862183362187667, "A41": 0.013330695669313632, "A42": -0.2304313979753406, "A43": 0.2197744039119535, "A44": 0.012771113030122561, "A45": 0.13407654490426063, "A46": 0.07445500238630462, "A47": -0.047458395205719414, "A48": -0.2040126432169466, "A49": -0.0001827387993228778, "A50": 0.018661918111175763, "A51": 0.1091042844607241, "A52": -0.06836593810226162, "A53": -0.09541186284218897, "A54": 0.1909206056689017, "A55": -0.05993128853551369, "A56": -0.01583062336585337, "A57": 0.027171328030361586, "A58": -0.12709244561515343, "A59": -0.1976364325642703, "A60": -0.01900262067442238, "A61": -0.010576433806654646, "A62": 0.15750586207101538, "A63": 0.0305551975491561, "area_ha": 1.7937729173077175, "centroid_lat": 20.824018018256663, "centroid_lon": 84.64744820368668, "n_pixels": 179, "perim_m": 759.7403723788484, "stand_id": 20, "stand_lbl": 19}}, {"type": "Feature", "geometry": {"type": "Polygon", "coordinates": [[[84.64462058529608, 20.823717093305905], [84.6446262017429, 20.823355966824696], [84.64481825270224, 20.823358606937386], [84.64482246462413, 20.823087762031562], [84.64511054060948, 20.823091721742454], [84.64511194438882, 20.82300144008622], [84.64626424832126, 20.823017274015996], [84.64626284522465, 20.823107555744095], [84.64616681979439, 20.82310623654115], [84.64616120709356, 20.8234673634266], [84.6460651814477, 20.82346604414281], [84.64606377819837, 20.823556325861926], [84.64635185533358, 20.823560283569574], [84.64634343669104, 20.82410197392919], [84.64538317641463, 20.82408877932158], [84.64539159847973, 20.82354708932129], [84.64519954719701, 20.823544449828443], [84.64519814342665, 20.823634731484677], [84.64481404072644, 20.823629451834222], [84.64481263671355, 20.82371973346351], [84.64462058529608, 20.823717093305905]]]}, "id": "+73+948", "properties": {"A00": 0.004060613239404961, "A01": -0.03924220465818182, "A02": 0.17512071470677948, "A03": 0.029142225002871076, "A04": -0.07574494565919274, "A05": 0.021383641895580698, "A06": -0.03038808377586346, "A07": 0.08834135197822358, "A08": -0.05855302141747155, "A09": 0.02375843966765758, "A10": 0.08316575400157687, "A11": 0.044283687807511664, "A12": -0.32433829678042986, "A13": 0.03685914128175947, "A14": 0.004780610861119789, "A15": 0.11862803371926718, "A16": -0.05920512886920938, "A17": 0.09066346777107809, "A18": -0.12468604777917248, "A19": -0.040098789805854226, "A20": -0.33244498383057136, "A21": 0.3777283499899504, "A22": 0.14590086093191681, "A23": 0.05477265120928215, "A24": 0.03062927478926101, "A25": 0.015268861490357766, "A26": 0.11705870726438546, "A27": -0.0075141722011416185, "A28": -0.03958042641186492, "A29": 0.14984304550295663, "A30": 0.042450086983173915, "A31": 0.06890677735269278, "A32": -0.11829103122704972, "A33": -0.018277220367959476, "A34": 0.0462197456880343, "A35": 0.006478405529320017, "A36": -0.20526814002023008, "A37": 0.08160622023976073, "A38": 0.16472079058423056, "A39": -0.059170644840657094, "A40": 0.03946729719129731, "A41": 0.061679435981054305, "A42": -0.19452016039090778, "A43": 0.23857473817541747, "A44": 0.019617551866256976, "A45": 0.1240115112272263, "A46": 0.004354906175276267, "A47": -0.027938805822706195, "A48": -0.18452874909708286, "A49": 0.028359599778714734, "A50": -0.04693812057821603, "A51": 0.08729242175737913, "A52": -0.014575554851941636, "A53": -0.09273363408633892, "A54": 0.1945810445404247, "A55": -0.06396324252456992, "A56": -0.03156156995182123, "A57": -0.018465232502069752, "A58": -0.14219448408534793, "A59": -0.15293019783122733, "A60": -0.008323431121256138, "A61": -0.0758786039088646, "A62": 0.09862571647093134, "A63": 0.0589812383867705, "area_ha": 1.5332213922932423, "centroid_lat": 20.823515386026635, "centroid_lon": 84.6455970527819, "cluster_id": 5, "n_pixels": 153, "perim_m": 679.7671019075694, "stand_id": 21, "stand_lbl": 13}}, {"type": "Feature", "geometry": {"type": "Polygon", "coordinates": [[[84.64871663086501, 20.807338538858634], [84.64871943181207, 20.807157974737684], [84.64881544731594, 20.80715929155111], [84.64882244927036, 20.806707881221776], [84.64891846449576, 20.806709197954355], [84.64891706417495, 20.806799480023813], [84.64910909476049, 20.806802113336254], [84.64911049496453, 20.80671183124883], [84.64920651020789, 20.806713147810726], [84.64920791034905, 20.8066228657233], [84.64949595596237, 20.806626815076616], [84.64949735592386, 20.80653653296224], [84.64978540142937, 20.806540481821482], [84.64978400163857, 20.806630763953823], [84.64988001688194, 20.806632080138428], [84.64987721739016, 20.80681264442108], [84.6499732327503, 20.806813960560767], [84.6499746324423, 20.80672367841944], [84.65007064775752, 20.80672499450523], [84.65006924811942, 20.80681527665554], [84.65016526349754, 20.80681659268743], [84.65016386391335, 20.80690687484672], [84.65025987935434, 20.8069081908337], [84.65025008245362, 20.807540165930767], [84.65044211416206, 20.807542797832856], [84.6504379157149, 20.807813644328693], [84.65034189969, 20.80781232837765], [84.65034050013276, 20.807902610536942], [84.65043651622054, 20.807903926487985], [84.65043091816223, 20.808265055125148], [84.65062295081391, 20.808267686910455], [84.65062015196891, 20.808448251247004], [84.65081218487211, 20.808450882852643], [84.65080938622474, 20.80863144720716], [84.65167353569501, 20.808643286867856], [84.65167213687438, 20.80873356909901], [84.65148010349508, 20.80873093842762], [84.65147870454868, 20.808821220649794], [84.65042252085469, 20.80880674804496], [84.65042392042092, 20.808716465894655], [84.65003985407552, 20.808711201551496], [84.65004125386633, 20.808620919419152], [84.64984922084635, 20.808618286942146], [84.64985062074496, 20.808528004818786], [84.64965858787768, 20.80852537213517], [84.64965998788409, 20.808435090029775], [84.64946795515156, 20.808432457139542], [84.64947075537098, 20.808251892955706], [84.64927872289897, 20.808249259876828], [84.64928432369715, 20.80788813153611], [84.6490922917192, 20.807885498295533], [84.64909789284975, 20.807524369990745], [84.64890586135691, 20.807521736588473], [84.64890866210634, 20.807341172449554], [84.64871663086501, 20.807338538858634]]]}, "id": "+124+778", "properties": {"A00": -0.03463298623284184, "A01": -0.06254714713220012, "A02": 0.19576907026824203, "A03": 0.05615311508101224, "A04": -0.05255670856883922, "A05": 0.04973556443272886, "A06": -0.06033510871858939, "A07": 0.13008632717405158, "A08": -0.07772592123182409, "A09": 0.026496644063759282, "A10": 0.10856778312796704, "A11": 0.0314740333638118, "A12": -0.3011525956741652, "A13": 0.07397215628075067, "A14": 0.009986416792711172, "A15": 0.14115090954631168, "A16": -0.06429603432247512, "A17": 0.06348020918135934, "A18": -0.11259430878281976, "A19": -0.06918843322101072, "A20": -0.33400853190215873, "A21": 0.32982057070382553, "A22": 0.21697709550922145, "A23": 0.007818812363395954, "A24": 0.034575130536686136, "A25": 0.06002323087862422, "A26": 0.13468982414998268, "A27": -0.03437927968406686, "A28": -0.07219437364029428, "A29": 0.17024720356936537, "A30": 0.044249401922332794, "A31": 0.09908545592365539, "A32": -0.06447783215339488, "A33": -0.01573039721079983, "A34": 0.042452936175606755, "A35": -0.013034514360766533, "A36": -0.18110655718555152, "A37": 0.1035155482197975, "A38": 0.13421665532942417, "A39": -0.051679660865528346, "A40": 0.09508925326251942, "A41": 0.016964827485850643, "A42": -0.172910037810426, "A43": 0.274655558284375, "A44": 0.04939569756505698, "A45": 0.10554455085551455, "A46": 0.011970552234554099, "A47": 0.0054746207149157875, "A48": -0.16328817436376528, "A49": 0.02466255160384907, "A50": -0.04508634594057797, "A51": 0.08559861878246214, "A52": -0.02678236727964098, "A53": -0.05405117933110984, "A54": 0.20180818797633127, "A55": -0.07255004888481743, "A56": -0.01374011766661434, "A57": -0.029060032453020627, "A58": -0.13288052560251018, "A59": -0.18785715916623727, "A60": -0.01881171669561345, "A61": -0.03039849973905693, "A62": 0.14796465784154245, "A63": 0.05663910244963832, "area_ha": 3.166677006799978, "centroid_lat": 20.807693012798556, "centroid_lon": 84.64983044143865, "cluster_id": 2, "n_pixels": 317, "perim_m": 1179.5988533332143, "stand_id": 22, "stand_lbl": 26}}, {"type": "Feature", "geometry": {"type": "MultiPolygon", "coordinates": [[[[84.65234844919367, 20.80847192791837], [84.6523512459905, 20.80829136335724], [84.65263929542166, 20.80829530774287], [84.65263789719393, 20.808385590045894], [84.65244586412005, 20.808382960497394], [84.65244446578451, 20.808473242782448], [84.65234844919367, 20.80847192791837]]], [[[84.65234844919367, 20.80847192791837], [84.65234705078626, 20.808562210203423], [84.65205900091493, 20.8085582652788], [84.65205760232787, 20.808648547536908], [84.65186556900245, 20.80864591730569], [84.65186417028963, 20.80873619955481], [84.65167213687438, 20.80873356909901], [84.65167353569501, 20.808643286867856], [84.65080938622474, 20.80863144720716], [84.65081218487211, 20.808450882852643], [84.65062015196891, 20.808448251247004], [84.65062295081391, 20.808267686910455], [84.65043091816223, 20.808265055125148], [84.65043651622054, 20.807903926487985], [84.65034050013276, 20.807902610536942], [84.65034189969, 20.80781232837765], [84.6504379157149, 20.807813644328693], [84.65044211416206, 20.807542797832856], [84.65025008245362, 20.807540165930767], [84.65025987935434, 20.8069081908337], [84.65016386391335, 20.80690687484672], [84.65016526349754, 20.80681659268743], [84.65006924811942, 20.80681527665554], [84.65007064775752, 20.80672499450523], [84.6499746324423, 20.80672367841944], [84.6499732327503, 20.806813960560767], [84.64987721739016, 20.80681264442108], [84.64988001688194, 20.806632080138428], [84.64978400163857, 20.806630763953823], [84.64978540142937, 20.806540481821482], [84.64988141660986, 20.806541798006087], [84.6498828163378, 20.80645151586476], [84.6496907860936, 20.8064488834686], [84.64969358574709, 20.80626831920392], [84.64950155576341, 20.806265686619113], [84.64950435561451, 20.80608512238138], [84.64940834074844, 20.806083806017114], [84.64941114068938, 20.80590324178836], [84.64960317020594, 20.80590587443605], [84.64960177035225, 20.805996156559406], [84.64969778518238, 20.805997472806894], [84.64969638537362, 20.806087754939234], [84.650848564566, 20.806103545821745], [84.65084716543996, 20.80619382802595], [84.65103919552244, 20.806196459101585], [84.65103779650418, 20.806286741314775], [84.65142185698357, 20.80629200284621], [84.65142465456195, 20.80611143836593], [84.6520007448274, 20.806119328969757], [84.65200354168712, 20.80593876440863], [84.65219557160792, 20.80594139415476], [84.65220116477938, 20.80558026496064], [84.652393194269, 20.805582894446257], [84.65239878686553, 20.805221765189255], [84.65259081593294, 20.80522439440538], [84.65259361195722, 20.805043829745436], [84.65288165527086, 20.80504777313394], [84.65288445092683, 20.80486720842908], [84.65365256584894, 20.804877721682345], [84.65364697633362, 20.805238851280706], [84.65393502024014, 20.80524279293546], [84.65393641745278, 20.805152510515658], [84.65403243204936, 20.805153824292777], [84.65403103489062, 20.80524410671258], [84.65412704954109, 20.8052454204358], [84.65412425531343, 20.805425985293372], [84.65431628487491, 20.805428612605066], [84.65431349084487, 20.805609177480605], [84.6540254461658, 20.805605236400773], [84.65402265176746, 20.805785801231394], [84.65392663677562, 20.805784487418343], [84.65392244494006, 20.80605533464182], [84.65382642978653, 20.8060540207569], [84.65382503243914, 20.806144303149754], [84.65372901723171, 20.806142989201952], [84.6537346068189, 20.805781859621558], [84.65325453204835, 20.80577528919984], [84.65326012265064, 20.805414159727242], [84.65335613735502, 20.80541547389962], [84.65335893249896, 20.805234909140864], [84.65268683047562, 20.805225708937083], [84.65268403454115, 20.805406273606007], [84.65258801988169, 20.80540495906532], [84.6525824276804, 20.80576608836724], [84.65267844256445, 20.80576740292589], [84.6526770445523, 20.805857685255862], [84.65258102961437, 20.805856370688225], [84.65257683536234, 20.806127217651188], [84.65248082025371, 20.806125903002705], [84.65247802393299, 20.80630646762671], [84.65238200871657, 20.806305152915346], [84.65237641576068, 20.80666628212743], [84.65256844666065, 20.806668911541184], [84.65256565035789, 20.806849476165194], [84.65237361924233, 20.80684684672449], [84.65237222096967, 20.80693712901853], [84.65227620536697, 20.806935814208348], [84.65227480702247, 20.807026096502387], [84.65237082268804, 20.807027411312568], [84.65236802610679, 20.807207975909627], [84.65227201033342, 20.80720666108148], [84.65227061197093, 20.807296943366534], [84.65217459614367, 20.807295628475504], [84.65217179928393, 20.80747619303663], [84.65197976743177, 20.807473563074907], [84.65196997740316, 20.80810553891758], [84.65206599372449, 20.80810685397031], [84.65206459518235, 20.80819713622841], [84.65216061156657, 20.808198451236223], [84.65215641604792, 20.80846929803749], [84.65234844919367, 20.80847192791837]]]]}, "id": "+128+777", "properties": {"A00": -0.0030935060341274593, "A01": -0.06621875515032875, "A02": 0.17433072771742145, "A03": 0.04640908996307754, "A04": -0.046375347674465606, "A05": 0.026056093181734814, "A06": -0.06420560003154657, "A07": 0.14296580669229814, "A08": -0.08638196513833975, "A09": 0.03561284461962656, "A10": 0.10534135715189166, "A11": 0.05290196665138617, "A12": -0.30894037827765475, "A13": 0.054172611522969566, "A14": 0.0015748241637913909, "A15": 0.12259372009674921, "A16": -0.0439992969969273, "A17": 0.056253338895886025, "A18": -0.10146609946340743, "A19": -0.04705618459898459, "A20": -0.3411797825602941, "A21": 0.3260878598611869, "A22": 0.24488250557864896, "A23": -0.022219126189409782, "A24": 0.037666536729407854, "A25": 0.05174338041019961, "A26": 0.14063019014804115, "A27": -0.016826973421997373, "A28": -0.05287320268666867, "A29": 0.18311738372796138, "A30": 0.03820535048410915, "A31": 0.0831624565920146, "A32": -0.03325282234501835, "A33": -0.014211263641116816, "A34": 0.03361559852272798, "A35": -0.03956315839069143, "A36": -0.17006032212105776, "A37": 0.07309169183077582, "A38": 0.13815078894390415, "A39": -0.0739183144418604, "A40": 0.07338845121916383, "A41": 0.0339387414838581, "A42": -0.16314532747724647, "A43": 0.30591404814432477, "A44": 0.051903308774859075, "A45": 0.09556940753925199, "A46": 0.001638639219624128, "A47": 0.007292802971028682, "A48": -0.1519177341954985, "A49": 0.038890301768996875, "A50": -0.06852800252812084, "A51": 0.054557503194464375, "A52": -0.0282682258853731, "A53": -0.059604183013506666, "A54": 0.20037104220502422, "A55": -0.09414053377895477, "A56": -0.013600718452384562, "A57": -0.03889889044011316, "A58": -0.12379449803698837, "A59": -0.18907490700795113, "A60": 0.0012877716111232252, "A61": -0.0585026518763904, "A62": 0.11021902325423838, "A63": 0.060446587107034745, "area_ha": 7.275357093597387, "centroid_lat": 20.80688703455773, "centroid_lon": 84.6515844717902, "cluster_id": 2, "n_pixels": 728, "perim_m": 2519.1461623206706, "stand_id": 23, "stand_lbl": 31}}, {"type": "Feature", "geometry": {"type": "Polygon", "coordinates": [[[84.65196997740316, 20.80810553891758], [84.65197976743177, 20.807473563074907], [84.65217179928393, 20.80747619303663], [84.65217459614367, 20.807295628475504], [84.65227061197093, 20.807296943366534], [84.65227201033342, 20.80720666108148], [84.65236802610679, 20.807207975909627], [84.65237082268804, 20.807027411312568], [84.65227480702247, 20.807026096502387], [84.65227620536697, 20.806935814208348], [84.65237222096967, 20.80693712901853], [84.65237361924233, 20.80684684672449], [84.65256565035789, 20.806849476165194], [84.65256844666065, 20.806668911541184], [84.65237641576068, 20.80666628212743], [84.65238200871657, 20.806305152915346], [84.65247802393299, 20.80630646762671], [84.65248082025371, 20.806125903002705], [84.65257683536234, 20.806127217651188], [84.65258102961437, 20.805856370688225], [84.6526770445523, 20.805857685255862], [84.65267844256445, 20.80576740292589], [84.6525824276804, 20.80576608836724], [84.65258801988169, 20.80540495906532], [84.65268403454115, 20.805406273606007], [84.65268683047562, 20.805225708937083], [84.65335893249896, 20.805234909140864], [84.65335613735502, 20.80541547389962], [84.65326012265064, 20.805414159727242], [84.65325453204835, 20.80577528919984], [84.6537346068189, 20.805781859621558], [84.65372622240218, 20.80632355398766], [84.6535341917807, 20.806320925912395], [84.65352860156469, 20.806682055420925], [84.65362461709552, 20.806683369512456], [84.65362321958642, 20.806773651887344], [84.65371923518013, 20.806774965933958], [84.65371783771596, 20.806865248317827], [84.65390986904711, 20.806867876267326], [84.65390847168176, 20.80695815866018], [84.65381245596228, 20.806956844712378], [84.65381105853405, 20.80704712709625], [84.65371504276067, 20.80704581309455], [84.65371224777843, 20.807226377853308], [84.65361623189726, 20.807225063779743], [84.6536134367623, 20.807405628529516], [84.65351742077334, 20.807404314384087], [84.65351602314746, 20.80749459674999], [84.6534200071046, 20.807493282550663], [84.65341721170014, 20.807673847264503], [84.65332119555846, 20.807672532993312], [84.65331979778887, 20.80776281535023], [84.65322378159328, 20.807761501016156], [84.6532223837608, 20.807851783364093], [84.6531263675203, 20.80785046897612], [84.65312496961596, 20.807940751315073], [84.65302895333055, 20.807939436864217], [84.65302755536332, 20.808029719194188], [84.65293153902401, 20.80802840468045], [84.6529301409939, 20.80811868701042], [84.65283412460069, 20.808117372442783], [84.6528327265077, 20.80820765475479], [84.65273671006956, 20.80820634012427], [84.65273531191369, 20.808296622436274], [84.6523512459905, 20.80829136335724], [84.65234844919367, 20.80847192791837], [84.65215641604792, 20.80846929803749], [84.65216061156657, 20.808198451236223], [84.65206459518235, 20.80819713622841], [84.65206599372449, 20.80810685397031], [84.65196997740316, 20.80810553891758]]]}, "id": "+133+774", "properties": {"A00": -0.0316445184105101, "A01": -0.06624614699323084, "A02": 0.20883560906516271, "A03": 0.04787305950324014, "A04": -0.05433247699178557, "A05": 0.061095371498929414, "A06": -0.049398390901965676, "A07": 0.13298762765972608, "A08": -0.06213979631856451, "A09": 0.014373473320863141, "A10": 0.10428658544298154, "A11": 0.023890923514293606, "A12": -0.3001641943648394, "A13": 0.07100997962458518, "A14": 0.023041320089200113, "A15": 0.13822979286547663, "A16": -0.062031388750280615, "A17": 0.08112066211046914, "A18": -0.10450446920760609, "A19": -0.07088103739347987, "A20": -0.3230659187955533, "A21": 0.3417852758599851, "A22": 0.2142130330245169, "A23": -0.0008090389213520055, "A24": 0.041345924587560874, "A25": 0.04957810891897976, "A26": 0.13485393709199558, "A27": -0.031290612316018346, "A28": -0.07662771831256021, "A29": 0.17408596522401978, "A30": 0.05143666556688958, "A31": 0.09582006339093671, "A32": -0.0892742376621224, "A33": -0.01692150364062558, "A34": 0.021079531244271987, "A35": -0.0019414835863578, "A36": -0.19483815449610342, "A37": 0.107107636076959, "A38": 0.1297706289808218, "A39": -0.041600687050110136, "A40": 0.09897538650497821, "A41": 0.016354929674862906, "A42": -0.18445619272562622, "A43": 0.26156457486346085, "A44": 0.037671826056323764, "A45": 0.11402888702260047, "A46": 0.021032136401741567, "A47": -0.008008781420524141, "A48": -0.17448546643119928, "A49": 0.003158479008346491, "A50": -0.03234371189219515, "A51": 0.09991902834698056, "A52": -0.04008704930348966, "A53": -0.06400826402541422, "A54": 0.19660999349677286, "A55": -0.061819412973551716, "A56": -0.016494304828808953, "A57": -0.007230125070856842, "A58": -0.12079751228084373, "A59": -0.19389375314898294, "A60": -0.00787809721301954, "A61": -0.02055445539979925, "A62": 0.14269682098916914, "A63": 0.04807712523582343, "area_ha": 3.978404388202161, "centroid_lat": 20.80686652695084, "centroid_lon": 84.65290562463481, "cluster_id": 2, "n_pixels": 398, "perim_m": 1259.5735720342907, "stand_id": 24, "stand_lbl": 32}}, {"type": "Feature", "geometry": {"type": "MultiPolygon", "coordinates": [[[[84.64927872289897, 20.808249259876828], [84.64947075537098, 20.808251892955706], [84.64946935526577, 20.80834217505212], [84.64927732268596, 20.808339541964255], [84.64927872289897, 20.808249259876828]]], [[[84.64927872289897, 20.808249259876828], [84.64918270667644, 20.808247943261033], [84.64918410694337, 20.80815766118259], [84.64899207463304, 20.808155027798286], [84.64899347500776, 20.808064745728824], [84.64889745891998, 20.808063428960313], [84.64889885934859, 20.807973146899837], [84.64870682730778, 20.80797051321909], [84.64870822784418, 20.807880231167594], [84.6485161959471, 20.807877597280232], [84.64851759658231, 20.807787315246706], [84.64842158071014, 20.807785998226667], [84.64842298139027, 20.80769571619314], [84.64823094977166, 20.807693082009333], [84.64823235056858, 20.807602799993774], [84.64813633482215, 20.80760148282102], [84.648137735664, 20.80751120080546], [84.64794570432386, 20.80750856632521], [84.64794710527349, 20.807418284327618], [84.64785108966181, 20.807416967011132], [84.64785249066536, 20.80732668501354], [84.64775647512555, 20.80732536765214], [84.647757876174, 20.807235085654547], [84.64766186069706, 20.807233768248235], [84.64766326179941, 20.807143486259623], [84.64756724638536, 20.80714216879941], [84.64757004867091, 20.80696160483117], [84.64747403338262, 20.806960287335027], [84.6474754345748, 20.8068700053554], [84.6473794193494, 20.806868687814337], [84.6473808205865, 20.80677840583471], [84.64728480542398, 20.80677708823975], [84.64728760799699, 20.80659652430744], [84.64719159296024, 20.806595206667566], [84.6471943956141, 20.806414642744244], [84.64709838069412, 20.806413325068437], [84.64710258479168, 20.80614247918345], [84.64700657005137, 20.80614116147171], [84.64700797145915, 20.806050879510046], [84.64739203023174, 20.80605615000667], [84.64738922786535, 20.806236713974908], [84.64777328721287, 20.80624198365406], [84.64777608912112, 20.806061419640905], [84.64816014813626, 20.806066688421744], [84.64816294955942, 20.80588612435469], [84.64825896421888, 20.805887441401676], [84.64826176549832, 20.805706877316656], [84.64835778004998, 20.805708194300763], [84.64836338229443, 20.80534706609479], [84.64845939662152, 20.805348382998048], [84.64846219758654, 20.805167818877095], [84.64855821180583, 20.805169135708486], [84.64855541095758, 20.805349699847405], [84.64874743965667, 20.805352333384423], [84.648739037615, 20.805894025837116], [84.64854700823321, 20.805891392219248], [84.64853860523932, 20.806433084564137], [84.6479625152254, 20.806425182210347], [84.64795971347885, 20.80660574624147], [84.64815174368711, 20.806608380595957], [84.64814894213818, 20.806788944645042], [84.64834097260695, 20.806791578810884], [84.64833817125565, 20.80697214288692], [84.64872223273217, 20.806977410625713], [84.64871663086501, 20.807338538858634], [84.64890866210634, 20.807341172449554], [84.64890586135691, 20.807521736588473], [84.64909789284975, 20.807524369990745], [84.6490922917192, 20.807885498295533], [84.64928432369715, 20.80788813153611], [84.64927872289897, 20.808249259876828]]]]}, "id": "+103+773", "properties": {"A00": -0.0031569515044543254, "A01": -0.12804449698152476, "A02": 0.1805089495964763, "A03": 0.0787857532420871, "A04": -0.03478001210777247, "A05": 0.02830126114644079, "A06": -0.07131426084228522, "A07": 0.14981424819721356, "A08": -0.11416923351569523, "A09": 0.046218019821686857, "A10": 0.09173892981681431, "A11": 0.041861028417405625, "A12": -0.3177578437241813, "A13": 0.07419619408174978, "A14": -0.02077163887005157, "A15": 0.10643370382890723, "A16": -0.07087577644286182, "A17": 0.06421071728069835, "A18": -0.10174542174783827, "A19": -0.018153851628332107, "A20": -0.28895796042890387, "A21": 0.32734123665762993, "A22": 0.2519694033271127, "A23": -0.03262100735119653, "A24": 0.0337721345576056, "A25": 0.05103728511349976, "A26": 0.13465662547083623, "A27": -0.010938686986762591, "A28": -0.06297074136668389, "A29": 0.17988726374122516, "A30": 0.03956962140238452, "A31": 0.06854655908128746, "A32": -0.05994007974656425, "A33": -0.04084902507055875, "A34": 0.022670188433607855, "A35": -0.02519197499113457, "A36": -0.16747156090247195, "A37": 0.07222696599489113, "A38": 0.13215620385365567, "A39": -0.08766615613934953, "A40": 0.05336073380566445, "A41": 0.00972093959349302, "A42": -0.15332088781292047, "A43": 0.30381975258778976, "A44": 0.03663656864109568, "A45": 0.1126185886112695, "A46": 0.002548865365146463, "A47": 0.020575761590812786, "A48": -0.15775235636247534, "A49": 0.030278705830730224, "A50": -0.07158363195564527, "A51": 0.0526525326522351, "A52": -0.01428696644857241, "A53": -0.07653335164737324, "A54": 0.19218197984473492, "A55": -0.09426032680263503, "A56": -0.03893251366016767, "A57": -0.008148135415586654, "A58": -0.12173278546238125, "A59": -0.1573553402032651, "A60": 0.026055890308372194, "A61": -0.051381176409680485, "A62": 0.12126229036093451, "A63": 0.020424978427894924, "area_ha": 2.565404250376118, "centroid_lat": 20.80681013015814, "centroid_lon": 84.64820188344203, "cluster_id": 2, "n_pixels": 257, "perim_m": 1419.5154927310014, "stand_id": 25, "stand_lbl": 22}}, {"type": "Feature", "geometry": {"type": "Polygon", "coordinates": [[[84.64795971347885, 20.80660574624147], [84.6479625152254, 20.806425182210347], [84.64853860523932, 20.806433084564137], [84.64854700823321, 20.805891392219248], [84.648739037615, 20.805894025837116], [84.64874743965667, 20.805352333384423], [84.64855541095758, 20.805349699847405], [84.64856661417089, 20.804627443282744], [84.64847060029297, 20.804626126487285], [84.64847480154286, 20.80435528027891], [84.64857081525011, 20.8043565970564], [84.64857221559788, 20.80426631497796], [84.64876424292254, 20.804268948371245], [84.64875864195369, 20.80463007672095], [84.64895066977243, 20.804632709943558], [84.64894786947217, 20.80481327414536], [84.64913989754243, 20.804815907179325], [84.64913709743979, 20.80499647139011], [84.6495211541283, 20.805001736865147], [84.64951835444786, 20.80518230112983], [84.6497103830661, 20.805184933570903], [84.64970478408253, 20.80554606212722], [84.64951275500616, 20.80554342964123], [84.64950715544767, 20.805904558134664], [84.64941114068938, 20.80590324178836], [84.64940834074844, 20.806083806017114], [84.64950435561451, 20.80608512238138], [84.64950155576341, 20.806265686619113], [84.64969358574709, 20.80626831920392], [84.6496907860936, 20.8064488834686], [84.6498828163378, 20.80645151586476], [84.64988141660986, 20.806541798006087], [84.64949735592386, 20.80653653296224], [84.64949595596237, 20.806626815076616], [84.64920791034905, 20.8066228657233], [84.64920651020789, 20.806713147810726], [84.64911049496453, 20.80671183124883], [84.64910909476049, 20.806802113336254], [84.64891706417495, 20.806799480023813], [84.64891846449576, 20.806709197954355], [84.64882244927036, 20.806707881221776], [84.64881544731594, 20.80715929155111], [84.64871943181207, 20.807157974737684], [84.64872223273217, 20.806977410625713], [84.64833817125565, 20.80697214288692], [84.64834097260695, 20.806791578810884], [84.64814894213818, 20.806788944645042], [84.64815174368711, 20.806608380595957], [84.64795971347885, 20.80660574624147]]]}, "id": "+96+760", "properties": {"A00": -0.05907524586391125, "A01": -0.04836617728322497, "A02": 0.22168078040287456, "A03": 0.037613533642391096, "A04": -0.06663333191241379, "A05": 0.07967135115894651, "A06": -0.04904361157077087, "A07": 0.11199787653996943, "A08": -0.037864843098031696, "A09": 0.0069524788888085136, "A10": 0.12417377625716636, "A11": 0.010618220901868466, "A12": -0.28586875642514364, "A13": 0.07402541144837153, "A14": 0.04485169465864514, "A15": 0.15547781951421719, "A16": -0.06627937268031585, "A17": 0.0823042972657621, "A18": -0.12602137465327315, "A19": -0.10818496156103159, "A20": -0.309434218802876, "A21": 0.3316145862151671, "A22": 0.18942547962884257, "A23": 0.006663239601706696, "A24": 0.03838010722835972, "A25": 0.03487424151137344, "A26": 0.13545477826159139, "A27": -0.02963911077671713, "A28": -0.07804500273383645, "A29": 0.15807919422702144, "A30": 0.07491858446884696, "A31": 0.11740238816614518, "A32": -0.08593155877504433, "A33": -0.020615828131616342, "A34": 0.01152393558994472, "A35": 0.02623664110568041, "A36": -0.2091051263727702, "A37": 0.1306283614430088, "A38": 0.12769336683717802, "A39": -0.009727006911631194, "A40": 0.10967632361272359, "A41": 0.006072217175272575, "A42": -0.19607139162192883, "A43": 0.23480164444720786, "A44": 0.033833429325050395, "A45": 0.10998415555466165, "A46": 0.02841216828890438, "A47": 0.009314779819778437, "A48": -0.17104015692486135, "A49": -0.00838955056314883, "A50": -0.011300692654129061, "A51": 0.12107240593637801, "A52": -0.04536273735625788, "A53": -0.06569865486070954, "A54": 0.1982376070396851, "A55": -0.04214724300146383, "A56": -0.007438968096733439, "A57": -0.005997578865972761, "A58": -0.10414876446858606, "A59": -0.20014106685315416, "A60": -0.012165966206127614, "A61": -0.01563943138932516, "A62": 0.16429842168608322, "A63": 0.04836937485283903, "area_ha": 2.5754282226054257, "centroid_lat": 20.80584101974152, "centroid_lon": 84.64896051634412, "cluster_id": 4, "n_pixels": 258, "perim_m": 1179.5977262850956, "stand_id": 26, "stand_lbl": 24}}, {"type": "Feature", "geometry": {"type": "Polygon", "coordinates": [[[84.64672973830537, 20.805414952481495], [84.64673394284311, 20.805144106632444], [84.64702198513267, 20.80514805988445], [84.64702478776856, 20.804967495943156], [84.64712080177225, 20.80496881357405], [84.64712220302731, 20.804878531594422], [84.64721821696811, 20.804879849162432], [84.64721961816029, 20.804789567182805], [84.64731563205619, 20.804790884687932], [84.64731703318549, 20.80470060269932], [84.64741304702748, 20.80470192015055], [84.64741584914235, 20.804521356146378], [84.6476078766377, 20.80452399086019], [84.64761207940575, 20.804253144822493], [84.6481881610294, 20.80426104756256], [84.64818255869511, 20.804622175768532], [84.64808654484413, 20.804620858748493], [84.64808514418196, 20.804711140791003], [84.64798913027708, 20.804709823717065], [84.64798772955203, 20.804800105759576], [84.64779570166142, 20.80479747143204], [84.6477943008106, 20.804887753456583], [84.64769828682488, 20.804886436211966], [84.6476940840658, 20.805157282249667], [84.6477900982312, 20.80515859951225], [84.64778729646667, 20.805339163552354], [84.64788331074884, 20.80534048077002], [84.64788050907414, 20.80552104481911], [84.6477844946752, 20.80551972757449], [84.64778169285678, 20.805700291605614], [84.64768567835003, 20.805698974298114], [84.64768427737344, 20.805789256304692], [84.64778029193408, 20.80579057361219], [84.64777889100242, 20.805880855627752], [84.64768287638788, 20.80587953831127], [84.64768147539333, 20.805969820308864], [84.64777749007075, 20.805971137634327], [84.64777328721287, 20.80624198365406], [84.64738922786535, 20.806236713974908], [84.64739203023174, 20.80605615000667], [84.64700797145915, 20.806050879510046], [84.64701077425673, 20.80587031559571], [84.64691475969609, 20.805868997848034], [84.64691896400026, 20.805598151981016], [84.64682294961928, 20.80559683420639], [84.64682575256059, 20.805416270301034], [84.64672973830537, 20.805414952481495]]]}, "id": "+85+750", "properties": {"A00": -0.03562650819827306, "A01": -0.07298244607129455, "A02": 0.16385072359777336, "A03": 0.0586773530400709, "A04": -0.05537092689696204, "A05": 0.05365156900559129, "A06": -0.052801150095540074, "A07": 0.11752941651429373, "A08": -0.056430480899701284, "A09": 0.039677099546041796, "A10": 0.1025435157876439, "A11": 0.04365195589218287, "A12": -0.29947115132716673, "A13": 0.04591788926898324, "A14": 0.04950979287794651, "A15": 0.15074579894110002, "A16": -0.09001679665729542, "A17": 0.09847368716976843, "A18": -0.1142855434397333, "A19": -0.060941915125606726, "A20": -0.3277914165680672, "A21": 0.3169612500002974, "A22": 0.1999235340711217, "A23": 0.02434106185937961, "A24": 0.052426097174032335, "A25": 0.05649822131532771, "A26": 0.13889707340304808, "A27": -0.052282752398122585, "A28": -0.0681346650756987, "A29": 0.17595091888831554, "A30": 0.04328158768071608, "A31": 0.08491818605179682, "A32": -0.08355426340194615, "A33": -0.032414061674106924, "A34": 0.04984168367066173, "A35": 0.019816908702176613, "A36": -0.17674554375869744, "A37": 0.1006694601661062, "A38": 0.1661397368716147, "A39": -0.033899965697236495, "A40": 0.08814944426528314, "A41": 0.016278605686852052, "A42": -0.2061991948474302, "A43": 0.2516808341392268, "A44": 0.039926391573748436, "A45": 0.10949563965968534, "A46": 0.03601038693901421, "A47": -0.0021525949248727308, "A48": -0.17951345410162414, "A49": 0.04213997187103643, "A50": -0.01968204210666852, "A51": 0.10894415205970501, "A52": -0.04496914901883402, "A53": -0.07364194129207162, "A54": 0.2163201759840767, "A55": -0.06462073220676101, "A56": -0.007052322240405172, "A57": -0.016283934525148855, "A58": -0.14785989665727167, "A59": -0.205424663501526, "A60": -0.008354010010880163, "A61": -0.02589106339746003, "A62": 0.13477575039571735, "A63": 0.052135996775993065, "area_ha": 1.7035875412591133, "centroid_lat": 20.80526189645688, "centroid_lon": 84.64745971788837, "n_pixels": 170, "perim_m": 819.7197612303648, "stand_id": 27, "stand_lbl": 20}}, {"type": "Feature", "geometry": {"type": "Polygon", "coordinates": [[[84.64828977664872, 20.80390123625086], [84.6482939780693, 20.803630390051463], [84.64838999130943, 20.80363170689184], [84.64839419248747, 20.803360860665496], [84.64858621864433, 20.803363494148616], [84.64858761890225, 20.803273212052204], [84.64887565802974, 20.80327716185468], [84.6488742579335, 20.80336744396007], [84.64897027104786, 20.803368760459087], [84.64896887100552, 20.80345904257346], [84.64916089736, 20.803461675418777], [84.64916229729455, 20.803371393295418], [84.64945033671847, 20.803375342145678], [84.6494461374269, 20.80364618856965], [84.64935012410592, 20.803644872322167], [84.64934872427021, 20.803735154454507], [84.64915669752945, 20.803732521788852], [84.64915109765654, 20.80409365026432], [84.64934312484645, 20.804096282983874], [84.64934032508518, 20.804276847248556], [84.64972438001298, 20.80428211208579], [84.6497215806829, 20.80446267639539], [84.6502976639864, 20.804470572128597], [84.65029906331009, 20.804380289933373], [84.65039507716106, 20.80438160569577], [84.65039367789127, 20.804471887890994], [84.6506817196598, 20.804475834872758], [84.6506831187589, 20.804385552659564], [84.65087514653273, 20.80438818369927], [84.6508737475504, 20.804478465930426], [84.65077773360062, 20.80447715042854], [84.6507679401045, 20.805109125938838], [84.65086395444956, 20.805110441476653], [84.65086535348578, 20.805020159263464], [84.65124941072226, 20.805025420875747], [84.65124801191061, 20.805115703115884], [84.65144004068156, 20.805118333607616], [84.65143724327388, 20.805298898123826], [84.65162927230533, 20.805301528426913], [84.65163067090138, 20.805211246159825], [84.65201472882057, 20.80521650610124], [84.65201752553656, 20.80503594151316], [84.6522095543165, 20.80503857114251], [84.652212350763, 20.804858006527486], [84.6524043793453, 20.804860635905303], [84.65240717554028, 20.804680071263327], [84.65259920392495, 20.804682700407586], [84.65260479576692, 20.804321571060754], [84.6527968237204, 20.8043241999445], [84.65278843659975, 20.804865894032122], [84.65288445092683, 20.80486720842908], [84.65288165527086, 20.80504777313394], [84.65259361195722, 20.805043829745436], [84.65259081593294, 20.80522439440538], [84.65239878686553, 20.805221765189255], [84.652393194269, 20.805582894446257], [84.65220116477938, 20.80558026496064], [84.65219557160792, 20.80594139415476], [84.65200354168712, 20.80593876440863], [84.6520007448274, 20.806119328969757], [84.65142465456195, 20.80611143836593], [84.65142185698357, 20.80629200284621], [84.65103779650418, 20.806286741314775], [84.65103919552244, 20.806196459101585], [84.65084716543996, 20.80619382802595], [84.650848564566, 20.806103545821745], [84.64969638537362, 20.806087754939234], [84.64969778518238, 20.805997472806894], [84.64960177035225, 20.805996156559406], [84.64960317020594, 20.80590587443605], [84.64950715544767, 20.805904558134664], [84.64951275500616, 20.80554342964123], [84.64970478408253, 20.80554606212722], [84.6497103830661, 20.805184933570903], [84.64951835444786, 20.80518230112983], [84.6495211541283, 20.805001736865147], [84.64913709743979, 20.80499647139011], [84.64913989754243, 20.804815907179325], [84.64894786947217, 20.80481327414536], [84.64895066977243, 20.804632709943558], [84.64875864195369, 20.80463007672095], [84.64876424292254, 20.804268948371245], [84.64857221559788, 20.80426631497796], [84.64857501626646, 20.804085750821073], [84.64838298919332, 20.80408311724812], [84.64838579005952, 20.8039025531092], [84.64828977664872, 20.80390123625086]]]}, "id": "+123+750", "properties": {"A00": 0.010512430310357524, "A01": -0.06771829104998946, "A02": 0.12042525788397075, "A03": 0.041677433446241786, "A04": -0.04963770621323161, "A05": -0.017225988368529177, "A06": -0.09389441492019365, "A07": 0.17829012465447738, "A08": -0.09210684446087479, "A09": 0.030729607845105544, "A10": 0.12546262096598843, "A11": 0.04894714883757738, "A12": -0.30011013984294455, "A13": 0.03586922797704435, "A14": -0.010171881231945363, "A15": 0.10341097375480585, "A16": 0.012084329467378068, "A17": 0.008022516947527952, "A18": -0.11270987196944322, "A19": -0.033497480767140785, "A20": -0.3245382993811666, "A21": 0.2677068051718828, "A22": 0.2772522629277064, "A23": -0.0630959910889407, "A24": 0.05631762312494401, "A25": 0.06201132141222638, "A26": 0.16298315771820987, "A27": 0.018206458536454872, "A28": -0.04158916858831059, "A29": 0.18696165424892827, "A30": 0.05173730075166076, "A31": 0.09587206747223229, "A32": 0.04600165143626149, "A33": -0.017582738832554925, "A34": 0.019062854294398055, "A35": -0.07096870807737829, "A36": -0.17154718966465818, "A37": 0.04713416522120722, "A38": 0.14214858553338902, "A39": -0.09454733132955478, "A40": 0.05811540355582519, "A41": 0.023498214738285554, "A42": -0.1446062915913572, "A43": 0.341982117402862, "A44": 0.07183756050020167, "A45": 0.050590247835676984, "A46": -0.0057487245671415796, "A47": 0.0670320843977162, "A48": -0.13042980055614495, "A49": 0.05583900599010266, "A50": -0.0954555549532997, "A51": -0.0014908210870370688, "A52": -0.020642687514049393, "A53": -0.03084413912041607, "A54": 0.21545348219406202, "A55": -0.09892713758894957, "A56": -0.004680405515970729, "A57": -0.05596499573016891, "A58": -0.08376681197395056, "A59": -0.17279548435637865, "A60": 0.04817957303421997, "A61": -0.08690837573622721, "A62": 0.0727541531324409, "A63": 0.08308876488837164, "area_ha": 5.932515291104309, "centroid_lat": 20.805040650035178, "centroid_lon": 84.65041260408539, "cluster_id": 4, "n_pixels": 593, "perim_m": 2039.3069798216482, "stand_id": 28, "stand_lbl": 29}}, {"type": "Feature", "geometry": {"type": "Polygon", "coordinates": [[[84.65261038748311, 20.803960441695953], [84.65261597909151, 20.803599312304204], [84.65271199261012, 20.803600626728112], [84.65270919693617, 20.803781191432968], [84.6529012242249, 20.803783820128068], [84.65289982649124, 20.80387410249397], [84.65318786763993, 20.80387804516382], [84.65319206031091, 20.803607198012212], [84.65357611460092, 20.803612454072905], [84.65356493583977, 20.804334713314546], [84.65394899207911, 20.804339968719468], [84.65394619777061, 20.804520533568056], [84.65404221196295, 20.80452184730026], [84.65403941773529, 20.80470241215783], [84.65413543205338, 20.80470372584512], [84.65413263791557, 20.804884290711676], [84.65422865235044, 20.80488560436303], [84.65422725532645, 20.8049758868008], [84.65441928433096, 20.804978513941816], [84.65442068123818, 20.804888231495063], [84.65451669570001, 20.804889544975737], [84.65451809254435, 20.804799262520003], [84.65461410695228, 20.80480057594678], [84.65461550373372, 20.80471029348206], [84.65471151809675, 20.804711606845956], [84.65471431151592, 20.804531041898553], [84.65481032577114, 20.804532355199566], [84.6548061357951, 20.804803202629653], [84.65471012136919, 20.80480188931966], [84.6547045343961, 20.8051630191965], [84.6546085197546, 20.80516170579667], [84.65460153558683, 20.805613118084327], [84.65450552066686, 20.805611804603654], [84.65450132990928, 20.805882651952892], [84.65440531481862, 20.80588133840035], [84.6544011238185, 20.806152185713657], [84.65430510857513, 20.80615087208925], [84.65430231441934, 20.806331436946824], [84.65420629906818, 20.806330123259535], [84.65420350476865, 20.806510688099138], [84.65410748930968, 20.806509374339985], [84.65410469487541, 20.806689939170607], [84.65400867929968, 20.80668862533959], [84.65400728201516, 20.806778907750406], [84.6539112663945, 20.80677759386549], [84.65390986904711, 20.806867876267326], [84.65371783771596, 20.806865248317827], [84.65371923518013, 20.806774965933958], [84.65362321958642, 20.806773651887344], [84.65362461709552, 20.806683369512456], [84.65352860156469, 20.806682055420925], [84.6535341917807, 20.806320925912395], [84.65372622240218, 20.80632355398766], [84.65372901723171, 20.806142989201952], [84.65382503243914, 20.806144303149754], [84.65382642978653, 20.8060540207569], [84.65392244494006, 20.80605533464182], [84.65392663677562, 20.805784487418343], [84.65402265176746, 20.805785801231394], [84.6540254461658, 20.805605236400773], [84.65431349084487, 20.805609177480605], [84.65431628487491, 20.805428612605066], [84.65412425531343, 20.805425985293372], [84.65412704954109, 20.8052454204358], [84.65403103489062, 20.80524410671258], [84.65403243204936, 20.805153824292777], [84.65393641745278, 20.805152510515658], [84.65393502024014, 20.80524279293546], [84.65364697633362, 20.805238851280706], [84.65365256584894, 20.804877721682345], [84.65278843659975, 20.804865894032122], [84.6527996193674, 20.80414363523066], [84.65270360549844, 20.8041423208337], [84.65270640123528, 20.803961756137827], [84.65261038748311, 20.803960441695953]]]}, "id": "+149+756", "properties": {"A00": -0.021915397914219627, "A01": -0.06954845297511938, "A02": 0.1671993311635554, "A03": 0.04382863497496832, "A04": -0.05288654143365523, "A05": 0.04259204450075724, "A06": -0.07437598761868564, "A07": 0.1473504454026747, "A08": -0.07315353750708686, "A09": 0.030253230202927084, "A10": 0.1328147825045525, "A11": 0.04743354204487909, "A12": -0.2901508243764517, "A13": 0.060694836652423284, "A14": 0.02173703091046033, "A15": 0.13247383510049685, "A16": -0.044237611323666576, "A17": 0.04017253611737804, "A18": -0.13082700471493153, "A19": -0.03646000541953125, "A20": -0.3246889907815726, "A21": 0.3056902884096287, "A22": 0.22692732021474823, "A23": -0.030558803731557446, "A24": 0.03345215590396466, "A25": 0.033798995649867325, "A26": 0.148953741392601, "A27": -0.010177412171077588, "A28": -0.06467643715259964, "A29": 0.18505691463993207, "A30": 0.045115094337891126, "A31": 0.0972697745936396, "A32": -0.045728697836424276, "A33": -0.024593713925836036, "A34": 0.030695385530396427, "A35": -0.009951372269017832, "A36": -0.1858298886357064, "A37": 0.08312747890280954, "A38": 0.12391734932349857, "A39": -0.05881573823958362, "A40": 0.05073980070795712, "A41": 0.017476728164395806, "A42": -0.1618795170482922, "A43": 0.28950630474544925, "A44": 0.04614721940156848, "A45": 0.11792612064199776, "A46": 0.03222462720565072, "A47": 0.0312790783324884, "A48": -0.1531222834037361, "A49": 0.0052534103566511114, "A50": -0.05619433067279194, "A51": 0.05271617170689243, "A52": -0.037765703145966334, "A53": -0.06284570617369051, "A54": 0.21351932792425776, "A55": -0.08773115295493462, "A56": -0.027417643980752367, "A57": -0.03671237984313572, "A58": -0.08781365052597818, "A59": -0.1908958682986266, "A60": 0.007933678861049483, "A61": -0.06034205493545441, "A62": 0.14206947332923953, "A63": 0.045730875916566376, "area_ha": 2.775867522878918, "centroid_lat": 20.805032310802993, "centroid_lon": 84.65371691249, "cluster_id": 2, "n_pixels": 278, "perim_m": 1519.4863378246991, "stand_id": 29, "stand_lbl": 34}}, {"type": "Feature", "geometry": {"type": "Polygon", "coordinates": [[[84.6468327597971, 20.80496486052866], [84.64684677371316, 20.804062040894074], [84.64703880054375, 20.804064676191793], [84.64704160300896, 20.803884112223553], [84.64761768299768, 20.803892016751266], [84.64763029062811, 20.80307947852139], [84.64772630347298, 20.803080795703124], [84.64772770423396, 20.802990513660614], [84.64782371702493, 20.80299183077947], [84.6478153127285, 20.80353352301656], [84.6479113258698, 20.803534840117447], [84.64790852449156, 20.803715404202467], [84.64800453775862, 20.80371672126742], [84.64799613379456, 20.804258413531464], [84.64761207940575, 20.804253144822493], [84.6476078766377, 20.80452399086019], [84.64741584914235, 20.804521356146378], [84.64741304702748, 20.80470192015055], [84.64731703318549, 20.80470060269932], [84.64731563205619, 20.804790884687932], [84.64721961816029, 20.804789567182805], [84.64721821696811, 20.804879849162432], [84.64712220302731, 20.804878531594422], [84.64712080177225, 20.80496881357405], [84.6468327597971, 20.80496486052866]]]}, "id": "+78+736", "properties": {"A00": -0.06949243933548772, "A01": -0.04232770561438348, "A02": 0.2003716017782007, "A03": 0.03523585263234473, "A04": -0.06017075268628859, "A05": 0.08170975764229413, "A06": -0.0390108916064965, "A07": 0.10969647398679463, "A08": -0.015191563942534264, "A09": 0.0107995053012705, "A10": 0.10620508105401812, "A11": 0.024400331081577874, "A12": -0.28370050694642046, "A13": 0.05348608085431574, "A14": 0.06481814366719305, "A15": 0.16879811784286197, "A16": -0.10554617424430802, "A17": 0.10183128392972791, "A18": -0.11777845900933849, "A19": -0.10327841812704638, "A20": -0.3101697238002747, "A21": 0.329761896452043, "A22": 0.16215997035918864, "A23": 0.03644450475307387, "A24": 0.05789979589248248, "A25": 0.04029575879763629, "A26": 0.140355458661824, "A27": -0.05640698070785738, "A28": -0.09408428150956419, "A29": 0.14718408895186902, "A30": 0.05872108968575066, "A31": 0.10529627320065078, "A32": -0.12019265183742257, "A33": -0.0168591890484968, "A34": 0.04070470505490895, "A35": 0.04559590350835256, "A36": -0.19601041955549714, "A37": 0.13300709020321314, "A38": 0.14702282239706538, "A39": 0.008617091813509484, "A40": 0.1086497270204677, "A41": 0.006436449191869365, "A42": -0.21160816931575724, "A43": 0.21949870019506532, "A44": 0.02344936733628243, "A45": 0.11782783913920881, "A46": 0.03404018526347042, "A47": -0.01597691251291482, "A48": -0.16643174575865471, "A49": 0.004859296948153394, "A50": 0.02215224997478976, "A51": 0.1664218980153483, "A52": -0.05122287267958502, "A53": -0.07609906636202815, "A54": 0.201042665975757, "A55": -0.030806346651402357, "A56": -0.0012192766775752108, "A57": 0.0029587279214376904, "A58": -0.14866956887948354, "A59": -0.21264122190402235, "A60": -0.026096970237231478, "A61": 0.005762405076146942, "A62": 0.1308065684495846, "A63": 0.06371827967555002, "area_ha": 1.1724692273325574, "centroid_lat": 20.80415416460177, "centroid_lon": 84.64740143747983, "n_pixels": 117, "perim_m": 679.7673954108998, "stand_id": 30, "stand_lbl": 18}}, {"type": "Feature", "geometry": {"type": "Polygon", "coordinates": [[[84.6463653051256, 20.80414573365923], [84.64637651805867, 20.803423478136615], [84.6464725310293, 20.803424796037003], [84.64647953858022, 20.802973386264625], [84.64657555128136, 20.802974704084164], [84.6465797555496, 20.802703858190196], [84.64667576808904, 20.80270517592889], [84.64667716943393, 20.802614893958243], [84.64677318191947, 20.802616211643034], [84.64677458321047, 20.802525929663407], [84.6472546454585, 20.802532517233963], [84.6472588484152, 20.802261671196263], [84.64735486072108, 20.802262988530714], [84.6473632660955, 20.801721296392433], [84.64755529003351, 20.80172393082777], [84.64755248850255, 20.801904494903805], [84.64764850059284, 20.801905812049608], [84.64764289766566, 20.80226694021965], [84.64783492233131, 20.802269574403454], [84.64782931973652, 20.802630702600442], [84.64802134489624, 20.802633336622552], [84.64801854377849, 20.802813900743505], [84.64849860736501, 20.80282048491843], [84.64849580679525, 20.803001049093282], [84.6485918196491, 20.803002365780944], [84.64858901916018, 20.80318292996478], [84.64839699322792, 20.803180296508607], [84.64838999130943, 20.80363170689184], [84.6482939780693, 20.803630390051463], [84.64828977664872, 20.80390123625086], [84.64838579005952, 20.8039025531092], [84.64838298919332, 20.80408311724812], [84.64857501626646, 20.804085750821073], [84.64857081525011, 20.8043565970564], [84.64847480154286, 20.80435528027891], [84.64847060029297, 20.804626126487285], [84.64856661417089, 20.804627443282744], [84.64855821180583, 20.805169135708486], [84.64846219758654, 20.805167818877095], [84.64845939662152, 20.805348382998048], [84.64836338229443, 20.80534706609479], [84.64835778004998, 20.805708194300763], [84.64826176549832, 20.805706877316656], [84.64825896421888, 20.805887441401676], [84.64816294955942, 20.80588612435469], [84.64816014813626, 20.806066688421744], [84.64777608912112, 20.806061419640905], [84.64777749007075, 20.805971137634327], [84.64768147539333, 20.805969820308864], [84.64768287638788, 20.80587953831127], [84.64777889100242, 20.805880855627752], [84.64778029193408, 20.80579057361219], [84.64768427737344, 20.805789256304692], [84.64768567835003, 20.805698974298114], [84.64778169285678, 20.805700291605614], [84.6477844946752, 20.80551972757449], [84.64788050907414, 20.80552104481911], [84.64788331074884, 20.80534048077002], [84.64778729646667, 20.805339163552354], [84.6477900982312, 20.80515859951225], [84.6476940840658, 20.805157282249667], [84.64769828682488, 20.804886436211966], [84.6477943008106, 20.804887753456583], [84.64779570166142, 20.80479747143204], [84.64798772955203, 20.804800105759576], [84.64798913027708, 20.804709823717065], [84.64808514418196, 20.804711140791003], [84.64808654484413, 20.804620858748493], [84.64818255869511, 20.804622175768532], [84.6481881610294, 20.80426104756256], [84.64799613379456, 20.804258413531464], [84.64800453775862, 20.80371672126742], [84.64790852449156, 20.803715404202467], [84.6479113258698, 20.803534840117447], [84.6478153127285, 20.80353352301656], [84.64782371702493, 20.80299183077947], [84.64772770423396, 20.802990513660614], [84.64772630347298, 20.803080795703124], [84.64763029062811, 20.80307947852139], [84.64761768299768, 20.803892016751266], [84.64704160300896, 20.803884112223553], [84.64703880054375, 20.804064676191793], [84.64684677371316, 20.804062040894074], [84.6468327597971, 20.80496486052866], [84.64702478776856, 20.804967495943156], [84.64702198513267, 20.80514805988445], [84.64663792875857, 20.805142788776973], [84.64664213339512, 20.804871942945887], [84.64654611949024, 20.804870625054484], [84.6465503242346, 20.80459977923238], [84.64645431050938, 20.804598461305044], [84.64646131855437, 20.80414705160453], [84.6463653051256, 20.80414573365923]]]}, "id": "+89+748", "properties": {"A00": -0.05860364150825646, "A01": -0.04762625248519789, "A02": 0.19915113003934976, "A03": 0.03771682500916742, "A04": -0.061792760470666036, "A05": 0.0735945055448785, "A06": -0.045563532769960675, "A07": 0.11145776330882255, "A08": -0.037590307223551556, "A09": 0.007188721097859492, "A10": 0.11288592713386449, "A11": 0.011657341102129614, "A12": -0.28994426348772084, "A13": 0.06541337476441692, "A14": 0.04946675739822981, "A15": 0.15550933047575244, "A16": -0.086787259116244, "A17": 0.09054115300507524, "A18": -0.12043022711971192, "A19": -0.08866120331371757, "A20": -0.30830798676100346, "A21": 0.3362024415948254, "A22": 0.18178876271417263, "A23": 0.021291881869881842, "A24": 0.04866650077242265, "A25": 0.047752362750183346, "A26": 0.13515374183883747, "A27": -0.04629086757525041, "A28": -0.08070057848779845, "A29": 0.1597693105946726, "A30": 0.06372458938747028, "A31": 0.10402262871457282, "A32": -0.10663248375572443, "A33": -0.020992375329239584, "A34": 0.03730060214596867, "A35": 0.026317462339091578, "A36": -0.2054449515395338, "A37": 0.13220486770046216, "A38": 0.14088350433976773, "A39": -0.0067565811767381495, "A40": 0.10096159231796306, "A41": 0.0015595219529997953, "A42": -0.20226100252605117, "A43": 0.22952185268643058, "A44": 0.025140133071540584, "A45": 0.11553017306307142, "A46": 0.03404577131366647, "A47": 0.0016624508939864877, "A48": -0.16832606343841264, "A49": -0.002353467386420676, "A50": 0.008849198143582973, "A51": 0.14120116477551228, "A52": -0.04799781528089475, "A53": -0.07227926648344646, "A54": 0.206096982691178, "A55": -0.044440337515441235, "A56": -0.00797745472386414, "A57": -0.0034652327975527994, "A58": -0.12786957247677624, "A59": -0.2017514497786281, "A60": -0.014934675166384869, "A61": -0.007132413074068053, "A62": 0.1447467363928508, "A63": 0.05929143667661149, "area_ha": 4.890299688737939, "centroid_lat": 20.80379582485293, "centroid_lon": 84.64752550350858, "cluster_id": 2, "n_pixels": 489, "perim_m": 2179.2544304291528, "stand_id": 31, "stand_lbl": 21}}, {"type": "Feature", "geometry": {"type": "MultiPolygon", "coordinates": [[[[84.64916229729455, 20.803371393295418], [84.64916509712769, 20.80319082903972], [84.64926111014324, 20.803192145359073], [84.64926250999693, 20.80310186322673], [84.64935852296756, 20.803103179492183], [84.64936272229507, 20.802832333059225], [84.649458735104, 20.802833649252815], [84.64946013481396, 20.802743367102504], [84.649556147569, 20.80274468323321], [84.6495575472071, 20.80265440107392], [84.64974957263631, 20.802657033164653], [84.64975237166097, 20.802476468819123], [84.64994439689256, 20.80247910067629], [84.64994719566569, 20.802298536294828], [84.65013922069068, 20.80230116790945], [84.65014201920329, 20.802120603501038], [84.65033404403064, 20.802123234873118], [84.65032984658959, 20.80239408152167], [84.65042585919191, 20.802395397140337], [84.65042446008383, 20.80248567936251], [84.6503284474276, 20.80248436373486], [84.65032285070778, 20.802845492569656], [84.65051487647837, 20.802848123824955], [84.65051627555951, 20.80275784160278], [84.65070830124924, 20.8027604726335], [84.65070970020462, 20.802670190402342], [84.65090172580452, 20.802672821208485], [84.65090452346374, 20.802492256710238], [84.65109654887499, 20.802494887273834], [84.6510993462737, 20.80231432274864], [84.6514833967189, 20.80231958318413], [84.65148479518021, 20.80222930089009], [84.65167682033095, 20.80223193077995], [84.65167542198643, 20.80232221307399], [84.65205947260232, 20.80232747222489], [84.65205667634447, 20.802508036875846], [84.65215268913543, 20.802509351533317], [84.65215129104244, 20.802599633863284], [84.65224730389629, 20.802600948484823], [84.65224031364693, 20.80305236014366], [84.65233632678823, 20.803053674738248], [84.65233353075496, 20.80323423940717], [84.65242954402204, 20.803235553956842], [84.65242674806063, 20.80341611863475], [84.6526187748463, 20.80341874760833], [84.65261038748311, 20.803960441695953], [84.65270640123528, 20.803961756137827], [84.65270360549844, 20.8041423208337], [84.6527996193674, 20.80414363523066], [84.6527968237204, 20.8043241999445], [84.65260479576692, 20.804321571060754], [84.65259920392495, 20.804682700407586], [84.65240717554028, 20.804680071263327], [84.6524043793453, 20.804860635905303], [84.652212350763, 20.804858006527486], [84.6522095543165, 20.80503857114251], [84.65201752553656, 20.80503594151316], [84.65201472882057, 20.80521650610124], [84.65163067090138, 20.805211246159825], [84.65162927230533, 20.805301528426913], [84.65143724327388, 20.805298898123826], [84.65144004068156, 20.805118333607616], [84.65124801191061, 20.805115703115884], [84.65124941072226, 20.805025420875747], [84.65086535348578, 20.805020159263464], [84.65086395444956, 20.805110441476653], [84.6507679401045, 20.805109125938838], [84.65077773360062, 20.80447715042854], [84.6508737475504, 20.804478465930426], [84.65087514653273, 20.80438818369927], [84.6506831187589, 20.804385552659564], [84.6506817196598, 20.804475834872758], [84.65039367789127, 20.804471887890994], [84.65039507716106, 20.80438160569577], [84.65029906331009, 20.804380289933373], [84.6502976639864, 20.804470572128597], [84.6497215806829, 20.80446267639539], [84.64972438001298, 20.80428211208579], [84.64934032508518, 20.804276847248556], [84.64934312484645, 20.804096282983874], [84.64915109765654, 20.80409365026432], [84.64915669752945, 20.803732521788852], [84.64934872427021, 20.803735154454507], [84.64935012410592, 20.803644872322167], [84.6494461374269, 20.80364618856965], [84.64945033671847, 20.803375342145678], [84.64916229729455, 20.803371393295418]]], [[[84.64916229729455, 20.803371393295418], [84.64916089736, 20.803461675418777], [84.64896887100552, 20.80345904257346], [84.64897027104786, 20.803368760459087], [84.64916229729455, 20.803371393295418]]]]}, "id": "+125+739", "properties": {"A00": 0.04268953059615202, "A01": -0.07754339736055677, "A02": 0.1333722991313678, "A03": 0.024434951061356527, "A04": -0.03488043050394003, "A05": -0.05486374338292388, "A06": -0.09716673442144828, "A07": 0.20512792678389194, "A08": -0.09527192342713758, "A09": 0.0562645615585629, "A10": 0.10241032106928719, "A11": 0.07853584972180744, "A12": -0.2978171690951659, "A13": 0.02538350017361691, "A14": -0.05067823011248197, "A15": 0.08263765770256618, "A16": -0.011758126800719722, "A17": 0.025939511480202782, "A18": -0.06838220487961177, "A19": -0.03542343311395057, "A20": -0.3322376545750179, "A21": 0.30466926710025233, "A22": 0.29344874589502695, "A23": -0.07915029466359752, "A24": 0.054833900723389846, "A25": 0.036148826374301314, "A26": 0.1419081610743146, "A27": 0.06106329072400224, "A28": -0.02979148783594778, "A29": 0.16088989176431445, "A30": 0.048217322398199154, "A31": 0.0978737999822199, "A32": 0.03645777034796751, "A33": -0.01902268598095055, "A34": 0.020099827480652224, "A35": -0.08669956441163419, "A36": -0.16938626464290885, "A37": -0.0066348826789055905, "A38": 0.14976123254822893, "A39": -0.08693536344450918, "A40": 0.04632735626877888, "A41": 0.05314409082686362, "A42": -0.12513876382779038, "A43": 0.34005306642321204, "A44": 0.053601785566569346, "A45": 0.042938479596876036, "A46": -0.027042788608561522, "A47": 0.05374480751444231, "A48": -0.12884214012457434, "A49": 0.04013163804814497, "A50": -0.10444201537814142, "A51": 0.009228585877898949, "A52": -0.007378755409103443, "A53": -0.07041502519449844, "A54": 0.17474275716224713, "A55": -0.09912488504923617, "A56": -0.004274663949752942, "A57": -0.0371155791473931, "A58": -0.1039580307587355, "A59": -0.15117887015657397, "A60": 0.0574213527681894, "A61": -0.1000790573252298, "A62": 0.03304720080525733, "A63": 0.06578164610332646, "area_ha": 8.467872242808511, "centroid_lat": 20.80367507931622, "centroid_lon": 84.65104354510368, "cluster_id": 3, "n_pixels": 847, "perim_m": 1819.381960819894, "stand_id": 32, "stand_lbl": 30}}, {"type": "Feature", "geometry": {"type": "Polygon", "coordinates": [[[84.65224031364693, 20.80305236014366], [84.65224870192641, 20.802510666145867], [84.65244072754427, 20.802513295209277], [84.65244212544862, 20.80242301286134], [84.65253813821263, 20.802424327303214], [84.65253953605409, 20.802334044946292], [84.6535956762876, 20.80234850022262], [84.65359707349126, 20.802258217793835], [84.65398112448445, 20.802263472623835], [84.65398252145455, 20.802173190177083], [84.65417454688377, 20.80217581725522], [84.65417594373709, 20.8020855347905], [84.65427195640228, 20.802086848244226], [84.65427335318374, 20.801996565770523], [84.65436936580402, 20.80199787917035], [84.65436796907647, 20.802088161644054], [84.65446398175963, 20.80208947498998], [84.65445839499316, 20.80245060492072], [84.65455440791887, 20.802451918230716], [84.65455021793383, 20.80272276568775], [84.65464623103023, 20.802724078970797], [84.65464064452426, 20.8030852089195], [84.65473665785422, 20.8030865221756], [84.65473246805783, 20.80335736964162], [84.65482848156745, 20.803358682861784], [84.65482010212739, 20.803900377802808], [84.65491611598736, 20.803901691005006], [84.65491052976884, 20.80426282098066], [84.65481451568431, 20.804261507751512], [84.65481032577114, 20.804532355199566], [84.65471431151592, 20.804531041898553], [84.65471151809675, 20.804711606845956], [84.65461550373372, 20.80471029348206], [84.65461410695228, 20.80480057594678], [84.65451809254435, 20.804799262520003], [84.65451669570001, 20.804889544975737], [84.65442068123818, 20.804888231495063], [84.65441928433096, 20.804978513941816], [84.65422725532645, 20.8049758868008], [84.65422865235044, 20.80488560436303], [84.65413263791557, 20.804884290711676], [84.65413543205338, 20.80470372584512], [84.65403941773529, 20.80470241215783], [84.65404221196295, 20.80452184730026], [84.65394619777061, 20.804520533568056], [84.65394899207911, 20.804339968719468], [84.65356493583977, 20.804334713314546], [84.65357611460092, 20.803612454072905], [84.65319206031091, 20.803607198012212], [84.65318786763993, 20.80387804516382], [84.65289982649124, 20.80387410249397], [84.6529012242249, 20.803783820128068], [84.65270919693617, 20.803781191432968], [84.65271199261012, 20.803600626728112], [84.65261597909151, 20.803599312304204], [84.6526187748463, 20.80341874760833], [84.65242674806063, 20.80341611863475], [84.65242954402204, 20.803235553956842], [84.65233353075496, 20.80323423940717], [84.65233632678823, 20.803053674738248], [84.65224031364693, 20.80305236014366]]]}, "id": "+154+735", "properties": {"A00": 1.1256899877949465e-05, "A01": -0.0449842015622989, "A02": 0.124349837708318, "A03": 0.036001473269141084, "A04": -0.05400338169343334, "A05": -0.012945728500131525, "A06": -0.10325187911062662, "A07": 0.18605366109149776, "A08": -0.08034189879647698, "A09": 0.01818959379870449, "A10": 0.13348741901266348, "A11": 0.04209314185488972, "A12": -0.2881954867713092, "A13": 0.026849637159611507, "A14": -0.009333083425209752, "A15": 0.11197360163925578, "A16": 0.018342507104679658, "A17": 0.012423316015009688, "A18": -0.11964412278517468, "A19": -0.04603290900704184, "A20": -0.3447146199450421, "A21": 0.27548665903276215, "A22": 0.2589177117735415, "A23": -0.06727753917162144, "A24": 0.0599561432235673, "A25": 0.057673590883715216, "A26": 0.15981852762073537, "A27": 0.02157455353565456, "A28": -0.04611588057596933, "A29": 0.19110149009884536, "A30": 0.04046679628231693, "A31": 0.11590899715926442, "A32": 0.03691276272563378, "A33": 0.006803902251277748, "A34": 0.013872112974871939, "A35": -0.07943856542888245, "A36": -0.1755225154735979, "A37": 0.04713355529071185, "A38": 0.12802215965108052, "A39": -0.08055639212547056, "A40": 0.06873845272318585, "A41": 0.03791455553855631, "A42": -0.13320996952632683, "A43": 0.338126361363957, "A44": 0.07853452783477932, "A45": 0.051595841659922204, "A46": 0.00229856475666465, "A47": 0.07129961466643044, "A48": -0.11657457963044572, "A49": 0.03342985706768951, "A50": -0.07483802917513276, "A51": 0.0015786533223585818, "A52": -0.01438182049298939, "A53": -0.031481000558537975, "A54": 0.20805816887616727, "A55": -0.09804822074656562, "A56": 0.0023545421919939575, "A57": -0.05861925174439716, "A58": -0.07006721287756482, "A59": -0.16356591735166, "A60": 0.02833676306799305, "A61": -0.09471042638488475, "A62": 0.08080818283115782, "A63": 0.08023527140336925, "area_ha": 5.180952708868405, "centroid_lat": 20.803322108651166, "centroid_lon": 84.65374453481817, "cluster_id": 4, "n_pixels": 518, "perim_m": 1279.567470594887, "stand_id": 33, "stand_lbl": 35}}, {"type": "Feature", "geometry": {"type": "MultiPolygon", "coordinates": [[[[84.64677458321047, 20.802525929663407], [84.6467773857655, 20.80234536570415], [84.64687339808037, 20.80234668330809], [84.64687479929052, 20.802256401319482], [84.64697081156045, 20.802257718869527], [84.64697221270772, 20.802167436880914], [84.64706822492377, 20.802168754368076], [84.64707102707456, 20.801988190354923], [84.6471670391918, 20.8019895077792], [84.64716844019533, 20.801899225772623], [84.64726445225865, 20.80190054313402], [84.64726585319931, 20.80181026111846], [84.64736186521773, 20.801811578416977], [84.64735486072108, 20.802262988530714], [84.6472588484152, 20.802261671196263], [84.6472546454585, 20.802532517233963], [84.64677458321047, 20.802525929663407]]], [[[84.64677458321047, 20.802525929663407], [84.64677318191947, 20.802616211643034], [84.64667716943393, 20.802614893958243], [84.64667857077883, 20.802524611987597], [84.64677458321047, 20.802525929663407]]]]}, "id": "+74+710", "properties": {"A00": -0.031872681658549284, "A01": -0.07041095299421116, "A02": 0.19180922667362238, "A03": 0.057688481311193175, "A04": -0.04961595677194439, "A05": 0.04301737652830973, "A06": -0.05045930122459422, "A07": 0.13285172783962113, "A08": -0.06895125992021675, "A09": 0.00022606404208873768, "A10": 0.07762178142951405, "A11": 0.022640438889434695, "A12": -0.31490793210467033, "A13": 0.058298434153640374, "A14": 0.028107242044418657, "A15": 0.12923231589158674, "A16": -0.08194579734075508, "A17": 0.11270684749993311, "A18": -0.09121089090278627, "A19": -0.052407588907829344, "A20": -0.31160243841159674, "A21": 0.33508092907950665, "A22": 0.22911146916748312, "A23": 0.011210187534244603, "A24": 0.061480341119118195, "A25": 0.058085576726426356, "A26": 0.14835245233533417, "A27": -0.0519515512088076, "A28": -0.0732013357804291, "A29": 0.18137602042192258, "A30": 0.048880961716503385, "A31": 0.0888732601791748, "A32": -0.07829102197238014, "A33": -0.01948900379911286, "A34": 0.04519369211431418, "A35": -0.013252262796663309, "A36": -0.17797571682786428, "A37": 0.10357565441609329, "A38": 0.1417768840818872, "A39": -0.05006157904531405, "A40": 0.08006178918537092, "A41": 0.006201156125479063, "A42": -0.19998501407163627, "A43": 0.2490627629851887, "A44": 0.03601997657190812, "A45": 0.11293902597350253, "A46": 0.014857659012258516, "A47": -0.01597773789817427, "A48": -0.17032212973448205, "A49": 0.03933811697064113, "A50": -0.016893306461173024, "A51": 0.12184493359548086, "A52": -0.056762097586361256, "A53": -0.0787005189588899, "A54": 0.20879001128923919, "A55": -0.06715669795838403, "A56": -0.010848137978901485, "A57": -0.008882228476282804, "A58": -0.13321216730776794, "A59": -0.18724204859709054, "A60": 0.000785637590438352, "A61": -0.014985495200092942, "A62": 0.11444416640494914, "A63": 0.049749773681596166, "area_ha": 0.2805908706182669, "centroid_lat": 20.802259553941653, "centroid_lon": 84.64710454339533, "n_pixels": 28, "perim_m": 319.8905193395044, "stand_id": 34, "stand_lbl": 27}}, {"type": "Feature", "geometry": {"type": "Polygon", "coordinates": [[[84.64745927806001, 20.80172261363705], [84.6474620796808, 20.801542049569996], [84.64755809153752, 20.80154336675173], [84.64755949228055, 20.80145308470922], [84.64765550409234, 20.801454401828074], [84.64765690477249, 20.80136411977658], [84.6477529165304, 20.80136543683255], [84.64775431713866, 20.80127515478106], [84.64794634057363, 20.80127778872232], [84.64794774105614, 20.80118750665286], [84.6480437527242, 20.80118882353815], [84.64804515315282, 20.80109854145971], [84.64814116477598, 20.801099858282118], [84.64814256513273, 20.801009576203672], [84.64833458828022, 20.80101220967781], [84.64833598852019, 20.800921927581403], [84.64852801158683, 20.80092456083096], [84.64852381118135, 20.801195407156122], [84.64861982289433, 20.801196723718018], [84.64861562259665, 20.80146757005216], [84.6487116344893, 20.801468886578125], [84.64871023443798, 20.801559168701484], [84.64861422248245, 20.801557852166535], [84.64860862195377, 20.801918980597087], [84.64870463413389, 20.80192029715], [84.64870323403765, 20.802010579264376], [84.64879924628065, 20.802011895772374], [84.64879784623831, 20.802102177886752], [84.64918189550673, 20.80210744342467], [84.64918049567999, 20.802197725565996], [84.64927650807569, 20.802199041822465], [84.64927790783955, 20.80210875967216], [84.64937392019034, 20.802110075865745], [84.64937671958332, 20.80192951156513], [84.64947273181733, 20.801930827695834], [84.64947413144644, 20.80184054552756], [84.64957014363553, 20.801841861595385], [84.64957154320176, 20.801751579427112], [84.65033964051689, 20.801762106011374], [84.6503424387151, 20.801581541567028], [84.65053446288668, 20.801584172651648], [84.65054005873513, 20.801223043709054], [84.6507320824845, 20.80122567452418], [84.65073488013473, 20.80104511001695], [84.6509269036775, 20.801047740598513], [84.65092970107621, 20.800867176064337], [84.65083368940813, 20.80086586081398], [84.6508364868877, 20.800685296288783], [84.65131654471601, 20.80069187194768], [84.65131374780239, 20.800872436526774], [84.65188981812524, 20.80088032562143], [84.65189261434715, 20.80069976096149], [84.65208463762042, 20.80070239019558], [84.6520860356056, 20.800612107856622], [84.65237407040321, 20.800616051299023], [84.65237546820875, 20.80052576893312], [84.65247147976902, 20.80052708330313], [84.65246029755833, 20.801249342230356], [84.65265232160414, 20.80125197090749], [84.65264393531892, 20.801793665138845], [84.6524519105814, 20.801791036389847], [84.65244911487153, 20.801971601103688], [84.65225708993638, 20.801968972112142], [84.652254293966, 20.802149536799035], [84.65215828139961, 20.802148222213432], [84.65215688334256, 20.802238504543404], [84.65206087072227, 20.802237189894917], [84.65205947260232, 20.80232747222489], [84.65167542198643, 20.80232221307399], [84.65167682033095, 20.80223193077995], [84.65148479518021, 20.80222930089009], [84.6514833967189, 20.80231958318413], [84.6510993462737, 20.80231432274864], [84.65109654887499, 20.802494887273834], [84.65090452346374, 20.802492256710238], [84.65090172580452, 20.802672821208485], [84.65070970020462, 20.802670190402342], [84.65070830124924, 20.8027604726335], [84.65051627555951, 20.80275784160278], [84.65051487647837, 20.802848123824955], [84.65032285070778, 20.802845492569656], [84.6503284474276, 20.80248436373486], [84.65042446008383, 20.80248567936251], [84.65042585919191, 20.802395397140337], [84.65032984658959, 20.80239408152167], [84.65033404403064, 20.802123234873118], [84.65014201920329, 20.802120603501038], [84.65013922069068, 20.80230116790945], [84.64994719566569, 20.802298536294828], [84.64994439689256, 20.80247910067629], [84.64975237166097, 20.802476468819123], [84.64974957263631, 20.802657033164653], [84.6495575472071, 20.80265440107392], [84.649556147569, 20.80274468323321], [84.64946013481396, 20.802743367102504], [84.649458735104, 20.802833649252815], [84.64936272229507, 20.802832333059225], [84.64935852296756, 20.803103179492183], [84.64926250999693, 20.80310186322673], [84.64926111014324, 20.803192145359073], [84.64916509712769, 20.80319082903972], [84.64916229729455, 20.803371393295418], [84.6488742579335, 20.80336744396007], [84.64887565802974, 20.80327716185468], [84.64858761890225, 20.803273212052204], [84.64858621864433, 20.803363494148616], [84.64839419248747, 20.803360860665496], [84.64839699322792, 20.803180296508607], [84.64858901916018, 20.80318292996478], [84.6485918196491, 20.803002365780944], [84.64849580679525, 20.803001049093282], [84.64849860736501, 20.80282048491843], [84.64801854377849, 20.802813900743505], [84.64802134489624, 20.802633336622552], [84.64782931973652, 20.802630702600442], [84.64783492233131, 20.802269574403454], [84.64764289766566, 20.80226694021965], [84.64764850059284, 20.801905812049608], [84.64755248850255, 20.801904494903805], [84.64755529003351, 20.80172393082777], [84.64745927806001, 20.80172261363705]]]}, "id": "+99+718", "properties": {"A00": -0.023325695213383846, "A01": -0.05740284070288961, "A02": 0.18801080524369343, "A03": 0.032767120336129024, "A04": -0.050332559805851024, "A05": 0.02262659892564381, "A06": -0.06796432361921996, "A07": 0.15465992541984458, "A08": -0.06852858891398167, "A09": 0.017196935138643087, "A10": 0.11310646834448826, "A11": 0.03311781128860095, "A12": -0.28570389440455585, "A13": 0.05053228730119652, "A14": 0.0071102955907997424, "A15": 0.12623146659103301, "A16": -0.049358190575421144, "A17": 0.07432852909491022, "A18": -0.10523065711975124, "A19": -0.0654870929787982, "A20": -0.36184035081208343, "A21": 0.345481990571017, "A22": 0.2122218983476164, "A23": -0.023728608537163926, "A24": 0.047136458882699794, "A25": 0.03689789664228577, "A26": 0.13617573250401208, "A27": -0.005469947521176867, "A28": -0.05864002783144258, "A29": 0.1770419753176517, "A30": 0.03815936142729428, "A31": 0.0913604143208376, "A32": -0.07463144067205492, "A33": 0.007984074489247234, "A34": 0.015182292237399935, "A35": -0.043502386041856925, "A36": -0.17842791481657885, "A37": 0.08799351127576285, "A38": 0.13076389430880192, "A39": -0.038640460798808125, "A40": 0.08470796920558907, "A41": 0.04259487232844776, "A42": -0.157538923797446, "A43": 0.2884142775208348, "A44": 0.04409103000210821, "A45": 0.1040764507645867, "A46": 0.006117399861987521, "A47": 0.008822041330459064, "A48": -0.1469434803224754, "A49": 0.008161593761982389, "A50": -0.052787688788693735, "A51": 0.08359691242812825, "A52": -0.013897520643915265, "A53": -0.07011870981601419, "A54": 0.19025117590620427, "A55": -0.0661945218110827, "A56": -0.01593283866286253, "A57": -0.0321740686679885, "A58": -0.11269896751874067, "A59": -0.17748499348250213, "A60": -0.005747507582691365, "A61": -0.05097750704253331, "A62": 0.12046233001097453, "A63": 0.05852569631657466, "area_ha": 7.515855934646493, "centroid_lat": 20.801907424123797, "centroid_lon": 84.65011075487722, "cluster_id": 2, "n_pixels": 752, "perim_m": 2339.2040805414686, "stand_id": 35, "stand_lbl": 27}}, {"type": "Feature", "geometry": {"type": "Polygon", "coordinates": [[[84.65205667634447, 20.802508036875846], [84.65206087072227, 20.802237189894917], [84.65215688334256, 20.802238504543404], [84.65215828139961, 20.802148222213432], [84.652254293966, 20.802149536799035], [84.65225708993638, 20.801968972112142], [84.65244911487153, 20.801971601103688], [84.6524519105814, 20.801791036389847], [84.65264393531892, 20.801793665138845], [84.65265232160414, 20.80125197090749], [84.65246029755833, 20.801249342230356], [84.65247147976902, 20.80052708330313], [84.65266350289855, 20.800529711872464], [84.6526676957582, 20.800258864720856], [84.65285971858229, 20.80026149303866], [84.65285832108219, 20.8003517754405], [84.65305034405003, 20.800354403551694], [84.65304894665772, 20.800444685962514], [84.65314495820901, 20.80044599995523], [84.65314356086162, 20.80053628236605], [84.65333558409895, 20.800538910189783], [84.65333418686834, 20.80062919261857], [84.65343019855437, 20.800630506449586], [84.65342880136869, 20.800720788887357], [84.6535248131176, 20.800722102673458], [84.65352341597682, 20.80081238511123], [84.65361942779761, 20.800813698852416], [84.65361803071073, 20.800903981290183], [84.6537140425944, 20.800905294986457], [84.65371264555243, 20.80099557743321], [84.65380865749898, 20.800996891084562], [84.65380726051092, 20.801087173531315], [84.65390327252035, 20.801088487137754], [84.6539018755772, 20.80117876959349], [84.65399788764952, 20.801180083146033], [84.65399649076026, 20.801270365601766], [84.65409250290445, 20.80127167910939], [84.65408970921578, 20.801452244047812], [84.65418572147674, 20.80145355751052], [84.65418292786892, 20.80163412244894], [84.65427894025565, 20.801635435875717], [84.65427614673766, 20.80181600082312], [84.65437215924116, 20.801817314204982], [84.65436936580402, 20.80199787917035], [84.65427335318374, 20.801996565770523], [84.65427195640228, 20.802086848244226], [84.65417594373709, 20.8020855347905], [84.65417454688377, 20.80217581725522], [84.65398252145455, 20.802173190177083], [84.65398112448445, 20.802263472623835], [84.65359707349126, 20.802258217793835], [84.6535956762876, 20.80234850022262], [84.65253953605409, 20.802334044946292], [84.65253813821263, 20.802424327303214], [84.65244212544862, 20.80242301286134], [84.65244072754427, 20.802513295209277], [84.65224870192641, 20.802510666145867], [84.65224730389629, 20.802600948484823], [84.65215129104244, 20.802599633863284], [84.65215268913543, 20.802509351533317], [84.65205667634447, 20.802508036875846]]]}, "id": "+131+709", "properties": {"A00": 0.01925099772893321, "A01": -0.0542600181196956, "A02": 0.154977240910372, "A03": 0.027718118326163863, "A04": -0.04063188255509752, "A05": -0.07842984285175872, "A06": -0.12918196776455426, "A07": 0.24260934170580434, "A08": -0.06264796582637311, "A09": 0.03901766677744472, "A10": 0.1072003095252986, "A11": 0.03408563469636295, "A12": -0.26325237649825217, "A13": 0.02201803071400605, "A14": -0.04480102114050975, "A15": 0.12384864924970371, "A16": 0.03969100630018112, "A17": 0.03729414376322058, "A18": -0.09873889868174253, "A19": -0.10806202069481696, "A20": -0.3377774434004131, "A21": 0.29979798112454775, "A22": 0.2525115035082085, "A23": -0.09245515153344326, "A24": 0.05163529324522302, "A25": 0.06533434452509845, "A26": 0.13360264398494281, "A27": 0.08852188936983202, "A28": 0.0037581933288958536, "A29": 0.18659053280936147, "A30": 0.041190473177694475, "A31": 0.07744373832536339, "A32": 0.01864516046702287, "A33": 0.03828665926293986, "A34": -0.000714518728663831, "A35": -0.13437112857330724, "A36": -0.16397515073369778, "A37": 0.042104449927424424, "A38": 0.14125395903584592, "A39": -0.060913194339500785, "A40": 0.08416878113193711, "A41": 0.08331158202071517, "A42": -0.1119213992612435, "A43": 0.31626088201743985, "A44": 0.0580565315923087, "A45": 0.0015442665441766407, "A46": -0.0490136429231095, "A47": 0.1716744915819955, "A48": -0.09628865284375135, "A49": 0.010399046227027309, "A50": -0.09005715996384496, "A51": 0.005753821805808718, "A52": 0.01665485974366245, "A53": -0.059542615004487175, "A54": 0.19298191598611744, "A55": -0.0841926109488466, "A56": 0.02501726604212281, "A57": -0.042317687893075544, "A58": -0.0606739182636675, "A59": -0.09287133868680723, "A60": 0.05598042189987636, "A61": -0.1292055085644928, "A62": 0.05430490420865485, "A63": 0.08713766119421375, "area_ha": 3.3370531638178087, "centroid_lat": 20.801530429940783, "centroid_lon": 84.65319435847827, "cluster_id": 3, "n_pixels": 334, "perim_m": 1039.6482991137411, "stand_id": 36, "stand_lbl": 33}}, {"type": "Feature", "geometry": {"type": "Polygon", "coordinates": [[[84.64852381118135, 20.801195407156122], [84.64852941170103, 20.800834278716586], [84.64881744618424, 20.800838228168715], [84.64881884611877, 20.800747946036374], [84.64910688049417, 20.800751894985446], [84.64910828025802, 20.80066161283514], [84.64930030309111, 20.800664245195364], [84.64930170273819, 20.80057396302709], [84.64958973688003, 20.800577911131747], [84.64959113633846, 20.800487628954492], [84.64987917038148, 20.80049157655609], [84.64988056966024, 20.800401294351886], [84.65016860359546, 20.800405241459412], [84.65017000270356, 20.800314959237237], [84.65045803653098, 20.80031890584171], [84.65045943545941, 20.80022862360157], [84.65074746918802, 20.80023256970298], [84.65074886793677, 20.800142287444878], [84.65103690155759, 20.800146233043233], [84.65103830012669, 20.80005595075818], [84.65228644587376, 20.800073042706646], [84.65228504804128, 20.80016332507255], [84.6525730820304, 20.800167268092743], [84.65257168435961, 20.800257550476612], [84.6526676957582, 20.800258864720856], [84.65266350289855, 20.800529711872464], [84.65237546820875, 20.80052576893312], [84.65237407040321, 20.800616051299023], [84.6520860356056, 20.800612107856622], [84.65208463762042, 20.80070239019558], [84.65189261434715, 20.80069976096149], [84.65188981812524, 20.80088032562143], [84.65131374780239, 20.800872436526774], [84.65131654471601, 20.80069187194768], [84.6508364868877, 20.800685296288783], [84.65083368940813, 20.80086586081398], [84.65092970107621, 20.800867176064337], [84.6509269036775, 20.801047740598513], [84.65073488013473, 20.80104511001695], [84.6507320824845, 20.80122567452418], [84.65054005873513, 20.801223043709054], [84.65053446288668, 20.801584172651648], [84.6503424387151, 20.801581541567028], [84.65033964051689, 20.801762106011374], [84.64957154320176, 20.801751579427112], [84.64957014363553, 20.801841861595385], [84.64947413144644, 20.80184054552756], [84.64947273181733, 20.801930827695834], [84.64937671958332, 20.80192951156513], [84.64937392019034, 20.802110075865745], [84.64927790783955, 20.80210875967216], [84.64927650807569, 20.802199041822465], [84.64918049567999, 20.802197725565996], [84.64918189550673, 20.80210744342467], [84.64879784623831, 20.802102177886752], [84.64879924628065, 20.802011895772374], [84.64870323403765, 20.802010579264376], [84.64870463413389, 20.80192029715], [84.64860862195377, 20.801918980597087], [84.64861422248245, 20.801557852166535], [84.64871023443798, 20.801559168701484], [84.6487116344893, 20.801468886578125], [84.64861562259665, 20.80146757005216], [84.64861982289433, 20.801196723718018], [84.64852381118135, 20.801195407156122]]]}, "id": "+100+705", "properties": {"A00": 0.011529778957549497, "A01": -0.09298879479745749, "A02": 0.16598101154681003, "A03": 0.03591752991436285, "A04": -0.03959469046887458, "A05": -0.025263221705827194, "A06": -0.07956566739238242, "A07": 0.1752380533459737, "A08": -0.09721808560845858, "A09": 0.03370904089062707, "A10": 0.0987617990029577, "A11": 0.054069776224625055, "A12": -0.30243746998465076, "A13": 0.04247288877054603, "A14": -0.022445461233414288, "A15": 0.0933139770505207, "A16": -0.03991486029225835, "A17": 0.0685420286407806, "A18": -0.08292609379064331, "A19": -0.03443644780755147, "A20": -0.36100600789471976, "A21": 0.34770369875642204, "A22": 0.25127675747019745, "A23": -0.048332370572604894, "A24": 0.042850489112329686, "A25": 0.03630474080102249, "A26": 0.13534458833525223, "A27": 0.020281797607922068, "A28": -0.042041305578328574, "A29": 0.1746131943659697, "A30": 0.030869239295913873, "A31": 0.07242626275747774, "A32": -0.031094380071811388, "A33": -0.005860473136199981, "A34": 0.010385752499679697, "A35": -0.07443614125565332, "A36": -0.15477738013384004, "A37": 0.03937864412038276, "A38": 0.1464823730535934, "A39": -0.06990413024107621, "A40": 0.06178685688983436, "A41": 0.05681806722024307, "A42": -0.13828914691823432, "A43": 0.31950858016312506, "A44": 0.04041044874511855, "A45": 0.08765833666785058, "A46": -0.015350334448529158, "A47": 0.006828111427884136, "A48": -0.14748138723820295, "A49": 0.03601929379684112, "A50": -0.09053885162017855, "A51": 0.058325978373649334, "A52": -0.0036830478204470294, "A53": -0.0784745441997794, "A54": 0.1825293525279396, "A55": -0.08202372435754603, "A56": -0.018926680410967976, "A57": -0.03630989487319018, "A58": -0.12407213818455026, "A59": -0.1592240591824278, "A60": 0.026052102687228247, "A61": -0.07233181048473465, "A62": 0.0806807935577959, "A63": 0.04894180750216016, "area_ha": 4.639789764977658, "centroid_lat": 20.800950741402815, "centroid_lon": 84.6502459167298, "cluster_id": 1, "n_pixels": 464, "perim_m": 1419.5178235197327, "stand_id": 37, "stand_lbl": 28}}, {"type": "Feature", "geometry": {"type": "Polygon", "coordinates": [[[84.71933287326769, 20.767113497959773], [84.71933422883443, 20.767023210958563], [84.71943022376689, 20.76702448589253], [84.71942886825404, 20.767114772902723], [84.71933287326769, 20.767113497959773]]]}, "id": "+825+306", "properties": {"A00": 0.007880264754883114, "A01": -0.08820804215573196, "A02": 0.13259394953675435, "A03": 0.05356635080022013, "A04": -0.03513154819790276, "A05": -0.09877275708437931, "A06": -0.11973072196967983, "A07": 0.25234054021454794, "A08": -0.0634677838840265, "A09": 0.034917113327453245, "A10": 0.09315813676489437, "A11": 0.017712606765120504, "A12": -0.2773098958922285, "A13": 0.0031112468055272857, "A14": -0.033813653873698654, "A15": 0.08737593384143354, "A16": 0.05882043859450739, "A17": 0.022800996600101018, "A18": -0.11398621193960091, "A19": -0.08134868941809713, "A20": -0.35598932537259426, "A21": 0.25316510995016994, "A22": 0.24877494327219546, "A23": -0.08681125660567958, "A24": 0.051633006912876644, "A25": 0.08091669116704737, "A26": 0.12896612162742835, "A27": 0.061231879141506663, "A28": -0.04054990162154827, "A29": 0.17885304294728274, "A30": 0.04103335067206429, "A31": 0.06738923943279734, "A32": 0.038903023723907096, "A33": 0.039006151480199924, "A34": 0.025741456905714995, "A35": -0.12839258656172967, "A36": -0.14838746032822975, "A37": 0.05051959653526924, "A38": 0.15535763017240728, "A39": -0.11432205561963349, "A40": 0.10937833110945264, "A41": 0.03996306096448576, "A42": -0.13769945194533018, "A43": 0.35304505808474873, "A44": 0.08588476528635292, "A45": -0.009704600794566193, "A46": -0.06464904146972131, "A47": 0.1693908451500554, "A48": -0.07732135453181657, "A49": 0.058314109957708575, "A50": -0.10309405884614516, "A51": -0.0036889657823913884, "A52": -0.005197020753707096, "A53": -0.004746703756473755, "A54": 0.2173864501586871, "A55": -0.06545239010636936, "A56": 0.004062841591846274, "A57": -0.04926340547753127, "A58": -0.07707944154209166, "A59": -0.0942600508100203, "A60": 0.053272873932348794, "A61": -0.12493742979698608, "A62": 0.06478956057624895, "A63": 0.10459936223624398, "area_ha": 0.01002204996121672, "centroid_lat": 20.767068994130508, "centroid_lon": 84.7193815509494, "cluster_id": 1, "n_pixels": 1, "perim_m": 39.98810192207997, "stand_id": 38, "stand_lbl": 88}}, {"type": "Feature", "geometry": {"type": "Polygon", "coordinates": [[[84.71713991581468, 20.766091003936587], [84.71714262940955, 20.76591043019468], [84.71723862348861, 20.765911706287472], [84.71723998021419, 20.765821419403043], [84.71733597424833, 20.765822695441937], [84.71734140086316, 20.765461547877273], [84.71753338849128, 20.765464099739464], [84.71753474501922, 20.76537381283707], [84.7177267325575, 20.765376364474683], [84.71772808895967, 20.76528607755432], [84.71792007641712, 20.765288628967358], [84.71791736383733, 20.76546920282605], [84.71830133930017, 20.765474305059232], [84.71829320275558, 20.76601602676107], [84.71819720853279, 20.766014751243198], [84.71819449617759, 20.766195325128837], [84.71829049051716, 20.766196600655693], [84.71828777824281, 20.766377174541333], [84.71847976715551, 20.766379725451312], [84.71847705508776, 20.766560299363903], [84.71857304966989, 20.766561574756008], [84.71857033768299, 20.766742148668598], [84.71885832180662, 20.766745974548478], [84.71885561013414, 20.766926548497], [84.7190475998194, 20.76692909884104], [84.71904353259814, 20.767199959790773], [84.7185635575855, 20.767193583441088], [84.71856491361937, 20.767103296484795], [84.7177009595686, 20.767091815736986], [84.71770909869136, 20.76655009432261], [84.71761310418111, 20.766548818454396], [84.71761446072702, 20.766458531552], [84.71751846627964, 20.76645725563887], [84.71751982287945, 20.766366968745455], [84.71732783411049, 20.766364416757497], [84.71733054751671, 20.76618384298864], [84.717234553258, 20.76618256693178], [84.71723591001052, 20.76609228004735], [84.71713991581468, 20.766091003936587]]]}, "id": "+821+307", "properties": {"A00": -0.017276452106196414, "A01": -0.099428977675982, "A02": 0.18062516593424377, "A03": 0.03735367318097194, "A04": -0.0528127926979633, "A05": -0.0071582779025374235, "A06": -0.07203532630026012, "A07": 0.16523248901730522, "A08": -0.06856086628788376, "A09": 0.0011883522484652615, "A10": 0.11444793791958703, "A11": 0.01546441156385873, "A12": -0.2901107580866225, "A13": 0.04707621985889708, "A14": -0.006139055102459343, "A15": 0.08795731322664964, "A16": -0.038805259509605776, "A17": 0.051966194941850175, "A18": -0.10839472213255236, "A19": -0.05234807589630146, "A20": -0.37094182195434566, "A21": 0.3194562300210008, "A22": 0.20866607701326742, "A23": -0.03483157207777179, "A24": 0.02334034071902096, "A25": 0.04309576604863508, "A26": 0.12039765466172533, "A27": -0.012695580542716606, "A28": -0.0720244379823368, "A29": 0.17969516563880442, "A30": 0.03783674428277151, "A31": 0.08543857834918239, "A32": -0.0720801445629723, "A33": 0.008962637716174681, "A34": 0.013303676042044797, "A35": -0.06452955260587183, "A36": -0.17208259545977037, "A37": 0.09254135789315451, "A38": 0.1614212765025586, "A39": -0.09039728125542777, "A40": 0.10457315835250922, "A41": 0.013899024324180212, "A42": -0.14947932563740746, "A43": 0.3139193313353662, "A44": 0.05593165098428959, "A45": 0.08887502972483069, "A46": -0.01791478435814279, "A47": 0.0209838214597156, "A48": -0.13333662126607662, "A49": 0.01573556069246113, "A50": -0.07439903285601891, "A51": 0.05844301308548248, "A52": -0.027289655170340772, "A53": -0.03107049522462046, "A54": 0.19125418455932366, "A55": -0.04457220891020036, "A56": -0.03737307791205467, "A57": -0.045349297777243135, "A58": -0.10902540534581788, "A59": -0.16823351728620797, "A60": 0.020692933922764896, "A61": -0.06253871287168461, "A62": 0.14913250148756108, "A63": 0.05668952656525065, "area_ha": 2.044494933838254, "centroid_lat": 20.766306012743176, "centroid_lon": 84.71799609992595, "cluster_id": 2, "n_pixels": 204, "perim_m": 839.7494469170616, "stand_id": 39, "stand_lbl": 86}}, {"type": "Feature", "geometry": {"type": "Polygon", "coordinates": [[[84.71387068246294, 20.766408731045722], [84.71387747621482, 20.76595729771952], [84.71445343968306, 20.765964964454195], [84.71445479806154, 20.765874677749427], [84.71435880419807, 20.76587340010255], [84.71436016263044, 20.76578311339778], [84.71464814409507, 20.76578694616774], [84.71465086060947, 20.765606372722274], [84.7150348355423, 20.765611482285713], [84.71503619355246, 20.765521195545013], [84.71494019986866, 20.765519918239495], [84.71494291599679, 20.765339344758097], [84.71503890956382, 20.76534062204565], [84.715040267556, 20.765250335295967], [84.7151362610871, 20.76525161252962], [84.7151349031488, 20.765341899288284], [84.71523089673379, 20.76534317646804], [84.71522410722194, 20.765794610261366], [84.7154160949848, 20.765797164531048], [84.71541202153821, 20.76606802482501], [84.71550801559931, 20.76606930190595], [84.7155053000461, 20.766249875441247], [84.71540930585925, 20.766248598360306], [84.71540794801976, 20.76633888511897], [84.7155999364923, 20.76634143924492], [84.71559857875162, 20.76643172602155], [84.71550258445697, 20.766430448976543], [84.71550122665342, 20.76652073574419], [84.71540523230486, 20.766519458636303], [84.71540251655404, 20.766700032153633], [84.71530652209768, 20.766698754991843], [84.71530516415937, 20.766789041741525], [84.71492118618126, 20.766783932501482], [84.71492254434413, 20.766693645778748], [84.71453856671636, 20.766688535712255], [84.71453992510382, 20.76659824900749], [84.71415594780842, 20.766593138105563], [84.71415730642046, 20.766502851427745], [84.71396531792996, 20.766500295666862], [84.71396667664081, 20.76641000899803], [84.71387068246294, 20.766408731045722]]]}, "id": "+782+303", "properties": {"A00": -0.0021982903032782618, "A01": -0.10737341804488806, "A02": 0.19198879263886107, "A03": 0.024634017009229184, "A04": -0.04551064899117121, "A05": -0.013981020538775955, "A06": -0.0600675691983674, "A07": 0.16068568209237213, "A08": -0.06537729722069267, "A09": 0.032159540601380064, "A10": 0.11338990307544111, "A11": 0.04316275185010597, "A12": -0.2868489956651147, "A13": 0.05577979409703837, "A14": 0.005235983495050475, "A15": 0.09168650711915162, "A16": -0.041494256641784785, "A17": 0.04772635335489189, "A18": -0.13257004025043642, "A19": -0.06088988771959847, "A20": -0.36631959354460963, "A21": 0.3257002700866119, "A22": 0.18225902377297815, "A23": -0.02437518354172999, "A24": 0.013535941277320895, "A25": 0.01026114711866205, "A26": 0.11484314962402623, "A27": 0.01977189071646219, "A28": -0.06487487769444293, "A29": 0.16420847488365997, "A30": 0.03328943515940959, "A31": 0.05502097191488716, "A32": -0.0989830437097544, "A33": -0.002143490297407286, "A34": 0.019776117950527427, "A35": -0.04839363568528709, "A36": -0.15468046135358332, "A37": 0.09393800593806918, "A38": 0.1570673318767042, "A39": -0.07102091547970231, "A40": 0.06965310900865275, "A41": 0.031105790980187974, "A42": -0.14602221716535033, "A43": 0.3201595192523955, "A44": 0.04240052554083684, "A45": 0.12026982504174981, "A46": -0.013943895150047228, "A47": 0.02383589355344496, "A48": -0.14466750136016723, "A49": -0.011126523704249928, "A50": -0.08026662156806269, "A51": 0.07084798915507615, "A52": 0.0006685299398311586, "A53": -0.08102781443334245, "A54": 0.20159668537647307, "A55": -0.0349742560353205, "A56": -0.059616156630023086, "A57": -0.027433403511927086, "A58": -0.11746560596668994, "A59": -0.16322310889757283, "A60": 0.024887799910515547, "A61": -0.07802621566351234, "A62": 0.1454545710864295, "A63": 0.04778753373450618, "area_ha": 1.683695131247483, "centroid_lat": 20.766172081481464, "centroid_lon": 84.71478922788721, "cluster_id": 2, "n_pixels": 168, "perim_m": 759.7719026970977, "stand_id": 40, "stand_lbl": 74}}, {"type": "Feature", "geometry": {"type": "Polygon", "coordinates": [[[84.71551616209723, 20.765527581255142], [84.71551751981994, 20.76543729447851], [84.71561351349474, 20.76543857146064], [84.7156162288144, 20.765257997889407], [84.71580821594843, 20.76526055165603], [84.71580685841437, 20.765350838450626], [84.71590285205326, 20.765352115262072], [84.71590149456412, 20.765442402065656], [84.7169574256878, 20.765456443506096], [84.71696013940843, 20.765275869764185], [84.71715212674908, 20.765278422039607], [84.7171548402182, 20.765097848270745], [84.71734682736121, 20.76510040029464], [84.71734954056981, 20.76491982649883], [84.71773351448755, 20.764924929872873], [84.7177267325575, 20.765376364474683], [84.71753474501922, 20.76537381283707], [84.71753338849128, 20.765464099739464], [84.71734140086316, 20.765461547877273], [84.71733597424833, 20.765822695441937], [84.71723998021419, 20.765821419403043], [84.71723862348861, 20.765911706287472], [84.71714262940955, 20.76591043019468], [84.71713991581468, 20.766091003936587], [84.71723591001052, 20.76609228004735], [84.717234553258, 20.76618256693178], [84.71733054751671, 20.76618384298864], [84.71732783411049, 20.766364416757497], [84.71751982287945, 20.766366968745455], [84.71751846627964, 20.76645725563887], [84.71761446072702, 20.766458531552], [84.71761310418111, 20.766548818454396], [84.71770909869136, 20.76655009432261], [84.71770231611451, 20.76700152883459], [84.71751032651909, 20.76699897698138], [84.71751710967085, 20.766547542532283], [84.71742111516959, 20.766546266547287], [84.71742247183228, 20.766455979662858], [84.71694249971222, 20.76644959900126], [84.71694114276207, 20.766539885858737], [84.71626918171134, 20.76653095064], [84.71627053905675, 20.766440663818454], [84.7161745447082, 20.766439387150736], [84.71617590210751, 20.766349100347156], [84.71598391353616, 20.766346546859012], [84.7159866285414, 20.766165973260833], [84.7158906343815, 20.766164696449387], [84.71589334946756, 20.765984122860193], [84.71579735543342, 20.765982846012815], [84.71580007060933, 20.765802272423617], [84.7156080827836, 20.76579971858513], [84.71561215582595, 20.765528858237268], [84.71551616209723, 20.765527581255142]]]}, "id": "+807+305", "properties": {"A00": -0.014196343788573589, "A01": -0.10276086288897741, "A02": 0.1940011828086609, "A03": 0.02365292319807939, "A04": -0.05677321235056533, "A05": 0.016490747512639528, "A06": -0.06260876481757988, "A07": 0.15090154211034432, "A08": -0.07884422603254398, "A09": 0.017938864228401023, "A10": 0.11685950634253836, "A11": 0.03582092532890492, "A12": -0.29479560352166106, "A13": 0.05870203101612913, "A14": -0.003447722010803459, "A15": 0.09202985882431966, "A16": -0.04630867315570493, "A17": 0.0584529159224721, "A18": -0.11968671016454403, "A19": -0.04984924455244212, "A20": -0.3717146485289829, "A21": 0.32667146977568895, "A22": 0.20279040698123907, "A23": -0.023789334302674103, "A24": 0.020634278491206904, "A25": 0.02149400675935913, "A26": 0.11900546628976535, "A27": -0.00933164355069422, "A28": -0.07458639177019095, "A29": 0.17353736268413866, "A30": 0.02073866647426145, "A31": 0.09076395639357615, "A32": -0.08325737524272499, "A33": 0.001510545213857869, "A34": 0.0202353128291504, "A35": -0.051376154331173374, "A36": -0.1636539157567952, "A37": 0.0784396896979638, "A38": 0.14351691538679415, "A39": -0.08361969476835673, "A40": 0.0859592359939702, "A41": 0.014999992734189347, "A42": -0.15003358159710256, "A43": 0.3135367903995031, "A44": 0.048917108317741625, "A45": 0.12056245538159566, "A46": -0.006460524189540858, "A47": -0.0053280024488884066, "A48": -0.14056015056849583, "A49": -0.0034966173243017166, "A50": -0.0612139203722995, "A51": 0.06534342098888923, "A52": -0.016370728240117618, "A53": -0.06435300789130707, "A54": 0.1892134727330536, "A55": -0.04350751979561943, "A56": -0.0405394552539297, "A57": -0.037654964841885304, "A58": -0.10905141119431519, "A59": -0.1867508682684529, "A60": 0.011971829325553, "A61": -0.05835170938481655, "A62": 0.16930605891703793, "A63": 0.033343524245038614, "area_ha": 2.295042314755836, "centroid_lat": 20.765859543635, "centroid_lon": 84.7167113352149, "cluster_id": 2, "n_pixels": 230, "perim_m": 1099.671159289145, "stand_id": 41, "stand_lbl": 79}}, {"type": "Feature", "geometry": {"type": "Polygon", "coordinates": [[[84.72031179282816, 20.76586222601263], [84.72031721239122, 20.76550107770236], [84.72079718264278, 20.765507448662152], [84.72079989180897, 20.765326874435154], [84.72099187973352, 20.76532942242561], [84.7209945886392, 20.76514884817166], [84.72176253970859, 20.765159037869726], [84.7217638937033, 20.765068750697832], [84.72185988755777, 20.765070024158565], [84.7218612414806, 20.76497973697769], [84.72234121060927, 20.764986103472857], [84.72234527147944, 20.764715241822437], [84.72263325253084, 20.764719061027833], [84.72263189908412, 20.764809348253625], [84.72301587414272, 20.764814439796858], [84.72301452092057, 20.764904727049593], [84.72311051475708, 20.76490599980964], [84.72310916157986, 20.764996287071362], [84.72330114939662, 20.764998832438735], [84.72329979632718, 20.76508911970944], [84.72339579029845, 20.765090392316772], [84.72339443728292, 20.765180679596458], [84.72377841348238, 20.765185769522724], [84.72377706068244, 20.76527605682038], [84.7238730548154, 20.76527732917618], [84.72387170206038, 20.76536761648282], [84.72406369045206, 20.765370161032724], [84.72406233780482, 20.765460448348346], [84.72396634355509, 20.76545917609136], [84.72396499084499, 20.76554946340698], [84.7237730022467, 20.76554691871334], [84.72377164941982, 20.765637206010997], [84.72357966073169, 20.765634661101764], [84.72357830777904, 20.76572494838145], [84.72329032463456, 20.76572113059539], [84.72328897151124, 20.765811417857115], [84.7230969826704, 20.765808872381943], [84.72309562942131, 20.76589915963468], [84.72280764604326, 20.765895341004207], [84.72280629261451, 20.76598562823898], [84.72261430362096, 20.76598308220685], [84.72261295007542, 20.76607336942366], [84.72232496646382, 20.76606954995775], [84.72232361273862, 20.76615983715659], [84.72213162358338, 20.76615729055852], [84.72213026974138, 20.766247577748377], [84.72184228589623, 20.766243757438055], [84.7218409318656, 20.766334044609945], [84.72164894256663, 20.766331497454924], [84.72164758841922, 20.76642178460885], [84.72135960434049, 20.766417963463088], [84.72136095865858, 20.76632767632713], [84.72116896942248, 20.76632512863312], [84.72117032384837, 20.766234841506147], [84.72078634569058, 20.766229745516252], [84.72078770033207, 20.766139458407245], [84.72059571141936, 20.76613691010238], [84.72059706616865, 20.766046623011338], [84.72050107177517, 20.76604534878704], [84.72050242657836, 20.765955061695998], [84.72040643224777, 20.7659537874178], [84.72040778709587, 20.76586350033574], [84.72031179282816, 20.76586222601263]]]}, "id": "+848+298", "properties": {"A00": 0.05387143510979679, "A01": -0.0502261058467874, "A02": 0.20145637120005777, "A03": 0.0030732774254835543, "A04": -0.03571830155270353, "A05": -0.11268985958965605, "A06": -0.1349684295921227, "A07": 0.2575369180693042, "A08": -0.0891319405600974, "A09": 0.07485275577259777, "A10": 0.023404320491134556, "A11": 0.10545381835201387, "A12": -0.2564981440926074, "A13": -0.024322196647174398, "A14": -0.10265509020526774, "A15": 0.06026818607215058, "A16": -0.01449660385836593, "A17": 0.09495683378734744, "A18": -0.08187322544672722, "A19": -0.025450062680300114, "A20": -0.33766251055124435, "A21": 0.3512330525188544, "A22": 0.19684821721952384, "A23": -0.06592614424338918, "A24": 0.06265498465252359, "A25": -0.04914552419528604, "A26": 0.12555294121467986, "A27": 0.1334523572823316, "A28": -0.07926016925764631, "A29": 0.11443704932843929, "A30": 0.07379958889116595, "A31": 0.11175106784690392, "A32": 0.03356245256768336, "A33": 0.04236485211111281, "A34": -0.042236097631942075, "A35": -0.09679997679750076, "A36": -0.11872634375240408, "A37": -0.09695682483208065, "A38": 0.12292705668954901, "A39": -0.05553061726301523, "A40": 0.018623256214038722, "A41": 0.10884169960025722, "A42": -0.10011741290844868, "A43": 0.30148715606387566, "A44": 0.04826623898223083, "A45": 0.11437268718146337, "A46": -0.03688713828946216, "A47": 0.10765560952715739, "A48": -0.15978965028835537, "A49": -0.028301251400618656, "A50": -0.10467855350567103, "A51": -0.013523313180281622, "A52": 0.05192992487044623, "A53": -0.1569591471357373, "A54": 0.11757252311142413, "A55": -0.05823121240258115, "A56": 0.008129162457243525, "A57": 0.0005438089799092665, "A58": -0.11915743118961081, "A59": -0.07662941239873874, "A60": 0.06642766602380988, "A61": -0.1305673220477151, "A62": -0.009575044102599208, "A63": 0.0040488530100305335, "area_ha": 3.9587235120100375, "centroid_lat": 20.76558335596735, "centroid_lon": 84.72206402775625, "cluster_id": 3, "n_pixels": 396, "perim_m": 1159.6573850927641, "stand_id": 42, "stand_lbl": 92}}, {"type": "Feature", "geometry": {"type": "Polygon", "coordinates": [[[84.71100038370642, 20.76573836213307], [84.71100310454172, 20.76555778915473], [84.71138707836963, 20.765562906856903], [84.71138843855371, 20.765472620340784], [84.7112924451394, 20.76547134100507], [84.71129380536841, 20.76538105448895], [84.71110181868353, 20.765378495664812], [84.71110453934814, 20.765197922659524], [84.71100854613147, 20.76519664318008], [84.7110099065042, 20.765106356681926], [84.71110589966698, 20.765107636161368], [84.71110725998581, 20.765017349654233], [84.71177921191864, 20.76502630444726], [84.71178193172986, 20.764845731352136], [84.71168593868387, 20.764844452267955], [84.71168729863439, 20.764754165724884], [84.71159130566026, 20.764752886595783], [84.71159266566468, 20.764662600061698], [84.71149667274446, 20.764661320878698], [84.7114980327938, 20.764571034344613], [84.71140203994543, 20.76456975512568], [84.71140340004867, 20.76447946860058], [84.71178737126247, 20.76448458515291], [84.71178465150516, 20.764665158257014], [84.71188064444335, 20.764666437269334], [84.7118820042681, 20.76457615071728], [84.7119779971524, 20.764577429666716], [84.71197663739053, 20.764667716236737], [84.71236060922418, 20.76467283154939], [84.7123578901316, 20.76485340472536], [84.71254987632241, 20.764855962085246], [84.71254715742748, 20.765036535270198], [84.71264315064415, 20.765037813887258], [84.71263771298902, 20.76539896027513], [84.71254171953879, 20.765397681640106], [84.7125362815423, 20.765758827992048], [84.71368820613418, 20.76577416839639], [84.71369092378045, 20.76559359507669], [84.71388291108516, 20.7655961510352], [84.71388426978704, 20.765505864357383], [84.71417225063182, 20.765509697881928], [84.71417360915403, 20.765419411186144], [84.71465357708794, 20.765425799285794], [84.71465629353946, 20.765245225831343], [84.715040267556, 20.765250335295967], [84.71503890956382, 20.76534062204565], [84.71494291599679, 20.765339344758097], [84.71494019986866, 20.765519918239495], [84.71503619355246, 20.765521195545013], [84.7150348355423, 20.765611482285713], [84.71465086060947, 20.765606372722274], [84.71464814409507, 20.76578694616774], [84.71436016263044, 20.76578311339778], [84.71435880419807, 20.76587340010255], [84.71445479806154, 20.765874677749427], [84.71445343968306, 20.765964964454195], [84.71387747621482, 20.76595729771952], [84.71387068246294, 20.766408731045722], [84.71396667664081, 20.76641000899803], [84.71396531792996, 20.766500295666862], [84.71377332946642, 20.766497739699368], [84.71377468829405, 20.766407453039516], [84.71339071169035, 20.766402340475707], [84.71339207074256, 20.766312053842807], [84.71310408853233, 20.766308218871977], [84.71310544774624, 20.766217932257042], [84.7127214718073, 20.76621281823796], [84.7127228312368, 20.766122531649973], [84.71233885563922, 20.766117416804445], [84.7123402152933, 20.766027130225442], [84.71195624002809, 20.76602201454448], [84.71195759990675, 20.76593172800141], [84.71157362499189, 20.76592661148501], [84.71157498508614, 20.765836324959906], [84.71119101052163, 20.765831207617058], [84.71119237083148, 20.765740921118905], [84.71100038370642, 20.76573836213307]]]}, "id": "+768+300", "properties": {"A00": 0.01286220093875185, "A01": -0.09400450071784211, "A02": 0.1944955612856422, "A03": 0.021333966523264886, "A04": -0.041450089280879905, "A05": 0.022432162579795637, "A06": -0.05331788151752223, "A07": 0.12537832307743738, "A08": -0.08533686102807844, "A09": 0.032917089113049074, "A10": 0.1089947060150374, "A11": 0.04896189832468046, "A12": -0.3122882058433834, "A13": 0.053390175896905145, "A14": 0.008979891719397979, "A15": 0.0812287643592307, "A16": -0.050699558513313654, "A17": 0.07302039855405576, "A18": -0.12042295881307373, "A19": -0.027704660256018157, "A20": -0.36114538014415903, "A21": 0.34148370962808455, "A22": 0.1861216772654678, "A23": -0.00046256101295607334, "A24": 0.014123550921835855, "A25": 0.013785121116901786, "A26": 0.11375198729824942, "A27": 0.0014931419566699049, "A28": -0.0634450170846961, "A29": 0.15694511000632175, "A30": 0.027601711857285154, "A31": 0.06337124974352255, "A32": -0.08759776589761659, "A33": -0.009452557721803529, "A34": 0.037738152226338834, "A35": -0.03285689832164825, "A36": -0.16166239800775387, "A37": 0.0710756551728433, "A38": 0.14778997244816688, "A39": -0.07723907731356412, "A40": 0.06051690654695069, "A41": 0.033081957111884705, "A42": -0.17227478992058184, "A43": 0.29924299115917413, "A44": 0.04855687316714719, "A45": 0.13136226741984044, "A46": -0.0012508909794993572, "A47": -0.01956669145955864, "A48": -0.1599453281109958, "A49": 0.0137216090766549, "A50": -0.06410523077535904, "A51": 0.07795092787099156, "A52": -0.02246523688598533, "A53": -0.08727006284567078, "A54": 0.21223608800256347, "A55": -0.058065895293330984, "A56": -0.044157701156672294, "A57": -0.022948541449577232, "A58": -0.13286181869870578, "A59": -0.18331255277161346, "A60": 0.016403831235510518, "A61": -0.06079583250433891, "A62": 0.15016231706797087, "A63": 0.03503240666137617, "area_ha": 3.34733788182972, "centroid_lat": 20.76556821016604, "centroid_lon": 84.71267799823293, "cluster_id": 2, "n_pixels": 335, "perim_m": 1659.5001622858013, "stand_id": 43, "stand_lbl": 70}}, {"type": "Feature", "geometry": {"type": "Polygon", "coordinates": [[[84.71485099672977, 20.765067207194548], [84.71485235482078, 20.764976920453847], [84.71523632821749, 20.764982029415414], [84.71524040174492, 20.76471116912145], [84.71543238814235, 20.764713723238415], [84.71543781897027, 20.76435257611392], [84.71553381195339, 20.7643538530691], [84.71553516957728, 20.764263566283486], [84.71563116251548, 20.76426484317578], [84.71564338034894, 20.763452261961515], [84.71583536521024, 20.76345481548559], [84.71583265042061, 20.763635389119706], [84.71679257630814, 20.76364815365887], [84.71679121947477, 20.763738440534315], [84.71669522679709, 20.763737164315756], [84.7166911560634, 20.76400802492413], [84.71659516321505, 20.764006748633708], [84.71659244924287, 20.76418732235765], [84.71649645629569, 20.764186045995363], [84.71648831386713, 20.764727767095327], [84.71639232057859, 20.76472649065219], [84.71638689192459, 20.765087638001262], [84.71629089842045, 20.765086361477277], [84.71628818393624, 20.76526693513834], [84.7156162288144, 20.765257997889407], [84.71561351349474, 20.76543857146064], [84.71551751981994, 20.76543729447851], [84.71551616209723, 20.765527581255142], [84.71561215582595, 20.765528858237268], [84.7156080827836, 20.76579971858513], [84.71580007060933, 20.765802272423617], [84.71579735543342, 20.765982846012815], [84.71589334946756, 20.765984122860193], [84.7158906343815, 20.766164696449387], [84.7159866285414, 20.766165973260833], [84.71598391353616, 20.766346546859012], [84.71617590210751, 20.766349100347156], [84.7161745447082, 20.766439387150736], [84.71627053905675, 20.766440663818454], [84.71626918171134, 20.76653095064], [84.71694114276207, 20.766539885858737], [84.71694249971222, 20.76644959900126], [84.71742247183228, 20.766455979662858], [84.71742111516959, 20.766546266547287], [84.71751710967085, 20.766547542532283], [84.71751032651909, 20.76699897698138], [84.71674236842486, 20.766988767412577], [84.71674372552773, 20.766898480573065], [84.71578377914064, 20.766885713859978], [84.71578513680046, 20.766795427074364], [84.71530516415937, 20.766789041741525], [84.71530652209768, 20.766698754991843], [84.71540251655404, 20.766700032153633], [84.71540523230486, 20.766519458636303], [84.71550122665342, 20.76652073574419], [84.71550258445697, 20.766430448976543], [84.71559857875162, 20.76643172602155], [84.7155999364923, 20.76634143924492], [84.71540794801976, 20.76633888511897], [84.71540930585925, 20.766248598360306], [84.7155053000461, 20.766249875441247], [84.71550801559931, 20.76606930190595], [84.71541202153821, 20.76606802482501], [84.7154160949848, 20.765797164531048], [84.71522410722194, 20.765794610261366], [84.71523225461819, 20.765252889709377], [84.7151362610871, 20.76525161252962], [84.71513761901642, 20.765161325770954], [84.71504162554821, 20.765160048546285], [84.71504298353142, 20.765069761796603], [84.71485099672977, 20.765067207194548]]]}, "id": "+805+305", "properties": {"A00": 0.016178015580376136, "A01": -0.12329271792251918, "A02": 0.1538718812713435, "A03": 0.04114873516777237, "A04": -0.03244852912250499, "A05": -0.0714483769570012, "A06": -0.08696913554471603, "A07": 0.22241133408853897, "A08": -0.10641911834258036, "A09": 0.045809555647862744, "A10": 0.0617334017282043, "A11": 0.03817984086979292, "A12": -0.2915585611868217, "A13": 0.024022285884822893, "A14": -0.04503234547020063, "A15": 0.05024096034571937, "A16": -0.02478099904386532, "A17": 0.05250938785112375, "A18": -0.08091227572255044, "A19": -0.019686820247139886, "A20": -0.3608998303659315, "A21": 0.32806340028277337, "A22": 0.24131193275619478, "A23": -0.07029428158940793, "A24": 0.04085761195903702, "A25": 0.0229311650502022, "A26": 0.1267147787398984, "A27": 0.04118632106178086, "A28": -0.0662942172613358, "A29": 0.1648880564946791, "A30": 0.03918811432142108, "A31": 0.05525554712367383, "A32": -0.020540376502854122, "A33": 0.006085712257019432, "A34": 0.001249404674330688, "A35": -0.1023469365559878, "A36": -0.12214349784966745, "A37": 0.01645314994214117, "A38": 0.1567918074012655, "A39": -0.10613294429668856, "A40": 0.0825282748178334, "A41": 0.04654798669314779, "A42": -0.13058324820927528, "A43": 0.3567334758686254, "A44": 0.05056697311074296, "A45": 0.07200825643739266, "A46": -0.044018770538319964, "A47": 0.027393828215951474, "A48": -0.11661854176277861, "A49": 0.02761535348655034, "A50": -0.11815417864526559, "A51": 0.03354947613728642, "A52": 0.00839591070492977, "A53": -0.0684224548629196, "A54": 0.1721043860195128, "A55": -0.04617869684642726, "A56": -0.03779725111687919, "A57": -0.02220103712411323, "A58": -0.13048510952117104, "A59": -0.1342237995240581, "A60": 0.05198443967415083, "A61": -0.1021657862322253, "A62": 0.06314731056467886, "A63": 0.05523235081702523, "area_ha": 3.7281883165462038, "centroid_lat": 20.765320858634087, "centroid_lon": 84.71605327752076, "cluster_id": 1, "n_pixels": 373, "perim_m": 1699.4909347001383, "stand_id": 44, "stand_lbl": 77}}, {"type": "Feature", "geometry": {"type": "Polygon", "coordinates": [[[84.71905302267928, 20.7665679508901], [84.71906929057619, 20.765484506947438], [84.7192612784648, 20.76548705688724], [84.71926941134426, 20.76494533478116], [84.71946139857711, 20.764947884433496], [84.71946410925247, 20.764767310368196], [84.7196560962877, 20.76476985977799], [84.71965880670254, 20.764589285685734], [84.72004278041365, 20.76459438381362], [84.72004820024621, 20.764233235512332], [84.72014419346289, 20.764234509889345], [84.7201455483469, 20.764144222807285], [84.7202415415097, 20.764145497121415], [84.72024018668854, 20.764235784212456], [84.72158409259337, 20.76425361908563], [84.721585446624, 20.76416333191374], [84.72177743318312, 20.764165878880114], [84.72177878708798, 20.764075591699243], [84.72197077356626, 20.76407813844104], [84.72196941976918, 20.764168425639877], [84.7220654130757, 20.76416969893891], [84.72206676680987, 20.76407941173109], [84.72331467969566, 20.764095959650838], [84.7233133266981, 20.764186246930525], [84.72340932010341, 20.764187519483958], [84.72340796715976, 20.76427780677263], [84.72369594759132, 20.76428162410953], [84.7236932420184, 20.764462198722804], [84.72388522923328, 20.764464743371526], [84.72388117115686, 20.76473560531839], [84.72378517737425, 20.76473433299852], [84.72378247183727, 20.764914907611793], [84.72387846573666, 20.76491617994065], [84.72387711301756, 20.765006467247286], [84.72406910095111, 20.765009011752277], [84.72406639571057, 20.765189586401483], [84.72445037211664, 20.76519467481858], [84.72444901972094, 20.76528496216115], [84.72435302555205, 20.76528369012874], [84.72435167308448, 20.765373977471313], [84.72415968465688, 20.765371433235813], [84.72415833206355, 20.765461720560417], [84.72406233780482, 20.765460448348346], [84.72406369045206, 20.765370161032724], [84.72387170206038, 20.76536761648282], [84.7238730548154, 20.76527732917618], [84.72377706068244, 20.76527605682038], [84.72377841348238, 20.765185769522724], [84.72339443728292, 20.765180679596458], [84.72339579029845, 20.765090392316772], [84.72329979632718, 20.76508911970944], [84.72330114939662, 20.764998832438735], [84.72310916157986, 20.764996287071362], [84.72311051475708, 20.76490599980964], [84.72301452092057, 20.764904727049593], [84.72301587414272, 20.764814439796858], [84.72263189908412, 20.764809348253625], [84.72263325253084, 20.764719061027833], [84.72234527147944, 20.764715241822437], [84.72234121060927, 20.764986103472857], [84.7218612414806, 20.76497973697769], [84.72185988755777, 20.765070024158565], [84.7217638937033, 20.765068750697832], [84.72176253970859, 20.765159037869726], [84.7209945886392, 20.76514884817166], [84.72099187973352, 20.76532942242561], [84.72079989180897, 20.765326874435154], [84.72079718264278, 20.765507448662152], [84.72031721239122, 20.76550107770236], [84.72031179282816, 20.76586222601263], [84.72040778709587, 20.76586350033574], [84.72040643224777, 20.7659537874178], [84.72050242657836, 20.765955061695998], [84.72050107177517, 20.76604534878704], [84.72059706616865, 20.766046623011338], [84.72059571141936, 20.76613691010238], [84.72078770033207, 20.766139458407245], [84.72078634569058, 20.766229745516252], [84.72117032384837, 20.766234841506147], [84.72116896942248, 20.76632512863312], [84.72136095865858, 20.76632767632713], [84.72135825001342, 20.766508250599045], [84.72116626055275, 20.76650570288707], [84.7211649061089, 20.76659599000506], [84.7208769217966, 20.76659216801489], [84.7208755671731, 20.766682455123895], [84.72068357755971, 20.76667990684598], [84.72068222281042, 20.76677019393702], [84.72039423827356, 20.766766371111412], [84.72039288334462, 20.76685665818449], [84.72020089357852, 20.76685410934962], [84.7201995385328, 20.766944396404728], [84.71991155375338, 20.766940572734704], [84.71991019853698, 20.76703085978083], [84.71962221364977, 20.76702703560775], [84.7196208582537, 20.767117322626927], [84.71942886825404, 20.767114772902723], [84.71943022376689, 20.76702448589253], [84.71933422883443, 20.767023210958563], [84.71933287326769, 20.767113497959773], [84.71923687828132, 20.767112222962925], [84.71924230075493, 20.76675107497605], [84.71914630600213, 20.76674979995225], [84.71914901730631, 20.76656922595881], [84.71905302267928, 20.7665679508901]]]}, "id": "+827+306", "properties": {"A00": 0.0556301809766756, "A01": -0.0890610338931305, "A02": 0.18180863212035833, "A03": 0.015927023518212798, "A04": -0.026838583558786825, "A05": -0.09713279461550092, "A06": -0.11353880031228941, "A07": 0.2396150345940693, "A08": -0.07611580616195056, "A09": 0.06386896454928927, "A10": 0.07041082365353549, "A11": 0.07079141510545565, "A12": -0.2833119831533496, "A13": 0.0014909719558936119, "A14": -0.06982781588839514, "A15": 0.06823741672109122, "A16": 0.010886847343681035, "A17": 0.06157531110699788, "A18": -0.07559477661074533, "A19": -0.07243306354364137, "A20": -0.341932705688198, "A21": 0.3163601347385984, "A22": 0.24435842480586295, "A23": -0.08344239612070803, "A24": 0.03771865135388406, "A25": 0.013164447899296498, "A26": 0.11563529557874, "A27": 0.10588592653585992, "A28": -0.044841727370710245, "A29": 0.1567477614364243, "A30": 0.03775983197815754, "A31": 0.06986711129735482, "A32": 0.00752727709759314, "A33": 0.02849608149136285, "A34": 0.0055091193800152465, "A35": -0.11953672934124913, "A36": -0.1331205409053677, "A37": -0.017254804781232487, "A38": 0.15141141680940037, "A39": -0.09131633982775761, "A40": 0.06594950425431231, "A41": 0.06530216673405793, "A42": -0.1270375550487283, "A43": 0.3372158460768369, "A44": 0.051730890700772775, "A45": 0.04349921663070332, "A46": -0.050970785610921915, "A47": 0.11267990742431115, "A48": -0.10639736760748787, "A49": 0.0006982527091085728, "A50": -0.10402609868807618, "A51": 0.0033197829658132933, "A52": 0.014558101454624068, "A53": -0.0958815095892464, "A54": 0.16533649012924148, "A55": -0.06742043740780958, "A56": -0.015130271392875422, "A57": -0.013604081683959051, "A58": -0.09588111193498822, "A59": -0.0833199389581773, "A60": 0.07331587925933136, "A61": -0.13093326429942767, "A62": 0.053759387914714234, "A63": 0.049392727421086004, "area_ha": 7.747061722656372, "centroid_lat": 20.765293375426676, "centroid_lon": 84.72098267286714, "cluster_id": 3, "n_pixels": 775, "perim_m": 2259.3310763702184, "stand_id": 45, "stand_lbl": 89}}, {"type": "Feature", "geometry": {"type": "MultiPolygon", "coordinates": [[[[84.7151362610871, 20.76525161252962], [84.71523225461819, 20.765252889709377], [84.71523089673379, 20.76534317646804], [84.7151349031488, 20.765341899288284], [84.7151362610871, 20.76525161252962]]], [[[84.7151362610871, 20.76525161252962], [84.71465629353946, 20.765245225831343], [84.71465357708794, 20.765425799285794], [84.71417360915403, 20.765419411186144], [84.71417225063182, 20.765509697881928], [84.71388426978704, 20.765505864357383], [84.71388291108516, 20.7655961510352], [84.71369092378045, 20.76559359507669], [84.71368820613418, 20.76577416839639], [84.7125362815423, 20.765758827992048], [84.71254171953879, 20.765397681640106], [84.71263771298902, 20.76539896027513], [84.71264315064415, 20.765037813887258], [84.71254715742748, 20.765036535270198], [84.71254987632241, 20.764855962085246], [84.7123578901316, 20.76485340472536], [84.71236604733744, 20.76431168519745], [84.71255803284554, 20.76431424248547], [84.71256347038387, 20.763953096070644], [84.71275545546078, 20.763955653089166], [84.71275273693415, 20.76413622632802], [84.71294472228054, 20.76413878316688], [84.71294200395154, 20.764319356423698], [84.71313398954946, 20.76432191306493], [84.71313263048826, 20.764412199706815], [84.7132286233546, 20.764413477955564], [84.71322726433831, 20.76450376459745], [84.71332325726753, 20.764505042801286], [84.71332597517433, 20.76432446949955], [84.71361395366553, 20.764328303742744], [84.7136125948918, 20.764418590411577], [84.71390057361656, 20.76442242419663], [84.7138978563835, 20.764602997570233], [84.71380186335547, 20.764601719680808], [84.71380050467157, 20.764692006358626], [84.71370451158964, 20.764690728415303], [84.71370043532234, 20.7649615884218], [84.71379642857495, 20.764962866383094], [84.7137950698641, 20.765053153060908], [84.71417904317099, 20.76505826440301], [84.71418040164826, 20.764967977707226], [84.71427639493682, 20.764969255399023], [84.71427503651343, 20.76505954210379], [84.71504298353142, 20.765069761796603], [84.71504162554821, 20.765160048546285], [84.71513761901642, 20.765161325770954], [84.7151362610871, 20.76525161252962]]]]}, "id": "+765+292", "properties": {"A00": -0.006059123728940482, "A01": -0.10893388134854794, "A02": 0.15653913359641833, "A03": 0.045774714395605154, "A04": -0.03645040030450621, "A05": -0.02279574123861201, "A06": -0.07070564758330224, "A07": 0.16501719816434096, "A08": -0.09663393242757945, "A09": 0.026565379441717257, "A10": 0.09598528953635004, "A11": 0.022672550120977967, "A12": -0.31067787825340687, "A13": 0.04088037275543314, "A14": -0.0119082304376243, "A15": 0.07357630502161262, "A16": -0.02309132413482541, "A17": 0.03444956828553225, "A18": -0.10743134519462688, "A19": -0.035464580969352594, "A20": -0.34998728360668907, "A21": 0.2972506565480231, "A22": 0.22545160240898132, "A23": -0.03423044440223816, "A24": 0.02894905041178429, "A25": 0.05267125575717408, "A26": 0.13501585970442304, "A27": 0.003476024038316719, "A28": -0.06671505514672581, "A29": 0.16608456081846085, "A30": 0.035863249771352086, "A31": 0.0579348082051481, "A32": -0.04455453464445709, "A33": -0.020905009058145622, "A34": 0.04367865693880229, "A35": -0.06573717338748844, "A36": -0.14722590997060228, "A37": 0.07965547310219052, "A38": 0.16247199703557055, "A39": -0.10630793427972304, "A40": 0.08152705717335022, "A41": 0.008748478737851208, "A42": -0.1611619888529532, "A43": 0.3350016418917847, "A44": 0.05979869180736559, "A45": 0.09768862073632288, "A46": -0.01804668558864998, "A47": 0.030048235933666168, "A48": -0.13739852069791977, "A49": 0.03739151189425464, "A50": -0.09308204820226086, "A51": 0.05504803410186232, "A52": -0.01915447773568527, "A53": -0.044575552346384266, "A54": 0.2138785796838562, "A55": -0.0598346148908477, "A56": -0.04811410488097561, "A57": -0.029464683037571045, "A58": -0.1188556153760134, "A59": -0.15581957079758213, "A60": 0.05046136492202703, "A61": -0.08548118222686947, "A62": 0.11919018529553742, "A63": 0.06106379809775248, "area_ha": 2.7259781949990045, "centroid_lat": 20.765027498119633, "centroid_lon": 84.71333939694757, "cluster_id": 1, "n_pixels": 273, "perim_m": 1139.657044752701, "stand_id": 46, "stand_lbl": 72}}, {"type": "Feature", "geometry": {"type": "Polygon", "coordinates": [[[84.70565202677668, 20.763860900463865], [84.70565339023962, 20.763770614289104], [84.70584537415769, 20.76377317901517], [84.70584673750385, 20.76368289283143], [84.70594272941796, 20.763684175104633], [84.70594409269225, 20.763593888920887], [84.70604008456145, 20.76359517113121], [84.70604144777286, 20.76350488493848], [84.70738533385187, 20.76352283025952], [84.70737852169351, 20.76397426166333], [84.70728252949193, 20.76397298017166], [84.70728116698122, 20.764063266445234], [84.70756914376561, 20.76406711077651], [84.70757186843672, 20.76388653820241], [84.70795583711728, 20.763891663171954], [84.7079544750108, 20.763981949490447], [84.7087224131804, 20.763992196923233], [84.70872105152307, 20.76408248328664], [84.70881704388634, 20.76408376397881], [84.70881840548078, 20.76399347760642], [84.70901039011751, 20.76399603882906], [84.70900902863086, 20.76408632521043], [84.70929700580155, 20.76409016664913], [84.70929836710852, 20.76399988024979], [84.70939435946282, 20.764001160609585], [84.7093957207159, 20.763910874210243], [84.70987568227177, 20.7639172752097], [84.70987296033154, 20.764097848080244], [84.71025693017093, 20.764102967965325], [84.71025148710794, 20.764464113796244], [84.7104434725262, 20.764466673464796], [84.71044211185702, 20.764556959927017], [84.710634097419, 20.76455951939794], [84.7106354579714, 20.764469232917754], [84.71082744345254, 20.764471792155117], [84.7108301643058, 20.764291219176776], [84.71121413489078, 20.76429633696878], [84.71121141448668, 20.76447691000102], [84.71140340004867, 20.76447946860058], [84.71140203994543, 20.76456975512568], [84.7114980327938, 20.764571034344613], [84.71149667274446, 20.764661320878698], [84.71159266566468, 20.764662600061698], [84.71159130566026, 20.764752886595783], [84.71168729863439, 20.764754165724884], [84.71168593868387, 20.764844452267955], [84.71178193172986, 20.764845731352136], [84.71177921191864, 20.76502630444726], [84.71110725998581, 20.765017349654233], [84.71110589966698, 20.765107636161368], [84.7110099065042, 20.765106356681926], [84.71100854613147, 20.76519664318008], [84.71110453934814, 20.765197922659524], [84.71110181868353, 20.765378495664812], [84.71129380536841, 20.76538105448895], [84.7112924451394, 20.76547134100507], [84.71138843855371, 20.765472620340784], [84.71138707836963, 20.765562906856903], [84.71100310454172, 20.76555778915473], [84.71100038370642, 20.76573836213307], [84.71090439015737, 20.7657370825638], [84.71090575062891, 20.765646796083608], [84.71052177672017, 20.76564167728549], [84.71052313742528, 20.76555139082327], [84.71013916385789, 20.76554627118972], [84.7101405247786, 20.765455984754446], [84.70975655155256, 20.765450864294447], [84.70975791268886, 20.76536057787714], [84.70937393981318, 20.765355456581705], [84.70937530117406, 20.76526517019135], [84.70899132863973, 20.76526004806048], [84.70899269022519, 20.765169761697074], [84.70870471106923, 20.76516591955769], [84.70870607281638, 20.765075633203264], [84.70832210093783, 20.76507050962611], [84.70832346290058, 20.764980223298636], [84.70793949137237, 20.764975098886048], [84.70794085355969, 20.76488481258552], [84.7077488679528, 20.76488225006931], [84.70775295480225, 20.764611391185703], [84.70765696217846, 20.764610109864712], [84.70765832450952, 20.764519823582155], [84.70756233194861, 20.76451854221625], [84.70756369432459, 20.76442825592471], [84.7073717093465, 20.76442569304917], [84.70737443430508, 20.764245120493037], [84.70660649558751, 20.764234866924753], [84.70660513265457, 20.76432515314443], [84.7065091402913, 20.764323871203604], [84.70650777729549, 20.764414157423282], [84.7063157924791, 20.764411593361963], [84.70631851868633, 20.764231020949563], [84.70622252640389, 20.76422973884704], [84.70622525270095, 20.76404916644362], [84.70584128408328, 20.76404403755742], [84.70584401081153, 20.763863465198916], [84.70565202677668, 20.763860900463865]]]}, "id": "+737+292", "properties": {"A00": -0.005711277045176667, "A01": -0.10570703995331715, "A02": 0.17501196717389964, "A03": 0.04358932425635392, "A04": -0.03822343470180037, "A05": 0.00915279250572633, "A06": -0.06469380655127092, "A07": 0.12612066267242317, "A08": -0.08214648585045152, "A09": 0.042978391237385345, "A10": 0.11977874062511457, "A11": 0.0381550011196459, "A12": -0.3094295017335477, "A13": 0.048993977139487215, "A14": 0.007711685244392687, "A15": 0.10679586146921609, "A16": -0.06807128415807787, "A17": 0.04234627374480004, "A18": -0.132023402149997, "A19": -0.05699852349144974, "A20": -0.3583577430399673, "A21": 0.321115073256139, "A22": 0.1658369820175206, "A23": 0.01619973928291373, "A24": 0.005596760530279559, "A25": 0.044678652933773946, "A26": 0.1069159622110802, "A27": -0.003911104934954112, "A28": -0.05491346106463255, "A29": 0.15232130576622, "A30": 0.013832360962585057, "A31": 0.04788776781666629, "A32": -0.11558700206306943, "A33": -0.01849079347608802, "A34": 0.06025507348655634, "A35": -0.031547070912028956, "A36": -0.13977403376960534, "A37": 0.08949111817658377, "A38": 0.1577009954832124, "A39": -0.06425289109753166, "A40": 0.06006254217081099, "A41": 0.035339671327444505, "A42": -0.1549169086845272, "A43": 0.2980699908295195, "A44": 0.03441618997571338, "A45": 0.12939679500473916, "A46": -0.0171126387184894, "A47": -0.003365525073159368, "A48": -0.16024605514931317, "A49": 0.030733589224064887, "A50": -0.08195544644886027, "A51": 0.09103044987453415, "A52": 4.724075924544446e-05, "A53": -0.08220056352040352, "A54": 0.2098176904792018, "A55": -0.05565980678960847, "A56": -0.05915751345066627, "A57": -0.025933060222186614, "A58": -0.14747625306192177, "A59": -0.1646716950163115, "A60": 0.022811432644094045, "A61": -0.07732699305476312, "A62": 0.15013020025446938, "A63": 0.04342182464052279, "area_ha": 6.504229911596087, "centroid_lat": 20.764549524150645, "centroid_lon": 84.70900286070079, "cluster_id": 2, "n_pixels": 650, "perim_m": 2059.374796615351, "stand_id": 47, "stand_lbl": 61}}, {"type": "Feature", "geometry": {"type": "Polygon", "coordinates": [[[84.71754152751521, 20.76492237829814], [84.71754695338444, 20.764561230643643], [84.71764294663706, 20.76456250643101], [84.71764430303026, 20.764472219510647], [84.71774029623793, 20.764473495244115], [84.71774165256825, 20.76438320831477], [84.71831761161678, 20.764390861547763], [84.71832032356775, 20.764210287608226], [84.71851230974957, 20.764212838230744], [84.71852315635866, 20.763490542364792], [84.71871514166013, 20.7634930926729], [84.71871649733467, 20.76340280567169], [84.71881248994049, 20.763404080740404], [84.71881384555216, 20.763313793739194], [84.71986976404551, 20.76332781591077], [84.71987111902835, 20.763237528828714], [84.72006310418611, 20.763240077609687], [84.72006445905217, 20.763149790518643], [84.7204484292329, 20.763154887406852], [84.72044571995893, 20.76333546163385], [84.72034972729023, 20.76333418748142], [84.72034701787251, 20.763514761690452], [84.720443010658, 20.76351603585187], [84.72044030132113, 20.763696610069886], [84.72101625886049, 20.7637042540143], [84.72101490452444, 20.763794541159243], [84.72120689054456, 20.763797088718505], [84.7212055363163, 20.76388737587243], [84.72139752247118, 20.763889923234064], [84.72139887659164, 20.763799636071155], [84.72130288356361, 20.76379836242178], [84.72130423772899, 20.763708075258872], [84.72140023069413, 20.76370934890825], [84.72140293889014, 20.76352877456447], [84.72207488908023, 20.76353768848415], [84.7220762427695, 20.763447401267346], [84.72217223562686, 20.763448674467565], [84.72217358925323, 20.763358387241773], [84.72313351764707, 20.76337111619867], [84.72313216459561, 20.76346140347836], [84.72332415047201, 20.76346394863912], [84.72331738567283, 20.763915385082477], [84.7235093721511, 20.763917930090525], [84.72351072500493, 20.763827642783887], [84.72370271140235, 20.763830187567358], [84.7237040641394, 20.76373990026072], [84.72389605045598, 20.763742444810628], [84.72389875568754, 20.763561870161418], [84.7240907417975, 20.763564414477763], [84.72408803679052, 20.76374498915392], [84.724280023152, 20.76374753327264], [84.72427461351532, 20.764108682660886], [84.72446660037089, 20.764111226617906], [84.72446389573221, 20.764291801329996], [84.7246558828393, 20.764294345098367], [84.72465317839826, 20.764474919828423], [84.7252291405819, 20.764482549920817], [84.72522778868927, 20.76457283732627], [84.72513179492462, 20.76457156576997], [84.72512909101359, 20.764752140553924], [84.72503309713215, 20.76475086893474], [84.72503174510477, 20.764841156322227], [84.72493575117842, 20.76483988464016], [84.72493439909714, 20.764930172018662], [84.7248384051169, 20.764928900273716], [84.72483705296375, 20.765019187643237], [84.72474105893859, 20.76501791584439], [84.72473970672256, 20.76510820321391], [84.7246437126435, 20.76510693135218], [84.72464236036458, 20.765197218712718], [84.72406639571057, 20.765189586401483], [84.72406910095111, 20.765009011752277], [84.72387711301756, 20.765006467247286], [84.72387846573666, 20.76491617994065], [84.72378247183727, 20.764914907611793], [84.72378517737425, 20.76473433299852], [84.72388117115686, 20.76473560531839], [84.72388522923328, 20.764464743371526], [84.7236932420184, 20.764462198722804], [84.72369594759132, 20.76428162410953], [84.72340796715976, 20.76427780677263], [84.72340932010341, 20.764187519483958], [84.7233133266981, 20.764186246930525], [84.72331467969566, 20.764095959650838], [84.72206676680987, 20.76407941173109], [84.7220654130757, 20.76416969893891], [84.72196941976918, 20.764168425639877], [84.72197077356626, 20.76407813844104], [84.72177878708798, 20.764075591699243], [84.72177743318312, 20.764165878880114], [84.721585446624, 20.76416333191374], [84.72158409259337, 20.76425361908563], [84.72024018668854, 20.764235784212456], [84.7202415415097, 20.764145497121415], [84.7201455483469, 20.764144222807285], [84.72014419346289, 20.764234509889345], [84.72004820024621, 20.764233235512332], [84.72004278041365, 20.76459438381362], [84.71965880670254, 20.764589285685734], [84.7196560962877, 20.76476985977799], [84.71946410925247, 20.764767310368196], [84.71946139857711, 20.764947884433496], [84.71926941134426, 20.76494533478116], [84.7192612784648, 20.76548705688724], [84.71906929057619, 20.765484506947438], [84.71905302267928, 20.7665679508901], [84.71914901730631, 20.76656922595881], [84.71914630600213, 20.76674979995225], [84.71924230075493, 20.76675107497605], [84.71923687828132, 20.767112222962925], [84.71914088331293, 20.767110947912176], [84.71913952762043, 20.7672012349044], [84.71904353259814, 20.767199959790773], [84.7190475998194, 20.76692909884104], [84.71885561013414, 20.766926548497], [84.71885832180662, 20.766745974548478], [84.71857033768299, 20.766742148668598], [84.71857304966989, 20.766561574756008], [84.71847705508776, 20.766560299363903], [84.71847976715551, 20.766379725451312], [84.71828777824281, 20.766377174541333], [84.71829049051716, 20.766196600655693], [84.71819449617759, 20.766195325128837], [84.71819720853279, 20.766014751243198], [84.71829320275558, 20.76601602676107], [84.71830133930017, 20.765474305059232], [84.71791736383733, 20.76546920282605], [84.71792007641712, 20.765288628967358], [84.71772808895967, 20.76528607755432], [84.71773351448755, 20.764924929872873], [84.71754152751521, 20.76492237829814]]]}, "id": "+822+307", "properties": {"A00": 0.03417907863313323, "A01": -0.10502849012294926, "A02": 0.158269446897585, "A03": 0.0255017174122944, "A04": -0.02891498949036196, "A05": -0.06142571866481177, "A06": -0.08888700287826673, "A07": 0.1955184888113611, "A08": -0.08991851323396695, "A09": 0.047077007617769465, "A10": 0.09811292251633047, "A11": 0.051264368151124416, "A12": -0.29734503149932046, "A13": 0.01907554450263606, "A14": -0.05307729813623066, "A15": 0.058568994587642705, "A16": -0.01719230360074027, "A17": 0.030038167601716112, "A18": -0.0719860592120069, "A19": -0.04109430011295884, "A20": -0.3579078201063034, "A21": 0.3127402857306779, "A22": 0.2605274628695789, "A23": -0.0679927305118253, "A24": 0.02905302945179344, "A25": 0.022140560868242523, "A26": 0.12129142626319378, "A27": 0.0489468518519327, "A28": -0.05926343791869991, "A29": 0.16493713540497978, "A30": 0.028061221870729087, "A31": 0.07257505042315844, "A32": -0.006848257710308054, "A33": -0.003190575958028509, "A34": 0.012670526975538084, "A35": -0.10065958675310933, "A36": -0.15676189819786568, "A37": 0.022427665905973504, "A38": 0.1611486494511012, "A39": -0.11052631214799458, "A40": 0.08031287254216696, "A41": 0.03478411818993095, "A42": -0.13907755681071315, "A43": 0.35315057443530196, "A44": 0.05517186983822904, "A45": 0.05445786453926656, "A46": -0.04002534566975924, "A47": 0.02838583633101917, "A48": -0.10550658809002149, "A49": 0.03150634302570265, "A50": -0.10615659240364034, "A51": 0.02435497165855742, "A52": -0.014637031881606687, "A53": -0.05737750431819868, "A54": 0.1693184816918592, "A55": -0.06902343484622654, "A56": -0.04064390981923846, "A57": -0.037811351949288946, "A58": -0.11234803197321551, "A59": -0.14227623372790774, "A60": 0.05229646146340587, "A61": -0.10503041805624798, "A62": 0.08802987650321217, "A63": 0.06092572902121286, "area_ha": 9.581096605375652, "centroid_lat": 20.764482509914018, "centroid_lon": 84.72055285059868, "cluster_id": 1, "n_pixels": 958, "perim_m": 3099.08133803638, "stand_id": 48, "stand_lbl": 88}}, {"type": "Feature", "geometry": {"type": "Polygon", "coordinates": [[[84.70459747919328, 20.7637565044689], [84.70459884327606, 20.76366621836601], [84.70565475369357, 20.76368032812333], [84.70565202677668, 20.763860900463865], [84.70584401081153, 20.763863465198916], [84.70584128408328, 20.76404403755742], [84.70622525270095, 20.76404916644362], [84.70622252640389, 20.76422973884704], [84.70631851868633, 20.764231020949563], [84.7063157924791, 20.764411593361963], [84.70650777729549, 20.764414157423282], [84.7065091402913, 20.764323871203604], [84.70660513265457, 20.76432515314443], [84.70660649558751, 20.764234866924753], [84.70737443430508, 20.764245120493037], [84.7073717093465, 20.76442569304917], [84.70756369432459, 20.76442825592471], [84.70756233194861, 20.76451854221625], [84.70765832450952, 20.764519823582155], [84.70765696217846, 20.764610109864712], [84.70775295480225, 20.764611391185703], [84.7077488679528, 20.76488225006931], [84.70755688237284, 20.7648796873375], [84.70755824477577, 20.764789401063926], [84.70717427393028, 20.76478427498047], [84.70717563655778, 20.76469398872486], [84.70679166606263, 20.764688861814957], [84.70679302890572, 20.764598575586298], [84.70650505128589, 20.76459472985365], [84.70650641429069, 20.764504443642956], [84.70612244445131, 20.76449931527778], [84.70612380768068, 20.764409029085055], [84.70573983819165, 20.764403899893427], [84.70574120163661, 20.764313613718667], [84.70545322476238, 20.764309766288203], [84.70545458837803, 20.76421948013141], [84.70526260394793, 20.76421691492025], [84.70526396767137, 20.76412662877244], [84.705071983385, 20.764124063354668], [84.70507334720726, 20.764033777224824], [84.70497735513145, 20.764032494448564], [84.70497871900761, 20.76394220831872], [84.70478673499072, 20.763939642604505], [84.70478809897469, 20.763849356492624], [84.70469210703361, 20.763848073563654], [84.70469347107148, 20.763757787451773], [84.70459747919328, 20.7637565044689]]]}, "id": "+703+283", "properties": {"A00": 0.023180702903938664, "A01": -0.13416094264278727, "A02": 0.1646227374948744, "A03": 0.04857238235189498, "A04": -0.02787177798537109, "A05": -0.01476779053197862, "A06": -0.08746755488125824, "A07": 0.175358529222697, "A08": -0.10926550964489411, "A09": 0.061609353821473624, "A10": 0.08649684584083168, "A11": 0.046787702920164244, "A12": -0.3009577618229367, "A13": 0.040909550619456565, "A14": -0.016228014965841663, "A15": 0.07007908624347467, "A16": -0.06637005954847101, "A17": 0.05661746682452186, "A18": -0.11285977638309748, "A19": 0.012676377883442254, "A20": -0.3616594921428995, "A21": 0.3565834568231007, "A22": 0.19710638418509557, "A23": -0.031662514592119606, "A24": 0.024759962481335884, "A25": 0.006355184381665124, "A26": 0.11390350917120656, "A27": 0.026753362864462112, "A28": -0.05472593903941757, "A29": 0.17071845736563993, "A30": -0.0001287303148497523, "A31": 0.04282311112130924, "A32": -0.08501384793867171, "A33": -0.010324991370715566, "A34": 0.012209208633615869, "A35": -0.06845464331572806, "A36": -0.12902611775508158, "A37": 0.04053755422599934, "A38": 0.13662216822744788, "A39": -0.10206389316040364, "A40": 0.03252087603722362, "A41": 0.05935937101353276, "A42": -0.1475499753380724, "A43": 0.3207777935599702, "A44": 0.040299037215587794, "A45": 0.13159052451569622, "A46": -0.020307164144100037, "A47": -0.02833336042217128, "A48": -0.1418810727407073, "A49": 0.04616219546343851, "A50": -0.10322626563658126, "A51": 0.06073153635543059, "A52": 0.01009760142958121, "A53": -0.11442384154723012, "A54": 0.19289266680492365, "A55": -0.05052352719616104, "A56": -0.0523789474308468, "A57": -0.025410634429314443, "A58": -0.13962276042685745, "A59": -0.15034685337928821, "A60": 0.03554732664553567, "A61": -0.08500456429599423, "A62": 0.11783407766670516, "A63": 0.02183510956437309, "area_ha": 1.4030648661922323, "centroid_lat": 20.764237221734618, "centroid_lon": 84.70620321195639, "cluster_id": 1, "n_pixels": 140, "perim_m": 959.7071094439531, "stand_id": 49, "stand_lbl": 57}}, {"type": "Feature", "geometry": {"type": "Polygon", "coordinates": [[[84.71755237913689, 20.764200082971175], [84.71756323029145, 20.76347778758133], [84.71852315635866, 20.763490542364792], [84.71851230974957, 20.764212838230744], [84.71755237913689, 20.764200082971175]]]}, "id": "+815+274", "properties": {"A00": -0.029365607885943654, "A01": -0.07833967624840052, "A02": 0.2001589483544967, "A03": 0.009777131690221805, "A04": -0.04798003697609322, "A05": 0.03196244442256718, "A06": -0.06512516726116004, "A07": 0.16226592162456718, "A08": -0.07253616469417465, "A09": 0.043678391740632816, "A10": 0.09667597866869292, "A11": 0.03256191619249681, "A12": -0.25941163998556027, "A13": 0.039498002517126485, "A14": 0.01454360459207468, "A15": 0.08296662626395432, "A16": -0.05694455448920556, "A17": 0.07845011981022776, "A18": -0.12291999338812565, "A19": -0.062296140931412426, "A20": -0.4071207871138752, "A21": 0.34287874180500116, "A22": 0.14487737472746412, "A23": -0.0005717811661556147, "A24": 0.04176782576326335, "A25": -0.007416177745152669, "A26": 0.10822955007667548, "A27": -0.002600362182899678, "A28": -0.08426306211708234, "A29": 0.1637338640156709, "A30": 0.01847191900288871, "A31": 0.10137789338198679, "A32": -0.1000755257343471, "A33": 0.03982683481634926, "A34": -0.01265944350471106, "A35": -0.03524212653803173, "A36": -0.1551313189403506, "A37": 0.07487140483209369, "A38": 0.13126967564774136, "A39": -0.04907762403817939, "A40": 0.11305712341174219, "A41": 0.03894862067605074, "A42": -0.1549201416244618, "A43": 0.29697981422946035, "A44": 0.056696017028122374, "A45": 0.1379358519780119, "A46": 0.015220851744285694, "A47": -0.04292430703741412, "A48": -0.1325599718196451, "A49": -0.008822312700934112, "A50": -0.0508622659168254, "A51": 0.08310317833675773, "A52": -0.003468438568460961, "A53": -0.07762802290881142, "A54": 0.1755852865159112, "A55": -0.02755277254242131, "A56": -0.04639917136543603, "A57": -0.03195302256599147, "A58": -0.11679639201372997, "A59": -0.19709479138378166, "A60": -0.027292681449530596, "A61": -0.052100333361443686, "A62": 0.1783314489210495, "A63": 0.035350660725952686, "area_ha": 0.8017630275744412, "centroid_lat": 20.763845313478768, "centroid_lon": 84.71803776861722, "cluster_id": 1, "n_pixels": 80, "perim_m": 359.89265831397427, "stand_id": 50, "stand_lbl": 87}}, {"type": "Feature", "geometry": {"type": "Polygon", "coordinates": [[[84.70892528988095, 20.76327246721167], [84.70892665135861, 20.763182180821314], [84.7093106186288, 20.763187302610824], [84.70931334110803, 20.763006729785197], [84.70950532455898, 20.763009290334097], [84.70950804677767, 20.762828717490503], [84.70960403840434, 20.762829997670632], [84.70960539944183, 20.76273971123536], [84.70970139101458, 20.76274099136159], [84.70970003003099, 20.76283127779686], [84.70979602166663, 20.762832557869192], [84.70979466072797, 20.762922844313447], [84.70989065242648, 20.762924124340863], [84.70988929154171, 20.763014410785118], [84.71008127508249, 20.763016970687232], [84.71007855351057, 20.76319754360269], [84.71046252113112, 20.76320266282302], [84.71045979999039, 20.763383235783394], [84.71065178407015, 20.76338579509262], [84.71065042359861, 20.763476081581793], [84.7108424078221, 20.76347864069339], [84.71084104745836, 20.763568927191542], [84.7119929540929, 20.763584277414473], [84.71199567344598, 20.76340370426545], [84.7129555952911, 20.763416490103673], [84.71295287708787, 20.763597063369474], [84.7131448617695, 20.76359961992087], [84.71314622076783, 20.763509333270004], [84.7133382053686, 20.763511889596828], [84.71333956424115, 20.763421602936976], [84.71391551787285, 20.76342927058793], [84.71391687640403, 20.763338983883166], [84.71410886088803, 20.763341539329637], [84.71410750247364, 20.763431826034402], [84.71429948711035, 20.763434381274262], [84.71430220369662, 20.763253807828796], [84.71468617259278, 20.763258917616813], [84.71468345646464, 20.763439491116177], [84.71449147177402, 20.76343693630751], [84.71448060603981, 20.76415923014327], [84.71409663492481, 20.764154119681518], [84.71409391796126, 20.764334693082066], [84.71390193221961, 20.764332137509832], [84.71390057361656, 20.76442242419663], [84.7136125948918, 20.764418590411577], [84.71361395366553, 20.764328303742744], [84.71332597517433, 20.76432446949955], [84.71332325726753, 20.764505042801286], [84.71322726433831, 20.76450376459745], [84.7132286233546, 20.764413477955564], [84.71313263048826, 20.764412199706815], [84.71313398954946, 20.76432191306493], [84.71294200395154, 20.764319356423698], [84.71294472228054, 20.76413878316688], [84.71275273693415, 20.76413622632802], [84.71275545546078, 20.763955653089166], [84.71256347038387, 20.763953096070644], [84.71255803284554, 20.76431424248547], [84.71236604733744, 20.76431168519745], [84.71236060922418, 20.76467283154939], [84.71197663739053, 20.764667716236737], [84.7119779971524, 20.764577429666716], [84.7118820042681, 20.76457615071728], [84.71188064444335, 20.764666437269334], [84.71178465150516, 20.764665158257014], [84.71178737126247, 20.76448458515291], [84.71121141448668, 20.76447691000102], [84.71121413489078, 20.76429633696878], [84.7108301643058, 20.764291219176776], [84.71082744345254, 20.764471792155117], [84.7106354579714, 20.764469232917754], [84.710634097419, 20.76455951939794], [84.71044211185702, 20.764556959927017], [84.7104434725262, 20.764466673464796], [84.71025148710794, 20.764464113796244], [84.71025693017093, 20.764102967965325], [84.70987296033154, 20.764097848080244], [84.70987568227177, 20.7639172752097], [84.70977968994443, 20.76391599511042], [84.70978105096394, 20.76382570868413], [84.70968505869948, 20.763824428539937], [84.70968641976393, 20.76373414211365], [84.70949443537873, 20.763731581690507], [84.70949715771421, 20.7635510088559], [84.70940116564738, 20.763549728576955], [84.70940252686452, 20.76345944215965], [84.70930653485159, 20.76345816183579], [84.70930789612264, 20.763367875427466], [84.7090199203174, 20.763364034132497], [84.70902128174117, 20.763273747742144], [84.70892528988095, 20.76327246721167]]]}, "id": "+751+280", "properties": {"A00": -0.019128751124426087, "A01": -0.07907278971149581, "A02": 0.1823333315708101, "A03": 0.030094079418227067, "A04": -0.03783040734726909, "A05": 0.03520670007401891, "A06": -0.03995236914567938, "A07": 0.11722287069317672, "A08": -0.06059305884867148, "A09": 0.043316106333736316, "A10": 0.1061406624088862, "A11": 0.04129746108231553, "A12": -0.29407235630167866, "A13": 0.046819894881046126, "A14": 0.03892776265403897, "A15": 0.1127056146661178, "A16": -0.08169080237716932, "A17": 0.07837317519027157, "A18": -0.13266124183760725, "A19": -0.07016118385976797, "A20": -0.3777132706367658, "A21": 0.3205612170502, "A22": 0.14073802693869292, "A23": 0.02822986591354351, "A24": 0.033475167365827854, "A25": 0.02563208651166123, "A26": 0.11585579020319804, "A27": -0.015819873851605343, "A28": -0.06918337284489007, "A29": 0.13884304969959382, "A30": 0.02188327643654987, "A31": 0.06650961871915405, "A32": -0.13834232103801047, "A33": -0.013025206416128648, "A34": 0.06193810145133108, "A35": -0.0036480542281736683, "A36": -0.15213057526904178, "A37": 0.10437626113883806, "A38": 0.16239237765729034, "A39": -0.04633030436467646, "A40": 0.07744101137051905, "A41": 0.0357764134349902, "A42": -0.18753669560966893, "A43": 0.2746508364269469, "A44": 0.039279468572738174, "A45": 0.1436201071138131, "A46": -0.0033309414271488554, "A47": -0.03062443079934988, "A48": -0.1634387788330792, "A49": 0.024991143222029742, "A50": -0.052884222144712875, "A51": 0.12122428539495424, "A52": -0.012114361940993797, "A53": -0.09044960470338799, "A54": 0.2150431050911501, "A55": -0.03331327085510209, "A56": -0.04338120838250428, "A57": -0.022083464046495832, "A58": -0.15051177869731458, "A59": -0.1935141818744797, "A60": 0.00473387091784209, "A61": -0.05911993077609746, "A62": 0.15111264953116813, "A63": 0.04617295937995781, "area_ha": 5.632342628084166, "centroid_lat": 20.763831280264625, "centroid_lon": 84.71185051619987, "cluster_id": 2, "n_pixels": 563, "perim_m": 1979.4023357929973, "stand_id": 51, "stand_lbl": 68}}, {"type": "Feature", "geometry": {"type": "MultiPolygon", "coordinates": [[[[84.71739294791894, 20.762030645199957], [84.7173943042762, 20.76194035827061], [84.71758628746663, 20.76194290966568], [84.71758493121716, 20.76203319660401], [84.71739294791894, 20.762030645199957]]], [[[84.71739294791894, 20.762030645199957], [84.71739023517746, 20.76221121906763], [84.71767821047963, 20.7622150461243], [84.71767685427508, 20.762305333071613], [84.71777284611734, 20.76230660866135], [84.71777148994872, 20.762396895617645], [84.71815545761419, 20.762401997446588], [84.71815410167014, 20.762492284429833], [84.71834608566007, 20.762494835034385], [84.71834472983282, 20.76258512201763], [84.71872869811811, 20.76259022261588], [84.71872734250645, 20.762680509626072], [84.71949527989452, 20.762690708307293], [84.71949663505701, 20.7626004212432], [84.71930465077962, 20.762597871914252], [84.71930736130226, 20.76241729781302], [84.71892339328646, 20.762412198553257], [84.7189261042403, 20.762231624496938], [84.71902209611848, 20.76223289938599], [84.71902480692857, 20.762052325311704], [84.71950476585239, 20.76205869887661], [84.71950612096099, 20.761968411812518], [84.71989008800661, 20.761973509670906], [84.71989144288166, 20.761883222579865], [84.71998743460713, 20.761884496902976], [84.71998878941031, 20.76179420980295], [84.72008478108188, 20.761795484072167], [84.72008613583117, 20.761705196963156], [84.72027811908448, 20.76170774532192], [84.72027540981948, 20.761888319557904], [84.7203714015719, 20.761889593665423], [84.72036869238775, 20.762070167910387], [84.72046468425695, 20.76207144197299], [84.72046197515365, 20.762252016226938], [84.72065395915257, 20.762254564226374], [84.72065260470872, 20.762344851362332], [84.72084458884238, 20.762347399164142], [84.72083781707228, 20.762798834879863], [84.72074182471799, 20.76279756097896], [84.72074047028312, 20.762887848114918], [84.72064447787493, 20.762886574151132], [84.72064312337717, 20.762976861278105], [84.72045113847095, 20.762974313179853], [84.7204484292329, 20.763154887406852], [84.72006445905217, 20.763149790518643], [84.72006310418611, 20.763240077609687], [84.71987111902835, 20.763237528828714], [84.71986976404551, 20.76332781591077], [84.71881384555216, 20.763313793739194], [84.71881248994049, 20.763404080740404], [84.71871649733467, 20.76340280567169], [84.71871514166013, 20.7634930926729], [84.71756323029145, 20.76347778758133], [84.71755237913689, 20.764200082971175], [84.71832032356775, 20.764210287608226], [84.71831761161678, 20.764390861547763], [84.71774165256825, 20.76438320831477], [84.71774029623793, 20.764473495244115], [84.71764430303026, 20.764472219510647], [84.71764294663706, 20.76456250643101], [84.71754695338444, 20.764561230643643], [84.71754152751521, 20.76492237829814], [84.71734954056981, 20.76491982649883], [84.71734682736121, 20.76510040029464], [84.7171548402182, 20.765097848270745], [84.71715212674908, 20.765278422039607], [84.71696013940843, 20.765275869764185], [84.7169574256878, 20.765456443506096], [84.71590149456412, 20.765442402065656], [84.71590285205326, 20.765352115262072], [84.71580685841437, 20.765350838450626], [84.71580821594843, 20.76526055165603], [84.71628818393624, 20.76526693513834], [84.71629089842045, 20.765086361477277], [84.71638689192459, 20.765087638001262], [84.71639232057859, 20.76472649065219], [84.71648831386713, 20.764727767095327], [84.71649645629569, 20.764186045995363], [84.71659244924287, 20.76418732235765], [84.71659516321505, 20.764006748633708], [84.7166911560634, 20.76400802492413], [84.71669522679709, 20.763737164315756], [84.71679121947477, 20.763738440534315], [84.71679257630814, 20.76364815365887], [84.71583265042061, 20.763635389119706], [84.71583536521024, 20.76345481548559], [84.71564338034894, 20.763452261961515], [84.71563116251548, 20.76426484317578], [84.71553516957728, 20.764263566283486], [84.71553381195339, 20.7643538530691], [84.71543781897027, 20.76435257611392], [84.71543238814235, 20.764713723238415], [84.71524040174492, 20.76471116912145], [84.71523632821749, 20.764982029415414], [84.71485235482078, 20.764976920453847], [84.71485099672977, 20.765067207194548], [84.71427503651343, 20.76505954210379], [84.71427639493682, 20.764969255399023], [84.71418040164826, 20.764967977707226], [84.71417904317099, 20.76505826440301], [84.7137950698641, 20.765053153060908], [84.71379642857495, 20.764962866383094], [84.71370043532234, 20.7649615884218], [84.71370451158964, 20.764690728415303], [84.71380050467157, 20.764692006358626], [84.71380186335547, 20.764601719680808], [84.7138978563835, 20.764602997570233], [84.71390193221961, 20.764332137509832], [84.71409391796126, 20.764334693082066], [84.71409663492481, 20.764154119681518], [84.71448060603981, 20.76415923014327], [84.71449147177402, 20.76343693630751], [84.71468345646464, 20.763439491116177], [84.71468617259278, 20.763258917616813], [84.7158380799819, 20.7632742418425], [84.71583672260057, 20.763364528664045], [84.71602870738101, 20.763367081963544], [84.71602735010747, 20.763457368794075], [84.71621933503165, 20.763459921895944], [84.71621797785693, 20.763550208735456], [84.71650595546778, 20.763554038001985], [84.71650731246285, 20.763463751144506], [84.71717926007477, 20.763472684171354], [84.71719825167261, 20.76220866742103], [84.71729424341605, 20.76220994327128], [84.71729695627431, 20.762029369421573], [84.71739294791894, 20.762030645199957]]]]}, "id": "+799+288", "properties": {"A00": 0.008121621290778494, "A01": -0.11256892519686726, "A02": 0.14451423705136318, "A03": 0.035780715320648575, "A04": -0.033411887683152404, "A05": -0.044591849087188815, "A06": -0.08234638203580942, "A07": 0.19276636206158893, "A08": -0.09999430592022251, "A09": 0.04337628127879101, "A10": 0.08830789562947604, "A11": 0.04223636430576698, "A12": -0.28996643076353956, "A13": 0.021179577199328215, "A14": -0.02252745591298241, "A15": 0.06005594872113288, "A16": -0.01794072935356438, "A17": 0.033070831388983646, "A18": -0.09095193189201022, "A19": -0.021210667246242723, "A20": -0.362762342498734, "A21": 0.30349337165768214, "A22": 0.2472953331489201, "A23": -0.0633214633722637, "A24": 0.04280289871741668, "A25": 0.02830244843445226, "A26": 0.13888664172336576, "A27": 0.024296991097830768, "A28": -0.06969044654450765, "A29": 0.16419303786923034, "A30": 0.03022780499399535, "A31": 0.07849061933131572, "A32": -0.0055473278725140926, "A33": -0.009491828762209558, "A34": 0.010492042316198057, "A35": -0.08986569743546667, "A36": -0.14557642903944856, "A37": 0.03302280400431037, "A38": 0.15493175983836943, "A39": -0.10933611141262725, "A40": 0.08787924674981418, "A41": 0.022519642496431895, "A42": -0.14658060488765018, "A43": 0.35364670764140693, "A44": 0.062236925572484454, "A45": 0.078477502260027, "A46": -0.021452288314148058, "A47": 0.015259578662864351, "A48": -0.11153618755439605, "A49": 0.03640120548958629, "A50": -0.0992632352041686, "A51": 0.03110866839274619, "A52": -0.01829051279122335, "A53": -0.049400061181210826, "A54": 0.1857676747651052, "A55": -0.05943265796626882, "A56": -0.03627835270180904, "A57": -0.03957973987025175, "A58": -0.11584531030206008, "A59": -0.161201337808319, "A60": 0.047329536651182724, "A61": -0.09355979619162551, "A62": 0.09702175589553012, "A63": 0.057452301957281654, "area_ha": 9.921808907375947, "centroid_lat": 20.763596518170143, "centroid_lon": 84.71729320081566, "cluster_id": 1, "n_pixels": 992, "perim_m": 3438.9728065999057, "stand_id": 52, "stand_lbl": 82}}, {"type": "Feature", "geometry": {"type": "Polygon", "coordinates": [[[84.70440822384501, 20.763573366171606], [84.7044095880266, 20.76348308007769], [84.70450557971614, 20.763484363141412], [84.70450421559744, 20.76357464924431], [84.70440822384501, 20.763573366171606]]]}, "id": "+669+269", "properties": {"A00": -0.008998656127318708, "A01": -0.10302948642429928, "A02": 0.14278836533114173, "A03": 0.05924731372431445, "A04": -0.03923101794534447, "A05": -0.011294832497968903, "A06": -0.09770676298342086, "A07": 0.12386127659674531, "A08": -0.08158424129980588, "A09": 0.0533744372606631, "A10": 0.12215616905753726, "A11": 0.03532529831504467, "A12": -0.291834403846086, "A13": 0.0313592866540392, "A14": 0.018885796688406127, "A15": 0.09802524787572882, "A16": -0.06091658465868808, "A17": 0.029169773563919782, "A18": -0.11977919572218165, "A19": -0.02596902861402401, "A20": -0.37518790114834677, "A21": 0.33458060708243237, "A22": 0.18027731042048048, "A23": 0.005011104879680479, "A24": 0.011691010397083219, "A25": 0.051989131444386834, "A26": 0.12297928225676551, "A27": -0.025516979472726905, "A28": -0.027496364019014095, "A29": 0.1739085531676243, "A30": 0.021236809648606098, "A31": 0.07887937713911493, "A32": -0.07633159205998163, "A33": -0.0028331610871847692, "A34": 0.05482360936219544, "A35": -0.04543865156544119, "A36": -0.17437602803908633, "A37": 0.0987020988163809, "A38": 0.15967493095457289, "A39": -0.09640065512323534, "A40": 0.08022705922328158, "A41": 0.028380427664259925, "A42": -0.15687939359949774, "A43": 0.32692192017419786, "A44": 0.041366258801895754, "A45": 0.10198655657022057, "A46": -0.0033400468180316443, "A47": 0.009800605977235288, "A48": -0.14510805653436046, "A49": 0.041375476616262626, "A50": -0.0756363995499261, "A51": 0.041897411839953345, "A52": -0.012852266888646683, "A53": -0.0493149306253652, "A54": 0.20732745697667443, "A55": -0.06218732621069055, "A56": -0.06022336739456831, "A57": -0.04962269275402192, "A58": -0.14330983025818111, "A59": -0.18955739206397917, "A60": -0.01109702572640257, "A61": -0.083229997401611, "A62": 0.1777629164035945, "A63": 0.06336880545826293, "area_ha": 0.010021871543487942, "centroid_lat": 20.763528864287398, "centroid_lon": 84.70445690172645, "n_pixels": 1, "perim_m": 39.98773494607855, "stand_id": 53, "stand_lbl": 57}}, {"type": "Feature", "geometry": {"type": "MultiPolygon", "coordinates": [[[[84.70584673750385, 20.76368289283143], [84.70585219079864, 20.76332174808747], [84.7060441741867, 20.76332431253506], [84.70604553737117, 20.763234026342335], [84.70623752066939, 20.76323659056535], [84.70623888374605, 20.76314630434567], [84.7073907834546, 20.763161685120306], [84.70739350820655, 20.762981112546203], [84.70796945776887, 20.76298879996908], [84.70797218181116, 20.76280822731413], [84.70816416483092, 20.76281078933627], [84.70816688862166, 20.762630216654372], [84.71219853394992, 20.76268396911908], [84.71220125292571, 20.76250339591616], [84.71258521936048, 20.762508510222702], [84.71258250084283, 20.762689083470537], [84.71296646785251, 20.762694196968596], [84.71296374975708, 20.762874770261348], [84.71353970116094, 20.762882438972316], [84.71354241857367, 20.7627018656077], [84.7139263858708, 20.762706976967767], [84.71392502740251, 20.76279726367253], [84.7141170112038, 20.76279981904714], [84.71411565283431, 20.76289010576089], [84.71449962076028, 20.762895215881283], [84.71449418813572, 20.763256362835094], [84.71430220369662, 20.763253807828796], [84.71429948711035, 20.763434381274262], [84.71410750247364, 20.763431826034402], [84.71410886088803, 20.763341539329637], [84.71391687640403, 20.763338983883166], [84.71391551787285, 20.76342927058793], [84.71333956424115, 20.763421602936976], [84.7133382053686, 20.763511889596828], [84.71314622076783, 20.763509333270004], [84.7131448617695, 20.76359961992087], [84.71295287708787, 20.763597063369474], [84.7129555952911, 20.763416490103673], [84.71199567344598, 20.76340370426545], [84.7119929540929, 20.763584277414473], [84.71084104745836, 20.763568927191542], [84.7108424078221, 20.76347864069339], [84.71065042359861, 20.763476081581793], [84.71065178407015, 20.76338579509262], [84.71045979999039, 20.763383235783394], [84.71046252113112, 20.76320266282302], [84.71007855351057, 20.76319754360269], [84.71008127508249, 20.763016970687232], [84.70988929154171, 20.763014410785118], [84.70989065242648, 20.762924124340863], [84.70979466072797, 20.762922844313447], [84.70979602166663, 20.762832557869192], [84.70970003003099, 20.76283127779686], [84.70970139101458, 20.76274099136159], [84.70960539944183, 20.76273971123536], [84.70960403840434, 20.762829997670632], [84.70950804677767, 20.762828717490503], [84.70950532455898, 20.763009290334097], [84.70931334110803, 20.763006729785197], [84.7093106186288, 20.763187302610824], [84.70892665135861, 20.763182180821314], [84.70892528988095, 20.76327246721167], [84.70902128174117, 20.763273747742144], [84.7090199203174, 20.763364034132497], [84.70930789612264, 20.763367875427466], [84.70930653485159, 20.76345816183579], [84.70940252686452, 20.76345944215965], [84.70940116564738, 20.763549728576955], [84.70949715771421, 20.7635510088559], [84.70949443537873, 20.763731581690507], [84.70968641976393, 20.76373414211365], [84.70968505869948, 20.763824428539937], [84.70978105096394, 20.76382570868413], [84.70977968994443, 20.76391599511042], [84.7093957207159, 20.763910874210243], [84.70939435946282, 20.764001160609585], [84.70929836710852, 20.76399988024979], [84.70929700580155, 20.76409016664913], [84.70900902863086, 20.76408632521043], [84.70901039011751, 20.76399603882906], [84.70881840548078, 20.76399347760642], [84.70881704388634, 20.76408376397881], [84.70872105152307, 20.76408248328664], [84.7087224131804, 20.763992196923233], [84.7079544750108, 20.763981949490447], [84.70795583711728, 20.763891663171954], [84.70757186843672, 20.76388653820241], [84.70756914376561, 20.76406711077651], [84.70728116698122, 20.764063266445234], [84.70728252949193, 20.76397298017166], [84.70737852169351, 20.76397426166333], [84.70738533385187, 20.76352283025952], [84.70604144777286, 20.76350488493848], [84.70604008456145, 20.76359517113121], [84.70594409269225, 20.763593888920887], [84.70594272941796, 20.763684175104633], [84.70584673750385, 20.76368289283143]]], [[[84.70584673750385, 20.76368289283143], [84.70584537415769, 20.76377317901517], [84.70574938218967, 20.76377189667909], [84.70575074558973, 20.763681610504328], [84.70584673750385, 20.76368289283143]]]]}, "id": "+719+274", "properties": {"A00": -0.01877895307939192, "A01": -0.0685489924658238, "A02": 0.15104018513858944, "A03": 0.029397586234978196, "A04": -0.05595668682011493, "A05": 0.04078080891306915, "A06": -0.06348118076018704, "A07": 0.09907742993954723, "A08": -0.05752647287298974, "A09": 0.054214083573262864, "A10": 0.13111174545663945, "A11": 0.03617482187542881, "A12": -0.29832876226113475, "A13": 0.03868846151869236, "A14": 0.050504921056623756, "A15": 0.13246848282870244, "A16": -0.0644465973230394, "A17": 0.019586908989437886, "A18": -0.15498531368061358, "A19": -0.06816712461907393, "A20": -0.3716564933144074, "A21": 0.2903597767457224, "A22": 0.1292622536933206, "A23": 0.05931755269621505, "A24": 0.002527702251451539, "A25": 0.061597768446438876, "A26": 0.11284889805185967, "A27": -0.018727161699893462, "A28": -0.05419077155512558, "A29": 0.13620498894635155, "A30": 0.005205555558745537, "A31": 0.06338633256680305, "A32": -0.10662674212569995, "A33": -0.025804626935183466, "A34": 0.10917211210851914, "A35": 0.00789811629300761, "A36": -0.1510280256554214, "A37": 0.10390396223219583, "A38": 0.15230199962744395, "A39": -0.0713471794686304, "A40": 0.04554134061777428, "A41": 0.026838178709027216, "A42": -0.18726393193147406, "A43": 0.2817598454534127, "A44": 0.04743732598811468, "A45": 0.13314770926015407, "A46": 0.010145555945068295, "A47": -0.0022879692917790566, "A48": -0.16179928408097957, "A49": 0.042126265797094435, "A50": -0.05541929358544916, "A51": 0.0889734156863689, "A52": -0.02042100552940758, "A53": -0.07504571258227598, "A54": 0.24195488481566702, "A55": -0.058949031840196835, "A56": -0.05082573305467832, "A57": -0.039372755690090945, "A58": -0.14545553243247286, "A59": -0.18778078789013258, "A60": 0.0005592402609195784, "A61": -0.09070433609039284, "A62": 0.17248076604531712, "A63": 0.04755888554679089, "area_ha": 7.426259641564103, "centroid_lat": 20.76321468223917, "centroid_lon": 84.71020780788446, "cluster_id": 4, "n_pixels": 743, "perim_m": 2779.1585535416903, "stand_id": 54, "stand_lbl": 66}}, {"type": "Feature", "geometry": {"type": "Polygon", "coordinates": [[[84.72227770330296, 20.762817937006407], [84.72228041032217, 20.762637362545846], [84.72276037219245, 20.7626437271815], [84.72275901897031, 20.76273401444322], [84.72314298881868, 20.762739105213903], [84.72314434181624, 20.762648817925232], [84.7232403342424, 20.76265009047866], [84.72323898129873, 20.762740377767333], [84.72333497378777, 20.76274165027585], [84.723333620898, 20.762831937573505], [84.72390957632632, 20.76283957151967], [84.72390281347649, 20.763291008178623], [84.7239988063608, 20.76329228034578], [84.72399745382137, 20.76338256767937], [84.72409344676855, 20.763383839792624], [84.7240907417975, 20.763564414477763], [84.72389875568754, 20.763561870161418], [84.72389605045598, 20.763742444810628], [84.7237040641394, 20.76373990026072], [84.72370271140235, 20.763830187567358], [84.72351072500493, 20.763827642783887], [84.7235093721511, 20.763917930090525], [84.72331738567283, 20.763915385082477], [84.72332415047201, 20.76346394863912], [84.72313216459561, 20.76346140347836], [84.72313351764707, 20.76337111619867], [84.72255756052094, 20.763363479467728], [84.72256026728863, 20.763182904980216], [84.722464274575, 20.76318163201356], [84.72246698143252, 20.763001057535032], [84.72237098883568, 20.76299978453244], [84.72237369577404, 20.762819210053912], [84.72227770330296, 20.762817937006407]]]}, "id": "+867+270", "properties": {"A00": 0.07610599889740047, "A01": -0.0998428806439646, "A02": 0.15220017302957234, "A03": -0.0036238713150667083, "A04": -0.03199026653193875, "A05": -0.06646971718675951, "A06": -0.07259379796918893, "A07": 0.1657636999836128, "A08": -0.07999069866673492, "A09": 0.06867066927423039, "A10": 0.08901916220250229, "A11": 0.09542972342494771, "A12": -0.3044409538747172, "A13": 0.005854333269987302, "A14": -0.04784057635009089, "A15": 0.056525601238014395, "A16": -0.02117678338242114, "A17": 0.04640616518901668, "A18": -0.04986077399372927, "A19": -0.031464411103108436, "A20": -0.36631134196987514, "A21": 0.322452176563184, "A22": 0.29069378654712674, "A23": -0.0611704338165854, "A24": 0.02785716159821356, "A25": -0.011923842917023846, "A26": 0.12681329310493034, "A27": 0.06077195354092943, "A28": -0.03813419178942973, "A29": 0.16091258640540929, "A30": 0.02025437232502175, "A31": 0.06272758807051117, "A32": 0.027832447995022772, "A33": -0.020634462800740022, "A34": 0.01700208358790961, "A35": -0.09750463376806968, "A36": -0.17560876921102272, "A37": -0.014687755058107392, "A38": 0.16596001008305858, "A39": -0.11154432611416973, "A40": 0.05239395956694064, "A41": 0.058106033416659035, "A42": -0.1618932888192336, "A43": 0.3390813847598984, "A44": 0.04105286210681052, "A45": 0.052236770860114454, "A46": -0.05527229452757788, "A47": -0.021055394516643743, "A48": -0.11155012113390733, "A49": 0.05888317629640454, "A50": -0.09955627581491293, "A51": 0.038563035220501723, "A52": -0.04378820042094886, "A53": -0.09121754844082797, "A54": 0.16098154321084143, "A55": -0.0757213044659951, "A56": -0.010363409788936982, "A57": -0.04433855398409657, "A58": -0.13086943791776082, "A59": -0.17436986846841843, "A60": 0.05296603775323031, "A61": -0.10616017585226672, "A62": 0.04832798958166358, "A63": 0.07351185723193784, "area_ha": 1.4431827704754503, "centroid_lat": 20.76317628943343, "centroid_lon": 84.72324378433908, "cluster_id": 1, "n_pixels": 144, "perim_m": 679.7994006638057, "stand_id": 55, "stand_lbl": 94}}, {"type": "Feature", "geometry": {"type": "MultiPolygon", "coordinates": [[[[84.72314434181624, 20.762648817925232], [84.72314704778442, 20.76246824334789], [84.7232430400938, 20.762469515883353], [84.72324439301052, 20.7623792285857], [84.72334038527498, 20.762380501067266], [84.72334444380954, 20.762109639156336], [84.72324845171575, 20.762108366692736], [84.72324980460552, 20.76201807939508], [84.7231538125836, 20.762016806877583], [84.7231592242864, 20.761655657686966], [84.72335120789006, 20.761658202605183], [84.72334985509012, 20.7617484899208], [84.72354183883752, 20.76175103464139], [84.72353913343527, 20.761931609281614], [84.72363512543023, 20.761932881574534], [84.72363377278302, 20.762023168899137], [84.72372976484087, 20.76202444113816], [84.72372841223856, 20.762114728471747], [84.72392039649799, 20.76211727280606], [84.72391769149999, 20.7622978474912], [84.72410967601095, 20.762300391636863], [84.72410426638325, 20.76266154104308], [84.72420025888128, 20.76266281305752], [84.7241975541348, 20.76284338776063], [84.7242935467496, 20.762844659739137], [84.72428813740039, 20.763205809163317], [84.7244801231151, 20.763208353003556], [84.72447200954942, 20.763750077184742], [84.72466399597378, 20.76375262088125], [84.72465993944247, 20.76402348299879], [84.72475593282984, 20.764024754779673], [84.72475458069465, 20.764115042158174], [84.72542653505293, 20.764123943205], [84.72542383155512, 20.76430451803387], [84.72532783794318, 20.764303246603333], [84.72532513430164, 20.764483821414238], [84.72465317839826, 20.764474919828423], [84.7246558828393, 20.764294345098367], [84.72446389573221, 20.764291801329996], [84.72446660037089, 20.764111226617906], [84.72427461351532, 20.764108682660886], [84.724280023152, 20.76374753327264], [84.72408803679052, 20.76374498915392], [84.72409344676855, 20.763383839792624], [84.72399745382137, 20.76338256767937], [84.7239988063608, 20.76329228034578], [84.72390281347649, 20.763291008178623], [84.72390957632632, 20.76283957151967], [84.723333620898, 20.762831937573505], [84.72333497378777, 20.76274165027585], [84.72323898129873, 20.762740377767333], [84.7232403342424, 20.76265009047866], [84.72314434181624, 20.762648817925232]]], [[[84.72314434181624, 20.762648817925232], [84.72314298881868, 20.762739105213903], [84.7230469963476, 20.76273783259759], [84.72304834939906, 20.7626475453179], [84.72314434181624, 20.762648817925232]]]]}, "id": "+886+276", "properties": {"A00": 0.047426704886222956, "A01": -0.1333730123265387, "A02": 0.1441721479758133, "A03": 0.04044039860564022, "A04": -0.03191531699223755, "A05": -0.050808491061409354, "A06": -0.0792492887032185, "A07": 0.17397396338879664, "A08": -0.09166300462685205, "A09": 0.05780512674054883, "A10": 0.08349187297038702, "A11": 0.0941078967039368, "A12": -0.3108173742906862, "A13": 0.015486839527863831, "A14": -0.03338561048607563, "A15": 0.05966920921862406, "A16": -0.04682966355150944, "A17": 0.06427823083316724, "A18": -0.062100509094063415, "A19": -0.0021749141486764943, "A20": -0.3449905919545439, "A21": 0.30817329160248896, "A22": 0.2875537369881722, "A23": -0.04226299831291049, "A24": 0.032914022922199616, "A25": 0.0015562248086755635, "A26": 0.13672050636309585, "A27": 0.018257386382105483, "A28": -0.05046637910206092, "A29": 0.18755001784107606, "A30": 0.013898247515076003, "A31": 0.054179319426524764, "A32": 0.010691592120836558, "A33": -0.02079850440939438, "A34": 0.01897189623889177, "A35": -0.08540050457947694, "A36": -0.1384548540554627, "A37": -0.013502838442758609, "A38": 0.1815326558800086, "A39": -0.11033155870847405, "A40": 0.037202103360189864, "A41": 0.033655509014534866, "A42": -0.16966104598849688, "A43": 0.333356891462784, "A44": 0.03397150476731642, "A45": 0.057136464183374654, "A46": -0.026870567381494008, "A47": -0.025983509710498055, "A48": -0.13455136249258404, "A49": 0.0700321725611024, "A50": -0.09228380197379112, "A51": 0.029049645296412054, "A52": -0.051601278777319744, "A53": -0.0878314467437467, "A54": 0.17715895843578777, "A55": -0.08371639195955591, "A56": -0.02277861222290323, "A57": -0.04313834325722132, "A58": -0.13575628778044602, "A59": -0.18163344362469647, "A60": 0.04098921023087062, "A61": -0.08255089512309105, "A62": 0.0708639991338411, "A63": 0.044986462231544906, "area_ha": 1.8340466431316276, "centroid_lat": 20.763091256063472, "centroid_lon": 84.72407815517111, "cluster_id": 1, "n_pixels": 183, "perim_m": 1179.6522313178473, "stand_id": 56, "stand_lbl": 96}}, {"type": "Feature", "geometry": {"type": "Polygon", "coordinates": [[[84.71440362877429, 20.762893938432033], [84.71440498697311, 20.762803651691332], [84.71450097890519, 20.762804929140582], [84.71450233704111, 20.762714642399885], [84.71527027232712, 20.76272485997267], [84.71527298766473, 20.762544286383477], [84.71584893875418, 20.762551947243168], [84.71585165337314, 20.76237137358211], [84.7168115713016, 20.762384137276857], [84.71680885781453, 20.762564711054697], [84.71661687395036, 20.76256215872538], [84.71661416021175, 20.762742732476273], [84.71642217614097, 20.76274017990441], [84.71641674811578, 20.763101327352295], [84.71622476362279, 20.76309877451094], [84.71622204933621, 20.763279348207934], [84.71603006464558, 20.763276795133013], [84.71602870738101, 20.763367081963544], [84.71583672260057, 20.763364528664045], [84.7158380799819, 20.7632742418425], [84.71449418813572, 20.763256362835094], [84.71449962076028, 20.762895215881283], [84.71440362877429, 20.762893938432033]]]}, "id": "+789+265", "properties": {"A00": -0.03130809827367721, "A01": -0.07424783196029322, "A02": 0.1574768238905144, "A03": 0.023894759963331003, "A04": -0.0487920871105156, "A05": 0.042017357444582154, "A06": -0.04899693561974116, "A07": 0.12391176337355528, "A08": -0.05114703098490637, "A09": 0.01879689319283817, "A10": 0.14765418612810804, "A11": 0.041540918189874106, "A12": -0.27722230645334006, "A13": 0.04501284377298529, "A14": 0.06630991828852238, "A15": 0.11801998585938207, "A16": -0.04146770359296628, "A17": 0.029805014581688438, "A18": -0.15623929637200068, "A19": -0.06755723782180849, "A20": -0.36347046232337576, "A21": 0.2775101321789041, "A22": 0.16457355349883526, "A23": 0.009958535121276958, "A24": 0.03539745035237528, "A25": 0.043574191978005564, "A26": 0.14649899271867842, "A27": -0.022834914497000126, "A28": -0.07924637747989191, "A29": 0.15236612257515436, "A30": 0.023294505284107245, "A31": 0.09653144556895654, "A32": -0.09571003245352351, "A33": -0.013598340419770528, "A34": 0.06258869843904849, "A35": -0.016371862744957808, "A36": -0.17909569819084292, "A37": 0.1146035369159917, "A38": 0.15376381970254782, "A39": -0.07157177336965456, "A40": 0.0849128257851677, "A41": -0.006302496413445714, "A42": -0.1789092009019321, "A43": 0.29960055735588004, "A44": 0.06605646065440486, "A45": 0.12951123338227036, "A46": 0.03961470066664318, "A47": 0.0029676460224133316, "A48": -0.14079296526830942, "A49": 0.005864586598411127, "A50": -0.03688759201576509, "A51": 0.07777711615819036, "A52": -0.04135966426704752, "A53": -0.05387994285971855, "A54": 0.23239172300096012, "A55": -0.05356383701999449, "A56": -0.03919436096363652, "A57": -0.05043217216964022, "A58": -0.1057450320399411, "A59": -0.22182168039426353, "A60": 0.004989518456894888, "A61": -0.0644286453456753, "A62": 0.18547227400767102, "A63": 0.046155699890050784, "area_ha": 1.6736755973562627, "centroid_lat": 20.762873661384443, "centroid_lon": 84.71562304678343, "cluster_id": 4, "n_pixels": 167, "perim_m": 719.7844980938816, "stand_id": 57, "stand_lbl": 75}}, {"type": "Feature", "geometry": {"type": "MultiPolygon", "coordinates": [[[[84.70422169751569, 20.763209655524786], [84.70412570601479, 20.763208372317333], [84.70412707034012, 20.763118086232407], [84.70422306177812, 20.763119369439856], [84.70422169751569, 20.763209655524786]]], [[[84.70431632479905, 20.76330122477225], [84.70441231637182, 20.763302507880883], [84.70441368053544, 20.763212221786972], [84.7045096720543, 20.763213504832727], [84.70450830794458, 20.763303790935623], [84.70470029112603, 20.7633063568834], [84.70469756312217, 20.76348692911614], [84.70527351351095, 20.76349462575573], [84.70527487718049, 20.763404339598935], [84.70546686058653, 20.76340690471128], [84.70547095119093, 20.763136046213948], [84.70566293428256, 20.76313861106578], [84.70566566109164, 20.76295803870728], [84.70585764398564, 20.76296060332555], [84.70586173379954, 20.76268974474737], [84.70595772508483, 20.76269102695769], [84.70595908828726, 20.76260074075598], [84.70605507951865, 20.76260202290342], [84.70605780577978, 20.76242145048203], [84.70720969985588, 20.76243683195735], [84.70720833740805, 20.76252711823991], [84.70730432868436, 20.762528399686662], [84.70730977818826, 20.762167254529476], [84.70740576924898, 20.762168535895384], [84.70740713154412, 20.762078249594857], [84.70759911356674, 20.76208081216497], [84.7075963891831, 20.762261384783987], [84.70778837146624, 20.76226394716545], [84.70778564728022, 20.762444519802433], [84.7081696123765, 20.762449643963492], [84.70817233610437, 20.762269071272613], [84.70894026573997, 20.762279316926737], [84.70893754291939, 20.762459889716432], [84.70951349113423, 20.762467571776366], [84.7095162132721, 20.762286998914806], [84.70990017844024, 20.76229211917718], [84.70989745676052, 20.762472692083655], [84.71047340540656, 20.7624803709366], [84.71047612640355, 20.762299797949275], [84.71066810911788, 20.762302357114773], [84.71067082985437, 20.762121784109482], [84.71086281237106, 20.762124343032436], [84.71087233393816, 20.761492337374676], [84.7110643156823, 20.761494896001185], [84.71106023539953, 20.76176575561243], [84.71125221751198, 20.761768314059275], [84.71124949752111, 20.761948887154396], [84.71182544472984, 20.76195656129119], [84.71182272538574, 20.762137134449194], [84.71191871672494, 20.76213841329083], [84.71191599746169, 20.762318986466802], [84.71220397187454, 20.762322822722222], [84.71220533133997, 20.762232536116272], [84.71230132276003, 20.76223381476028], [84.71230268216257, 20.762143528145344], [84.71249466492182, 20.7621460852537], [84.71249602419861, 20.76205579862978], [84.71259201553781, 20.762057077094127], [84.71259337475172, 20.76196679047021], [84.7127853573313, 20.761969347228224], [84.71278807550758, 20.761788773944453], [84.71298005788952, 20.76179133045992], [84.7129827758053, 20.761610757149203], [84.7133667402009, 20.76161586949742], [84.71336538147207, 20.761706156184218], [84.71326939030357, 20.76170487816903], [84.71326803151186, 20.761795164846845], [84.71317204029843, 20.761793886768775], [84.71317068143486, 20.76188417343761], [84.71307469017651, 20.76188289530564], [84.71307333125007, 20.76197318196549], [84.71297733993782, 20.76197190377064], [84.71296918591202, 20.762513623675844], [84.71306517756562, 20.762514901906627], [84.71306653653699, 20.76242461524678], [84.71316252813669, 20.762425893423664], [84.7131611692372, 20.762516180083512], [84.71354513595944, 20.762521292243083], [84.71354649464334, 20.762431005565265], [84.71373847793258, 20.762433561308182], [84.71373983649072, 20.762343274612398], [84.71393181969911, 20.76234583013972], [84.71392910279845, 20.762526403558233], [84.71412108626735, 20.762528958887923], [84.7141183695643, 20.762709532324408], [84.71450233704111, 20.762714642399885], [84.71450097890519, 20.762804929140582], [84.71440498697311, 20.762803651691332], [84.71440362877429, 20.762893938432033], [84.71411565283431, 20.76289010576089], [84.7141170112038, 20.76279981904714], [84.71392502740251, 20.76279726367253], [84.7139263858708, 20.762706976967767], [84.71354241857367, 20.7627018656077], [84.71353970116094, 20.762882438972316], [84.71296374975708, 20.762874770261348], [84.71296646785251, 20.762694196968596], [84.71258250084283, 20.762689083470537], [84.71258521936048, 20.762508510222702], [84.71220125292571, 20.76250339591616], [84.71219853394992, 20.76268396911908], [84.70816688862166, 20.762630216654372], [84.70816416483092, 20.76281078933627], [84.70797218181116, 20.76280822731413], [84.70796945776887, 20.76298879996908], [84.70739350820655, 20.762981112546203], [84.7073907834546, 20.763161685120306], [84.70623888374605, 20.76314630434567], [84.70623752066939, 20.76323659056535], [84.70604553737117, 20.763234026342335], [84.7060441741867, 20.76332431253506], [84.70585219079864, 20.76332174808747], [84.70584673750385, 20.76368289283143], [84.70575074558973, 20.763681610504328], [84.70574938218967, 20.76377189667909], [84.70565339023962, 20.763770614289104], [84.70565475369357, 20.76368032812333], [84.70450285146076, 20.76366493533822], [84.70450557971614, 20.763484363141412], [84.70431359634604, 20.76348179695109], [84.70431632479905, 20.76330122477225]]], [[[84.70422169751569, 20.763209655524786], [84.70431768901658, 20.763210938678338], [84.70431632479905, 20.76330122477225], [84.70422033323528, 20.763299941609713], [84.70422169751569, 20.763209655524786]]]]}, "id": "+682+271", "properties": {"A00": -0.021089029132094612, "A01": -0.07189261566289232, "A02": 0.12290181690738954, "A03": 0.034504343272864425, "A04": -0.054931802289176865, "A05": 0.025446521224546426, "A06": -0.09297591855889396, "A07": 0.14322481673236073, "A08": -0.07934721378194683, "A09": 0.02054816051367206, "A10": 0.13695166588916607, "A11": 0.017854981815768094, "A12": -0.2845281037443344, "A13": 0.027000928339550548, "A14": 0.04483169262052034, "A15": 0.11111169417961428, "A16": -0.021610884339418237, "A17": 0.008146324806383132, "A18": -0.14389331474314207, "A19": -0.03579532957018985, "A20": -0.37585449964566686, "A21": 0.2669561864230091, "A22": 0.18803990911576393, "A23": -0.013206412890623588, "A24": 0.03202095294651981, "A25": 0.07113614313595172, "A26": 0.1642697742997439, "A27": -0.030579342019365536, "A28": -0.06679980648469361, "A29": 0.17692223745041782, "A30": 0.01675214523190269, "A31": 0.1031641900770806, "A32": -0.024318857743235806, "A33": -0.009577268050587139, "A34": 0.05292628371563168, "A35": -0.04472440027653401, "A36": -0.1586584940201324, "A37": 0.09026792967625956, "A38": 0.14727262910040673, "A39": -0.10611851070072373, "A40": 0.07452959163732052, "A41": 0.0017792901110876532, "A42": -0.18065197951703074, "A43": 0.32137019735573147, "A44": 0.07826073830732523, "A45": 0.10527358295437245, "A46": 0.021083854047713783, "A47": 0.018794973574770023, "A48": -0.13524532353837088, "A49": 0.047328804322523614, "A50": -0.05945216917189371, "A51": 0.03212710283476642, "A52": -0.034913144841250306, "A53": -0.027283579007166752, "A54": 0.2351179750633839, "A55": -0.07153789926293974, "A56": -0.024120595533614037, "A57": -0.065758830131805, "A58": -0.09984732699022505, "A59": -0.19908995918903316, "A60": 0.026901748086189208, "A61": -0.08992761605064414, "A62": 0.1610748408948183, "A63": 0.06141177466458257, "area_ha": 5.68243540593385, "centroid_lat": 20.76261858125386, "centroid_lon": 84.70930642067425, "cluster_id": 4, "n_pixels": 568, "perim_m": 3378.975306457271, "stand_id": 58, "stand_lbl": 62}}, {"type": "Feature", "geometry": {"type": "Polygon", "coordinates": [[[84.71546497133127, 20.762546840221965], [84.71546768640837, 20.76236626660582], [84.71565966987728, 20.76236882020176], [84.7156650994835, 20.762007672915573], [84.71604906560385, 20.76201277937084], [84.71605042276063, 20.76192249252234], [84.71624240574445, 20.7619250454176], [84.71624376278443, 20.761834758551135], [84.71662772861733, 20.761839863667912], [84.71662908541477, 20.761749576783483], [84.71701305113986, 20.76175468101991], [84.717011694567, 20.76184496793129], [84.71720367758675, 20.761847519739582], [84.71720096463866, 20.76202809358031], [84.71729695627431, 20.762029369421573], [84.71729424341605, 20.76220994327128], [84.71719825167261, 20.76220866742103], [84.71717926007477, 20.763472684171354], [84.71650731246285, 20.763463751144506], [84.71650595546778, 20.763554038001985], [84.71621797785693, 20.763550208735456], [84.71621933503165, 20.763459921895944], [84.71602735010747, 20.763457368794075], [84.71603006464558, 20.763276795133013], [84.71622204933621, 20.763279348207934], [84.71622476362279, 20.76309877451094], [84.71641674811578, 20.763101327352295], [84.71642217614097, 20.76274017990441], [84.71661416021175, 20.762742732476273], [84.71661687395036, 20.76256215872538], [84.71680885781453, 20.762564711054697], [84.7168115713016, 20.762384137276857], [84.71585165337314, 20.76237137358211], [84.71584893875418, 20.762551947243168], [84.71546497133127, 20.762546840221965]]]}, "id": "+794+267", "properties": {"A00": -0.02579359346744088, "A01": -0.07764074004901048, "A02": 0.1411846643231449, "A03": 0.025419002790334367, "A04": -0.0477990177515515, "A05": 0.006329887345926084, "A06": -0.07232937076311419, "A07": 0.14914758799714803, "A08": -0.06453856160621056, "A09": 0.010421486929456531, "A10": 0.13923154791650266, "A11": 0.02372273432595162, "A12": -0.28474308361359796, "A13": 0.03775081986137001, "A14": 0.029488885148561104, "A15": 0.10010343459384405, "A16": -0.018569364686797943, "A17": 0.03192902552625114, "A18": -0.14693395893583758, "A19": -0.05379071438375023, "A20": -0.3704509750454723, "A21": 0.2779769529127671, "A22": 0.19129384789578507, "A23": -0.034466330346587096, "A24": 0.04416460397276327, "A25": 0.039561677034132034, "A26": 0.14944137423912668, "A27": -0.0016422681755865617, "A28": -0.08356095231153082, "A29": 0.16114922751533145, "A30": 0.03843412122439973, "A31": 0.10470569491333141, "A32": -0.04922363703388927, "A33": 0.002432465416933527, "A34": 0.02815417405415495, "A35": -0.05119802035933682, "A36": -0.16745238915177216, "A37": 0.10156585140734817, "A38": 0.15246283622961618, "A39": -0.07615168555586276, "A40": 0.09065944682771607, "A41": -0.0028885942992805526, "A42": -0.15777560722145473, "A43": 0.32980428205835316, "A44": 0.07541521454459518, "A45": 0.10681601117422222, "A46": 0.0184732135278223, "A47": 0.02999907940159589, "A48": -0.12658678024359618, "A49": 0.01534668190203653, "A50": -0.055009331798059086, "A51": 0.04809476867664424, "A52": -0.02270567289646615, "A53": -0.03668039711183305, "A54": 0.22047716415852386, "A55": -0.04679596059082677, "A56": -0.030856139257830092, "A57": -0.058249539857154344, "A58": -0.09001209737874268, "A59": -0.20019139135956718, "A60": 0.028104028456699695, "A61": -0.07478455182928338, "A62": 0.14936147380275883, "A63": 0.06385607564780493, "area_ha": 1.994382247100292, "centroid_lat": 20.762588492380132, "centroid_lon": 84.71660079837952, "cluster_id": 4, "n_pixels": 199, "perim_m": 979.7068412102265, "stand_id": 59, "stand_lbl": 78}}, {"type": "Feature", "geometry": {"type": "Polygon", "coordinates": [[[84.70375538527665, 20.762300378332817], [84.70375674975469, 20.762210092265853], [84.70394873145392, 20.76221265893228], [84.70395146015846, 20.76203208677141], [84.70414344166007, 20.762034653195293], [84.70414617011308, 20.76185408100747], [84.70424216075159, 20.761855364125086], [84.70424488906086, 20.761674791919297], [84.70453286069792, 20.76167864091283], [84.7045342246729, 20.761588354791968], [84.70463021517666, 20.761589637676025], [84.70463157907977, 20.76149935154618], [84.7049195504653, 20.761503199865974], [84.70492091419774, 20.761412913718164], [84.70501690462065, 20.761414196377643], [84.70501826828122, 20.76132391022085], [84.70511425865024, 20.76132519282643], [84.70511153142792, 20.761505765149], [84.70530351241747, 20.761508330207445], [84.7053007853838, 20.761688902556966], [84.70510880416967, 20.76168633746259], [84.70510607688446, 20.761866909776177], [84.70520206760382, 20.76186819236379], [84.70520070400613, 20.761958478520583], [84.70529669478837, 20.76195976106328], [84.70529805833216, 20.76186947488852], [84.70549003980682, 20.76187203979425], [84.70549276663388, 20.761691467426765], [84.70597271987135, 20.761697878676], [84.70596999361022, 20.761878451097385], [84.70606598439247, 20.76187973319991], [84.70606325822118, 20.762060305630275], [84.7062552400372, 20.762062869700575], [84.70625387705036, 20.762153155929234], [84.70634986803023, 20.76215443788803], [84.7063485050973, 20.762244724116687], [84.70625251406352, 20.76224344214891], [84.70625115105872, 20.76233372837757], [84.70615515998004, 20.762332446346914], [84.70615379691236, 20.762422732566588], [84.70605780577978, 20.76242145048203], [84.70605507951865, 20.76260202290342], [84.70595908828726, 20.76260074075598], [84.70595772508483, 20.76269102695769], [84.70586173379954, 20.76268974474737], [84.70585764398564, 20.76296060332555], [84.70566566109164, 20.76295803870728], [84.70566293428256, 20.76313861106578], [84.70547095119093, 20.763136046213948], [84.70546686058653, 20.76340690471128], [84.70527487718049, 20.763404339598935], [84.70527351351095, 20.76349462575573], [84.70469756312217, 20.76348692911614], [84.70470029112603, 20.7633063568834], [84.70450830794458, 20.763303790935623], [84.7045096720543, 20.763213504832727], [84.70441368053544, 20.763212221786972], [84.70441231637182, 20.763302507880883], [84.70431632479905, 20.76330122477225], [84.70431768901658, 20.763210938678338], [84.70422169751569, 20.763209655524786], [84.70422306177812, 20.763119369439856], [84.70412707034012, 20.763118086232407], [84.70412843465645, 20.76302780015646], [84.70403244327234, 20.763026516904095], [84.70403517200383, 20.7628459447522], [84.70393918074548, 20.76284466145492], [84.70394190955781, 20.76266408931201], [84.70384591841625, 20.762662805978795], [84.70385137618466, 20.76230166170196], [84.70375538527665, 20.762300378332817]]]}, "id": "+677+268", "properties": {"A00": 0.014575741687125889, "A01": -0.10417608630267498, "A02": 0.1287573812946812, "A03": 0.04139662063523683, "A04": -0.037656145616051795, "A05": -0.0298748621844049, "A06": -0.08841935969423245, "A07": 0.1752652172898194, "A08": -0.08626058927839675, "A09": 0.025438494943509544, "A10": 0.11896149252342439, "A11": 0.037416742318836974, "A12": -0.29925646673517564, "A13": 0.027815566722553798, "A14": -0.00931139317000962, "A15": 0.07693788861353368, "A16": -0.007646703795395327, "A17": -0.005906304001161662, "A18": -0.08847490488957584, "A19": -0.013420260173340498, "A20": -0.3328408736339748, "A21": 0.28339190913970674, "A22": 0.27868000259444203, "A23": -0.07153130607424914, "A24": 0.032245947243448744, "A25": 0.04760342709771669, "A26": 0.1564471402486258, "A27": 0.012724338544216413, "A28": -0.05857195449415157, "A29": 0.18277716864352483, "A30": 0.02854016038346166, "A31": 0.08193690416593216, "A32": 0.019667653587834927, "A33": -0.024406294226147134, "A34": 0.026422574017999585, "A35": -0.08775954987753477, "A36": -0.17674642043357142, "A37": 0.054602849126470634, "A38": 0.1434997930895838, "A39": -0.14051619694088982, "A40": 0.06430010867735995, "A41": 0.0032922887222939217, "A42": -0.16014146647883198, "A43": 0.3543619209220729, "A44": 0.06121606073710871, "A45": 0.06322485944024561, "A46": -0.009218404075240069, "A47": 0.025737816288999127, "A48": -0.10407822914986148, "A49": 0.056690816521752896, "A50": -0.09242733999100955, "A51": 0.0072533682264592616, "A52": -0.04671499588260554, "A53": -0.03536277284452425, "A54": 0.20899301306648363, "A55": -0.08432990896047403, "A56": -0.03775140213061579, "A57": -0.04988289999775584, "A58": -0.09031007159935664, "A59": -0.17588337204575924, "A60": 0.06578949672070819, "A61": -0.1056719282406581, "A62": 0.09903083525442308, "A63": 0.060913309346276326, "area_ha": 3.8283579137358377, "centroid_lat": 20.76245655998312, "centroid_lon": 84.70498758860143, "cluster_id": 4, "n_pixels": 383, "perim_m": 1139.6508516202662, "stand_id": 60, "stand_lbl": 56}}, {"type": "Feature", "geometry": {"type": "Polygon", "coordinates": [[[84.72353913343527, 20.761931609281614], [84.72354183883752, 20.76175103464139], [84.72392580641315, 20.761756123426796], [84.7239285113303, 20.761575548732672], [84.72402450312764, 20.761576820783045], [84.72402720790106, 20.761396246070955], [84.7241231995906, 20.76139751805845], [84.72412590422029, 20.761216943328392], [84.72431788740174, 20.761219487114733], [84.72432059177092, 20.761038912357726], [84.72451257475474, 20.761041455910505], [84.72451798295411, 20.76068030633361], [84.72461397422144, 20.760681578006693], [84.7246112702565, 20.760862152808613], [84.72489924445375, 20.760865967531416], [84.72489789263298, 20.760956254945853], [84.72508987558088, 20.76095879784286], [84.7250885238679, 20.76104908527526], [84.72528050695952, 20.761051627965657], [84.72527510046694, 20.76141277771323], [84.72546708404366, 20.76141532024193], [84.72546573251933, 20.761505607692296], [84.72556172437056, 20.76150687888029], [84.72556037289115, 20.761597166330656], [84.72584834867843, 20.76160097959819], [84.72583483520482, 20.76250385423662], [84.72573884269782, 20.762502583138456], [84.72572532793065, 20.763405457624174], [84.72562933486668, 20.763404186418214], [84.72562257693063, 20.763855623589205], [84.72552658357921, 20.763854352293414], [84.72552252856605, 20.76412521456367], [84.72475458069465, 20.764115042158174], [84.72475593282984, 20.764024754779673], [84.72465993944247, 20.76402348299879], [84.72466399597378, 20.76375262088125], [84.72447200954942, 20.763750077184742], [84.7244801231151, 20.763208353003556], [84.72428813740039, 20.763205809163317], [84.7242935467496, 20.762844659739137], [84.7241975541348, 20.76284338776063], [84.72420025888128, 20.76266281305752], [84.72410426638325, 20.76266154104308], [84.72410967601095, 20.762300391636863], [84.72391769149999, 20.7622978474912], [84.72392039649799, 20.76211727280606], [84.72372841223856, 20.762114728471747], [84.72372976484087, 20.76202444113816], [84.72363377278302, 20.762023168899137], [84.72363512543023, 20.761932881574534], [84.72353913343527, 20.761931609281614]]]}, "id": "+888+272", "properties": {"A00": 0.008859267754158458, "A01": -0.08374308828729131, "A02": 0.16897668191169346, "A03": 0.03087035978052671, "A04": -0.05267948347070364, "A05": 0.013489661121523106, "A06": -0.05591279867303103, "A07": 0.1477171738077128, "A08": -0.07384572125113804, "A09": 0.03430450230623081, "A10": 0.09999872224063232, "A11": 0.05804511323338543, "A12": -0.29669611898909726, "A13": 0.03830331532631304, "A14": 0.002459066242765817, "A15": 0.08728880424027533, "A16": -0.04427161267029942, "A17": 0.07323374264821339, "A18": -0.08645104239567594, "A19": -0.01573188505538851, "A20": -0.3474601883003931, "A21": 0.3301860983948195, "A22": 0.2336031890096742, "A23": -0.009094564276957954, "A24": 0.03413888287224428, "A25": 0.0029423649400002, "A26": 0.137809800416475, "A27": -0.02366660109261207, "A28": -0.06459539802756445, "A29": 0.1992851494854087, "A30": 0.022786907133346256, "A31": 0.07670182481474182, "A32": -0.040260159670932355, "A33": -0.008820703773866666, "A34": 0.014966858845873066, "A35": -0.045084296886677956, "A36": -0.16486168437268411, "A37": 0.03784110446717861, "A38": 0.15951004012861345, "A39": -0.07792398676380859, "A40": 0.06593593761201785, "A41": 0.02364757573471006, "A42": -0.18560102530762562, "A43": 0.2944693836701346, "A44": 0.028340308881984317, "A45": 0.08730799622317043, "A46": 0.0018542121334897811, "A47": -0.03960778215831663, "A48": -0.14907419906495778, "A49": 0.023184250925153724, "A50": -0.05465737513067802, "A51": 0.05706075440809906, "A52": -0.05471178038710426, "A53": -0.06522614928798678, "A54": 0.18774892773527102, "A55": -0.07833868612138851, "A56": -0.024496795102063266, "A57": -0.03724964914683943, "A58": -0.12173328648882772, "A59": -0.21608597326109671, "A60": -0.0058706247767856155, "A61": -0.05838551711357744, "A62": 0.1270102130255109, "A63": 0.05002944451188348, "area_ha": 5.331769790793328, "centroid_lat": 20.762429735810542, "centroid_lon": 84.72490380347423, "cluster_id": 2, "n_pixels": 533, "perim_m": 1239.6348697330716, "stand_id": 61, "stand_lbl": 98}}, {"type": "Feature", "geometry": {"type": "Polygon", "coordinates": [[[84.71767685427508, 20.762305333071613], [84.71767821047963, 20.7622150461243], [84.71835015312388, 20.762223974066686], [84.71835286472451, 20.76204340008223], [84.71854484817545, 20.76204595041729], [84.71854755952454, 20.761865376405886], [84.71873954276887, 20.761867926498397], [84.71874089831765, 20.76177763947922], [84.71883688989939, 20.76177891444014], [84.7188382453853, 20.76168862742096], [84.71874225386644, 20.761687352460044], [84.71874360939725, 20.761597065440867], [84.71883960086221, 20.7615983403928], [84.71884095633014, 20.76150805336464], [84.71903293917023, 20.761510603088844], [84.7190315838101, 20.761600890125987], [84.71912757530201, 20.761602164916223], [84.71912621999577, 20.76169245196235], [84.71951018624189, 20.761697550602275], [84.71951154132356, 20.76160726353818], [84.71960753284242, 20.761608538058923], [84.71960888786118, 20.761518250976863], [84.71989686230098, 20.761522074206713], [84.71989957197023, 20.76134150000666], [84.72028353753363, 20.761346596840973], [84.72028624671778, 20.761166022596008], [84.72057422062757, 20.761169844622113], [84.72057151178478, 20.76135041890301], [84.72047552036473, 20.761349144939224], [84.72047145688046, 20.761620006338116], [84.72066344007987, 20.761622554256704], [84.72066208568094, 20.76171284139266], [84.72200596967586, 20.761730670902892], [84.7220073232753, 20.761640383677104], [84.7221033149828, 20.76164165680546], [84.72210602204693, 20.761461082335913], [84.72201003044722, 20.761459809225528], [84.72201679826475, 20.761008373060648], [84.722112789577, 20.761009646153067], [84.72211414305964, 20.760919358909312], [84.72221013432699, 20.760920631938852], [84.72221148774675, 20.760830344686113], [84.72249946140502, 20.760834163424384], [84.72250081465411, 20.760743876162664], [84.72259680583161, 20.76074514895864], [84.72259815900884, 20.760654861687936], [84.72288613241558, 20.76065867975247], [84.72287936730199, 20.76111011620481], [84.72278337588195, 20.761108843534597], [84.72278202277658, 20.761199130823268], [84.7228780142595, 20.761200403493483], [84.72287260201772, 20.7615615526302], [84.72306458545968, 20.761564097853846], [84.72306323249805, 20.7616543851515], [84.7231592242864, 20.761655657686966], [84.7231538125836, 20.762016806877583], [84.72324980460552, 20.76201807939508], [84.72324845171575, 20.762108366692736], [84.72334444380954, 20.762109639156336], [84.72334038527498, 20.762380501067266], [84.72324439301052, 20.7623792285857], [84.7232430400938, 20.762469515883353], [84.72314704778442, 20.76246824334789], [84.72314434181624, 20.762648817925232], [84.72304834939906, 20.7626475453179], [84.7230469963476, 20.76273783259759], [84.72275901897031, 20.76273401444322], [84.72276037219245, 20.7626437271815], [84.72228041032217, 20.762637362545846], [84.72227770330296, 20.762817937006407], [84.72237369577404, 20.762819210053912], [84.72237098883568, 20.76299978453244], [84.72246698143252, 20.763001057535032], [84.722464274575, 20.76318163201356], [84.72256026728863, 20.763182904980216], [84.72255756052094, 20.763363479467728], [84.72217358925323, 20.763358387241773], [84.72217223562686, 20.763448674467565], [84.7220762427695, 20.763447401267346], [84.72207488908023, 20.76353768848415], [84.72140293889014, 20.76352877456447], [84.72140023069413, 20.76370934890825], [84.72130423772899, 20.763708075258872], [84.72130288356361, 20.76379836242178], [84.72139887659164, 20.763799636071155], [84.72139752247118, 20.763889923234064], [84.7212055363163, 20.76388737587243], [84.72120689054456, 20.763797088718505], [84.72101490452444, 20.763794541159243], [84.72101625886049, 20.7637042540143], [84.72044030132113, 20.763696610069886], [84.720443010658, 20.76351603585187], [84.72034701787251, 20.763514761690452], [84.72034972729023, 20.76333418748142], [84.72044571995893, 20.76333546163385], [84.72045113847095, 20.762974313179853], [84.72064312337717, 20.762976861278105], [84.72064447787493, 20.762886574151132], [84.72074047028312, 20.762887848114918], [84.72074182471799, 20.76279756097896], [84.72083781707228, 20.762798834879863], [84.72084458884238, 20.762347399164142], [84.72065260470872, 20.762344851362332], [84.72065395915257, 20.762254564226374], [84.72046197515365, 20.762252016226938], [84.72046468425695, 20.76207144197299], [84.72036869238775, 20.762070167910387], [84.7203714015719, 20.761889593665423], [84.72027540981948, 20.761888319557904], [84.72027811908448, 20.76170774532192], [84.72008613583117, 20.761705196963156], [84.72008478108188, 20.761795484072167], [84.71998878941031, 20.76179420980295], [84.71998743460713, 20.761884496902976], [84.71989144288166, 20.761883222579865], [84.71989008800661, 20.761973509670906], [84.71950612096099, 20.761968411812518], [84.71950476585239, 20.76205869887661], [84.71902480692857, 20.762052325311704], [84.71902209611848, 20.76223289938599], [84.7189261042403, 20.762231624496938], [84.71892339328646, 20.762412198553257], [84.71930736130226, 20.76241729781302], [84.71930465077962, 20.762597871914252], [84.71949663505701, 20.7626004212432], [84.71949527989452, 20.762690708307293], [84.71872734250645, 20.762680509626072], [84.71872869811811, 20.76259022261588], [84.71834472983282, 20.76258512201763], [84.71834608566007, 20.762494835034385], [84.71815410167014, 20.762492284429833], [84.71815545761419, 20.762401997446588], [84.71777148994872, 20.762396895617645], [84.71777284611734, 20.76230660866135], [84.71767685427508, 20.762305333071613]]]}, "id": "+845+270", "properties": {"A00": 0.045932056849900205, "A01": -0.11478652304692319, "A02": 0.1322292953931752, "A03": 0.018956007007548945, "A04": -0.027994247915578217, "A05": -0.08665256027869615, "A06": -0.09124161910659978, "A07": 0.1953838324516217, "A08": -0.0834498689004065, "A09": 0.05917513354983532, "A10": 0.09564370148739887, "A11": 0.056505909148070285, "A12": -0.3019393666278609, "A13": 0.00993829360972089, "A14": -0.057512669553229624, "A15": 0.05355747882265357, "A16": -0.002722506564157444, "A17": 0.00618626170981559, "A18": -0.06040976402246452, "A19": -0.042254468191996734, "A20": -0.33358958406248823, "A21": 0.29247026312313995, "A22": 0.2976001113402805, "A23": -0.08512547685062223, "A24": 0.03422615499156664, "A25": 0.026588352299242463, "A26": 0.12851928072524155, "A27": 0.06751616768861299, "A28": -0.046903144975393454, "A29": 0.1425912022129658, "A30": 0.043169140518923135, "A31": 0.07160416099345213, "A32": 0.031174009101523844, "A33": -0.029887133337965617, "A34": 0.024444482343747607, "A35": -0.11527398680467829, "A36": -0.17717208299754772, "A37": 0.016464302396989944, "A38": 0.165108796305347, "A39": -0.1331604824095106, "A40": 0.07725882083784334, "A41": 0.02418801961613959, "A42": -0.13968946724512663, "A43": 0.3738032906331101, "A44": 0.06109737194535625, "A45": 0.026126472625725098, "A46": -0.0519534136171525, "A47": 0.044846317069557884, "A48": -0.08712247450545635, "A49": 0.04452403208982758, "A50": -0.1071485787582479, "A51": 0.012220393289980112, "A52": -0.025768422586062188, "A53": -0.050432194951520036, "A54": 0.17081518372281926, "A55": -0.06615929079823742, "A56": -0.02878158625795427, "A57": -0.038173941223154005, "A58": -0.11100765710366105, "A59": -0.14180463071880128, "A60": 0.07756908651526287, "A61": -0.12349053616464693, "A62": 0.055502885450818024, "A63": 0.07638141196720348, "area_ha": 7.576691918191538, "centroid_lat": 20.76229503620891, "centroid_lon": 84.72124643924303, "cluster_id": 2.999999999999996, "n_pixels": 758, "perim_m": 2679.205459255452, "stand_id": 62, "stand_lbl": 91}}, {"type": "Feature", "geometry": {"type": "MultiPolygon", "coordinates": [[[[84.70894026573997, 20.762279316926737], [84.70932423072844, 20.7622844384737], [84.70932150836602, 20.76246501130831], [84.70893754291939, 20.762459889716432], [84.70894026573997, 20.762279316926737]]], [[[84.70894026573997, 20.762279316926737], [84.70817233610437, 20.762269071272613], [84.7081696123765, 20.762449643963492], [84.70778564728022, 20.762444519802433], [84.70778837146624, 20.76226394716545], [84.7075963891831, 20.762261384783987], [84.70759911356674, 20.76208081216497], [84.70740713154412, 20.762078249594857], [84.70740576924898, 20.762168535895384], [84.70730977818826, 20.762167254529476], [84.70730432868436, 20.762528399686662], [84.70720833740805, 20.76252711823991], [84.70720969985588, 20.76243683195735], [84.70615379691236, 20.762422732566588], [84.70615515998004, 20.762332446346914], [84.70625115105872, 20.76233372837757], [84.70625251406352, 20.76224344214891], [84.7063485050973, 20.762244724116687], [84.70634986803023, 20.76215443788803], [84.70625387705036, 20.762153155929234], [84.7062552400372, 20.762062869700575], [84.70606325822118, 20.762060305630275], [84.70606598439247, 20.76187973319991], [84.70596999361022, 20.761878451097385], [84.70597271987135, 20.761697878676], [84.70626069190367, 20.761701724785937], [84.70626205484558, 20.761611438548297], [84.7063580454841, 20.761612720471156], [84.70635940837211, 20.761522434233513], [84.70703134261711, 20.76153140614843], [84.70702861764057, 20.761711978713546], [84.7077005530444, 20.761720948086232], [84.70770191513292, 20.76163066176774], [84.70779790587923, 20.761631942882115], [84.70779926790486, 20.76154165655464], [84.70799124930765, 20.761544218621697], [84.7079926112165, 20.761453932276257], [84.70808860186399, 20.761455213219953], [84.70808724000904, 20.76154549957438], [84.70875917517931, 20.761554464742947], [84.70876189808074, 20.76137389195325], [84.70895387939369, 20.761376452924363], [84.70896476978666, 20.7606541616488], [84.70915675021926, 20.760656722314483], [84.70915811137353, 20.760566435888194], [84.70935009172528, 20.760568996320316], [84.70934873067881, 20.76065928275559], [84.71011665282246, 20.760669522391], [84.71011393162784, 20.760850095369342], [84.70982596043096, 20.76084625586202], [84.70982459965398, 20.760936542333223], [84.7097286092131, 20.76093526238666], [84.70972724837324, 20.761025548839896], [84.70953526740165, 20.761022988776084], [84.70953254547041, 20.761203561664594], [84.7093405642922, 20.76120100136722], [84.70933511989072, 20.761562147081356], [84.70904714749908, 20.761558306154697], [84.70904578621007, 20.76164859256302], [84.70894979537393, 20.761647312140347], [84.70894843402203, 20.761737598539685], [84.70875645225094, 20.761735037523657], [84.70875372928663, 20.761915610295386], [84.70894571129128, 20.761918171338365], [84.70894026573997, 20.762279316926737]]]]}, "id": "+698+257", "properties": {"A00": -0.0009634114867837395, "A01": -0.07724682684927517, "A02": 0.12268906555359965, "A03": 0.03620339012861082, "A04": -0.04977051161235466, "A05": 0.016525351005071597, "A06": -0.10026604289751065, "A07": 0.16498108964479932, "A08": -0.08865611625758636, "A09": 0.022707924115712097, "A10": 0.13041970274651546, "A11": 0.04252168423884404, "A12": -0.27622091477738875, "A13": 0.017234667762726537, "A14": 0.025351108859473212, "A15": 0.09477581961870353, "A16": -0.009626511095040416, "A17": 0.017072110019664334, "A18": -0.11680941853114506, "A19": -0.007334888785660006, "A20": -0.3784010227502587, "A21": 0.27014850399475754, "A22": 0.2402914772656828, "A23": -0.051873240682803, "A24": 0.04158055815810422, "A25": 0.035394348610807494, "A26": 0.17066249433650865, "A27": -0.020831616158349702, "A28": -0.06833038640026629, "A29": 0.19186881203520736, "A30": 0.011854122737447766, "A31": 0.1212709165737943, "A32": 0.027616954548497948, "A33": -0.0059634050468642934, "A34": 0.012392855681886602, "A35": -0.06823790454691474, "A36": -0.1563018176844052, "A37": 0.039780802200219935, "A38": 0.13027718730055599, "A39": -0.11225876123017856, "A40": 0.06497257736793145, "A41": 0.011644396431171255, "A42": -0.16848790106690917, "A43": 0.3380100163135691, "A44": 0.08463450799106254, "A45": 0.09288576440709886, "A46": 0.013404985577015234, "A47": 0.006954207542398494, "A48": -0.111591620844767, "A49": 0.05641915900985456, "A50": -0.06538219427856176, "A51": 0.0029988801369087077, "A52": -0.04364093520642608, "A53": -0.03978632456800362, "A54": 0.21551274348978844, "A55": -0.08423332446468539, "A56": -0.00459358652428388, "A57": -0.07303258160398662, "A58": -0.08506396965030488, "A59": -0.2083441977943771, "A60": 0.030853416135656408, "A61": -0.08753832984582154, "A62": 0.13506917693746642, "A63": 0.0479672229480602, "area_ha": 3.257122974717377, "centroid_lat": 20.761758596577646, "centroid_lon": 84.70795035168422, "cluster_id": 4, "n_pixels": 326, "perim_m": 1639.5012915106577, "stand_id": 63, "stand_lbl": 60}}, {"type": "Feature", "geometry": {"type": "Polygon", "coordinates": [[[84.70990290008402, 20.762111546261718], [84.70991106486265, 20.761569827497375], [84.71010304657985, 20.761572387210844], [84.7101071285245, 20.76130152777028], [84.7102031192259, 20.7613028075282], [84.71020447980524, 20.761212521048012], [84.71030047045274, 20.76121380074305], [84.7103031914677, 20.761033227755725], [84.71039918201637, 20.761034507387883], [84.71040190288761, 20.76085393438259], [84.7104978933285, 20.760855213951864], [84.71049381217435, 20.761126073473275], [84.71058980278592, 20.761127352997633], [84.71058844244013, 20.761217639513756], [84.71087641449041, 20.761221477799367], [84.71087369413122, 20.761402050849576], [84.71096968494041, 20.761403330185285], [84.71096832480124, 20.761493616719374], [84.71087233393816, 20.761492337374676], [84.71086281237106, 20.762124343032436], [84.71067082985437, 20.762121784109482], [84.71066810911788, 20.762302357114773], [84.71047612640355, 20.762299797949275], [84.71047340540656, 20.7624803709366], [84.71008943960959, 20.762475251913905], [84.71009488248393, 20.762114106047054], [84.70990290008402, 20.762111546261718]]]}, "id": "+731+256", "properties": {"A00": -0.05006199541588258, "A01": -0.06168391674125382, "A02": 0.16388329914730163, "A03": 0.02096627362266194, "A04": -0.052765797153493284, "A05": 0.03718862978130103, "A06": -0.06851814549419374, "A07": 0.1383451497419758, "A08": -0.0555425716665021, "A09": -0.010686030585084681, "A10": 0.1225908798895099, "A11": -0.007678284884016998, "A12": -0.27464863723628236, "A13": 0.04164795115622792, "A14": 0.03961790826629532, "A15": 0.12122133496227695, "A16": -0.027251787132957287, "A17": 0.05722713536075949, "A18": -0.12124043965906847, "A19": -0.07140412120703059, "A20": -0.385511973683657, "A21": 0.31788801759435314, "A22": 0.18225665402685964, "A23": -0.014000861738883994, "A24": 0.03859888728959523, "A25": 0.04530485890726521, "A26": 0.1511825804639933, "A27": -0.031351621906696964, "A28": -0.08635179245344972, "A29": 0.15189797898755464, "A30": 0.05093332927513068, "A31": 0.117503635650162, "A32": -0.05665445281370093, "A33": 0.015692806643120435, "A34": 0.020343703181485373, "A35": -0.04270372717993411, "A36": -0.18849844276304298, "A37": 0.12552002764296638, "A38": 0.14656839335717828, "A39": -0.06947388682262667, "A40": 0.12907027293025075, "A41": 0.0025653890288614882, "A42": -0.17418124381315797, "A43": 0.2896080168692249, "A44": 0.06493975421212526, "A45": 0.10520875862372976, "A46": 0.008482698981599547, "A47": 0.0006022275206933945, "A48": -0.12764643617255328, "A49": 0.0206141480977352, "A50": -0.03930981455468874, "A51": 0.08904504192040753, "A52": -0.04360698336455433, "A53": -0.01521194203203565, "A54": 0.20754006784984502, "A55": -0.033076436679435446, "A56": -0.0051587378156102886, "A57": -0.060588828373694524, "A58": -0.1056497263839444, "A59": -0.21426517184816948, "A60": 0.003471691067593179, "A61": -0.05630482512823349, "A62": 0.157849345754422, "A63": 0.07686608037435501, "area_ha": 1.1926117116250294, "centroid_lat": 20.76175527358702, "centroid_lon": 84.7104161559539, "cluster_id": 2, "n_pixels": 119, "perim_m": 579.8240956442054, "stand_id": 64, "stand_lbl": 67}}, {"type": "Feature", "geometry": {"type": "Polygon", "coordinates": [[[84.70875372928663, 20.761915610295386], [84.70875645225094, 20.761735037523657], [84.70894843402203, 20.761737598539685], [84.70894979537393, 20.761647312140347], [84.70904578621007, 20.76164859256302], [84.70904714749908, 20.761558306154697], [84.70933511989072, 20.761562147081356], [84.7093405642922, 20.76120100136722], [84.70953254547041, 20.761203561664594], [84.70953526740165, 20.761022988776084], [84.70972724837324, 20.761025548839896], [84.7097286092131, 20.76093526238666], [84.70982459965398, 20.760936542333223], [84.70982596043096, 20.76084625586202], [84.71011393162784, 20.760850095369342], [84.71011665282246, 20.760669522391], [84.71030863342575, 20.760672081772093], [84.71030591246469, 20.760852654768403], [84.71040190288761, 20.76085393438259], [84.71039918201637, 20.761034507387883], [84.7103031914677, 20.761033227755725], [84.71030047045274, 20.76121380074305], [84.71020447980524, 20.761212521048012], [84.7102031192259, 20.7613028075282], [84.7101071285245, 20.76130152777028], [84.71010304657985, 20.761572387210844], [84.70991106486265, 20.761569827497375], [84.70990290008402, 20.762111546261718], [84.71009488248393, 20.762114106047054], [84.71008943960959, 20.762475251913905], [84.70989745676052, 20.762472692083655], [84.70990017844024, 20.76229211917718], [84.7095162132721, 20.762286998914806], [84.70951349113423, 20.762467571776366], [84.70932150836602, 20.76246501130831], [84.70932423072844, 20.7622844384737], [84.70894026573997, 20.762279316926737], [84.70894571129128, 20.761918171338365], [84.70875372928663, 20.761915610295386]]]}, "id": "+727+256", "properties": {"A00": -0.04189200835603055, "A01": -0.05738434610537623, "A02": 0.16828003602698666, "A03": 0.014793698540003168, "A04": -0.05109777401431998, "A05": 0.06587625838292652, "A06": -0.06647190795883588, "A07": 0.12501259764668463, "A08": -0.04019924893278907, "A09": 0.020284160378315482, "A10": 0.12349727343626911, "A11": 0.024525884488794215, "A12": -0.25715369026560914, "A13": 0.040407955380079526, "A14": 0.07229715533834921, "A15": 0.13319887745074183, "A16": -0.052432391512429934, "A17": 0.0633591204195022, "A18": -0.13926318747886524, "A19": -0.06564036344315989, "A20": -0.3741731119837435, "A21": 0.30613468101053265, "A22": 0.15622739769809582, "A23": 0.0003676171259297647, "A24": 0.033625503276956625, "A25": 0.020499248553464546, "A26": 0.1536073548092916, "A27": -0.0457295510163675, "A28": -0.07385226789871274, "A29": 0.1614085499421811, "A30": 0.029951076677752923, "A31": 0.11969858407929365, "A32": -0.08570501500298301, "A33": -0.007698226211040672, "A34": 0.028141962598555392, "A35": -0.0053186278291413435, "A36": -0.18306321657282335, "A37": 0.11795639238734311, "A38": 0.1386519895536353, "A39": -0.05130256434315503, "A40": 0.09508080578116637, "A41": 0.007082457076230332, "A42": -0.1892401655055729, "A43": 0.27613818615530167, "A44": 0.06154940360992678, "A45": 0.13032639967665718, "A46": 0.03095365582852722, "A47": -0.010886436264951055, "A48": -0.13779989193207215, "A49": 0.004232244022677467, "A50": -0.01236708765405492, "A51": 0.09002884448837158, "A52": -0.056709260621802274, "A53": -0.05238695401965428, "A54": 0.21526965563686398, "A55": -0.04026613594744245, "A56": -0.007687620948962436, "A57": -0.05009459329673994, "A58": -0.10911074695956849, "A59": -0.23336145221810747, "A60": -0.02078779583153066, "A61": -0.05312757747232148, "A62": 0.17610738104784368, "A63": 0.048422186612259915, "area_ha": 1.6135319395315297, "centroid_lat": 20.76165438653986, "centroid_lon": 84.70962742515596, "cluster_id": 5, "n_pixels": 161, "perim_m": 819.7510955981423, "stand_id": 65, "stand_lbl": 63}}, {"type": "Feature", "geometry": {"type": "Polygon", "coordinates": [[[84.7154839762601, 20.761282824846067], [84.71529199418357, 20.76128027118724], [84.71529063662257, 20.761370557990823], [84.7150986544652, 20.761368004098436], [84.71509729677842, 20.76145829089303], [84.71471333231996, 20.76145318245249], [84.71472012180483, 20.761001748587297], [84.71481611262301, 20.761003025749087], [84.71481747043555, 20.760912738972454], [84.71500945198207, 20.760915293125354], [84.71501080967782, 20.760825006330755], [84.71510680040616, 20.760826283321865], [84.71510815803903, 20.76073599651828], [84.7153001393969, 20.760738550320838], [84.71530285441112, 20.76055797669571], [84.71549483558034, 20.7605605302647], [84.71549347819001, 20.76065081708625], [84.71578145015945, 20.760654647053464], [84.7157773784556, 20.76092550758997], [84.71625733274409, 20.760931889886503], [84.71625868969424, 20.760841603011055], [84.7165466621847, 20.760845431729614], [84.71654530539625, 20.760935718623024], [84.7172172418511, 20.760944650464097], [84.71721452905572, 20.76112522433177], [84.71731052011644, 20.761126500110155], [84.71731187646473, 20.761036213171824], [84.71750385850532, 20.76103876454893], [84.71750250227382, 20.76112905149624], [84.71817444003123, 20.76113797968117], [84.71817715168575, 20.760957405696715], [84.71836913373532, 20.760959956094656], [84.71837184513831, 20.76077938208325], [84.71904378175486, 20.760788306728816], [84.71904513705212, 20.760698019673708], [84.71914112796911, 20.760699294401064], [84.71913977273474, 20.760789581456173], [84.71952373670811, 20.760794679862535], [84.7195291566844, 20.760433531534296], [84.71933717514686, 20.760430982492814], [84.71933988531916, 20.760250408346664], [84.71924389467166, 20.760249133754055], [84.71924524980723, 20.76015884668098], [84.71914925922262, 20.760157572043457], [84.71915332474606, 20.75988671085118], [84.71924931515998, 20.759887985470737], [84.7192506702686, 20.759797698406643], [84.71934666062863, 20.759798972963317], [84.71934801567436, 20.75970868588126], [84.72040390951794, 20.759722702456333], [84.72040255510105, 20.759812989601276], [84.72049854555091, 20.759814263520145], [84.72049448243494, 20.76008512496395], [84.7203984918144, 20.760083851027115], [84.72039307399407, 20.760444999588913], [84.72048906484818, 20.7604462735527], [84.72048771043127, 20.760536560697638], [84.72058370133928, 20.760537834607526], [84.72058099260428, 20.760718408906392], [84.72067698363806, 20.760719682771363], [84.72067562931099, 20.760809969925287], [84.72048364713565, 20.760807422114496], [84.72048093823896, 20.760987996395393], [84.72038494705248, 20.760986722395675], [84.72038223801206, 20.76116729665861], [84.72028624671778, 20.761166022596008], [84.72028353753363, 20.761346596840973], [84.71989957197023, 20.76134150000666], [84.71989686230098, 20.761522074206713], [84.71960888786118, 20.761518250976863], [84.71960753284242, 20.761608538058923], [84.71951154132356, 20.76160726353818], [84.71951018624189, 20.761697550602275], [84.71912621999577, 20.76169245196235], [84.71912757530201, 20.761602164916223], [84.7190315838101, 20.761600890125987], [84.71903293917023, 20.761510603088844], [84.71884095633014, 20.76150805336464], [84.71883960086221, 20.7615983403928], [84.71874360939725, 20.761597065440867], [84.71874225386644, 20.761687352460044], [84.7188382453853, 20.76168862742096], [84.71883688989939, 20.76177891444014], [84.71874089831765, 20.76177763947922], [84.71873954276887, 20.761867926498397], [84.71854755952454, 20.761865376405886], [84.71854484817545, 20.76204595041729], [84.71835286472451, 20.76204340008223], [84.71835015312388, 20.762223974066686], [84.71739023517746, 20.76221121906763], [84.71739294791894, 20.762030645199957], [84.71720096463866, 20.76202809358031], [84.71720367758675, 20.761847519739582], [84.717011694567, 20.76184496793129], [84.71701305113986, 20.76175468101991], [84.71662908541477, 20.761749576783483], [84.71662772861733, 20.761839863667912], [84.71624376278443, 20.761834758551135], [84.71624240574445, 20.7619250454176], [84.71605042276063, 20.76192249252234], [84.71604906560385, 20.76201277937084], [84.7156650994835, 20.762007672915573], [84.71565966987728, 20.76236882020176], [84.71546768640837, 20.76236626660582], [84.71546497133127, 20.762546840221965], [84.71527298766473, 20.762544286383477], [84.71527027232712, 20.76272485997267], [84.7141183695643, 20.762709532324408], [84.71412108626735, 20.762528958887923], [84.7140250945329, 20.762527681250027], [84.71402645292933, 20.762437394536278], [84.71431442797999, 20.762441227270305], [84.71431986081116, 20.762080080334457], [84.71460783525096, 20.76208391252051], [84.7146091932701, 20.761993625761846], [84.71470518470812, 20.761994903040414], [84.71470654266439, 20.76190461628175], [84.7148025340485, 20.76190589350642], [84.71480389194188, 20.76181560672979], [84.71499587462927, 20.76181816100845], [84.71499723239688, 20.761727874222835], [84.71509322369117, 20.761729151267843], [84.7150945813959, 20.76163886448223], [84.71528656389464, 20.761641418410548], [84.71528927905258, 20.761460844794403], [84.71538527020313, 20.761462121668732], [84.71538662771025, 20.761371834856167], [84.71548261880689, 20.761373111667613], [84.7154839762601, 20.761282824846067]], [[84.71739294791894, 20.762030645199957], [84.71758493121716, 20.76203319660401], [84.71758628746663, 20.76194290966568], [84.7173943042762, 20.76194035827061], [84.71739294791894, 20.762030645199957]], [[84.71558132469318, 20.76119381477308], [84.71567731569102, 20.761195091467748], [84.71567867300948, 20.761104804637217], [84.71558268206554, 20.761103527951533], [84.71558132469318, 20.76119381477308]], [[84.71558132469318, 20.76119381477308], [84.71548533369534, 20.7611925380335], [84.7154839762601, 20.761282824846067], [84.71557996730286, 20.76128410160361], [84.71558132469318, 20.76119381477308]]]}, "id": "+781+258", "properties": {"A00": 0.010456366189952127, "A01": -0.08066985491940987, "A02": 0.0980987409210557, "A03": 0.03727049996568036, "A04": -0.042880091086957485, "A05": -0.050010062216027516, "A06": -0.12199726027889418, "A07": 0.19787751017086042, "A08": -0.08828100276435887, "A09": 0.03400296044490579, "A10": 0.12918534617501615, "A11": 0.04208466552761779, "A12": -0.28046755586923433, "A13": 0.0016257861542904705, "A14": -0.016946633135261405, "A15": 0.07459539127305394, "A16": 0.036366126457601906, "A17": -0.013080545090548502, "A18": -0.12738347777198938, "A19": -0.03037677282325266, "A20": -0.34622055809879015, "A21": 0.2222435826500024, "A22": 0.27107889745795116, "A23": -0.09111629056143937, "A24": 0.06028426794944346, "A25": 0.05153535890050755, "A26": 0.16351284441079394, "A27": 0.036933985910991285, "A28": -0.07135259023155689, "A29": 0.1757864673328506, "A30": 0.03450193055728511, "A31": 0.12427149180824519, "A32": 0.07760632333755832, "A33": -0.004589346565133479, "A34": 0.005684693080714399, "A35": -0.10357378851937878, "A36": -0.16669741670018076, "A37": 0.026575670326035434, "A38": 0.14139331560752072, "A39": -0.10952146906059361, "A40": 0.07756812103319498, "A41": 0.0022022529509214024, "A42": -0.13897880681251196, "A43": 0.3716133734940901, "A44": 0.10397794318582768, "A45": 0.03229598724273078, "A46": -0.007129748784639584, "A47": 0.08353522334743366, "A48": -0.08561041480829339, "A49": 0.0459211318242875, "A50": -0.06877323251484735, "A51": -0.02777746460556085, "A52": -0.021676025577249607, "A53": -0.024955232295293152, "A54": 0.20227271408703354, "A55": -0.07549001209144436, "A56": 0.0028184547052233886, "A57": -0.05600480807065013, "A58": -0.07479496461332728, "A59": -0.15992205719882846, "A60": 0.063246216860822, "A61": -0.11156312286303358, "A62": 0.07941183242508076, "A63": 0.07546249218633418, "area_ha": 8.749236255669913, "centroid_lat": 20.761313743185625, "centroid_lon": 84.71750231768158, "cluster_id": 4, "n_pixels": 875, "perim_m": 2839.1522552121633, "stand_id": 66, "stand_lbl": 83}}, {"type": "Feature", "geometry": {"type": "MultiPolygon", "coordinates": [[[[84.71165929678155, 20.760238558463136], [84.71166065641766, 20.760148271875153], [84.71175664649023, 20.760149550689842], [84.71175528690802, 20.76023983728681], [84.71165929678155, 20.760238558463136]]], [[[84.71558132469318, 20.76119381477308], [84.71558268206554, 20.761103527951533], [84.71567867300948, 20.761104804637217], [84.71567731569102, 20.761195091467748], [84.71558132469318, 20.76119381477308]]], [[[84.71165929678155, 20.760238558463136], [84.71165793713645, 20.760328845051124], [84.7117539273258, 20.76033012388378], [84.71175120812543, 20.76051069706873], [84.71194318875567, 20.760513254599296], [84.71194454823907, 20.760422967993343], [84.71204053850927, 20.760424246673285], [84.71203917907978, 20.76051453327924], [84.71213516941286, 20.760515811914264], [84.71213381002828, 20.7606060985292], [84.71222980042424, 20.760607377110325], [84.71222844109354, 20.760697663734245], [84.71242042202023, 20.760700220752767], [84.71242178123414, 20.760609934119866], [84.71280574295275, 20.760615047483178], [84.71280166595781, 20.760885907453744], [84.71289765656938, 20.76088718568453], [84.7128949386536, 20.761067758995246], [84.71299092939093, 20.761069037181116], [84.7129922882994, 20.760978750521264], [84.71308827898284, 20.76098002864425], [84.71308963782843, 20.76088974197542], [84.71328161911444, 20.76089229805071], [84.71328297783427, 20.76080201136391], [84.71337896842786, 20.760803289316218], [84.71338032708482, 20.760713002629416], [84.71357230819116, 20.760715558363348], [84.71357366672235, 20.760625271658583], [84.71376564773885, 20.760627827167937], [84.71376700615326, 20.760537540445203], [84.71395898707995, 20.76054009572998], [84.71396034537757, 20.760449808998263], [84.7141523262234, 20.760452364049478], [84.71415368439527, 20.760362077308777], [84.7145376459432, 20.76036718674645], [84.7145403618108, 20.76018661320217], [84.71492432302637, 20.760191721741528], [84.71492703840889, 20.760011148152334], [84.71531099928309, 20.760016255784393], [84.7153082843587, 20.760196829427485], [84.71550026506081, 20.76019938294258], [84.7154989077064, 20.760289669773112], [84.71540291729248, 20.76028839303353], [84.71539884499573, 20.760559253507157], [84.71530285441112, 20.76055797669571], [84.7153001393969, 20.760738550320838], [84.71510815803903, 20.76073599651828], [84.71510680040616, 20.760826283321865], [84.71501080967782, 20.760825006330755], [84.71500945198207, 20.760915293125354], [84.71481747043555, 20.760912738972454], [84.71481611262301, 20.761003025749087], [84.71472012180483, 20.761001748587297], [84.71471333231996, 20.76145318245249], [84.71509729677842, 20.76145829089303], [84.7150986544652, 20.761368004098436], [84.71529063662257, 20.761370557990823], [84.71529199418357, 20.76128027118724], [84.7154839762601, 20.761282824846067], [84.71548261880689, 20.761373111667613], [84.71538662771025, 20.761371834856167], [84.71538527020313, 20.761462121668732], [84.71528927905258, 20.761460844794403], [84.71528656389464, 20.761641418410548], [84.7150945813959, 20.76163886448223], [84.71509322369117, 20.761729151267843], [84.71499723239688, 20.761727874222835], [84.71499587462927, 20.76181816100845], [84.71480389194188, 20.76181560672979], [84.7148025340485, 20.76190589350642], [84.71470654266439, 20.76190461628175], [84.71470518470812, 20.761994903040414], [84.7146091932701, 20.761993625761846], [84.71460783525096, 20.76208391252051], [84.71431986081116, 20.762080080334457], [84.71431442797999, 20.762441227270305], [84.71402645292933, 20.762437394536278], [84.7140250945329, 20.762527681250027], [84.71392910279845, 20.762526403558233], [84.71393181969911, 20.76234583013972], [84.71373983649072, 20.762343274612398], [84.71373847793258, 20.762433561308182], [84.71354649464334, 20.762431005565265], [84.71354513595944, 20.762521292243083], [84.7131611692372, 20.762516180083512], [84.71316252813669, 20.762425893423664], [84.71306653653699, 20.76242461524678], [84.71306517756562, 20.762514901906627], [84.71296918591202, 20.762513623675844], [84.71297733993782, 20.76197190377064], [84.71307333125007, 20.76197318196549], [84.71307469017651, 20.76188289530564], [84.71317068143486, 20.76188417343761], [84.71317204029843, 20.761793886768775], [84.71326803151186, 20.761795164846845], [84.71326939030357, 20.76170487816903], [84.71336538147207, 20.761706156184218], [84.7133667402009, 20.76161586949742], [84.7129827758053, 20.761610757149203], [84.71298005788952, 20.76179133045992], [84.71278807550758, 20.761788773944453], [84.7127853573313, 20.761969347228224], [84.71259337475172, 20.76196679047021], [84.71259201553781, 20.762057077094127], [84.71249602419861, 20.76205579862978], [84.71249466492182, 20.7621460852537], [84.71230268216257, 20.762143528145344], [84.71230132276003, 20.76223381476028], [84.71220533133997, 20.762232536116272], [84.71220397187454, 20.762322822722222], [84.71191599746169, 20.762318986466802], [84.71191871672494, 20.76213841329083], [84.71182272538574, 20.762137134449194], [84.71182544472984, 20.76195656129119], [84.71124949752111, 20.761948887154396], [84.71125221751198, 20.761768314059275], [84.71106023539953, 20.76176575561243], [84.7110643156823, 20.761494896001185], [84.71096832480124, 20.761493616719374], [84.71096968494041, 20.761403330185285], [84.71087369413122, 20.761402050849576], [84.71087641449041, 20.761221477799367], [84.71058844244013, 20.761217639513756], [84.71058980278592, 20.761127352997633], [84.71049381217435, 20.761126073473275], [84.7104978933285, 20.760855213951864], [84.71030591246469, 20.760852654768403], [84.71031135435987, 20.7604915087668], [84.71050333476552, 20.760494067905352], [84.71050605543913, 20.760313494882094], [84.71060204554763, 20.76031477435255], [84.71060340581256, 20.76022448783643], [84.71069939586718, 20.76022576724401], [84.71069395496913, 20.760586913353407], [84.71126989679695, 20.76059458886462], [84.71127125669358, 20.760504302303584], [84.71146323724297, 20.760506860373138], [84.71146595678469, 20.760326287224114], [84.71156194695608, 20.76032756616457], [84.71156330665508, 20.760237279585567], [84.71165929678155, 20.760238558463136]]], [[[84.71558132469318, 20.76119381477308], [84.71557996730286, 20.76128410160361], [84.7154839762601, 20.761282824846067], [84.71548533369534, 20.7611925380335], [84.71558132469318, 20.76119381477308]]]]}, "id": "+768+256", "properties": {"A00": 0.00561343220042363, "A01": -0.07885926808079605, "A02": 0.10315250104363755, "A03": 0.04018619412355611, "A04": -0.04014113758330957, "A05": -0.04655210015723496, "A06": -0.1289415420500133, "A07": 0.19542403055851026, "A08": -0.08608458631608003, "A09": 0.03128999291366535, "A10": 0.12564695083535737, "A11": 0.03144758010612256, "A12": -0.27520631719269134, "A13": -0.001293339606197219, "A14": -0.00831227609188696, "A15": 0.08858732857665985, "A16": 0.04088066098494287, "A17": -0.010754856515723799, "A18": -0.1282602976050419, "A19": -0.04473463340256031, "A20": -0.3529925710668344, "A21": 0.22763067160241052, "A22": 0.26716969024906995, "A23": -0.09030481805231974, "A24": 0.05671163772238132, "A25": 0.05998169262163731, "A26": 0.16646628110361536, "A27": 0.034499870502207625, "A28": -0.06608508081931869, "A29": 0.18251672553396622, "A30": 0.03784376197068863, "A31": 0.11745336490586472, "A32": 0.08153625306582188, "A33": 0.006522611713395931, "A34": 0.0025546600876287565, "A35": -0.10720293996653668, "A36": -0.1622109666253131, "A37": 0.03605763792682305, "A38": 0.13835139764331358, "A39": -0.1011226618694336, "A40": 0.09122423510769294, "A41": 0.014186935013153728, "A42": -0.13847223552875018, "A43": 0.3722925515908046, "A44": 0.1022089304018442, "A45": 0.02314954638506939, "A46": -0.017450461224415983, "A47": 0.08987931379839069, "A48": -0.0819978134111963, "A49": 0.04820434084273117, "A50": -0.07191110042674628, "A51": -0.023339607856780013, "A52": -0.017738815052010665, "A53": -0.01924982558505897, "A54": 0.204439002780004, "A55": -0.07619493466916463, "A56": 0.011143697301966378, "A57": -0.05898781335418769, "A58": -0.07810228573678325, "A59": -0.15595851766772478, "A60": 0.05440178583173234, "A61": -0.11254046463085268, "A62": 0.07728324704757716, "A63": 0.08916548991525795, "area_ha": 8.197979567061163, "centroid_lat": 20.76127753969158, "centroid_lon": 84.71302957819104, "cluster_id": 4, "n_pixels": 820, "perim_m": 2559.2288740042513, "stand_id": 67, "stand_lbl": 71}}, {"type": "Feature", "geometry": {"type": "Polygon", "coordinates": [[[84.72278202277658, 20.761199130823268], [84.72278337588195, 20.761108843534597], [84.72287936730199, 20.76111011620481], [84.72288883841071, 20.760478105166143], [84.72298482944447, 20.76047937772856], [84.72298753529587, 20.760298803124268], [84.72308352622186, 20.760300075632784], [84.72308487907569, 20.760209788317162], [84.72298888820362, 20.760208515826612], [84.72299294690885, 20.7599376539067], [84.72318492832062, 20.75994019880695], [84.72318763384862, 20.759759624166726], [84.72357159630386, 20.759764713284508], [84.72357024377341, 20.759855000627077], [84.72376222515823, 20.75985754488054], [84.72376357758087, 20.759767257520004], [84.72385956822836, 20.759768529561395], [84.72385821585962, 20.759858816921934], [84.72405019728936, 20.759861360852003], [84.72404884502842, 20.759951648230505], [84.72433681739311, 20.759955463734844], [84.72433816948337, 20.759865176338373], [84.72443416022968, 20.759866448065356], [84.72443551225707, 20.759776160668885], [84.72472348437023, 20.759779975499487], [84.72472078064784, 20.75996055032836], [84.72491276232012, 20.759963093306215], [84.72491005880434, 20.760143668162033], [84.72510204073713, 20.76014621094226], [84.72509663407388, 20.760507360689836], [84.72490465169193, 20.760504817855708], [84.72490329988912, 20.760595105279126], [84.72471131742633, 20.76059256221144], [84.72470996550673, 20.760682849625876], [84.72451798295411, 20.76068030633361], [84.72451257475474, 20.761041455910505], [84.72432059177092, 20.761038912357726], [84.72431788740174, 20.761219487114733], [84.72412590422029, 20.761216943328392], [84.7241231995906, 20.76139751805845], [84.72402720790106, 20.761396246070955], [84.72402450312764, 20.761576820783045], [84.7239285113303, 20.761575548732672], [84.72392580641315, 20.761756123426796], [84.72334985509012, 20.7617484899208], [84.72335120789006, 20.761658202605183], [84.72306323249805, 20.7616543851515], [84.72306458545968, 20.761564097853846], [84.72287260201772, 20.7615615526302], [84.7228780142595, 20.761200403493483], [84.72278202277658, 20.761199130823268]]]}, "id": "+871+246", "properties": {"A00": 0.058475126951472035, "A01": -0.1087521289538307, "A02": 0.12295360652177445, "A03": 0.039683746394810135, "A04": -0.037614663504153455, "A05": -0.05501810981211701, "A06": -0.0816723523179553, "A07": 0.17422430003199046, "A08": -0.09212171544521854, "A09": 0.05479756396446286, "A10": 0.10393055720714944, "A11": 0.08476075389501339, "A12": -0.31340482485912446, "A13": 0.010373083232515462, "A14": -0.03524775710032143, "A15": 0.05865156920349606, "A16": -0.020750819821134973, "A17": 0.02167766696312717, "A18": -0.07516009033277268, "A19": 0.005994170255666354, "A20": -0.32187706488372336, "A21": 0.28468623578901114, "A22": 0.30783764528735474, "A23": -0.05853823605926577, "A24": 0.04067482189236561, "A25": 0.01969707687295539, "A26": 0.15025456638723064, "A27": 0.02973666703174919, "A28": -0.044882122763809304, "A29": 0.18565108366382524, "A30": 0.023136327842074478, "A31": 0.07905443146585864, "A32": 0.04463892039266333, "A33": -0.035309153510116965, "A34": 0.022223833281630464, "A35": -0.0932667320810185, "A36": -0.16643641023834133, "A37": -0.01777956291521064, "A38": 0.1692223188839251, "A39": -0.13310201932649263, "A40": 0.03478740757810814, "A41": 0.01853146743975924, "A42": -0.16738654905193712, "A43": 0.34481269421950816, "A44": 0.04825591741725746, "A45": 0.04786358033349606, "A46": -0.01535284621672202, "A47": 0.0029816055333484336, "A48": -0.12056820912787158, "A49": 0.05908987575678281, "A50": -0.09284192160072241, "A51": 0.0003039785249307062, "A52": -0.04797342659862671, "A53": -0.07139590499317638, "A54": 0.1806891432270945, "A55": -0.0940453282502231, "A56": -0.024000571782221584, "A57": -0.04379261579661355, "A58": -0.11140143288791729, "A59": -0.17845163024754826, "A60": 0.058269349387731005, "A61": -0.10026758688363246, "A62": 0.0683240373713607, "A63": 0.05382571108463052, "area_ha": 3.527783681486298, "centroid_lat": 20.760670221298255, "centroid_lon": 84.72379560243218, "cluster_id": 1, "n_pixels": 353, "perim_m": 999.7052120808156, "stand_id": 68, "stand_lbl": 95}}, {"type": "Feature", "geometry": {"type": "Polygon", "coordinates": [[[84.70588081871435, 20.761425737905462], [84.70589036063727, 20.760793734412648], [84.70608234082734, 20.76079629852786], [84.70608370382314, 20.760706012299202], [84.70598771377752, 20.760704730277528], [84.70598907681826, 20.76061444404887], [84.70589308683552, 20.760613161982278], [84.70589853914215, 20.76025201709459], [84.70609051865848, 20.760254581128954], [84.70609324454232, 20.760074008662652], [84.70618923419268, 20.760075290585515], [84.70619059706273, 20.759985004338887], [84.70628658666818, 20.759986286207848], [84.70628931228252, 20.759805713705614], [84.70638530178017, 20.75980699550271], [84.70638666451546, 20.7597167092471], [84.70648265395923, 20.7597179909903], [84.70648537930407, 20.75953741845213], [84.70667735798496, 20.759539981749878], [84.70668008306929, 20.75935940918476], [84.7067760723154, 20.759360690739314], [84.706778797256, 20.759180118165215], [84.70687478638534, 20.75918139965688], [84.70687614878827, 20.75909111335636], [84.7070681269661, 20.759093676169016], [84.7070722137886, 20.758822817231508], [84.70726419165204, 20.758825379792636], [84.70726555380344, 20.758735093465162], [84.70736154269024, 20.758736374660387], [84.70736290476977, 20.758646088323932], [84.70745889360266, 20.758647369456273], [84.70746161763596, 20.758466796774375], [84.70765359510413, 20.758469358859397], [84.70765904261377, 20.758108213441705], [84.70785101965973, 20.75811077525723], [84.70785374313608, 20.75793020251245], [84.70804571998441, 20.757932764094416], [84.70804299672366, 20.758113336857164], [84.70823497382351, 20.75811589825048], [84.70823361230093, 20.758206184640837], [84.70813762369262, 20.758204903966636], [84.70813490050374, 20.758385476738365], [84.70823088922883, 20.758386757430532], [84.70822952767931, 20.75847704382089], [84.7080375501213, 20.758474482382653], [84.70803346509544, 20.758745341508806], [84.70793747615474, 20.758744060690873], [84.70793611440759, 20.758834347054282], [84.70784012542197, 20.75883306618245], [84.7078346781369, 20.75919421161811], [84.70773868892671, 20.75919293066543], [84.70773596512697, 20.759373503365296], [84.70763997580899, 20.75937222234075], [84.70763725186552, 20.759552795022646], [84.70744527303191, 20.759550232793895], [84.70744254882793, 20.759730805457828], [84.7072505697967, 20.75972824298653], [84.70724784534119, 20.759908815614526], [84.70705586610335, 20.75990625290967], [84.70705314138732, 20.76008682551072], [84.70695715167408, 20.760085544063966], [84.7069557892442, 20.760175830355507], [84.70685979947706, 20.760174548854852], [84.70685707449154, 20.76035512141997], [84.70704905425939, 20.760357684403306], [84.70705041664435, 20.760267398102783], [84.70714640648336, 20.76026867950462], [84.70714776880544, 20.760178393204097], [84.70724375859055, 20.760179674552035], [84.70724512084975, 20.760089388242527], [84.70734111058994, 20.7600906695186], [84.70734247277727, 20.760000383209093], [84.70743846247255, 20.760001664431265], [84.707439824597, 20.75991137810379], [84.70753581423838, 20.759912659272068], [84.70753717629995, 20.75982237293561], [84.70763316588743, 20.759823654041003], [84.70763452788611, 20.759733367704545], [84.70782650698023, 20.75973592974465], [84.70782923072608, 20.759555357035804], [84.70802120962256, 20.759557918833366], [84.70801984786642, 20.759648205196772], [84.70811583737306, 20.759649486023687], [84.70811447567081, 20.759739772396077], [84.7080184861013, 20.759738491560178], [84.70801576255309, 20.75991906428699], [84.70791977287577, 20.75991778338821], [84.70791704918383, 20.760098356097057], [84.70782105939873, 20.760097075135395], [84.70781424975564, 20.760548506862598], [84.70791023982821, 20.760549787851208], [84.70790887793733, 20.760640074196647], [84.70810085820824, 20.760642636039126], [84.70809949641617, 20.76073292239355], [84.70819548662348, 20.76073420323843], [84.70819412488531, 20.760824489601838], [84.70896204723557, 20.76083473447443], [84.70895387939369, 20.761376452924363], [84.70876189808074, 20.76137389195325], [84.70875917517931, 20.761554464742947], [84.70808724000904, 20.76154549957438], [84.70808860186399, 20.761455213219953], [84.7079926112165, 20.761453932276257], [84.70799124930765, 20.761544218621697], [84.70779926790486, 20.76154165655464], [84.70779790587923, 20.761631942882115], [84.70770191513292, 20.76163066176774], [84.7077005530444, 20.761720948086232], [84.70702861764057, 20.761711978713546], [84.70703134261711, 20.76153140614843], [84.70635940837211, 20.761522434233513], [84.7063580454841, 20.761612720471156], [84.70626205484558, 20.761611438548297], [84.70626069190367, 20.761701724785937], [84.70606871053681, 20.76169916076954], [84.7060714366542, 20.761518588330187], [84.70597544609655, 20.76151730624563], [84.70597680920913, 20.761427020034937], [84.70588081871435, 20.761425737905462]]]}, "id": "+702+248", "properties": {"A00": 0.028658418623013195, "A01": -0.07924172306298584, "A02": 0.11870290936757916, "A03": 0.03873358092412757, "A04": -0.0372657284382396, "A05": -0.07989273117564763, "A06": -0.13579990260073135, "A07": 0.22908614109748035, "A08": -0.06306913058254401, "A09": 0.046780671813294164, "A10": 0.11893187191597121, "A11": 0.04448369723585339, "A12": -0.272422461731511, "A13": 0.004596239073449326, "A14": -0.036780632621497465, "A15": 0.09209925942411153, "A16": 0.03371967191600283, "A17": 0.005743456827368288, "A18": -0.10310259309438734, "A19": -0.06135020085245887, "A20": -0.3203882481758385, "A21": 0.23993344587903542, "A22": 0.27548530388104187, "A23": -0.09589441692524892, "A24": 0.054941249601856645, "A25": 0.05905790230074236, "A26": 0.14732637289105233, "A27": 0.07199184052059236, "A28": -0.03468889982068037, "A29": 0.17317727739528754, "A30": 0.04349290780892856, "A31": 0.09742792115473121, "A32": 0.057019437230263294, "A33": 0.007120174965378027, "A34": 0.005364282421900896, "A35": -0.12267894950950262, "A36": -0.17432451096265822, "A37": 0.01499487836637157, "A38": 0.14790948363110631, "A39": -0.10271495956244085, "A40": 0.06730594482469482, "A41": 0.0317762571628192, "A42": -0.13510251018672, "A43": 0.3448189392869682, "A44": 0.07127569382867285, "A45": 0.0069515984595718595, "A46": -0.0371188511387172, "A47": 0.1479110486277651, "A48": -0.0912941539228788, "A49": 0.024796983974108684, "A50": -0.07985813794257166, "A51": -0.026776131420613716, "A52": -0.004384559557483867, "A53": -0.04494151984244778, "A54": 0.20153050983948387, "A55": -0.0782507968437605, "A56": 0.01341666540746113, "A57": -0.03495626224473342, "A58": -0.06272805999638967, "A59": -0.1275374864816352, "A60": 0.08254917225818206, "A61": -0.13527973088394743, "A62": 0.06277601006723567, "A63": 0.07344244166040612, "area_ha": 6.313803444109465, "centroid_lat": 20.760386800474997, "centroid_lon": 84.70726516957758, "cluster_id": 3, "n_pixels": 631, "perim_m": 2119.3536348936846, "stand_id": 69, "stand_lbl": 59}}, {"type": "Feature", "geometry": {"type": "Polygon", "coordinates": [[[84.70416799666818, 20.76040950334318], [84.70416936076892, 20.760319217231302], [84.70426535044624, 20.760320500250106], [84.70426807850399, 20.760139928008382], [84.7043640680735, 20.76014121095532], [84.7043654320395, 20.76005092483446], [84.7044614215641, 20.76005220771852], [84.70446278545823, 20.759961921588673], [84.70475075389729, 20.75996576991745], [84.704746662691, 20.760236628369867], [84.70465067303165, 20.760235345629543], [84.70464930922735, 20.760325631777352], [84.70455331952309, 20.760324348974144], [84.70455195564692, 20.76041463511297], [84.70416799666818, 20.76040950334318]]]}, "id": "+669+234", "properties": {"A00": 0.04793153921913495, "A01": -0.08588352693932653, "A02": 0.126788462463242, "A03": 0.0141664012630175, "A04": -0.02174024051334492, "A05": -0.07423798428086899, "A06": -0.07465074350884895, "A07": 0.1583525400684749, "A08": -0.08418215763013667, "A09": 0.04432658737789925, "A10": 0.1083563500156348, "A11": 0.05540510147053157, "A12": -0.30084954538440983, "A13": 0.0038404576065361115, "A14": -0.03410789718265043, "A15": 0.057910361430813365, "A16": -0.0019383259316946265, "A17": 0.0020160664106733312, "A18": -0.05899601356725125, "A19": -0.03176326563647123, "A20": -0.34165240384320883, "A21": 0.296287108820223, "A22": 0.29577159726114044, "A23": -0.09015878252629642, "A24": 0.03201309861666457, "A25": 0.04234849985561366, "A26": 0.15189993947205105, "A27": 0.040043745659908744, "A28": -0.03184747323426506, "A29": 0.15778505232177906, "A30": 0.037747661879464926, "A31": 0.09013360668100451, "A32": 0.04103658923922172, "A33": -0.017502849984210835, "A34": 0.031067502433730954, "A35": -0.10158876677668198, "A36": -0.21987650060380837, "A37": 0.04280461501856186, "A38": 0.15746995777802955, "A39": -0.13286669173832807, "A40": 0.08559101329015105, "A41": 0.02721670361095109, "A42": -0.1574249252540845, "A43": 0.370159386407021, "A44": 0.05622835875010388, "A45": 0.0293421515353788, "A46": -0.031137770612241003, "A47": 0.018019011727971414, "A48": -0.10463470063601858, "A49": 0.05790439400882793, "A50": -0.09489007224429617, "A51": 0.007962477977285116, "A52": -0.05666323969178737, "A53": -0.040892024438261905, "A54": 0.17359712502612437, "A55": -0.08109073399531587, "A56": -0.024046372251661407, "A57": -0.059533868713147066, "A58": -0.09848741673186599, "A59": -0.18104324832651003, "A60": 0.05996965836991467, "A61": -0.11417150145054367, "A62": 0.051461769985015365, "A63": 0.09359263354265132, "area_ha": 0.20043752513919677, "centroid_lat": 20.76019711526036, "centroid_lon": 84.704492835383, "cluster_id": 3, "n_pixels": 20, "perim_m": 219.9325591485402, "stand_id": 70, "stand_lbl": 55}}, {"type": "Feature", "geometry": {"type": "Polygon", "coordinates": [[[84.72038223801206, 20.76116729665861], [84.72038494705248, 20.760986722395675], [84.72048093823896, 20.760987996395393], [84.72048364713565, 20.760807422114496], [84.72067562931099, 20.760809969925287], [84.72067698363806, 20.760719682771363], [84.72058099260428, 20.760718408906392], [84.72058370133928, 20.760537834607526], [84.72087167412619, 20.76054165602278], [84.72087302830953, 20.760451368859872], [84.72096901919956, 20.760452642554164], [84.72096766506114, 20.760542929726054], [84.72106365601405, 20.760544203366447], [84.7210650100896, 20.760453916185575], [84.72116100098863, 20.760455189772067], [84.72116370899597, 20.760274615401336], [84.7214516813966, 20.760278435801492], [84.72145438904464, 20.760097861385848], [84.72155037973704, 20.760099134729796], [84.72155173349817, 20.760008847512992], [84.72164772414567, 20.76001012080304], [84.72164907783494, 20.759919833586235], [84.72203304028119, 20.759924926171514], [84.72203710062135, 20.759654064431263], [84.72222908154804, 20.759656610364576], [84.72223178818096, 20.759476035841132], [84.722327778541, 20.75947730871796], [84.72232913178111, 20.759387021447253], [84.72242512209623, 20.759388294261196], [84.72242782845069, 20.7592077197108], [84.72185188738644, 20.75920008207256], [84.72185324089604, 20.759109794828802], [84.72194923099556, 20.759111067894274], [84.72195058444228, 20.75902078065052], [84.72204657449689, 20.75902205365311], [84.72205198798733, 20.758660904615205], [84.72214797781736, 20.75866217754593], [84.72214933111137, 20.758571890275224], [84.72224532089648, 20.758573163152047], [84.7222466741276, 20.75848287587236], [84.72234266385883, 20.758484148686303], [84.72234401702707, 20.758393861397632], [84.72244000671337, 20.758395134148692], [84.72244135981873, 20.75830484686002], [84.72253734945113, 20.758306119557183], [84.72253870249361, 20.758215832259527], [84.7226346920721, 20.75821710489381], [84.7226360450517, 20.758126817587172], [84.72282802412785, 20.758129362676065], [84.7228293769817, 20.758039075360447], [84.72292536647934, 20.758040347824046], [84.72292671927029, 20.757950060499443], [84.72302270871404, 20.75795133290016], [84.723021355977, 20.758041620224763], [84.72311734548363, 20.758042892580566], [84.72311599280047, 20.758133179914154], [84.72321198236999, 20.758134452216055], [84.72321062974073, 20.758224739558628], [84.72340260901451, 20.7582272840187], [84.72340125648407, 20.758317571370256], [84.72349724619731, 20.758318843519447], [84.72349589372078, 20.758409130879983], [84.72339990395363, 20.758407858712825], [84.72339314117566, 20.758859295452627], [84.72348913122129, 20.75886056763775], [84.72348777869982, 20.758950854989305], [84.72358376880833, 20.758952127138492], [84.7235797113787, 20.75922298919315], [84.72348372109053, 20.75922171703498], [84.72348236854212, 20.759312004377552], [84.72338637820904, 20.759310732156496], [84.72338502559775, 20.75940101949008], [84.72319304483277, 20.759398474877294], [84.72318492832062, 20.75994019880695], [84.72299294690885, 20.7599376539067], [84.72298888820362, 20.760208515826612], [84.72308487907569, 20.760209788317162], [84.72308352622186, 20.760300075632784], [84.72298753529587, 20.760298803124268], [84.72298482944447, 20.76047937772856], [84.72288883841071, 20.760478105166143], [84.72288613241558, 20.76065867975247], [84.72259815900884, 20.760654861687936], [84.72259680583161, 20.76074514895864], [84.72250081465411, 20.760743876162664], [84.72249946140502, 20.760834163424384], [84.72221148774675, 20.760830344686113], [84.72221013432699, 20.760920631938852], [84.72211414305964, 20.760919358909312], [84.722112789577, 20.761009646153067], [84.72201679826475, 20.761008373060648], [84.72201003044722, 20.761459809225528], [84.72210602204693, 20.761461082335913], [84.7221033149828, 20.76164165680546], [84.7220073232753, 20.761640383677104], [84.72200596967586, 20.761730670902892], [84.72066208568094, 20.76171284139266], [84.72066344007987, 20.761622554256704], [84.72047145688046, 20.761620006338116], [84.72047552036473, 20.761349144939224], [84.72057151178478, 20.76135041890301], [84.72057422062757, 20.761169844622113], [84.72038223801206, 20.76116729665861]]]}, "id": "+851+246", "properties": {"A00": 0.06054914250624429, "A01": -0.1033270162490231, "A02": 0.11312422209247439, "A03": 0.028557020214125498, "A04": -0.0256400257150969, "A05": -0.06896645229384986, "A06": -0.09988323310475276, "A07": 0.19125908085560223, "A08": -0.0846330350619443, "A09": 0.06768287778089681, "A10": 0.11098083795270622, "A11": 0.07236556408762028, "A12": -0.31090971446883703, "A13": 0.007734605124489662, "A14": -0.06370873292545534, "A15": 0.06293903444644572, "A16": -0.010529211624255153, "A17": -0.009290634699355366, "A18": -0.06724090331560392, "A19": -0.02695419533187064, "A20": -0.3089720596361016, "A21": 0.27635104475005146, "A22": 0.31822766260314733, "A23": -0.08315128457036063, "A24": 0.03721561149172383, "A25": 0.024058990809107752, "A26": 0.13459615460013089, "A27": 0.057746766534636826, "A28": -0.0480474492740124, "A29": 0.15919625899251402, "A30": 0.03331560699592445, "A31": 0.09095156835484634, "A32": 0.04956321688773815, "A33": -0.04198571954043083, "A34": 0.028094172991787254, "A35": -0.10882520941350603, "A36": -0.18884024743528965, "A37": -0.007575395447160757, "A38": 0.15941121560200686, "A39": -0.14641383828223248, "A40": 0.05563949787796635, "A41": 0.01362638436860948, "A42": -0.1438297650986361, "A43": 0.37043445614169973, "A44": 0.0686655659641025, "A45": 0.027585713310190944, "A46": -0.031032202102641362, "A47": 0.0463728470739846, "A48": -0.09120753236754522, "A49": 0.045397330176172916, "A50": -0.09408259554496515, "A51": -0.012363417299790182, "A52": -0.030058048046093782, "A53": -0.0616213619155603, "A54": 0.16677333416491663, "A55": -0.08250893515134286, "A56": -0.02611962411717406, "A57": -0.03313429778953304, "A58": -0.1023419654031475, "A59": -0.14980176345222662, "A60": 0.07289278919092952, "A61": -0.12067868840833629, "A62": 0.059896988264664996, "A63": 0.06338112083864805, "area_ha": 5.943101111151609, "centroid_lat": 20.760070473373187, "centroid_lon": 84.72211642601842, "cluster_id": 3, "n_pixels": 594, "perim_m": 1739.4852312177518, "stand_id": 71, "stand_lbl": 93}}, {"type": "Feature", "geometry": {"type": "Polygon", "coordinates": [[[84.7153082843587, 20.760196829427485], [84.71531642905101, 20.75965510848922], [84.71550840907938, 20.759657661932447], [84.71551112368935, 20.75947708825342], [84.71531914389455, 20.759474534828158], [84.71532185870215, 20.75929396117608], [84.71551383827237, 20.75929651457439], [84.71551655282845, 20.75911594088638], [84.71647644996989, 20.759128704545198], [84.71647916335816, 20.758948130731422], [84.71705510131424, 20.758955786282073], [84.71705374496597, 20.7590460732204], [84.71714973470615, 20.759047348971833], [84.7171483784028, 20.759137635919146], [84.71724436821485, 20.759138911607696], [84.71724165570694, 20.759319485511305], [84.71743363556462, 20.759322036771625], [84.71743227941397, 20.759412323736903], [84.71752826941469, 20.75941359929071], [84.71752691331793, 20.759503886255988], [84.71781488351768, 20.759507712611974], [84.71781352758262, 20.75959799959522], [84.71829347835872, 20.759604375819137], [84.71829212270214, 20.759694662838314], [84.7183881129364, 20.759695937924995], [84.7184003131, 20.75888335470749], [84.71849630282223, 20.758884629695356], [84.71849494733634, 20.758974916723513], [84.71859093713043, 20.75897619165748], [84.71859364798544, 20.758795617583196], [84.71888161706231, 20.75879944202577], [84.71888297231465, 20.75870915496168], [84.718978961965, 20.758710429671066], [84.71898031714548, 20.75862014259799], [84.71955625485901, 20.758627789650575], [84.71955354517182, 20.75880836385961], [84.71974552469712, 20.758810912478886], [84.71974416995683, 20.758901199587893], [84.71984015978686, 20.758902473821173], [84.71983880510045, 20.758992760939165], [84.71993479499336, 20.758994035127532], [84.71993073105095, 20.75926489649049], [84.72002672111454, 20.75926617064292], [84.72002536650899, 20.759356457769897], [84.72031333694231, 20.759360279912784], [84.7203106280546, 20.759540854202665], [84.7204066183248, 20.75954212815747], [84.72040526392587, 20.75963241530241], [84.72030927359278, 20.759631141347608], [84.72030791913096, 20.759721428483566], [84.71934801567436, 20.75970868588126], [84.71934666062863, 20.759798972963317], [84.7192506702686, 20.759797698406643], [84.71924931515998, 20.759887985470737], [84.71915332474606, 20.75988671085118], [84.71914925922262, 20.760157572043457], [84.71924524980723, 20.76015884668098], [84.71924389467166, 20.760249133754055], [84.71933988531916, 20.760250408346664], [84.71933717514686, 20.760430982492814], [84.7195291566844, 20.760433531534296], [84.71952373670811, 20.760794679862535], [84.71913977273474, 20.760789581456173], [84.71914112796911, 20.760699294401064], [84.71904513705212, 20.760698019673708], [84.71904378175486, 20.760788306728816], [84.71837184513831, 20.76077938208325], [84.71836913373532, 20.760959956094656], [84.71817715168575, 20.760957405696715], [84.71817444003123, 20.76113797968117], [84.71750250227382, 20.76112905149624], [84.71750385850532, 20.76103876454893], [84.71731187646473, 20.761036213171824], [84.71731052011644, 20.761126500110155], [84.71721452905572, 20.76112522433177], [84.7172172418511, 20.760944650464097], [84.71654530539625, 20.760935718623024], [84.7165466621847, 20.760845431729614], [84.71625868969424, 20.760841603011055], [84.71625733274409, 20.760931889886503], [84.7157773784556, 20.76092550758997], [84.71578145015945, 20.760654647053464], [84.71549347819001, 20.76065081708625], [84.71549483558034, 20.7605605302647], [84.71539884499573, 20.760559253507157], [84.71540291729248, 20.76028839303353], [84.7154989077064, 20.760289669773112], [84.71550026506081, 20.76019938294258], [84.7153082843587, 20.760196829427485]]]}, "id": "+811+240", "properties": {"A00": 0.0529411065029195, "A01": -0.09292557456189286, "A02": 0.11612174836880965, "A03": 0.03509830370354715, "A04": -0.024405561769855554, "A05": -0.07940188728153601, "A06": -0.10090723751755538, "A07": 0.20358607848301927, "A08": -0.06715970070635088, "A09": 0.06724520732539836, "A10": 0.10511461508943948, "A11": 0.07282126493985744, "A12": -0.2957725102280543, "A13": -0.004376432428783809, "A14": -0.07034519506300822, "A15": 0.06709126972412235, "A16": -0.017671490845082065, "A17": 0.007427941847868492, "A18": -0.0491173609447831, "A19": -0.03683036526138745, "A20": -0.3264550234929885, "A21": 0.28621447871943106, "A22": 0.3271493708426014, "A23": -0.08664103008475216, "A24": 0.04561224218968119, "A25": 0.037695379284584975, "A26": 0.12810990000938102, "A27": 0.07514222719819534, "A28": -0.04521932613366022, "A29": 0.15825044849768782, "A30": 0.0286033524699944, "A31": 0.10807607473387307, "A32": 0.040921741517266394, "A33": -0.037564278383255205, "A34": 0.028658254298985934, "A35": -0.10933567316633791, "A36": -0.19028142597575673, "A37": -0.017639073191472007, "A38": 0.1710321723029767, "A39": -0.12107208147084009, "A40": 0.06883358454643451, "A41": 0.02463401594558967, "A42": -0.14453262444122925, "A43": 0.3516805620588872, "A44": 0.055937845088269926, "A45": 0.01683099064726811, "A46": -0.03675332586349771, "A47": 0.04365940552316599, "A48": -0.10301446928240013, "A49": 0.030072142143763733, "A50": -0.09565140714834663, "A51": 0.011869786156076614, "A52": -0.025124082634200715, "A53": -0.05919168975657444, "A54": 0.15301268901026466, "A55": -0.0898120615744613, "A56": -0.014289770755592537, "A57": -0.02142046938060253, "A58": -0.10044882261569778, "A59": -0.15107476968575237, "A60": 0.06985026618805015, "A61": -0.11755647457479748, "A62": 0.041112324674511154, "A63": 0.05875018323229194, "area_ha": 8.93965800948252, "centroid_lat": 20.759938562390282, "centroid_lon": 84.71762274679757, "cluster_id": 2.9999999999999996, "n_pixels": 894, "perim_m": 1999.4035437659848, "stand_id": 72, "stand_lbl": 84}}, {"type": "Feature", "geometry": {"type": "Polygon", "coordinates": [[[84.72318763384862, 20.759759624166726], [84.72319304483277, 20.759398474877294], [84.72338502559775, 20.75940101949008], [84.72338637820904, 20.759310732156496], [84.72348236854212, 20.759312004377552], [84.72348372109053, 20.75922171703498], [84.7235797113787, 20.75922298919315], [84.72358376880833, 20.758952127138492], [84.72348777869982, 20.758950854989305], [84.72348913122129, 20.75886056763775], [84.72339314117566, 20.758859295452627], [84.72339990395363, 20.758407858712825], [84.72359188348793, 20.758410402984257], [84.72359053105629, 20.758500690344793], [84.72378251073431, 20.758503234418594], [84.72378115841947, 20.758593521788114], [84.72387714832136, 20.758594793748657], [84.72387579605143, 20.758685081127158], [84.72397178601621, 20.758686353033802], [84.72397043380018, 20.75877664042129], [84.72406642383682, 20.75877791228302], [84.72406507165672, 20.758868199670506], [84.72425705186474, 20.75887074325023], [84.72425569980143, 20.758961030646702], [84.72435168997282, 20.758962302364697], [84.72435033795442, 20.75905258977015], [84.72444632818868, 20.75905386143425], [84.72444497622418, 20.759144148839702], [84.72463695682747, 20.759146692033156], [84.72463560496178, 20.75923697944759], [84.72473159533978, 20.759238250967957], [84.72473024352799, 20.759328538391376], [84.72482623395989, 20.75932980986683], [84.724824882202, 20.759420097299234], [84.72492087269679, 20.759421368720787], [84.7249195209838, 20.759511656153187], [84.72501551155045, 20.759512927529826], [84.72501415989137, 20.75960321497121], [84.72511015051192, 20.759604486302933], [84.72510879890675, 20.759694773744318], [84.72520478959017, 20.759696045031127], [84.72520343802991, 20.759786332472512], [84.7252994287852, 20.759787603714404], [84.72529807726985, 20.75987789116477], [84.72539406808804, 20.759879162352764], [84.72539136515616, 20.760059737271465], [84.72548735610009, 20.760061008414542], [84.72548600468356, 20.760151295873893], [84.72558199568141, 20.760152566972053], [84.72557929293818, 20.760333141908724], [84.72567528406178, 20.760334412961967], [84.7256725813994, 20.76051498790762], [84.72576857264876, 20.76051625892493], [84.72576451876748, 20.760787121347903], [84.72586051018753, 20.76078839232928], [84.72584969998717, 20.761510692120872], [84.72594569187433, 20.76151196310225], [84.72594434062847, 20.761602250570586], [84.72556037289115, 20.761597166330656], [84.72556172437056, 20.76150687888029], [84.72546573251933, 20.761505607692296], [84.72546708404366, 20.76141532024193], [84.72527510046694, 20.76141277771323], [84.72528050695952, 20.761051627965657], [84.7250885238679, 20.76104908527526], [84.72508987558088, 20.76095879784286], [84.72489789263298, 20.760956254945853], [84.72489924445375, 20.760865967531416], [84.7246112702565, 20.760862152808613], [84.72461397422144, 20.760681578006693], [84.72470996550673, 20.760682849625876], [84.72471131742633, 20.76059256221144], [84.72490329988912, 20.760595105279126], [84.72490465169193, 20.760504817855708], [84.72509663407388, 20.760507360689836], [84.72510204073713, 20.76014621094226], [84.72491005880434, 20.760143668162033], [84.72491276232012, 20.759963093306215], [84.72472078064784, 20.75996055032836], [84.72472348437023, 20.759779975499487], [84.72443551225707, 20.759776160668885], [84.72443416022968, 20.759866448065356], [84.72433816948337, 20.759865176338373], [84.72433681739311, 20.759955463734844], [84.72404884502842, 20.759951648230505], [84.72405019728936, 20.759861360852003], [84.72385821585962, 20.759858816921934], [84.72385956822836, 20.759768529561395], [84.72376357758087, 20.759767257520004], [84.72376222515823, 20.75985754488054], [84.72357024377341, 20.759855000627077], [84.72357159630386, 20.759764713284508], [84.72318763384862, 20.759759624166726]]]}, "id": "+892+244", "properties": {"A00": 0.040243431644506486, "A01": -0.08646585653649679, "A02": 0.16221517578644348, "A03": 0.04100135063703826, "A04": -0.049798787391275384, "A05": 0.02786186425922316, "A06": -0.062466494839949836, "A07": 0.13077860051298953, "A08": -0.07913684431828762, "A09": 0.04109845485236603, "A10": 0.11928825641013094, "A11": 0.07355382331198611, "A12": -0.31500758899192244, "A13": 0.0416975810184747, "A14": 0.021670488480818585, "A15": 0.0842965171353864, "A16": -0.03232758879039917, "A17": 0.05332916848512935, "A18": -0.11700839676223045, "A19": -0.0012022373985038112, "A20": -0.3124811586236197, "A21": 0.30120486621628706, "A22": 0.25840401075658553, "A23": -0.020631688852307727, "A24": 0.022030762006044743, "A25": 0.01695470414602396, "A26": 0.13948400469381336, "A27": -0.01046073210678882, "A28": -0.049727488988738335, "A29": 0.21531485319168406, "A30": 0.028541026348506308, "A31": 0.0907888827246388, "A32": -0.016726651440930166, "A33": -0.031052444508616446, "A34": 0.019175363460129834, "A35": -0.0344826109807886, "A36": -0.17387544569602226, "A37": 0.03065718052456897, "A38": 0.1467472354849463, "A39": -0.09818080248728821, "A40": 0.046362211723615245, "A41": 0.007658698209469749, "A42": -0.1910699244476047, "A43": 0.3143388279734291, "A44": 0.04402468006740171, "A45": 0.08787220303348899, "A46": 0.0212012555264312, "A47": -0.016392103812147434, "A48": -0.1508933887586052, "A49": 0.01414362978657746, "A50": -0.05808196770675369, "A51": 0.011242079251458805, "A52": -0.05622904173260622, "A53": -0.07953966535459607, "A54": 0.19980412156854446, "A55": -0.09775533776917439, "A56": -0.03889774906140927, "A57": -0.027269422157832835, "A58": -0.09982980404257798, "A59": -0.20037672685571145, "A60": 0.007916769238671276, "A61": -0.06462894303890372, "A62": 0.13933407099466663, "A63": 0.024634319414154393, "area_ha": 3.187035324655089, "centroid_lat": 20.759935834000256, "centroid_lon": 84.72461276284614, "cluster_id": 2, "n_pixels": 319, "perim_m": 1479.5643517589424, "stand_id": 73, "stand_lbl": 97}}, {"type": "Feature", "geometry": {"type": "Polygon", "coordinates": [[[84.70781424975564, 20.760548506862598], [84.70782105939873, 20.760097075135395], [84.70791704918383, 20.760098356097057], [84.70791977287577, 20.75991778338821], [84.70801576255309, 20.75991906428699], [84.7080184861013, 20.759738491560178], [84.70821046524931, 20.759741053169094], [84.70821318853702, 20.759560480424312], [84.7084051674874, 20.759563041790685], [84.70840789052357, 20.75938246900997], [84.70859986927633, 20.759385030142777], [84.70860259205199, 20.759204457335116], [84.70889055989815, 20.759208298594153], [84.70889192109733, 20.759118012167864], [84.70898791034345, 20.75911929247376], [84.70898927147977, 20.759029006038485], [84.70937322827561, 20.7590341267051], [84.70937595009006, 20.758853553798623], [84.70975990654455, 20.75885867355794], [84.70976126721374, 20.75876838706877], [84.70985725628917, 20.758769666871604], [84.7098558956739, 20.758859953360776], [84.70995188482121, 20.758861233118694], [84.7099532453736, 20.75877094662054], [84.71091313659515, 20.75878374114547], [84.71091177661768, 20.758874027706504], [84.71110375505602, 20.758876585973688], [84.7111010352987, 20.759057159113727], [84.71138900336945, 20.759060996159665], [84.7113876436435, 20.759151282738667], [84.71148363306928, 20.75915256165217], [84.71148091372518, 20.75933313482814], [84.71157690326775, 20.759334413705712], [84.71157554364062, 20.759424700293696], [84.71167153325506, 20.759425979126352], [84.71166609489026, 20.759787125505245], [84.71185807459523, 20.75978968304479], [84.71185671510284, 20.759879969650743], [84.71176072519197, 20.759878690898937], [84.71175664649023, 20.760149550689842], [84.71166065641766, 20.760148271875153], [84.71165929678155, 20.760238558463136], [84.71156330665508, 20.760237279585567], [84.71156194695608, 20.76032756616457], [84.71146595678469, 20.760326287224114], [84.71146323724297, 20.760506860373138], [84.71127125669358, 20.760504302303584], [84.71126989679695, 20.76059458886462], [84.71069395496913, 20.760586913353407], [84.71069939586718, 20.76022576724401], [84.71060340581256, 20.76022448783643], [84.71060204554763, 20.76031477435255], [84.71050605543913, 20.760313494882094], [84.71050333476552, 20.760494067905352], [84.71031135435987, 20.7604915087668], [84.71030863342575, 20.760672081772093], [84.70934873067881, 20.76065928275559], [84.70935009172528, 20.760568996320316], [84.70915811137353, 20.760566435888194], [84.70915675021926, 20.760656722314483], [84.70896476978666, 20.7606541616488], [84.70896204723557, 20.76083473447443], [84.70819412488531, 20.760824489601838], [84.70819548662348, 20.76073420323843], [84.70809949641617, 20.76073292239355], [84.70810085820824, 20.760642636039126], [84.70790887793733, 20.760640074196647], [84.70791023982821, 20.760549787851208], [84.70781424975564, 20.760548506862598]]]}, "id": "+715+238", "properties": {"A00": 0.03341484787956936, "A01": -0.054145646252650434, "A02": 0.08789346720255883, "A03": 0.053332303462634255, "A04": -0.02463681730553795, "A05": -0.05269710763025843, "A06": -0.16182108047851276, "A07": 0.20772714731829378, "A08": -0.0795753262111556, "A09": 0.03223260602096614, "A10": 0.1487679858708404, "A11": 0.07275158143155036, "A12": -0.27488464034786103, "A13": -0.013708266555705001, "A14": -0.02793128454561722, "A15": 0.07770017985768611, "A16": 0.03852672834356983, "A17": -0.026532616330051075, "A18": -0.13332659576538042, "A19": -0.013561536125108896, "A20": -0.3260040398397734, "A21": 0.19268869820624815, "A22": 0.28537662455929375, "A23": -0.0936838596483045, "A24": 0.06078986770639117, "A25": 0.030822735301786645, "A26": 0.17171212015443327, "A27": 0.047430887700591236, "A28": -0.07282637524811746, "A29": 0.1813817404891377, "A30": 0.04695097752174486, "A31": 0.14888251660861176, "A32": 0.11627749282624322, "A33": -0.005955917700451583, "A34": -0.011019437567534547, "A35": -0.08823218645765835, "A36": -0.16864934215191243, "A37": -0.007899000056567702, "A38": 0.12491278577359505, "A39": -0.08581251990306674, "A40": 0.048276237965826925, "A41": 0.011578939855399286, "A42": -0.12146129522403791, "A43": 0.36492249798596443, "A44": 0.11000205695792656, "A45": 0.02333507767648617, "A46": -0.0019707576775735867, "A47": 0.11552700271894382, "A48": -0.07393726720724153, "A49": 0.051972814704227856, "A50": -0.06556307152646033, "A51": -0.06887095760072132, "A52": -0.011981523574786542, "A53": -0.0373630844179881, "A54": 0.1988864032763555, "A55": -0.10113007843485165, "A56": 0.008329211922725554, "A57": -0.06521103322978554, "A58": -0.0623992964230844, "A59": -0.15160170778606957, "A60": 0.06034290393298316, "A61": -0.11008111216622553, "A62": 0.06639279536910794, "A63": 0.05689584505488387, "area_ha": 6.824942923295113, "centroid_lat": 20.75982976615597, "centroid_lon": 84.70983599486748, "cluster_id": 0, "n_pixels": 682, "perim_m": 1419.5695593676494, "stand_id": 74, "stand_lbl": 65}}, {"type": "Feature", "geometry": {"type": "Polygon", "coordinates": [[[84.7113876436435, 20.759151282738667], [84.71138900336945, 20.759060996159665], [84.71148499273235, 20.759062275064185], [84.71148771204051, 20.758881701888214], [84.71167969057767, 20.758884259517593], [84.71168240962533, 20.75870368630569], [84.71187438795587, 20.758706243701504], [84.71187574735842, 20.75861595708657], [84.71206772560812, 20.758618514248823], [84.71206908488492, 20.758528227615923], [84.71264501947232, 20.758535897800126], [84.71264230159248, 20.758716471137795], [84.71273829082962, 20.758717749323665], [84.71273693193012, 20.75880803600148], [84.71264094263908, 20.758806757806628], [84.7126395836767, 20.75889704446648], [84.71292755175644, 20.758900878907305], [84.71292891053915, 20.758810592229487], [84.71302489985713, 20.75881187026264], [84.71302354112832, 20.758902156949443], [84.7133115092889, 20.75890599074348], [84.71331286784702, 20.758815704038714], [84.71340885719196, 20.75881698185627], [84.71341293265976, 20.75854612171502], [84.71360491102625, 20.75854867715251], [84.71360219428726, 20.758729250615943], [84.71379417290528, 20.758731805864784], [84.71379281464358, 20.758822092605484], [84.71398479340532, 20.7588246476567], [84.71398615155921, 20.758734360907017], [84.7141781302491, 20.75873691572467], [84.71418084630535, 20.758556342198354], [84.71398886784904, 20.758553787398668], [84.71399022598497, 20.75846350064], [84.71389423682868, 20.758462223172785], [84.71389559500952, 20.758371936423103], [84.71379960591611, 20.75837065890199], [84.71380096414187, 20.758280372152306], [84.71370497511134, 20.758279094586275], [84.713706333391, 20.758188807845578], [84.7135143554647, 20.7581862525608], [84.71351707223961, 20.758005679106354], [84.71342108339773, 20.75800440138761], [84.7134224418301, 20.757914114664878], [84.71332645305111, 20.7579128369102], [84.71332781153738, 20.757822550187466], [84.71380775519881, 20.757828938421863], [84.71380503880118, 20.758009511912245], [84.71399701653884, 20.75801206685566], [84.71399430033885, 20.75819264037299], [84.714186278346, 20.758195195127758], [84.71418356234365, 20.758375768663054], [84.71475949720055, 20.758383431705653], [84.71475406647143, 20.758744578910996], [84.7149460452691, 20.75874713288423], [84.71494333009319, 20.758927706500376], [84.71513530915138, 20.758930260284963], [84.71513395166222, 20.759020547106513], [84.7152299412587, 20.75902182391796], [84.71523129869394, 20.758931537087427], [84.71532728823651, 20.758932813844975], [84.7153245734828, 20.75911338751502], [84.71551655282845, 20.75911594088638], [84.71551383827237, 20.75929651457439], [84.71532185870215, 20.75929396117608], [84.71531914389455, 20.759474534828158], [84.71551112368935, 20.75947708825342], [84.71550840907938, 20.759657661932447], [84.71531642905101, 20.75965510848922], [84.71531099928309, 20.760016255784393], [84.71492703840889, 20.760011148152334], [84.71492432302637, 20.760191721741528], [84.7145403618108, 20.76018661320217], [84.7145376459432, 20.76036718674645], [84.71415368439527, 20.760362077308777], [84.7141523262234, 20.760452364049478], [84.71396034537757, 20.760449808998263], [84.71395898707995, 20.76054009572998], [84.71376700615326, 20.760537540445203], [84.71376564773885, 20.760627827167937], [84.71357366672235, 20.760625271658583], [84.71357230819116, 20.760715558363348], [84.71338032708482, 20.760713002629416], [84.71337896842786, 20.760803289316218], [84.71328297783427, 20.76080201136391], [84.71328161911444, 20.76089229805071], [84.71308963782843, 20.76088974197542], [84.71308827898284, 20.76098002864425], [84.7129922882994, 20.760978750521264], [84.71299092939093, 20.761069037181116], [84.7128949386536, 20.761067758995246], [84.71289765656938, 20.76088718568453], [84.71280166595781, 20.760885907453744], [84.71280574295275, 20.760615047483178], [84.71242178123414, 20.760609934119866], [84.71242042202023, 20.760700220752767], [84.71222844109354, 20.760697663734245], [84.71222980042424, 20.760607377110325], [84.71213381002828, 20.7606060985292], [84.71213516941286, 20.760515811914264], [84.71203917907978, 20.76051453327924], [84.71204053850927, 20.760424246673285], [84.71194454823907, 20.760422967993343], [84.71194318875567, 20.760513254599296], [84.71175120812543, 20.76051069706873], [84.7117539273258, 20.76033012388378], [84.71165793713645, 20.760328845051124], [84.71165929678155, 20.760238558463136], [84.71175528690802, 20.76023983728681], [84.71176072519197, 20.759878690898937], [84.71185671510284, 20.759879969650743], [84.71185807459523, 20.75978968304479], [84.71166609489026, 20.759787125505245], [84.71167153325506, 20.759425979126352], [84.71157554364062, 20.759424700293696], [84.71157690326775, 20.759334413705712], [84.71148091372518, 20.75933313482814], [84.71148363306928, 20.75915256165217], [84.7113876436435, 20.759151282738667]]]}, "id": "+757+240", "properties": {"A00": 0.05267381554291336, "A01": -0.09485162631314505, "A02": 0.11244600793138405, "A03": 0.03910985347012354, "A04": -0.022255933164954063, "A05": -0.07775716419537251, "A06": -0.11168695410811333, "A07": 0.2098404561724205, "A08": -0.06747405613442152, "A09": 0.0670570884710264, "A10": 0.11274101792083113, "A11": 0.0746735211329081, "A12": -0.2941697604806743, "A13": -0.003541990155031306, "A14": -0.07345934742935176, "A15": 0.06788384489702738, "A16": -0.022374571558726485, "A17": 0.005889552199148839, "A18": -0.05188277616333116, "A19": -0.03342328039597524, "A20": -0.31436119758941544, "A21": 0.2765246971677286, "A22": 0.3305859586978127, "A23": -0.087545501050648, "A24": 0.050219883577960034, "A25": 0.03581895116185771, "A26": 0.13048431703215077, "A27": 0.0772716529288725, "A28": -0.05092192195123656, "A29": 0.15864980977674606, "A30": 0.025153371329278893, "A31": 0.11254550868459202, "A32": 0.04294849660509309, "A33": -0.039490283213623495, "A34": 0.0254782551627054, "A35": -0.10957932679960322, "A36": -0.1915999967879859, "A37": -0.025480636768914468, "A38": 0.1649856948300307, "A39": -0.1226566404591653, "A40": 0.05779353414547765, "A41": 0.018796274689817618, "A42": -0.14095257459564492, "A43": 0.34832518466837925, "A44": 0.054887905623122006, "A45": 0.021998147482509715, "A46": -0.029935631945332917, "A47": 0.055660243659869824, "A48": -0.09939998593373921, "A49": 0.02988364605524659, "A50": -0.08903624491232479, "A51": 0.006023344443266069, "A52": -0.018750974384254673, "A53": -0.06977959372142377, "A54": 0.1572115405157239, "A55": -0.0900935626043132, "A56": -0.015264542068053466, "A57": -0.01740226226751899, "A58": -0.09393026167434186, "A59": -0.14848172366978482, "A60": 0.07576090684508507, "A61": -0.11993907841184658, "A62": 0.048320516471502525, "A63": 0.0474360440689078, "area_ha": 8.147875372548114, "centroid_lat": 20.759534428412337, "centroid_lon": 84.71340520791519, "cluster_id": 3, "n_pixels": 815, "perim_m": 2079.3738299139504, "stand_id": 75, "stand_lbl": 73}}, {"type": "Feature", "geometry": {"type": "Polygon", "coordinates": [[[84.70375674975469, 20.762210092265853], [84.70377175854594, 20.761216945475365], [84.70386774876225, 20.761218228763664], [84.70387320605455, 20.760857084414965], [84.70396919605525, 20.7608583676314], [84.7039719245442, 20.760677795434592], [84.7040679144371, 20.760679078588144], [84.70407064278233, 20.76049850637337], [84.70416663256744, 20.760499789455057], [84.70416799666818, 20.76040950334318], [84.70455195564692, 20.76041463511297], [84.70455331952309, 20.760324348974144], [84.70464930922735, 20.760325631777352], [84.70465067303165, 20.760235345629543], [84.704746662691, 20.760236628369867], [84.70475075389729, 20.75996576991745], [84.70455877492893, 20.75996320441883], [84.70456013876017, 20.759872918280003], [84.70465612818596, 20.759874201047282], [84.70465749195432, 20.75978391489947], [84.70475348132621, 20.759785197612846], [84.7047548450317, 20.75969491145605], [84.70485083435867, 20.75969619410655], [84.70485219800128, 20.75960590794077], [84.70494818727434, 20.759607190528385], [84.70494955084507, 20.759516904362606], [84.70504554007323, 20.759518186896322], [84.70504690358109, 20.759427900712577], [84.70523888193858, 20.759430465609327], [84.70524024532966, 20.7593401794166], [84.70533623446798, 20.759341461779634], [84.70533759778719, 20.759251175577923], [84.70543358687162, 20.759252457878077], [84.70543495013693, 20.759162171676365], [84.70553093916746, 20.759163453913636], [84.70553230236987, 20.759073167702944], [84.7056282913555, 20.759074449886313], [84.70562965448606, 20.75898416366664], [84.70582163235846, 20.758986727853717], [84.70582299537224, 20.758896441616077], [84.70591898426802, 20.758897723628767], [84.70592034721892, 20.758807437391123], [84.7060163360608, 20.758808719340934], [84.70601769893983, 20.75871843309431], [84.7061136877368, 20.758719714981236], [84.70611505055295, 20.758629428725627], [84.70621103929602, 20.758630710558656], [84.70621240205827, 20.758540424294065], [84.70640437944559, 20.75854298778046], [84.70640574208207, 20.758452701506883], [84.70650173073531, 20.758453983160248], [84.70650309330891, 20.75836369687769], [84.70659908190825, 20.758364978477154], [84.70660044440999, 20.758274692185616], [84.7066964329644, 20.7582759737222], [84.70669779540327, 20.758185687430657], [84.70679378390379, 20.758186968904358], [84.70679514628875, 20.758096682603835], [84.70689113473537, 20.758097964023637], [84.70689249705745, 20.75800767771413], [84.70708447386984, 20.758010240374073], [84.70708583605717, 20.757919954055584], [84.70718182442295, 20.757921235295722], [84.7071831865474, 20.757830948968248], [84.70727917485927, 20.75783223015449], [84.70728053692083, 20.757741943818033], [84.7073765251878, 20.757743224941393], [84.70737788718648, 20.757652938595953], [84.70747387539954, 20.75765421966541], [84.70747523733534, 20.75756393331099], [84.70766721366265, 20.75756649527923], [84.70766857548168, 20.75747620890684], [84.70776456359592, 20.75747748980562], [84.70776592535205, 20.757387203433233], [84.70786191342138, 20.75738848426913], [84.70786327510567, 20.757298197887756], [84.70795926313008, 20.757299478660773], [84.70796062475146, 20.7572091922794], [84.70815260070148, 20.757211753654754], [84.70815396220608, 20.757121467255413], [84.70824995013169, 20.75712274785775], [84.70825131156444, 20.757032461449427], [84.70844328733479, 20.75703502248342], [84.70844464865075, 20.756944736057132], [84.70854063648652, 20.75694601648879], [84.7085419977396, 20.7568557300625], [84.70882996112114, 20.756859571007126], [84.70883132219456, 20.75676928456287], [84.7091192854683, 20.756773125013424], [84.70912064636205, 20.756682838551203], [84.70960058501987, 20.756689238194202], [84.70960194561718, 20.75659895169605], [84.7096979333182, 20.75660023145397], [84.70969657276581, 20.756690517961108], [84.7097925605297, 20.75669179767411], [84.7097912000312, 20.756782084181246], [84.7096952122134, 20.75678080445926], [84.70969249108167, 20.756961377455568], [84.70950051523945, 20.75695881783193], [84.7094991545523, 20.7570491043211], [84.7094031665818, 20.757047824419452], [84.70940180583176, 20.75713811089964], [84.70930581781634, 20.757136830935107], [84.70930445699445, 20.75722711740631], [84.70920846892511, 20.757225837387878], [84.70920438625284, 20.757496696783527], [84.70910839803078, 20.757495416693228], [84.70910703706517, 20.757585703146468], [84.70901104878922, 20.75758442299329], [84.70900560463927, 20.75794556877929], [84.70881362764722, 20.757943008275305], [84.70881090530274, 20.758123581136864], [84.70861892811305, 20.758121020390334], [84.70861756681506, 20.758211306807638], [84.7085215781708, 20.758210026349033], [84.70852021680993, 20.758300312757356], [84.70861620550808, 20.758301593224942], [84.70861484419211, 20.75839187964225], [84.70851885544006, 20.758390599165676], [84.70851749407021, 20.758480885574], [84.70842150526425, 20.75847960504353], [84.7084174209211, 20.758750464241547], [84.70822544299479, 20.758747902982975], [84.70821863503157, 20.75919933489882], [84.70812264580341, 20.75919805416174], [84.70812128412811, 20.759288340534127], [84.70802529484607, 20.759287059734163], [84.70802120962256, 20.759557918833366], [84.70782923072608, 20.759555357035804], [84.70782650698023, 20.75973592974465], [84.70763452788611, 20.759733367704545], [84.70763316588743, 20.759823654041003], [84.70753717629995, 20.75982237293561], [84.70753581423838, 20.759912659272068], [84.707439824597, 20.75991137810379], [84.70743846247255, 20.760001664431265], [84.70734247277727, 20.760000383209093], [84.70734111058994, 20.7600906695186], [84.70724512084975, 20.760089388242527], [84.70724375859055, 20.760179674552035], [84.70714776880544, 20.760178393204097], [84.70714640648336, 20.76026867950462], [84.70705041664435, 20.760267398102783], [84.70704905425939, 20.760357684403306], [84.70685707449154, 20.76035512141997], [84.70685979947706, 20.760174548854852], [84.7069557892442, 20.760175830355507], [84.70695715167408, 20.760085544063966], [84.70705314138732, 20.76008682551072], [84.70705586610335, 20.75990625290967], [84.70724784534119, 20.759908815614526], [84.7072505697967, 20.75972824298653], [84.70744254882793, 20.759730805457828], [84.70744527303191, 20.759550232793895], [84.70763725186552, 20.759552795022646], [84.70763997580899, 20.75937222234075], [84.70773596512697, 20.759373503365296], [84.70773868892671, 20.75919293066543], [84.7078346781369, 20.75919421161811], [84.70784012542197, 20.75883306618245], [84.70793611440759, 20.758834347054282], [84.70793747615474, 20.758744060690873], [84.70803346509544, 20.758745341508806], [84.7080375501213, 20.758474482382653], [84.70822952767931, 20.75847704382089], [84.70823088922883, 20.758386757430532], [84.70813490050374, 20.758385476738365], [84.70813762369262, 20.758204903966636], [84.70823361230093, 20.758206184640837], [84.70823497382351, 20.75811589825048], [84.70804299672366, 20.758113336857164], [84.70804571998441, 20.757932764094416], [84.70785374313608, 20.75793020251245], [84.70785101965973, 20.75811077525723], [84.70765904261377, 20.758108213441705], [84.70765359510413, 20.758469358859397], [84.70746161763596, 20.758466796774375], [84.70745889360266, 20.758647369456273], [84.70736290476977, 20.758646088323932], [84.70736154269024, 20.758736374660387], [84.70726555380344, 20.758735093465162], [84.70726419165204, 20.758825379792636], [84.7070722137886, 20.758822817231508], [84.7070681269661, 20.759093676169016], [84.70687614878827, 20.75909111335636], [84.70687478638534, 20.75918139965688], [84.706778797256, 20.759180118165215], [84.7067760723154, 20.759360690739314], [84.70668008306929, 20.75935940918476], [84.70667735798496, 20.759539981749878], [84.70648537930407, 20.75953741845213], [84.70648265395923, 20.7597179909903], [84.70638666451546, 20.7597167092471], [84.70638530178017, 20.75980699550271], [84.70628931228252, 20.759805713705614], [84.70628658666818, 20.759986286207848], [84.70619059706273, 20.759985004338887], [84.70618923419268, 20.760075290585515], [84.70609324454232, 20.760074008662652], [84.70609051865848, 20.760254581128954], [84.70589853914215, 20.76025201709459], [84.70589308683552, 20.760613161982278], [84.70598907681826, 20.76061444404887], [84.70598771377752, 20.760704730277528], [84.70608370382314, 20.760706012299202], [84.70608234082734, 20.76079629852786], [84.70589036063727, 20.760793734412648], [84.70588081871435, 20.761425737905462], [84.70597680920913, 20.761427020034937], [84.70597544609655, 20.76151730624563], [84.7060714366542, 20.761518588330187], [84.70606871053681, 20.76169916076954], [84.70549276663388, 20.761691467426765], [84.70549003980682, 20.76187203979425], [84.70529805833216, 20.76186947488852], [84.70529669478837, 20.76195976106328], [84.70520070400613, 20.761958478520583], [84.70520206760382, 20.76186819236379], [84.70510607688446, 20.761866909776177], [84.70510880416967, 20.76168633746259], [84.7053007853838, 20.761688902556966], [84.70530351241747, 20.761508330207445], [84.70511153142792, 20.761505765149], [84.70511425865024, 20.76132519282643], [84.70501826828122, 20.76132391022085], [84.70501690462065, 20.761414196377643], [84.70492091419774, 20.761412913718164], [84.7049195504653, 20.761503199865974], [84.70463157907977, 20.76149935154618], [84.70463021517666, 20.761589637676025], [84.7045342246729, 20.761588354791968], [84.70453286069792, 20.76167864091283], [84.70424488906086, 20.761674791919297], [84.70424216075159, 20.761855364125086], [84.70414617011308, 20.76185408100747], [84.70414344166007, 20.762034653195293], [84.70395146015846, 20.76203208677141], [84.70394873145392, 20.76221265893228], [84.70375674975469, 20.762210092265853]]]}, "id": "+663+254", "properties": {"A00": 0.045603046031030575, "A01": -0.07295331795839902, "A02": 0.15271241979386785, "A03": 0.018728852353718316, "A04": -0.02685653193762338, "A05": -0.08347811914693852, "A06": -0.10218394856970964, "A07": 0.20766572619079288, "A08": -0.06084552501502242, "A09": 0.05644936427577113, "A10": 0.10156717296506493, "A11": 0.05042595948901012, "A12": -0.28245108728538065, "A13": 0.003047944703680718, "A14": -0.06042921456320616, "A15": 0.07533321992893222, "A16": -0.00037535704063581637, "A17": 0.026686140616979673, "A18": -0.060603741307787465, "A19": -0.0673113667878371, "A20": -0.3378621192053432, "A21": 0.3085977975688978, "A22": 0.2835232899661842, "A23": -0.0898461378016714, "A24": 0.04170321057773889, "A25": 0.042838825945527716, "A26": 0.12635430699018038, "A27": 0.08584478762391363, "A28": -0.0319630277304233, "A29": 0.1578461342788269, "A30": 0.04073976845844987, "A31": 0.09511549546244581, "A32": 0.01849043558811575, "A33": 0.004975022926975277, "A34": 0.020084428243239687, "A35": -0.12111089614530586, "A36": -0.19694284747068674, "A37": 0.01894184426268959, "A38": 0.15321870004526214, "A39": -0.11278544638471201, "A40": 0.07717196518191563, "A41": 0.05155157503786785, "A42": -0.13875753888512368, "A43": 0.34098649868084724, "A44": 0.05114148655357887, "A45": 0.017494312389225015, "A46": -0.05893823989045979, "A47": 0.08374994994165223, "A48": -0.0914104755615979, "A49": 0.017656708640618572, "A50": -0.09868184558459332, "A51": 0.01334743509776511, "A52": -0.011440897227134933, "A53": -0.05956016116892429, "A54": 0.16147319058458748, "A55": -0.07688070745887544, "A56": -0.006571512655023277, "A57": -0.03474931158965149, "A58": -0.08996863391916668, "A59": -0.13481789726581977, "A60": 0.056882417370048184, "A61": -0.1301600253122853, "A62": 0.04472502091018479, "A63": 0.07777252569578937, "area_ha": 9.92168182488056, "centroid_lat": 20.75946435778968, "centroid_lon": 84.70639716800329, "cluster_id": 3, "n_pixels": 992, "perim_m": 3658.882435985195, "stand_id": 76, "stand_lbl": 58}}, {"type": "Feature", "geometry": {"type": "Polygon", "coordinates": [[[84.71917229635638, 20.75862269182812], [84.71917500646579, 20.758442117672985], [84.71936698547906, 20.75844466666057], [84.71936969533695, 20.758264092469503], [84.71956167415259, 20.75826664123251], [84.71956302895576, 20.758176354123503], [84.71965901830968, 20.75817762841068], [84.71966037304998, 20.75808734129269], [84.71994834100394, 20.758091163830837], [84.71994969556458, 20.75800087669488], [84.72004568484664, 20.75800215075748], [84.7200443303399, 20.75809243790242], [84.72014031967585, 20.758093711920107], [84.72014167412868, 20.758003424775165], [84.72033365271076, 20.758005972630873], [84.72033500703783, 20.75791568547695], [84.72052698553907, 20.75791823310808], [84.72052833974935, 20.75782794593619], [84.72043235054815, 20.757826672152063], [84.7204364132958, 20.757555810645375], [84.72062839135685, 20.75755835812379], [84.72062974547731, 20.757468070942917], [84.72072573446293, 20.757469344592295], [84.7207270885205, 20.75737905740244], [84.72187895621309, 20.7573943370088], [84.72187760284721, 20.757484624270525], [84.72216557010049, 20.757488442981845], [84.72216421689632, 20.757578730261535], [84.72235619521788, 20.757581275817554], [84.72235484211252, 20.75767156310623], [84.72254682057782, 20.757674108455635], [84.72254546758025, 20.757764395762273], [84.72273744618927, 20.757766940914053], [84.7227360932995, 20.75785722822069], [84.72283208267139, 20.757858500729206], [84.72283072982654, 20.757948788044825], [84.72292671927029, 20.757950060499443], [84.72292536647934, 20.758040347824046], [84.7228293769817, 20.758039075360447], [84.72282802412785, 20.758129362676065], [84.7226360450517, 20.758126817587172], [84.7226346920721, 20.75821710489381], [84.72253870249361, 20.758215832259527], [84.72253734945113, 20.758306119557183], [84.72244135981873, 20.75830484686002], [84.72244000671337, 20.758395134148692], [84.72234401702707, 20.758393861397632], [84.72234266385883, 20.758484148686303], [84.7222466741276, 20.75848287587236], [84.72224532089648, 20.758573163152047], [84.72214933111137, 20.758571890275224], [84.72214797781736, 20.75866217754593], [84.72205198798733, 20.758660904615205], [84.72204657449689, 20.75902205365311], [84.72195058444228, 20.75902078065052], [84.72194923099556, 20.759111067894274], [84.72185324089604, 20.759109794828802], [84.72185188738644, 20.75920008207256], [84.72242782845069, 20.7592077197108], [84.72242512209623, 20.759388294261196], [84.72232913178111, 20.759387021447253], [84.722327778541, 20.75947730871796], [84.72223178818096, 20.759476035841132], [84.72222908154804, 20.759656610364576], [84.72203710062135, 20.759654064431263], [84.72203304028119, 20.759924926171514], [84.72164907783494, 20.759919833586235], [84.72164772414567, 20.76001012080304], [84.72155173349817, 20.760008847512992], [84.72155037973704, 20.760099134729796], [84.72145438904464, 20.760097861385848], [84.7214516813966, 20.760278435801492], [84.72116370899597, 20.760274615401336], [84.72116100098863, 20.760455189772067], [84.7210650100896, 20.760453916185575], [84.72106365601405, 20.760544203366447], [84.72096766506114, 20.760542929726054], [84.72096901919956, 20.760452642554164], [84.72087302830953, 20.760451368859872], [84.72087167412619, 20.76054165602278], [84.72048771043127, 20.760536560697638], [84.72048906484818, 20.7604462735527], [84.72039307399407, 20.760444999588913], [84.7203984918144, 20.760083851027115], [84.72049448243494, 20.76008512496395], [84.72049854555091, 20.759814263520145], [84.72040255510105, 20.759812989601276], [84.72040390951794, 20.759722702456333], [84.72030791913096, 20.759721428483566], [84.72030927359278, 20.759631141347608], [84.72040526392587, 20.75963241530241], [84.7204066183248, 20.75954212815747], [84.7203106280546, 20.759540854202665], [84.72031333694231, 20.759360279912784], [84.72002536650899, 20.759356457769897], [84.72002672111454, 20.75926617064292], [84.71993073105095, 20.75926489649049], [84.71993479499336, 20.758994035127532], [84.71983880510045, 20.758992760939165], [84.71984015978686, 20.758902473821173], [84.71974416995683, 20.758901199587893], [84.71974552469712, 20.758810912478886], [84.71955354517182, 20.75880836385961], [84.71955625485901, 20.758627789650575], [84.71917229635638, 20.75862269182812]]]}, "id": "+841+233", "properties": {"A00": 0.062363808597270254, "A01": -0.09412443798615795, "A02": 0.12299375617653707, "A03": 0.0307810736765789, "A04": -0.023811317407340132, "A05": -0.06784677135774043, "A06": -0.09780566102699151, "A07": 0.19725383182248266, "A08": -0.07328626479467973, "A09": 0.06475761875496913, "A10": 0.1021897370314892, "A11": 0.08797073072707992, "A12": -0.30428242679009676, "A13": 0.0027965380241095576, "A14": -0.07157469810625866, "A15": 0.06911550117526581, "A16": -0.02885445895204391, "A17": 0.0229271329959442, "A18": -0.05406190214042651, "A19": -0.027394344578164434, "A20": -0.3206497903916862, "A21": 0.30120897283746834, "A22": 0.3184562282740872, "A23": -0.07986489333741689, "A24": 0.04052255581596866, "A25": 0.015331983535818824, "A26": 0.13148221480431796, "A27": 0.07187498993493888, "A28": -0.046439321121679575, "A29": 0.16454048565116344, "A30": 0.028336677409552716, "A31": 0.0986810864636462, "A32": 0.0320796611619721, "A33": -0.02768253319531824, "A34": 0.021710174391091526, "A35": -0.097517172704318, "A36": -0.1835825320889561, "A37": -0.02550482243227013, "A38": 0.16297019407153984, "A39": -0.12604845965165062, "A40": 0.048466114612747226, "A41": 0.0320831048724219, "A42": -0.14495289994551006, "A43": 0.3454402054494958, "A44": 0.04624627880792947, "A45": 0.04280419657143486, "A46": -0.027134233892928843, "A47": 0.026366948301608396, "A48": -0.12449856998707133, "A49": 0.02871773836007932, "A50": -0.10034268947247892, "A51": 0.007293913607869785, "A52": -0.02338878415958756, "A53": -0.08279947316517225, "A54": 0.15165943389462905, "A55": -0.08665033533626976, "A56": -0.0238007565000462, "A57": -0.018177580316901375, "A58": -0.1009832458204649, "A59": -0.15372298074680935, "A60": 0.06795552844333007, "A61": -0.11296178473182963, "A62": 0.04810367882141462, "A63": 0.04992682300265868, "area_ha": 7.3161202443474815, "centroid_lat": 20.758756477103944, "centroid_lon": 84.72111545521929, "cluster_id": 3, "n_pixels": 732, "perim_m": 1699.4962521468137, "stand_id": 77, "stand_lbl": 90}}, {"type": "Feature", "geometry": {"type": "MultiPolygon", "coordinates": [[[[84.71381047156947, 20.757648364913514], [84.71361849430792, 20.757645809808402], [84.71362121087623, 20.757465236327004], [84.71342923387519, 20.757462681033246], [84.71343874243468, 20.756830673902254], [84.71363071864519, 20.756833229115163], [84.71362256915589, 20.757374949586307], [84.71371855761149, 20.757376227152335], [84.71371719939472, 20.757466513893036], [84.7138131879132, 20.75746779141415], [84.71381047156947, 20.757648364913514]]], [[[84.71399701653884, 20.75801206685566], [84.71457294994946, 20.758019730401315], [84.71457159219082, 20.75811001719591], [84.71476357017103, 20.758112571285928], [84.71476764306965, 20.757841710866202], [84.71515159842818, 20.75784681834555], [84.71515024102888, 20.75793710517608], [84.71524622994262, 20.757938381915658], [84.7152367283361, 20.758570389774288], [84.71533271765408, 20.758571666504885], [84.71533136030867, 20.758661953335416], [84.71552333908838, 20.75866450665288], [84.71552198185077, 20.758754793501378], [84.71667385577766, 20.75877010895052], [84.71668199499922, 20.758228387410384], [84.71687397340163, 20.75823093916478], [84.71687261699945, 20.758321226103106], [84.71706459554561, 20.75832377765089], [84.71706323925122, 20.758414064607187], [84.71725521794109, 20.75841661595734], [84.71724979313187, 20.758777763791503], [84.71744177231582, 20.758780314970977], [84.71744041621008, 20.758870601945237], [84.71763239552878, 20.758873152927084], [84.71763375151774, 20.75878286594384], [84.71782573075558, 20.758785416701105], [84.71782708662775, 20.758695129708876], [84.71821104495073, 20.75870023054967], [84.71820968931212, 20.758790517568848], [84.71840166863082, 20.758793067679328], [84.71840437968346, 20.75861249362301], [84.71859635881351, 20.75861504349094], [84.71859906960565, 20.758434469407675], [84.71879104852908, 20.758437019042045], [84.7187937590697, 20.758256444922843], [84.71908172716739, 20.758260268934226], [84.71908308225802, 20.75816998186115], [84.71917907158499, 20.758171256417825], [84.71918042660377, 20.75808096933577], [84.7193724051589, 20.758083518278436], [84.71937511496289, 20.757902944078385], [84.71956709332038, 20.757905492787494], [84.71956980286386, 20.757724918560495], [84.71976178102372, 20.757727467027056], [84.71976449030669, 20.757546892773107], [84.72014844625812, 20.75755198902351], [84.72015115505599, 20.75737141470668], [84.72053511066606, 20.757376510049784], [84.72053646483144, 20.757286222877894], [84.72092042032472, 20.75729131733167], [84.72091906639291, 20.757381604539493], [84.7207270885205, 20.75737905740244], [84.72072573446293, 20.757469344592295], [84.72062974547731, 20.757468070942917], [84.72062839135685, 20.75755835812379], [84.7204364132958, 20.757555810645375], [84.72043235054815, 20.757826672152063], [84.72052833974935, 20.75782794593619], [84.72052698553907, 20.75791823310808], [84.72033500703783, 20.75791568547695], [84.72033365271076, 20.758005972630873], [84.72014167412868, 20.758003424775165], [84.72014031967585, 20.758093711920107], [84.7200443303399, 20.75809243790242], [84.72004568484664, 20.75800215075748], [84.71994969556458, 20.75800087669488], [84.71994834100394, 20.758091163830837], [84.71966037304998, 20.75808734129269], [84.71965901830968, 20.75817762841068], [84.71956302895576, 20.758176354123503], [84.71956167415259, 20.75826664123251], [84.71936969533695, 20.758264092469503], [84.71936698547906, 20.75844466666057], [84.71917500646579, 20.758442117672985], [84.71917229635638, 20.75862269182812], [84.71898031714548, 20.75862014259799], [84.718978961965, 20.758710429671066], [84.71888297231465, 20.75870915496168], [84.71888161706231, 20.75879944202577], [84.71859364798544, 20.758795617583196], [84.71859093713043, 20.75897619165748], [84.71849494733634, 20.758974916723513], [84.71849630282223, 20.758884629695356], [84.7184003131, 20.75888335470749], [84.7183881129364, 20.759695937924995], [84.71829212270214, 20.759694662838314], [84.71829347835872, 20.759604375819137], [84.71781352758262, 20.75959799959522], [84.71781488351768, 20.759507712611974], [84.71752691331793, 20.759503886255988], [84.71752826941469, 20.75941359929071], [84.71743227941397, 20.759412323736903], [84.71743363556462, 20.759322036771625], [84.71724165570694, 20.759319485511305], [84.71724436821485, 20.759138911607696], [84.7171483784028, 20.759137635919146], [84.71714973470615, 20.759047348971833], [84.71705374496597, 20.7590460732204], [84.71705510131424, 20.758955786282073], [84.71647916335816, 20.758948130731422], [84.71647644996989, 20.759128704545198], [84.7153245734828, 20.75911338751502], [84.71532728823651, 20.758932813844975], [84.71523129869394, 20.758931537087427], [84.7152299412587, 20.75902182391796], [84.71513395166222, 20.759020547106513], [84.71513530915138, 20.758930260284963], [84.71494333009319, 20.758927706500376], [84.7149460452691, 20.75874713288423], [84.71475406647143, 20.758744578910996], [84.71475949720055, 20.758383431705653], [84.71418356234365, 20.758375768663054], [84.714186278346, 20.758195195127758], [84.71399430033885, 20.75819264037299], [84.71399701653884, 20.75801206685566]]], [[[84.71381047156947, 20.757648364913514], [84.71400244885798, 20.757650919812015], [84.71399701653884, 20.75801206685566], [84.71380503880118, 20.758009511912245], [84.71381047156947, 20.757648364913514]]]]}, "id": "+813+224", "properties": {"A00": 0.031357712278697, "A01": -0.1315979730675986, "A02": 0.16071918409018954, "A03": 0.05424613571577563, "A04": -0.02725894719457528, "A05": -0.04533490908570386, "A06": -0.09578205874541149, "A07": 0.19980425571511254, "A08": -0.07044434758885214, "A09": 0.058848055162179204, "A10": 0.07678574764475393, "A11": 0.07991242407235503, "A12": -0.30149919991512636, "A13": 0.03656798348691777, "A14": -0.059592861572993226, "A15": 0.0758135447750717, "A16": -0.07484767441035443, "A17": 0.07408064747945702, "A18": -0.0669931874104928, "A19": -0.020124534634446835, "A20": -0.32918798573437763, "A21": 0.3359933631802137, "A22": 0.2842003529584814, "A23": -0.059930667214182026, "A24": 0.03518897890230762, "A25": 0.00442628694037165, "A26": 0.11298087425849249, "A27": 0.057896971553526744, "A28": -0.051632777206358095, "A29": 0.1760939818793697, "A30": 0.03347929456926237, "A31": 0.06537083881242443, "A32": -0.043286304051290324, "A33": -0.003198820927368782, "A34": -0.0008926197401145392, "A35": -0.07199992315603998, "A36": -0.1544171227275187, "A37": 0.006261353261592603, "A38": 0.1783658690447635, "A39": -0.09286440629353274, "A40": 0.05353500803269746, "A41": 0.046581431887667175, "A42": -0.1475633805637933, "A43": 0.3197891844435342, "A44": 0.013112571057882282, "A45": 0.07679323440155632, "A46": -0.017722639007370675, "A47": -0.0005038576888787106, "A48": -0.16317934709670057, "A49": 0.020139216908912686, "A50": -0.10215028562402734, "A51": 0.04625661982936183, "A52": -0.007163676166211477, "A53": -0.10554902364201833, "A54": 0.15984770360504313, "A55": -0.06200840385929725, "A56": -0.04047217950508415, "A57": -0.003951469473971332, "A58": -0.1206327593179759, "A59": -0.1538429973150263, "A60": 0.050519754639341254, "A61": -0.08139892571330014, "A62": 0.06643470619323211, "A63": 0.027721513242472007, "area_ha": 4.259364215018874, "centroid_lat": 20.758503225600283, "centroid_lon": 84.71711307279236, "cluster_id": 1, "n_pixels": 426, "perim_m": 2859.1452583290993, "stand_id": 78, "stand_lbl": 81}}, {"type": "Feature", "geometry": {"type": "Polygon", "coordinates": [[[84.71533136030867, 20.758661953335416], [84.71534086156485, 20.758029945449838], [84.71553283954506, 20.75803249867747], [84.71554369677223, 20.75731020379068], [84.71573567387209, 20.757312756712885], [84.71573295982805, 20.75749333046378], [84.71611691456675, 20.75749843570632], [84.71611962814366, 20.75731786190153], [84.71631160532436, 20.75732041417695], [84.71630075173537, 20.758042709450013], [84.71649272985931, 20.75804526160865], [84.71649001661477, 20.758225835440392], [84.71668199499922, 20.758228387410384], [84.71667385577766, 20.75877010895052], [84.71552198185077, 20.758754793501378], [84.71552333908838, 20.75866450665288], [84.71533136030867, 20.758661953335416]]]}, "id": "+795+214", "properties": {"A00": -0.01831209509542952, "A01": -0.06683115046541968, "A02": 0.20974933106089605, "A03": 0.02592024489098589, "A04": -0.05242041562813745, "A05": 0.05974674386633036, "A06": -0.06706622394587003, "A07": 0.12503304131047066, "A08": -0.030599722695822444, "A09": 0.025648012374413404, "A10": 0.11183048213982325, "A11": 0.06500854616496742, "A12": -0.2946737523430022, "A13": 0.059765718919605776, "A14": 0.004447037448903543, "A15": 0.12647884727302872, "A16": -0.10685463295521537, "A17": 0.11174170373486901, "A18": -0.1042711104730056, "A19": -0.07158476320079339, "A20": -0.3421844160622778, "A21": 0.3410547536154233, "A22": 0.20106677535386994, "A23": 0.02224348157518552, "A24": 0.03039442777944514, "A25": -0.009613076058892557, "A26": 0.11123907779467467, "A27": -0.023144400723697642, "A28": -0.07376518500487615, "A29": 0.16834241831530836, "A30": 0.023050129223730554, "A31": 0.10545237078341625, "A32": -0.1109470169509645, "A33": -0.0017342340332667696, "A34": 0.01674969561868528, "A35": 0.0032083881121712085, "A36": -0.1877931197400974, "A37": 0.07156450453689207, "A38": 0.1661146326434468, "A39": -0.018893084180949773, "A40": 0.0805280148842872, "A41": 0.032493053456153546, "A42": -0.1835183982884159, "A43": 0.23600611988131817, "A44": 0.006480784944662544, "A45": 0.12082803048341674, "A46": 0.020524818286847425, "A47": -0.04978948927371019, "A48": -0.18614611804429376, "A49": -0.010214006316440693, "A50": -0.010901643997720886, "A51": 0.1133998911804119, "A52": -0.031809881010179446, "A53": -0.0978118872269906, "A54": 0.1683766785326942, "A55": -0.04792443124563897, "A56": -0.020323840381238148, "A57": -0.01630436898387549, "A58": -0.11678148995554308, "A59": -0.21764559906619235, "A60": -0.03290206716027807, "A61": -0.018655729291305677, "A62": 0.16490236819945897, "A63": 0.02597659611430124, "area_ha": 1.6235672843965723, "centroid_lat": 20.758165972852254, "centroid_lon": 84.71597057491557, "cluster_id": 1, "n_pixels": 162, "perim_m": 639.8081469623473, "stand_id": 79, "stand_lbl": 76}}, {"type": "Feature", "geometry": {"type": "Polygon", "coordinates": [[[84.70801984786642, 20.759648205196772], [84.70802529484607, 20.759287059734163], [84.70812128412811, 20.759288340534127], [84.70812264580341, 20.75919805416174], [84.70821863503157, 20.75919933489882], [84.70822544299479, 20.758747902982975], [84.7084174209211, 20.758750464241547], [84.70842150526425, 20.75847960504353], [84.70851749407021, 20.758480885574], [84.70851885544006, 20.758390599165676], [84.70861484419211, 20.75839187964225], [84.70861620550808, 20.758301593224942], [84.70852021680993, 20.758300312757356], [84.7085215781708, 20.758210026349033], [84.70861756681506, 20.758211306807638], [84.70861892811305, 20.758121020390334], [84.70881090530274, 20.758123581136864], [84.70881362764722, 20.757943008275305], [84.70900560463927, 20.75794556877929], [84.70901104878922, 20.75758442299329], [84.70910703706517, 20.757585703146468], [84.70910839803078, 20.757495416693228], [84.70920438625284, 20.757496696783527], [84.70920846892511, 20.757225837387878], [84.70930445699445, 20.75722711740631], [84.70930581781634, 20.757136830935107], [84.70940180583176, 20.75713811089964], [84.7094031665818, 20.757047824419452], [84.7094991545523, 20.7570491043211], [84.70950051523945, 20.75695881783193], [84.70969249108167, 20.756961377455568], [84.7096952122134, 20.75678080445926], [84.7097912000312, 20.756782084181246], [84.7097925605297, 20.75669179767411], [84.70969657276581, 20.756690517961108], [84.7096979333182, 20.75660023145397], [84.71017787190415, 20.756606629462034], [84.71017651163922, 20.756696915996123], [84.71094441420858, 20.756707150070962], [84.71094169456804, 20.756887723228967], [84.71074971865396, 20.7568851650067], [84.71073611887921, 20.75778803061706], [84.71064013036971, 20.75778675137118], [84.71063741020814, 20.757967324466303], [84.71073339884342, 20.75796860373015], [84.71073067877168, 20.758149176834255], [84.71053870129452, 20.758146618225712], [84.71053462078719, 20.75841747784594], [84.71063060969195, 20.758418757190636], [84.71062924957074, 20.758509043733703], [84.71072523853839, 20.758510323033484], [84.71072115829155, 20.758781182671676], [84.7099532453736, 20.75877094662054], [84.70995188482121, 20.758861233118694], [84.7098558956739, 20.758859953360776], [84.70985725628917, 20.758769666871604], [84.70976126721374, 20.75876838706877], [84.70975990654455, 20.75885867355794], [84.70937595009006, 20.758853553798623], [84.70937322827561, 20.7590341267051], [84.70898927147977, 20.759029006038485], [84.70898791034345, 20.75911929247376], [84.70889192109733, 20.759118012167864], [84.70889055989815, 20.759208298594153], [84.70860259205199, 20.759204457335116], [84.70859986927633, 20.759385030142777], [84.70840789052357, 20.75938246900997], [84.7084051674874, 20.759563041790685], [84.70821318853702, 20.759560480424312], [84.70821046524931, 20.759741053169094], [84.70811447567081, 20.759739772396077], [84.70811583737306, 20.759649486023687], [84.70801984786642, 20.759648205196772]]]}, "id": "+707+226", "properties": {"A00": 0.07167515463711871, "A01": -0.06646438980677398, "A02": 0.125830447084301, "A03": 0.03466985141739274, "A04": -0.02043526890348309, "A05": -0.07532510863131665, "A06": -0.11110965650009037, "A07": 0.21310241652382236, "A08": -0.07237604708876881, "A09": 0.061928741477251734, "A10": 0.1227350324579685, "A11": 0.10199559779227173, "A12": -0.28652863816471663, "A13": -0.022713084151748993, "A14": -0.07141446813915887, "A15": 0.06879112757505465, "A16": -0.03274031049186698, "A17": 0.003605152572118369, "A18": -0.05243979021761219, "A19": -0.003462512236783116, "A20": -0.29260772961100506, "A21": 0.2832383350701152, "A22": 0.3200832823875323, "A23": -0.08757709251016983, "A24": 0.054841628679447384, "A25": 0.015107168080202911, "A26": 0.14408638212161104, "A27": 0.07173911815751002, "A28": -0.05718556499156289, "A29": 0.15224239120797278, "A30": 0.04203466951275992, "A31": 0.1447138783482289, "A32": 0.06262603406626288, "A33": -0.04274255851054552, "A34": 0.0176274708569872, "A35": -0.0753630927919842, "A36": -0.20136419672369377, "A37": -0.07983554528589532, "A38": 0.13907586737603253, "A39": -0.11686168543418639, "A40": 0.01781260565424287, "A41": 0.03889268229057409, "A42": -0.14146991794228744, "A43": 0.3303064532219995, "A44": 0.054244315468768005, "A45": 0.04957362844556167, "A46": -0.023415585264493218, "A47": 0.06477238000278292, "A48": -0.11775114643357126, "A49": 0.015137750178881934, "A50": -0.08587638659294018, "A51": -0.017469746557273073, "A52": -0.024105875946441657, "A53": -0.08833593313892907, "A54": 0.1389310043236806, "A55": -0.11166828594909799, "A56": -0.0043920223494222825, "A57": -0.02330856966916435, "A58": -0.08621499991212389, "A59": -0.17462470760437837, "A60": 0.08100568023459229, "A61": -0.11719835059241251, "A62": 0.03320003780257838, "A63": 0.017759520757152675, "area_ha": 4.9207737728285235, "centroid_lat": 20.75803513788406, "centroid_lon": 84.70963319461485, "cluster_id": 3, "n_pixels": 492, "perim_m": 1419.5688799667603, "stand_id": 80, "stand_lbl": 64}}, {"type": "Feature", "geometry": {"type": "Polygon", "coordinates": [[[84.71053462078719, 20.75841747784594], [84.71053870129452, 20.758146618225712], [84.71073067877168, 20.758149176834255], [84.71073339884342, 20.75796860373015], [84.71063741020814, 20.757967324466303], [84.71064013036971, 20.75778675137118], [84.71073611887921, 20.75778803061706], [84.71074971865396, 20.7568851650067], [84.71094169456804, 20.756887723228967], [84.71094441420858, 20.756707150070962], [84.7120002810039, 20.756721216331854], [84.71199892180795, 20.756811502982725], [84.71343874243468, 20.756830673902254], [84.71342923387519, 20.757462681033246], [84.71362121087623, 20.757465236327004], [84.71361849430792, 20.757645809808402], [84.71381047156947, 20.757648364913514], [84.71380775519881, 20.757828938421863], [84.71332781153738, 20.757822550187466], [84.71332645305111, 20.7579128369102], [84.7134224418301, 20.757914114664878], [84.71342108339773, 20.75800440138761], [84.71351707223961, 20.758005679106354], [84.7135143554647, 20.7581862525608], [84.713706333391, 20.758188807845578], [84.71370497511134, 20.758279094586275], [84.71380096414187, 20.758280372152306], [84.71379960591611, 20.75837065890199], [84.71389559500952, 20.758371936423103], [84.71389423682868, 20.758462223172785], [84.71399022598497, 20.75846350064], [84.71398886784904, 20.758553787398668], [84.71418084630535, 20.758556342198354], [84.7141781302491, 20.75873691572467], [84.71398615155921, 20.758734360907017], [84.71398479340532, 20.7588246476567], [84.71379281464358, 20.758822092605484], [84.71379417290528, 20.758731805864784], [84.71360219428726, 20.758729250615943], [84.71360491102625, 20.75854867715251], [84.71341293265976, 20.75854612171502], [84.71340885719196, 20.75881698185627], [84.71331286784702, 20.758815704038714], [84.7133115092889, 20.75890599074348], [84.71302354112832, 20.758902156949443], [84.71302489985713, 20.75881187026264], [84.71292891053915, 20.758810592229487], [84.71292755175644, 20.758900878907305], [84.7126395836767, 20.75889704446648], [84.71264094263908, 20.758806757806628], [84.71273693193012, 20.75880803600148], [84.71273829082962, 20.758717749323665], [84.71264230159248, 20.758716471137795], [84.71264501947232, 20.758535897800126], [84.71206908488492, 20.758528227615923], [84.71206772560812, 20.758618514248823], [84.71187574735842, 20.75861595708657], [84.71187438795587, 20.758706243701504], [84.71168240962533, 20.75870368630569], [84.71167969057767, 20.758884259517593], [84.71148771204051, 20.758881701888214], [84.71148499273235, 20.759062275064185], [84.7111010352987, 20.759057159113727], [84.71110375505602, 20.758876585973688], [84.71091177661768, 20.758874027706504], [84.71091313659515, 20.75878374114547], [84.71072115829155, 20.758781182671676], [84.71072523853839, 20.758510323033484], [84.71062924957074, 20.758509043733703], [84.71063060969195, 20.758418757190636], [84.71053462078719, 20.75841747784594]]]}, "id": "+741+218", "properties": {"A00": 0.07410847722538554, "A01": -0.11533507330832463, "A02": 0.11613023705360688, "A03": 0.036447650058318314, "A04": -0.006527840775731595, "A05": -0.0701145133647758, "A06": -0.10204863819536654, "A07": 0.20537793854772213, "A08": -0.06316949567717425, "A09": 0.0750369687421124, "A10": 0.11687839738965261, "A11": 0.08639335175706217, "A12": -0.3176204361453773, "A13": 0.02363582970130148, "A14": -0.07954985989004873, "A15": 0.0625723138257644, "A16": -0.044238119050140336, "A17": 0.0025167653226437835, "A18": -0.04070053769132345, "A19": -0.03275268275657058, "A20": -0.2783800443319904, "A21": 0.2730011434618568, "A22": 0.3434198114202782, "A23": -0.08718677010112018, "A24": 0.038229303133855905, "A25": 0.012726350570913364, "A26": 0.1223566433017854, "A27": 0.07183897177598814, "A28": -0.052858680827266795, "A29": 0.15389412956809256, "A30": 0.03234681075628163, "A31": 0.07886372428847452, "A32": 0.006286003966498498, "A33": -0.06077060197934183, "A34": 0.03453113251993547, "A35": -0.09060511249112002, "A36": -0.19868910505199922, "A37": -0.012839191644059266, "A38": 0.16863322358054283, "A39": -0.1444862620761691, "A40": 0.0443692776626955, "A41": 0.005155742589357143, "A42": -0.14120879008830495, "A43": 0.34540935021009683, "A44": 0.034572201487173694, "A45": 0.03619492431163822, "A46": -0.023227787930559976, "A47": 0.04341153763804514, "A48": -0.11456214188495199, "A49": 0.044009091431042424, "A50": -0.10706971680339744, "A51": 0.00060199546494792, "A52": -0.024391141767993393, "A53": -0.08387266814932924, "A54": 0.16996492885494083, "A55": -0.07214699422856176, "A56": -0.05391413557775677, "A57": -0.003406313554441547, "A58": -0.09608126324350426, "A59": -0.14954031794823358, "A60": 0.10430452635732358, "A61": -0.1149363343582075, "A62": 0.07287706897442144, "A63": 0.037519345535363534, "area_ha": 6.774854305376315, "centroid_lat": 20.75783178783776, "centroid_lon": 84.71214546953829, "cluster_id": 3, "n_pixels": 677, "perim_m": 1579.5233819578932, "stand_id": 81, "stand_lbl": 69}}, {"type": "Feature", "geometry": {"type": "Polygon", "coordinates": [[[84.71362256915589, 20.757374949586307], [84.71363071864519, 20.756833229115163], [84.71382269487368, 20.756835784112475], [84.71382133676471, 20.756926070871142], [84.71554912521064, 20.756949056324828], [84.71554776811676, 20.75703934319129], [84.71708358295729, 20.7570597602448], [84.7170781581301, 20.75742090809693], [84.71717414684622, 20.75742218373158], [84.7171727906776, 20.75751247069686], [84.7170768018986, 20.757511195062204], [84.71707544566709, 20.7576014820185], [84.71717143449999, 20.757602757662134], [84.71716736593126, 20.75787361855797], [84.71726335493483, 20.757874894165674], [84.71726199879316, 20.757965181130952], [84.71735798785963, 20.75796645669374], [84.71735663176287, 20.758056743668], [84.71764459919582, 20.758060570059918], [84.71764595512188, 20.757970283067692], [84.71774194422429, 20.757971558414884], [84.7177405883611, 20.758061845416094], [84.71802855587488, 20.758065671161226], [84.71802720017338, 20.758155958180403], [84.71821917866563, 20.758158508416646], [84.71822053425933, 20.75806822139747], [84.71841251267072, 20.758070771409134], [84.7184179345155, 20.75770962325158], [84.71822595656225, 20.75770707328483], [84.7182286676688, 20.757526499219527], [84.71842064539747, 20.757529049159327], [84.7184233562435, 20.757348475076057], [84.71832736749145, 20.75734720014209], [84.71832872295938, 20.75725691309596], [84.71823273427022, 20.75725563811708], [84.71823408979205, 20.757165351079937], [84.71919397645016, 20.757178098416365], [84.71919262149426, 20.75726838551639], [84.72053646483144, 20.757286222877894], [84.72053511066606, 20.757376510049784], [84.72015115505599, 20.75737141470668], [84.72014844625812, 20.75755198902351], [84.71976449030669, 20.757546892773107], [84.71976178102372, 20.757727467027056], [84.71956980286386, 20.757724918560495], [84.71956709332038, 20.757905492787494], [84.71937511496289, 20.757902944078385], [84.7193724051589, 20.758083518278436], [84.71918042660377, 20.75808096933577], [84.71917907158499, 20.758171256417825], [84.71908308225802, 20.75816998186115], [84.71908172716739, 20.758260268934226], [84.7187937590697, 20.758256444922843], [84.71879104852908, 20.758437019042045], [84.71859906960565, 20.758434469407675], [84.71859635881351, 20.75861504349094], [84.71840437968346, 20.75861249362301], [84.71840166863082, 20.758793067679328], [84.71820968931212, 20.758790517568848], [84.71821104495073, 20.75870023054967], [84.71782708662775, 20.758695129708876], [84.71782573075558, 20.758785416701105], [84.71763375151774, 20.75878286594384], [84.71763239552878, 20.758873152927084], [84.71744041621008, 20.758870601945237], [84.71744177231582, 20.758780314970977], [84.71724979313187, 20.758777763791503], [84.71725521794109, 20.75841661595734], [84.71706323925122, 20.758414064607187], [84.71706459554561, 20.75832377765089], [84.71687261699945, 20.758321226103106], [84.71687397340163, 20.75823093916478], [84.71649001661477, 20.758225835440392], [84.71649272985931, 20.75804526160865], [84.71630075173537, 20.758042709450013], [84.71631160532436, 20.75732041417695], [84.71611962814366, 20.75731786190153], [84.71611691456675, 20.75749843570632], [84.71573295982805, 20.75749333046378], [84.71573567387209, 20.757312756712885], [84.71554369677223, 20.75731020379068], [84.71553283954506, 20.75803249867747], [84.71534086156485, 20.758029945449838], [84.71533271765408, 20.758571666504885], [84.7152367283361, 20.758570389774288], [84.71524622994262, 20.757938381915658], [84.71515024102888, 20.75793710517608], [84.71515159842818, 20.75784681834555], [84.71476764306965, 20.757841710866202], [84.71476357017103, 20.758112571285928], [84.71457159219082, 20.75811001719591], [84.71457294994946, 20.758019730401315], [84.71399701653884, 20.75801206685566], [84.71400244885798, 20.757650919812015], [84.71381047156947, 20.757648364913514], [84.7138131879132, 20.75746779141415], [84.71371719939472, 20.757466513893036], [84.71371855761149, 20.757376227152335], [84.71362256915589, 20.757374949586307]]]}, "id": "+805+215", "properties": {"A00": -0.01162760758192176, "A01": -0.0894519762799278, "A02": 0.1996173672904223, "A03": 0.042111950046336395, "A04": -0.04401114853679217, "A05": 0.034343841595151865, "A06": -0.07172445062464844, "A07": 0.14688237514666455, "A08": -0.05098277207591876, "A09": 0.040054061748068547, "A10": 0.09900305987967449, "A11": 0.05888620360811685, "A12": -0.2837245997380819, "A13": 0.06186788138235044, "A14": -0.005336270779030549, "A15": 0.10973653956189194, "A16": -0.09051157085938552, "A17": 0.09288580404914211, "A18": -0.10676253208487214, "A19": -0.047556552134947284, "A20": -0.33970261894787196, "A21": 0.34143431379416883, "A22": 0.21385303501267425, "A23": -0.006421999936652011, "A24": 0.028791988434203147, "A25": 0.005930271624507915, "A26": 0.1156956873789611, "A27": -0.008900339451256538, "A28": -0.06346105253503549, "A29": 0.18418691922044617, "A30": 0.026910776128840127, "A31": 0.08848539895006219, "A32": -0.10613105681767766, "A33": 0.0021394246434204805, "A34": 0.00467996385792244, "A35": -0.015318709048284841, "A36": -0.17861015623012944, "A37": 0.07537359019589528, "A38": 0.16053462028099558, "A39": -0.04935459640563758, "A40": 0.07725571901030306, "A41": 0.03118710220470468, "A42": -0.17020461636309794, "A43": 0.26896693183532666, "A44": 0.014942920766377873, "A45": 0.11812769092110662, "A46": 0.013684912360507059, "A47": -0.028387343592839988, "A48": -0.18250042852784432, "A49": -0.007689056467257843, "A50": -0.04413138357650342, "A51": 0.08641551654988552, "A52": -0.02257000337394165, "A53": -0.09311310394416362, "A54": 0.17595308483904024, "A55": -0.052862660574546874, "A56": -0.03533430926078078, "A57": -0.010343728335932858, "A58": -0.11712915476319505, "A59": -0.20055781271936518, "A60": -0.014923346263079123, "A61": -0.034895573079187676, "A62": 0.14857554888876265, "A63": 0.02460667715019449, "area_ha": 6.374011523709541, "centroid_lat": 20.757693569535967, "centroid_lon": 84.71676083347289, "cluster_id": 2, "n_pixels": 637, "perim_m": 2619.21707908174, "stand_id": 82, "stand_lbl": 80}}, {"type": "Feature", "geometry": {"type": "Polygon", "coordinates": [[[84.71707544566709, 20.7576014820185], [84.7170768018986, 20.757511195062204], [84.7171727906776, 20.75751247069686], [84.71717414684622, 20.75742218373158], [84.7170781581301, 20.75742090809693], [84.71708358295729, 20.7570597602448], [84.71737154844986, 20.75706358692418], [84.717370192416, 20.75715387389844], [84.71823408979205, 20.757165351079937], [84.71823273427022, 20.75725563811708], [84.71832872295938, 20.75725691309596], [84.71832736749145, 20.75734720014209], [84.7184233562435, 20.757348475076057], [84.71842064539747, 20.757529049159327], [84.7182286676688, 20.757526499219527], [84.71822595656225, 20.75770707328483], [84.7184179345155, 20.75770962325158], [84.71841251267072, 20.758070771409134], [84.71822053425933, 20.75806822139747], [84.71821917866563, 20.758158508416646], [84.71802720017338, 20.758155958180403], [84.71802855587488, 20.758065671161226], [84.7177405883611, 20.758061845416094], [84.71774194422429, 20.757971558414884], [84.71764595512188, 20.757970283067692], [84.71764459919582, 20.758060570059918], [84.71735663176287, 20.758056743668], [84.71735798785963, 20.75796645669374], [84.71726199879316, 20.757965181130952], [84.71726335493483, 20.757874894165674], [84.71716736593126, 20.75787361855797], [84.71717143449999, 20.757602757662134], [84.71707544566709, 20.7576014820185]]]}, "id": "+811+207", "properties": {"A00": 0.02420074869118747, "A01": -0.12257477807464202, "A02": 0.13954944790648335, "A03": 0.07065475789105762, "A04": -0.027846658513013635, "A05": -0.017305938642269373, "A06": -0.07773320293868215, "A07": 0.1729615676917568, "A08": -0.09918736705382485, "A09": 0.0624427125832581, "A10": 0.08671680545982258, "A11": 0.06578849525641753, "A12": -0.30127241704479124, "A13": 0.039894760989953794, "A14": -0.029550316259012076, "A15": 0.07996185983035757, "A16": -0.06595427320562113, "A17": 0.056953602536203754, "A18": -0.08759947251423526, "A19": 0.018387267033790768, "A20": -0.3113046051599575, "A21": 0.30256065435029716, "A22": 0.27667650238352426, "A23": -0.05302390004470835, "A24": 0.03726789328254591, "A25": 0.03756696157277191, "A26": 0.14560342393174247, "A27": -0.0061077370889639215, "A28": -0.06338855907737483, "A29": 0.1949915254404991, "A30": 0.019978073507931862, "A31": 0.07116777111361514, "A32": -0.029205256592708128, "A33": -0.028665651107709158, "A34": 0.022626448594401594, "A35": -0.05445061240562088, "A36": -0.15652065525645534, "A37": 0.02379963686914962, "A38": 0.17143463829292294, "A39": -0.1137910608541748, "A40": 0.05308925774968452, "A41": 0.009476702707136268, "A42": -0.17465593081675904, "A43": 0.3218824326287658, "A44": 0.033833390381731596, "A45": 0.09768596987755959, "A46": 0.010975291914867062, "A47": -4.397644378154222e-05, "A48": -0.170803826847316, "A49": 0.03510573358702221, "A50": -0.08477300364055315, "A51": 0.03132772844265374, "A52": -0.03643331819032849, "A53": -0.07298343599829833, "A54": 0.18965679665874494, "A55": -0.08985286091293321, "A56": -0.04368338336845582, "A57": -0.018997828143996587, "A58": -0.11363819891044202, "A59": -0.19480624323020984, "A60": 0.040483641936665954, "A61": -0.06551007249060077, "A62": 0.10577662097862324, "A63": 0.03675514499611708, "area_ha": 1.2828214946878733, "centroid_lat": 20.757595637402247, "centroid_lon": 84.71775058994551, "cluster_id": 1, "n_pixels": 128, "perim_m": 599.8209758051767, "stand_id": 83, "stand_lbl": 85}}, {"type": "Feature", "geometry": {"type": "Polygon", "coordinates": [[[84.6906020417196, 20.74966209995969], [84.6906034130967, 20.749571814593413], [84.69069939507546, 20.749573104547213], [84.69070076638967, 20.749482819180933], [84.69079674831451, 20.749484109080836], [84.69079811956584, 20.749393823705574], [84.69089410144578, 20.749395113542594], [84.69089684380472, 20.749214542774105], [84.69108880735799, 20.749217122259495], [84.69109154946538, 20.74903655146406], [84.69099556780104, 20.74903526176179], [84.69099693889966, 20.748944976368563], [84.69109292050112, 20.748946266070835], [84.69109429153686, 20.748855980668626], [84.6916701809929, 20.74886371769647], [84.69166743959516, 20.749044288572755], [84.69176342131341, 20.749045577906713], [84.69176205066394, 20.749135863344858], [84.69185803244507, 20.749137152624918], [84.69185666184052, 20.749227438072044], [84.69204862553751, 20.749230016488436], [84.69204725504076, 20.749320301944547], [84.69195127313388, 20.749319012754317], [84.69194990256527, 20.749409298210423], [84.69185392061347, 20.74940800895731], [84.69184843806953, 20.749769150727843], [84.69175245589314, 20.749767861402866], [84.6917538265965, 20.749677575964725], [84.691657844483, 20.74967628659483], [84.6916551029595, 20.749856857444165], [84.6915591207382, 20.749855568002406], [84.69155774990908, 20.74994585342258], [84.69126980311943, 20.749941984773912], [84.69127117411924, 20.749851699371703], [84.69098322757212, 20.749847830246924], [84.6909845987426, 20.749757544862682], [84.69079263452458, 20.74975496519763], [84.69079400579389, 20.74966467982237], [84.6906020417196, 20.74966209995969]]]}, "id": "+532+120", "properties": {"A00": -0.08520964561191156, "A01": -0.02000715604331075, "A02": 0.11689633776361363, "A03": 0.007376683858725963, "A04": -0.07187333522418907, "A05": 0.05878274906602715, "A06": -0.03131559665935931, "A07": 0.11988645772971582, "A08": 0.034530891611705264, "A09": 0.033619819387336936, "A10": 0.1162397445808919, "A11": 0.02634073619283243, "A12": -0.24421161404888736, "A13": 0.030518651411022005, "A14": 0.11203926564059845, "A15": 0.16622062364840798, "A16": -0.09808189105288065, "A17": 0.035968654862496244, "A18": -0.14741710503314, "A19": -0.08048869525540127, "A20": -0.358705073149609, "A21": 0.24503902248435955, "A22": 0.11774019062727765, "A23": 0.026871961657517433, "A24": 0.061372021428570574, "A25": 0.03145004672395319, "A26": 0.13305486239167802, "A27": -0.056833911164489666, "A28": -0.08686895402969949, "A29": 0.12192406172661827, "A30": 0.0386388140604221, "A31": 0.07029007506436956, "A32": -0.11434886787413191, "A33": -0.054294937320682676, "A34": 0.12565818900492745, "A35": 0.045686409077199557, "A36": -0.17695904085287567, "A37": 0.12815878282731633, "A38": 0.14844586563920095, "A39": 0.001048258477904332, "A40": 0.03884791043619515, "A41": 0.005064473047083354, "A42": -0.21828104211383909, "A43": 0.2471248601858274, "A44": 0.01487474688801155, "A45": 0.14587574908057388, "A46": 0.054262280290645545, "A47": -0.009130063083307507, "A48": -0.1450674106661804, "A49": -0.004235576881984292, "A50": 0.042791784196576095, "A51": 0.16040748230344587, "A52": -0.056114895370482414, "A53": -0.06853038938332097, "A54": 0.2748179862098682, "A55": -0.03054169225585108, "A56": 0.01664991885258152, "A57": -0.052050184076632526, "A58": -0.11754778503949874, "A59": -0.28062243619368626, "A60": -0.009869251668674481, "A61": -0.09272150975277534, "A62": 0.1321647268512941, "A63": 0.04938402157909819, "area_ha": 1.072324955660404, "centroid_lat": 20.749406775290048, "centroid_lon": 84.69135374454105, "n_pixels": 107, "perim_m": 579.8174585235237, "stand_id": 84, "stand_lbl": 40}}, {"type": "Feature", "geometry": {"type": "Polygon", "coordinates": [[[84.69155774990908, 20.74994585342258], [84.6915591207382, 20.749855568002406], [84.6916551029595, 20.749856857444165], [84.691657844483, 20.74967628659483], [84.6917538265965, 20.749677575964725], [84.69175245589314, 20.749767861402866], [84.69184843806953, 20.749769150727843], [84.69185392061347, 20.74940800895731], [84.69194990256527, 20.749409298210423], [84.69195127313388, 20.749319012754317], [84.69204725504076, 20.749320301944547], [84.69204862553751, 20.749230016488436], [84.69185666184052, 20.749227438072044], [84.69185803244507, 20.749137152624918], [84.69176205066394, 20.749135863344858], [84.69176342131341, 20.749045577906713], [84.69166743959516, 20.749044288572755], [84.6916701809929, 20.74886371769647], [84.69243803401119, 20.74887403075119], [84.69243940423844, 20.74878374525915], [84.69263136745933, 20.74878632297486], [84.6926327375698, 20.748696037473835], [84.69282470069187, 20.74869861496496], [84.69282607068556, 20.74860832944597], [84.69301803372679, 20.74861090671252], [84.6930194035947, 20.74852062118455], [84.69321136655508, 20.748523198217537], [84.69321273630622, 20.74843291268058], [84.69330871773701, 20.748434201116225], [84.69331282676586, 20.748163344469425], [84.6936967518961, 20.748168497583187], [84.69369538245037, 20.748258783156075], [84.6937913638093, 20.748260071313243], [84.69378999441747, 20.74835035688613], [84.69417392014957, 20.748355508984798], [84.69418213502725, 20.747813795358816], [84.694374097251, 20.7478163710084], [84.69437683525311, 20.747635799763806], [84.69456879727923, 20.74763837517983], [84.69456058385683, 20.748180088967505], [84.6947525466016, 20.74818266424878], [84.69474980895883, 20.748363235520323], [84.69494177195513, 20.74836581061295], [84.69493903451897, 20.74854638191144], [84.6952269794042, 20.74855024417309], [84.69522561084781, 20.74864052983581], [84.69532159254808, 20.748641817157544], [84.69532022403662, 20.748732102829248], [84.69551218758089, 20.748734677320005], [84.69550945076456, 20.74891524869036], [84.69522150512475, 20.748911386832955], [84.69522013653244, 20.749001672495677], [84.6950281726917, 20.748999097645594], [84.69502680398261, 20.74908938329933], [84.69483484006105, 20.74908680822467], [84.69483347123516, 20.749177093860443], [84.69454552523602, 20.74917323082624], [84.6945441562215, 20.749263516444046], [84.6943521921472, 20.749260940803445], [84.69435082301591, 20.74935122641227], [84.69406287679219, 20.74934736253365], [84.69406150748122, 20.74943764812451], [84.69386954325422, 20.749435071926953], [84.69386817382647, 20.74952535749984], [84.69367620950963, 20.749522781077708], [84.69367483995612, 20.74961306663263], [84.69338689337307, 20.749609201586207], [84.6933855236399, 20.749699487123163], [84.69319355917035, 20.749696910144074], [84.6931921893204, 20.749787195663064], [84.69290424250379, 20.74978332977222], [84.69290287248315, 20.74987361528223], [84.69261492555874, 20.74986974888833], [84.69261355534947, 20.749960034380372], [84.69155774990908, 20.74994585342258]]]}, "id": "+543+120", "properties": {"A00": -0.06521814635061574, "A01": -0.03771606376044051, "A02": 0.12570148553927854, "A03": 0.0029768439407201054, "A04": -0.07403158527218942, "A05": 0.0710422098623813, "A06": -0.047728897506067444, "A07": 0.12386698193917453, "A08": 0.004782469354491887, "A09": 0.041996191751413, "A10": 0.11107629568689187, "A11": 0.034862489115272025, "A12": -0.24376413687187462, "A13": 0.03349485532453736, "A14": 0.10045851022726703, "A15": 0.14746276047139503, "A16": -0.0897606302111745, "A17": 0.0231580960002803, "A18": -0.14843397477496156, "A19": -0.03735388669900532, "A20": -0.33604506752119784, "A21": 0.25315002862191677, "A22": 0.1334546251530147, "A23": 0.004288038963403728, "A24": 0.057643851335302074, "A25": 0.01919244028464483, "A26": 0.14553259889148515, "A27": -0.05482730167578366, "A28": -0.08428320804798724, "A29": 0.14803865433317964, "A30": 0.027990602754928588, "A31": 0.08152629964945984, "A32": -0.09892738739172369, "A33": -0.054296377896263716, "A34": 0.08877737944474619, "A35": 0.03306707332826022, "A36": -0.1831461944718399, "A37": 0.10043849997058574, "A38": 0.13859158392490092, "A39": -0.009554505342698513, "A40": 0.030227196541435884, "A41": 0.006436987621724851, "A42": -0.2221680358147289, "A43": 0.25337781091729433, "A44": 0.01915377462470323, "A45": 0.15406983609717878, "A46": 0.08600397270248293, "A47": -0.01922572238185298, "A48": -0.15416919248064775, "A49": -0.016715183022462273, "A50": 0.044241893076897514, "A51": 0.13029222229021356, "A52": -0.06708177588684582, "A53": -0.07855919244832225, "A54": 0.26585397424244056, "A55": -0.05092575271999936, "A56": 0.012443260623075415, "A57": -0.048564109013383476, "A58": -0.10342732964014076, "A59": -0.2896567816462007, "A60": -0.0013183553453074168, "A61": -0.08487887781965125, "A62": 0.14484481339470406, "A63": 0.03606599832911756, "area_ha": 4.610007428507862, "centroid_lat": 20.748997546482304, "centroid_lon": 84.69346420966201, "cluster_id": 5, "n_pixels": 461, "perim_m": 1479.53632379504, "stand_id": 85, "stand_lbl": 43}}, {"type": "Feature", "geometry": {"type": "Polygon", "coordinates": [[[84.68955995955436, 20.748745053858666], [84.6895613314884, 20.74865476855527], [84.68975329414336, 20.74865734946898], [84.68975603775992, 20.748476778835244], [84.69013996271049, 20.74848193997096], [84.69013721955206, 20.748662510658598], [84.69167292236368, 20.748683146820188], [84.6916701809929, 20.74886371769647], [84.69109429153686, 20.748855980668626], [84.69109292050112, 20.748946266070835], [84.69099693889966, 20.748944976368563], [84.69099556780104, 20.74903526176179], [84.69109154946538, 20.74903655146406], [84.69108880735799, 20.749217122259495], [84.69089684380472, 20.749214542774105], [84.69089410144578, 20.749395113542594], [84.69079811956584, 20.749393823705574], [84.69079674831451, 20.749484109080836], [84.69070076638967, 20.749482819180933], [84.69069939507546, 20.749573104547213], [84.69041144917513, 20.74956923452412], [84.69041282066001, 20.74947894917581], [84.6902208568732, 20.749476368899902], [84.6902222284569, 20.749386083560577], [84.69012624663985, 20.749384793355247], [84.69012761827746, 20.74929450801592], [84.6900316365143, 20.749293217756694], [84.6900330082058, 20.749202932435335], [84.68993702650553, 20.74920164212221], [84.68993839825093, 20.74911135680085], [84.68984241661354, 20.74911006645179], [84.68984378840386, 20.749019781130432], [84.68974780683834, 20.749018490727476], [84.68974917867358, 20.748928205415098], [84.68965319717093, 20.748926914967225], [84.68965594094021, 20.748746344351453], [84.68955995955436, 20.748745053858666]]]}, "id": "+523+116", "properties": {"A00": -0.07932742443005857, "A01": -0.02082741166830801, "A02": 0.12248848191544646, "A03": 0.0031347122272908762, "A04": -0.08438051514907446, "A05": 0.05887229199318755, "A06": -0.053468835370577596, "A07": 0.12171496437263711, "A08": 0.024712278687066616, "A09": 0.022394282118869912, "A10": 0.13131041127977386, "A11": 0.022281069660137945, "A12": -0.25226393741473163, "A13": 0.038646480992853914, "A14": 0.09649335401969988, "A15": 0.1635888502770005, "A16": -0.06921287439728736, "A17": 0.019769742519889173, "A18": -0.1560983533071552, "A19": -0.07438982520708454, "A20": -0.37040527322151295, "A21": 0.25026569018851325, "A22": 0.14018396177034212, "A23": 0.015137307032902309, "A24": 0.05144391566748634, "A25": 0.020648034379970377, "A26": 0.13962754901144206, "A27": -0.037392932486913354, "A28": -0.08827488766231326, "A29": 0.13434289826625306, "A30": 0.03983530274405935, "A31": 0.09236950555398768, "A32": -0.07698142468559911, "A33": -0.051576058219829655, "A34": 0.10447551342348287, "A35": 0.025809693931902022, "A36": -0.18754835002059986, "A37": 0.12181691404548006, "A38": 0.1337320080187224, "A39": -0.023524665128265555, "A40": 0.03378140241318903, "A41": 0.0034808768105731346, "A42": -0.20483649065806592, "A43": 0.25881879470593355, "A44": 0.03518171079542502, "A45": 0.14169279737385757, "A46": 0.057043989599433395, "A47": 0.005372815617795724, "A48": -0.14539357713263665, "A49": -0.0034019046176982028, "A50": 0.022095648499873794, "A51": 0.12447292251714367, "A52": -0.052646925531710215, "A53": -0.06065456871632307, "A54": 0.27426267415965666, "A55": -0.036837315295940254, "A56": 0.019885728408728577, "A57": -0.062434168327194665, "A58": -0.09893795966558637, "A59": -0.26720408764197734, "A60": -0.0028927303776682704, "A61": -0.10110165766755015, "A62": 0.14756822074088435, "A63": 0.04766103964221647, "area_ha": 1.3028233920526193, "centroid_lat": 20.748972795712437, "centroid_lon": 84.6904825410366, "n_pixels": 130, "perim_m": 699.7795212024047, "stand_id": 86, "stand_lbl": 39}}, {"type": "Feature", "geometry": {"type": "Polygon", "coordinates": [[[84.689096518843, 20.7476551772689], [84.68910063520212, 20.747384321403633], [84.68919661569865, 20.747385612067102], [84.68919387157902, 20.747566182655923], [84.68938583281462, 20.74756876384811], [84.68938308889263, 20.7477493344549], [84.68947906964068, 20.74775062498362], [84.68948044154779, 20.747660339680227], [84.68957642224194, 20.747661630146066], [84.68957505038874, 20.747751915458444], [84.69005495424582, 20.74775836703305], [84.69005358268008, 20.74784865238136], [84.68995760183321, 20.74784736216705], [84.6899562301956, 20.747937647506376], [84.69043613477133, 20.747944098065886], [84.6904333920441, 20.748124668807424], [84.69052937309758, 20.748125958770206], [84.69052663045119, 20.74830652951174], [84.69100653639236, 20.74831297858903], [84.69100516533865, 20.74840326399124], [84.69129310915488, 20.748407132819572], [84.69129173827187, 20.748497418230766], [84.69167566369855, 20.748502575943903], [84.69167429303111, 20.748592861382043], [84.6919622373504, 20.748596729123417], [84.69196086684467, 20.748687014579524], [84.6920568483563, 20.74868830372484], [84.69205410744365, 20.74886887465502], [84.6916701809929, 20.74886371769647], [84.69167292236368, 20.748683146820188], [84.69013721955206, 20.748662510658598], [84.69013996271049, 20.74848193997096], [84.68975603775992, 20.748476778835244], [84.68975329414336, 20.74865734946898], [84.68946535016542, 20.74865347802655], [84.68946809412336, 20.74847290741976], [84.68937211292614, 20.748471616846125], [84.68937485695594, 20.748291046257304], [84.68927887588448, 20.74828975563875], [84.68928299205496, 20.7480188997645], [84.68918701115417, 20.748017609110015], [84.68919249951021, 20.747656467950335], [84.689096518843, 20.7476551772689]]]}, "id": "+537+108", "properties": {"A00": -0.04135682585433306, "A01": -0.04783727656787298, "A02": 0.1199576199769586, "A03": 0.036297819131760355, "A04": -0.06411792452163954, "A05": -0.0006080908694107652, "A06": -0.12034535587769488, "A07": 0.1753159257341415, "A08": -0.0731970179645909, "A09": 0.0005413889018165314, "A10": 0.13448285139139432, "A11": -0.004966572734355897, "A12": -0.2708614321631372, "A13": 0.030686914705350645, "A14": 0.02521516681089013, "A15": 0.10798219036570889, "A16": 0.039483341124353796, "A17": 0.013106962429188473, "A18": -0.16343216600862923, "A19": -0.06227370517342788, "A20": -0.3836393976981469, "A21": 0.21937904755594775, "A22": 0.2107284741294874, "A23": -0.07253328722104431, "A24": 0.0591208521220425, "A25": 0.06631308192120583, "A26": 0.16672342993253214, "A27": -0.003609129154645269, "A28": -0.08048721116450608, "A29": 0.19430292124922427, "A30": 0.02960787407021504, "A31": 0.11346968302015231, "A32": 0.0426831504092308, "A33": 0.02413407246065757, "A34": 0.0034139234996612617, "A35": -0.08648316744453725, "A36": -0.13567599309422249, "A37": 0.08279157965604347, "A38": 0.12062743715977897, "A39": -0.06170068364293201, "A40": 0.08385180161205551, "A41": 0.004426368623276781, "A42": -0.1502701261015388, "A43": 0.340638206965946, "A44": 0.08772399026267769, "A45": 0.05964423103736884, "A46": 0.0003256941878613772, "A47": 0.0733549133336081, "A48": -0.11297630440703514, "A49": 0.03755156352281217, "A50": -0.04707785862252819, "A51": 0.0007847108346614973, "A52": 0.000993327853880448, "A53": -0.008780109457621829, "A54": 0.24448990235538376, "A55": -0.06347418090601287, "A56": 0.018620907783861523, "A57": -0.07718477215429405, "A58": -0.06350349881544849, "A59": -0.1992766181361208, "A60": 0.041485867191588505, "A61": -0.11208789765210313, "A62": 0.1124650320686666, "A63": 0.08122507175483748, "area_ha": 1.6235180186973412, "centroid_lat": 20.74827804206028, "centroid_lon": 84.69023195074489, "cluster_id": 4, "n_pixels": 162, "perim_m": 1019.6785283011671, "stand_id": 87, "stand_lbl": 37}}, {"type": "Feature", "geometry": {"type": "Polygon", "coordinates": [[[84.69437820424967, 20.747545514146], [84.69437957322826, 20.747455228519215], [84.69533938252346, 20.747468103335564], [84.69533664568917, 20.747648674696936], [84.6954326267696, 20.74764996190189], [84.69542989001616, 20.74783053328123], [84.69533390881894, 20.747829246067294], [84.69533254037036, 20.747919531747982], [84.69542852163045, 20.74792081896192], [84.69542715323577, 20.74801110465159], [84.69552313454976, 20.74801239182061], [84.69552039785022, 20.748192963199948], [84.69561637928997, 20.74819425033304], [84.69561501098512, 20.74828453602271], [84.69551902949146, 20.74828324888962], [84.69551218758089, 20.748734677320005], [84.69532022403662, 20.748732102829248], [84.69532159254808, 20.748641817157544], [84.69522561084781, 20.74864052983581], [84.6952269794042, 20.74855024417309], [84.69493903451897, 20.74854638191144], [84.69494177195513, 20.74836581061295], [84.69474980895883, 20.748363235520323], [84.6947525466016, 20.74818266424878], [84.69456058385683, 20.748180088967505], [84.69456879727923, 20.74763837517983], [84.69447281626168, 20.747637087498767], [84.69447418519536, 20.74754680187198], [84.69437820424967, 20.747545514146]]]}, "id": "+573+106", "properties": {"A00": -0.022633096418217535, "A01": -0.03330978764231359, "A02": 0.14100571194031392, "A03": 0.008350719577709196, "A04": -0.06459698452778037, "A05": 0.061239750823487836, "A06": -0.04864427818822282, "A07": 0.09254527711102105, "A08": -0.0595811181423638, "A09": 0.021827562164240356, "A10": 0.1222574997142471, "A11": -0.0026053669586541535, "A12": -0.2971354118824708, "A13": 0.042885872723935015, "A14": 0.07255786513156753, "A15": 0.10360237884943767, "A16": -0.0430556428400719, "A17": 0.03328322890364413, "A18": -0.1477733276529124, "A19": -0.03693554454108086, "A20": -0.34167748059478165, "A21": 0.28109365697877786, "A22": 0.1577963787316728, "A23": -0.019119331095801672, "A24": 0.04349784421099299, "A25": 0.07019211633779106, "A26": 0.13912268877874423, "A27": -0.05303929257977699, "A28": -0.07358824222146017, "A29": 0.15634316773520932, "A30": 0.06294921738347342, "A31": 0.11631483109406984, "A32": -0.058336061320836415, "A33": -0.024398379694573473, "A34": 0.06470864428442286, "A35": -0.0072176273158972145, "A36": -0.2075355344964342, "A37": 0.09476059138723505, "A38": 0.14903882533052085, "A39": -0.04627052173280548, "A40": 0.07665450918046074, "A41": 0.00884569136610659, "A42": -0.22148155595041397, "A43": 0.2893087651665505, "A44": 0.06390077066686065, "A45": 0.1048683136423621, "A46": 0.06046918683389273, "A47": 0.005209336672312445, "A48": -0.17180137958027225, "A49": -0.004074378184412785, "A50": 0.010626444091149972, "A51": 0.07174364953188483, "A52": -0.04920604687732714, "A53": -0.03099571336041923, "A54": 0.2594324674155124, "A55": -0.0826263138571097, "A56": 0.00957181541402995, "A57": -0.043631895909750584, "A58": -0.10762173523003972, "A59": -0.2441545794929879, "A60": 0.012969441760099202, "A61": -0.08436545264988174, "A62": 0.13748349907000426, "A63": 0.06497854532733423, "area_ha": 1.0823518471944409, "centroid_lat": 20.74800522670072, "centroid_lon": 84.69505123931704, "cluster_id": 4, "n_pixels": 108, "perim_m": 559.824951290551, "stand_id": 88, "stand_lbl": 46}}, {"type": "Feature", "geometry": {"type": "Polygon", "coordinates": [[[84.68910063520212, 20.747384321403633], [84.68911023978252, 20.74675232436072], [84.6892062198748, 20.746753614979273], [84.68921582370064, 20.746121617846526], [84.68931180340665, 20.746122908366264], [84.68931454717594, 20.745942337741507], [84.68941052677415, 20.745943628198365], [84.6894091549479, 20.746033913519724], [84.68950513460899, 20.746035203931665], [84.68950376283664, 20.746125489262006], [84.68959974256062, 20.74612677962903], [84.68959699910575, 20.74630735028972], [84.68998091854066, 20.74631251126374], [84.68997680397818, 20.746583367326636], [84.68988082393979, 20.74658207714826], [84.6898794523471, 20.74667236249657], [84.68978347226378, 20.74667107225531], [84.68978072894366, 20.746851642924984], [84.68987670914375, 20.746852933184208], [84.68987533753308, 20.746943218523537], [84.690067298077, 20.74694579888029], [84.69006592656515, 20.747036084237582], [84.6903538676056, 20.747039954395422], [84.69035112491427, 20.74722052513696], [84.69054308587141, 20.74722310499964], [84.69053897211741, 20.747493961143388], [84.69044299145918, 20.747492671216538], [84.69044162013599, 20.7475829565918], [84.6901536780535, 20.747579086487857], [84.69015230655064, 20.747669371836167], [84.69005632581157, 20.74766808169372], [84.69005495424582, 20.74775836703305], [84.68957505038874, 20.747751915458444], [84.68957642224194, 20.747661630146066], [84.68948044154779, 20.747660339680227], [84.68947906964068, 20.74775062498362], [84.68938308889263, 20.7477493344549], [84.68938583281462, 20.74756876384811], [84.68919387157902, 20.747566182655923], [84.68919661569865, 20.747385612067102], [84.68910063520212, 20.747384321403633]]]}, "id": "+516+96", "properties": {"A00": 0.009169393792708017, "A01": -0.05765789455887645, "A02": 0.1621160906332839, "A03": 0.032805190216405634, "A04": -0.03785430330032303, "A05": -0.06189187324879074, "A06": -0.1338804347953661, "A07": 0.22225178938915494, "A08": -0.06044918414250088, "A09": 0.03986636515113586, "A10": 0.10299163208890272, "A11": 0.011543573851044906, "A12": -0.24929497622969055, "A13": 0.00355597003601386, "A14": -0.012961752049585188, "A15": 0.10629107739712747, "A16": 0.06317970337931797, "A17": 0.045692595336793054, "A18": -0.12587459875849244, "A19": -0.11949562087646853, "A20": -0.3909860117875428, "A21": 0.2470980156300939, "A22": 0.23599687753583518, "A23": -0.09389288932952597, "A24": 0.04417968689175929, "A25": 0.07015804526634087, "A26": 0.14526934237946992, "A27": 0.07296700302963083, "A28": -0.029904691515261962, "A29": 0.1891660857736457, "A30": 0.017022336617934477, "A31": 0.08937707287037057, "A32": 0.05984307890571123, "A33": 0.06584683281542839, "A34": -0.016266399601750026, "A35": -0.1441804045197373, "A36": -0.12912163978663654, "A37": 0.044107650232818284, "A38": 0.12300472533431887, "A39": -0.05087580514477781, "A40": 0.1125375744476151, "A41": 0.07051781631618871, "A42": -0.1331493337433425, "A43": 0.3320490678688837, "A44": 0.07667087283850203, "A45": -0.012671191858790041, "A46": -0.07969513486795059, "A47": 0.13643138741576746, "A48": -0.07275733493760073, "A49": 0.03622342575811611, "A50": -0.0797608970886269, "A51": 0.004614060176459354, "A52": 0.00619766034276573, "A53": -0.03190389575302288, "A54": 0.19805875193428402, "A55": -0.06508948200505926, "A56": 0.044010827463622726, "A57": -0.06288634086244686, "A58": -0.07955026187552743, "A59": -0.13102462061987732, "A60": 0.032084313015686865, "A61": -0.1315629536069721, "A62": 0.062256971959804557, "A63": 0.103208190750882, "area_ha": 1.7036909018784976, "centroid_lat": 20.74703088520272, "centroid_lon": 84.68967918238116, "cluster_id": 3, "n_pixels": 170, "perim_m": 759.7598115506441, "stand_id": 89, "stand_lbl": 36}}, {"type": "Feature", "geometry": {"type": "Polygon", "coordinates": [[[84.6925559375868, 20.747430751628595], [84.69255867769995, 20.74725018060858], [84.6926546583402, 20.747251469340668], [84.69265739830064, 20.747070898302688], [84.69275337884208, 20.747072186962914], [84.69275611866777, 20.746891615906968], [84.69285209909243, 20.74689290450431], [84.6928548387744, 20.74671233343938], [84.6930467994261, 20.74671491044542], [84.69305090855377, 20.746444053798616], [84.69295492838961, 20.74644276533602], [84.69295629814076, 20.74635247979008], [84.69305227824204, 20.746353768243694], [84.69305501760958, 20.74617319714283], [84.69324697761449, 20.74617577386141], [84.69324834716801, 20.746085488288518], [84.69334432712554, 20.746086776562468], [84.69334569661618, 20.74599649098958], [84.69344167651983, 20.745997779200646], [84.6934403070831, 20.74608806478252], [84.6935362870586, 20.74608935294867], [84.69353491766678, 20.746179638530542], [84.69363089770518, 20.74618092665178], [84.69362815902035, 20.746361497833487], [84.69372413917552, 20.746362785909806], [84.69372276988251, 20.746453071500664], [84.69381875010058, 20.746454359532066], [84.6938214885698, 20.746273788332388], [84.69401344880828, 20.74627636420655], [84.69401755611237, 20.746005507353136], [84.69430549601195, 20.74600937071073], [84.69430686492765, 20.74591908507496], [84.69440284484926, 20.745920372747037], [84.6944042137021, 20.74583008710228], [84.69459617345548, 20.745832662275756], [84.69459480471045, 20.745922947929493], [84.69478676460757, 20.745925522896357], [84.69478813323582, 20.745835237233635], [84.69498009304311, 20.74583781197592], [84.69498146155458, 20.745747526295233], [84.6953653810344, 20.74575267511505], [84.69536127618272, 20.746023532228975], [84.69526529612637, 20.746022245086902], [84.6952639277766, 20.746112530776575], [84.69516794767532, 20.746111243580604], [84.69516657925368, 20.74620152926129], [84.69545451975512, 20.74620539073242], [84.69545315149519, 20.746295676440056], [84.6955491317312, 20.7462969634923], [84.69554776352516, 20.746387249199934], [84.69545178323524, 20.74638596213871], [84.69545041495734, 20.746476247846346], [84.69535443461352, 20.746474960722242], [84.69535032959114, 20.746745817809217], [84.69515836858011, 20.74674324337236], [84.69515563162904, 20.746923814733734], [84.69496367042936, 20.746921240063315], [84.69496093321777, 20.74710181139774], [84.69457701044114, 20.747096661356217], [84.69457427275344, 20.747277232636744], [84.69390240737329, 20.747268217917103], [84.69390103811621, 20.747358503507957], [84.69380505732325, 20.747357215476555], [84.69380368800329, 20.747447501058428], [84.69361172631852, 20.747444924815955], [84.69360898743606, 20.747625495961735], [84.69341702555367, 20.74762291947672], [84.6934142864107, 20.747803490595548], [84.69322232433068, 20.74780091387697], [84.69321958493619, 20.74798148496885], [84.69302762265853, 20.747978908007724], [84.69302899247256, 20.747888622470768], [84.69293301140111, 20.747887333918342], [84.69293438126904, 20.747797048390368], [84.69303036227761, 20.747798336933812], [84.69303310187871, 20.74761776586888], [84.69284114008614, 20.74761518873708], [84.69284387988488, 20.747434617690114], [84.6925559375868, 20.747430751628595]]]}, "id": "+549+98", "properties": {"A00": 0.024575748855348262, "A01": -0.037334311312286324, "A02": 0.10274652012035854, "A03": 0.05264038123598881, "A04": -0.014385912547031598, "A05": -0.019750128665282828, "A06": -0.1622545458734321, "A07": 0.1827304840128144, "A08": -0.10629729015067568, "A09": 0.017317542310764565, "A10": 0.14008948479615546, "A11": 0.07859635552231976, "A12": -0.27124603291927674, "A13": -0.021293334751219428, "A14": -0.01745764927857837, "A15": 0.05976098517408951, "A16": 0.033056445578816714, "A17": -0.023241397138650356, "A18": -0.16171038503388388, "A19": 0.02300273599158336, "A20": -0.3570753782041394, "A21": 0.1814479584294847, "A22": 0.24877775768410768, "A23": -0.09999047057343306, "A24": 0.05923610059979949, "A25": 0.00423192158097365, "A26": 0.1897349365114099, "A27": 0.010892746046796565, "A28": -0.11771194422076114, "A29": 0.17535721040645, "A30": 0.048042859680789564, "A31": 0.17147448450128688, "A32": 0.15077146332506905, "A33": 7.882211437932162e-05, "A34": -0.045400901889831466, "A35": -0.0546600191873151, "A36": -0.1304215349504008, "A37": -0.03273852027369335, "A38": 0.08547183165630451, "A39": -0.06493044958955327, "A40": 0.029461619179086865, "A41": 0.016098720967571454, "A42": -0.11933158757056152, "A43": 0.3724907634511488, "A44": 0.1337529077088081, "A45": 0.06352522913006811, "A46": 0.007722361185861766, "A47": 0.06636300553832514, "A48": -0.08535890564297588, "A49": 0.06825404565725585, "A50": -0.05641152833178208, "A51": -0.08507479702060564, "A52": -0.013848669383715779, "A53": -0.042568585320979, "A54": 0.19881421003155333, "A55": -0.11056345631190126, "A56": 0.012469727059870636, "A57": -0.08978825645680008, "A58": -0.08810651597026004, "A59": -0.18782882222504904, "A60": 0.042943730843536705, "A61": -0.09362655926507735, "A62": 0.04853913502440086, "A63": 0.030739223355820088, "area_ha": 3.8483577966478975, "centroid_lat": 20.746736763181197, "centroid_lon": 84.69400921788159, "cluster_id": 0, "n_pixels": 385, "perim_m": 1319.5865941352688, "stand_id": 90, "stand_lbl": 44}}, {"type": "Feature", "geometry": {"type": "Polygon", "coordinates": [[[84.69205410744365, 20.74886887465502], [84.6920568483563, 20.74868830372484], [84.69224881139752, 20.748690881853772], [84.69225292236673, 20.748420025422565], [84.69234890372566, 20.748421314388217], [84.69235027397986, 20.74833102890516], [84.69244625529386, 20.74833231780793], [84.69245173599626, 20.747971175839766], [84.69283566040782, 20.74797633083101], [84.69283703033864, 20.74788604531202], [84.69302899247256, 20.747888622470768], [84.69302762265853, 20.747978908007724], [84.69321958493619, 20.74798148496885], [84.69322232433068, 20.74780091387697], [84.6934142864107, 20.747803490595548], [84.69341702555367, 20.74762291947672], [84.69360898743606, 20.747625495961735], [84.69361172631852, 20.747444924815955], [84.69380368800329, 20.747447501058428], [84.69380505732325, 20.747357215476555], [84.69390103811621, 20.747358503507957], [84.69390240737329, 20.747268217917103], [84.69457427275344, 20.747277232636744], [84.69457701044114, 20.747096661356217], [84.69496093321777, 20.74710181139774], [84.69496367042936, 20.746921240063315], [84.69515563162904, 20.746923814733734], [84.69515836858011, 20.74674324337236], [84.69535032959114, 20.746745817809217], [84.69535443461352, 20.746474960722242], [84.69545041495734, 20.746476247846346], [84.69545178323524, 20.74638596213871], [84.69554776352516, 20.746387249199934], [84.6955491317312, 20.7462969634923], [84.69545315149519, 20.746295676440056], [84.69545451975512, 20.74620539073242], [84.69516657925368, 20.74620152926129], [84.69516794767532, 20.746111243580604], [84.6952639277766, 20.746112530776575], [84.69526529612637, 20.746022245086902], [84.69536127618272, 20.746023532228975], [84.6953653810344, 20.74575267511505], [84.69546136092907, 20.745753962185255], [84.69546409734116, 20.745573390761], [84.69556007712802, 20.745574677768325], [84.69556281339638, 20.745394106326103], [84.69575477276348, 20.745396680152105], [84.6957561407719, 20.74530639441752], [84.69594810004918, 20.745308968018943], [84.69595083582347, 20.74512839652282], [84.69614279490311, 20.7451309698817], [84.69614416266899, 20.745040684120163], [84.6962401421594, 20.74504197071426], [84.69624150986239, 20.744951684943743], [84.69633748929891, 20.744952971474962], [84.69634022456115, 20.74477239992494], [84.69643620389886, 20.744773686393277], [84.6964375714671, 20.744683400613777], [84.6965335507509, 20.744684687019227], [84.69653491825626, 20.744594401230742], [84.69672687673403, 20.74459697387097], [84.69672961148424, 20.744416402267053], [84.69692156977338, 20.744418974673714], [84.69692293701821, 20.744328688849297], [84.69701891611338, 20.74432997496729], [84.69702028330433, 20.744239689142873], [84.69711626234559, 20.744240975197982], [84.69711762947365, 20.74415068936458], [84.69721360847, 20.744151975365792], [84.6972149755262, 20.74406168952341], [84.69750291238947, 20.744065547185684], [84.69750564614255, 20.743884975464983], [84.69760162500414, 20.74388626122365], [84.69760435861348, 20.743705689493968], [84.6977003373583, 20.743706975189752], [84.6977030708239, 20.74352640343312], [84.69789502811591, 20.743528974654005], [84.69789776133, 20.743348402870424], [84.69808971842437, 20.743350973848766], [84.69809108490566, 20.7432606879435], [84.69847499895965, 20.743265829235433], [84.69847363270296, 20.743356115158665], [84.6982816755457, 20.743353544611516], [84.69827894279874, 20.743534116440014], [84.69818296411681, 20.743532831076607], [84.69818023121714, 20.74371340288714], [84.69808425242739, 20.74371211746085], [84.69807878632263, 20.74407326104598], [84.69788682831197, 20.744070689977804], [84.69788409499009, 20.74425126174342], [84.6976921367818, 20.744248690423717], [84.6976894031994, 20.744429262162384], [84.69759342399645, 20.744427976412698], [84.69759205713788, 20.74451826227305], [84.69749607788103, 20.74451697646947], [84.69749471095957, 20.744607262320834], [84.6973987316578, 20.74460597645437], [84.69739599767117, 20.74478654813914], [84.6973000182616, 20.744785262209792], [84.6972986512054, 20.744875548043193], [84.69720267174192, 20.744874262050963], [84.69720130462284, 20.744964547884365], [84.69710532511446, 20.744963261829255], [84.69710259073257, 20.74514383347809], [84.69691063150918, 20.745141261188206], [84.69690789686678, 20.74532183280111], [84.69681191715178, 20.745320546566337], [84.6968105497632, 20.745410832372787], [84.6967145700033, 20.74540954607513], [84.69671320255183, 20.745499831863615], [84.69661722273803, 20.745498545512064], [84.69661585522368, 20.745588831291563], [84.69651987535597, 20.74558754487713], [84.69651577259735, 20.74585840221563], [84.69641979256795, 20.74585711572933], [84.69641842490988, 20.745947401499848], [84.69632244483556, 20.745946114950666], [84.6963210771146, 20.7460364007122], [84.69603313675688, 20.746032540732273], [84.69603040094667, 20.74621311221941], [84.6961263811737, 20.746214398948258], [84.69612364544433, 20.74639497044438], [84.69631560614994, 20.74639754375834], [84.6963128706182, 20.74657811527243], [84.6962168901576, 20.746576828633415], [84.69621552231987, 20.746667114376983], [84.69611954180537, 20.746665827675088], [84.69611543810352, 20.746936684905794], [84.69601945741834, 20.74693539813203], [84.69601808944587, 20.747025683857633], [84.69611407018495, 20.74702697064038], [84.69610996638428, 20.747297827862106], [84.69620594730303, 20.747299114608918], [84.69620457941139, 20.747389400352485], [84.69630056039301, 20.7473906870454], [84.69629372111451, 20.74784211577223], [84.69648568367064, 20.74784468907721], [84.69647884477843, 20.748296117830986], [84.69638286322187, 20.74829483118299], [84.69638149536617, 20.748385116926556], [84.69628551374674, 20.748383830215676], [84.69628414582817, 20.748474115950263], [84.69618816417281, 20.7484728291765], [84.69618679618236, 20.7485631149021], [84.69599483277283, 20.7485605411839], [84.6959934646656, 20.74865082690052], [84.69589748291143, 20.748649539956077], [84.69589611474132, 20.748739825663712], [84.69570415114315, 20.748737251604148], [84.69570278285624, 20.748827537293817], [84.69551081916823, 20.748824963009675], [84.69551902949146, 20.74828324888962], [84.69561501098512, 20.74828453602271], [84.69561637928997, 20.74819425033304], [84.69552039785022, 20.748192963199948], [84.69552313454976, 20.74801239182061], [84.69542715323577, 20.74801110465159], [84.69542852163045, 20.74792081896192], [84.69533254037036, 20.747919531747982], [84.69533390881894, 20.747829246067294], [84.69542989001616, 20.74783053328123], [84.6954326267696, 20.74764996190189], [84.69533664568917, 20.747648674696936], [84.69533938252346, 20.747468103335564], [84.69437957322826, 20.747455228519215], [84.69437820424967, 20.747545514146], [84.69447418519536, 20.74754680187198], [84.69447281626168, 20.747637087498767], [84.69437683525311, 20.747635799763806], [84.694374097251, 20.7478163710084], [84.69418213502725, 20.747813795358816], [84.69417392014957, 20.748355508984798], [84.69378999441747, 20.74835035688613], [84.6937913638093, 20.748260071313243], [84.69369538245037, 20.748258783156075], [84.6936967518961, 20.748168497583187], [84.69331282676586, 20.748163344469425], [84.69330871773701, 20.748434201116225], [84.69321273630622, 20.74843291268058], [84.69321136655508, 20.748523198217537], [84.6930194035947, 20.74852062118455], [84.69301803372679, 20.74861090671252], [84.69282607068556, 20.74860832944597], [84.69282470069187, 20.74869861496496], [84.6926327375698, 20.748696037473835], [84.69263136745933, 20.74878632297486], [84.69243940423844, 20.74878374525915], [84.69243803401119, 20.74887403075119], [84.69205410744365, 20.74886887465502]]]}, "id": "+541+108", "properties": {"A00": 0.00233336616293568, "A01": -0.05521108078835131, "A02": 0.14561838558406406, "A03": 0.029074399268417567, "A04": -0.03769452444844357, "A05": 0.029359927475438963, "A06": -0.12015618518087329, "A07": 0.14617430752478144, "A08": -0.09526114913510775, "A09": 0.03254935981584031, "A10": 0.14164293221139748, "A11": 0.03679048638084068, "A12": -0.27623716467554593, "A13": 0.016083797951366073, "A14": 0.02085133211303216, "A15": 0.08406511838841864, "A16": -0.011126778921173773, "A17": 0.007928789140685545, "A18": -0.1614176172678526, "A19": -0.01617381867717268, "A20": -0.35892128576564813, "A21": 0.23700517049047817, "A22": 0.20307139881351333, "A23": -0.0680516520785394, "A24": 0.0367574459911019, "A25": 0.026949002515493002, "A26": 0.1569439309705109, "A27": -0.015340798604009031, "A28": -0.09711857945682661, "A29": 0.18659647593913423, "A30": 0.03688614498415285, "A31": 0.13156093973719957, "A32": 0.024940145560943577, "A33": -0.00878500983129185, "A34": -0.016158491836255697, "A35": -0.03822140233338108, "A36": -0.15651600370678787, "A37": 0.03987765268949554, "A38": 0.11734176024153081, "A39": -0.05952346455138515, "A40": 0.052696519069739704, "A41": 0.022521879729891545, "A42": -0.1606603765787921, "A43": 0.33521866979385995, "A44": 0.09733872587238769, "A45": 0.09580441403930284, "A46": 0.02800844173029554, "A47": 0.04066150505752273, "A48": -0.11613135341717211, "A49": 0.030942086573283883, "A50": -0.04524673416275093, "A51": -0.018671973282206777, "A52": -0.022991188403556885, "A53": -0.04870677650450192, "A54": 0.21482019725089171, "A55": -0.10022157364506866, "A56": -0.012066979508077816, "A57": -0.07400467372311934, "A58": -0.09136458347394755, "A59": -0.2016745568903425, "A60": 0.027761526636208827, "A61": -0.09417131102023774, "A62": 0.12235249732542246, "A63": 0.03131006522485531, "area_ha": 7.4060982305244485, "centroid_lat": 20.746665937626737, "centroid_lon": 84.69551282026077, "cluster_id": 4, "n_pixels": 741, "perim_m": 3238.9880511446627, "stand_id": 91, "stand_lbl": 49}}, {"type": "Feature", "geometry": {"type": "Polygon", "coordinates": [[[84.6899562301956, 20.747937647506376], [84.68995760183321, 20.74784736216705], [84.69005358268008, 20.74784865238136], [84.69005632581157, 20.74766808169372], [84.69015230655064, 20.747669371836167], [84.6901536780535, 20.747579086487857], [84.69063358156923, 20.747585536391597], [84.69063495277564, 20.747495251007354], [84.69073093344285, 20.747496540826404], [84.69073230458639, 20.74740625543318], [84.69102024646226, 20.74741012453999], [84.69102298839, 20.74722955370862], [84.69111896892247, 20.747230843294112], [84.69112171070647, 20.74705027245376], [84.69121769112216, 20.747051561967385], [84.69121906195129, 20.746961276547207], [84.69131504232205, 20.74696256599795], [84.6913164130793, 20.74687228056879], [84.69141239340516, 20.746873569965633], [84.69141376409954, 20.74678328451851], [84.69150974437149, 20.746784573861454], [84.69152756201498, 20.74561086294103], [84.69162354155031, 20.745612152149228], [84.69162628249889, 20.745431581210063], [84.69191422082642, 20.745435448466342], [84.69192107222318, 20.74498402100614], [84.69201705139021, 20.744985309953826], [84.69201842159052, 20.744895024452802], [84.69211440071263, 20.744896313346587], [84.69211577085005, 20.74480602783658], [84.69221174992724, 20.744807316667483], [84.6922131199928, 20.744717031148493], [84.69269301518113, 20.7447234744586], [84.69269575473731, 20.74454290336672], [84.6928877126312, 20.74454548029191], [84.69288908228353, 20.74445519473699], [84.69298506119004, 20.74445648310975], [84.69298643077948, 20.744366197545844], [84.69308240963211, 20.744367485855726], [84.69308514867626, 20.74418691470995], [84.69327710617488, 20.74418949115903], [84.69327984495851, 20.744008919977322], [84.69366375959642, 20.744014072183784], [84.69366649789497, 20.74383350095716], [84.69376247646012, 20.7438347888628], [84.69376110736475, 20.743925074480604], [84.69385708599278, 20.743926362341327], [84.69385297885039, 20.74419721922169], [84.69375700005168, 20.744195931343], [84.69375563093833, 20.744286216960806], [84.69365965208571, 20.744284929028215], [84.6936555445211, 20.744555785854683], [84.69346358650147, 20.744553209791874], [84.69346084786156, 20.744733780982568], [84.69336486874843, 20.74473249285235], [84.69336212995582, 20.744913064025077], [84.69326615074388, 20.744911775831977], [84.69326478128019, 20.74500206141385], [84.69336076055501, 20.74500334961593], [84.69335802172645, 20.745183920779677], [84.69326204233485, 20.74518263256861], [84.6932634118165, 20.745092346995722], [84.69307145317703, 20.745089770420876], [84.69306871398915, 20.745270341548686], [84.69287675515204, 20.745267764740277], [84.69287401570365, 20.74544833584114], [84.69277803618628, 20.745447047342612], [84.69277529659416, 20.74562761843449], [84.69296725587144, 20.745630195395613], [84.69296588618317, 20.74572048095054], [84.69315784560419, 20.74572305771403], [84.69315647601474, 20.745813343277938], [84.69325245579262, 20.74581463158782], [84.69325108625708, 20.745904917151723], [84.69344304594757, 20.745907493618773], [84.69344167651983, 20.745997779200646], [84.69334569661618, 20.74599649098958], [84.69334432712554, 20.746086776562468], [84.69324834716801, 20.746085488288518], [84.69324697761449, 20.74617577386141], [84.69305501760958, 20.74617319714283], [84.69305227824204, 20.746353768243694], [84.69295629814076, 20.74635247979008], [84.69295492838961, 20.74644276533602], [84.69305090855377, 20.746444053798616], [84.6930467994261, 20.74671491044542], [84.6928548387744, 20.74671233343938], [84.69285209909243, 20.74689290450431], [84.69275611866777, 20.746891615906968], [84.69275337884208, 20.747072186962914], [84.69265739830064, 20.747070898302688], [84.6926546583402, 20.747251469340668], [84.69255867769995, 20.74725018060858], [84.6925559375868, 20.747430751628595], [84.69284387988488, 20.747434617690114], [84.69284114008614, 20.74761518873708], [84.69303310187871, 20.74761776586888], [84.69303036227761, 20.747798336933812], [84.69293438126904, 20.747797048390368], [84.69293301140111, 20.747887333918342], [84.69283703033864, 20.74788604531202], [84.69283566040782, 20.74797633083101], [84.69245173599626, 20.747971175839766], [84.69244625529386, 20.74833231780793], [84.69235027397986, 20.74833102890516], [84.69234890372566, 20.748421314388217], [84.69225292236673, 20.748420025422565], [84.69224881139752, 20.748690881853772], [84.69196086684467, 20.748687014579524], [84.6919622373504, 20.748596729123417], [84.69167429303111, 20.748592861382043], [84.69167566369855, 20.748502575943903], [84.69129173827187, 20.748497418230766], [84.69129310915488, 20.748407132819572], [84.69100516533865, 20.74840326399124], [84.69100653639236, 20.74831297858903], [84.69052663045119, 20.74830652951174], [84.69052937309758, 20.748125958770206], [84.6904333920441, 20.748124668807424], [84.69043613477133, 20.747944098065886], [84.6899562301956, 20.747937647506376]]]}, "id": "+539+106", "properties": {"A00": 0.0222042879364934, "A01": -0.0339378071449123, "A02": 0.08475974351407849, "A03": 0.05366761093288559, "A04": -0.01936926441641477, "A05": -0.053557342576395925, "A06": -0.15914847512425906, "A07": 0.19691968168566068, "A08": -0.08996574712985203, "A09": 0.026384201179383178, "A10": 0.14288560409800186, "A11": 0.07259594404813141, "A12": -0.26187220037018005, "A13": -0.027919449119659857, "A14": -0.029097448939266825, "A15": 0.07357577962084556, "A16": 0.06042084896389745, "A17": -0.025466282834225317, "A18": -0.15205101821868616, "A19": -0.026605438775225133, "A20": -0.3375072751017502, "A21": 0.15245389756760647, "A22": 0.2778255797234113, "A23": -0.10521212921320122, "A24": 0.07238367528202455, "A25": 0.045024985624684634, "A26": 0.1768991493103156, "A27": 0.04011389113685187, "A28": -0.09668685483725052, "A29": 0.18186938676502212, "A30": 0.033320868381084875, "A31": 0.17972406448391745, "A32": 0.16739640539964284, "A33": -0.0045003097979469725, "A34": -0.02918925404541546, "A35": -0.09412337609910296, "A36": -0.1518066405118328, "A37": -0.036687370853348784, "A38": 0.10435608632773266, "A39": -0.06590333628118725, "A40": 0.05197673615821648, "A41": 0.0005017169474033373, "A42": -0.12567721500483361, "A43": 0.3655647445931829, "A44": 0.1293006912606915, "A45": 0.014819689110623991, "A46": -0.009111184223885141, "A47": 0.113153032642397, "A48": -0.08125524480892206, "A49": 0.04741742589832484, "A50": -0.03785171215283, "A51": -0.07151162332913708, "A52": -0.010779312902505226, "A53": -0.03068336548360241, "A54": 0.18788663853577037, "A55": -0.11017279431863122, "A56": 0.03957650690204557, "A57": -0.06986302961015207, "A58": -0.06750006951510676, "A59": -0.18445368424262212, "A60": 0.051058023320755826, "A61": -0.10763882431708537, "A62": 0.03220454820162298, "A63": 0.054057216558251193, "area_ha": 7.897132512565836, "centroid_lat": 20.746639465223097, "centroid_lon": 84.69210512388946, "cluster_id": 0, "n_pixels": 790, "perim_m": 2179.3147475312435, "stand_id": 92, "stand_lbl": 41}}, {"type": "Feature", "geometry": {"type": "Polygon", "coordinates": [[[84.69601808944587, 20.747025683857633], [84.69601945741834, 20.74693539813203], [84.69611543810352, 20.746936684905794], [84.69611954180537, 20.746665827675088], [84.69621552231987, 20.746667114376983], [84.6962168901576, 20.746576828633415], [84.6963128706182, 20.74657811527243], [84.69631560614994, 20.74639754375834], [84.69612364544433, 20.74639497044438], [84.6961263811737, 20.746214398948258], [84.69603040094667, 20.74621311221941], [84.69603313675688, 20.746032540732273], [84.6963210771146, 20.7460364007122], [84.69632244483556, 20.745946114950666], [84.69641842490988, 20.745947401499848], [84.69641979256795, 20.74585711572933], [84.69651577259735, 20.74585840221563], [84.69651987535597, 20.74558754487713], [84.69661585522368, 20.745588831291563], [84.69661722273803, 20.745498545512064], [84.69671320255183, 20.745499831863615], [84.6967145700033, 20.74540954607513], [84.6968105497632, 20.745410832372787], [84.69681191715178, 20.745320546566337], [84.69690789686678, 20.74532183280111], [84.69691063150918, 20.745141261188206], [84.69710259073257, 20.74514383347809], [84.69710532511446, 20.744963261829255], [84.69720130462284, 20.744964547884365], [84.69720267174192, 20.744874262050963], [84.6972986512054, 20.744875548043193], [84.6973000182616, 20.744785262209792], [84.69739599767117, 20.74478654813914], [84.6973987316578, 20.74460597645437], [84.69749471095957, 20.744607262320834], [84.69749607788103, 20.74451697646947], [84.69759205713788, 20.74451826227305], [84.69759342399645, 20.744427976412698], [84.6976894031994, 20.744429262162384], [84.6976921367818, 20.744248690423717], [84.69788409499009, 20.74425126174342], [84.69788682831197, 20.744070689977804], [84.69807878632263, 20.74407326104598], [84.69808151939297, 20.743892689253414], [84.69827347719702, 20.743895260088024], [84.69827484360644, 20.74380497418276], [84.69837082246804, 20.743806259510233], [84.69837218881456, 20.743715973595986], [84.69856414643894, 20.743718544089237], [84.69856141396149, 20.743899115944686], [84.69865739290393, 20.743900401119447], [84.6986546605163, 20.74408097299286], [84.69875063956654, 20.744082258122706], [84.69874927342661, 20.744172544063904], [84.6986532943045, 20.744171258925075], [84.69865192809273, 20.74426154485729], [84.69845996977664, 20.744258974399973], [84.69845723710155, 20.74443954622847], [84.69836125783571, 20.744438260909977], [84.69835989143527, 20.744528546815243], [84.69826391212452, 20.74452726143387], [84.69826254565223, 20.744617547339136], [84.69816656628757, 20.74461626190386], [84.69816383321722, 20.744796833687445], [84.69806785375376, 20.744795548180306], [84.69806512053069, 20.744976119954906], [84.69787316138815, 20.744973548760967], [84.69787042792254, 20.745154120499635], [84.69767846857339, 20.745151549072133], [84.69767573484727, 20.74533212078385], [84.69748377530948, 20.745329549113805], [84.69747967432055, 20.745600406640953], [84.6976716341997, 20.745602978346934], [84.69767026730518, 20.745693264207283], [84.6979582073485, 20.745697121384467], [84.69795684061569, 20.7457874072538], [84.69824478089257, 20.745791263972844], [84.69824341432145, 20.745881549869125], [84.69862733503197, 20.745886691430552], [84.69862596867647, 20.745976977344803], [84.69852998843146, 20.74597569202631], [84.69852725559467, 20.74615626383684], [84.69843127525084, 20.746154978446487], [84.69842990876059, 20.746245264342768], [84.69833392836287, 20.746243978898512], [84.69833256180972, 20.746334264794797], [84.69823658135812, 20.746332979287658], [84.69823521474208, 20.746423265174958], [84.69813923424556, 20.746421979604936], [84.69813786756664, 20.746512265483254], [84.69804188701622, 20.746510979859334], [84.69804052027443, 20.746601265728668], [84.69794453967909, 20.74659998005085], [84.69794180605177, 20.746780551762566], [84.69784582534862, 20.746779266021868], [84.69784445847209, 20.746869551873235], [84.69774847771505, 20.74686826606067], [84.69774711077564, 20.746958551912037], [84.69765112996468, 20.746957266045573], [84.69764976296239, 20.74704755187897], [84.69755378210652, 20.74704626595861], [84.69755241504134, 20.747136551783026], [84.6974564341316, 20.74713526579978], [84.69745506699454, 20.7472255516242], [84.69735908604885, 20.747224265578073], [84.69735635164001, 20.74740483720894], [84.69726037057754, 20.747403551099932], [84.69725900330575, 20.747493836906383], [84.69716302219835, 20.747492550734492], [84.69716165486368, 20.747582836540943], [84.6970656737024, 20.74758155030617], [84.69706430630484, 20.74767183610364], [84.69696832509864, 20.747670549814966], [84.6969669576382, 20.74776083560345], [84.6968709763781, 20.747759549251896], [84.69686824131348, 20.7479401208109], [84.69677225995457, 20.747938834396464], [84.6967708923504, 20.748029120166983], [84.69667491093759, 20.74802783368966], [84.69667354327952, 20.7481181194512], [84.6965775618128, 20.74811683291998], [84.69657619408287, 20.748207118681517], [84.69648021257123, 20.748205832087418], [84.69648568367064, 20.74784468907721], [84.69629372111451, 20.74784211577223], [84.69630056039301, 20.7473906870454], [84.69620457941139, 20.747389400352485], [84.69620594730303, 20.747299114608918], [84.69610996638428, 20.747297827862106], [84.69611407018495, 20.74702697064038], [84.69601808944587, 20.747025683857633]]]}, "id": "+584+100", "properties": {"A00": 0.035670175580250645, "A01": -0.07575954327997048, "A02": 0.15981672988848375, "A03": 0.020004647673034323, "A04": -0.03068339599018082, "A05": -0.0676629771769697, "A06": -0.14524090059993242, "A07": 0.22453362690664225, "A08": -0.07243388432437174, "A09": 0.05832076420311709, "A10": 0.08475146033704484, "A11": 0.01958394272006445, "A12": -0.2626808354759156, "A13": 0.010940054981415582, "A14": -0.03725794571339809, "A15": 0.08716637975522208, "A16": 0.03653651872693135, "A17": 0.034574605034225804, "A18": -0.12085023950630294, "A19": -0.09020458703681757, "A20": -0.3358062337763262, "A21": 0.2573953741334712, "A22": 0.22836239374218764, "A23": -0.11126392043885308, "A24": 0.035512899732086683, "A25": 0.0376165218759363, "A26": 0.13490004423645333, "A27": 0.06057042691179362, "A28": -0.03135387959411106, "A29": 0.18661218351135198, "A30": 0.04614707152710753, "A31": 0.06565836239734942, "A32": 0.03668714499933258, "A33": 0.0385435096068658, "A34": -0.040868958411927704, "A35": -0.12844402900243762, "A36": -0.1405450688403398, "A37": 0.018618498849179342, "A38": 0.13523936702892142, "A39": -0.07723565336742448, "A40": 0.10105619836484488, "A41": 0.07826421741021382, "A42": -0.12610991735360907, "A43": 0.3361059836669617, "A44": 0.07548396189526115, "A45": 0.006393637000488616, "A46": -0.061240280780619494, "A47": 0.15416978465182601, "A48": -0.08270718344641326, "A49": 0.021155422426998083, "A50": -0.07552857966180773, "A51": -0.031032162700873056, "A52": 0.006625551151017061, "A53": -0.05006622788301901, "A54": 0.1854071790641934, "A55": -0.0735888463753455, "A56": 0.013025867244042446, "A57": -0.04574292647268631, "A58": -0.08893056960464232, "A59": -0.10556656213330781, "A60": 0.060837828460483676, "A61": -0.143526385636505, "A62": 0.05869120307809879, "A63": 0.0883936770095534, "area_ha": 5.732473190008807, "centroid_lat": 20.746089729885483, "centroid_lon": 84.69726113356907, "cluster_id": 3.0000000000000004, "n_pixels": 573, "perim_m": 1859.4210703984575, "stand_id": 93, "stand_lbl": 52}}, {"type": "Feature", "geometry": {"type": "Polygon", "coordinates": [[[84.68931454717594, 20.745942337741507], [84.6893214064689, 20.745490911134706], [84.68941738577965, 20.74549220156461], [84.6894256163509, 20.744950489582546], [84.68952159532928, 20.744951779913638], [84.6895257103499, 20.744680923886673], [84.68962168916659, 20.74468221415488], [84.68962580394465, 20.744411358100965], [84.68972178259965, 20.74441264829731], [84.68972452563231, 20.74423207757374], [84.6898205041795, 20.744233367707203], [84.68982324707743, 20.74405279697465], [84.68991922551682, 20.744054087036243], [84.68992059689391, 20.743963801660986], [84.69001657528838, 20.7439650916597], [84.6900179466026, 20.743874806275457], [84.69011392494316, 20.743876096220273], [84.69011666743685, 20.743695525442803], [84.69021264566963, 20.743696815324736], [84.6902140168491, 20.743606529922527], [84.69030999503696, 20.743607819741577], [84.69031136615354, 20.743517534339368], [84.69050332243044, 20.743520113797807], [84.69050469342126, 20.743429828386617], [84.69060067151929, 20.743431118026002], [84.69060204244724, 20.743340832605828], [84.69069802049137, 20.74334212219132], [84.69069939135642, 20.743251836753174], [84.69089134735485, 20.743254415753473], [84.69088997660658, 20.7433447012006], [84.69098595466868, 20.743345990633376], [84.69097635960144, 20.743977988763252], [84.69088038114407, 20.743976699294542], [84.69087763951278, 20.744157270170824], [84.69078166093864, 20.744155980630254], [84.69077891917259, 20.74433655148857], [84.6905869618267, 20.744333972236742], [84.69058421980013, 20.74451454305913], [84.69048824101938, 20.74451325333889], [84.6904854988491, 20.744693824152293], [84.69058147773764, 20.744695113890497], [84.69058010670192, 20.744785399301687], [84.69077206461375, 20.744787978616397], [84.69076932273991, 20.744968549456747], [84.69086530182608, 20.74496983905122], [84.69086393093409, 20.745060124471397], [84.69095991008314, 20.74506141401197], [84.69095716839794, 20.74524198487927], [84.6911491269386, 20.74524456382567], [84.69114638544205, 20.745425134710935], [84.69143432366178, 20.74542900276672], [84.69142884127055, 20.74579014459115], [84.69114090237709, 20.74578627645452], [84.69112719418467, 20.746689130764075], [84.69122317437576, 20.746690420250747], [84.69122043276244, 20.74687099111805], [84.6913164130793, 20.74687228056879], [84.69131504232205, 20.74696256599795], [84.69121906195129, 20.746961276547207], [84.69121769112216, 20.747051561967385], [84.69112171070647, 20.74705027245376], [84.69111896892247, 20.747230843294112], [84.69102298839, 20.74722955370862], [84.69102024646226, 20.74741012453999], [84.69073230458639, 20.74740625543318], [84.69073093344285, 20.747496540826404], [84.69063495277564, 20.747495251007354], [84.69063358156923, 20.747585536391597], [84.69044162013599, 20.7475829565918], [84.69044299145918, 20.747492671216538], [84.69053897211741, 20.747493961143388], [84.69054308587141, 20.74722310499964], [84.69035112491427, 20.74722052513696], [84.6903538676056, 20.747039954395422], [84.69006592656515, 20.747036084237582], [84.690067298077, 20.74694579888029], [84.68987533753308, 20.746943218523537], [84.68987670914375, 20.746852933184208], [84.68978072894366, 20.746851642924984], [84.68978347226378, 20.74667107225531], [84.6898794523471, 20.74667236249657], [84.68988082393979, 20.74658207714826], [84.68997680397818, 20.746583367326636], [84.68998091854066, 20.74631251126374], [84.68959699910575, 20.74630735028972], [84.68959974256062, 20.74612677962903], [84.68950376283664, 20.746125489262006], [84.68950513460899, 20.746035203931665], [84.6894091549479, 20.746033913519724], [84.68941052677415, 20.745943628198365], [84.68931454717594, 20.745942337741507]]]}, "id": "+522+94", "properties": {"A00": 0.03621240467871537, "A01": -0.05452393115796567, "A02": 0.17331334323938838, "A03": 0.03297784841436544, "A04": -0.037413158447979725, "A05": -0.10210394795138097, "A06": -0.1570638533784793, "A07": 0.2717519602724528, "A08": -0.040486672107311876, "A09": 0.058774597991336164, "A10": 0.08392942656729044, "A11": 0.027236767561288382, "A12": -0.22713916770656048, "A13": -0.0031099364754377584, "A14": -0.017701817335652733, "A15": 0.10196869012528403, "A16": 0.0914564292453424, "A17": 0.07996271893322372, "A18": -0.14897421143272224, "A19": -0.14326605515770868, "A20": -0.32070187073858397, "A21": 0.20912978720101616, "A22": 0.1950053002309714, "A23": -0.09683366400236443, "A24": 0.054200575903109276, "A25": 0.07594956008815207, "A26": 0.13845181460067651, "A27": 0.08753705320753581, "A28": 0.00553097548061585, "A29": 0.20929952597156032, "A30": 0.018012611765443266, "A31": 0.07618910205654224, "A32": 0.06764022349663386, "A33": 0.09684060478497736, "A34": -0.04043566409284855, "A35": -0.1656322135535384, "A36": -0.1290064708210784, "A37": 0.012312285421256787, "A38": 0.13102719969573462, "A39": -0.04939481659192665, "A40": 0.0964540534084372, "A41": 0.07769437149828964, "A42": -0.13659855274819319, "A43": 0.27690800191776704, "A44": 0.06425022130182921, "A45": -0.03580998059798984, "A46": -0.08363838585874739, "A47": 0.2631857596149822, "A48": -0.062201897480618565, "A49": -0.004407862629320693, "A50": -0.02695862359122971, "A51": -0.03224792848341006, "A52": 0.006489519382472409, "A53": -0.059506054361058346, "A54": 0.1995081850744774, "A55": -0.07703136032745084, "A56": 0.06867357742640925, "A57": -0.05149931273128788, "A58": -0.03572069520079631, "A59": -0.07289382335639603, "A60": 0.052530220367535546, "A61": -0.148510453586234, "A62": 0.06679609215952109, "A63": 0.08587176428488699, "area_ha": 5.822620263771473, "centroid_lat": 20.745503736570797, "centroid_lon": 84.69037381275758, "cluster_id": 3, "n_pixels": 582, "perim_m": 1599.4948608633003, "stand_id": 94, "stand_lbl": 38}}, {"type": "Feature", "geometry": {"type": "Polygon", "coordinates": [[[84.69277529659416, 20.74562761843449], [84.69277803618628, 20.745447047342612], [84.69287401570365, 20.74544833584114], [84.69287675515204, 20.745267764740277], [84.69306871398915, 20.745270341548686], [84.69307145317703, 20.745089770420876], [84.6932634118165, 20.745092346995722], [84.69326204233485, 20.74518263256861], [84.69335802172645, 20.745183920779677], [84.69336076055501, 20.74500334961593], [84.69326478128019, 20.74500206141385], [84.69326615074388, 20.744911775831977], [84.69336212995582, 20.744913064025077], [84.69336486874843, 20.74473249285235], [84.69346084786156, 20.744733780982568], [84.69346358650147, 20.744553209791874], [84.6936555445211, 20.744555785854683], [84.69365965208571, 20.744284929028215], [84.69375563093833, 20.744286216960806], [84.69375700005168, 20.744195931343], [84.69385297885039, 20.74419721922169], [84.69385708599278, 20.743926362341327], [84.6944329579137, 20.74393408836481], [84.69443432660485, 20.743843802702088], [84.69481824114393, 20.743848952294456], [84.6948209780501, 20.743668380906133], [84.6950129351265, 20.743670955360955], [84.69501567178114, 20.743490383945684], [84.69511165022053, 20.743491671078772], [84.69511301847149, 20.743401385371133], [84.69501704009498, 20.743400098238045], [84.6950197766957, 20.743219526822774], [84.69492379843598, 20.743218239653753], [84.69492516678575, 20.743127953946114], [84.69502114499159, 20.74312924111514], [84.69502251327847, 20.743038955398518], [84.69531044776122, 20.743042816546254], [84.69531181586844, 20.742952530811667], [84.69540779398443, 20.74295381774713], [84.69540916202878, 20.742863532012542], [84.69560111817992, 20.742866105712782], [84.6956038540171, 20.742685534207677], [84.69569983198038, 20.74268682096347], [84.69570119983607, 20.742596535201937], [84.69637304543532, 20.74260554095639], [84.69637441288678, 20.74251525515892], [84.69695028048682, 20.742522972253152], [84.69695164757894, 20.74243268641077], [84.6971436033977, 20.742435258341324], [84.69714633733943, 20.742254686629607], [84.69724231514101, 20.74225597249607], [84.6972436820445, 20.742165686635722], [84.69733965980117, 20.742166972448288], [84.69733829295159, 20.742257258317622], [84.69743427077114, 20.742258544076286], [84.69743153717077, 20.742439115823935], [84.69752751510711, 20.74244040154667], [84.69751794766306, 20.743072402667934], [84.69770990436217, 20.743074974032552], [84.69770853767429, 20.743165259919852], [84.69751658085839, 20.743162688537268], [84.69751521404473, 20.7432529744066], [84.69732325714799, 20.743250402799436], [84.69732189021755, 20.743340688650804], [84.69712993323996, 20.74333811681906], [84.69712719911858, 20.74351868850383], [84.69703122052647, 20.743517402493634], [84.69703258764555, 20.743427116660232], [84.69693660911634, 20.743425830605123], [84.69693524194335, 20.74351611642954], [84.69655132767376, 20.743510971652146], [84.6965499602672, 20.743601257449612], [84.69626202447293, 20.743597398287154], [84.69626065687774, 20.743687684066654], [84.69635663552376, 20.743688970517024], [84.69634706259099, 20.744320971027435], [84.69625108354973, 20.744319684532147], [84.69625245118984, 20.744229398752648], [84.69586853531226, 20.744224252277434], [84.69586990316795, 20.74413396652488], [84.69577392427043, 20.74413267977807], [84.69577255636082, 20.74422296552164], [84.69558059847593, 20.744220391857333], [84.695572390129, 20.74476210624688], [84.69576434869661, 20.744764679992038], [84.69576298072414, 20.74485496572662], [84.6958589600798, 20.744856252527335], [84.69585759216122, 20.744946538270902], [84.6959535715708, 20.744947825017714], [84.69594810004918, 20.745308968018943], [84.6957561407719, 20.74530639441752], [84.69575477276348, 20.745396680152105], [84.69556281339638, 20.745394106326103], [84.69556007712802, 20.745574677768325], [84.69546409734116, 20.745573390761], [84.69546136092907, 20.745753962185255], [84.69498146155458, 20.745747526295233], [84.69498009304311, 20.74583781197592], [84.69478813323582, 20.745835237233635], [84.69478676460757, 20.745925522896357], [84.69459480471045, 20.745922947929493], [84.69459617345548, 20.745832662275756], [84.6944042137021, 20.74583008710228], [84.69440284484926, 20.745920372747037], [84.69430686492765, 20.74591908507496], [84.69430549601195, 20.74600937071073], [84.69401755611237, 20.746005507353136], [84.69401344880828, 20.74627636420655], [84.6938214885698, 20.746273788332388], [84.69381875010058, 20.746454359532066], [84.69372276988251, 20.746453071500664], [84.69372413917552, 20.746362785909806], [84.69362815902035, 20.746361497833487], [84.69363089770518, 20.74618092665178], [84.69353491766678, 20.746179638530542], [84.6935362870586, 20.74608935294867], [84.6934403070831, 20.74608806478252], [84.69344304594757, 20.745907493618773], [84.69325108625708, 20.745904917151723], [84.69325245579262, 20.74581463158782], [84.69315647601474, 20.745813343277938], [84.69315784560419, 20.74572305771403], [84.69296588618317, 20.74572048095054], [84.69296725587144, 20.745630195395613], [84.69277529659416, 20.74562761843449]]]}, "id": "+555+81", "properties": {"A00": 0.05269842133614759, "A01": -0.014690136165970903, "A02": 0.10715569252935873, "A03": 0.06979613441241277, "A04": 0.006581135152353103, "A05": -0.05511535042319205, "A06": -0.16512667267811654, "A07": 0.19670629708692736, "A08": -0.09693969091244736, "A09": 0.014260838619179157, "A10": 0.14604971247845408, "A11": 0.1204777450882556, "A12": -0.2671540153791116, "A13": -0.04580774166820552, "A14": -0.05623941734274208, "A15": 0.04701531891084417, "A16": 0.01831045349808055, "A17": -0.025162032005091164, "A18": -0.14377922959067174, "A19": 0.038461053479764626, "A20": -0.32655417519147223, "A21": 0.1778867033905234, "A22": 0.2760264887116854, "A23": -0.09310294088535667, "A24": 0.060484535232440274, "A25": -0.01695857532399771, "A26": 0.1906022627252553, "A27": 0.028588003151420373, "A28": -0.12492010164326957, "A29": 0.1513627765962095, "A30": 0.07399840340675665, "A31": 0.2051630553294489, "A32": 0.17529591845690518, "A33": -0.011980398537914886, "A34": -0.051510812606305724, "A35": -0.0395529455102902, "A36": -0.1544879849557788, "A37": -0.08289480690452014, "A38": 0.09374372307520613, "A39": -0.05455259829494518, "A40": 0.014393203261470535, "A41": 0.016987687099503424, "A42": -0.11386182670711847, "A43": 0.3490771369321839, "A44": 0.12580993530733822, "A45": 0.056949759651849355, "A46": -0.0067146745087076345, "A47": 0.08187993535119552, "A48": -0.08944243057667826, "A49": 0.05630205761180191, "A50": -0.06416092146537657, "A51": -0.096037308853595, "A52": -0.016282634277084068, "A53": -0.05415071469050455, "A54": 0.15179401045507834, "A55": -0.12665082633285474, "A56": 0.017024708627487617, "A57": -0.08855732253988315, "A58": -0.09075822675217075, "A59": -0.18973593422599486, "A60": 0.04979546540793751, "A61": -0.08266292878998426, "A62": 0.008087476445658555, "A63": 0.01992728534126824, "area_ha": 8.999560418143883, "centroid_lat": 20.744329469729074, "centroid_lon": 84.69512846008499, "cluster_id": 0, "n_pixels": 900, "perim_m": 2239.300134407099, "stand_id": 95, "stand_lbl": 47}}, {"type": "Feature", "geometry": {"type": "Polygon", "coordinates": [[[84.695572390129, 20.74476210624688], [84.69558059847593, 20.744220391857333], [84.69577255636082, 20.74422296552164], [84.69577392427043, 20.74413267977807], [84.69586990316795, 20.74413396652488], [84.69586853531226, 20.744224252277434], [84.69625245118984, 20.744229398752648], [84.69625108354973, 20.744319684532147], [84.69634706259099, 20.744320971027435], [84.69635663552376, 20.743688970517024], [84.69626065687774, 20.743687684066654], [84.69626202447293, 20.743597398287154], [84.6965499602672, 20.743601257449612], [84.69655132767376, 20.743510971652146], [84.69693524194335, 20.74351611642954], [84.69693660911634, 20.743425830605123], [84.69703258764555, 20.743427116660232], [84.69703122052647, 20.743517402493634], [84.69712719911858, 20.74351868850383], [84.69712993323996, 20.74333811681906], [84.69732189021755, 20.743340688650804], [84.69732325714799, 20.743250402799436], [84.69751521404473, 20.7432529744066], [84.69751658085839, 20.743162688537268], [84.69770853767429, 20.743165259919852], [84.69770990436217, 20.743074974032552], [84.69809381784125, 20.74308011613297], [84.69808971842437, 20.743350973848766], [84.69789776133, 20.743348402870424], [84.69789502811591, 20.743528974654005], [84.6977030708239, 20.74352640343312], [84.6977003373583, 20.743706975189752], [84.69760435861348, 20.743705689493968], [84.69760162500414, 20.74388626122365], [84.69750564614255, 20.743884975464983], [84.69750291238947, 20.744065547185684], [84.6972149755262, 20.74406168952341], [84.69721360847, 20.744151975365792], [84.69711762947365, 20.74415068936458], [84.69711626234559, 20.744240975197982], [84.69702028330433, 20.744239689142873], [84.69701891611338, 20.74432997496729], [84.69692293701821, 20.744328688849297], [84.69692156977338, 20.744418974673714], [84.69672961148424, 20.744416402267053], [84.69672687673403, 20.74459697387097], [84.69653491825626, 20.744594401230742], [84.6965335507509, 20.744684687019227], [84.6964375714671, 20.744683400613777], [84.69643620389886, 20.744773686393277], [84.69634022456115, 20.74477239992494], [84.69633748929891, 20.744952971474962], [84.69624150986239, 20.744951684943743], [84.6962401421594, 20.74504197071426], [84.69614416266899, 20.745040684120163], [84.69614279490311, 20.7451309698817], [84.69595083582347, 20.74512839652282], [84.6959535715708, 20.744947825017714], [84.69585759216122, 20.744946538270902], [84.6958589600798, 20.744856252527335], [84.69576298072414, 20.74485496572662], [84.69576434869661, 20.744764679992038], [84.695572390129, 20.74476210624688]]]}, "id": "+579+66", "properties": {"A00": 0.034916274189144454, "A01": -0.031118265352561382, "A02": 0.11656758540495543, "A03": 0.069930265272308, "A04": 0.012061715185003985, "A05": -0.04695952298275671, "A06": -0.18117344247860392, "A07": 0.19744148568653702, "A08": -0.11711058880796504, "A09": 0.0060165113748030935, "A10": 0.15058873698560155, "A11": 0.11347292868651139, "A12": -0.2572919043413874, "A13": -0.03789697406163065, "A14": -0.03730729245400013, "A15": 0.052029949738155265, "A16": 0.012825699438989315, "A17": -0.006219998649577775, "A18": -0.15943145592392702, "A19": 0.05429659134442565, "A20": -0.32964080646966504, "A21": 0.1703112923555787, "A22": 0.2654317036006367, "A23": -0.08300410201004331, "A24": 0.06459403425185922, "A25": -0.022550845341731338, "A26": 0.20231208293846176, "A27": 0.014236132771381882, "A28": -0.14835144942577025, "A29": 0.14294441790703735, "A30": 0.08669193715166584, "A31": 0.20082079766277725, "A32": 0.17514465287394163, "A33": -0.012226629033588196, "A34": -0.06554520952870663, "A35": -0.027643453941390856, "A36": -0.13830373057830622, "A37": -0.04868013342178472, "A38": 0.09760175435553804, "A39": -0.048295096346978414, "A40": 0.005365088556383142, "A41": 0.0017733512527860242, "A42": -0.10726291499270851, "A43": 0.34285719664064107, "A44": 0.1324195130890726, "A45": 0.08683276238295153, "A46": 0.006203260114742544, "A47": 0.0854029162669703, "A48": -0.08854449676844846, "A49": 0.08497936154784934, "A50": -0.07530402316115298, "A51": -0.09452185531088945, "A52": -0.017689440010368186, "A53": -0.04706750166953818, "A54": 0.17260375596208202, "A55": -0.11160326596665857, "A56": 0.003266644676000542, "A57": -0.1156627805825656, "A58": -0.08767079163708283, "A59": -0.17966739728403305, "A60": 0.055888923156748684, "A61": -0.05412911930102164, "A62": 0.0392893478821964, "A63": 0.0015951677076268451, "area_ha": 2.1747311723212253, "centroid_lat": 20.744049614923867, "centroid_lon": 84.69673317608452, "cluster_id": 0, "n_pixels": 217, "perim_m": 1059.6697526870182, "stand_id": 96, "stand_lbl": 50}}, {"type": "Feature", "geometry": {"type": "MultiPolygon", "coordinates": [[[[84.70062883976769, 20.740495222553694], [84.7008207936371, 20.740497790145387], [84.70081806430375, 20.74067836236016], [84.70091404135974, 20.740679646088633], [84.70091267674695, 20.74076993220051], [84.70100865386581, 20.740771215875085], [84.70100728929795, 20.740861501995948], [84.70129522087913, 20.74086535273221], [84.7012924920578, 20.741045925000883], [84.70138846937431, 20.741047208486812], [84.7013830118754, 20.74140835303314], [84.70147898942545, 20.741409636483137], [84.7014639813259, 20.742402783965325], [84.70136800313803, 20.742401500443464], [84.70136254519895, 20.742762644926913], [84.70126656679548, 20.742761361324202], [84.70126247309189, 20.74303221965984], [84.70116649452673, 20.743030935985264], [84.70116376524727, 20.743211508191052], [84.70106778657433, 20.743210224453595], [84.70106505714215, 20.74339079664142], [84.70096907837038, 20.7433895128321], [84.70096771358692, 20.74347979892601], [84.70087173476125, 20.74347851506279], [84.70087036991491, 20.743568801138736], [84.70077439103534, 20.743567517212632], [84.70077166120791, 20.743748089355538], [84.70067568222055, 20.743746805366555], [84.70067431723946, 20.743837091433516], [84.70057833820718, 20.74383580738165], [84.70057697316321, 20.74392609343963], [84.700480994086, 20.743924809333862], [84.70047962897017, 20.74401509538286], [84.70038364983908, 20.744013811214213], [84.70038228466935, 20.744104097263207], [84.70028630548435, 20.744102813031677], [84.70028494024275, 20.74419309907169], [84.70018896101284, 20.744191814786262], [84.70018623040387, 20.744372386839338], [84.70009025106617, 20.744371102482045], [84.70008888568982, 20.744461388504092], [84.6999929063072, 20.744460104092898], [84.69999154086797, 20.74455039010596], [84.69989556143145, 20.744549105631886], [84.69989419592933, 20.74463939164495], [84.69979821643892, 20.744638107107992], [84.69979685087392, 20.744728393112073], [84.69970087133858, 20.744727108521218], [84.69969814007385, 20.74490768050243], [84.69960216043071, 20.74490639584869], [84.69960079472199, 20.74499668182582], [84.69950481503393, 20.7449953971092], [84.69950344927132, 20.74508568308633], [84.69940746952936, 20.74508439831581], [84.69940610369487, 20.74517468428396], [84.699310123908, 20.745173399450557], [84.69930875801064, 20.745263685409725], [84.69921277816988, 20.74526240051344], [84.69921141220962, 20.745352686472604], [84.69911543232395, 20.74535140151344], [84.69911270026869, 20.7455319734138], [84.69901672027521, 20.745530688391753], [84.69901535418022, 20.745620974332954], [84.69891937413284, 20.745619689248024], [84.69891800797495, 20.74570997518922], [84.69882202788267, 20.74570869004141], [84.69882066165292, 20.745798975973624], [84.69872468151571, 20.745797690771916], [84.69872331522308, 20.745887976695148], [84.69824341432145, 20.745881549869125], [84.69824478089257, 20.745791263972844], [84.69795684061569, 20.7457874072538], [84.6979582073485, 20.745697121384467], [84.69767026730518, 20.745693264207283], [84.6976716341997, 20.745602978346934], [84.69747967432055, 20.745600406640953], [84.69748377530948, 20.745329549113805], [84.69767573484727, 20.74533212078385], [84.69767846857339, 20.745151549072133], [84.69787042792254, 20.745154120499635], [84.69787316138815, 20.744973548760967], [84.69806512053069, 20.744976119954906], [84.69806785375376, 20.744795548180306], [84.69816383321722, 20.744796833687445], [84.69816656628757, 20.74461626190386], [84.69826254565223, 20.744617547339136], [84.69826391212452, 20.74452726143387], [84.69835989143527, 20.744528546815243], [84.69836125783571, 20.744438260909977], [84.69845723710155, 20.74443954622847], [84.69845996977664, 20.744258974399973], [84.69865192809273, 20.74426154485729], [84.6986532943045, 20.744171258925075], [84.69874927342661, 20.744172544063904], [84.69875063956654, 20.744082258122706], [84.6986546605163, 20.74408097299286], [84.69865739290393, 20.743900401119447], [84.69856141396149, 20.743899115944686], [84.69856414643894, 20.743718544089237], [84.69846816762227, 20.743717258869562], [84.69847090018058, 20.743536687014114], [84.69866285758935, 20.74353925737262], [84.69866558988716, 20.743358685499206], [84.69885754709831, 20.743361255615167], [84.6988602791446, 20.743180683714805], [84.69914821467836, 20.74318453845755], [84.69914958051285, 20.74309425248042], [84.69924555898817, 20.743095537286873], [84.69924965629401, 20.742824679337513], [84.69944161291228, 20.742827248743804], [84.699444344186, 20.742646676753612], [84.69954032239183, 20.742647961362433], [84.69954168795682, 20.742557675358352], [84.69973364427865, 20.74256024440532], [84.69973227882146, 20.742650530427365], [84.70011619177951, 20.74265566790146], [84.7001148265469, 20.742745953941473], [84.70030678318312, 20.742748522377582], [84.70030814829896, 20.742658236319603], [84.70040412657666, 20.742659520452317], [84.70040685668258, 20.74247894833636], [84.70002294409282, 20.742473811544986], [84.70002430936137, 20.742383525504973], [84.70012028744144, 20.74238480978142], [84.70012165264711, 20.742294523732422], [84.70040958676154, 20.74229837621142], [84.70041504682963, 20.74193723195255], [84.70003113560531, 20.741932095304907], [84.70003250082895, 20.741841809264894], [84.69984054536951, 20.741839240631155], [84.69984464134585, 20.741568382538063], [84.70003659646393, 20.74157095112689], [84.70003796166061, 20.741480665077894], [84.70022991668887, 20.74148323345112], [84.70023401189265, 20.7412123752682], [84.70032998925406, 20.741213659347018], [84.70033135424414, 20.741123373280054], [84.70042733155165, 20.741124657304972], [84.70043142633322, 20.740853799077133], [84.70062338062486, 20.74085636692934], [84.70062883976769, 20.740495222553694]]], [[[84.70062883976769, 20.740495222553694], [84.70053286284644, 20.74049393868149], [84.70053559249422, 20.740313366493663], [84.70063156929868, 20.740314650356886], [84.70062883976769, 20.740495222553694]]]]}, "id": "+606+74", "properties": {"A00": 0.03797467433259778, "A01": -0.07562329778500883, "A02": 0.18670911153370706, "A03": 0.010914474516897676, "A04": -0.03585773933082035, "A05": -0.04846698742012274, "A06": -0.10702039059050195, "A07": 0.18848139583466658, "A08": -0.06409265297004123, "A09": 0.06172757317940046, "A10": 0.08900671070473548, "A11": 0.05795074505153075, "A12": -0.2853420954282397, "A13": 0.010559753960582816, "A14": -0.04512671305613184, "A15": 0.08458399175160036, "A16": -0.02633700759098366, "A17": 0.06959744679515, "A18": -0.07613635220370057, "A19": -0.0720837998373834, "A20": -0.35659028861183245, "A21": 0.3191159679833667, "A22": 0.2535619088814572, "A23": -0.0728243258477768, "A24": 0.028761130599395023, "A25": 0.019255773189586455, "A26": 0.10795558635913508, "A27": 0.05998215099342826, "A28": -0.044915371514990685, "A29": 0.16390967319292518, "A30": 0.03472555922685482, "A31": 0.0882849005798594, "A32": 0.009527991010929196, "A33": 0.012833953502241953, "A34": -0.0057453464036413635, "A35": -0.10199667458639433, "A36": -0.1396526886302045, "A37": -0.0038964429503615477, "A38": 0.14392041824507446, "A39": -0.07665849015312619, "A40": 0.06366513247647139, "A41": 0.06483362670640237, "A42": -0.138050850747885, "A43": 0.3333593305072249, "A44": 0.049603158465708376, "A45": 0.05083448350440174, "A46": -0.051218156869197784, "A47": 0.05496414558787643, "A48": -0.12132603988185327, "A49": 0.010405195113783742, "A50": -0.08481756769662292, "A51": 0.020270848812302105, "A52": 0.0011865425465062776, "A53": -0.0822911884311468, "A54": 0.1666215530493987, "A55": -0.08584023412782027, "A56": -0.0077513873645064825, "A57": -0.0316681285173085, "A58": -0.1163041521367807, "A59": -0.1572656859348704, "A60": 0.035053113219472055, "A61": -0.11761611819256357, "A62": 0.06031386909730037, "A63": 0.04374188752572425, "area_ha": 9.169984618585671, "centroid_lat": 20.74342731152225, "centroid_lon": 84.69979266152929, "cluster_id": 3, "n_pixels": 917, "perim_m": 2379.262633170016, "stand_id": 97, "stand_lbl": 54}}, {"type": "Feature", "geometry": {"type": "Polygon", "coordinates": [[[84.69076932273991, 20.744968549456747], [84.69077343554169, 20.744697693187238], [84.69096539337268, 20.744700272277367], [84.69096813497703, 20.744519701410066], [84.69116009261039, 20.74452228025765], [84.6911614632868, 20.744431994810526], [84.69154537841878, 20.744437151849926], [84.69154400796695, 20.744527437324003], [84.6921198812174, 20.74453517130656], [84.69212125132786, 20.74444488579655], [84.6923132090241, 20.744447463350564], [84.69231594898454, 20.7442668923036], [84.69269986401771, 20.744272046719917], [84.69270123375986, 20.744181761164995], [84.69298916993144, 20.744185626400068], [84.69299190905643, 20.744005055263273], [84.69308788768447, 20.74400634355519], [84.69308925718408, 20.743916057973316], [84.69328121434134, 20.743918634386464], [84.6932825837152, 20.74382834879561], [84.69347454079161, 20.74383092498418], [84.6934759100397, 20.74374063937536], [84.69366786703526, 20.743743215339354], [84.69367197441122, 20.743472358476954], [84.69405588780046, 20.743477509677305], [84.69405862555104, 20.743296938387797], [84.69425058206151, 20.74329951364212], [84.69425195081553, 20.7432092279794], [84.69434792903033, 20.743210515525714], [84.69434929772147, 20.74312022985401], [84.69454125404329, 20.743122804766973], [84.69454262261765, 20.743032519086288], [84.69463860073364, 20.74303380646192], [84.69463996923612, 20.74294352077225], [84.6948319253783, 20.742946095334872], [84.69483329376399, 20.742855809636218], [84.69492927179016, 20.74285709683219], [84.69493064011299, 20.742766811124554], [84.69502661808525, 20.742768098257642], [84.6950279863452, 20.74267781254102], [84.6952199421999, 20.742680386645503], [84.69522267846824, 20.74249981518531], [84.69541463412531, 20.74250238904725], [84.6954187381236, 20.742231531816543], [84.69561069347525, 20.74223410542695], [84.69561206134892, 20.742143819674396], [84.69570803897983, 20.74214510639426], [84.69570940678163, 20.742054820623743], [84.69580538435864, 20.742056107289706], [84.69580811983647, 20.741875535739684], [84.69552018746478, 20.741871675633995], [84.69552155535641, 20.741781389881442], [84.69542557797703, 20.74178010308073], [84.69542694592256, 20.741689817328176], [84.69561890059148, 20.74169239086672], [84.69562163623102, 20.741511819334665], [84.69581359070231, 20.741514392630663], [84.6958163260993, 20.74133382107166], [84.69620023467358, 20.741338966989915], [84.6962029695765, 20.741158395377013], [84.69668285489236, 20.74116482649698], [84.69668422204737, 20.74107454066358], [84.6967801990764, 20.74107582671869], [84.69678156616854, 20.740985540876306], [84.69697352013678, 20.740988112815845], [84.69697488710314, 20.74089782696448], [84.69707086404235, 20.74089911284891], [84.69707223094584, 20.740808826979578], [84.69716820784012, 20.74081011281011], [84.69716547412298, 20.740990684548773], [84.69735742814511, 20.74099325606611], [84.69735469463458, 20.741173827831723], [84.69754664891724, 20.741176399151424], [84.69754391560434, 20.74135697093501], [84.6981197792967, 20.74136468370834], [84.69811704663957, 20.741545255554804], [84.69821302406386, 20.741546540846347], [84.69820345991663, 20.74217854233592], [84.69829943774516, 20.742179827609498], [84.69829807146152, 20.742270113541714], [84.69858600516272, 20.742273969065998], [84.69858463904076, 20.742364255016177], [84.69868061701304, 20.742365540083142], [84.69867788487693, 20.74254611199249], [84.69886984106401, 20.74254868200065], [84.69886574313833, 20.742819539887126], [84.69876976486961, 20.742818254883048], [84.6987683988285, 20.742908540842212], [84.6986724205059, 20.742907255784232], [84.69866968827996, 20.743087827666628], [84.69857370985854, 20.743086542545765], [84.6985723436737, 20.743176828486963], [84.69847636519839, 20.74317554330322], [84.69847499895965, 20.743265829235433], [84.69809108490566, 20.7432606879435], [84.69809381784125, 20.74308011613297], [84.69751794766306, 20.743072402667934], [84.69752751510711, 20.74244040154667], [84.69743153717077, 20.742439115823935], [84.69743427077114, 20.742258544076286], [84.69733829295159, 20.742257258317622], [84.69733965980117, 20.742166972448288], [84.6972436820445, 20.742165686635722], [84.69724231514101, 20.74225597249607], [84.69714633733943, 20.742254686629607], [84.6971436033977, 20.742435258341324], [84.69695164757894, 20.74243268641077], [84.69695028048682, 20.742522972253152], [84.69637441288678, 20.74251525515892], [84.69637304543532, 20.74260554095639], [84.69570119983607, 20.742596535201937], [84.69569983198038, 20.74268682096347], [84.6956038540171, 20.742685534207677], [84.69560111817992, 20.742866105712782], [84.69540916202878, 20.742863532012542], [84.69540779398443, 20.74295381774713], [84.69531181586844, 20.742952530811667], [84.69531044776122, 20.743042816546254], [84.69502251327847, 20.743038955398518], [84.69502114499159, 20.74312924111514], [84.69492516678575, 20.743127953946114], [84.69492379843598, 20.743218239653753], [84.6950197766957, 20.743219526822774], [84.69501704009498, 20.743400098238045], [84.69511301847149, 20.743401385371133], [84.69511165022053, 20.743491671078772], [84.69501567178114, 20.743490383945684], [84.6950129351265, 20.743670955360955], [84.6948209780501, 20.743668380906133], [84.69481824114393, 20.743848952294456], [84.69443432660485, 20.743843802702088], [84.6944329579137, 20.74393408836481], [84.69376110736475, 20.743925074480604], [84.69376247646012, 20.7438347888628], [84.69366649789497, 20.74383350095716], [84.69366375959642, 20.744014072183784], [84.69327984495851, 20.744008919977322], [84.69327710617488, 20.74418949115903], [84.69308514867626, 20.74418691470995], [84.69308240963211, 20.744367485855726], [84.69298643077948, 20.744366197545844], [84.69298506119004, 20.74445648310975], [84.69288908228353, 20.74445519473699], [84.6928877126312, 20.74454548029191], [84.69269575473731, 20.74454290336672], [84.69269301518113, 20.7447234744586], [84.6922131199928, 20.744717031148493], [84.69221174992724, 20.744807316667483], [84.69211577085005, 20.74480602783658], [84.69211440071263, 20.744896313346587], [84.69201842159052, 20.744895024452802], [84.69201705139021, 20.744985309953826], [84.69192107222318, 20.74498402100614], [84.69191422082642, 20.745435448466342], [84.69162628249889, 20.745431581210063], [84.69162354155031, 20.745612152149228], [84.69152756201498, 20.74561086294103], [84.69150974437149, 20.746784573861454], [84.69141376409954, 20.74678328451851], [84.69141239340516, 20.746873569965633], [84.69122043276244, 20.74687099111805], [84.69122317437576, 20.746690420250747], [84.69112719418467, 20.746689130764075], [84.69114090237709, 20.74578627645452], [84.69142884127055, 20.74579014459115], [84.69143432366178, 20.74542900276672], [84.69114638544205, 20.745425134710935], [84.6911491269386, 20.74524456382567], [84.69095716839794, 20.74524198487927], [84.69095991008314, 20.74506141401197], [84.69086393093409, 20.745060124471397], [84.69086530182608, 20.74496983905122], [84.69076932273991, 20.744968549456747]]]}, "id": "+530+86", "properties": {"A00": 0.06570857063687577, "A01": -0.04500418574660427, "A02": 0.13580004508207852, "A03": 0.04099601267506194, "A04": -0.007152596291650709, "A05": -0.07560638787251418, "A06": -0.12600047127664757, "A07": 0.20285449761300386, "A08": -0.07439476322686651, "A09": 0.059771742536794965, "A10": 0.11629235359798094, "A11": 0.0961733920747667, "A12": -0.275250875847779, "A13": -0.03628927869919655, "A14": -0.07127650836094294, "A15": 0.057889295121590995, "A16": -0.01020749946826837, "A17": 0.015597149796598916, "A18": -0.08077633578413163, "A19": -0.020306652185663257, "A20": -0.32432036938454967, "A21": 0.26062734230751033, "A22": 0.2831683503929446, "A23": -0.09191157103946682, "A24": 0.04938051623639351, "A25": 0.004497619539331772, "A26": 0.14513329754559112, "A27": 0.06671645887955438, "A28": -0.07384383908949345, "A29": 0.14787656994073764, "A30": 0.047864811507612744, "A31": 0.15457202580316806, "A32": 0.08956834104685212, "A33": -0.009573406207879498, "A34": -0.01687515751096948, "A35": -0.08679808752488206, "A36": -0.16497067356524378, "A37": -0.08138221409077377, "A38": 0.12843241845090111, "A39": -0.08756776748867931, "A40": 0.03706391366011662, "A41": 0.043243583574315396, "A42": -0.13563293736253534, "A43": 0.34313563377248923, "A44": 0.07936714039034254, "A45": 0.04307187592811598, "A46": -0.030656008846271694, "A47": 0.06667964730906985, "A48": -0.1117553955017397, "A49": 0.019574309328354786, "A50": -0.08174629447549209, "A51": -0.03902642459813617, "A52": -0.0148313274635276, "A53": -0.07851181039125235, "A54": 0.13445045642150644, "A55": -0.11854541000777878, "A56": 0.0074317884942931576, "A57": -0.04624866024672198, "A58": -0.09942279369957029, "A59": -0.18038831914168907, "A60": 0.058492430298553395, "A61": -0.12523312171330672, "A62": 0.015491583263772967, "A63": 0.031747446037376094, "area_ha": 8.518518485027982, "centroid_lat": 20.743049703425385, "centroid_lon": 84.69533327881794, "cluster_id": 2.9999999999999987, "n_pixels": 852, "perim_m": 3498.905123449157, "stand_id": 98, "stand_lbl": 48}}, {"type": "Feature", "geometry": {"type": "Polygon", "coordinates": [[[84.6904854988491, 20.744693824152293], [84.69048824101938, 20.74451325333889], [84.69058421980013, 20.74451454305913], [84.6905869618267, 20.744333972236742], [84.69077891917259, 20.74433655148857], [84.69078166093864, 20.744155980630254], [84.69087763951278, 20.744157270170824], [84.69088038114407, 20.743976699294542], [84.69097635960144, 20.743977988763252], [84.69098595466868, 20.743345990633376], [84.69088997660658, 20.7433447012006], [84.69089134735485, 20.743254415753473], [84.69079536935564, 20.743253126284767], [84.69079674015781, 20.743162840846626], [84.69089271810313, 20.743164130315332], [84.69089408883343, 20.743073844859225], [84.69099006673383, 20.743075134274033], [84.69099143740127, 20.742984848817926], [84.69108741525675, 20.74298613816087], [84.6910887858613, 20.742895852704763], [84.69128074146447, 20.74289843122895], [84.69128211195223, 20.74280814575488], [84.6913780897089, 20.742809434927143], [84.6913794601248, 20.742719149444085], [84.69147543783656, 20.74272043856245], [84.69147680818956, 20.742630153070408], [84.69157278584743, 20.742631442125894], [84.69157415614654, 20.742541156633852], [84.6916701337505, 20.742542445626455], [84.69167150397776, 20.742452160125428], [84.69176748153679, 20.742453449064133], [84.69176885170116, 20.742363163554124], [84.69196080672941, 20.742365741251866], [84.69196217676802, 20.742275455732877], [84.69205815423723, 20.742276744491914], [84.69205952422193, 20.742186458963943], [84.69215550163725, 20.74218774766908], [84.69215687155008, 20.742097462132126], [84.69225284892048, 20.742098750774385], [84.69225421877044, 20.742008465228444], [84.69235019608693, 20.742009753816802], [84.69235156587402, 20.74191946826188], [84.69254352041717, 20.741922045258935], [84.69254489008748, 20.74183175969503], [84.69264086730516, 20.74183304811271], [84.69264223691256, 20.741742762539822], [84.69273821408534, 20.741744050885636], [84.69273958362986, 20.741653765312744], [84.69283556075771, 20.74165505360466], [84.69283693023038, 20.741564768013806], [84.69302888438726, 20.741567344426954], [84.69303025374316, 20.741477058827115], [84.69312623078117, 20.74147834694835], [84.6931276000652, 20.74138806133953], [84.69322357704931, 20.741389349406866], [84.69322494627943, 20.74129906378906], [84.69332092320965, 20.741300351793516], [84.69332229237689, 20.74121006616673], [84.6934182692622, 20.741211354117283], [84.69341963835757, 20.74112106848151], [84.69361159203835, 20.741123644193976], [84.69361296101694, 20.741033358558205], [84.69370893780344, 20.741034646320117], [84.69371030671914, 20.74094436067536], [84.69380628346072, 20.74094564838337], [84.69380765231355, 20.740855362729633], [84.69390362901021, 20.740856650374763], [84.69390499779118, 20.74076636471204], [84.69409695108567, 20.740768939840603], [84.6940955824215, 20.740859225521287], [84.69399960570686, 20.740857937974976], [84.69399276196374, 20.741309366306545], [84.69389678497961, 20.74130807867938], [84.69388857189857, 20.74184979261079], [84.69379259458208, 20.7418485048938], [84.69378848777205, 20.74211936182806], [84.69369251028489, 20.7421180740392], [84.69368703421779, 20.742479216582286], [84.6938789896413, 20.742481792151022], [84.6938776207166, 20.742572077795774], [84.69406957629283, 20.742574653175865], [84.69407231389968, 20.742394081859405], [84.69541600213373, 20.74241210330368], [84.69541463412531, 20.74250238904725], [84.69522267846824, 20.74249981518531], [84.6952199421999, 20.742680386645503], [84.6950279863452, 20.74267781254102], [84.69502661808525, 20.742768098257642], [84.69493064011299, 20.742766811124554], [84.69492927179016, 20.74285709683219], [84.69483329376399, 20.742855809636218], [84.6948319253783, 20.742946095334872], [84.69463996923612, 20.74294352077225], [84.69463860073364, 20.74303380646192], [84.69454262261765, 20.743032519086288], [84.69454125404329, 20.743122804766973], [84.69434929772147, 20.74312022985401], [84.69434792903033, 20.743210515525714], [84.69425195081553, 20.7432092279794], [84.69425058206151, 20.74329951364212], [84.69405862555104, 20.743296938387797], [84.69405588780046, 20.743477509677305], [84.69367197441122, 20.743472358476954], [84.69366786703526, 20.743743215339354], [84.6934759100397, 20.74374063937536], [84.69347454079161, 20.74383092498418], [84.6932825837152, 20.74382834879561], [84.69328121434134, 20.743918634386464], [84.69308925718408, 20.743916057973316], [84.69308788768447, 20.74400634355519], [84.69299190905643, 20.744005055263273], [84.69298916993144, 20.744185626400068], [84.69270123375986, 20.744181761164995], [84.69269986401771, 20.744272046719917], [84.69231594898454, 20.7442668923036], [84.6923132090241, 20.744447463350564], [84.69212125132786, 20.74444488579655], [84.6921198812174, 20.74453517130656], [84.69154400796695, 20.744527437324003], [84.69154537841878, 20.744437151849926], [84.6911614632868, 20.744431994810526], [84.69116009261039, 20.74452228025765], [84.69096813497703, 20.744519701410066], [84.69096539337268, 20.744700272277367], [84.69077343554169, 20.744697693187238], [84.69077206461375, 20.744787978616397], [84.69058010670192, 20.744785399301687], [84.69058147773764, 20.744695113890497], [84.6904854988491, 20.744693824152293]]]}, "id": "+523+63", "properties": {"A00": 0.06639985179467672, "A01": -0.044090578937231006, "A02": 0.18128103267818912, "A03": 0.015548907963596518, "A04": -0.021924939305312568, "A05": -0.11770033115820704, "A06": -0.11395533947867999, "A07": 0.23929596796394834, "A08": -0.044620891591738626, "A09": 0.08312066784164258, "A10": 0.06739200981832673, "A11": 0.07956579732610064, "A12": -0.25914448290392966, "A13": -0.02702733329392199, "A14": -0.10586342688030334, "A15": 0.065295194232497, "A16": -0.015309208349758697, "A17": 0.07780187183926002, "A18": -0.0452891488679198, "A19": -0.09602853708015702, "A20": -0.32292076846259765, "A21": 0.31586475648783147, "A22": 0.2510346288703192, "A23": -0.09551914783721878, "A24": 0.05296404926859221, "A25": 0.007194024043529224, "A26": 0.11094404806545317, "A27": 0.12090977061824174, "A28": -0.04098889114809037, "A29": 0.13539735804570915, "A30": 0.04531493322393244, "A31": 0.11814515655773687, "A32": 0.02622735388884204, "A33": 0.024247049139417692, "A34": -0.01800338252036511, "A35": -0.12547272787642863, "A36": -0.16233427289166788, "A37": -0.07949078287660165, "A38": 0.14129556236881516, "A39": -0.08422630408698699, "A40": 0.04859973574450939, "A41": 0.07746470222454739, "A42": -0.13472035641775756, "A43": 0.3039189393794449, "A44": 0.03264498442227965, "A45": 0.03513252842723456, "A46": -0.06847145592151761, "A47": 0.11742588105493484, "A48": -0.12733850797678037, "A49": -0.035379945193615495, "A50": -0.08235869981663536, "A51": -0.004789052679413633, "A52": 0.020406507175522493, "A53": -0.11167997782098595, "A54": 0.10987307007384425, "A55": -0.08802305557155243, "A56": 0.019230419112883798, "A57": 9.608565890760692e-05, "A58": -0.0967021132109163, "A59": -0.12819812045674592, "A60": 0.0655100843957708, "A61": -0.1554164726103747, "A62": -0.003981012816528174, "A63": 0.03459459853865417, "area_ha": 8.87927404698405, "centroid_lat": 20.74301927049409, "centroid_lon": 84.69270467715795, "cluster_id": 3, "n_pixels": 888, "perim_m": 2099.340831757137, "stand_id": 99, "stand_lbl": 42}}, {"type": "Feature", "geometry": {"type": "Polygon", "coordinates": [[[84.69368703421779, 20.742479216582286], [84.69369251028489, 20.7421180740392], [84.69378848777205, 20.74211936182806], [84.69379259458208, 20.7418485048938], [84.69388857189857, 20.74184979261079], [84.69389678497961, 20.74130807867938], [84.69399276196374, 20.741309366306545], [84.69399960570686, 20.740857937974976], [84.6940955824215, 20.740859225521287], [84.69409831974986, 20.740678654168896], [84.69419429635668, 20.740679941643346], [84.69419566495799, 20.74058965596266], [84.69429164151092, 20.740590943374226], [84.69429301004035, 20.740500657684557], [84.69438898654836, 20.740501945042222], [84.69439035501492, 20.740411659343568], [84.69458230793212, 20.740414233888224], [84.6945836762819, 20.74032394818059], [84.6946796526911, 20.740325235367575], [84.69468102097798, 20.740234949650954], [84.69477699734227, 20.74023623677506], [84.69477836556628, 20.740145951049456], [84.69497031819603, 20.740148525126987], [84.69496895008879, 20.740238810861573], [84.69487297371553, 20.740237523845266], [84.69487023736633, 20.740418095305454], [84.69477426087629, 20.740416808226264], [84.6947728926343, 20.740507093942885], [84.69467691609935, 20.740505806800815], [84.69467007449421, 20.740957235365947], [84.69447812087631, 20.740954660857224], [84.69447401548564, 20.741225517953183], [84.69428206156232, 20.741222943192934], [84.69428069297, 20.74131322887362], [84.69466460107715, 20.741318378205474], [84.6946618643237, 20.74149894962075], [84.6945658871689, 20.741497662352913], [84.69456451872031, 20.741587948051563], [84.69437256432987, 20.741585373345213], [84.6943711957645, 20.741675659034883], [84.69446717301811, 20.7416769464195], [84.69446443597721, 20.74185751779884], [84.69523225514698, 20.741867815052196], [84.69523362321827, 20.741777529308624], [84.69552155535641, 20.741781389881442], [84.69552018746478, 20.741871675633995], [84.69580811983647, 20.741875535739684], [84.69580538435864, 20.742056107289706], [84.69570940678163, 20.742054820623743], [84.69570803897983, 20.74214510639426], [84.69561206134892, 20.742143819674396], [84.69561069347525, 20.74223410542695], [84.6954187381236, 20.742231531816543], [84.69541600213373, 20.74241210330368], [84.69407231389968, 20.742394081859405], [84.69406957629283, 20.742574653175865], [84.6938776207166, 20.742572077795774], [84.6938789896413, 20.742481792151022], [84.69368703421779, 20.742479216582286]]]}, "id": "+557+38", "properties": {"A00": 0.07629912103015499, "A01": -0.04589593178485957, "A02": 0.1592371997869905, "A03": 0.04183823648342954, "A04": 0.00500228059085585, "A05": -0.07523974883993051, "A06": -0.13620194879920056, "A07": 0.20880042828081696, "A08": -0.0913940958433228, "A09": 0.06728718875910258, "A10": 0.0937091091760813, "A11": 0.1151118460501943, "A12": -0.27275266916188823, "A13": -0.03262612293331228, "A14": -0.09694935972604701, "A15": 0.0531485049627155, "A16": -0.031461920246767944, "A17": 0.02894846084360287, "A18": -0.07686842691083898, "A19": 0.00940042544411126, "A20": -0.30973577400840374, "A21": 0.2910910230086094, "A22": 0.2760611439761303, "A23": -0.08485475979448528, "A24": 0.042933128278952556, "A25": -0.04517061557381988, "A26": 0.14965172098490845, "A27": 0.08075715654220329, "A28": -0.09731007141372049, "A29": 0.12442189076451933, "A30": 0.06464901259883185, "A31": 0.14636922523683243, "A32": 0.08110905306072373, "A33": -0.015444308424971303, "A34": -0.034451104569969304, "A35": -0.07183299303051059, "A36": -0.16253915097615645, "A37": -0.10906098543691861, "A38": 0.10275461127405787, "A39": -0.09194098212915082, "A40": 0.011165818533447032, "A41": 0.05261453436236653, "A42": -0.12644639031200425, "A43": 0.3345461753787211, "A44": 0.07003446698289699, "A45": 0.09687415934159228, "A46": -0.0272041710302861, "A47": 0.05051610823858423, "A48": -0.13718637886155108, "A49": 0.012355855111345617, "A50": -0.10586560919418299, "A51": -0.05084621761362769, "A52": -0.0008103809215043111, "A53": -0.11008962845457906, "A54": 0.11028738712897293, "A55": -0.10233423677139325, "A56": -0.005825852929165728, "A57": -0.03142830354047741, "A58": -0.11506964453894837, "A59": -0.16581632885662068, "A60": 0.06971635032430391, "A61": -0.1144231649717392, "A62": 0.0054674699194041014, "A63": 0.0058628504947005, "area_ha": 2.244878349654645, "centroid_lat": 20.741688558954987, "centroid_lon": 84.694521423915, "cluster_id": 3, "n_pixels": 224, "perim_m": 1199.6245682669587, "stand_id": 100, "stand_lbl": 45}}, {"type": "Feature", "geometry": {"type": "Polygon", "coordinates": [[[84.70062883976769, 20.740495222553694], [84.70062338062486, 20.74085636692934], [84.70043142633322, 20.740853799077133], [84.70042733155165, 20.741124657304972], [84.70033135424414, 20.741123373280054], [84.70032998925406, 20.741213659347018], [84.70023401189265, 20.7412123752682], [84.70022991668887, 20.74148323345112], [84.70003796166061, 20.741480665077894], [84.70003659646393, 20.74157095112689], [84.69984464134585, 20.741568382538063], [84.69984054536951, 20.741839240631155], [84.70003250082895, 20.741841809264894], [84.70003113560531, 20.741932095304907], [84.70041504682963, 20.74193723195255], [84.70040958676154, 20.74229837621142], [84.70012165264711, 20.742294523732422], [84.70012028744144, 20.74238480978142], [84.70002430936137, 20.742383525504973], [84.70002294409282, 20.742473811544986], [84.70040685668258, 20.74247894833636], [84.70040412657666, 20.742659520452317], [84.70030814829896, 20.742658236319603], [84.70030678318312, 20.742748522377582], [84.7001148265469, 20.742745953941473], [84.70011619177951, 20.74265566790146], [84.69973227882146, 20.742650530427365], [84.69973364427865, 20.74256024440532], [84.69954168795682, 20.742557675358352], [84.69954032239183, 20.742647961362433], [84.699444344186, 20.742646676753612], [84.69944161291228, 20.742827248743804], [84.69924965629401, 20.742824679337513], [84.69924555898817, 20.743095537286873], [84.69914958051285, 20.74309425248042], [84.69914821467836, 20.74318453845755], [84.6988602791446, 20.743180683714805], [84.69885754709831, 20.743361255615167], [84.69866558988716, 20.743358685499206], [84.69866285758935, 20.74353925737262], [84.69847090018058, 20.743536687014114], [84.69846816762227, 20.743717258869562], [84.69837218881456, 20.743715973595986], [84.69837082246804, 20.743806259510233], [84.69827484360644, 20.74380497418276], [84.69827347719702, 20.743895260088024], [84.69808151939297, 20.743892689253414], [84.69808425242739, 20.74371211746085], [84.69818023121714, 20.74371340288714], [84.69818296411681, 20.743532831076607], [84.69827894279874, 20.743534116440014], [84.6982816755457, 20.743353544611516], [84.69847363270296, 20.743356115158665], [84.69847636519839, 20.74317554330322], [84.6985723436737, 20.743176828486963], [84.69857370985854, 20.743086542545765], [84.69866968827996, 20.743087827666628], [84.6986724205059, 20.742907255784232], [84.6987683988285, 20.742908540842212], [84.69876976486961, 20.742818254883048], [84.69886574313833, 20.742819539887126], [84.69886984106401, 20.74254868200065], [84.69867788487693, 20.74254611199249], [84.69868061701304, 20.742365540083142], [84.69858463904076, 20.742364255016177], [84.69858600516272, 20.742273969065998], [84.69829807146152, 20.742270113541714], [84.69829943774516, 20.742179827609498], [84.69820345991663, 20.74217854233592], [84.69821302406386, 20.741546540846347], [84.69811704663957, 20.741545255554804], [84.6981197792967, 20.74136468370834], [84.69850368857166, 20.741369824488235], [84.69850642075268, 20.741189252578888], [84.69831446632631, 20.741186682319196], [84.69831583252012, 20.741096396377998], [84.69802790110064, 20.74109254061117], [84.69802926745615, 20.74100225468794], [84.69927696998344, 20.74101895946252], [84.69927423874566, 20.741199531470677], [84.69946619331577, 20.74120210065239], [84.69946892432898, 20.741021528626263], [84.69966087870147, 20.741024097574414], [84.69966360945416, 20.740843525512354], [84.6997595865371, 20.740844809896597], [84.69976095185056, 20.740754523856584], [84.69966497482153, 20.740753239481325], [84.6996745321775, 20.740121237237165], [84.69938660233905, 20.740117383913752], [84.69938796781422, 20.74002709789171], [84.69929199127027, 20.740025813354748], [84.69929335679933, 20.739935527341686], [84.69890945092898, 20.73993038866385], [84.69891218240932, 20.739749816673655], [84.6982403482097, 20.73974082202238], [84.69823488361409, 20.740101965823104], [84.69775500112793, 20.740095539338444], [84.6977536346736, 20.740185825252695], [84.69756168162165, 20.74018325427435], [84.69755894846146, 20.74036382608488], [84.69736699521188, 20.740361254863995], [84.69736562850602, 20.740451540751295], [84.69755758188137, 20.740454111981165], [84.69755484868524, 20.740634683782712], [84.6974588718808, 20.740633398185743], [84.69746023854174, 20.740543112289462], [84.69736426180016, 20.740541826638594], [84.69736289508532, 20.74063211252589], [84.69717094151234, 20.740629541062457], [84.69717230834397, 20.740539255184142], [84.69669242484271, 20.74053282560928], [84.69669379194382, 20.740442539766892], [84.69659781531902, 20.7404412537028], [84.69660054962905, 20.740260682018032], [84.696408596631, 20.740258109746115], [84.69641133112967, 20.740077538079316], [84.69631535475641, 20.740076251880474], [84.69631672205516, 20.739985966047072], [84.69622074574477, 20.739984679794333], [84.69622211309742, 20.7398943939789], [84.69612613684991, 20.739893107681244], [84.69612750424747, 20.739802821856827], [84.69603152806286, 20.739801535514257], [84.69603289550533, 20.73971124969882], [84.69632082390648, 20.739715108564837], [84.69632219116929, 20.73962482274042], [84.69670609557538, 20.739629967113576], [84.69670746260464, 20.739539681262208], [84.69699539080814, 20.739543538960415], [84.69699675766671, 20.73945325309108], [84.69728468577141, 20.739457110295216], [84.69728605245031, 20.73936682439893], [84.69766995646116, 20.73937196656223], [84.69767132289752, 20.739281680639], [84.69795925081357, 20.739285536684307], [84.69796061707925, 20.73919525075209], [84.69930428075337, 20.739213239174294], [84.69930291528718, 20.73930352519634], [84.69959084357154, 20.73930737851077], [84.69958947826706, 20.739397664550783], [84.69987740679396, 20.73940151740707], [84.69987604165118, 20.73949180346505], [84.70006799414618, 20.739494371784378], [84.70006662911119, 20.739584657851342], [84.70016260543055, 20.73958594193016], [84.70016124044048, 20.739676228006104], [84.70035319321396, 20.73967879602899], [84.70035182833168, 20.73976908211392], [84.7004478047858, 20.739770366049004], [84.70044643995742, 20.739860652133935], [84.7005424164744, 20.739861936024106], [84.70054105169095, 20.739952222118017], [84.70063702827083, 20.73995350596327], [84.70063566354126, 20.740043792066167], [84.70073164018403, 20.740045075857523], [84.70073027549938, 20.740135361960416], [84.700826252214, 20.74013664570686], [84.70082488757427, 20.740226931818736], [84.70092086435177, 20.740228215511276], [84.70091949976594, 20.74031850163214], [84.70101547660633, 20.740319785279762], [84.70101274753348, 20.740500357521487], [84.70110872449065, 20.74050164113318], [84.70110599549865, 20.740682213383884], [84.70120197258159, 20.740683496950663], [84.70119924367043, 20.74086406921035], [84.70100728929795, 20.740861501995948], [84.70100865386581, 20.740771215875085], [84.70091267674695, 20.74076993220051], [84.70091404135974, 20.740679646088633], [84.70081806430375, 20.74067836236016], [84.7008207936371, 20.740497790145387], [84.70062883976769, 20.740495222553694]], [[84.70062883976769, 20.740495222553694], [84.70063156929868, 20.740314650356886], [84.70053559249422, 20.740313366493663], [84.70053286284644, 20.74049393868149], [84.70062883976769, 20.740495222553694]]]}, "id": "+601+52", "properties": {"A00": 0.04152367387472257, "A01": -0.06658516260764424, "A02": 0.12553898162035249, "A03": 0.030898183247025764, "A04": -0.026724541067729642, "A05": -0.027047165723106587, "A06": -0.12623666165574116, "A07": 0.17327207565675043, "A08": -0.08296875944230699, "A09": 0.05442035682640448, "A10": 0.12319882553331218, "A11": 0.07021545020988844, "A12": -0.28300983151536313, "A13": -0.009890110595346044, "A14": -0.029687347154826925, "A15": 0.07568162251120693, "A16": 0.0015768349110410382, "A17": 0.011441582034549029, "A18": -0.10806825277982042, "A19": -0.02621954905747202, "A20": -0.35075106816420376, "A21": 0.2504842853187947, "A22": 0.269493867745483, "A23": -0.08375297321186462, "A24": 0.03182039131980001, "A25": 0.016241349056271528, "A26": 0.148698560587173, "A27": 0.02916232092205728, "A28": -0.06941558840829803, "A29": 0.17941809225617153, "A30": 0.026894899491205885, "A31": 0.12099514587062522, "A32": 0.08119775415504091, "A33": -0.0036066093295444705, "A34": -0.014023216847927717, "A35": -0.08969598723993538, "A36": -0.1478544559324974, "A37": -0.022125843059395828, "A38": 0.1278832503298514, "A39": -0.10127457131687805, "A40": 0.06167278878926809, "A41": 0.0338137967953105, "A42": -0.14352610139032307, "A43": 0.36385002157189944, "A44": 0.0968099329637128, "A45": 0.047102652423160175, "A46": -0.012408542471407887, "A47": 0.04945554687243452, "A48": -0.10590435109013376, "A49": 0.04737537482373647, "A50": -0.08217957983853025, "A51": -0.04327432460231476, "A52": -0.01951870085944782, "A53": -0.052844567237140753, "A54": 0.18046789657261442, "A55": -0.10543507648468148, "A56": -0.0020618567913862984, "A57": -0.061224675102217414, "A58": -0.0991247844702825, "A59": -0.18936613450807716, "A60": 0.04408142882571969, "A61": -0.11243370917728736, "A62": 0.07254077636834039, "A63": 0.04771447031247773, "area_ha": 9.039694335671904, "centroid_lat": 20.74089980323204, "centroid_lon": 84.6989315046894, "cluster_id": 3, "n_pixels": 904, "perim_m": 3398.9457000282187, "stand_id": 101, "stand_lbl": 53}}, {"type": "Feature", "geometry": {"type": "Polygon", "coordinates": [[[84.69428069297, 20.74131322887362], [84.69428206156232, 20.741222943192934], [84.69447401548564, 20.741225517953183], [84.69447812087631, 20.740954660857224], [84.69467007449421, 20.740957235365947], [84.69467691609935, 20.740505806800815], [84.6947728926343, 20.740507093942885], [84.69477426087629, 20.740416808226264], [84.69487023736633, 20.740418095305454], [84.69487297371553, 20.740237523845266], [84.69496895008879, 20.740238810861573], [84.69497168629427, 20.740058239392404], [84.69516363884317, 20.740060813245353], [84.69516500682464, 20.7399705274928], [84.69535695929268, 20.739973101121176], [84.69535832714838, 20.739882815350658], [84.69564625572919, 20.7398866753755], [84.69564762341422, 20.739796389587017], [84.69612750424747, 20.739802821856827], [84.69612613684991, 20.739893107681244], [84.69622211309742, 20.7398943939789], [84.69622074574477, 20.739984679794333], [84.69631672205516, 20.739985966047072], [84.69631535475641, 20.740076251880474], [84.69641133112967, 20.740077538079316], [84.696408596631, 20.740258109746115], [84.69660054962905, 20.740260682018032], [84.69659781531902, 20.7404412537028], [84.69669379194382, 20.740442539766892], [84.69669242484271, 20.74053282560928], [84.69717230834397, 20.740539255184142], [84.69717094151234, 20.740629541062457], [84.69736289508532, 20.74063211252589], [84.69736426180016, 20.740541826638594], [84.69746023854174, 20.740543112289462], [84.6974588718808, 20.740633398185743], [84.69755484868524, 20.740634683782712], [84.69755758188137, 20.740454111981165], [84.69736562850602, 20.740451540751295], [84.69736699521188, 20.740361254863995], [84.69755894846146, 20.74036382608488], [84.69756168162165, 20.74018325427435], [84.6977536346736, 20.740185825252695], [84.69775500112793, 20.740095539338444], [84.69823488361409, 20.740101965823104], [84.6982403482097, 20.73974082202238], [84.69891218240932, 20.739749816673655], [84.69890945092898, 20.73993038866385], [84.69929335679933, 20.739935527341686], [84.69929199127027, 20.740025813354748], [84.69938796781422, 20.74002709789171], [84.69938660233905, 20.740117383913752], [84.6996745321775, 20.740121237237165], [84.69966497482153, 20.740753239481325], [84.69976095185056, 20.740754523856584], [84.6997595865371, 20.740844809896597], [84.69966360945416, 20.740843525512354], [84.69966087870147, 20.741024097574414], [84.69946892432898, 20.741021528626263], [84.69946619331577, 20.74120210065239], [84.69927423874566, 20.741199531470677], [84.69927696998344, 20.74101895946252], [84.69802926745615, 20.74100225468794], [84.69802790110064, 20.74109254061117], [84.69831583252012, 20.741096396377998], [84.69831446632631, 20.741186682319196], [84.69850642075268, 20.741189252578888], [84.69850368857166, 20.741369824488235], [84.69754391560434, 20.74135697093501], [84.69754664891724, 20.741176399151424], [84.69735469463458, 20.741173827831723], [84.69735742814511, 20.74099325606611], [84.69716547412298, 20.740990684548773], [84.69716820784012, 20.74081011281011], [84.69707223094584, 20.740808826979578], [84.69707086404235, 20.74089911284891], [84.69697488710314, 20.74089782696448], [84.69697352013678, 20.740988112815845], [84.69678156616854, 20.740985540876306], [84.6967801990764, 20.74107582671869], [84.69668422204737, 20.74107454066358], [84.69668285489236, 20.74116482649698], [84.6962029695765, 20.741158395377013], [84.69620023467358, 20.741338966989915], [84.6958163260993, 20.74133382107166], [84.69581359070231, 20.741514392630663], [84.69562163623102, 20.741511819334665], [84.69561890059148, 20.74169239086672], [84.69542694592256, 20.741689817328176], [84.69542557797703, 20.74178010308073], [84.69523362321827, 20.741777529308624], [84.69523225514698, 20.741867815052196], [84.69446443597721, 20.74185751779884], [84.69446717301811, 20.7416769464195], [84.6943711957645, 20.741675659034883], [84.69437256432987, 20.741585373345213], [84.69456451872031, 20.741587948051563], [84.6945658871689, 20.741497662352913], [84.6946618643237, 20.74149894962075], [84.69466460107715, 20.741318378205474], [84.69428069297, 20.74131322887362]]]}, "id": "+569+30", "properties": {"A00": 0.06288485805457529, "A01": -0.04877856432532855, "A02": 0.11730623763701939, "A03": 0.044438027033175585, "A04": -0.009330344614203893, "A05": -0.03399039650727347, "A06": -0.14213927897125772, "A07": 0.17675828873681307, "A08": -0.08881788660086566, "A09": 0.05688542401507309, "A10": 0.13337515415344534, "A11": 0.09969965323732316, "A12": -0.278490063607153, "A13": -0.027817374604636243, "A14": -0.04198341173245704, "A15": 0.06698131061234606, "A16": 0.0047122783995892205, "A17": -0.011547020272612337, "A18": -0.11087054548054245, "A19": -0.005868950096082868, "A20": -0.3261668745252949, "A21": 0.22233978025116327, "A22": 0.29017129005033354, "A23": -0.08929699699208453, "A24": 0.03640079272947285, "A25": -0.008366101028232445, "A26": 0.16402732589213165, "A27": 0.03625384383807822, "A28": -0.0825856071587679, "A29": 0.17323560805002336, "A30": 0.042052586813940966, "A31": 0.14844307600327822, "A32": 0.12994919105201624, "A33": -0.015806491317976103, "A34": -0.02763362653564988, "A35": -0.07397487250609375, "A36": -0.15659313559409516, "A37": -0.06349140623007865, "A38": 0.10608527347208914, "A39": -0.10198268071166217, "A40": 0.039639606907558154, "A41": 0.025933217373399257, "A42": -0.14116624240887668, "A43": 0.36793004013540626, "A44": 0.1132134600597607, "A45": 0.04952379121127742, "A46": -0.008043020130011472, "A47": 0.057143926201455135, "A48": -0.09507804862696125, "A49": 0.05641717078402766, "A50": -0.08636518704762734, "A51": -0.07886284483149061, "A52": -0.025769247575575294, "A53": -0.06300076091000575, "A54": 0.16126829238038431, "A55": -0.12061606558262591, "A56": -0.002888076353030737, "A57": -0.06509223085554865, "A58": -0.09358692558971492, "A59": -0.1906707485422289, "A60": 0.04984947295978267, "A61": -0.10909032984009039, "A62": 0.054525343707057784, "A63": 0.033867674883319154, "area_ha": 7.07539721117608, "centroid_lat": 20.74071596249795, "centroid_lon": 84.69690027626763, "cluster_id": 0, "n_pixels": 708, "perim_m": 2179.321630764715, "stand_id": 102, "stand_lbl": 51}}]}