{"type": "FeatureCollection", "columns": {}, "features": [{"type": "Feature", "geometry": {"type": "Polygon", "coordinates": [[[85.40530351828984, 21.61689531506018], [85.40530450888008, 21.616805000354926], [85.40540109350262, 21.6168059266168], [85.40540010297526, 21.616896241313068], [85.40530351828984, 21.61689531506018]]]}, "id": "+216+501", "properties": {"annual_rainfall": 1389.0618859946728, "area_ha": 0.010027926560332868, "aspect": 332, "canopy_height": 3.6545454545454548, "canopy_height_max": 8.465454545454545, "canopy_height_std": 2.660133291368948, "centroid_lat": 21.616850619447096, "centroid_lon": 85.40535230371714, "distance_to_water": 463409.50001051987, "elevation": 533, "n_pixels": 1, "ndvi_amplitude_annual": 0.0571883640223087, "ndvi_mean": 0.18662065778667059, "ndvi_phase_annual": 3.0832171003090614, "ndvi_residual_variance": 0.001035739009608038, "ndvi_trend": 0.00657924303356814, "perim_m": 40.00251637672453, "slope": 4, "stand_id": 1, "stand_lbl": 96, "vh_iqr": 0.6311008563685843, "vh_p10": -18.760566180661467, "vh_p50": -18.445015752477175, "vh_p90": -18.129465324292884, "vv_iqr": 2.9796876256324003, "vv_minus_vh_median": 5.798085259852704, "vv_p10": -14.136774305440671, "vv_p50": -12.64693049262447, "vv_p90": -11.157086679808272}}, {"type": "Feature", "geometry": {"type": "Polygon", "coordinates": [[[85.4052079242665, 21.616804074048137], [85.40520891491065, 21.616713759351867], [85.4053054994703, 21.616714685658653], [85.40530649005154, 21.616624370962384], [85.40540307454833, 21.61662529720629], [85.40540208402996, 21.616715611911545], [85.40559525316725, 21.616717464246644], [85.40559624356884, 21.616627149532405], [85.4057894126163, 21.616629001633942], [85.4057874320467, 21.6168096310714], [85.40598060135466, 21.616811482966327], [85.40597961117766, 21.616901797698528], [85.40617278062037, 21.616903649377857], [85.40617377067161, 21.61681333463667], [85.40607718601314, 21.61681240883294], [85.40607916621443, 21.61663177935955], [85.40636891986647, 21.61663455659108], [85.40636792994098, 21.61672487134125], [85.40646451456354, 21.616725796974304], [85.40646352470094, 21.61681611172447], [85.40713961759774, 21.616822589619716], [85.4071406070471, 21.616732274842597], [85.40733377637304, 21.616734125156487], [85.40733278704943, 21.61682443995157], [85.40771912600673, 21.616828139923584], [85.40772011509677, 21.616737825119515], [85.40781669979118, 21.61673874997103], [85.40781768880936, 21.61664843515798], [85.40801085809038, 21.616650284681352], [85.40801184698279, 21.616559969859317], [85.40810843157838, 21.616560894531172], [85.40811040923745, 21.616380264887102], [85.40830357818609, 21.616382114042164], [85.40830456688987, 21.616291799211147], [85.40849773573969, 21.616293648132647], [85.40850070145574, 21.616022703594677], [85.40869386997319, 21.616024552273633], [85.40869485841644, 21.615934237415665], [85.4089846110444, 21.61593701000291], [85.40898559929902, 21.615846695135957], [85.40956510433932, 21.615852238765342], [85.40956411643505, 21.61594255365924], [85.40966070068929, 21.615943477405832], [85.40966168853068, 21.61585316251193], [85.40975827272203, 21.61585408619564], [85.40975629716502, 21.616034716001405], [85.40985288148214, 21.616035639640195], [85.40985189375753, 21.616125954552064], [85.40975530937753, 21.61612503090429], [85.4097533337846, 21.616305660710054], [85.40965674928782, 21.616304736999396], [85.40965576142847, 21.616395051893296], [85.40955917687779, 21.61639412812874], [85.40955818894658, 21.616484443013658], [85.409461604342, 21.616483519186218], [85.4094596283448, 21.616664148956055], [85.40936304363244, 21.616663225065732], [85.40936205556648, 21.616753539941666], [85.40926547079121, 21.616752615988464], [85.40926448266237, 21.616842930864397], [85.40916789783321, 21.616842006848312], [85.40916690964148, 21.616932321715264], [85.40907032474945, 21.61693139764528], [85.40906933649484, 21.61702171250325], [85.40887616662093, 21.617019864183618], [85.40887517824055, 21.617110179032604], [85.4087785932497, 21.617109254782957], [85.40877760479746, 21.61719956963194], [85.40858443471694, 21.617197720952984], [85.40858344614792, 21.617288035792985], [85.4083902759596, 21.61728618688047], [85.40838928726481, 21.617376501711487], [85.40809953185209, 21.61737372791152], [85.40809854296866, 21.617464042733552], [85.40771220225066, 21.617460343534095], [85.4077112131157, 21.61755065832918], [85.40664877590766, 21.617540480866168], [85.40664976569838, 21.617450166116], [85.4062634252948, 21.61744646354786], [85.4062644153101, 21.617356148815656], [85.40607124526551, 21.61735429720819], [85.4060722353976, 21.61726398247599], [85.40587906548777, 21.61726213065293], [85.40588005573663, 21.617171815938693], [85.40568688597052, 21.61716996390004], [85.40568787633617, 21.6170796491858], [85.40549470670481, 21.61707779693155], [85.40549569718725, 21.616987482226296], [85.40539911243894, 21.616986556018322], [85.40540109350262, 21.6168059266168], [85.4052079242665, 21.616804074048137]]]}, "id": "+240+508", "properties": {"annual_rainfall": 1389.0618859946728, "area_ha": 3.9108994300851045, "aspect": 109.38254531863203, "canopy_height": 3.8546331737687014, "canopy_height_max": 6.638120585718182, "canopy_height_std": 1.8343641819963363, "centroid_lat": 21.616824877086216, "centroid_lon": 85.40781377663698, "cluster_id": 3, "distance_to_water": 463409.50001051987, "elevation": 533.8037454878086, "n_pixels": 391, "ndvi_amplitude_annual": 0.07542843341821408, "ndvi_mean": 0.29584415827806415, "ndvi_phase_annual": 0.3018983608476132, "ndvi_residual_variance": 0.002597393664238957, "ndvi_trend": -0.002472773921683846, "perim_m": 1520.0974331748296, "slope": 4.458035389351717, "stand_id": 2, "stand_lbl": 102, "vh_iqr": 2.4010175511074765, "vh_p10": -20.54678617771807, "vh_p50": -19.346277402164347, "vh_p90": -18.14576862661057, "vv_iqr": 2.0783017174498393, "vv_minus_vh_median": 7.716309552738735, "vv_p10": -12.669118708150508, "vv_p50": -11.629967849425597, "vv_p90": -10.59081699070067}}, {"type": "Feature", "geometry": {"type": "MultiPolygon", "coordinates": [[[[85.40492906923602, 21.615807833217268], [85.40483248530518, 21.615806906730814], [85.40483347612897, 21.615716592043526], [85.40493006000591, 21.61571751852998], [85.40492906923602, 21.615807833217268]]], [[[85.40636891986647, 21.61663455659108], [85.40656208899478, 21.616636407794303], [85.40656010938636, 21.616817037303626], [85.40646352470094, 21.61681611172447], [85.40646451456354, 21.616725796974304], [85.40636792994098, 21.61672487134125], [85.40636891986647, 21.61663455659108]]], [[[85.40492906923602, 21.615807833217268], [85.40502565318482, 21.61580875964982], [85.40502961598591, 21.615447500855755], [85.40541595085588, 21.615451205957143], [85.40541496040039, 21.61554152067138], [85.4056081279836, 21.61554337289868], [85.40560515694953, 21.61581431706834], [85.40550857297377, 21.61581339097715], [85.40550956338434, 21.61572307625393], [85.40541297947146, 21.615722150108837], [85.40541000805112, 21.615993094251547], [85.40569976033771, 21.615995872561058], [85.4056977797232, 21.616176502007498], [85.40598753240505, 21.616179279840903], [85.40598555213188, 21.61635990931429], [85.40608213649392, 21.616360835153955], [85.40608015631058, 21.616541464627346], [85.40636990978295, 21.616544241840913], [85.40636891986647, 21.61663455659108], [85.40607916621443, 21.61663177935955], [85.40607718601314, 21.61681240883294], [85.40617377067161, 21.61681333463667], [85.40617278062037, 21.616903649377857], [85.40597961117766, 21.616901797698528], [85.40598060135466, 21.616811482966327], [85.4057874320467, 21.6168096310714], [85.4057894126163, 21.616629001633942], [85.40559624356884, 21.616627149532405], [85.40559525316725, 21.616717464246644], [85.40540208402996, 21.616715611911545], [85.40540307454833, 21.61662529720629], [85.40530649005154, 21.616624370962384], [85.4053054994703, 21.616714685658653], [85.40511233035997, 21.61671283299118], [85.405113321058, 21.616622518294907], [85.40501673657019, 21.61662159188032], [85.40501772732212, 21.616531277193037], [85.40492114289721, 21.61653035072455], [85.40492213371202, 21.616440036046246], [85.40482554935896, 21.61643910952386], [85.40482753107841, 21.61625848015827], [85.40473094685113, 21.61625755359097], [85.40473292866939, 21.61607692423436], [85.4048295127799, 21.616077850792678], [85.40483050363063, 21.61598753610539], [85.40492708768724, 21.615988462600825], [85.40492906923602, 21.615807833217268]], [[85.40541000805112, 21.615993094251547], [85.40521683989299, 21.615991241754752], [85.4052158492848, 21.616081556460006], [85.40511926515633, 21.61608063012627], [85.40511827448525, 21.61617094482254], [85.40502169029389, 21.6161700184349], [85.40502069955994, 21.616260333122188], [85.40511728380518, 21.616261259518808], [85.40511629312512, 21.61635157421508], [85.40530946175936, 21.616353426855607], [85.40531045232264, 21.616263112150353], [85.40540703658586, 21.616264038376293], [85.40541000805112, 21.615993094251547]]]]}, "id": "+224+501", "properties": {"annual_rainfall": 1389.0618859946728, "area_ha": 1.19332345911898, "aspect": 141.0092586680289, "canopy_height": 6.771070336391438, "canopy_height_max": 10.259480122324165, "canopy_height_std": 2.390607220821392, "centroid_lat": 21.61623073621254, "centroid_lon": 85.40545651085995, "cluster_id": 3, "distance_to_water": 463409.50001051987, "elevation": 537.224347104272, "n_pixels": 119, "ndvi_amplitude_annual": 0.08812354057077038, "ndvi_mean": 0.24649591338274154, "ndvi_phase_annual": -0.7736055402193645, "ndvi_residual_variance": 0.004512089527327821, "ndvi_trend": 0.006838091131414726, "perim_m": 1060.066764550343, "slope": 1.90399719047315, "stand_id": 3, "stand_lbl": 96, "vh_iqr": 2.3032141656118226, "vh_p10": -20.716587274793913, "vh_p50": -19.564980191988, "vh_p90": -18.41337310918208, "vv_iqr": 2.054880028223562, "vv_minus_vh_median": 8.185118645357045, "vv_p10": -12.407301560742743, "vv_p50": -11.379861546630956, "vv_p90": -10.352421532519163}}, {"type": "Feature", "geometry": {"type": "MultiPolygon", "coordinates": [[[[85.40735158338946, 21.615108458800037], [85.40735257261424, 21.615018143986983], [85.40744915614982, 21.61501906898223], [85.40744816697894, 21.615109383795282], [85.40735158338946, 21.615108458800037]]], [[[85.40735158338946, 21.615108458800037], [85.40734960491292, 21.615289088408172], [85.40744618862817, 21.615290013412405], [85.40744223185476, 21.615651272646645], [85.40734564790596, 21.615650347624445], [85.40734268008785, 21.615921292018687], [85.4074392642253, 21.61592221705885], [85.40743728577573, 21.616102846658002], [85.40772703856538, 21.6161056214551], [85.40772604951127, 21.616195936268152], [85.40782263384635, 21.61619686109272], [85.40782164484614, 21.61628717590577], [85.40772506045715, 21.616286251081206], [85.40772308233097, 21.616466880698326], [85.40791625136046, 21.616468730311528], [85.40791724030677, 21.616378415498477], [85.40811040923745, 21.616380264887102], [85.40810843157838, 21.616560894531172], [85.40801184698279, 21.616559969859317], [85.40801085809038, 21.616650284681352], [85.40781768880936, 21.61664843515798], [85.40781669979118, 21.61673874997103], [85.40772011509677, 21.616737825119515], [85.40771912600673, 21.616828139923584], [85.40733278704943, 21.61682443995157], [85.40733377637304, 21.616734125156487], [85.4071406070471, 21.616732274842597], [85.40713961759774, 21.616822589619716], [85.40656010938636, 21.616817037303626], [85.40656208899478, 21.616636407794303], [85.40636891986647, 21.61663455659108], [85.40636990978295, 21.616544241840913], [85.40608015631058, 21.616541464627346], [85.40608213649392, 21.616360835153955], [85.40598555213188, 21.61635990931429], [85.40598753240505, 21.616179279840903], [85.40589094816877, 21.61617835395632], [85.40589193836375, 21.61608803922412], [85.40598852253713, 21.6160889651087], [85.40599050278335, 21.61590833563531], [85.40589391872675, 21.61590740975971], [85.40589589907177, 21.615726780286323], [85.40608906695142, 21.615728631965652], [85.40609005699368, 21.615638317224466], [85.40637980866043, 21.615641094312267], [85.40638079852303, 21.615550779553114], [85.40657396621403, 21.615552630648537], [85.40657495594188, 21.615462315880404], [85.40667153973797, 21.615463241342773], [85.40667351906791, 21.615282611797518], [85.40677010274722, 21.61528353719701], [85.4067710923493, 21.61519322241989], [85.40686767596573, 21.615194147756498], [85.40686866550493, 21.615103832970394], [85.40715841621947, 21.615106608629876], [85.40715643750039, 21.61528723822903], [85.40725302120666, 21.615288163350044], [85.40725499979997, 21.615107533741906], [85.40735158338946, 21.615108458800037]]]]}, "id": "+240+500", "properties": {"annual_rainfall": 1389.0618859946728, "area_ha": 2.5571248900700643, "aspect": 131.18089572630115, "canopy_height": 14.347147309547871, "canopy_height_max": 15.609318741372203, "canopy_height_std": 1.1591690508179482, "centroid_lat": 21.616087400696532, "centroid_lon": 85.40691565615064, "cluster_id": 3, "distance_to_water": 463409.50001051987, "elevation": 539.5427014103353, "n_pixels": 256, "ndvi_amplitude_annual": 0.11116458379053047, "ndvi_mean": 0.5119137262068318, "ndvi_phase_annual": -1.0705919740572212, "ndvi_residual_variance": 0.005634208563313418, "ndvi_trend": 0.003454136299906985, "perim_m": 1020.0649324338054, "slope": 3.318969075099266, "stand_id": 4, "stand_lbl": 100, "vh_iqr": 1.8999043075145363, "vh_p10": -17.942869630956316, "vh_p50": -16.992917477199047, "vh_p90": -16.04296532344178, "vv_iqr": 2.056545930787494, "vv_minus_vh_median": 6.280131223880656, "vv_p10": -11.741059218712133, "vv_p50": -10.712786253318393, "vv_p90": -9.684513287924652}}, {"type": "Feature", "geometry": {"type": "Polygon", "coordinates": [[[85.40734268008785, 21.615921292018687], [85.40734564790596, 21.615650347624445], [85.40744223185476, 21.615651272646645], [85.40744618862817, 21.615290013412405], [85.40734960491292, 21.615289088408172], [85.40735158338946, 21.615108458800037], [85.40744816697894, 21.615109383795282], [85.40745113447365, 21.614838439356127], [85.40754771789244, 21.614839364288496], [85.40754870698248, 21.61474904946646], [85.40783845709515, 21.614751823904232], [85.40783944599656, 21.614661509073215], [85.40803261264551, 21.614663358407938], [85.40803063505831, 21.61484398808794], [85.40812721851304, 21.614844912678947], [85.40812622977334, 21.614935227527933], [85.4084159803262, 21.614938000977556], [85.40841400319714, 21.61511863068451], [85.40831741954477, 21.615117706246217], [85.40831643091286, 21.6152080210952], [85.40841301461913, 21.615208945542477], [85.40840708306128, 21.615750834636383], [85.40850366712687, 21.615751759047725], [85.40849773573969, 21.616293648132647], [85.40830456688987, 21.616291799211147], [85.40830357818609, 21.616382114042164], [85.40791724030677, 21.616378415498477], [85.40791625136046, 21.616468730311528], [85.40772308233097, 21.616466880698326], [85.40772506045715, 21.616286251081206], [85.40782164484614, 21.61628717590577], [85.40782263384635, 21.61619686109272], [85.40772604951127, 21.616195936268152], [85.40772703856538, 21.6161056214551], [85.40743728577573, 21.616102846658002], [85.4074392642253, 21.61592221705885], [85.40734268008785, 21.615921292018687]]]}, "id": "+242+496", "properties": {"annual_rainfall": 1389.0618859946728, "area_ha": 1.7548912640076346, "aspect": 170.90507497355705, "canopy_height": 7.568762054876911, "canopy_height_max": 10.652653628388329, "canopy_height_std": 2.269428797143011, "centroid_lat": 21.615573631714195, "centroid_lon": 85.40793129629839, "cluster_id": 3, "distance_to_water": 463409.50001051987, "elevation": 538.6537320861935, "n_pixels": 175, "ndvi_amplitude_annual": 0.11614075222348436, "ndvi_mean": 0.3218339779848291, "ndvi_phase_annual": -1.786985970482436, "ndvi_residual_variance": 0.0034222984032889637, "ndvi_trend": 0.002395717888213023, "perim_m": 700.0446922363191, "slope": 3.9116701578281527, "stand_id": 5, "stand_lbl": 104, "vh_iqr": 2.546259361231297, "vh_p10": -23.545948967805558, "vh_p50": -22.272819287189915, "vh_p90": -20.99968960657428, "vv_iqr": 2.0373334254409974, "vv_minus_vh_median": 8.500400497965488, "vv_p10": -14.791085501944917, "vv_p50": -13.77241878922442, "vv_p90": -12.753752076503922}}, {"type": "Feature", "geometry": {"type": "MultiPolygon", "coordinates": [[[[85.4093877435478, 21.61440535277213], [85.40938675560758, 21.614495667675016], [85.40948333889165, 21.61449659146652], [85.40948432676896, 21.61440627656364], [85.40967749322927, 21.614408123966985], [85.4096794687234, 21.614227494125284], [85.40958288561002, 21.614226570459543], [85.40958387340649, 21.614136255547677], [85.40987362257593, 21.61413902636524], [85.40987461019274, 21.614048711435405], [85.41006777621287, 21.61405055836265], [85.4100628386858, 21.614502133038762], [85.41015942200579, 21.61450305643501], [85.41015152217626, 21.615225575900617], [85.41005493838017, 21.615224652468438], [85.41005000052071, 21.615676227081668], [85.40995341642818, 21.61567530356864], [85.40995045346996, 21.61594624831322], [85.40985386920674, 21.615945324737314], [85.40985288148214, 21.616035639640195], [85.40975629716502, 21.616034716001405], [85.40975827272203, 21.61585408619564], [85.40966168853068, 21.61585316251193], [85.40966070068929, 21.615943477405832], [85.40956411643505, 21.61594255365924], [85.40956510433932, 21.615852238765342], [85.40898559929902, 21.615846695135957], [85.4089846110444, 21.61593701000291], [85.40869485841644, 21.615934237415665], [85.40869386997319, 21.616024552273633], [85.40850070145574, 21.616022703594677], [85.40850366712687, 21.615751759047725], [85.40840708306128, 21.615750834636383], [85.40841400319714, 21.61511863068451], [85.40851058684052, 21.6151195550689], [85.40851256386178, 21.614938925352966], [85.40860914739736, 21.614939849665497], [85.4086111242659, 21.614759219940577], [85.4087077076847, 21.614760144190225], [85.40871067278091, 21.614489199571405], [85.40880725602904, 21.61449012375817], [85.408805279421, 21.614670753510037], [85.40890186279488, 21.614671677642903], [85.40890087454028, 21.61476199252782], [85.40899745797704, 21.614762916606786], [85.40899844616877, 21.61467260172187], [85.40909502955164, 21.614673525746937], [85.4090960176715, 21.614583210862023], [85.40919260100047, 21.614584134824206], [85.40919457711443, 21.614403505036407], [85.4093877435478, 21.61440535277213]]], [[[85.40948432676896, 21.61440627656364], [85.4093877435478, 21.61440535277213], [85.40938873147003, 21.614315037869247], [85.4094853146373, 21.61431596165177], [85.40948432676896, 21.61440627656364]]]]}, "id": "+262+491", "properties": {"annual_rainfall": 1389.0618859946728, "area_ha": 2.7276058428930465, "aspect": 74.78299644869296, "canopy_height": 15.068090205904777, "canopy_height_max": 16.27844808802702, "canopy_height_std": 1.1374917223534846, "centroid_lat": 21.615151788153945, "centroid_lon": 85.40934584170726, "cluster_id": 3, "distance_to_water": 463409.50001051987, "elevation": 540.6307575231631, "n_pixels": 273, "ndvi_amplitude_annual": 0.13322851956048462, "ndvi_mean": 0.5277134135574154, "ndvi_phase_annual": -2.1626934135444853, "ndvi_residual_variance": 0.0066533199702033495, "ndvi_trend": 0.0036087891546199885, "perim_m": 1000.0643917584742, "slope": 4.426050038717257, "stand_id": 6, "stand_lbl": 105, "vh_iqr": 2.2630903861057794, "vh_p10": -17.277972337991116, "vh_p50": -16.14642714493822, "vh_p90": -15.014881951885341, "vv_iqr": 2.122315499269536, "vv_minus_vh_median": 6.248531096166489, "vv_p10": -10.959053798406512, "vv_p50": -9.897896048771731, "vv_p90": -8.836738299136972}}, {"type": "Feature", "geometry": {"type": "MultiPolygon", "coordinates": [[[[85.40541000805112, 21.615993094251547], [85.40540703658586, 21.616264038376293], [85.40531045232264, 21.616263112150353], [85.40530946175936, 21.616353426855607], [85.40511629312512, 21.61635157421508], [85.40511728380518, 21.616261259518808], [85.40502069955994, 21.616260333122188], [85.40502169029389, 21.6161700184349], [85.40511827448525, 21.61617094482254], [85.40511926515633, 21.61608063012627], [85.4052158492848, 21.616081556460006], [85.40521683989299, 21.615991241754752], [85.40541000805112, 21.615993094251547]]], [[[85.40541000805112, 21.615993094251547], [85.40541297947146, 21.615722150108837], [85.40550956338434, 21.61572307625393], [85.40550857297377, 21.61581339097715], [85.40560515694953, 21.61581431706834], [85.4056081279836, 21.61554337289868], [85.40541496040039, 21.61554152067138], [85.40541595085588, 21.615451205957143], [85.40502961598591, 21.615447500855755], [85.40502565318482, 21.61580875964982], [85.40492906923602, 21.615807833217268], [85.40492708768724, 21.615988462600825], [85.40483050363063, 21.61598753610539], [85.4048295127799, 21.616077850792678], [85.40463634456788, 21.616075997622147], [85.40463733552642, 21.61598568294384], [85.40454075148777, 21.615984756277726], [85.40454372452508, 21.615713812251798], [85.40444714066612, 21.615712885540766], [85.40444912278981, 21.61553225619314], [85.40435253905659, 21.615531329437196], [85.4043545212791, 21.615350700098553], [85.40425793767166, 21.61534977329769], [85.40425991999298, 21.615169143959047], [85.40416333651129, 21.615168217104287], [85.40416531893143, 21.61498758777463], [85.40426190228735, 21.614988514611422], [85.40426289343453, 21.6148981999421], [85.40445606005653, 21.61490005344501], [85.40445705106897, 21.614809738766706], [85.40455363432608, 21.61481066543282], [85.4045556162252, 21.614630036058244], [85.4046521993745, 21.61463096266148], [85.40465517199858, 21.614360018572665], [85.40484833793788, 21.6143618715815], [85.4048493286898, 21.614271556876247], [85.4052356603977, 21.614275262211198], [85.40523665089809, 21.614184947487978], [85.40542981665772, 21.61418679980511], [85.40542882628309, 21.614277114537316], [85.40571857514709, 21.61427989260428], [85.40571956535105, 21.614189577863094], [85.40591273116458, 21.614191429623272], [85.40591075099921, 21.61437205913259], [85.40600733403174, 21.614372984936324], [85.40600634399846, 21.614463299686495], [85.40619951020724, 21.614465151141246], [85.40620050012373, 21.61437483637311], [85.40649024929319, 21.61437761311057], [85.40649123902102, 21.614287298333448], [85.40678098805571, 21.61429007455887], [85.40678197759492, 21.614199759763782], [85.40687856055558, 21.614200685055476], [85.4068795500319, 21.614110370260388], [85.40697613294765, 21.6141112954892], [85.40697217524, 21.614472554687506], [85.40716534155658, 21.61447440501936], [85.40717226663317, 21.613842201354952], [85.40726884937824, 21.6138431264041], [85.40726786015344, 21.61393344121715], [85.40765419142116, 21.61393714087475], [85.40765518040341, 21.61384682604373], [85.40775176317543, 21.6138477508144], [85.40775077425606, 21.613938065654402], [85.40784735709096, 21.61393899037117], [85.40784636821651, 21.614029305211172], [85.40765320243892, 21.614027455705767], [85.40765221343871, 21.614117770545768], [85.407555630496, 21.614116845703233], [85.4075546414419, 21.614207160525268], [85.4074580584453, 21.614206235628835], [85.40745706931934, 21.61429655045087], [85.40736048626884, 21.614295625491554], [85.40735850788214, 21.61447625512664], [85.40755167423465, 21.614478105000355], [85.40755365237881, 21.614297475356285], [85.40765023543828, 21.61429840019882], [85.40764924643807, 21.61438871502984], [85.4080355789814, 21.614392413878953], [85.40803261264551, 21.614663358407938], [85.40783944599656, 21.614661509073215], [85.40783845709515, 21.614751823904232], [85.40754870698248, 21.61474904946646], [85.40754771789244, 21.614839364288496], [85.40745113447365, 21.614838439356127], [85.40744915614982, 21.61501906898223], [85.40735257261424, 21.615018143986983], [85.40735158338946, 21.615108458800037], [85.40725499979997, 21.615107533741906], [85.40725302120666, 21.615288163350044], [85.40715643750039, 21.61528723822903], [85.40715841621947, 21.615106608629876], [85.40686866550493, 21.615103832970394], [85.40686767596573, 21.615194147756498], [85.4067710923493, 21.61519322241989], [85.40677010274722, 21.61528353719701], [85.40667351906791, 21.615282611797518], [85.40667153973797, 21.615463241342773], [85.40657495594188, 21.615462315880404], [85.40657396621403, 21.615552630648537], [85.40638079852303, 21.615550779553114], [85.40637980866043, 21.615641094312267], [85.40609005699368, 21.615638317224466], [85.40608906695142, 21.615728631965652], [85.40589589907177, 21.615726780286323], [85.40589391872675, 21.61590740975971], [85.40599050278335, 21.61590833563531], [85.40598852253713, 21.6160889651087], [85.40589193836375, 21.61608803922412], [85.40589094816877, 21.61617835395632], [85.4056977797232, 21.616176502007498], [85.40569976033771, 21.615995872561058], [85.40541000805112, 21.615993094251547]], [[85.40492906923602, 21.615807833217268], [85.40493006000591, 21.61571751852998], [85.40483347612897, 21.615716592043526], [85.40483248530518, 21.615806906730814], [85.40492906923602, 21.615807833217268]]]]}, "id": "+215+495", "properties": {"annual_rainfall": 1389.0618859946728, "area_ha": 5.034022818868948, "aspect": 177.4970206902617, "canopy_height": 13.764246569400056, "canopy_height_max": 14.84151278973929, "canopy_height_std": 1.0487958728284146, "centroid_lat": 21.61497960327989, "centroid_lon": 85.4059029370103, "cluster_id": 3, "distance_to_water": 463409.50001051987, "elevation": 542.295314458264, "n_pixels": 503, "ndvi_amplitude_annual": 0.14848304604419765, "ndvi_mean": 0.46284295190934116, "ndvi_phase_annual": -2.1180803193890556, "ndvi_residual_variance": 0.005235413869230123, "ndvi_trend": -0.00010690680480154673, "perim_m": 2100.1327305619097, "slope": 3.574409451704399, "stand_id": 7, "stand_lbl": 98, "vh_iqr": 2.119956280632802, "vh_p10": -18.50741779620731, "vh_p50": -17.44743965589087, "vh_p90": -16.38746151557448, "vv_iqr": 1.9997889652906249, "vv_minus_vh_median": 7.1554895471326185, "vv_p10": -11.291844591403601, "vv_p50": -10.29195010875829, "vv_p90": -9.292055626112957}}, {"type": "Feature", "geometry": {"type": "MultiPolygon", "coordinates": [[[[85.40418117753792, 21.613542552948708], [85.40562991413249, 21.613556448691394], [85.40562793367965, 21.61373707818275], [85.405724516281, 21.613738004121227], [85.40572352610398, 21.6138283188714], [85.40562694343977, 21.613827392923938], [85.40562595319989, 21.613917707674105], [85.40552937048177, 21.61391678166376], [85.405528380179, 21.614007096404947], [85.40543179740699, 21.614006170340705], [85.40543080704134, 21.61409648507291], [85.40552738986725, 21.614097411146133], [85.4055263995555, 21.614187725878338], [85.40523665089809, 21.614184947487978], [85.4052356603977, 21.614275262211198], [85.4048493286898, 21.614271556876247], [85.40484833793788, 21.6143618715815], [85.40465517199858, 21.614360018572665], [85.4046521993745, 21.61463096266148], [85.4045556162252, 21.614630036058244], [85.40455363432608, 21.61481066543282], [85.40445705106897, 21.614809738766706], [85.40445606005653, 21.61490005344501], [85.40426289343453, 21.6148981999421], [85.40426190228735, 21.614988514611422], [85.4040687355755, 21.61498666087495], [85.40407071809446, 21.614806031545292], [85.40397413485532, 21.614805104591717], [85.40397611747308, 21.61462447527104], [85.4038795343687, 21.61462354827255], [85.40388250843907, 21.614352604291536], [85.4039790913638, 21.614353531272062], [85.40398305647356, 21.61399227260376], [85.40417622186487, 21.613994126358197], [85.40417721301206, 21.61390381167989], [85.40427379564933, 21.61390473847177], [85.40427478673364, 21.613814423784483], [85.404371369317, 21.61381535052246], [85.40437236033843, 21.613725035826192], [85.40427577780895, 21.61372410910618], [85.40427676887529, 21.61363379441889], [85.40418018640871, 21.613632867635996], [85.40418117753792, 21.613542552948708]]], [[[85.40418117753792, 21.613542552948708], [85.40398801274848, 21.613540699239188], [85.40398999521354, 21.613360069882578], [85.40389341295356, 21.61335914294697], [85.40389440423549, 21.613268828268666], [85.40408756865662, 21.613270682077], [85.40408855982177, 21.613180367389713], [85.40437830631424, 21.613183147666533], [85.40437731532874, 21.613273462362805], [85.40418415088067, 21.61327160889583], [85.40418117753792, 21.613542552948708]]]]}, "id": "+204+480", "properties": {"annual_rainfall": 1389.0618859946728, "area_ha": 1.7649147426792373, "aspect": 242.90581132712725, "canopy_height": 5.544284742127734, "canopy_height_max": 8.458787866289983, "canopy_height_std": 2.072888064814438, "centroid_lat": 21.614065840255506, "centroid_lon": 85.40464358142981, "distance_to_water": 463409.50001051987, "elevation": 541.3034428894097, "n_pixels": 176, "ndvi_amplitude_annual": 0.11420248971044099, "ndvi_mean": 0.364801135305375, "ndvi_phase_annual": -1.2508422614052703, "ndvi_residual_variance": 0.0038507388707518793, "ndvi_trend": 0.0008677319607220676, "perim_m": 940.0589332504838, "slope": 3.7755894707956, "stand_id": 8, "stand_lbl": 90, "vh_iqr": 2.6259548996333906, "vh_p10": -21.502563947271415, "vh_p50": -20.18958649745471, "vh_p90": -18.87660904763803, "vv_iqr": 2.109739840039271, "vv_minus_vh_median": 8.127584572215643, "vv_p10": -13.1168718452587, "vv_p50": -12.062001925239066, "vv_p90": -11.007132005219434}}, {"type": "Feature", "geometry": {"type": "MultiPolygon", "coordinates": [[[[85.40776659639096, 21.61249302812455], [85.40767001452625, 21.612492103416763], [85.40767100341866, 21.61240178856778], [85.40776758522946, 21.612402713266583], [85.40776659639096, 21.61249302812455]]], [[[85.40841400319714, 21.61511863068451], [85.40841301461913, 21.615208945542477], [85.40831643091286, 21.6152080210952], [85.40831741954477, 21.615117706246217], [85.40841400319714, 21.61511863068451]]], [[[85.40776560755243, 21.612583342973537], [85.40776659639096, 21.61249302812455], [85.40795976014734, 21.612494877369446], [85.4079587714256, 21.612585192227414], [85.40824851728026, 21.61258796568602], [85.40825148289748, 21.61231702105822], [85.40834806468136, 21.612317945424646], [85.40834707620216, 21.612408260300583], [85.40863682176038, 21.612411033067488], [85.40863583346085, 21.612501347961388], [85.40873241537948, 21.612502272103235], [85.40873340362509, 21.612411957209336], [85.40882998548982, 21.612412881297285], [85.40883097366357, 21.6123225663944], [85.4090241372942, 21.612324414381654], [85.40902314923721, 21.612414729293523], [85.40911973111989, 21.612415653210792], [85.4091226950932, 21.612144708466207], [85.4092192768052, 21.612145632311613], [85.40921828888297, 21.612235947232463], [85.40931487064887, 21.61223687103295], [85.40931190702591, 21.612507815804484], [85.40940848898045, 21.612508739560056], [85.40940651332463, 21.612689369401757], [85.40950309540494, 21.61269029311241], [85.40950013206044, 21.612961237892925], [85.40959671432941, 21.61296216155867], [85.40959473886222, 21.613142791409352], [85.40969132125696, 21.613143715030176], [85.40968835819093, 21.613414659819675], [85.40978494076532, 21.6134155833866], [85.4097829654868, 21.61359621325525], [85.40987954818694, 21.613597136777262], [85.40987658540838, 21.613868081575742], [85.40997316829718, 21.613869005052837], [85.40997119319832, 21.614049634921486], [85.40987461019274, 21.614048711435405], [85.40987362257593, 21.61413902636524], [85.40958387340649, 21.614136255547677], [85.40958288561002, 21.614226570459543], [85.4096794687234, 21.614227494125284], [85.40967749322927, 21.614408123966985], [85.40948432676896, 21.61440627656364], [85.4094853146373, 21.61431596165177], [85.40938873147003, 21.614315037869247], [85.4093877435478, 21.61440535277213], [85.40919457711443, 21.614403505036407], [85.40919260100047, 21.614584134824206], [85.4090960176715, 21.614583210862023], [85.40909502955164, 21.614673525746937], [85.40899844616877, 21.61467260172187], [85.40899745797704, 21.614762916606786], [85.40890087454028, 21.61476199252782], [85.40890186279488, 21.614671677642903], [85.408805279421, 21.614670753510037], [85.40880725602904, 21.61449012375817], [85.40871067278091, 21.614489199571405], [85.4087077076847, 21.614760144190225], [85.4086111242659, 21.614759219940577], [85.40860914739736, 21.614939849665497], [85.40851256386178, 21.614938925352966], [85.40851058684052, 21.6151195550689], [85.40841400319714, 21.61511863068451], [85.4084159803262, 21.614938000977556], [85.40812622977334, 21.614935227527933], [85.40812721851304, 21.614844912678947], [85.40803063505831, 21.61484398808794], [85.4080355789814, 21.614392413878953], [85.40764924643807, 21.61438871502984], [85.40765023543828, 21.61429840019882], [85.40755365237881, 21.614297475356285], [85.40755167423465, 21.614478105000355], [85.40735850788214, 21.61447625512664], [85.40736048626884, 21.614295625491554], [85.40745706931934, 21.61429655045087], [85.4074580584453, 21.614206235628835], [85.4075546414419, 21.614207160525268], [85.407555630496, 21.614116845703233], [85.40765221343871, 21.614117770545768], [85.40765320243892, 21.614027455705767], [85.40784636821651, 21.614029305211172], [85.40784735709096, 21.61393899037117], [85.40775077425606, 21.613938065654402], [85.40775176317543, 21.6138477508144], [85.40765518040341, 21.61384682604373], [85.40765419142116, 21.61393714087475], [85.40726786015344, 21.61393344121715], [85.40726884937824, 21.6138431264041], [85.40717226663317, 21.613842201354952], [85.40716534155658, 21.61447440501936], [85.40697217524, 21.614472554687506], [85.40697613294765, 21.6141112954892], [85.4068795500319, 21.614110370260388], [85.40687856055558, 21.614200685055476], [85.40678197759492, 21.614199759763782], [85.40678098805571, 21.61429007455887], [85.40649123902102, 21.614287298333448], [85.40649024929319, 21.61437761311057], [85.40620050012373, 21.61437483637311], [85.40619951020724, 21.614465151141246], [85.40600634399846, 21.614463299686495], [85.40600733403174, 21.614372984936324], [85.40591075099921, 21.61437205913259], [85.40591273116458, 21.614191429623272], [85.40600931408032, 21.61419235541802], [85.40601030409563, 21.614102040658867], [85.40610688695747, 21.614102966399717], [85.40610985679679, 21.613832022104294], [85.40668935299767, 21.6138375752648], [85.40669034257282, 21.613747260469715], [85.40659375991758, 21.61374633508819], [85.4065947495556, 21.613656020302088], [85.4062084192311, 21.61365231822802], [85.40621039895629, 21.61347168868277], [85.40611381650767, 21.61347076303175], [85.40612272556747, 21.612657930055644], [85.40602614365784, 21.61265700438666], [85.4060271335923, 21.61256668960954], [85.40593055175454, 21.61256576389564], [85.40592857176884, 21.612746393431912], [85.40573540786872, 21.61274454180648], [85.40573738809697, 21.612563912288177], [85.40583396991677, 21.612564838118857], [85.40583595000129, 21.612384208582586], [85.40564278659525, 21.612382356876306], [85.40564377674531, 21.612292042117154], [85.40574035838544, 21.61229296799275], [85.40574233855979, 21.61211233845648], [85.40583892008314, 21.612113264269194], [85.40583991010743, 21.612022949492076], [85.40574332863798, 21.612022023688343], [85.40574431870718, 21.611931708911225], [85.40593748152932, 21.611933560464788], [85.40593550161549, 21.612114190019028], [85.4060320831568, 21.61211511571496], [85.4060310932493, 21.612205430501064], [85.4061276748535, 21.612206356143098], [85.40612668500887, 21.6122966709292], [85.40622326667595, 21.61229759652632], [85.40622227688523, 21.61238791131242], [85.40651202210208, 21.612390687771402], [85.406510042853, 21.61257131737056], [85.40689637035678, 21.612575018564275], [85.40689735974327, 21.612484703751225], [85.40680077792346, 21.61248377854038], [85.40680275679526, 21.612303148914275], [85.40689933849828, 21.61230407411614], [85.40690626397013, 21.611671870370877], [85.40700284525991, 21.611672795482907], [85.40700185598122, 21.611763110313923], [85.4070984373339, 21.611764035372055], [85.4070974481181, 21.611854350212056], [85.40719402953366, 21.61185527522527], [85.40719501869556, 21.61176496038527], [85.4072916000662, 21.6117658853356], [85.40729258916524, 21.6116755704956], [85.40748575178974, 21.611677420225583], [85.40748377382525, 21.61185804992355], [85.40758035526775, 21.611858974712188], [85.4075793663394, 21.611949289561174], [85.40777252935916, 21.61195113898573], [85.40777055171807, 21.612131768701666], [85.40767397008692, 21.612130844011844], [85.40767199232005, 21.612311473718794], [85.40738224709422, 21.612308699281023], [85.40738026894108, 21.612489328961026], [85.40747685079681, 21.612490253839493], [85.40747487274248, 21.612670883519495], [85.40757145472398, 21.612671808344064], [85.40757244368827, 21.612581493495078], [85.40776560755243, 21.612583342973537]], [[85.40776560755243, 21.612583342973537], [85.40776461869596, 21.612673657831504], [85.40786120069542, 21.61267458248539], [85.40786218948004, 21.612584267627422], [85.40776560755243, 21.612583342973537]]], [[[85.4093877435478, 21.61440535277213], [85.40948432676896, 21.61440627656364], [85.40948333889165, 21.61449659146652], [85.40938675560758, 21.614495667675016], [85.4093877435478, 21.61440535277213]]]]}, "id": "+247+482", "properties": {"annual_rainfall": 1389.0618859946728, "area_ha": 9.005101887951012, "aspect": 145.93759446505507, "canopy_height": 12.972602350918597, "canopy_height_max": 14.009350152254209, "canopy_height_std": 0.9426576560038362, "centroid_lat": 21.613377204343664, "centroid_lon": 85.40788674636367, "cluster_id": 3, "distance_to_water": 463409.50001051987, "elevation": 552.0806196099356, "n_pixels": 901, "ndvi_amplitude_annual": 0.17734989070070203, "ndvi_mean": 0.5721431392818271, "ndvi_phase_annual": -2.651685483271339, "ndvi_residual_variance": 0.00801285257419312, "ndvi_trend": -0.016591772324768567, "perim_m": 3020.192627494899, "slope": 4.197331943131028, "stand_id": 9, "stand_lbl": 103, "vh_iqr": 2.264701985654312, "vh_p10": -18.171975365173914, "vh_p50": -17.03962437234678, "vh_p90": -15.9072733795196, "vv_iqr": 2.255500231852579, "vv_minus_vh_median": 6.763225391295061, "vv_p10": -11.404149096977978, "vv_p50": -10.276398981051695, "vv_p90": -9.148648865125407}}, {"type": "Feature", "geometry": {"type": "MultiPolygon", "coordinates": [[[[85.40408855982177, 21.613180367389713], [85.40408955097794, 21.61309005271141], [85.40447587940699, 21.613093759609427], [85.40448182480789, 21.612551871377907], [85.40457840657378, 21.61255279793622], [85.40458038821238, 21.612372168507747], [85.40467696985252, 21.612373095003182], [85.40467796060445, 21.612282780288947], [85.40487112379489, 21.612284633100153], [85.40487211442105, 21.612194318367948], [85.40496869596237, 21.612195244692703], [85.40496968652566, 21.6121049299605], [85.4051628495005, 21.612106782421364], [85.40516383993801, 21.612016467671193], [85.40526042137154, 21.612017393816284], [85.40526339247748, 21.611746449565775], [85.40545655500317, 21.61174830165833], [85.40545556476329, 21.611838616417483], [85.40555214609799, 21.611839542382913], [85.40554719510517, 21.61229111618766], [85.40564377674531, 21.612292042117154], [85.40564278659525, 21.612382356876306], [85.40583595000129, 21.612384208582586], [85.40583396991677, 21.612564838118857], [85.40573738809697, 21.612563912288177], [85.40573540786872, 21.61274454180648], [85.40592857176884, 21.612746393431912], [85.40593055175454, 21.61256576389564], [85.4060271335923, 21.61256668960954], [85.40602614365784, 21.61265700438666], [85.40612272556747, 21.612657930055644], [85.40611381650767, 21.61347076303175], [85.40621039895629, 21.61347168868277], [85.4062084192311, 21.61365231822802], [85.4065947495556, 21.613656020302088], [85.40659375991758, 21.61374633508819], [85.40669034257282, 21.613747260469715], [85.40668935299767, 21.6138375752648], [85.40610985679679, 21.613832022104294], [85.40610688695747, 21.614102966399717], [85.40601030409563, 21.614102040658867], [85.40600931408032, 21.61419235541802], [85.40571956535105, 21.614189577863094], [85.40571857514709, 21.61427989260428], [85.40542882628309, 21.614277114537316], [85.40542981665772, 21.61418679980511], [85.4055263995555, 21.614187725878338], [85.40552738986725, 21.614097411146133], [85.40543080704134, 21.61409648507291], [85.40543179740699, 21.614006170340705], [85.405528380179, 21.614007096404947], [85.40552937048177, 21.61391678166376], [85.40562595319989, 21.613917707674105], [85.40562694343977, 21.613827392923938], [85.40572352610398, 21.6138283188714], [85.405724516281, 21.613738004121227], [85.40562793367965, 21.61373707818275], [85.40562991413249, 21.613556448691394], [85.40427775994164, 21.61354347972262], [85.40428073310471, 21.61327253566076], [85.40437731532874, 21.613273462362805], [85.40437830631424, 21.613183147666533], [85.40408855982177, 21.613180367389713]]], [[[85.40408855982177, 21.613180367389713], [85.40408756865662, 21.613270682077], [85.40389440423549, 21.613268828268666], [85.40389539551742, 21.613178513599344], [85.40408855982177, 21.613180367389713]]]]}, "id": "+219+472", "properties": {"annual_rainfall": 1389.0618859946728, "area_ha": 3.0986309739349105, "aspect": 297.82751530390436, "canopy_height": 7.488855467694368, "canopy_height_max": 9.961425936152464, "canopy_height_std": 1.8996494018445418, "centroid_lat": 21.613059857844753, "centroid_lon": 85.405345113004, "distance_to_water": 463409.50001051987, "elevation": 548.1515115910181, "n_pixels": 310, "ndvi_amplitude_annual": 0.15732974052945442, "ndvi_mean": 0.4186958655496026, "ndvi_phase_annual": -2.697414860624455, "ndvi_residual_variance": 0.006573876557742169, "ndvi_trend": -0.001053785211453826, "perim_m": 1320.0830813242733, "slope": 3.3581877357271286, "stand_id": 10, "stand_lbl": 94, "vh_iqr": 2.3482918129073598, "vh_p10": -20.528912527167147, "vh_p50": -19.35476662071349, "vh_p90": -18.1806207142598, "vv_iqr": 2.190974794601873, "vv_minus_vh_median": 7.560336090587783, "vv_p10": -12.889917927426623, "vv_p50": -11.794430530125682, "vv_p90": -10.69894313282476}}, {"type": "Feature", "geometry": {"type": "MultiPolygon", "coordinates": [[[[85.40418117753792, 21.613542552948708], [85.40418415088067, 21.61327160889583], [85.40428073310471, 21.61327253566076], [85.40427775994164, 21.61354347972262], [85.40418117753792, 21.613542552948708]]], [[[85.40418117753792, 21.613542552948708], [85.40418018640871, 21.613632867635996], [85.40427676887529, 21.61363379441889], [85.40427577780895, 21.61372410910618], [85.40437236033843, 21.613725035826192], [85.404371369317, 21.61381535052246], [85.40427478673364, 21.613814423784483], [85.40427379564933, 21.61390473847177], [85.40417721301206, 21.61390381167989], [85.40417622186487, 21.613994126358197], [85.40398305647356, 21.61399227260376], [85.4039790913638, 21.614353531272062], [85.40388250843907, 21.614352604291536], [85.40388151708527, 21.614442918951873], [85.40378493410665, 21.61444199191745], [85.40378691692204, 21.614261362596775], [85.4036903340602, 21.614260435508452], [85.4036923169744, 21.61407980619676], [85.4035957342473, 21.61407887906352], [85.40359870875785, 21.61380793510047], [85.40350212621043, 21.61380700792232], [85.40350410931327, 21.613626378610626], [85.40340752689161, 21.613625451387556], [85.40340951009328, 21.613444822084844], [85.40331292779737, 21.613443894807876], [85.40331491109785, 21.61326326551415], [85.40321832892771, 21.613262338192264], [85.40322031232701, 21.613081708898537], [85.40312373028263, 21.61308078153174], [85.40312571378074, 21.612900152246993], [85.40302913185315, 21.612899224826297], [85.40303111545008, 21.61271859554155], [85.40293453365723, 21.612717668075938], [85.40293651735297, 21.612537038800177], [85.40283993568588, 21.612536111289646], [85.40284191948044, 21.612355482013886], [85.40274533793013, 21.612354554458438], [85.40274732183249, 21.612173925182677], [85.40284390325704, 21.612174852738125], [85.40284588700668, 21.61199422345338], [85.40294246832342, 21.611995150936963], [85.40294346013536, 21.611904836294592], [85.40323320392389, 21.611907618403976], [85.40323419554718, 21.61181730374364], [85.40333077675612, 21.61181823100264], [85.40333176831653, 21.61172791633332], [85.40342834948056, 21.611728843529438], [85.40342636647652, 21.61190947286808], [85.40332978519571, 21.611908545662978], [85.40332879362632, 21.6119988603323], [85.40342537496103, 21.611999787537403], [85.40342240040556, 21.612270731536384], [85.40361556345228, 21.61227258580286], [85.40361159777657, 21.612633844489128], [85.40370817955146, 21.612634771559485], [85.4037071881797, 21.612725086228807], [85.40380377001746, 21.61272601324526], [85.40380178737274, 21.61290664259289], [85.40389836933628, 21.61290756956443], [85.40389936060024, 21.612817254886124], [85.40399594250987, 21.612818181794786], [85.40399396009872, 21.612998811160377], [85.40409054213411, 21.612999738024122], [85.40408855982177, 21.613180367389713], [85.40389539551742, 21.613178513599344], [85.40389341295356, 21.61335914294697], [85.40398999521354, 21.613360069882578], [85.40398801274848, 21.613540699239188], [85.40418117753792, 21.613542552948708]]]]}, "id": "+200+474", "properties": {"annual_rainfall": 1389.0618859946728, "area_ha": 1.9153320967417908, "aspect": 237.0156685671479, "canopy_height": 3.7310970842312017, "canopy_height_max": 6.2776940826484084, "canopy_height_std": 1.683050123774373, "centroid_lat": 21.613040066015518, "centroid_lon": 85.4035376023265, "distance_to_water": 463409.50001051987, "elevation": 541.2104956510881, "n_pixels": 192, "ndvi_amplitude_annual": 0.08518763063343486, "ndvi_mean": 0.3502722271473637, "ndvi_phase_annual": -0.41894210207460697, "ndvi_residual_variance": 0.0022975667540845383, "ndvi_trend": -0.003753192974656929, "perim_m": 1100.0681230358152, "slope": 2.546173373839944, "stand_id": 11, "stand_lbl": 88, "vh_iqr": 2.01421447745795, "vh_p10": -19.11138920172715, "vh_p50": -18.10428196299818, "vh_p90": -17.097174724269188, "vv_iqr": 2.259677735638653, "vv_minus_vh_median": 7.647869965557167, "vv_p10": -11.586250865260324, "vv_p50": -10.456411997440997, "vv_p90": -9.326573129621677}}, {"type": "Feature", "geometry": {"type": "MultiPolygon", "coordinates": [[[[85.40286770695018, 21.610007301078657], [85.4026745469757, 21.61000544612048], [85.40267553885053, 21.609915131469123], [85.40257895893515, 21.609914203913675], [85.40257995086387, 21.609823889253338], [85.40286969045728, 21.609826671748998], [85.40286770695018, 21.610007301078657]]], [[[85.40585376980971, 21.61075854255851], [85.40585475974417, 21.610668227763426], [85.4059513403243, 21.610669153450374], [85.40595035044373, 21.610759468245462], [85.40585376980971, 21.61075854255851]]], [[[85.40776560755243, 21.612583342973537], [85.40786218948004, 21.612584267627422], [85.40786120069542, 21.61267458248539], [85.40776461869596, 21.612673657831504], [85.40776560755243, 21.612583342973537]]], [[[85.40286770695018, 21.610007301078657], [85.4029642869464, 21.610008228472406], [85.40296924537726, 21.60955665511682], [85.40306582507705, 21.60955758242972], [85.40306483346274, 21.609647897108022], [85.40316141322539, 21.60964882437601], [85.40316042166498, 21.609739139054312], [85.40325700149053, 21.6097400662684], [85.403256009984, 21.609830380946704], [85.4034491697878, 21.609832235213183], [85.40344718699936, 21.61001286459674], [85.40373692708684, 21.610015645601198], [85.40373494463975, 21.61019627500272], [85.40392810496456, 21.610198128748177], [85.40392711385331, 21.610288443453427], [85.40412027432185, 21.610290296974306], [85.40411928331841, 21.610380611697526], [85.40421586362005, 21.61038153837262], [85.40421487267947, 21.61047185309584], [85.40440803341752, 21.610473706302308], [85.40440506091919, 21.61074465048095], [85.40450164147236, 21.610745577012317], [85.40450263225125, 21.610655262280115], [85.40459921275053, 21.6106561887486], [85.40460020346652, 21.610565874016395], [85.40469678391189, 21.610566800422], [85.40469777456501, 21.610476485680813], [85.40489093535695, 21.61047833833032], [85.40488994482061, 21.61056865308049], [85.40498652528396, 21.610569579315413], [85.4049855348105, 21.61065989407457], [85.40508211533674, 21.610660820264574], [85.40508310575629, 21.61057050550542], [85.40546942768152, 21.61057420969053], [85.40546843750452, 21.610664524458667], [85.40566159861088, 21.610666376227826], [85.40566060855065, 21.610756691004944], [85.40585376980971, 21.61075854255851], [85.40585277986627, 21.610848857344614], [85.40575619916936, 21.61084793159478], [85.40575520916303, 21.610938246371898], [85.40565862842122, 21.610937320568166], [85.40565565817766, 21.61120826489054], [85.40584882002962, 21.611210116489023], [85.40584980999103, 21.61111980170292], [85.40604297174416, 21.611121653058856], [85.40604198189953, 21.61121196785394], [85.4062351437964, 21.61121381899428], [85.40623415405958, 21.61130413379835], [85.40633073507986, 21.61130505928767], [85.40632974539693, 21.61139537409174], [85.4065229075633, 21.611397224908686], [85.40652389712046, 21.611306910104616], [85.40662047814975, 21.611307835423258], [85.40662344661465, 21.611036890975118], [85.40681660832286, 21.611038741423755], [85.40681364022628, 21.611309685907827], [85.40739312657266, 21.611315235996095], [85.40739213755448, 21.61140555084508], [85.40748871869155, 21.61140647566965], [85.40749069660215, 21.611225845962696], [85.40758727762244, 21.6112267707154], [85.40758826651486, 21.611136455857434], [85.40768484748126, 21.611137380556237], [85.40768089213618, 21.611498640006072], [85.40777747334513, 21.611499564668943], [85.40777450696433, 21.61177050926081], [85.40806425117508, 21.611773282944], [85.40806523978901, 21.611682968068067], [85.40825840250335, 21.611684816899736], [85.40825642550004, 21.611865446660584], [85.40854616996232, 21.611868219517323], [85.4085441932914, 21.612048849305122], [85.40844761167821, 21.61204792506446], [85.40844464646523, 21.612318869728192], [85.40854122825807, 21.61231979397784], [85.40854023990465, 21.61241010887174], [85.40834707620216, 21.612408260300583], [85.40834806468136, 21.612317945424646], [85.40825148289748, 21.61231702105822], [85.40824851728026, 21.61258796568602], [85.4079587714256, 21.612585192227414], [85.40795976014734, 21.612494877369446], [85.40776659639096, 21.61249302812455], [85.40776560755243, 21.612583342973537], [85.40757244368827, 21.612581493495078], [85.40757145472398, 21.612671808344064], [85.40747487274248, 21.612670883519495], [85.40747685079681, 21.612490253839493], [85.40738026894108, 21.612489328961026], [85.40738224709422, 21.612308699281023], [85.40767199232005, 21.612311473718794], [85.40767397008692, 21.612130844011844], [85.40777055171807, 21.612131768701666], [85.40777252935916, 21.61195113898573], [85.4075793663394, 21.611949289561174], [85.40758035526775, 21.611858974712188], [85.40748377382525, 21.61185804992355], [85.40748575178974, 21.611677420225583], [85.40729258916524, 21.6116755704956], [85.4072916000662, 21.6117658853356], [85.40719501869556, 21.61176496038527], [85.40719402953366, 21.61185527522527], [85.4070974481181, 21.611854350212056], [85.4070984373339, 21.611764035372055], [85.40700185598122, 21.611763110313923], [85.40700284525991, 21.611672795482907], [85.40690626397013, 21.611671870370877], [85.40689933849828, 21.61230407411614], [85.40680275679526, 21.612303148914275], [85.40680077792346, 21.61248377854038], [85.40689735974327, 21.612484703751225], [85.40689637035678, 21.612575018564275], [85.406510042853, 21.61257131737056], [85.40651202210208, 21.612390687771402], [85.40622227688523, 21.61238791131242], [85.40622326667595, 21.61229759652632], [85.40612668500887, 21.6122966709292], [85.4061276748535, 21.612206356143098], [85.4060310932493, 21.612205430501064], [85.4060320831568, 21.61211511571496], [85.40593550161549, 21.612114190019028], [85.40593748152932, 21.611933560464788], [85.40574431870718, 21.611931708911225], [85.40574530877639, 21.611841394143088], [85.4056487274327, 21.611840468294442], [85.4056497175558, 21.611750153526305], [85.40555313627499, 21.611749227614776], [85.405555116629, 21.611568598087487], [85.40545853547395, 21.61156767213104], [85.40545952569587, 21.61147735737189], [85.40536294461269, 21.611476431370527], [85.40536393488851, 21.611386116611374], [85.40526735386821, 21.611385190556113], [85.40526834420692, 21.61129487579696], [85.40507518229208, 21.611293023524745], [85.40507617274757, 21.611202708774577], [85.40468984923231, 21.61119900357437], [85.40469083991238, 21.61110868884217], [85.40449767830296, 21.611106835914182], [85.40449668750612, 21.611197150637402], [85.4043035257979, 21.611195297475852], [85.4043045167205, 21.611104982761617], [85.40401477437827, 21.61110220261954], [85.40401873874242, 21.610740943789544], [85.4039221582162, 21.610740016979697], [85.4039231493544, 21.610649702274443], [85.40401972981775, 21.61065062908429], [85.40402270302575, 21.610379684959543], [85.40363638189102, 21.610375977441688], [85.40363737319092, 21.610285662745415], [85.4028647316491, 21.610278245068656], [85.40286770695018, 21.610007301078657]], [[85.40776659639096, 21.61249302812455], [85.40776758522946, 21.612402713266583], [85.40767100341866, 21.61240178856778], [85.40767001452625, 21.612492103416763], [85.40776659639096, 21.61249302812455]]]]}, "id": "+241+454", "properties": {"annual_rainfall": 1389.0618859946728, "area_ha": 4.673019839607192, "aspect": 265.2635099358374, "canopy_height": 15.225051392263119, "canopy_height_max": 16.103750077867062, "canopy_height_std": 0.7945089678525608, "centroid_lat": 21.611361703092122, "centroid_lon": 85.40593090050606, "cluster_id": 3, "distance_to_water": 463409.50001051987, "elevation": 559.2087927490193, "n_pixels": 467, "ndvi_amplitude_annual": 0.18089595046701312, "ndvi_mean": 0.6565404733472553, "ndvi_phase_annual": -1.5667918926078763, "ndvi_residual_variance": 0.008627508924165623, "ndvi_trend": -0.008743828897280145, "perim_m": 2820.17804339913, "slope": 6.072307356880332, "stand_id": 12, "stand_lbl": 99, "vh_iqr": 1.9239780997443203, "vh_p10": -16.789045052222537, "vh_p50": -15.827056002350368, "vh_p90": -14.865066952478227, "vv_iqr": 1.903805909506098, "vv_minus_vh_median": 7.1285058777039145, "vv_p10": -9.650453079399519, "vv_p50": -8.698550124646484, "vv_p90": -7.746647169893429}}, {"type": "Feature", "geometry": {"type": "Polygon", "coordinates": [[[85.40161415256355, 21.6098146106446], [85.4016171301194, 21.609543666807316], [85.40171370974731, 21.609544594910734], [85.40171470219705, 21.60945428028633], [85.40181128177106, 21.609455208326867], [85.4018142589047, 21.60918426445365], [85.4021039971147, 21.609187048197967], [85.40210300491648, 21.60927736284034], [85.40229616387586, 21.609279218400392], [85.40229021132437, 21.609821106263606], [85.40257995086387, 21.609823889253338], [85.40257895893515, 21.609914203913675], [85.40267553885053, 21.609915131469123], [85.4026745469757, 21.61000544612048], [85.40286770695018, 21.610007301078657], [85.4028647316491, 21.610278245068656], [85.40363737319092, 21.610285662745415], [85.40363638189102, 21.610375977441688], [85.40402270302575, 21.610379684959543], [85.40401972981775, 21.61065062908429], [85.4039231493544, 21.610649702274443], [85.4039221582162, 21.610740016979697], [85.40401873874242, 21.610740943789544], [85.40401477437827, 21.61110220261954], [85.4043045167205, 21.611104982761617], [85.4043035257979, 21.611195297475852], [85.40449668750612, 21.611197150637402], [85.40449767830296, 21.611106835914182], [85.40469083991238, 21.61110868884217], [85.40468984923231, 21.61119900357437], [85.40507617274757, 21.611202708774577], [85.40507518229208, 21.611293023524745], [85.40526834420692, 21.61129487579696], [85.40526735386821, 21.611385190556113], [85.40536393488851, 21.611386116611374], [85.40536294461269, 21.611476431370527], [85.40545952569587, 21.61147735737189], [85.40545853547395, 21.61156767213104], [85.405555116629, 21.611568598087487], [85.40555313627499, 21.611749227614776], [85.4056497175558, 21.611750153526305], [85.4056487274327, 21.611840468294442], [85.40574530877639, 21.611841394143088], [85.40574332863798, 21.612022023688343], [85.40583991010743, 21.612022949492076], [85.40583892008314, 21.612113264269194], [85.40574233855979, 21.61211233845648], [85.40574035838544, 21.61229296799275], [85.40554719510517, 21.61229111618766], [85.40555214609799, 21.611839542382913], [85.40545556476329, 21.611838616417483], [85.40545655500317, 21.61174830165833], [85.40526339247748, 21.611746449565775], [85.40526042137154, 21.612017393816284], [85.40516383993801, 21.612016467671193], [85.4051628495005, 21.612106782421364], [85.40496968652566, 21.6121049299605], [85.40496869596237, 21.612195244692703], [85.40487211442105, 21.612194318367948], [85.40487112379489, 21.612284633100153], [85.40467796060445, 21.612282780288947], [85.40467696985252, 21.612373095003182], [85.40458038821238, 21.612372168507747], [85.40457840657378, 21.61255279793622], [85.40448182480789, 21.612551871377907], [85.40447587940699, 21.613093759609427], [85.40408955097794, 21.61309005271141], [85.40409054213411, 21.612999738024122], [85.40399396009872, 21.612998811160377], [85.40399594250987, 21.612818181794786], [85.40389936060024, 21.612817254886124], [85.40389836933628, 21.61290756956443], [85.40380178737274, 21.61290664259289], [85.40380377001746, 21.61272601324526], [85.4037071881797, 21.612725086228807], [85.40370817955146, 21.612634771559485], [85.40361159777657, 21.612633844489128], [85.40361556345228, 21.61227258580286], [85.40342240040556, 21.612270731536384], [85.40342537496103, 21.611999787537403], [85.40332879362632, 21.6119988603323], [85.40332978519571, 21.611908545662978], [85.40342636647652, 21.61190947286808], [85.40342834948056, 21.611728843529438], [85.40333176831653, 21.61172791633332], [85.40333077675612, 21.61181823100264], [85.40323419554718, 21.61181730374364], [85.40323320392389, 21.611907618403976], [85.40294346013536, 21.611904836294592], [85.40294246832342, 21.611995150936963], [85.40284588700668, 21.61199422345338], [85.40284390325704, 21.612174852738125], [85.40265074040795, 21.61217299757333], [85.40265371639174, 21.61190205368215], [85.40255713515585, 21.611901126027888], [85.40255911923786, 21.611720496761112], [85.40246253812774, 21.611719569061933], [85.40246452230856, 21.61153893980414], [85.4023679413242, 21.61153801206005], [85.40236992560385, 21.611357382811235], [85.40227334474524, 21.611356455013244], [85.40227532912371, 21.611175825764434], [85.40217874838189, 21.611174897921526], [85.40218073286815, 21.610994268681697], [85.40208415225209, 21.610993340793875], [85.40208613683716, 21.610812711554047], [85.40198955634686, 21.610811783612327], [85.40199154102177, 21.61063115438148], [85.40189496066623, 21.610630226394843], [85.40189694543996, 21.610449597164], [85.40180036520118, 21.610448669132445], [85.40180532736007, 21.609997096055334], [85.40170874742672, 21.60999616798785], [85.40171073237113, 21.609815538757], [85.40161415256355, 21.6098146106446]]]}, "id": "+206+459", "properties": {"annual_rainfall": 1389.0618859946728, "area_ha": 7.029571201538152, "aspect": 278.798283397732, "canopy_height": 7.290168002362284, "canopy_height_max": 10.036366838830654, "canopy_height_std": 2.045810122190226, "centroid_lat": 21.611250712508866, "centroid_lon": 85.40347872556744, "cluster_id": 3, "distance_to_water": 463409.50001051987, "elevation": 547.102848335128, "n_pixels": 703, "ndvi_amplitude_annual": 0.14159053034868552, "ndvi_mean": 0.38356300659577297, "ndvi_phase_annual": -1.2307028738342212, "ndvi_residual_variance": 0.004973882197794576, "ndvi_trend": 0.0027788428032723684, "perim_m": 2040.126582028135, "slope": 3.9367306433563463, "stand_id": 13, "stand_lbl": 87, "vh_iqr": 2.3911181962263437, "vh_p10": -20.196379493448106, "vh_p50": -19.000820395334912, "vh_p90": -17.80526129722173, "vv_iqr": 2.519185173177225, "vv_minus_vh_median": 7.869148389524093, "vv_p10": -12.391264592399429, "vv_p50": -11.131672005810815, "vv_p90": -9.872079419222212}}, {"type": "Feature", "geometry": {"type": "MultiPolygon", "coordinates": [[[[85.40460020346652, 21.610565874016395], [85.40459921275053, 21.6106561887486], [85.40450263225125, 21.610655262280115], [85.40450362303012, 21.61056494754791], [85.40460020346652, 21.610565874016395]]], [[[85.4052871596002, 21.609578895238315], [85.40548031926028, 21.609580747124255], [85.40547635875886, 21.609942006250698], [85.40566951890402, 21.609943857947993], [85.40567347892932, 21.609582598785618], [85.40586663862531, 21.6095844502224], [85.40586762849689, 21.60949413541833], [85.40606078809407, 21.609495986621553], [85.40605880858448, 21.609676616247658], [85.40625196844218, 21.609678467244265], [85.40624899949219, 21.609949411692405], [85.40634557960519, 21.609950337118843], [85.4063445900121, 21.610040651940878], [85.40644117018797, 21.61004157731342], [85.40644018064877, 21.610131892135453], [85.40663334114427, 21.61013374272782], [85.4066303728321, 21.610404687211894], [85.40643721197726, 21.610402836592574], [85.40643622241112, 21.61049315141461], [85.40653280290141, 21.61049407675122], [85.4065308238769, 21.610674706395287], [85.40643424326983, 21.610673781040713], [85.40643325368572, 21.610764095853764], [85.40652983435568, 21.61076502120834], [85.40652686576502, 21.61103596566546], [85.4064302849154, 21.61103504029292], [85.40642830571123, 21.61121566991004], [85.40633172474483, 21.6112147444836], [85.40633073507986, 21.61130505928767], [85.40623415405958, 21.61130413379835], [85.4062351437964, 21.61121381899428], [85.40604198189953, 21.61121196785394], [85.40604297174416, 21.611121653058856], [85.40584980999103, 21.61111980170292], [85.40584882002962, 21.611210116489023], [85.40565565817766, 21.61120826489054], [85.40565862842122, 21.610937320568166], [85.40575520916303, 21.610938246371898], [85.40575619916936, 21.61084793159478], [85.40585277986627, 21.610848857344614], [85.40585376980971, 21.61075854255851], [85.40566060855065, 21.610756691004944], [85.40566159861088, 21.610666376227826], [85.40546843750452, 21.610664524458667], [85.40546942768152, 21.61057420969053], [85.40508310575629, 21.61057050550542], [85.40508211533674, 21.610660820264574], [85.4049855348105, 21.61065989407457], [85.40498652528396, 21.610569579315413], [85.40488994482061, 21.61056865308049], [85.40489093535695, 21.61047833833032], [85.40469777456501, 21.610476485680813], [85.40469678391189, 21.610566800422], [85.40460020346652, 21.610565874016395], [85.40460713831678, 21.609933670846058], [85.40470371834893, 21.60993459722471], [85.40470470895713, 21.60984428247454], [85.40480128893537, 21.609845208799296], [85.40480227948069, 21.609754894049125], [85.40489885939607, 21.609755820302016], [85.4048998498785, 21.609665505551845], [85.40499642973997, 21.60966643175084], [85.40499742015952, 21.6095761169827], [85.4050939999671, 21.609577043127793], [85.40509499032376, 21.609486728359656], [85.40528814983111, 21.609488580461193], [85.4052871596002, 21.609578895238315]], [[85.4052871596002, 21.609578895238315], [85.40519057978365, 21.60957796921], [85.40518958948986, 21.609668283978138], [85.4052861693693, 21.609669210006448], [85.4052871596002, 21.609578895238315]], [[85.40585376980971, 21.61075854255851], [85.40595035044373, 21.610759468245462], [85.4059513403243, 21.610669153450374], [85.40585475974417, 21.610668227763426], [85.40585376980971, 21.61075854255851]]]]}, "id": "+225+439", "properties": {"annual_rainfall": 1389.0618859946728, "area_ha": 2.476900958568755, "aspect": 270.05692192346703, "canopy_height": 17.510694912015058, "canopy_height_max": 18.11059494582714, "canopy_height_std": 0.4783098944739329, "centroid_lat": 21.61030358606702, "centroid_lon": 85.40567750295219, "cluster_id": 3, "distance_to_water": 463409.50001051987, "elevation": 566.84908045808, "n_pixels": 248, "ndvi_amplitude_annual": 0.2001826432765901, "ndvi_mean": 0.673308550907963, "ndvi_phase_annual": -1.5276578224051893, "ndvi_residual_variance": 0.008361496014681929, "ndvi_trend": -0.007607575215129678, "perim_m": 1180.0742796447005, "slope": 6.401349543536746, "stand_id": 14, "stand_lbl": 97, "vh_iqr": 1.8896634556482903, "vh_p10": -16.565663010954424, "vh_p50": -15.620831283130286, "vh_p90": -14.675999555306143, "vv_iqr": 2.289980074451582, "vv_minus_vh_median": 6.434338777529535, "vv_p10": -10.331482542826553, "vv_p50": -9.186492505600757, "vv_p90": -8.041502468374961}}, {"type": "Feature", "geometry": {"type": "Polygon", "coordinates": [[[85.40760309920039, 21.609781732835206], [85.40789283942262, 21.609784506572293], [85.40789382804553, 21.609694191687375], [85.40779724803134, 21.609693267168236], [85.40779823670816, 21.609602952274336], [85.40770165675686, 21.609602027710277], [85.40770561166177, 21.60924076817061], [85.40751245225323, 21.609238918898768], [85.4075114634147, 21.6093292337747], [85.40731830389838, 21.609327384269296], [85.40731929286265, 21.609237069393362], [85.40712613349005, 21.60923521967236], [85.40712811163421, 21.60905458994744], [85.40693495252212, 21.609052740019827], [85.40693792005277, 21.60878179545491], [85.4065516026191, 21.60877809497086], [85.40655061320567, 21.60886840981086], [85.40645403379335, 21.608867484546117], [85.40645898110307, 21.608415910355095], [85.40665213932584, 21.608417760785766], [85.40665312864944, 21.608327445936784], [85.40674970771141, 21.60832837106678], [85.40675069697214, 21.608238056208812], [85.40684727597123, 21.608238981275925], [85.40685123272667, 21.60787772182609], [85.40656149645703, 21.607874946507966], [85.40656248580758, 21.607784631658983], [85.40685222190653, 21.60778740696812], [85.40685321107743, 21.60769709210117], [85.40666005378891, 21.60769524195796], [85.40666203235529, 21.607514612242024], [85.40685518940124, 21.60751646236727], [85.40685617855416, 21.607426147500316], [85.40646986473173, 21.6074224470522], [85.40647283288222, 21.607151502487284], [85.40627967635727, 21.607149651948813], [85.40628363430747, 21.60678839256186], [85.40618705629652, 21.606787467225253], [85.40618804582674, 21.606697152376267], [85.40657435767288, 21.606700853363375], [85.40657534696055, 21.606610538505407], [85.4067685027938, 21.606612388648614], [85.4067694919557, 21.60652207377268], [85.40696264769012, 21.606523923691313], [85.40696066959987, 21.606704553461146], [85.40705724759285, 21.606705478339613], [85.4070542806012, 21.606976422994364], [85.40715085877383, 21.606977347827915], [85.40714888087223, 21.607157977606732], [85.40724545917962, 21.60715890239537], [85.40724249246644, 21.6074298470591], [85.40733907095348, 21.60743077180282], [85.40733610436608, 21.607701716466554], [85.40743268304178, 21.607702641174342], [85.40743070541865, 21.60788327095316], [85.40752728422011, 21.60788419561603], [85.40752431792015, 21.608155140288748], [85.40762089690128, 21.608156064906705], [85.4076189194578, 21.60833669468552], [85.40771549857368, 21.60833761925856], [85.40771253255221, 21.608608563940262], [85.40780911184774, 21.608609488468385], [85.40780713459291, 21.608790118256184], [85.40790371401421, 21.608791042739394], [85.4079007482802, 21.609061987430078], [85.40799732788116, 21.609062911859386], [85.40799535082397, 21.60924354166515], [85.4080919305507, 21.609244466049546], [85.40808896509516, 21.609515410758195], [85.40818554501054, 21.609516335097673], [85.408183568133, 21.60969696490344], [85.40828014817414, 21.609697889198003], [85.40827718299708, 21.609968833915634], [85.40837376322686, 21.60996975816528], [85.40837178653798, 21.61015038798003], [85.40846836688455, 21.61015131218476], [85.40846540199495, 21.610422256911377], [85.40856198253016, 21.61042318107119], [85.40856000602992, 21.61060381088594], [85.4086565866909, 21.61060473500084], [85.40865362207977, 21.610875679736438], [85.4087502029294, 21.61087660380642], [85.4087482266178, 21.611057233630156], [85.4088448075842, 21.611058157655222], [85.40884184326055, 21.611329102399804], [85.4089384244156, 21.611330026379957], [85.4089354602177, 21.611600971133523], [85.40903204156139, 21.61160189506876], [85.4090300655193, 21.611782524901475], [85.40912664698875, 21.611783448791794], [85.40912368307832, 21.61205439354536], [85.40922026472744, 21.612055317390762], [85.4092192768052, 21.612145632311613], [85.4091226950932, 21.612144708466207], [85.40911973111989, 21.612415653210792], [85.40902314923721, 21.612414729293523], [85.4090241372942, 21.612324414381654], [85.40883097366357, 21.6123225663944], [85.40882998548982, 21.612412881297285], [85.40873340362509, 21.612411957209336], [85.40873241537948, 21.612502272103235], [85.40863583346085, 21.612501347961388], [85.40863682176038, 21.612411033067488], [85.40854023990465, 21.61241010887174], [85.40854122825807, 21.61231979397784], [85.40844464646523, 21.612318869728192], [85.40844761167821, 21.61204792506446], [85.4085441932914, 21.612048849305122], [85.40854616996232, 21.611868219517323], [85.40825642550004, 21.611865446660584], [85.40825840250335, 21.611684816899736], [85.40806523978901, 21.611682968068067], [85.40806425117508, 21.611773282944], [85.40777450696433, 21.61177050926081], [85.40777747334513, 21.611499564668943], [85.40768089213618, 21.611498640006072], [85.40768484748126, 21.611137380556237], [85.40758826651486, 21.611136455857434], [85.40758727762244, 21.6112267707154], [85.40749069660215, 21.611225845962696], [85.40748871869155, 21.61140647566965], [85.40739213755448, 21.61140555084508], [85.40739312657266, 21.611315235996095], [85.40681364022628, 21.611309685907827], [85.40681660832286, 21.611038741423755], [85.40662344661465, 21.611036890975118], [85.40662047814975, 21.611307835423258], [85.40652389712046, 21.611306910104616], [85.4065229075633, 21.611397224908686], [85.40632974539693, 21.61139537409174], [85.40633172474483, 21.6112147444836], [85.40642830571123, 21.61121566991004], [85.4064302849154, 21.61103504029292], [85.40652686576502, 21.61103596566546], [85.40652983435568, 21.61076502120834], [85.40643325368572, 21.610764095853764], [85.40643424326983, 21.610673781040713], [85.4065308238769, 21.610674706395287], [85.40653280290141, 21.61049407675122], [85.40643622241112, 21.61049315141461], [85.40643721197726, 21.610402836592574], [85.4066303728321, 21.610404687211894], [85.40663136227248, 21.61031437238986], [85.40692110341996, 21.610317147878657], [85.4069220926717, 21.610226833038656], [85.40701867300929, 21.610227758087802], [85.40702065137802, 21.61004712839882], [85.40711723159882, 21.6100480533761], [85.40711822071582, 21.609957738527115], [85.40702164055789, 21.609956813549836], [85.40702262973777, 21.60986649870085], [85.40692604964273, 21.60986557366967], [85.4069270388765, 21.609775258820687], [85.40712019894082, 21.609777108820165], [85.40712118804882, 21.609686793962197], [85.40731434801431, 21.609688643728113], [85.40731335903206, 21.609778958595065], [85.40740993908219, 21.609779883401668], [85.40741092801053, 21.609689568525734], [85.40760408801195, 21.609691417959272], [85.40760309920039, 21.609781732835206]], [[85.40760309920039, 21.609781732835206], [85.4075065191413, 21.609780808145388], [85.40750553026685, 21.609871123012336], [85.40740895015384, 21.609870198268617], [85.40740697227918, 21.610050827993536], [85.40760013275671, 21.61005267746301], [85.40760309920039, 21.609781732835206]]]}, "id": "+250+452", "properties": {"annual_rainfall": 1389.0618859946728, "area_ha": 7.270268003404832, "aspect": 262.05730584467574, "canopy_height": 16.985261370453603, "canopy_height_max": 17.363463044119293, "canopy_height_std": 0.3327830809625084, "centroid_lat": 21.609836632656627, "centroid_lon": 85.40757911635883, "cluster_id": 0, "distance_to_water": 463409.50001051987, "elevation": 583.8507405924737, "n_pixels": 727, "ndvi_amplitude_annual": 0.16026267572526595, "ndvi_mean": 0.7180609691052123, "ndvi_phase_annual": 0.6085470332146755, "ndvi_residual_variance": 0.00902744180580665, "ndvi_trend": -0.003750362277460896, "perim_m": 2920.185844011604, "slope": 8.174164331465176, "stand_id": 15, "stand_lbl": 101, "vh_iqr": 2.103113022827231, "vh_p10": -15.295717982679651, "vh_p50": -14.244161471266029, "vh_p90": -13.19260495985243, "vv_iqr": 2.0651832114822897, "vv_minus_vh_median": 6.280124823743527, "vv_p10": -8.996628253263658, "vv_p50": -7.9640366475225015, "vv_p90": -6.931445041781363}}, {"type": "Feature", "geometry": {"type": "MultiPolygon", "coordinates": [[[[85.4052871596002, 21.609578895238315], [85.4052861693693, 21.609669210006448], [85.40518958948986, 21.609668283978138], [85.40519057978365, 21.60957796921], [85.4052871596002, 21.609578895238315]]], [[[85.40528914006201, 21.609398265684074], [85.40528814983111, 21.609488580461193], [85.40509499032376, 21.609486728359656], [85.4050939999671, 21.609577043127793], [85.40499742015952, 21.6095761169827], [85.40499642973997, 21.60966643175084], [85.4048998498785, 21.609665505551845], [85.40489885939607, 21.609755820302016], [85.40480227948069, 21.609754894049125], [85.40480128893537, 21.609845208799296], [85.40470470895713, 21.60984428247454], [85.40470371834893, 21.60993459722471], [85.40460713831678, 21.609933670846058], [85.40460416626762, 21.610204615069616], [85.40450758607376, 21.610203688619098], [85.40451055829361, 21.60993274440452], [85.40441397827942, 21.60993181791807], [85.40441496907627, 21.609841503176884], [85.40431838912497, 21.609840576636532], [85.40431937996672, 21.60975026190433], [85.40451253976153, 21.609752114931133], [85.40451353047753, 21.609661800189947], [85.404416950643, 21.60966087371248], [85.40441992295268, 21.6093899294979], [85.40451650261653, 21.609390855957404], [85.40451749331456, 21.609300541216218], [85.4044209137136, 21.609299614756715], [85.4044219044745, 21.60920930001553], [85.40461506355066, 21.60921115287165], [85.40461605418581, 21.60912083812148], [85.40490579266529, 21.609123616978962], [85.4049067831118, 21.60903330221981], [85.40500336256004, 21.609034228382868], [85.40500435293468, 21.608943913614734], [85.40519751172337, 21.60894576577915], [85.4051955311897, 21.60912639533339], [85.40529211070981, 21.609127321343735], [85.40529112049687, 21.609217636120853], [85.40519454092286, 21.60921671011051], [85.40519256036224, 21.609397339664746], [85.40528914006201, 21.609398265684074]]], [[[85.40528814983111, 21.609488580461193], [85.40538472960276, 21.609489506426623], [85.40538571977078, 21.60939919164052], [85.40528914006201, 21.609398265684074], [85.40529013028394, 21.60930795089797], [85.40586960823106, 21.609313505810196], [85.40587059808468, 21.609223191006127], [85.4059671777036, 21.609224116621213], [85.40596915728506, 21.609043487004094], [85.40587257778292, 21.609042561397988], [85.40587455746319, 21.60886193178087], [85.40606771622494, 21.60886378292121], [85.40606573677823, 21.609044412556294], [85.40616231628935, 21.6090453380546], [85.4061593472675, 21.60931628251172], [85.40664224577537, 21.60932090922171], [85.40664125638888, 21.609411224061713], [85.40644809685459, 21.609409373532227], [85.40644710735131, 21.609499688363243], [85.40654368717685, 21.609500613654937], [85.4065426977185, 21.60959092849494], [85.40663927760693, 21.60959185373273], [85.4066402670024, 21.609501538901714], [85.40673684683692, 21.609502464076623], [85.40673486817174, 21.609683093756626], [85.40654170826015, 21.609681243325955], [85.40654071879281, 21.60977155814799], [85.40625097879517, 21.60976878205732], [85.40625196844218, 21.609678467244265], [85.40605880858448, 21.609676616247658], [85.40606078809407, 21.609495986621553], [85.40586762849689, 21.60949413541833], [85.40586663862531, 21.6095844502224], [85.40567347892932, 21.609582598785618], [85.40566951890402, 21.609943857947993], [85.40547635875886, 21.609942006250698], [85.40548031926028, 21.609580747124255], [85.4052871596002, 21.609578895238315], [85.40528814983111, 21.609488580461193]]]]}, "id": "+207+427", "properties": {"annual_rainfall": 1389.0618859946728, "area_ha": 1.3136598685283827, "aspect": 174.15069630942153, "canopy_height": 18.705667377280648, "canopy_height_max": 19.29984218832192, "canopy_height_std": 0.4901763248321483, "centroid_lat": 21.609465141446265, "centroid_lon": 85.40539642569418, "cluster_id": 3, "distance_to_water": 463409.50001051987, "elevation": 573.1288795370853, "n_pixels": 131, "ndvi_amplitude_annual": 0.15835412095057316, "ndvi_mean": 0.7026024874089993, "ndvi_phase_annual": 0.4579402930166232, "ndvi_residual_variance": 0.009588587181893635, "ndvi_trend": -0.011578854620873021, "perim_m": 1280.08056223014, "slope": 5.680417508790384, "stand_id": 16, "stand_lbl": 95, "vh_iqr": 2.0653458517813417, "vh_p10": -16.821810203271646, "vh_p50": -15.789137277380988, "vh_p90": -14.756464351490305, "vv_iqr": 1.9821194431848606, "vv_minus_vh_median": 6.737915054873918, "vv_p10": -10.04228194409949, "vv_p50": -9.051222222507054, "vv_p90": -8.060162500914627}}, {"type": "Feature", "geometry": {"type": "Polygon", "coordinates": [[[85.40211094232254, 21.60855484569238], [85.40211292662913, 21.608374216398655], [85.40230608437578, 21.608376071868875], [85.40230806842186, 21.608195442557182], [85.4024046471874, 21.60819637020246], [85.40240563913407, 21.60810605553314], [85.40250221784571, 21.608106983124518], [85.40250122595292, 21.60819729778486], [85.40269438351092, 21.608199152796935], [85.40269339173491, 21.60828946747524], [85.40288654942768, 21.60829132226274], [85.40288555776844, 21.60838163695003], [85.40278897885919, 21.608380709574245], [85.4027879871281, 21.608471024252548], [85.40317430304361, 21.608474733423307], [85.40317529453215, 21.60838441873602], [85.40327187345937, 21.60838534587824], [85.40327286488504, 21.608295031181967], [85.40365918042326, 21.6082987391939], [85.40366017160638, 21.608208424479663], [85.40385332928116, 21.60821027814427], [85.40385233822381, 21.60830059286749], [85.40394891713306, 21.608301519623435], [85.40394693511718, 21.608482149078856], [85.40385035609114, 21.60848122232291], [85.40384837394049, 21.60866185176935], [85.40394495308331, 21.60866277853428], [85.40394198000108, 21.608933722712926], [85.40413513866402, 21.608935576108035], [85.4041341477504, 21.60902589084024], [85.40423072714474, 21.609026817461437], [85.4042287454163, 21.609207446925843], [85.40432532493642, 21.609208373502128], [85.40432433412161, 21.609298688234333], [85.40451749331456, 21.609300541216218], [85.40451650261653, 21.609390855957404], [85.40441992295268, 21.6093899294979], [85.404416950643, 21.60966087371248], [85.40451353047753, 21.609661800189947], [85.40451253976153, 21.609752114931133], [85.40431937996672, 21.60975026190433], [85.40431838912497, 21.609840576636532], [85.40441496907627, 21.609841503176884], [85.40441397827942, 21.60993181791807], [85.40451055829361, 21.60993274440452], [85.40450758607376, 21.610203688619098], [85.40460416626762, 21.610204615069616], [85.40460020346652, 21.610565874016395], [85.40450362303012, 21.61056494754791], [85.40450164147236, 21.610745577012317], [85.40440506091919, 21.61074465048095], [85.40440803341752, 21.610473706302308], [85.40421487267947, 21.61047185309584], [85.40421586362005, 21.61038153837262], [85.40411928331841, 21.610380611697526], [85.40412027432185, 21.610290296974306], [85.40392711385331, 21.610288443453427], [85.40392810496456, 21.610198128748177], [85.40373494463975, 21.61019627500272], [85.40373692708684, 21.610015645601198], [85.40344718699936, 21.61001286459674], [85.4034491697878, 21.609832235213183], [85.403256009984, 21.609830380946704], [85.40325700149053, 21.6097400662684], [85.40316042166498, 21.609739139054312], [85.40316141322539, 21.60964882437601], [85.40306483346274, 21.609647897108022], [85.40306582507705, 21.60955758242972], [85.40296924537726, 21.60955665511682], [85.4029642869464, 21.610008228472406], [85.40286770695018, 21.610007301078657], [85.40286969045728, 21.609826671748998], [85.40238679116787, 21.60982203398075], [85.40238877524989, 21.60964140468702], [85.40248535497662, 21.609642332350266], [85.40248634695025, 21.60955201769891], [85.40258292662308, 21.60955294529029], [85.40258391853384, 21.609462630629952], [85.40277707778067, 21.609464485651014], [85.40277806956567, 21.60937417098169], [85.40297122871368, 21.609376025769194], [85.40297321202316, 21.609195396412584], [85.40287663256592, 21.609194469054767], [85.40287762427904, 21.609104154385445], [85.4027810448847, 21.60910322697373], [85.40278302840976, 21.608922597635086], [85.40268644915017, 21.608921670178454], [85.4026874409621, 21.608831355509132], [85.40249428256867, 21.608829500443157], [85.40249329063096, 21.608919815103494], [85.4023001321387, 21.608917959803954], [85.40230211623869, 21.60873733049226], [85.40220553712282, 21.608736402766134], [85.40220752132161, 21.608555773472407], [85.40211094232254, 21.60855484569238]]]}, "id": "+206+433", "properties": {"annual_rainfall": 1389.0618859946728, "area_ha": 3.4496051327068358, "aspect": 308.8703312712453, "canopy_height": 21.599381373646093, "canopy_height_max": 22.349671684648353, "canopy_height_std": 0.7362815796432143, "centroid_lat": 21.609248721349104, "centroid_lon": 85.40346792972683, "cluster_id": 0, "distance_to_water": 463409.50001051987, "elevation": 564.4835314485986, "n_pixels": 345, "ndvi_amplitude_annual": 0.11675654254893929, "ndvi_mean": 0.7045417884530265, "ndvi_phase_annual": -1.2939861054064326, "ndvi_residual_variance": 0.008846156970276834, "ndvi_trend": -0.00254800461964976, "perim_m": 1500.093029761702, "slope": 8.256297109558092, "stand_id": 17, "stand_lbl": 86, "vh_iqr": 2.1686584932162427, "vh_p10": -15.298190824296231, "vh_p50": -14.213861577688094, "vh_p90": -13.129532331079986, "vv_iqr": 2.122422498095897, "vv_minus_vh_median": 6.730048356920261, "vv_p10": -8.545024469815804, "vv_p50": -7.483813220767845, "vv_p90": -6.422601971719896}}, {"type": "Feature", "geometry": {"type": "MultiPolygon", "coordinates": [[[[85.40116302140366, 21.60691990183212], [85.40116401406003, 21.606829587216698], [85.40126059186436, 21.606830515463848], [85.40125959926189, 21.606920830088253], [85.40116302140366, 21.60691990183212]]], [[[85.40170874742672, 21.60999616798785], [85.40180532736007, 21.609997096055334], [85.4018023500827, 21.6102680399016], [85.40170576996971, 21.61026711182513], [85.40170874742672, 21.60999616798785]]], [[[85.40116302140366, 21.60691990183212], [85.40116202873833, 21.607010216456526], [85.40183807431187, 21.607016713108592], [85.40183708206874, 21.607107027759948], [85.40174050404882, 21.60710609983619], [85.40173951173382, 21.607196414478565], [85.40183608980765, 21.607197342411304], [85.40183509755553, 21.60728765706266], [85.40202825383793, 21.60728951276644], [85.40202626954031, 21.60747014207813], [85.40192969127784, 21.607469214244208], [85.40192869906167, 21.607559528895564], [85.4018321207453, 21.607558600998757], [85.40183013617819, 21.607739230292484], [85.40163697931189, 21.607737374319207], [85.40163797171671, 21.607647059676836], [85.40154139335543, 21.60764613160935], [85.40154238581415, 21.607555816984945], [85.40144580751574, 21.607554888863557], [85.40144183740236, 21.60791614737016], [85.40134525887039, 21.607915219176913], [85.40134426626794, 21.608005533792337], [85.40144084486279, 21.60800646199457], [85.40143985231424, 21.60809677660999], [85.40153643097196, 21.608097704758325], [85.40153543848629, 21.60818801938273], [85.40163201720691, 21.608188947477167], [85.40163102477513, 21.608279262110557], [85.40153444599163, 21.608278334007135], [85.40153246098434, 21.60845896325595], [85.40162903988463, 21.608459891359367], [85.40162507004972, 21.60882114985699], [85.40181822834434, 21.608823005938063], [85.40182021303721, 21.608642376671284], [85.4017236340022, 21.60864144866668], [85.40172561879388, 21.608460819408887], [85.40182219770314, 21.608461747404508], [85.40182616698108, 21.608100488852987], [85.40201932435045, 21.608102344637615], [85.40201436334141, 21.608553917867443], [85.40220752132161, 21.608555773472407], [85.40220553712282, 21.608736402766134], [85.40230211623869, 21.60873733049226], [85.4023001321387, 21.608917959803954], [85.40249329063096, 21.608919815103494], [85.40249428256867, 21.608829500443157], [85.4026874409621, 21.608831355509132], [85.40268644915017, 21.608921670178454], [85.40278302840976, 21.608922597635086], [85.4027810448847, 21.60910322697373], [85.40287762427904, 21.609104154385445], [85.40287663256592, 21.609194469054767], [85.40297321202316, 21.609195396412584], [85.40297122871368, 21.609376025769194], [85.40277806956567, 21.60937417098169], [85.40277707778067, 21.609464485651014], [85.40258391853384, 21.609462630629952], [85.40258292662308, 21.60955294529029], [85.40248634695025, 21.60955201769891], [85.40248535497662, 21.609642332350266], [85.40238877524989, 21.60964140468702], [85.40238679116787, 21.60982203398075], [85.40229021132437, 21.609821106263606], [85.40229616387586, 21.609279218400392], [85.40210300491648, 21.60927736284034], [85.4021039971147, 21.609187048197967], [85.4018142589047, 21.60918426445365], [85.40181128177106, 21.609455208326867], [85.40171470219705, 21.60945428028633], [85.40171370974731, 21.609544594910734], [85.4016171301194, 21.609543666807316], [85.40161415256355, 21.6098146106446], [85.40151757275599, 21.6098136824783], [85.40151955792497, 21.60963305326542], [85.40142297824316, 21.60963212504522], [85.40142496351095, 21.609451495832342], [85.4013283839549, 21.609450567567226], [85.40133036932151, 21.609269938363333], [85.40123378989124, 21.6092690100533], [85.40123577534767, 21.609088380849403], [85.40113919605214, 21.609087452485475], [85.4011411816074, 21.608906823290564], [85.40104460242864, 21.608905894881715], [85.4010465880917, 21.608725265686804], [85.40095000903871, 21.608724337233042], [85.40095199480058, 21.608543708047115], [85.40085541587335, 21.60854277953945], [85.40085740172505, 21.608362150353525], [85.40076082292359, 21.608361221809933], [85.40076380185386, 21.60809027803553], [85.40066722323206, 21.60808934944702], [85.40066920928139, 21.60790872026109], [85.40057263078535, 21.607907791627667], [85.4005746169335, 21.607727162450722], [85.40067119530377, 21.607728091084144], [85.40067218831047, 21.60763777648669], [85.40076876662684, 21.607638705057234], [85.4007707524965, 21.607458075862322], [85.40086733070507, 21.607459004369982], [85.40086931643101, 21.607278375157104], [85.40067616027437, 21.60727651810585], [85.40067814622489, 21.607095888910937], [85.40077472418193, 21.60709681745453], [85.4007767099977, 21.606916188250636], [85.40087328783797, 21.606917116731346], [85.40087229499296, 21.607007431337784], [85.4009688729051, 21.6070083597646], [85.40097085846034, 21.606827730542737], [85.40106743625569, 21.606828658906668], [85.40106644353645, 21.606918973522088], [85.40116302140366, 21.60691990183212]]], [[[85.40161415256355, 21.6098146106446], [85.40171073237113, 21.609815538757], [85.40170874742672, 21.60999616798785], [85.4016121674934, 21.60999523986646], [85.40161415256355, 21.6098146106446]]]]}, "id": "+178+428", "properties": {"annual_rainfall": 1389.0618859946728, "area_ha": 3.3593488804864218, "aspect": 179.30955061930595, "canopy_height": 11.665675916082703, "canopy_height_max": 13.55510598138547, "canopy_height_std": 1.6345048791538936, "centroid_lat": 21.608363403279856, "centroid_lon": 85.4015627763122, "cluster_id": 3, "distance_to_water": 463409.50001051987, "elevation": 552.9749434151113, "n_pixels": 336, "ndvi_amplitude_annual": 0.13545196305563892, "ndvi_mean": 0.4486153229612615, "ndvi_phase_annual": -2.0247694292847873, "ndvi_residual_variance": 0.0056392992265119225, "ndvi_trend": -0.0015192730253987257, "perim_m": 1960.1198016953292, "slope": 4.350041514541463, "stand_id": 18, "stand_lbl": 77, "vh_iqr": 2.2544257600745037, "vh_p10": -19.1073952135091, "vh_p50": -17.980182333471852, "vh_p90": -16.852969453434604, "vv_iqr": 2.230109229940469, "vv_minus_vh_median": 7.77626820653922, "vv_p10": -11.318968741902856, "vv_p50": -10.203914126932618, "vv_p90": -9.088859511962378}}, {"type": "Feature", "geometry": {"type": "MultiPolygon", "coordinates": [[[[85.4041589191986, 21.606768022238715], [85.40416090077431, 21.606587392720407], [85.40425747856068, 21.606588319224826], [85.40425549710174, 21.606768948752116], [85.4041589191986, 21.606768022238715]]], [[[85.40528914006201, 21.609398265684074], [85.40538571977078, 21.60939919164052], [85.40538472960276, 21.609489506426623], [85.40528814983111, 21.609488580461193], [85.40528914006201, 21.609398265684074]]], [[[85.40677245941448, 21.60625112914488], [85.40667588173591, 21.606250204122684], [85.40667687093375, 21.60615988924675], [85.40658029332705, 21.60615896416167], [85.4065812825788, 21.60606864929472], [85.40677443769339, 21.606070499393013], [85.40677245941448, 21.60625112914488]]], [[[85.40760309920039, 21.609781732835206], [85.40760013275671, 21.61005267746301], [85.40740697227918, 21.610050827993536], [85.40740895015384, 21.609870198268617], [85.40750553026685, 21.609871123012336], [85.4075065191413, 21.609780808145388], [85.40760309920039, 21.609781732835206]]], [[[85.4041589191986, 21.606768022238715], [85.40415792840176, 21.606858336997867], [85.40425450636778, 21.606859263511268], [85.4042525248819, 21.607039893029572], [85.40444568106548, 21.607041745912642], [85.40444469043032, 21.60713206068078], [85.40463784675764, 21.607133913339272], [85.40463487519357, 21.607404857661646], [85.40473145354586, 21.607405783923518], [85.40472947258999, 21.607586413468773], [85.40511578652023, 21.60759011798626], [85.40511479628033, 21.607680432781343], [85.40521137483925, 21.60768135877372], [85.40521236501625, 21.607591043978637], [85.40530894352128, 21.607591969917117], [85.4053099336354, 21.607501655113047], [85.40550309053762, 21.607503506801358], [85.40550507052333, 21.607322877184238], [85.4057948055443, 21.607325654281023], [85.405795795353, 21.607235339458988], [85.40569921706359, 21.607234413816954], [85.4057011967708, 21.607053784172884], [85.40579777494344, 21.607054709805936], [85.40579876472519, 21.606964394974916], [85.40589534284393, 21.606965320545086], [85.40589732228166, 21.606784690883053], [85.40570416630469, 21.60678283970678], [85.405706145958, 21.606602210053726], [85.40580272382522, 21.606603135659828], [85.40580173406144, 21.606693450490848], [85.40589831199154, 21.606694376052033], [85.40589930170142, 21.606604061212032], [85.40618903535696, 21.606606837527284], [85.40619101439044, 21.606426207829315], [85.40648074773156, 21.60642898361456], [85.40648173706415, 21.606338668756592], [85.40667489252908, 21.606340518989633], [85.40667390331328, 21.606430833865566], [85.40677048111762, 21.60643175890573], [85.40677245941448, 21.60625112914488], [85.40686903710203, 21.606252054122162], [85.40686606982291, 21.606522998758948], [85.4067694919557, 21.60652207377268], [85.4067685027938, 21.606612388648614], [85.40657534696055, 21.606610538505407], [85.40657435767288, 21.606700853363375], [85.40618804582674, 21.606697152376267], [85.40618705629652, 21.606787467225253], [85.40628363430747, 21.60678839256186], [85.40627967635727, 21.607149651948813], [85.40647283288222, 21.607151502487284], [85.40646986473173, 21.6074224470522], [85.40685617855416, 21.607426147500316], [85.40685518940124, 21.60751646236727], [85.40666203235529, 21.607514612242024], [85.40666005378891, 21.60769524195796], [85.40685321107743, 21.60769709210117], [85.40685222190653, 21.60778740696812], [85.40656248580758, 21.607784631658983], [85.40656149645703, 21.607874946507966], [85.40685123272667, 21.60787772182609], [85.40684727597123, 21.608238981275925], [85.40675069697214, 21.608238056208812], [85.40674970771141, 21.60832837106678], [85.40665312864944, 21.608327445936784], [85.40665213932584, 21.608417760785766], [85.40645898110307, 21.608415910355095], [85.40645403379335, 21.608867484546117], [85.40655061320567, 21.60886840981086], [85.4065516026191, 21.60877809497086], [85.40693792005277, 21.60878179545491], [85.40693495252212, 21.609052740019827], [85.40712811163421, 21.60905458994744], [85.40712613349005, 21.60923521967236], [85.40731929286265, 21.609237069393362], [85.40731830389838, 21.609327384269296], [85.4075114634147, 21.6093292337747], [85.40751245225323, 21.609238918898768], [85.40770561166177, 21.60924076817061], [85.40770165675686, 21.609602027710277], [85.40779823670816, 21.609602952274336], [85.40779724803134, 21.609693267168236], [85.40789382804553, 21.609694191687375], [85.40789283942262, 21.609784506572293], [85.40760309920039, 21.609781732835206], [85.40760408801195, 21.609691417959272], [85.40741092801053, 21.609689568525734], [85.40740993908219, 21.609779883401668], [85.40731335903206, 21.609778958595065], [85.40731434801431, 21.609688643728113], [85.40712118804882, 21.609686793962197], [85.40712019894082, 21.609777108820165], [85.4069270388765, 21.609775258820687], [85.40692604964273, 21.60986557366967], [85.40702262973777, 21.60986649870085], [85.40702164055789, 21.609956813549836], [85.40711822071582, 21.609957738527115], [85.40711723159882, 21.6100480533761], [85.40702065137802, 21.61004712839882], [85.40701867300929, 21.610227758087802], [85.4069220926717, 21.610226833038656], [85.40692110341996, 21.610317147878657], [85.40663136227248, 21.61031437238986], [85.40663334114427, 21.61013374272782], [85.40644018064877, 21.610131892135453], [85.40644117018797, 21.61004157731342], [85.4063445900121, 21.610040651940878], [85.40634557960519, 21.609950337118843], [85.40624899949219, 21.609949411692405], [85.40625097879517, 21.60976878205732], [85.40654071879281, 21.60977155814799], [85.40654170826015, 21.609681243325955], [85.40673486817174, 21.609683093756626], [85.40673684683692, 21.609502464076623], [85.4066402670024, 21.609501538901714], [85.40663927760693, 21.60959185373273], [85.4065426977185, 21.60959092849494], [85.40654368717685, 21.609500613654937], [85.40644710735131, 21.609499688363243], [85.40644809685459, 21.609409373532227], [85.40664125638888, 21.609411224061713], [85.40664224577537, 21.60932090922171], [85.4061593472675, 21.60931628251172], [85.40616231628935, 21.6090453380546], [85.40606573677823, 21.609044412556294], [85.40606771622494, 21.60886378292121], [85.40587455746319, 21.60886193178087], [85.40587257778292, 21.609042561397988], [85.40596915728506, 21.609043487004094], [85.4059671777036, 21.609224116621213], [85.40587059808468, 21.609223191006127], [85.40586960823106, 21.609313505810196], [85.40529013028394, 21.60930795089797], [85.40528914006201, 21.609398265684074], [85.40519256036224, 21.609397339664746], [85.40519454092286, 21.60921671011051], [85.40529112049687, 21.609217636120853], [85.40529211070981, 21.609127321343735], [85.4051955311897, 21.60912639533339], [85.40519751172337, 21.60894576577915], [85.40500435293468, 21.608943913614734], [85.40500336256004, 21.609034228382868], [85.4049067831118, 21.60903330221981], [85.40490579266529, 21.609123616978962], [85.40461605418581, 21.60912083812148], [85.40461506355066, 21.60921115287165], [85.4044219044745, 21.60920930001553], [85.4044209137136, 21.609299614756715], [85.40432433412161, 21.609298688234333], [85.40432532493642, 21.609208373502128], [85.4042287454163, 21.609207446925843], [85.40423072714474, 21.609026817461437], [85.4041341477504, 21.60902589084024], [85.40413513866402, 21.608935576108035], [85.40394198000108, 21.608933722712926], [85.40394495308331, 21.60866277853428], [85.40384837394049, 21.60866185176935], [85.40385035609114, 21.60848122232291], [85.40394693511718, 21.608482149078856], [85.40394891713306, 21.608301519623435], [85.40385233822381, 21.60830059286749], [85.40385332928116, 21.60821027814427], [85.40366017160638, 21.608208424479663], [85.40365918042326, 21.6082987391939], [85.40327286488504, 21.608295031181967], [85.40327187345937, 21.60838534587824], [85.40317529453215, 21.60838441873602], [85.40317430304361, 21.608474733423307], [85.4027879871281, 21.608471024252548], [85.40278897885919, 21.608380709574245], [85.40288555776844, 21.60838163695003], [85.40288654942768, 21.60829132226274], [85.40269339173491, 21.60828946747524], [85.40269438351092, 21.608199152796935], [85.40250122595292, 21.60819729778486], [85.40250221784571, 21.608106983124518], [85.40240563913407, 21.60810605553314], [85.4024046471874, 21.60819637020246], [85.40230806842186, 21.608195442557182], [85.40230608437578, 21.608376071868875], [85.40211292662913, 21.608374216398655], [85.40211094232254, 21.60855484569238], [85.40201436334141, 21.608553917867443], [85.40202230089119, 21.607831400692536], [85.40211887939621, 21.607832328490527], [85.40211689516147, 21.608012957793235], [85.40250320972952, 21.608016668446215], [85.40250519348814, 21.60783603910757], [85.40260177202909, 21.607836966627087], [85.40260276384103, 21.607746651948784], [85.4026993423191, 21.607747579405412], [85.40270132580822, 21.60756695003982], [85.40279790417848, 21.60756787742459], [85.4027998875239, 21.607387248050014], [85.40308962229334, 21.60739002985397], [85.40308863080479, 21.607480344559225], [85.40318520913014, 21.60748127171941], [85.40318620055581, 21.607390957014157], [85.40328277883624, 21.607391884120446], [85.40328377019902, 21.60730156940621], [85.40338034841659, 21.607302496449616], [85.40338133971649, 21.607212181726396], [85.40347791788014, 21.607213108706922], [85.40348089157322, 21.606942164537262], [85.4035774695662, 21.606943091454905], [85.40357846072237, 21.6068527767227], [85.40367503865247, 21.60685370357746], [85.40367404755918, 21.606944018309665], [85.40396378156505, 21.60694679854157], [85.40396576340129, 21.606766169050214], [85.40386918551611, 21.606765242366134], [85.40387017648364, 21.606674927624947], [85.40406333215518, 21.606676780921244], [85.40406234130444, 21.60676709567141], [85.4041589191986, 21.606768022238715]]]]}, "id": "+231+428", "properties": {"annual_rainfall": 1389.0618859946728, "area_ha": 9.697015870228636, "aspect": 259.28868568339755, "canopy_height": 17.288280433818617, "canopy_height_max": 17.978917858565513, "canopy_height_std": 0.5484207039157397, "centroid_lat": 21.608217824513602, "centroid_lon": 85.40516099578613, "cluster_id": 1, "distance_to_water": 463409.50001051987, "elevation": 578.664373097296, "n_pixels": 970, "ndvi_amplitude_annual": 0.1903634354361145, "ndvi_mean": 0.61227744982458, "ndvi_phase_annual": -2.0601447062796505, "ndvi_residual_variance": 0.00837751715005723, "ndvi_trend": 0.0036024886832579962, "perim_m": 3860.242819921718, "slope": 5.268539060124553, "stand_id": 19, "stand_lbl": 93, "vh_iqr": 2.116595079027352, "vh_p10": -16.602278441084692, "vh_p50": -15.54398090157105, "vh_p90": -14.485683362057324, "vv_iqr": 2.0961580476520423, "vv_minus_vh_median": 6.75937261303365, "vv_p10": -9.832687312363385, "vv_p50": -8.784608288537372, "vv_p90": -7.736529264711361}}, {"type": "Feature", "geometry": {"type": "MultiPolygon", "coordinates": [[[[85.4038681945396, 21.606855557116305], [85.40396477248767, 21.606856483800385], [85.40396378156505, 21.60694679854157], [85.4038672035631, 21.60694587185749], [85.4038681945396, 21.606855557116305]]], [[[85.4038681945396, 21.606855557116305], [85.40377161659154, 21.60685463036934], [85.40377062555216, 21.606944945110527], [85.40367404755918, 21.606944018309665], [85.40367503865247, 21.60685370357746], [85.40357846072237, 21.6068527767227], [85.4035774695662, 21.606943091454905], [85.40348089157322, 21.606942164537262], [85.40347791788014, 21.607213108706922], [85.40338133971649, 21.607212181726396], [85.40338034841659, 21.607302496449616], [85.40328377019902, 21.60730156940621], [85.40328277883624, 21.607391884120446], [85.40318620055581, 21.607390957014157], [85.40318520913014, 21.60748127171941], [85.40308863080479, 21.607480344559225], [85.40308962229334, 21.60739002985397], [85.4027998875239, 21.607387248050014], [85.40279790417848, 21.60756787742459], [85.40270132580822, 21.60756695003982], [85.4026993423191, 21.607747579405412], [85.40260276384103, 21.607746651948784], [85.40260177202909, 21.607836966627087], [85.40250519348814, 21.60783603910757], [85.40250320972952, 21.608016668446215], [85.40211689516147, 21.608012957793235], [85.40212284781177, 21.607471069858157], [85.4022194260922, 21.607471997584284], [85.40222041811974, 21.607381682914962], [85.4023169963373, 21.607382610578206], [85.40232096416896, 21.60702135189194], [85.40222438618497, 21.607020424246663], [85.40222537819453, 21.60693010957734], [85.40212880027342, 21.606929181887146], [85.40213078439137, 21.606748552548503], [85.40222736218672, 21.606749480238697], [85.40222835417832, 21.606659165569376], [85.40232493191976, 21.606660093196687], [85.40232592383951, 21.606569778518384], [85.40261565692012, 21.606572561049976], [85.40262061555761, 21.60612098758659], [85.4027171929577, 21.606121914962372], [85.40271620130746, 21.606212229667626], [85.40281277877042, 21.60621315698951], [85.4028117871651, 21.606303471694766], [85.40290836469994, 21.606304398971734], [85.40290638159708, 21.60648502838224], [85.40309953691828, 21.606486882774483], [85.40309854548363, 21.60657719748872], [85.40329170093958, 21.60657905167435], [85.40329269225745, 21.60648873695113], [85.403389269945, 21.6064896639586], [85.40339026119099, 21.6063993492264], [85.40348683881567, 21.60640027617099], [85.40348485642248, 21.606580905635397], [85.40367801193233, 21.606582759371868], [85.40367602975473, 21.60676338884526], [85.40386918551611, 21.606765242366134], [85.4038681945396, 21.606855557116305]]]]}, "id": "+185+403", "properties": {"annual_rainfall": 1389.0618859946728, "area_ha": 1.7849697089997767, "aspect": 240.05769779480713, "canopy_height": 13.428993600456526, "canopy_height_max": 14.336139077976604, "canopy_height_std": 0.7152216680495084, "centroid_lat": 21.607054993364745, "centroid_lon": 85.40281221793212, "cluster_id": 3, "distance_to_water": 463409.50001051987, "elevation": 562.5301430725964, "n_pixels": 178, "ndvi_amplitude_annual": 0.1880497467600611, "ndvi_mean": 0.5599608133237841, "ndvi_phase_annual": -2.8218772244809167, "ndvi_residual_variance": 0.007938322930893233, "ndvi_trend": -0.01157184331831725, "perim_m": 940.0580209603098, "slope": 4.64350059104064, "stand_id": 20, "stand_lbl": 81, "vh_iqr": 2.1055081728778253, "vh_p10": -18.067412188869408, "vh_p50": -17.0146581024305, "vh_p90": -15.961904015991594, "vv_iqr": 2.244978141875975, "vv_minus_vh_median": 7.824955468266664, "vv_p10": -10.312191705101828, "vv_p50": -9.189702634163833, "vv_p90": -8.067213563225845}}, {"type": "Feature", "geometry": {"type": "MultiPolygon", "coordinates": [[[[85.4016607956084, 21.605569822785505], [85.40166377243659, 21.60529887880449], [85.4015671956294, 21.6052979508448], [85.40156818795337, 21.605207636184463], [85.40127845774737, 21.605204851990987], [85.40127945024203, 21.605114537348616], [85.40118287357856, 21.605113609173333], [85.40118485868466, 21.604932979888588], [85.40128143523134, 21.604933908045908], [85.40128242770804, 21.604843593403533], [85.40118585122423, 21.604842665237232], [85.40118684376381, 21.60475235059486], [85.40080053810705, 21.604748637417618], [85.40080153088019, 21.60465832278423], [85.40089810722925, 21.60465925115714], [85.40090108533306, 21.604388307247994], [85.40109423768982, 21.604390163805174], [85.40109324510533, 21.604480478447545], [85.40157612636554, 21.60448511887481], [85.40157711864461, 21.604394804214472], [85.40167369485891, 21.604395732129245], [85.40167468706612, 21.60430541745094], [85.40186783937796, 21.604307273100822], [85.40186883146838, 21.60421695842252], [85.4020619836814, 21.604218813838838], [85.40206099171675, 21.604309128526126], [85.40196441554735, 21.604308200844915], [85.40196342351084, 21.604398515532203], [85.40177027107323, 21.604396659981134], [85.40176630240613, 21.60475791868537], [85.401862878863, 21.604758846501326], [85.40186387097138, 21.604668531823023], [85.40196044737434, 21.604669459585082], [85.40195945531985, 21.604759774263385], [85.40224918474432, 21.60476255721719], [85.40224720097672, 21.604943186600746], [85.40205404778452, 21.604941331337137], [85.40205107173784, 21.605212275390016], [85.4021476485181, 21.605213203053264], [85.40214665654446, 21.60530351774055], [85.4020500797193, 21.605302590068323], [85.40204710360975, 21.605573534103236], [85.40214368062355, 21.605574461784446], [85.40214467259719, 21.605484147106143], [85.40243440348593, 21.60548692982638], [85.40243539528888, 21.60539661513011], [85.40253197220387, 21.605397542586743], [85.40253296393496, 21.60530722789047], [85.40272611765717, 21.60530908262407], [85.40272413442854, 21.60548971203458], [85.4028207114154, 21.605490639329513], [85.402819719855, 21.605580954043752], [85.40310945103118, 21.60558373559618], [85.40310647685301, 21.60585467976584], [85.40291332236724, 21.605852825418516], [85.40291431388273, 21.605762510713262], [85.4027211595407, 21.605760656159323], [85.40271917626717, 21.60594128556085], [85.40262259898385, 21.605940358194047], [85.40261565692012, 21.606572561049976], [85.40232592383951, 21.606569778518384], [85.40232493191976, 21.606660093196687], [85.40222835417832, 21.606659165569376], [85.40222736218672, 21.606749480238697], [85.40213078439137, 21.606748552548503], [85.40212880027342, 21.606929181887146], [85.40222537819453, 21.60693010957734], [85.40222438618497, 21.607020424246663], [85.40232096416896, 21.60702135189194], [85.4023169963373, 21.607382610578206], [85.40222041811974, 21.607381682914962], [85.4022194260922, 21.607471997584284], [85.40212284781177, 21.607471069858157], [85.40211887939621, 21.607832328490527], [85.40202230089119, 21.607831400692536], [85.40201932435045, 21.608102344637615], [85.40182616698108, 21.608100488852987], [85.40182219770314, 21.608461747404508], [85.40172561879388, 21.608460819408887], [85.4017236340022, 21.60864144866668], [85.40182021303721, 21.608642376671284], [85.40181822834434, 21.608823005938063], [85.40162507004972, 21.60882114985699], [85.40162903988463, 21.608459891359367], [85.40153246098434, 21.60845896325595], [85.40153444599163, 21.608278334007135], [85.40163102477513, 21.608279262110557], [85.40163201720691, 21.608188947477167], [85.40153543848629, 21.60818801938273], [85.40153643097196, 21.608097704758325], [85.40143985231424, 21.60809677660999], [85.40144084486279, 21.60800646199457], [85.40134426626794, 21.608005533792337], [85.40134525887039, 21.607915219176913], [85.40144183740236, 21.60791614737016], [85.40144580751574, 21.607554888863557], [85.40154238581415, 21.607555816984945], [85.40154139335543, 21.60764613160935], [85.40163797171671, 21.607647059676836], [85.40163697931189, 21.607737374319207], [85.40183013617819, 21.607739230292484], [85.4018321207453, 21.607558600998757], [85.40192869906167, 21.607559528895564], [85.40192969127784, 21.607469214244208], [85.40202626954031, 21.60747014207813], [85.40202825383793, 21.60728951276644], [85.40183509755553, 21.60728765706266], [85.40183608980765, 21.607197342411304], [85.40173951173382, 21.607196414478565], [85.40174050404882, 21.60710609983619], [85.40183708206874, 21.607107027759948], [85.40183807431187, 21.607016713108592], [85.40164491840677, 21.607014857207183], [85.4016518648453, 21.606382654674647], [85.40184501991497, 21.606384510522158], [85.4018479965186, 21.606113566541147], [85.40194457388276, 21.606114494366086], [85.40194556601809, 21.60602417970575], [85.40184898871681, 21.606023251880806], [85.40185295742882, 21.60566199322149], [85.40175638037009, 21.605661065360614], [85.40175737260424, 21.605570750700277], [85.4016607956084, 21.605569822785505]]], [[[85.4016607956084, 21.605569822785505], [85.40165980332034, 21.60566013744584], [85.40146664923883, 21.605658281436632], [85.40146764164365, 21.60556796679426], [85.4016607956084, 21.605569822785505]]]]}, "id": "+178+412", "properties": {"annual_rainfall": 1389.0618859946728, "area_ha": 3.279127801255686, "aspect": 246.2503912710482, "canopy_height": 9.97357116693121, "canopy_height_max": 12.261757556248687, "canopy_height_std": 1.7995334958315834, "centroid_lat": 21.606120744041906, "centroid_lon": 85.40194819729915, "distance_to_water": 463409.50001051987, "elevation": 559.5733425092409, "n_pixels": 328, "ndvi_amplitude_annual": 0.12359604009939404, "ndvi_mean": 0.40225901210466614, "ndvi_phase_annual": -1.7882227088966398, "ndvi_residual_variance": 0.0050463050809414775, "ndvi_trend": -0.0005568453936974395, "perim_m": 2160.132370164472, "slope": 4.428200375176209, "stand_id": 21, "stand_lbl": 80, "vh_iqr": 2.1537362776108946, "vh_p10": -19.654643661369228, "vh_p50": -18.57777552256378, "vh_p90": -17.500907383758342, "vv_iqr": 2.3197374764391627, "vv_minus_vh_median": 7.995487499646999, "vv_p10": -11.742156761136354, "vv_p50": -10.582288022916773, "vv_p90": -9.422419284697193}}, {"type": "Feature", "geometry": {"type": "Polygon", "coordinates": [[[85.4016607956084, 21.605569822785505], [85.40175737260424, 21.605570750700277], [85.40175638037009, 21.605661065360614], [85.40185295742882, 21.60566199322149], [85.40184898871681, 21.606023251880806], [85.40194556601809, 21.60602417970575], [85.40194457388276, 21.606114494366086], [85.4018479965186, 21.606113566541147], [85.40184501991497, 21.606384510522158], [85.4016518648453, 21.606382654674647], [85.40164491840677, 21.607014857207183], [85.40154834046768, 21.607013929166644], [85.40154933289048, 21.606923614524273], [85.40145275500531, 21.60692268643882], [85.40145374749098, 21.60683237180543], [85.40135716966869, 21.60683144366608], [85.40136213228571, 21.606379870490155], [85.40126555477782, 21.606378942314873], [85.40126853245943, 21.606107998405722], [85.40117195514019, 21.606107070185523], [85.40117394035408, 21.605926440918743], [85.40127051755654, 21.60592736912996], [85.40127349516628, 21.60565642521183], [85.40117691814348, 21.605655497018578], [85.40117791072798, 21.605565182376207], [85.40108133376806, 21.605564254129057], [85.40108530429467, 21.60520299558652], [85.4009887275773, 21.605202067294456], [85.4009926982656, 21.604840808751916], [85.40118585122423, 21.604842665237232], [85.40118287357856, 21.605113609173333], [85.40127945024203, 21.605114537348616], [85.40127845774737, 21.605204851990987], [85.40156818795337, 21.605207636184463], [85.4015671956294, 21.6052979508448], [85.40166377243659, 21.60529887880449], [85.4016607956084, 21.605569822785505]], [[85.4016607956084, 21.605569822785505], [85.40146764164365, 21.60556796679426], [85.40146664923883, 21.605658281436632], [85.40165980332034, 21.60566013744584], [85.4016607956084, 21.605569822785505]]]}, "id": "+176+392", "properties": {"annual_rainfall": 1389.0618859946728, "area_ha": 1.0529305406274179, "aspect": 124.96210467976037, "canopy_height": 3.2442065883820015, "canopy_height_max": 6.591568810835152, "canopy_height_std": 1.9345798868378645, "centroid_lat": 21.605892638543956, "centroid_lon": 85.40146085436977, "distance_to_water": 463409.50001051987, "elevation": 558.4358654612214, "n_pixels": 105, "ndvi_amplitude_annual": 0.09856149752582033, "ndvi_mean": 0.28736743382007934, "ndvi_phase_annual": 1.1114811341350848, "ndvi_residual_variance": 0.003615125591359559, "ndvi_trend": 0.003758845108353989, "perim_m": 760.0462849929644, "slope": 2.883820014548478, "stand_id": 22, "stand_lbl": 76, "vh_iqr": 2.52403154596076, "vh_p10": -22.142284538381098, "vh_p50": -20.880268765400714, "vh_p90": -19.61825299242034, "vv_iqr": 1.896051212017652, "vv_minus_vh_median": 7.4789376670516745, "vv_p10": -14.349356704357879, "vv_p50": -13.401331098349056, "vv_p90": -12.453305492340233}}, {"type": "Feature", "geometry": {"type": "MultiPolygon", "coordinates": [[[[85.4038681945396, 21.606855557116305], [85.4038672035631, 21.60694587185749], [85.40377062555216, 21.606944945110527], [85.40377161659154, 21.60685463036934], [85.4038681945396, 21.606855557116305]]], [[[85.4041589191986, 21.606768022238715], [85.40406234130444, 21.60676709567141], [85.40406333215518, 21.606676780921244], [85.40387017648364, 21.606674927624947], [85.40386918551611, 21.606765242366134], [85.40367602975473, 21.60676338884526], [85.40367801193233, 21.606582759371868], [85.40348485642248, 21.606580905635397], [85.40348683881567, 21.60640027617099], [85.40339026119099, 21.6063993492264], [85.403389269945, 21.6064896639586], [85.40329269225745, 21.60648873695113], [85.40329170093958, 21.60657905167435], [85.40309854548363, 21.60657719748872], [85.40309953691828, 21.606486882774483], [85.40290638159708, 21.60648502838224], [85.40290836469994, 21.606304398971734], [85.4028117871651, 21.606303471694766], [85.40281277877042, 21.60621315698951], [85.40271620130746, 21.606212229667626], [85.4027171929577, 21.606121914962372], [85.40262061555761, 21.60612098758659], [85.40262259898385, 21.605940358194047], [85.40271917626717, 21.60594128556085], [85.4027211595407, 21.605760656159323], [85.40291431388273, 21.605762510713262], [85.40291332236724, 21.605852825418516], [85.40310647685301, 21.60585467976584], [85.40310945103118, 21.60558373559618], [85.4032060280989, 21.605584662666537], [85.40320503677205, 21.605674977398742], [85.40330161390264, 21.605675904415197], [85.40330062262969, 21.6057662191474], [85.40359035424605, 21.605768999891346], [85.40358936315276, 21.605859314632532], [85.40378251770142, 21.605861168180358], [85.40378053573043, 21.606041797680696], [85.40387711313952, 21.606042724382743], [85.40387810406212, 21.605952409632575], [85.40407125877246, 21.605954262857004], [85.40407026795765, 21.606044577616156], [85.40426342281172, 21.606046430633977], [85.40426144141567, 21.606227060170248], [85.40435801896848, 21.60622798659382], [85.40435702831536, 21.606318301370937], [85.40445360593105, 21.60631922774959], [85.40445459652128, 21.606228912972473], [85.40455117408307, 21.606229839288243], [85.40455216460143, 21.606139524511125], [85.40464874210932, 21.606140450764013], [85.4046507230113, 21.60595982119181], [85.40503703261165, 21.605963525628447], [85.4050380228156, 21.605873210824377], [85.40523117752595, 21.605875062701333], [85.40523216760414, 21.605784747888283], [85.40542532221568, 21.60578659953168], [85.40542829207295, 21.605515655056593], [85.40523513782074, 21.605513803440143], [85.40523612788097, 21.60542348861811], [85.40513955082224, 21.60542256273353], [85.40514054093636, 21.60533224792048], [85.40504396394051, 21.605331321982], [85.40504297376351, 21.60542163678607], [85.404849819673, 21.605419784729445], [85.40485080996679, 21.60532946993436], [85.40456107905112, 21.605326691436204], [85.40456206951558, 21.6052363766501], [85.40446549261856, 21.605235450379247], [85.4044645020912, 21.605325765165347], [85.40436792513128, 21.60532483883161], [85.40436693454106, 21.605415153617713], [85.40427035752724, 21.605414227221093], [85.40427134818036, 21.605323912443975], [85.40417477122942, 21.605322986002438], [85.40417576194542, 21.60523267122532], [85.40407918505737, 21.605231744729885], [85.40408116657919, 21.605051115193614], [85.40398458982588, 21.605050188644277], [85.40398657144652, 21.604869559108007], [85.40388999481, 21.60486863252274], [85.40389098566973, 21.604778317754604], [85.40379440910507, 21.604777391106456], [85.40379639093231, 21.60459676158815], [85.40389296738019, 21.604597688218334], [85.4038949490727, 21.604417058682063], [85.40360522010636, 21.604414278638803], [85.40360720213124, 21.6042336491205], [85.40380035453292, 21.604235502515607], [85.4038013454106, 21.604145187747473], [85.40389792156203, 21.604146114359686], [85.40389891238583, 21.604055799591553], [85.40409206457191, 21.60405765263632], [85.40409305526994, 21.603967337850218], [85.40418963131357, 21.603968264291755], [85.40419062193973, 21.603877949496667], [85.40428719792946, 21.60387887587532], [85.40428818849274, 21.603788561080236], [85.40467449226303, 21.603792266010945], [85.40467350193332, 21.603882580815014], [85.40477007795, 21.60388350691519], [85.40476710712254, 21.604154451354344], [85.40486368331888, 21.604155377409604], [85.40486269309696, 21.60424569222266], [85.4050558456244, 21.60424754417148], [85.40505485551927, 21.604337858993514], [85.40563431359566, 21.604343413510477], [85.40563530335045, 21.604253098661495], [85.4057318796546, 21.6042540242137], [85.40573286934651, 21.60416370935573], [85.40582944559675, 21.604164634854037], [85.40582845596772, 21.604254949712004], [85.40592503228085, 21.604255875147427], [85.4059240427147, 21.604346190014375], [85.40602061909071, 21.6043471153959], [85.40601962957845, 21.60443743026285], [85.40611620601734, 21.60443835559946], [85.40611323761534, 21.60470930020031], [85.40620981424289, 21.604710225492003], [85.40620783539804, 21.604890855234885], [85.40630441216032, 21.604891780481662], [85.4063014440278, 21.605162725091496], [85.40639802096976, 21.605163650293356], [85.40639604231356, 21.605344280036242], [85.40649261938127, 21.60534520519319], [85.40648965153622, 21.605616149812004], [85.40658622879258, 21.605617074924034], [85.40658425032503, 21.6057977046759], [85.40668082769817, 21.605798629743013], [85.4066778601316, 21.606069574370817], [85.4065812825788, 21.60606864929472], [85.40658029332705, 21.60615896416167], [85.40667687093375, 21.60615988924675], [85.40667588173591, 21.606250204122684], [85.40677245941448, 21.60625112914488], [85.40677048111762, 21.60643175890573], [85.40667390331328, 21.606430833865566], [85.40667489252908, 21.606340518989633], [85.40648173706415, 21.606338668756592], [85.40648074773156, 21.60642898361456], [85.40619101439044, 21.606426207829315], [85.40618903535696, 21.606606837527284], [85.40589930170142, 21.606604061212032], [85.40589831199154, 21.606694376052033], [85.40580173406144, 21.606693450490848], [85.40580272382522, 21.606603135659828], [85.405706145958, 21.606602210053726], [85.40570416630469, 21.60678283970678], [85.40589732228166, 21.606784690883053], [85.40589534284393, 21.606965320545086], [85.40579876472519, 21.606964394974916], [85.40579777494344, 21.607054709805936], [85.4057011967708, 21.607053784172884], [85.40569921706359, 21.607234413816954], [85.405795795353, 21.607235339458988], [85.4057948055443, 21.607325654281023], [85.40550507052333, 21.607322877184238], [85.40550309053762, 21.607503506801358], [85.4053099336354, 21.607501655113047], [85.40530894352128, 21.607591969917117], [85.40521236501625, 21.607591043978637], [85.40521137483925, 21.60768135877372], [85.40511479628033, 21.607680432781343], [85.40511578652023, 21.60759011798626], [85.40472947258999, 21.607586413468773], [85.40473145354586, 21.607405783923518], [85.40463487519357, 21.607404857661646], [85.40463784675764, 21.607133913339272], [85.40444469043032, 21.60713206068078], [85.40444568106548, 21.607041745912642], [85.4042525248819, 21.607039893029572], [85.40425450636778, 21.606859263511268], [85.40415792840176, 21.606858336997867], [85.4041589191986, 21.606768022238715]], [[85.4041589191986, 21.606768022238715], [85.40425549710174, 21.606768948752116], [85.40425747856068, 21.606588319224826], [85.40416090077431, 21.606587392720407], [85.4041589191986, 21.606768022238715]]], [[[85.40386918551611, 21.606765242366134], [85.40396576340129, 21.606766169050214], [85.40396477248767, 21.606856483800385], [85.4038681945396, 21.606855557116305], [85.40386918551611, 21.606765242366134]]]]}, "id": "+213+399", "properties": {"annual_rainfall": 1389.0618859946728, "area_ha": 8.443525321973942, "aspect": 275.37936471495374, "canopy_height": 17.802629060602396, "canopy_height_max": 18.363714265829216, "canopy_height_std": 0.4752175275748145, "centroid_lat": 21.6057339014164, "centroid_lon": 85.40495259920881, "cluster_id": 1, "distance_to_water": 463409.50001051987, "elevation": 584.5207292826294, "n_pixels": 844, "ndvi_amplitude_annual": 0.16408779765512424, "ndvi_mean": 0.607497495587211, "ndvi_phase_annual": -0.9705103221446146, "ndvi_residual_variance": 0.007330006157653486, "ndvi_trend": 0.004372593082401002, "perim_m": 2740.1715237752096, "slope": 8.824791970787116, "stand_id": 23, "stand_lbl": 92, "vh_iqr": 2.226101574627696, "vh_p10": -15.836962912015135, "vh_p50": -14.723912124701274, "vh_p90": -13.610861337387448, "vv_iqr": 2.1646836781040015, "vv_minus_vh_median": 6.8915878855254284, "vv_p10": -8.914666078227867, "vv_p50": -7.832324239175853, "vv_p90": -6.749982400123855}}, {"type": "Feature", "geometry": {"type": "Polygon", "coordinates": [[[85.40116302140366, 21.60691990183212], [85.40106644353645, 21.606918973522088], [85.40106743625569, 21.606828658906668], [85.40097085846034, 21.606827730542737], [85.4009688729051, 21.6070083597646], [85.40087229499296, 21.607007431337784], [85.40087328783797, 21.606917116731346], [85.4007767099977, 21.606916188250636], [85.40077472418193, 21.60709681745453], [85.40067814622489, 21.607095888910937], [85.40067616027437, 21.60727651810585], [85.40086931643101, 21.607278375157104], [85.40086733070507, 21.607459004369982], [85.4007707524965, 21.607458075862322], [85.40076876662684, 21.607638705057234], [85.40067218831047, 21.60763777648669], [85.40067119530377, 21.607728091084144], [85.40047803856322, 21.607726233763398], [85.40048002481018, 21.607545604595433], [85.40038344656568, 21.607544675863195], [85.40038543291145, 21.60736404669523], [85.40028885479272, 21.60736311790909], [85.40029084122831, 21.607182488750116], [85.40019426323533, 21.60718155991906], [85.40019624977874, 21.60700093076008], [85.40009967191153, 21.60700000188411], [85.40010165855375, 21.606819372734115], [85.4000050808123, 21.60681844381323], [85.40000706754435, 21.60663781466323], [85.39991048992866, 21.60663688568845], [85.3999124767685, 21.606456256547435], [85.3998158992786, 21.606455327527733], [85.3998188796731, 21.606184383816213], [85.39972230236285, 21.606183454751598], [85.39972428939134, 21.60600282561957], [85.39962771220685, 21.606001896510037], [85.39962969933416, 21.605821267378005], [85.39953312227543, 21.605820338214574], [85.39953510949256, 21.605639709091527], [85.39943853256858, 21.605638779883183], [85.39944051988454, 21.605458150760136], [85.39934394307734, 21.60545722150687], [85.39934593050108, 21.60527659239281], [85.39924935381966, 21.60527566309463], [85.39925134134222, 21.605095033980568], [85.39915476477756, 21.60509410462849], [85.39915675239895, 21.60491347552341], [85.39906017596904, 21.604912546126418], [85.39906216368924, 21.604731917021336], [85.39896558737611, 21.604730987579426], [85.39896757519512, 21.604550358474345], [85.39887099901674, 21.60454942898752], [85.39887298692558, 21.604368799891425], [85.39877641087297, 21.6043678703507], [85.3987783988896, 21.604187241254603], [85.39887497482543, 21.604188170786344], [85.39887895055328, 21.603826912576185], [85.39878237485101, 21.60382598306241], [85.39878535677266, 21.60355503940479], [85.39888193229528, 21.603555968900597], [85.3988859078794, 21.603194710663487], [85.3990790584485, 21.603196569457474], [85.39907806468723, 21.603286884027977], [85.39917464003916, 21.603287813353106], [85.39916967142139, 21.60373938620564], [85.39926624707874, 21.603740315494836], [85.39926525339831, 21.60383063006534], [85.39916867767808, 21.603829700776146], [85.39916768393476, 21.603920015346652], [85.39907110816061, 21.603919085994576], [85.39907011435442, 21.604009400556098], [85.39926326601947, 21.604011259206352], [85.39926028492427, 21.604282202917872], [85.39935686094994, 21.604283132171137], [85.39935586729645, 21.604373446741644], [85.39964559558007, 21.604376234178037], [85.39964261513165, 21.60464717792549], [85.39973919141782, 21.60464810697214], [85.39974018484673, 21.604557792383666], [85.40012648979382, 21.604561507995342], [85.40012450341212, 21.60474213719924], [85.399834774329, 21.604739350544378], [85.39983278757, 21.604919979721323], [85.39992936404482, 21.60492090866916], [85.39992837071473, 21.605011223257634], [85.40002494726141, 21.60501215215157], [85.40002395398523, 21.605102466749024], [85.40012053058581, 21.60510339558906], [85.40011655768765, 21.605464653969904], [85.40021313453079, 21.60546558277401], [85.4002121413534, 21.605555897371463], [85.4004052951834, 21.605557754817976], [85.40040231597467, 21.60582869862831], [85.40059547019094, 21.605830555877194], [85.40059447722916, 21.605920870483633], [85.40069105440466, 21.60592179903621], [85.40070098317807, 21.605018652855037], [85.40099071293493, 21.605021438027677], [85.4009887275773, 21.605202067294456], [85.40108530429467, 21.60520299558652], [85.40108133376806, 21.605564254129057], [85.40117791072798, 21.605565182376207], [85.40117691814348, 21.605655497018578], [85.40127349516628, 21.60565642521183], [85.40127051755654, 21.60592736912996], [85.40117394035408, 21.605926440918743], [85.40117195514019, 21.606107070185523], [85.40126853245943, 21.606107998405722], [85.40126555477782, 21.606378942314873], [85.40136213228571, 21.606379870490155], [85.40135716966869, 21.60683144366608], [85.40145374749098, 21.60683237180543], [85.40145275500531, 21.60692268643882], [85.40154933289048, 21.606923614524273], [85.40154834046768, 21.607013929166644], [85.40116202873833, 21.607010216456526], [85.40116302140366, 21.60691990183212]], [[85.40116302140366, 21.60691990183212], [85.40125959926189, 21.606920830088253], [85.40126059186436, 21.606830515463848], [85.40116401406003, 21.606829587216698], [85.40116302140366, 21.60691990183212]]]}, "id": "+166+400", "properties": {"annual_rainfall": 1387.0351202912004, "area_ha": 4.562694090392442, "aspect": 84.96205240100811, "canopy_height": 8.066060044418172, "canopy_height_max": 9.712384360969534, "canopy_height_std": 1.4562683335323972, "centroid_lat": 21.60571159599638, "centroid_lon": 85.40014642702138, "distance_to_water": 463409.50001051987, "elevation": 561.4445290167622, "n_pixels": 456, "ndvi_amplitude_annual": 0.1510017494002163, "ndvi_mean": 0.4235095088729022, "ndvi_phase_annual": -2.2723434419906146, "ndvi_residual_variance": 0.008066145047549492, "ndvi_trend": -0.00040194360011389064, "perim_m": 2080.125626683189, "slope": 2.6194414844133216, "stand_id": 24, "stand_lbl": 70, "vh_iqr": 2.465962747523771, "vh_p10": -20.17879250634883, "vh_p50": -18.945811132586933, "vh_p90": -17.71282975882507, "vv_iqr": 2.3679687961934754, "vv_minus_vh_median": 7.7062163198013955, "vv_p10": -12.42357921088229, "vv_p50": -11.239594812785542, "vv_p90": -10.05561041468882}}, {"type": "Feature", "geometry": {"type": "Polygon", "coordinates": [[[85.40204710360975, 21.605573534103236], [85.4020500797193, 21.605302590068323], [85.40214665654446, 21.60530351774055], [85.4021476485181, 21.605213203053264], [85.40205107173784, 21.605212275390016], [85.40205404778452, 21.604941331337137], [85.40234377758628, 21.60494411414721], [85.40234278575637, 21.605034428843478], [85.40243936241986, 21.605035356336042], [85.40244035419586, 21.604945041639773], [85.40263350742399, 21.604946896454223], [85.40263152411451, 21.605127525873712], [85.40272810085884, 21.605128453204582], [85.40272710926249, 21.605218767909836], [85.40292026288587, 21.60522062241886], [85.40291927139732, 21.605310937133094], [85.4030158482764, 21.605311864302266], [85.40301683970206, 21.605221549588027], [85.40311341652722, 21.605222476694316], [85.4031153992438, 21.605041847238894], [85.40330855266956, 21.605043701280792], [85.40330954390657, 21.604953386539606], [85.40340612056106, 21.60495431346623], [85.40340711173519, 21.604863998725044], [85.40360026494535, 21.604865852407617], [85.40359828284862, 21.60504648191694], [85.40369485958395, 21.60504740868187], [85.40369386858949, 21.605137723432037], [85.40359729179126, 21.605136796667107], [85.40359431859225, 21.605407740908635], [85.40349774162335, 21.60540681407184], [85.40349675048515, 21.605497128813028], [85.40340017345338, 21.60549620191335], [85.40339918225229, 21.605586516645552], [85.40349575933796, 21.605587443554214], [85.40349476819078, 21.6056777582954], [85.40368792249689, 21.605679611942037], [85.40369089556114, 21.60540866769153], [85.403787472548, 21.605409594420525], [85.40378648158948, 21.605499909179677], [85.40388305863023, 21.605500835854777], [85.40388206772559, 21.60559115061393], [85.4045581076128, 21.605597635803495], [85.40455711712139, 21.605687950589594], [85.40465369433282, 21.60568887682452], [85.40464874210932, 21.606140450764013], [85.40455216460143, 21.606139524511125], [85.40455117408307, 21.606229839288243], [85.40445459652128, 21.606228912972473], [85.40445360593105, 21.60631922774959], [85.40435702831536, 21.606318301370937], [85.40435801896848, 21.60622798659382], [85.40426144141567, 21.606227060170248], [85.40426342281172, 21.606046430633977], [85.40407026795765, 21.606044577616156], [85.40407125877246, 21.605954262857004], [85.40387810406212, 21.605952409632575], [85.40387711313952, 21.606042724382743], [85.40378053573043, 21.606041797680696], [85.40378251770142, 21.605861168180358], [85.40358936315276, 21.605859314632532], [85.40359035424605, 21.605768999891346], [85.40330062262969, 21.6057662191474], [85.40330161390264, 21.605675904415197], [85.40320503677205, 21.605674977398742], [85.4032060280989, 21.605584662666537], [85.402819719855, 21.605580954043752], [85.4028207114154, 21.605490639329513], [85.40272413442854, 21.60548971203458], [85.40272611765717, 21.60530908262407], [85.40253296393496, 21.60530722789047], [85.40253197220387, 21.605397542586743], [85.40243539528888, 21.60539661513011], [85.40243440348593, 21.60548692982638], [85.40214467259719, 21.605484147106143], [85.40214368062355, 21.605574461784446], [85.40204710360975, 21.605573534103236]]]}, "id": "+205+384", "properties": {"annual_rainfall": 1389.0618859946728, "area_ha": 1.4540494192049847, "aspect": 241.25162325453152, "canopy_height": 14.719797437890152, "canopy_height_max": 15.725387951565608, "canopy_height_std": 0.7455189988760583, "centroid_lat": 21.60550657848291, "centroid_lon": 85.40341038486422, "cluster_id": 1, "distance_to_water": 463409.50001051987, "elevation": 566.2576650204321, "n_pixels": 145, "ndvi_amplitude_annual": 0.16502015502250786, "ndvi_mean": 0.4838262470082916, "ndvi_phase_annual": -2.8028239192961935, "ndvi_residual_variance": 0.007188669656576042, "ndvi_trend": 0.0023715923749424144, "perim_m": 1180.0732064570666, "slope": 5.483291132893784, "stand_id": 25, "stand_lbl": 85, "vh_iqr": 2.1318882904292216, "vh_p10": -18.373392783334086, "vh_p50": -17.30744863811947, "vh_p90": -16.241504492904856, "vv_iqr": 2.378278765345279, "vv_minus_vh_median": 7.316039270832942, "vv_p10": -11.180548749959167, "vv_p50": -9.991409367286531, "vv_p90": -8.802269984613897}}, {"type": "Feature", "geometry": {"type": "MultiPolygon", "coordinates": [[[[85.40118585122423, 21.604842665237232], [85.40128242770804, 21.604843593403533], [85.40128143523134, 21.604933908045908], [85.40118485868466, 21.604932979888588], [85.40118585122423, 21.604842665237232]]], [[[85.40118585122423, 21.604842665237232], [85.4009926982656, 21.604840808751916], [85.40099071293493, 21.605021438027677], [85.40070098317807, 21.605018652855037], [85.40069105440466, 21.60592179903621], [85.40059447722916, 21.605920870483633], [85.40059547019094, 21.605830555877194], [85.40040231597467, 21.60582869862831], [85.4004052951834, 21.605557754817976], [85.4002121413534, 21.605555897371463], [85.40021313453079, 21.60546558277401], [85.40011655768765, 21.605464653969904], [85.40012053058581, 21.60510339558906], [85.40002395398523, 21.605102466749024], [85.40002494726141, 21.60501215215157], [85.39992837071473, 21.605011223257634], [85.39992936404482, 21.60492090866916], [85.39983278757, 21.604919979721323], [85.399834774329, 21.604739350544378], [85.40012450341212, 21.60474213719924], [85.40012648979382, 21.604561507995342], [85.40002991354358, 21.604560579173274], [85.40003090678383, 21.604470264575816], [85.39993433060545, 21.60446933570883], [85.39993631719376, 21.604288706513916], [85.40012946932595, 21.604290564176026], [85.40013046248536, 21.60420024957857], [85.40032361451873, 21.60420210700712], [85.40032262146711, 21.60429242162254], [85.40041919754668, 21.604293350264946], [85.40041820455795, 21.60438366488037], [85.40061135685183, 21.604385521994505], [85.40060837820903, 21.604656465867723], [85.40070495454012, 21.604657394357417], [85.4007039617041, 21.604747708981822], [85.40118684376381, 21.60475235059486], [85.40118585122423, 21.604842665237232]]]]}, "id": "+166+380", "properties": {"annual_rainfall": 1388.7068225122557, "area_ha": 1.1532087574553962, "aspect": 155.38654586779472, "canopy_height": 4.420165414483239, "canopy_height_max": 7.642180693225584, "canopy_height_std": 1.9608667036299063, "centroid_lat": 21.604971555960237, "centroid_lon": 85.4004180398002, "distance_to_water": 463409.50001051987, "elevation": 563.9888250520867, "n_pixels": 115, "ndvi_amplitude_annual": 0.15449677154889982, "ndvi_mean": 0.35916102832350605, "ndvi_phase_annual": 1.0946934006646158, "ndvi_residual_variance": 0.0069591587056595395, "ndvi_trend": 0.002704551583750327, "perim_m": 740.044921449631, "slope": 3.077624850053665, "stand_id": 26, "stand_lbl": 72, "vh_iqr": 3.6074813282035145, "vh_p10": -21.699865108549147, "vh_p50": -19.896124444447405, "vh_p90": -18.092383780345646, "vv_iqr": 3.1352301980794053, "vv_minus_vh_median": 7.566020384939941, "vv_p10": -13.897719158547151, "vv_p50": -12.330104059507455, "vv_p90": -10.762488960467756}}, {"type": "Feature", "geometry": {"type": "Polygon", "coordinates": [[[85.40266028004015, 21.602508398936262], [85.40275685505073, 21.602509326141366], [85.40275586359812, 21.602599640882552], [85.40285243867157, 21.602600568033758], [85.4028534300613, 21.60251025329257], [85.40295000508085, 21.602511180389875], [85.4029509964077, 21.602420865639708], [85.40304757136437, 21.602421792674132], [85.40304856262834, 21.60233147792396], [85.4031451375401, 21.602332404895503], [85.40314910229053, 21.60197114584991], [85.40324567696872, 21.601972072749586], [85.4032486502935, 21.601701128436193], [85.40334522479203, 21.601702055272987], [85.4033472068708, 21.60152142571875], [85.40354035564329, 21.601523279203693], [85.4035413465569, 21.60143296441759], [85.40363792089374, 21.60143389106574], [85.403636930043, 21.601524205860823], [85.40383007885141, 21.601526059004406], [85.40382908810848, 21.601616373808476], [85.40392566258005, 21.601617300294926], [85.40392169982388, 21.601978559502218], [85.40382512511873, 21.601977632988817], [85.40382710662259, 21.601797003398648], [85.40363395746382, 21.601795150228114], [85.40363296658614, 21.601885465014217], [85.40343981732856, 21.601883611610123], [85.40343783533064, 21.60206424116436], [85.4037275595898, 21.60206702120762], [85.40372557793323, 21.602247650788808], [85.40391872771183, 21.602249503887474], [85.40391773698686, 21.60233981868256], [85.40401431194353, 21.602340745151043], [85.40401233061932, 21.6025213747502], [85.4042054807842, 21.60252322754344], [85.4042044902299, 21.602613542347505], [85.40439764052952, 21.602615394925152], [85.40439565965448, 21.602796024542272], [85.40449223493455, 21.602796950759227], [85.40449124454194, 21.602887265572278], [85.40468439523683, 21.602889117835513], [85.40468241468518, 21.603069747479584], [85.40458583921648, 21.603068821370425], [85.4045848488688, 21.603159136183475], [85.40439169782357, 21.60315728377651], [85.40438773591181, 21.603518542992784], [85.40477403898142, 21.603522247645017], [85.40477304873254, 21.603612562467053], [85.40496620041556, 21.60361441446079], [85.40496521028348, 21.60370472929181], [85.40448233081092, 21.60370009885381], [85.4044813403734, 21.60379041365788], [85.40428818849274, 21.603788561080236], [85.40428719792946, 21.60387887587532], [85.40419062193973, 21.603877949496667], [85.40418963131357, 21.603968264291755], [85.40409305526994, 21.603967337850218], [85.40409206457191, 21.60405765263632], [85.40389891238583, 21.604055799591553], [85.40389792156203, 21.604146114359686], [85.4038013454106, 21.604145187747473], [85.40380035453292, 21.604235502515607], [85.40360720213124, 21.6042336491205], [85.40360522010636, 21.604414278638803], [85.4038949490727, 21.604417058682063], [85.40389296738019, 21.604597688218334], [85.40379639093231, 21.60459676158815], [85.40379440910507, 21.604777391106456], [85.40389098566973, 21.604778317754604], [85.40388999481, 21.60486863252274], [85.40398657144652, 21.604869559108007], [85.40398458982588, 21.605050188644277], [85.40408116657919, 21.605051115193614], [85.40407918505737, 21.605231744729885], [85.40417576194542, 21.60523267122532], [85.40417477122942, 21.605322986002438], [85.40427134818036, 21.605323912443975], [85.40427035752724, 21.605414227221093], [85.40436693454106, 21.605415153617713], [85.40436792513128, 21.60532483883161], [85.4044645020912, 21.605325765165347], [85.40446549261856, 21.605235450379247], [85.40456206951558, 21.6052363766501], [85.40456107905112, 21.605326691436204], [85.40485080996679, 21.60532946993436], [85.404849819673, 21.605419784729445], [85.40504297376351, 21.60542163678607], [85.40504396394051, 21.605331321982], [85.40514054093636, 21.60533224792048], [85.40513955082224, 21.60542256273353], [85.40523612788097, 21.60542348861811], [85.40523513782074, 21.605513803440143], [85.40542829207295, 21.605515655056593], [85.40542532221568, 21.60578659953168], [85.40523216760414, 21.605784747888283], [85.40523117752595, 21.605875062701333], [85.4050380228156, 21.605873210824377], [85.40503703261165, 21.605963525628447], [85.4046507230113, 21.60595982119181], [85.40465369433282, 21.60568887682452], [85.40455711712139, 21.605687950589594], [85.4045581076128, 21.605597635803495], [85.40388206772559, 21.60559115061393], [85.40388305863023, 21.605500835854777], [85.40378648158948, 21.605499909179677], [85.403787472548, 21.605409594420525], [85.40369089556114, 21.60540866769153], [85.40368792249689, 21.605679611942037], [85.40349476819078, 21.6056777582954], [85.40349575933796, 21.605587443554214], [85.40339918225229, 21.605586516645552], [85.40340017345338, 21.60549620191335], [85.40349675048515, 21.605497128813028], [85.40349774162335, 21.60540681407184], [85.40359431859225, 21.605407740908635], [85.40359729179126, 21.605136796667107], [85.40369386858949, 21.605137723432037], [85.40369485958395, 21.60504740868187], [85.40359828284862, 21.60504648191694], [85.40360026494535, 21.604865852407617], [85.40340711173519, 21.604863998725044], [85.40340612056106, 21.60495431346623], [85.40330954390657, 21.604953386539606], [85.40330855266956, 21.605043701280792], [85.4031153992438, 21.605041847238894], [85.40311341652722, 21.605222476694316], [85.40301683970206, 21.605221549588027], [85.4030158482764, 21.605311864302266], [85.40291927139732, 21.605310937133094], [85.40292026288587, 21.60522062241886], [85.40272710926249, 21.605218767909836], [85.40272810085884, 21.605128453204582], [85.40263152411451, 21.605127525873712], [85.40263350742399, 21.604946896454223], [85.40244035419586, 21.604945041639773], [85.40243936241986, 21.605035356336042], [85.40234278575637, 21.605034428843478], [85.40234377758628, 21.60494411414721], [85.40224720097672, 21.604943186600746], [85.40224918474432, 21.60476255721719], [85.40195945531985, 21.604759774263385], [85.40196044737434, 21.604669459585082], [85.40186387097138, 21.604668531823023], [85.401862878863, 21.604758846501326], [85.40176630240613, 21.60475791868537], [85.40177027107323, 21.604396659981134], [85.40196342351084, 21.604398515532203], [85.40196441554735, 21.604308200844915], [85.40206099171675, 21.604309128526126], [85.4020619836814, 21.604218813838838], [85.40186883146838, 21.60421695842252], [85.40186783937796, 21.604307273100822], [85.40167468706612, 21.60430541745094], [85.40167369485891, 21.604395732129245], [85.40157711864461, 21.604394804214472], [85.40157612636554, 21.60448511887481], [85.40128639759683, 21.604482334789132], [85.40128739005557, 21.604392020137777], [85.40109423768982, 21.604390163805174], [85.4010972153894, 21.60411921986009], [85.40100063939067, 21.604118291621926], [85.4010016320111, 21.60402797697057], [85.40129135983658, 21.604030761505406], [85.40129235226834, 21.60394044684507], [85.40138892815926, 21.603941374903574], [85.40138992052816, 21.603851060234252], [85.40129334470012, 21.603850132184732], [85.40129532953672, 21.603669502855073], [85.40148848096823, 21.60367135889123], [85.40148947325626, 21.603581044221908], [85.40158604892261, 21.603581972154647], [85.40158803337293, 21.60340134279804], [85.40178118447206, 21.603403198474872], [85.40178217657146, 21.603312883787584], [85.40236162964423, 21.603318449443655], [85.40236262137532, 21.60322813472942], [85.40245919685302, 21.603229062141136], [85.40246018852122, 21.603138747417916], [85.40226703770058, 21.603136892558553], [85.40226802948557, 21.603046577844314], [85.40207487880866, 21.60304472276037], [85.40207686259424, 21.60286409334088], [85.40198028738604, 21.602863165731534], [85.40198127933273, 21.60277285102628], [85.40178812904209, 21.602770995627925], [85.40178912110555, 21.602680680931655], [85.40188569618799, 21.602681608657782], [85.40188668817959, 21.60259129395253], [85.40198326320812, 21.602592221615772], [85.40198524705659, 21.602411592205264], [85.40208182196834, 21.602412519796644], [85.4020808301025, 21.60250283451088], [85.40246713004596, 21.602506544346394], [85.40246911329255, 21.60232591489097], [85.40256568816838, 21.60232684220387], [85.40256469660797, 21.602417156936074], [85.40266127154668, 21.602418084195076], [85.40266028004015, 21.602508398936262]], [[85.40266028004015, 21.602508398936262], [85.40256370503857, 21.602507471668275], [85.40256271346918, 21.60259778640048], [85.40265928853364, 21.602598713668467], [85.40266028004015, 21.602508398936262]], [[85.40372557793323, 21.602247650788808], [85.4036290030574, 21.60224672414964], [85.40362801215277, 21.602337038935744], [85.40372458710046, 21.60233796557491], [85.40372557793323, 21.602247650788808]], [[85.40448233081092, 21.60370009885381], [85.40448332124843, 21.603609784049745], [85.40438674542938, 21.603608857796853], [85.40438575492898, 21.603699172600923], [85.40448233081092, 21.60370009885381]]]}, "id": "+211+380", "properties": {"annual_rainfall": 1389.0618859946728, "area_ha": 8.8346042241609, "aspect": 285.5314571581504, "canopy_height": 17.02101124058138, "canopy_height_max": 17.564236011034716, "canopy_height_std": 0.4473779166065636, "centroid_lat": 21.60378491965458, "centroid_lon": 85.40316608752393, "cluster_id": 1, "distance_to_water": 463409.50001051987, "elevation": 581.8234611108821, "n_pixels": 883, "ndvi_amplitude_annual": 0.19499369034079364, "ndvi_mean": 0.586461116701313, "ndvi_phase_annual": -2.3458991682983967, "ndvi_residual_variance": 0.007753028447649062, "ndvi_trend": 0.005150545994495385, "perim_m": 3220.199777284846, "slope": 7.547515131551859, "stand_id": 27, "stand_lbl": 84, "vh_iqr": 2.210123606079274, "vh_p10": -16.661897947157684, "vh_p50": -15.556836144118058, "vh_p90": -14.451774341078435, "vv_iqr": 2.0823596061446206, "vv_minus_vh_median": 6.812522135481792, "vv_p10": -9.785493811708578, "vv_p50": -8.744314008636271, "vv_p90": -7.703134205563967}}, {"type": "Feature", "geometry": {"type": "MultiPolygon", "coordinates": [[[[85.40109423768982, 21.604390163805174], [85.40128739005557, 21.604392020137777], [85.40128639759683, 21.604482334789132], [85.40109324510533, 21.604480478447545], [85.40109423768982, 21.604390163805174]]], [[[85.39947529466632, 21.602297140451046], [85.39957186938044, 21.602298069497696], [85.39957385620232, 21.602117440293803], [85.3998635800213, 21.602120227074426], [85.3998645732436, 21.602029912459003], [85.39996114780502, 21.602030841263108], [85.39996313410587, 21.60185021202328], [85.39986655967023, 21.601849283219174], [85.39986755287455, 21.60175896859477], [85.399674404138, 21.601757110833848], [85.3996753974591, 21.601666796218424], [85.39948224885731, 21.601664938241903], [85.39948622257293, 21.601303679807167], [85.39958279662231, 21.6013046088089], [85.39958378997935, 21.601214294193475], [85.39948721598387, 21.601213365200728], [85.39948820939482, 21.601123050585304], [85.39939163546222, 21.601122121538655], [85.39939362238292, 21.600941492325777], [85.39949019619873, 21.600942421363442], [85.3994911895917, 21.60085210674802], [85.39958776334463, 21.600853035731788], [85.39959074331694, 21.600582091867555], [85.39968731689919, 21.600583020779457], [85.39968632364096, 21.60067333540386], [85.39978289729508, 21.600674264261865], [85.39977991766413, 21.600945208144065], [85.3998764914979, 21.600946136966137], [85.39987549833849, 21.60103645159054], [85.40026179397005, 21.601040166312888], [85.4002608010442, 21.60113048095526], [85.40074367099461, 21.601135123116272], [85.4007426783652, 21.601225437785594], [85.40093582649989, 21.60122729427091], [85.40093384145666, 21.601407923618535], [85.40103041565875, 21.60140885177585], [85.40102843071435, 21.60158948113246], [85.40112500503322, 21.601590409244864], [85.4011240126194, 21.601680723923167], [85.40102743823766, 21.601679795801783], [85.40102644575198, 21.601770110480086], [85.40083329688967, 21.601768254057653], [85.40083230428722, 21.60185856871799], [85.40073572979767, 21.601857640425926], [85.40073672246301, 21.60176732576559], [85.40064014804533, 21.601766397410643], [85.40063915531711, 21.60185671207098], [85.40054258084552, 21.60185578366213], [85.40054059525434, 21.602036412955858], [85.40044402066597, 21.60203548448413], [85.40044203494004, 21.602216113768876], [85.4003454602349, 21.60221518522528], [85.4003474460866, 21.602034555949523], [85.40025087150721, 21.602033627361013], [85.40024888553874, 21.60221425663677], [85.40015231084257, 21.602213327985382], [85.4001453593645, 21.60284553035622], [85.40024193447388, 21.602846459043544], [85.40024094144921, 21.60293677366795], [85.40033751663047, 21.60293770229239], [85.40033850959225, 21.602847387667985], [85.40072481011963, 21.602851101608795], [85.4007228246542, 21.603031730902522], [85.40101255045846, 21.603034515796686], [85.40101155790092, 21.60312483044804], [85.40091498256696, 21.603123902209873], [85.40091001938399, 21.603575475457664], [85.4010065950144, 21.60357640372278], [85.4010056024299, 21.603666718374136], [85.4011021781232, 21.603667646594335], [85.4010992004955, 21.603938590557384], [85.40100262462254, 21.6039376623282], [85.40100063939067, 21.604118291621926], [85.4010972153894, 21.60411921986009], [85.40109423768982, 21.604390163805174], [85.40090108533306, 21.604388307247994], [85.40089810722925, 21.60465925115714], [85.40080153088019, 21.60465832278423], [85.40080053810705, 21.604748637417618], [85.4007039617041, 21.604747708981822], [85.40070495454012, 21.604657394357417], [85.40060837820903, 21.604656465867723], [85.40061135685183, 21.604385521994505], [85.40041820455795, 21.60438366488037], [85.40041919754668, 21.604293350264946], [85.40032262146711, 21.60429242162254], [85.40032361451873, 21.60420210700712], [85.40013046248536, 21.60420024957857], [85.40012946932595, 21.604290564176026], [85.39993631719376, 21.604288706513916], [85.39993433060545, 21.60446933570883], [85.40003090678383, 21.604470264575816], [85.40002991354358, 21.604560579173274], [85.39974018484673, 21.604557792383666], [85.39973919141782, 21.60464810697214], [85.39964261513165, 21.60464717792549], [85.39964559558007, 21.604376234178037], [85.39935586729645, 21.604373446741644], [85.39935686094994, 21.604283132171137], [85.39926028492427, 21.604282202917872], [85.39926326601947, 21.604011259206352], [85.39907011435442, 21.604009400556098], [85.39907110816061, 21.603919085994576], [85.39916768393476, 21.603920015346652], [85.39916867767808, 21.603829700776146], [85.39926525339831, 21.60383063006534], [85.39926624707874, 21.603740315494836], [85.39916967142139, 21.60373938620564], [85.39917464003916, 21.603287813353106], [85.39907806468723, 21.603286884027977], [85.3990790584485, 21.603196569457474], [85.3988859078794, 21.603194710663487], [85.39888193229528, 21.603555968900597], [85.39878535677266, 21.60355503940479], [85.39878237485101, 21.60382598306241], [85.39887895055328, 21.603826912576185], [85.39887497482543, 21.604188170786344], [85.3987783988896, 21.604187241254603], [85.39877939288445, 21.604096926711048], [85.39868281701149, 21.60409599713439], [85.39868480511797, 21.603915368038294], [85.39858822937077, 21.603914438407738], [85.39859021757606, 21.603733809329608], [85.39849364195464, 21.60373287965414], [85.39849563024976, 21.603552250567024], [85.3983990547541, 21.603551320846638], [85.39840303153298, 21.603190062690373], [85.39878933259934, 21.60319378117666], [85.39879032654028, 21.60310346662412], [85.39888690176645, 21.603104396101962], [85.39888789563553, 21.60301408154044], [85.39879132048122, 21.603013152062598], [85.39879430225915, 21.60274220837803], [85.39869772728451, 21.602741278864254], [85.3986987212614, 21.60265096430273], [85.39860214635861, 21.602650034735056], [85.39860413441119, 21.602469405620994], [85.39870070920617, 21.602470335179685], [85.39870369107392, 21.60219939148613], [85.39880026568923, 21.60220032098194], [85.3987992717932, 21.602290635552446], [85.39899242115857, 21.60229249437338], [85.39899440869911, 21.6021118652144], [85.3990909832695, 21.60211279453953], [85.3990919769679, 21.602022479951057], [85.3991885514844, 21.602023409213302], [85.39918656419539, 21.602204038390248], [85.3993797134889, 21.60220589675304], [85.39938070700764, 21.602115582155587], [85.39947728160497, 21.602116511256135], [85.39947529466632, 21.602297140451046]], [[85.39947529466632, 21.602297140451046], [85.3993787199522, 21.6022962113505], [85.39937673287878, 21.602476840536426], [85.39947330770968, 21.602477769645958], [85.39947529466632, 21.602297140451046]]]]}, "id": "+167+367", "properties": {"annual_rainfall": 1386.2691490593957, "area_ha": 6.447940457659124, "aspect": 202.26072890607264, "canopy_height": 10.695236266714865, "canopy_height_max": 12.148028099024238, "canopy_height_std": 1.1691722551456583, "centroid_lat": 21.602916587505124, "centroid_lon": 85.39990206334652, "cluster_id": 3, "distance_to_water": 463409.50001051987, "elevation": 573.4047589265417, "n_pixels": 645, "ndvi_amplitude_annual": 0.1833947520329821, "ndvi_mean": 0.5167589245558151, "ndvi_phase_annual": -2.577639658228033, "ndvi_residual_variance": 0.008341571676932105, "ndvi_trend": -0.00422890350284456, "perim_m": 2620.158179613235, "slope": 4.7185694791903625, "stand_id": 28, "stand_lbl": 68, "vh_iqr": 2.2849740010117356, "vh_p10": -18.698554453851436, "vh_p50": -17.556067453345563, "vh_p90": -16.413580452839682, "vv_iqr": 2.1035782506879404, "vv_minus_vh_median": 7.206324829081578, "vv_p10": -11.401531749607939, "vv_p50": -10.349742624263959, "vv_p90": -9.297953498920004}}, {"type": "Feature", "geometry": {"type": "MultiPolygon", "coordinates": [[[[85.40354332835722, 21.601252334836403], [85.40344675414615, 21.601251408134356], [85.40344774510469, 21.601161093348253], [85.40354431925287, 21.6011620200503], [85.40354332835722, 21.601252334836403]]], [[[85.40372557793323, 21.602247650788808], [85.40372458710046, 21.60233796557491], [85.40362801215277, 21.602337038935744], [85.4036290030574, 21.60224672414964], [85.40372557793323, 21.602247650788808]]], [[[85.40448233081092, 21.60370009885381], [85.40438575492898, 21.603699172600923], [85.40438674542938, 21.603608857796853], [85.40448332124843, 21.603609784049745], [85.40448233081092, 21.60370009885381]]], [[[85.40592503228085, 21.604255875147427], [85.40602160860296, 21.604256800528947], [85.40602061909071, 21.6043471153959], [85.4059240427147, 21.604346190014375], [85.40592503228085, 21.604255875147427]]], [[[85.40354332835722, 21.601252334836403], [85.40373647679732, 21.601254188069817], [85.40373746756721, 21.601163873274732], [85.40364089341004, 21.601162946689467], [85.40364188424282, 21.601072631894382], [85.4037384583371, 21.601073558470663], [85.403739449107, 21.60098324367558], [85.40383602314738, 21.60098417018898], [85.40383800454345, 21.60080354058084], [85.40393457847603, 21.600804467031363], [85.40393358784088, 21.600894781844413], [85.40422330984528, 21.60089756089054], [85.40422132892533, 21.60107819053461], [85.4041247547951, 21.601077264236807], [85.40412376426775, 21.601167579049857], [85.40422033845188, 21.601168505356647], [85.40421934797843, 21.601258820169697], [85.40431592222542, 21.60125974642259], [85.4043129509488, 21.60153069088869], [85.40460267427372, 21.601533469350915], [85.40460366453158, 21.6014431545199], [85.40489338772174, 21.6014459324611], [85.40489041748717, 21.60171687699907], [85.40498699207554, 21.601717802874667], [85.40498501201796, 21.601898432572636], [85.4050815867321, 21.601899358403315], [85.40507861678498, 21.60217030295027], [85.40517519167877, 21.602171228745018], [85.40517321180985, 21.602351858442987], [85.40526978682941, 21.602352784183836], [85.40526681716076, 21.602623728739772], [85.40536339236897, 21.60262465444469], [85.40536141268869, 21.602805284151643], [85.40545798801368, 21.602806209802658], [85.40545501863251, 21.60307715436758], [85.40555159414613, 21.603078079982662], [85.4055496146545, 21.603258709698597], [85.4056461902939, 21.603259635259786], [85.4056432211912, 21.603530579833688], [85.40573979701924, 21.60353150534996], [85.40573682804231, 21.603802449932843], [85.405833404059, 21.603803375404198], [85.40583142483686, 21.603984005129117], [85.40592800097032, 21.603984930555555], [85.40592503228085, 21.604255875147427], [85.40582845596772, 21.604254949712004], [85.40582944559675, 21.604164634854037], [85.40573286934651, 21.60416370935573], [85.4057318796546, 21.6042540242137], [85.40563530335045, 21.604253098661495], [85.40563431359566, 21.604343413510477], [85.40505485551927, 21.604337858993514], [85.4050558456244, 21.60424754417148], [85.40486269309696, 21.60424569222266], [85.40486368331888, 21.604155377409604], [85.40476710712254, 21.604154451354344], [85.40477007795, 21.60388350691519], [85.40467350193332, 21.603882580815014], [85.40467449226303, 21.603792266010945], [85.4044813403734, 21.60379041365788], [85.40448233081092, 21.60370009885381], [85.40496521028348, 21.60370472929181], [85.40496620041556, 21.60361441446079], [85.40477304873254, 21.603612562467053], [85.40477403898142, 21.603522247645017], [85.40438773591181, 21.603518542992784], [85.40439169782357, 21.60315728377651], [85.4045848488688, 21.603159136183475], [85.40458583921648, 21.603068821370425], [85.40468241468518, 21.603069747479584], [85.40468439523683, 21.602889117835513], [85.40449124454194, 21.602887265572278], [85.40449223493455, 21.602796950759227], [85.40439565965448, 21.602796024542272], [85.40439764052952, 21.602615394925152], [85.4042044902299, 21.602613542347505], [85.4042054807842, 21.60252322754344], [85.40401233061932, 21.6025213747502], [85.40401431194353, 21.602340745151043], [85.40391773698686, 21.60233981868256], [85.40391872771183, 21.602249503887474], [85.40372557793323, 21.602247650788808], [85.4037275595898, 21.60206702120762], [85.40343783533064, 21.60206424116436], [85.40343981732856, 21.601883611610123], [85.40363296658614, 21.601885465014217], [85.40363395746382, 21.601795150228114], [85.40382710662259, 21.601797003398648], [85.40382512511873, 21.601977632988817], [85.40392169982388, 21.601978559502218], [85.40392566258005, 21.601617300294926], [85.40382908810848, 21.601616373808476], [85.40383007885141, 21.601526059004406], [85.40373350444273, 21.601525132464058], [85.40373449523058, 21.60143481766897], [85.40363792089374, 21.60143389106574], [85.4036389117355, 21.601343576279636], [85.40354233746156, 21.601342649631487], [85.40354332835722, 21.601252334836403]]]]}, "id": "+221+362", "properties": {"annual_rainfall": 1389.0618859946728, "area_ha": 4.071344701172679, "aspect": 301.8945397341819, "canopy_height": 15.174461591563489, "canopy_height_max": 15.726331374383474, "canopy_height_std": 0.4386053098430777, "centroid_lat": 21.602695884203953, "centroid_lon": 85.40474075396837, "cluster_id": 1, "distance_to_water": 463409.50001051987, "elevation": 612.1330163298505, "n_pixels": 407, "ndvi_amplitude_annual": 0.20694882082880464, "ndvi_mean": 0.5417920397348726, "ndvi_phase_annual": -2.365269828574595, "ndvi_residual_variance": 0.008094489110858142, "ndvi_trend": 0.01884673093417913, "perim_m": 1820.113703721121, "slope": 9.876216694523638, "stand_id": 29, "stand_lbl": 91, "vh_iqr": 2.556713294452035, "vh_p10": -16.93138736376992, "vh_p50": -15.653030716543913, "vh_p90": -14.374674069317882, "vv_iqr": 2.1344885660103143, "vv_minus_vh_median": 6.890556030857885, "vv_p10": -9.829718968691175, "vv_p50": -8.76247468568602, "vv_p90": -7.695230402680857}}, {"type": "Feature", "geometry": {"type": "MultiPolygon", "coordinates": [[[[85.4014954269037, 21.603039156161067], [85.40159200220172, 21.603040084066855], [85.40159101000351, 21.603130398754143], [85.4014944346426, 21.60312947083937], [85.4014954269037, 21.603039156161067]]], [[[85.4014954269037, 21.603039156161067], [85.40130227630763, 21.60303730018779], [85.40130128392975, 21.60312761485711], [85.40110813323489, 21.60312575864129], [85.40110912573853, 21.603035443980954], [85.40120570101858, 21.60303637211132], [85.40120669345036, 21.602946057442], [85.40111011823318, 21.602945129320613], [85.40111210320453, 21.602764499990954], [85.40101552810412, 21.60276357181567], [85.40101949823548, 21.602402313165335], [85.40111607309333, 21.60240324131367], [85.40111706555206, 21.60231292664435], [85.40121364035602, 21.602313854738785], [85.40121760990345, 21.60195259603455], [85.40141075904425, 21.601954452025794], [85.40141175129637, 21.601864137338506], [85.40160490034732, 21.601865993096187], [85.40160589247367, 21.601775678390933], [85.40170246694525, 21.601776606188924], [85.40170445106321, 21.601595976778416], [85.40180102542699, 21.601596904504543], [85.40180201741859, 21.60150658979929], [85.40199516602938, 21.60150844507188], [85.40199318227074, 21.601689074500353], [85.40189660784408, 21.601688146882022], [85.40189561590638, 21.60177846159626], [85.40179904142582, 21.601777533924032], [85.4017970573977, 21.60195816333454], [85.401603908212, 21.601956307792456], [85.40160291607665, 21.602046622488725], [85.40150634142542, 21.602045694627854], [85.40150336480382, 21.602316638689715], [85.4014067899819, 21.60231571076596], [85.40140480541478, 21.60249634013155], [85.4015013803535, 21.60249726806429], [85.40149840365105, 21.60276821211717], [85.40140182853268, 21.602767284175446], [85.40140083622667, 21.602857598844768], [85.40149741140792, 21.602858526804457], [85.4014954269037, 21.603039156161067]]]]}, "id": "+175+349", "properties": {"annual_rainfall": 1389.0618859946728, "area_ha": 0.6117027994027218, "aspect": 321.962090408993, "canopy_height": 15.278462090408992, "canopy_height_max": 15.90301363310213, "canopy_height_std": 0.5365706897573865, "centroid_lat": 21.602377055319977, "centroid_lon": 85.40139582385784, "cluster_id": 1, "distance_to_water": 463409.50001051987, "elevation": 582.9331499641233, "n_pixels": 61, "ndvi_amplitude_annual": 0.17145503247463545, "ndvi_mean": 0.706196262850279, "ndvi_phase_annual": -2.624663757909523, "ndvi_residual_variance": 0.007378142016743637, "ndvi_trend": -0.007883942305653877, "perim_m": 660.0402825798486, "slope": 8.325580004783543, "stand_id": 30, "stand_lbl": 75, "vh_iqr": 1.9926607456196044, "vh_p10": -15.23733874818004, "vh_p50": -14.241008375370237, "vh_p90": -13.244678002560443, "vv_iqr": 2.0190769362865937, "vv_minus_vh_median": 6.003013206591548, "vv_p10": -9.247533636921979, "vv_p50": -8.237995168778689, "vv_p90": -7.228456700635394}}, {"type": "Feature", "geometry": {"type": "MultiPolygon", "coordinates": [[[[85.3980405952452, 21.60101879443108], [85.39794402144736, 21.601017864549], [85.3979450158105, 21.60092755000544], [85.39804158954547, 21.600928479887525], [85.3980405952452, 21.60101879443108]]], [[[85.39947529466632, 21.602297140451046], [85.39947330770968, 21.602477769645958], [85.39937673287878, 21.602476840536426], [85.3993787199522, 21.6022962113505], [85.39947529466632, 21.602297140451046]]], [[[85.39803960094493, 21.60110910898362], [85.39803761232642, 21.601289738070736], [85.39813418630392, 21.60129066791689], [85.39813617480566, 21.601110038811807], [85.39823274866639, 21.60111096858609], [85.3982317544829, 21.601201283147617], [85.39871462418178, 21.601205931210558], [85.39871561807782, 21.60111561663107], [85.39890876587113, 21.60111747546099], [85.39890777210087, 21.601207790040476], [85.39900434606939, 21.60120871937459], [85.39900335235302, 21.601299033963063], [85.39919650042482, 21.601300892469585], [85.39919451322564, 21.601481521664496], [85.39938766154897, 21.60148337996441], [85.39938666805718, 21.601573694561868], [85.3994832422952, 21.601574623635464], [85.39948224885731, 21.601664938241903], [85.3996753974591, 21.601666796218424], [85.399674404138, 21.601757110833848], [85.39986755287455, 21.60175896859477], [85.39986655967023, 21.601849283219174], [85.39996313410587, 21.60185021202328], [85.39996114780502, 21.602030841263108], [85.3998645732436, 21.602029912459003], [85.3998635800213, 21.602120227074426], [85.39957385620232, 21.602117440293803], [85.39957186938044, 21.602298069497696], [85.39947529466632, 21.602297140451046], [85.39947728160497, 21.602116511256135], [85.39938070700764, 21.602115582155587], [85.3993797134889, 21.60220589675304], [85.39918656419539, 21.602204038390248], [85.3991885514844, 21.602023409213302], [85.3990919769679, 21.602022479951057], [85.3990909832695, 21.60211279453953], [85.39899440869911, 21.6021118652144], [85.39899242115857, 21.60229249437338], [85.3987992717932, 21.602290635552446], [85.39880026568923, 21.60220032098194], [85.39870369107392, 21.60219939148613], [85.39870070920617, 21.602470335179685], [85.39860413441119, 21.602469405620994], [85.39860214635861, 21.602650034735056], [85.3986987212614, 21.60265096430273], [85.39869772728451, 21.602741278864254], [85.39879430225915, 21.60274220837803], [85.39879132048122, 21.603013152062598], [85.39888789563553, 21.60301408154044], [85.39888690176645, 21.603104396101962], [85.39879032654028, 21.60310346662412], [85.39878933259934, 21.60319378117666], [85.39840303153298, 21.603190062690373], [85.39840104315701, 21.603370691768504], [85.39830446777813, 21.603369762003204], [85.39830645627985, 21.603189132925074], [85.39820988103573, 21.603188203105873], [85.39821186963627, 21.603007574045705], [85.39811529450893, 21.603006644172606], [85.39811728320828, 21.60282601511244], [85.3980207082067, 21.60282508520341], [85.39802269700488, 21.602644456143246], [85.39792612213803, 21.602643526180312], [85.39792811103501, 21.602462897129133], [85.39783153628495, 21.602461967121283], [85.39783451976969, 21.602191023544513], [85.39773794520826, 21.60219009349175], [85.39773993428491, 21.602009464440567], [85.39764335984927, 21.60200853434289], [85.39764534903372, 21.60182790530069], [85.39754877471485, 21.601826975158094], [85.39755076399811, 21.601646346115896], [85.397454189814, 21.601645415919403], [85.39745617919608, 21.601464786886186], [85.39735960512874, 21.601463856644777], [85.39736159460963, 21.601283227620545], [85.39755474250177, 21.6012850880315], [85.39755573711645, 21.60119477350591], [85.39745916322877, 21.601193843336365], [85.39746015788837, 21.601103528810775], [85.39736358406357, 21.60110259858733], [85.39736756292655, 21.600741340511917], [85.3974641365088, 21.600742270717394], [85.39746314185818, 21.600832585242987], [85.3975597155123, 21.600833515394562], [85.39755872091558, 21.600923829929137], [85.39765529463257, 21.600924760026817], [85.39765430009874, 21.60101507456139], [85.39775087387862, 21.601016004614152], [85.39774987939869, 21.601106319148727], [85.39803960094493, 21.60110910898362]]], [[[85.3980405952452, 21.60101879443108], [85.39813716904305, 21.601019724259267], [85.39813617480566, 21.601110038811807], [85.39803960094493, 21.60110910898362], [85.3980405952452, 21.60101879443108]]]]}, "id": "+142+352", "properties": {"annual_rainfall": 1384.2407539774974, "area_ha": 3.3593433376859285, "aspect": 55.3759840512896, "canopy_height": 14.85349329569513, "canopy_height_max": 15.599218283480809, "canopy_height_std": 0.6561708247993944, "centroid_lat": 21.601929062698396, "centroid_lon": 85.39847644900121, "cluster_id": 3, "distance_to_water": 463409.50001051987, "elevation": 585.1674501319619, "n_pixels": 336, "ndvi_amplitude_annual": 0.17969188266664438, "ndvi_mean": 0.5914184872791025, "ndvi_phase_annual": -2.099170408168697, "ndvi_residual_variance": 0.0075521347782055576, "ndvi_trend": 0.0004109370222538689, "perim_m": 1520.0909850485298, "slope": 8.04857107257343, "stand_id": 31, "stand_lbl": 63, "vh_iqr": 2.31128056148714, "vh_p10": -18.132259095486, "vh_p50": -16.976618814742412, "vh_p90": -15.820978533998838, "vv_iqr": 2.038345976838127, "vv_minus_vh_median": 6.515709370005474, "vv_p10": -11.480082433156, "vv_p50": -10.460909444736942, "vv_p90": -9.441736456317873}}, {"type": "Feature", "geometry": {"type": "MultiPolygon", "coordinates": [[[[85.4010453020366, 21.600054131511456], [85.4009487287418, 21.60005320341702], [85.40094972118256, 21.59996288872973], [85.40104629442345, 21.599963816824168], [85.4010453020366, 21.600054131511456]]], [[[85.40182383995823, 21.59951966593336], [85.40172726697784, 21.59951873830605], [85.40172825890657, 21.599428423573848], [85.40163168599805, 21.59942749590162], [85.40163366996329, 21.599246866446194], [85.40182681556472, 21.59924872172777], [85.40182383995823, 21.59951966593336]]], [[[85.40266028004015, 21.602508398936262], [85.40265928853364, 21.602598713668467], [85.40256271346918, 21.60259778640048], [85.40256370503857, 21.602507471668275], [85.40266028004015, 21.602508398936262]]], [[[85.40363792089374, 21.60143389106574], [85.40373449523058, 21.60143481766897], [85.40373350444273, 21.601525132464058], [85.403636930043, 21.601524205860823], [85.40363792089374, 21.60143389106574]]], [[[85.40393457847603, 21.600804467031363], [85.40422430030075, 21.600807246068506], [85.40422330984528, 21.60089756089054], [85.40393358784088, 21.600894781844413], [85.40393457847603, 21.600804467031363]]], [[[85.4010453020366, 21.600054131511456], [85.40123844864412, 21.600055987547613], [85.40123745637405, 21.600146302252867], [85.40133402974969, 21.600147230185605], [85.4013330375335, 21.60023754489086], [85.40152618441952, 21.600239400603623], [85.40152816860035, 21.600058771184134], [85.40143159527862, 21.600057843359192], [85.40143357955827, 21.599877213939703], [85.40153015276323, 21.59987814175566], [85.40153213690813, 21.599697512318205], [85.40124241767055, 21.59969472873558], [85.40124539439095, 21.59942378461982], [85.4013419672815, 21.59942471252561], [85.40134295945276, 21.599334397811372], [85.40143953228942, 21.59933532565428], [85.40143854018103, 21.599425640368516], [85.40153511308056, 21.59942656816651], [85.4015331289716, 21.599607197603966], [85.40162970200586, 21.59960812534806], [85.4016287099963, 21.59969844007128], [85.40182185619062, 21.599700295397767], [85.40182383995823, 21.59951966593336], [85.40192041293861, 21.599520593506774], [85.40192140475054, 21.59943027876559], [85.40221112355692, 21.599433061135482], [85.40221013192465, 21.599523375885653], [85.4021135589263, 21.59952244848292], [85.40211256722216, 21.599612763224105], [85.40201599416993, 21.59961183575849], [85.40201401063588, 21.599792465240863], [85.40220715699189, 21.599794320127177], [85.40220120698264, 21.60033620858328], [85.40229778052895, 21.600337135968047], [85.40229877214327, 21.60024682122686], [85.40268506613988, 21.600250530191005], [85.40268407475016, 21.600340844959142], [85.40249092763057, 21.600338990575885], [85.40248894460856, 21.600519620076224], [85.40277866566971, 21.60052240159272], [85.40278064832341, 21.60034177206543], [85.40364981068942, 21.600350113497765], [85.40364881990156, 21.600440428301834], [85.40374539358262, 21.600441354851167], [85.40374440284866, 21.600531669655236], [85.4038409765926, 21.60053259615067], [85.40383899523249, 21.60071322576779], [85.40393556910219, 21.600714152227294], [85.40393457847603, 21.600804467031363], [85.40383800454345, 21.60080354058084], [85.40383602314738, 21.60098417018898], [85.403739449107, 21.60098324367558], [85.4037384583371, 21.601073558470663], [85.40364188424282, 21.601072631894382], [85.40364089341004, 21.601162946689467], [85.40373746756721, 21.601163873274732], [85.40373647679732, 21.601254188069817], [85.40354332835722, 21.601252334836403], [85.40354233746156, 21.601342649631487], [85.4036389117355, 21.601343576279636], [85.40363792089374, 21.60143389106574], [85.4035413465569, 21.60143296441759], [85.40354035564329, 21.601523279203693], [85.4033472068708, 21.60152142571875], [85.40334522479203, 21.601702055272987], [85.4032486502935, 21.601701128436193], [85.40324567696872, 21.601972072749586], [85.40314910229053, 21.60197114584991], [85.4031451375401, 21.602332404895503], [85.40304856262834, 21.60233147792396], [85.40304757136437, 21.602421792674132], [85.4029509964077, 21.602420865639708], [85.40295000508085, 21.602511180389875], [85.4028534300613, 21.60251025329257], [85.40285243867157, 21.602600568033758], [85.40275586359812, 21.602599640882552], [85.40275685505073, 21.602509326141366], [85.40266028004015, 21.602508398936262], [85.40266127154668, 21.602418084195076], [85.40256469660797, 21.602417156936074], [85.40256568816838, 21.60232684220387], [85.40246911329255, 21.60232591489097], [85.40246713004596, 21.602506544346394], [85.4020808301025, 21.60250283451088], [85.40208182196834, 21.602412519796644], [85.40198524705659, 21.602411592205264], [85.40198326320812, 21.602592221615772], [85.40188668817959, 21.60259129395253], [85.40188569618799, 21.602681608657782], [85.40178912110555, 21.602680680931655], [85.40178812904209, 21.602770995627925], [85.40198127933273, 21.60277285102628], [85.40198028738604, 21.602863165731534], [85.40207686259424, 21.60286409334088], [85.40207487880866, 21.60304472276037], [85.40226802948557, 21.603046577844314], [85.40226703770058, 21.603136892558553], [85.40246018852122, 21.603138747417916], [85.40245919685302, 21.603229062141136], [85.40236262137532, 21.60322813472942], [85.40236162964423, 21.603318449443655], [85.40178217657146, 21.603312883787584], [85.40178118447206, 21.603403198474872], [85.40158803337293, 21.60340134279804], [85.40158604892261, 21.603581972154647], [85.40148947325626, 21.603581044221908], [85.40148848096823, 21.60367135889123], [85.40129532953672, 21.603669502855073], [85.40129334470012, 21.603850132184732], [85.40138992052816, 21.603851060234252], [85.40138892815926, 21.603941374903574], [85.40129235226834, 21.60394044684507], [85.40129135983658, 21.604030761505406], [85.4010016320111, 21.60402797697057], [85.40100262462254, 21.6039376623282], [85.4010992004955, 21.603938590557384], [85.4011021781232, 21.603667646594335], [85.4010056024299, 21.603666718374136], [85.4010065950144, 21.60357640372278], [85.40091001938399, 21.603575475457664], [85.40091498256696, 21.603123902209873], [85.40101155790092, 21.60312483044804], [85.40101255045846, 21.603034515796686], [85.4007228246542, 21.603031730902522], [85.40072481011963, 21.602851101608795], [85.40033850959225, 21.602847387667985], [85.40033751663047, 21.60293770229239], [85.40024094144921, 21.60293677366795], [85.40024193447388, 21.602846459043544], [85.4001453593645, 21.60284553035622], [85.40015231084257, 21.602213327985382], [85.40024888553874, 21.60221425663677], [85.40025087150721, 21.602033627361013], [85.4003474460866, 21.602034555949523], [85.4003454602349, 21.60221518522528], [85.40044203494004, 21.602216113768876], [85.40044402066597, 21.60203548448413], [85.40054059525434, 21.602036412955858], [85.40054258084552, 21.60185578366213], [85.40063915531711, 21.60185671207098], [85.40064014804533, 21.601766397410643], [85.40073672246301, 21.60176732576559], [85.40073572979767, 21.601857640425926], [85.40083230428722, 21.60185856871799], [85.40083329688967, 21.601768254057653], [85.40102644575198, 21.601770110480086], [85.40102743823766, 21.601679795801783], [85.4011240126194, 21.601680723923167], [85.40112500503322, 21.601590409244864], [85.40102843071435, 21.60158948113246], [85.40103041565875, 21.60140885177585], [85.40093384145666, 21.601407923618535], [85.40093582649989, 21.60122729427091], [85.4007426783652, 21.601225437785594], [85.40074367099461, 21.601135123116272], [85.4002608010442, 21.60113048095526], [85.40026179397005, 21.601040166312888], [85.39987549833849, 21.60103645159054], [85.3998764914979, 21.600946136966137], [85.39977991766413, 21.600945208144065], [85.39978289729508, 21.600674264261865], [85.39968632364096, 21.60067333540386], [85.39968731689919, 21.600583020779457], [85.39959074331694, 21.600582091867555], [85.39959173662906, 21.60049177724315], [85.3994951631097, 21.60049084828633], [85.39949714984175, 21.600310219046502], [85.39988344347006, 21.600313934523435], [85.3998814572231, 21.600494563799195], [85.40007460430675, 21.600496421218757], [85.40007659032014, 21.60031579192503], [85.40017316374968, 21.60031672054049], [85.40017217080586, 21.600407035191846], [85.40026874429827, 21.600407963762386], [85.40026775140836, 21.600498278413742], [85.40046089853692, 21.60050013538415], [85.40046189130108, 21.60040982072381], [85.40065503833083, 21.600411677469637], [85.40065702361659, 21.600231048122012], [85.40094674383333, 21.600233832791595], [85.40094773629205, 21.600143518104307], [85.40104430964972, 21.600144446207725], [85.4010453020366, 21.600054131511456]], [[85.4014954269037, 21.603039156161067], [85.4014944346426, 21.60312947083937], [85.40159101000351, 21.603130398754143], [85.40159200220172, 21.603040084066855], [85.4014954269037, 21.603039156161067]], [[85.4014954269037, 21.603039156161067], [85.40149741140792, 21.602858526804457], [85.40140083622667, 21.602857598844768], [85.40140182853268, 21.602767284175446], [85.40149840365105, 21.60276821211717], [85.4015013803535, 21.60249726806429], [85.40140480541478, 21.60249634013155], [85.4014067899819, 21.60231571076596], [85.40150336480382, 21.602316638689715], [85.40150634142542, 21.602045694627854], [85.40160291607665, 21.602046622488725], [85.401603908212, 21.601956307792456], [85.4017970573977, 21.60195816333454], [85.40179904142582, 21.601777533924032], [85.40189561590638, 21.60177846159626], [85.40189660784408, 21.601688146882022], [85.40199318227074, 21.601689074500353], [85.40199516602938, 21.60150844507188], [85.40180201741859, 21.60150658979929], [85.40180102542699, 21.601596904504543], [85.40170445106321, 21.601595976778416], [85.40170246694525, 21.601776606188924], [85.40160589247367, 21.601775678390933], [85.40160490034732, 21.601865993096187], [85.40141175129637, 21.601864137338506], [85.40141075904425, 21.601954452025794], [85.40121760990345, 21.60195259603455], [85.40121364035602, 21.602313854738785], [85.40111706555206, 21.60231292664435], [85.40111607309333, 21.60240324131367], [85.40101949823548, 21.602402313165335], [85.40101552810412, 21.60276357181567], [85.40111210320453, 21.602764499990954], [85.40111011823318, 21.602945129320613], [85.40120669345036, 21.602946057442], [85.40120570101858, 21.60303637211132], [85.40110912573853, 21.603035443980954], [85.40110813323489, 21.60312575864129], [85.40130128392975, 21.60312761485711], [85.40130227630763, 21.60303730018779], [85.4014954269037, 21.603039156161067]], [[85.40152816860035, 21.600058771184134], [85.40162474193107, 21.600059698946193], [85.40162573395861, 21.599969384231954], [85.40152916068179, 21.599968456469895], [85.40152816860035, 21.600058771184134]], [[85.40354332835722, 21.601252334836403], [85.40354431925287, 21.6011620200503], [85.40344774510469, 21.601161093348253], [85.40344675414615, 21.601251408134356], [85.40354332835722, 21.601252334836403]]]]}, "id": "+172+359", "properties": {"annual_rainfall": 1387.0592915431432, "area_ha": 9.887528592639574, "aspect": 304.5971224609947, "canopy_height": 14.023200618192517, "canopy_height_max": 14.77156314395054, "canopy_height_std": 0.5884934188010035, "centroid_lat": 21.601445373741914, "centroid_lon": 85.40179015220424, "cluster_id": 1, "distance_to_water": 463409.50001051987, "elevation": 600.7657381513095, "n_pixels": 989, "ndvi_amplitude_annual": 0.22147084544529397, "ndvi_mean": 0.5809764392602306, "ndvi_phase_annual": -2.7362421668664623, "ndvi_residual_variance": 0.007940832463322176, "ndvi_trend": 0.009202484747286603, "perim_m": 4000.245084338141, "slope": 8.20178466293789, "stand_id": 32, "stand_lbl": 78, "vh_iqr": 2.4554668587274033, "vh_p10": -17.133589718469057, "vh_p50": -15.905856289105337, "vh_p90": -14.678122859741634, "vv_iqr": 2.210718621040602, "vv_minus_vh_median": 6.718270377728536, "vv_p10": -10.292945221897122, "vv_p50": -9.187585911376813, "vv_p90": -8.082226600856508}}, {"type": "Feature", "geometry": {"type": "Polygon", "coordinates": [[[85.40460465477146, 21.601352839679897], [85.40460663525124, 21.60117221000888], [85.40470320946231, 21.60117313603719], [85.4047022192853, 21.60126345087719], [85.40479879356823, 21.601264376851603], [85.40479780344513, 21.601354691691604], [85.40460465477146, 21.601352839679897]]]}, "id": "+208+329", "properties": {"annual_rainfall": 1389.0618859946728, "area_ha": 0.03008383261184146, "aspect": 323.63215590743, "canopy_height": 14.080381471389646, "canopy_height_max": 15, "canopy_height_std": 0.43924704473571397, "centroid_lat": 21.60127835137822, "centroid_lon": 85.40468596120681, "cluster_id": 1, "distance_to_water": 463409.50001051987, "elevation": 634.477466504263, "n_pixels": 3, "ndvi_amplitude_annual": 0.17731369201460526, "ndvi_mean": 0.6495757585751428, "ndvi_phase_annual": 1.27451663350708, "ndvi_residual_variance": 0.005146689896697654, "ndvi_trend": 0.00967780167602229, "perim_m": 80.0050034586174, "slope": 10.58830694275274, "stand_id": 33, "stand_lbl": 91, "vh_iqr": 2.931955541407524, "vh_p10": -14.789321639951963, "vh_p50": -13.323343869248198, "vh_p90": -11.857366098544434, "vv_iqr": 1.3388464946673682, "vv_minus_vh_median": 7.241461685014192, "vv_p10": -6.751305431567692, "vv_p50": -6.081882184234008, "vv_p90": -5.4124589369003235}}, {"type": "Feature", "geometry": {"type": "Polygon", "coordinates": [[[85.40355323707124, 21.600349186894533], [85.40355521875476, 21.60016855729538], [85.40374836574857, 21.600170410420997], [85.40375133787859, 21.599899465990823], [85.40384791120033, 21.599900392459308], [85.40384890183547, 21.599810077637276], [85.40413862167492, 21.599812856692388], [85.40413763121944, 21.599903171523405], [85.40423420456813, 21.59990409776731], [85.40423222375597, 21.60008472743833], [85.40432879723042, 21.600085653637322], [85.40432582615144, 21.600356598139356], [85.40442239980555, 21.600357524293432], [85.40442041919103, 21.60053815396445], [85.40451699297091, 21.60053908007361], [85.40451402217938, 21.600810024593613], [85.4046105961479, 21.600810950648874], [85.40460861570406, 21.60099158033786], [85.40470518979835, 21.600992506348202], [85.40470320946231, 21.60117313603719], [85.40460663525124, 21.60117221000888], [85.40460465477146, 21.601352839679897], [85.40479780344513, 21.601354691691604], [85.40479681332202, 21.601445006531605], [85.40460366453158, 21.6014431545199], [85.40460267427372, 21.601533469350915], [85.4043129509488, 21.60153069088869], [85.40431592222542, 21.60125974642259], [85.40421934797843, 21.601258820169697], [85.40422033845188, 21.601168505356647], [85.40412376426775, 21.601167579049857], [85.4041247547951, 21.601077264236807], [85.40422132892533, 21.60107819053461], [85.40422430030075, 21.600807246068506], [85.40393457847603, 21.600804467031363], [85.40393556910219, 21.600714152227294], [85.40383899523249, 21.60071322576779], [85.4038409765926, 21.60053259615067], [85.40374440284866, 21.600531669655236], [85.40374539358262, 21.600441354851167], [85.40364881990156, 21.600440428301834], [85.40364981068942, 21.600350113497765], [85.40355323707124, 21.600349186894533]]]}, "id": "+206+331", "properties": {"annual_rainfall": 1385.9671804270938, "area_ha": 1.0429058701237304, "aspect": 310.16839640772963, "canopy_height": 15.920162332998137, "canopy_height_max": 16.386761959488584, "canopy_height_std": 0.39443827871854853, "centroid_lat": 21.600613189432163, "centroid_lon": 85.4041846371673, "cluster_id": 0, "distance_to_water": 463409.50001051987, "elevation": 636.1355138554009, "n_pixels": 104, "ndvi_amplitude_annual": 0.16004857686960275, "ndvi_mean": 0.6726043559419366, "ndvi_phase_annual": 1.3038430404241532, "ndvi_residual_variance": 0.006002942171490454, "ndvi_trend": 0.0086646689918624, "perim_m": 680.0423127741697, "slope": 11.089282594262153, "stand_id": 34, "stand_lbl": 89, "vh_iqr": 1.8688206433743917, "vh_p10": -14.081616621462965, "vh_p50": -13.147206299775783, "vh_p90": -12.212795978088582, "vv_iqr": 2.5790489114409407, "vv_minus_vh_median": 6.390433566102642, "vv_p10": -8.04629718939361, "vv_p50": -6.756772733673135, "vv_p90": -5.467248277952666}}, {"type": "Feature", "geometry": {"type": "MultiPolygon", "coordinates": [[[[85.3982476608618, 21.59975625013629], [85.39844080681357, 21.599758109388418], [85.3984398128277, 21.59984842396791], [85.39853638587097, 21.599849353517616], [85.39853539193003, 21.59993966810609], [85.3988251112754, 21.59994245642283], [85.39882411751411, 21.600032771020288], [85.39892069069212, 21.6000337003544], [85.39891969698473, 21.600124014951852], [85.39901627023461, 21.600124944232064], [85.39901527658112, 21.60021525882952], [85.39911184989387, 21.600216188064817], [85.39911085630327, 21.600306502662274], [85.39920742967891, 21.60030743184367], [85.39920643613321, 21.60039774645011], [85.39930300958072, 21.60039867557761], [85.39930201608894, 21.600488990193032], [85.39939858959931, 21.600489919266632], [85.3993975961704, 21.60058023387307], [85.39949416974368, 21.600581162901754], [85.3994951631097, 21.60049084828633], [85.39959173662906, 21.60049177724315], [85.39958776334463, 21.600853035731788], [85.3994911895917, 21.60085210674802], [85.39949019619873, 21.600942421363442], [85.39939362238292, 21.600941492325777], [85.39939163546222, 21.601122121538655], [85.39948820939482, 21.601123050585304], [85.39948721598387, 21.601213365200728], [85.39958378997935, 21.601214294193475], [85.39958279662231, 21.6013046088089], [85.39948622257293, 21.601303679807167], [85.3994832422952, 21.601574623635464], [85.39938666805718, 21.601573694561868], [85.39938766154897, 21.60148337996441], [85.39919451322564, 21.601481521664496], [85.39919650042482, 21.601300892469585], [85.39900335235302, 21.601299033963063], [85.39900434606939, 21.60120871937459], [85.39890777210087, 21.601207790040476], [85.39890876587113, 21.60111747546099], [85.39871561807782, 21.60111561663107], [85.39871462418178, 21.601205931210558], [85.3982317544829, 21.601201283147617], [85.39823274866639, 21.60111096858609], [85.39813617480566, 21.601110038811807], [85.39813716904305, 21.601019724259267], [85.3980405952452, 21.60101879443108], [85.39803960094493, 21.60110910898362], [85.39774987939869, 21.601106319148727], [85.39775087387862, 21.601016004614152], [85.39765430009874, 21.60101507456139], [85.39765529463257, 21.600924760026817], [85.39755872091558, 21.600923829929137], [85.3975597155123, 21.600833515394562], [85.39746314185818, 21.600832585242987], [85.3974641365088, 21.600742270717394], [85.39736756292655, 21.600741340511917], [85.39736358406357, 21.60110259858733], [85.39746015788837, 21.601103528810775], [85.39745916322877, 21.601193843336365], [85.39755573711645, 21.60119477350591], [85.39755474250177, 21.6012850880315], [85.39726502066806, 21.601282297334222], [85.39726701024776, 21.60110166830999], [85.39717043643195, 21.601100737969766], [85.39717242611047, 21.600920108945534], [85.39707585242043, 21.600919178569377], [85.39707784219777, 21.600738549545145], [85.39698126863348, 21.60073761911509], [85.39698325850964, 21.600556990108824], [85.39688668507112, 21.600556059624868], [85.39688967002908, 21.600285116119963], [85.39708281655577, 21.600286976989057], [85.39708182168957, 21.600377291505662], [85.39717839502028, 21.600378221863853], [85.39717740021695, 21.60046853638046], [85.39746712041573, 21.60047132713164], [85.39746910966306, 21.600290698071476], [85.39737253637725, 21.600289767883964], [85.39737353104583, 21.600199453358375], [85.39727695783189, 21.600198523116966], [85.39727994199934, 21.599927579549174], [85.3973765150426, 21.599928509772617], [85.39737850434382, 21.599747880703468], [85.3974750772703, 21.599748810864032], [85.39747607185804, 21.599658496329457], [85.39757264473062, 21.599659426427134], [85.39757463376236, 21.599478797340023], [85.39747806100655, 21.599477867251327], [85.39747905557633, 21.599387552707768], [85.39767220096215, 21.59938941283126], [85.39767120651815, 21.599479727374817], [85.39776777927395, 21.599480657355716], [85.39776877366405, 21.599390342803176], [85.39796191908582, 21.59939220258531], [85.3979609248125, 21.599482517146832], [85.39805749759525, 21.59948344695705], [85.39805650337583, 21.599573761527555], [85.39824964906708, 21.599575620986297], [85.3982476608618, 21.59975625013629]], [[85.3980405952452, 21.60101879443108], [85.39804158954547, 21.600928479887525], [85.3979450158105, 21.60092755000544], [85.39794402144736, 21.601017864549], [85.3980405952452, 21.60101879443108]], [[85.3982476608618, 21.59975625013629], [85.39815108789938, 21.59975532042489], [85.39815009372488, 21.599845634986412], [85.39824666675915, 21.599846564706798], [85.3982476608618, 21.59975625013629]]], [[[85.39803960094493, 21.60110910898362], [85.39813617480566, 21.601110038811807], [85.39813418630392, 21.60129066791689], [85.39803761232642, 21.601289738070736], [85.39803960094493, 21.60110910898362]]]]}, "id": "+153+332", "properties": {"annual_rainfall": 1383.9015024953535, "area_ha": 3.5498733632507515, "aspect": 27.040307101727432, "canopy_height": 16.42882060226748, "canopy_height_max": 17.4932539886113, "canopy_height_std": 0.8735157746492023, "centroid_lat": 21.600503419041633, "centroid_lon": 85.3982560798677, "cluster_id": 4, "distance_to_water": 463409.50001051987, "elevation": 612.0165927231153, "n_pixels": 355, "ndvi_amplitude_annual": 0.16071845600904264, "ndvi_mean": 0.6852837413907283, "ndvi_phase_annual": 0.3788563256053756, "ndvi_residual_variance": 0.011444023238631225, "ndvi_trend": -0.02017314689071577, "perim_m": 1560.093214421635, "slope": 13.260050554314423, "stand_id": 35, "stand_lbl": 60, "vh_iqr": 2.7703205321374, "vh_p10": -18.56654848064462, "vh_p50": -17.181388214575925, "vh_p90": -15.79622794850723, "vv_iqr": 1.881742045137274, "vv_minus_vh_median": 6.333559448988546, "vv_p10": -11.78869978815602, "vv_p50": -10.847828765587387, "vv_p90": -9.906957743018749}}, {"type": "Feature", "geometry": {"type": "Polygon", "coordinates": [[[85.40220120698264, 21.60033620858328], [85.40220616533267, 21.59988463487735], [85.40230273858253, 21.599885562235166], [85.40230373017889, 21.599795247484995], [85.40220715699189, 21.599794320127177], [85.40221013192465, 21.599523375885653], [85.4024032779393, 21.599525230520438], [85.40240526096132, 21.599344601002134], [85.40250183386084, 21.59934552823419], [85.40250282530447, 21.59925521346605], [85.4025993981501, 21.599256140635223], [85.40260038952187, 21.599165825867086], [85.4026969623136, 21.599166752973375], [85.40269795362248, 21.599076438196256], [85.40279452636031, 21.599077365239662], [85.40279551760631, 21.598987050462544], [85.40289209028126, 21.59898797745205], [85.40289308147337, 21.59889766266595], [85.40298965409441, 21.598898589592576], [85.40299163632591, 21.598717960002404], [85.40308820883017, 21.59871888686615], [85.40308919987854, 21.598628572071064], [85.40318577233789, 21.598629498871926], [85.40318676332339, 21.598539184067857], [85.40337990812532, 21.598541037489916], [85.4033779263879, 21.59872166711602], [85.40328135386567, 21.598720740422955], [85.40327838104395, 21.598991684835163], [85.40337495374584, 21.59899261153721], [85.40337396285916, 21.59908292634128], [85.40376025396321, 21.599086632628442], [85.403758272648, 21.599267262272512], [85.40366169973949, 21.599266335777077], [85.40366070901452, 21.59935665059013], [85.40375728197692, 21.599357577085563], [85.40375629130584, 21.599447891907598], [85.4039494373744, 21.599449744745755], [85.40394844681111, 21.59954005957677], [85.40404501990828, 21.59954098591051], [85.40404402940788, 21.599631300741528], [85.4041406025769, 21.59963222703035], [85.40413862167492, 21.599812856692388], [85.40384890183547, 21.599810077637276], [85.40384791120033, 21.599900392459308], [85.40375133787859, 21.599899465990823], [85.40374836574857, 21.600170410420997], [85.40355521875476, 21.60016855729538], [85.40355323707124, 21.600349186894533], [85.40278064832341, 21.60034177206543], [85.40277866566971, 21.60052240159272], [85.40248894460856, 21.600519620076224], [85.40249092763057, 21.600338990575885], [85.40268407475016, 21.600340844959142], [85.40268506613988, 21.600250530191005], [85.40229877214327, 21.60024682122686], [85.40229778052895, 21.600337135968047], [85.40220120698264, 21.60033620858328]]]}, "id": "+187+320", "properties": {"annual_rainfall": 1358.8968090231015, "area_ha": 2.396676001591907, "aspect": 317.1053039395921, "canopy_height": 19.011512982563012, "canopy_height_max": 19.76463869641362, "canopy_height_std": 0.6397865030619726, "centroid_lat": 21.599664919077817, "centroid_lon": 85.40307722143262, "cluster_id": 0, "distance_to_water": 463409.50001051987, "elevation": 633.1033592123856, "n_pixels": 240, "ndvi_amplitude_annual": 0.15306643564265765, "ndvi_mean": 0.661947666989632, "ndvi_phase_annual": 0.4527451812747686, "ndvi_residual_variance": 0.009037955327898419, "ndvi_trend": 0.010221775770401597, "perim_m": 960.0594184295238, "slope": 9.230541333049727, "stand_id": 36, "stand_lbl": 83, "vh_iqr": 2.1308706930722723, "vh_p10": -15.013452251544884, "vh_p50": -13.94801690500874, "vh_p90": -12.882581558472598, "vv_iqr": 2.1889297877771923, "vv_minus_vh_median": 6.773432737971239, "vv_p10": -8.269049060926088, "vv_p50": -7.174584167037491, "vv_p90": -6.080119273148886}}, {"type": "Feature", "geometry": {"type": "MultiPolygon", "coordinates": [[[[85.3982476608618, 21.59975625013629], [85.39824666675915, 21.599846564706798], [85.39815009372488, 21.599845634986412], [85.39815108789938, 21.59975532042489], [85.3982476608618, 21.59975625013629]]], [[[85.39902223203873, 21.599583056602413], [85.39921537782881, 21.599584914947243], [85.39921339082727, 21.599765544178087], [85.39902024478566, 21.599763685815294], [85.39902223203873, 21.599583056602413]]], [[[85.39902223203873, 21.599583056602413], [85.39892565914819, 21.59958212734915], [85.39892267808892, 21.599853071150502], [85.39901925115913, 21.599854000421733], [85.39901825752361, 21.59994431502817], [85.3991148306567, 21.5999452442455], [85.39911284348447, 21.600125873458378], [85.39920941674333, 21.600126802630793], [85.39920842321561, 21.600217117237232], [85.39930499653735, 21.600218046355746], [85.39930400306352, 21.600308360962185], [85.39940057644814, 21.600309290035785], [85.39939858959931, 21.600489919266632], [85.39930201608894, 21.600488990193032], [85.39930300958072, 21.60039867557761], [85.39920643613321, 21.60039774645011], [85.39920742967891, 21.60030743184367], [85.39911085630327, 21.600306502662274], [85.39911184989387, 21.600216188064817], [85.39901527658112, 21.60021525882952], [85.39901627023461, 21.600124944232064], [85.39891969698473, 21.600124014951852], [85.39892069069212, 21.6000337003544], [85.39882411751411, 21.600032771020288], [85.3988251112754, 21.59994245642283], [85.39853539193003, 21.59993966810609], [85.39853638587097, 21.599849353517616], [85.3984398128277, 21.59984842396791], [85.39844080681357, 21.599758109388418], [85.3982476608618, 21.59975625013629], [85.39824964906708, 21.599575620986297], [85.39805650337583, 21.599573761527555], [85.39805749759525, 21.59948344695705], [85.3979609248125, 21.599482517146832], [85.39796191908582, 21.59939220258531], [85.39776877366405, 21.599390342803176], [85.39777076242629, 21.599209713689113], [85.39767418984118, 21.59920878372618], [85.39767717312827, 21.59893784006856], [85.39787031793918, 21.598939699922557], [85.39786932363891, 21.599030014484082], [85.39796589610725, 21.59903094433023], [85.39796689035362, 21.598940629759724], [85.39806346276806, 21.598941559542993], [85.39806246858457, 21.5990318741135], [85.39815904107087, 21.599032803851852], [85.39816003519148, 21.598942489272364], [85.39854632493906, 21.59894620763289], [85.39854533105202, 21.599036522230342], [85.39864190356528, 21.599037451681234], [85.39864090973212, 21.59912776627869], [85.39883405488439, 21.59912962502776], [85.39883306117702, 21.5992199396342], [85.39902620646403, 21.599221798167676], [85.39902223203873, 21.599583056602413]]]]}, "id": "+152+320", "properties": {"annual_rainfall": 1382.3298392857866, "area_ha": 1.1732636694206648, "aspect": 28.561025513841958, "canopy_height": 20.269739901416738, "canopy_height_max": 20.99975199181572, "canopy_height_std": 0.676407878893162, "centroid_lat": 21.599482079550224, "centroid_lon": 85.39851690127581, "cluster_id": 2, "distance_to_water": 463409.50001051987, "elevation": 634.4517469076478, "n_pixels": 117, "ndvi_amplitude_annual": 0.1037154789688493, "ndvi_mean": 0.7657357956282644, "ndvi_phase_annual": -0.049040762283384415, "ndvi_residual_variance": 0.006887001784184253, "ndvi_trend": -0.0067587902301138175, "perim_m": 880.0527722770579, "slope": 13.678457389093836, "stand_id": 37, "stand_lbl": 64, "vh_iqr": 2.205379127126946, "vh_p10": -16.922641180404252, "vh_p50": -15.819951616840779, "vh_p90": -14.717262053277304, "vv_iqr": 2.4795150157346457, "vv_minus_vh_median": 5.593881211216762, "vv_p10": -11.465827913491339, "vv_p50": -10.226070405624013, "vv_p90": -8.986312897756688}}, {"type": "Feature", "geometry": {"type": "MultiPolygon", "coordinates": [[[[85.39787230653074, 21.59875907079053], [85.39767916196237, 21.598757210954496], [85.39768015636146, 21.598666896392974], [85.39787330081305, 21.59866875622002], [85.39787230653074, 21.59875907079053]]], [[[85.3990381292638, 21.598138022755656], [85.39894155733445, 21.598137093565278], [85.39894255092506, 21.598046778940873], [85.39903912279152, 21.59804770813125], [85.3990381292638, 21.598138022755656]]], [[[85.40152816860035, 21.600058771184134], [85.40152916068179, 21.599968456469895], [85.40162573395861, 21.599969384231954], [85.40162474193107, 21.600059698946193], [85.40152816860035, 21.600058771184134]]], [[[85.40220715699189, 21.599794320127177], [85.40230373017889, 21.599795247484995], [85.40230273858253, 21.599885562235166], [85.40220616533267, 21.59988463487735], [85.40220715699189, 21.599794320127177]]], [[[85.39787230653074, 21.59875907079053], [85.39883802969597, 21.598768366602005], [85.39884101074625, 21.598497422773704], [85.39874443858334, 21.59849649345756], [85.39874741976838, 21.59822554962926], [85.39865084779412, 21.598224620268198], [85.39865184156437, 21.59813430566176], [85.3988449854051, 21.598136164320998], [85.39884399174264, 21.59822647893642], [85.39894056373487, 21.598227408180698], [85.3989395701263, 21.598317722805106], [85.39903614218142, 21.598318651995484], [85.3990381292638, 21.598138022755656], [85.39932784508778, 21.598140809976456], [85.39932883843585, 21.598050495343067], [85.39952198223166, 21.598052353202807], [85.39952297545395, 21.597962038560432], [85.39971611914197, 21.59796389618661], [85.39971711224749, 21.597873581535254], [85.39962054046187, 21.597872652749118], [85.39962153362127, 21.597782338097762], [85.39952496189854, 21.597781409257724], [85.39952595511186, 21.597691094615353], [85.39962252677171, 21.59769202343742], [85.39962351992213, 21.59760170878607], [85.39972009152808, 21.59760263755424], [85.39972207768521, 21.597422008233565], [85.39962550619605, 21.597421079474376], [85.39962848557546, 21.59715013549336], [85.39953191427493, 21.597149206689256], [85.39953290745231, 21.59705889202892], [85.39962947868996, 21.597059820833024], [85.39963047180446, 21.596969506172684], [85.39953390062071, 21.596968577377563], [85.3995348937891, 21.596878262717226], [85.39943832266823, 21.596877333868203], [85.39943931589053, 21.596787019207866], [85.3996324580065, 21.596788876843025], [85.39963146490997, 21.596879191503362], [85.39982460716966, 21.596881048922928], [85.39982361418991, 21.59697136359225], [85.39992018538264, 21.596972292225672], [85.39991720657814, 21.59724323624262], [85.40001377795951, 21.597244164831128], [85.40001179217968, 21.597424794178753], [85.40010836369581, 21.59742572272235], [85.4001073708508, 21.597516037400652], [85.40020394242981, 21.597516965881365], [85.40020294964769, 21.597607280568653], [85.4002995212806, 21.59760820900445], [85.40029753582415, 21.59778883837004], [85.40020096406549, 21.59778790992526], [85.40019997126541, 21.597878224603566], [85.40029654308695, 21.597879153048343], [85.40029455759458, 21.598059782413934], [85.4003911295329, 21.598060710813797], [85.40038914413935, 21.59824134017939], [85.40048571621243, 21.59824226853434], [85.40048472356506, 21.598332583221623], [85.4002915793111, 21.598330726448847], [85.40028959376484, 21.598511355805456], [85.40038616600859, 21.598512284223286], [85.40038318783292, 21.5987832282582], [85.40028661540948, 21.598782299822403], [85.40028165138212, 21.599233873177994], [85.40037822410198, 21.599234801631756], [85.40037921686613, 21.59914448695345], [85.4004757895321, 21.599145415353313], [85.40047678222439, 21.59905510067501], [85.40057335483645, 21.59905602901199], [85.40057236219806, 21.599146343690293], [85.400668934882, 21.599147271973376], [85.40067092001505, 21.5989666425988], [85.4007674925822, 21.598967570819003], [85.40076848508583, 21.59887725612273], [85.40086505759011, 21.59887818428903], [85.40086704246265, 21.598697554887508], [85.40096361485014, 21.59869848298194], [85.40096460721902, 21.59860816827669], [85.40106117956161, 21.59860909630824], [85.40106217185863, 21.59851878160299], [85.40154503333794, 21.59852342090736], [85.40154602532954, 21.598433106175154], [85.40212545891787, 21.59843867146292], [85.40212347563534, 21.598619300981223], [85.40289605498678, 21.59862671829866], [85.40289506382163, 21.598717033084764], [85.40279849132635, 21.59871610611322], [85.40279750008932, 21.598806420899322], [85.4028940726475, 21.59880734787985], [85.40289209028126, 21.59898797745205], [85.40279551760631, 21.598987050462544], [85.40279452636031, 21.599077365239662], [85.40269795362248, 21.599076438196256], [85.4026969623136, 21.599166752973375], [85.40260038952187, 21.599165825867086], [85.4025993981501, 21.599256140635223], [85.40250282530447, 21.59925521346605], [85.40250183386084, 21.59934552823419], [85.40240526096132, 21.599344601002134], [85.4024032779393, 21.599525230520438], [85.40221013192465, 21.599523375885653], [85.40221112355692, 21.599433061135482], [85.40192140475054, 21.59943027876559], [85.40192041293861, 21.599520593506774], [85.40182383995823, 21.59951966593336], [85.40182185619062, 21.599700295397767], [85.4016287099963, 21.59969844007128], [85.40162970200586, 21.59960812534806], [85.4015331289716, 21.599607197603966], [85.40153511308056, 21.59942656816651], [85.40143854018103, 21.599425640368516], [85.40143953228942, 21.59933532565428], [85.40134295945276, 21.599334397811372], [85.4013419672815, 21.59942471252561], [85.40124539439095, 21.59942378461982], [85.40124241767055, 21.59969472873558], [85.40153213690813, 21.599697512318205], [85.40153015276323, 21.59987814175566], [85.40143357955827, 21.599877213939703], [85.40143159527862, 21.600057843359192], [85.40152816860035, 21.600058771184134], [85.40152618441952, 21.600239400603623], [85.4013330375335, 21.60023754489086], [85.40133402974969, 21.600147230185605], [85.40123745637405, 21.600146302252867], [85.40123844864412, 21.600055987547613], [85.4010453020366, 21.600054131511456], [85.40104430964972, 21.600144446207725], [85.40094773629205, 21.600143518104307], [85.40094674383333, 21.600233832791595], [85.40065702361659, 21.600231048122012], [85.40065503833083, 21.600411677469637], [85.40046189130108, 21.60040982072381], [85.40046089853692, 21.60050013538415], [85.40026775140836, 21.600498278413742], [85.40026874429827, 21.600407963762386], [85.40017217080586, 21.600407035191846], [85.40017316374968, 21.60031672054049], [85.40007659032014, 21.60031579192503], [85.40007460430675, 21.600496421218757], [85.3998814572231, 21.600494563799195], [85.39988344347006, 21.600313934523435], [85.39949714984175, 21.600310219046502], [85.39949416974368, 21.600581162901754], [85.3993975961704, 21.60058023387307], [85.39940057644814, 21.600309290035785], [85.39930400306352, 21.600308360962185], [85.39930499653735, 21.600218046355746], [85.39920842321561, 21.600217117237232], [85.39920941674333, 21.600126802630793], [85.39911284348447, 21.600125873458378], [85.3991148306567, 21.5999452442455], [85.39901825752361, 21.59994431502817], [85.39901925115913, 21.599854000421733], [85.39892267808892, 21.599853071150502], [85.39892565914819, 21.59958212734915], [85.39902223203873, 21.599583056602413], [85.39902620646403, 21.599221798167676], [85.39883306117702, 21.5992199396342], [85.39883405488439, 21.59912962502776], [85.39864090973212, 21.59912776627869], [85.39864190356528, 21.599037451681234], [85.39854533105202, 21.599036522230342], [85.39854632493906, 21.59894620763289], [85.39816003519148, 21.598942489272364], [85.39815904107087, 21.599032803851852], [85.39806246858457, 21.5990318741135], [85.39806346276806, 21.598941559542993], [85.39796689035362, 21.598940629759724], [85.39796589610725, 21.59903094433023], [85.39786932363891, 21.599030014484082], [85.39787230653074, 21.59875907079053]], [[85.39902223203873, 21.599583056602413], [85.39902024478566, 21.599763685815294], [85.39921339082727, 21.599765544178087], [85.39921537782881, 21.599584914947243], [85.39902223203873, 21.599583056602413]], [[85.4010453020366, 21.600054131511456], [85.40104629442345, 21.599963816824168], [85.40094972118256, 21.59996288872973], [85.4009487287418, 21.60005320341702], [85.4010453020366, 21.600054131511456]], [[85.40182383995823, 21.59951966593336], [85.40182681556472, 21.59924872172777], [85.40163366996329, 21.599246866446194], [85.40163168599805, 21.59942749590162], [85.40172825890657, 21.599428423573848], [85.40172726697784, 21.59951873830605], [85.40182383995823, 21.59951966593336]]], [[[85.40221013192465, 21.599523375885653], [85.40220715699189, 21.599794320127177], [85.40201401063588, 21.599792465240863], [85.40201599416993, 21.59961183575849], [85.40211256722216, 21.599612763224105], [85.4021135589263, 21.59952244848292], [85.40221013192465, 21.599523375885653]]]]}, "id": "+153+321", "properties": {"annual_rainfall": 1366.977180652277, "area_ha": 7.87191002572894, "aspect": 147.2327534382138, "canopy_height": 16.255611664493223, "canopy_height_max": 17.162130166569547, "canopy_height_std": 0.6874847247305694, "centroid_lat": 21.59906696027662, "centroid_lon": 85.40035195641573, "cluster_id": 4, "distance_to_water": 463409.50001051987, "elevation": 632.7093495371016, "n_pixels": 787, "ndvi_amplitude_annual": 0.17710105572582452, "ndvi_mean": 0.6319845165015643, "ndvi_phase_annual": 0.864485325797054, "ndvi_residual_variance": 0.012831521734803638, "ndvi_trend": -0.00605246451672582, "perim_m": 3240.1966789495286, "slope": 12.508911147489442, "stand_id": 38, "stand_lbl": 71, "vh_iqr": 2.307263672248774, "vh_p10": -18.001847293930048, "vh_p50": -16.848215457805665, "vh_p90": -15.694583621681275, "vv_iqr": 2.4652937067305687, "vv_minus_vh_median": 6.079128741832159, "vv_p10": -12.001733569338779, "vv_p50": -10.769086715973497, "vv_p90": -9.536439862608216}}, {"type": "Feature", "geometry": {"type": "MultiPolygon", "coordinates": [[[[85.39797186148667, 21.598489056907194], [85.39806843360466, 21.598489986672494], [85.39806743944813, 21.598580301251985], [85.39797086726725, 21.5985793714777], [85.39797186148667, 21.598489056907194]]], [[[85.39797186148667, 21.598489056907194], [85.39777871726865, 21.59848719721489], [85.39777772293245, 21.598577511776416], [85.39768115076953, 21.598576581840433], [85.39767916196237, 21.598757210954496], [85.39777573424206, 21.598758140899463], [85.39777374553373, 21.59893877002251], [85.39767717312827, 21.59893784006856], [85.39767418984118, 21.59920878372618], [85.39777076242629, 21.599209713689113], [85.39776777927395, 21.599480657355716], [85.39767120651815, 21.599479727374817], [85.39767220096215, 21.59938941283126], [85.39747905557633, 21.599387552707768], [85.39747806100655, 21.599477867251327], [85.39757463376236, 21.599478797340023], [85.39757264473062, 21.599659426427134], [85.39747607185804, 21.599658496329457], [85.3974750772703, 21.599748810864032], [85.39737850434382, 21.599747880703468], [85.3973765150426, 21.599928509772617], [85.39727994199934, 21.599927579549174], [85.39727695783189, 21.600198523116966], [85.39737353104583, 21.600199453358375], [85.39737253637725, 21.600289767883964], [85.39746910966306, 21.600290698071476], [85.39746712041573, 21.60047132713164], [85.39717740021695, 21.60046853638046], [85.39717839502028, 21.600378221863853], [85.39708182168957, 21.600377291505662], [85.39708281655577, 21.600286976989057], [85.39679309677022, 21.600284185591093], [85.39679508683503, 21.600103556584827], [85.39669851371092, 21.600102626020025], [85.39670050387453, 21.59992199702274], [85.3966039308672, 21.59992106640404], [85.39660592112963, 21.599740437406755], [85.39650934824806, 21.599739506743138], [85.39651133860932, 21.599558877754838], [85.3964147658535, 21.599557947037322], [85.39641675631357, 21.599377318049022], [85.39632018368353, 21.599376387295575], [85.3963221742424, 21.599195758307275], [85.39622560173814, 21.59919482750891], [85.39622759239582, 21.599014198529595], [85.39613102001731, 21.599013267668347], [85.39613301077381, 21.598832638698013], [85.39603643852108, 21.598831707800834], [85.39603842936741, 21.5986510788305], [85.39594185724043, 21.59865014787942], [85.3959428527175, 21.59855983339875], [85.39613599686365, 21.59856169522904], [85.39613898291755, 21.598290751751083], [85.39642869863374, 21.598293544047362], [85.3964277034621, 21.598383858554985], [85.39662084741961, 21.598385719810356], [85.39661985237373, 21.598476034326964], [85.39671642441986, 21.5984769648738], [85.3967154294189, 21.59856727939041], [85.3968120015369, 21.598568209883346], [85.39681001165177, 21.598748838925545], [85.39700315612131, 21.598750699767688], [85.39700813020085, 21.598299127121766], [85.39671841439483, 21.598296335831602], [85.39671940936884, 21.598206021314994], [85.39662283750238, 21.59820509077714], [85.39662383253926, 21.598114776260534], [85.39672040434284, 21.598115706798385], [85.39672139931686, 21.598025392272795], [85.39662482756717, 21.598024461743925], [85.39662582259508, 21.597934147227317], [85.39672239428188, 21.597935077747206], [85.39672338923792, 21.597844763221612], [85.39681996087083, 21.597845693687603], [85.39682294554133, 21.597574750092864], [85.3970160884568, 21.59757661082721], [85.3970170832152, 21.597486296283652], [85.39730679745814, 21.59748908695398], [85.39730779202792, 21.59739877240144], [85.39769407751749, 21.59740249248673], [85.39769507184471, 21.59731217790724], [85.39779164317218, 21.597313107789322], [85.39779263743652, 21.597222793209834], [85.39817892254881, 21.597226512136295], [85.39817991656162, 21.597136197547822], [85.39827648779927, 21.59713712713346], [85.39827449987246, 21.597317756337358], [85.39798478583613, 21.597314967373826], [85.39798379168856, 21.5974052819623], [85.39788722028922, 21.597404352188015], [85.39788622607878, 21.597494666767503], [85.39778965462554, 21.59749373693932], [85.39778866035222, 21.597584051518808], [85.39807837489161, 21.59758684085065], [85.39807738078896, 21.597677155439122], [85.39798080920995, 21.59767622570975], [85.39797981503546, 21.597766540289243], [85.39778667176964, 21.59776468065982], [85.39778567747835, 21.597854995239313], [85.39768910579154, 21.59785406533028], [85.39768811143738, 21.597944379900785], [85.39807439843612, 21.597948099195555], [85.39807042190877, 21.598309357513514], [85.39797384990756, 21.598308427757196], [85.39797186148667, 21.598489056907194]]]]}, "id": "+132+320", "properties": {"annual_rainfall": 1382.2714204271203, "area_ha": 4.031209327635213, "aspect": 25.599324778034763, "canopy_height": 16.478630082477213, "canopy_height_max": 17.01088843872089, "canopy_height_std": 0.3968751391436654, "centroid_lat": 21.59875392948268, "centroid_lon": 85.39712853381475, "cluster_id": 2, "distance_to_water": 463409.50001051987, "elevation": 666.3678187719172, "n_pixels": 403, "ndvi_amplitude_annual": 0.11953579741467488, "ndvi_mean": 0.7451033531399892, "ndvi_phase_annual": 1.6221019851217093, "ndvi_residual_variance": 0.008351464890437863, "ndvi_trend": -0.006824657553950846, "perim_m": 1720.1020784135114, "slope": 15.66090614041632, "stand_id": 39, "stand_lbl": 53, "vh_iqr": 2.2910525749511654, "vh_p10": -17.284489423096687, "vh_p50": -16.138963135621115, "vh_p90": -14.99343684814553, "vv_iqr": 1.9026682634114254, "vv_minus_vh_median": 5.772314973832178, "vv_p10": -11.317982293494635, "vv_p50": -10.366648161788927, "vv_p90": -9.4153140300832}}, {"type": "Feature", "geometry": {"type": "MultiPolygon", "coordinates": [[[[85.40242509006747, 21.597538305603482], [85.40242409865976, 21.597628620380604], [85.40232752691008, 21.59762769318448], [85.40232851837168, 21.597537378407363], [85.40242509006747, 21.597538305603482]]], [[[85.4039494373744, 21.599449744745755], [85.40404601040868, 21.59945067107949], [85.40404501990828, 21.59954098591051], [85.40394844681111, 21.59954005957677], [85.4039494373744, 21.599449744745755]]], [[[85.4039494373744, 21.599449744745755], [85.40375629130584, 21.599447891907598], [85.40375728197692, 21.599357577085563], [85.40366070901452, 21.59935665059013], [85.40366169973949, 21.599266335777077], [85.403758272648, 21.599267262272512], [85.40376025396321, 21.599086632628442], [85.40337396285916, 21.59908292634128], [85.40337495374584, 21.59899261153721], [85.40327838104395, 21.598991684835163], [85.40328135386567, 21.598720740422955], [85.4033779263879, 21.59872166711602], [85.40337990812532, 21.598541037489916], [85.40318676332339, 21.598539184067857], [85.40318577233789, 21.598629498871926], [85.40308919987854, 21.598628572071064], [85.40308820883017, 21.59871888686615], [85.40299163632591, 21.598717960002404], [85.40298965409441, 21.598898589592576], [85.40289308147337, 21.59889766266595], [85.4028940726475, 21.59880734787985], [85.40279750008932, 21.598806420899322], [85.40279849132635, 21.59871610611322], [85.40289506382163, 21.598717033084764], [85.40289704615194, 21.598536403512558], [85.40280047377342, 21.598535476541016], [85.40280146499248, 21.598445161754913], [85.40289803731709, 21.598446088717473], [85.40290101075864, 21.598175144341198], [85.40280443862268, 21.598174217396608], [85.40280939455624, 21.597722643430163], [85.40271282271672, 21.597721716449637], [85.40271381395374, 21.597631401654553], [85.40261724218608, 21.59763047462013], [85.40261823346802, 21.59754015983403], [85.40242509006747, 21.597538305603482], [85.40242806425462, 21.597267361263143], [85.40281435036404, 21.597271069436772], [85.40281335920787, 21.597361384240838], [85.40300650241079, 21.59736323800426], [85.40300551138039, 21.59745355280833], [85.40319865472705, 21.597455406356154], [85.40319766380443, 21.597545721169205], [85.40329423554513, 21.59754664786227], [85.40329126292104, 21.59781759231939], [85.40338783485039, 21.59781851896754], [85.40338585320282, 21.597999148602625], [85.40348242524894, 21.598000075205857], [85.40347945291231, 21.598271019671962], [85.40357602514709, 21.598271946230277], [85.40357404368815, 21.598452575874347], [85.4036706160397, 21.59845350238775], [85.40366764399054, 21.598724446862835], [85.40376421653075, 21.59872537333132], [85.40376223526046, 21.59890600297539], [85.40385880792643, 21.59890692939896], [85.40385583615573, 21.59917787388303], [85.40395240901034, 21.599178800261683], [85.4039494373744, 21.599449744745755]]]]}, "id": "+200+309", "properties": {"annual_rainfall": 1348.6598836099108, "area_ha": 1.363799329899532, "aspect": 267.06700975947973, "canopy_height": 18.866764599905775, "canopy_height_max": 19.290750852296362, "canopy_height_std": 0.3737145356019442, "centroid_lat": 21.598252363270454, "centroid_lon": 85.40319630161538, "cluster_id": 2, "distance_to_water": 463409.50001051987, "elevation": 657.5178390485845, "n_pixels": 136, "ndvi_amplitude_annual": 0.10487593221796575, "ndvi_mean": 0.7448967141905478, "ndvi_phase_annual": 2.390835009563659, "ndvi_residual_variance": 0.006697049968720841, "ndvi_trend": 0.0009344746980690694, "perim_m": 1040.0642368004849, "slope": 13.039277905178393, "stand_id": 40, "stand_lbl": 82, "vh_iqr": 2.195482052270002, "vh_p10": -14.701021221226599, "vh_p50": -13.603280195091603, "vh_p90": -12.505539168956611, "vv_iqr": 1.9114235073098411, "vv_minus_vh_median": 5.991148262468696, "vv_p10": -8.567843686277833, "vv_p50": -7.6121319326229155, "vv_p90": -6.656420178967994}}, {"type": "Feature", "geometry": {"type": "MultiPolygon", "coordinates": [[[[85.39787230653074, 21.59875907079053], [85.39787031793918, 21.598939699922557], [85.39777374553373, 21.59893877002251], [85.39777573424206, 21.598758140899463], [85.39787230653074, 21.59875907079053]]], [[[85.39797186148667, 21.598489056907194], [85.39797384990756, 21.598308427757196], [85.39807042190877, 21.598309357513514], [85.39807439843612, 21.597948099195555], [85.39768811143738, 21.597944379900785], [85.39768910579154, 21.59785406533028], [85.39778567747835, 21.597854995239313], [85.39778667176964, 21.59776468065982], [85.39797981503546, 21.597766540289243], [85.39798080920995, 21.59767622570975], [85.39807738078896, 21.597677155439122], [85.39807837489161, 21.59758684085065], [85.39778866035222, 21.597584051518808], [85.39778965462554, 21.59749373693932], [85.39788622607878, 21.597494666767503], [85.39788722028922, 21.597404352188015], [85.39798379168856, 21.5974052819623], [85.39798478583613, 21.597314967373826], [85.39827449987246, 21.597317756337358], [85.39827648779927, 21.59713712713346], [85.39856620152118, 21.597139915566984], [85.39856719530043, 21.597049600951564], [85.39866376648418, 21.597050530312625], [85.3986627727768, 21.597140844928045], [85.398855915297, 21.59714270348847], [85.39885889605983, 21.59687175960627], [85.39914860934158, 21.596874546988765], [85.39914960274353, 21.596784232346394], [85.39943931589053, 21.596787019207866], [85.39943832266823, 21.596877333868203], [85.3995348937891, 21.596878262717226], [85.39953390062071, 21.596968577377563], [85.39963047180446, 21.596969506172684], [85.39962947868996, 21.597059820833024], [85.39953290745231, 21.59705889202892], [85.39953191427493, 21.597149206689256], [85.39962848557546, 21.59715013549336], [85.39962550619605, 21.597421079474376], [85.39972207768521, 21.597422008233565], [85.39972009152808, 21.59760263755424], [85.39962351992213, 21.59760170878607], [85.39962252677171, 21.59769202343742], [85.39952595511186, 21.597691094615353], [85.39952496189854, 21.597781409257724], [85.39962153362127, 21.597782338097762], [85.39962054046187, 21.597872652749118], [85.39971711224749, 21.597873581535254], [85.39971611914197, 21.59796389618661], [85.39952297545395, 21.597962038560432], [85.39952198223166, 21.598052353202807], [85.39932883843585, 21.598050495343067], [85.39932784508778, 21.598140809976456], [85.3990381292638, 21.598138022755656], [85.39903614218142, 21.598318651995484], [85.3989395701263, 21.598317722805106], [85.39894056373487, 21.598227408180698], [85.39884399174264, 21.59822647893642], [85.3988449854051, 21.598136164320998], [85.39865184156437, 21.59813430566176], [85.39865084779412, 21.598224620268198], [85.39874741976838, 21.59822554962926], [85.39874443858334, 21.59849649345756], [85.39884101074625, 21.598497422773704], [85.39883802969597, 21.598768366602005], [85.39787230653074, 21.59875907079053], [85.39787330081305, 21.59866875622002], [85.39768015636146, 21.598666896392974], [85.39768115076953, 21.598576581840433], [85.39777772293245, 21.598577511776416], [85.39777871726865, 21.59848719721489], [85.39797186148667, 21.598489056907194]], [[85.39797186148667, 21.598489056907194], [85.39797086726725, 21.5985793714777], [85.39806743944813, 21.598580301251985], [85.39806843360466, 21.598489986672494], [85.39797186148667, 21.598489056907194]], [[85.3990381292638, 21.598138022755656], [85.39903912279152, 21.59804770813125], [85.39894255092506, 21.598046778940873], [85.39894155733445, 21.598137093565278], [85.3990381292638, 21.598138022755656]]]]}, "id": "+136+303", "properties": {"annual_rainfall": 1382.1430009414753, "area_ha": 2.757672209740202, "aspect": 33.83373163099594, "canopy_height": 12.85212374074123, "canopy_height_max": 14.30632831170202, "canopy_height_std": 1.074708029553008, "centroid_lat": 21.597780765380072, "centroid_lon": 85.39872404164701, "cluster_id": 4, "distance_to_water": 463409.50001051987, "elevation": 675.6496652979316, "n_pixels": 276, "ndvi_amplitude_annual": 0.18243871840662854, "ndvi_mean": 0.6530876150505442, "ndvi_phase_annual": 2.7817422354283754, "ndvi_residual_variance": 0.018640568797096205, "ndvi_trend": -0.023612084100877947, "perim_m": 1300.078071306766, "slope": 12.194113996752007, "stand_id": 41, "stand_lbl": 66, "vh_iqr": 3.691395377505388, "vh_p10": -20.672147861929908, "vh_p50": -18.826450173177243, "vh_p90": -16.980752484424546, "vv_iqr": 2.97305301476729, "vv_minus_vh_median": 7.333430405876372, "vv_p10": -12.979546274684509, "vv_p50": -11.493019767300867, "vv_p90": -10.006493259917216}}, {"type": "Feature", "geometry": {"type": "Polygon", "coordinates": [[[85.40242509006747, 21.597538305603482], [85.40261823346802, 21.59754015983403], [85.40261724218608, 21.59763047462013], [85.40271381395374, 21.597631401654553], [85.40271282271672, 21.597721716449637], [85.40280939455624, 21.597722643430163], [85.40280443862268, 21.598174217396608], [85.40290101075864, 21.598175144341198], [85.40289803731709, 21.598446088717473], [85.40280146499248, 21.598445161754913], [85.40280047377342, 21.598535476541016], [85.40289704615194, 21.598536403512558], [85.40289605498678, 21.59862671829866], [85.40212347563534, 21.598619300981223], [85.40212545891787, 21.59843867146292], [85.40154602532954, 21.598433106175154], [85.40154503333794, 21.59852342090736], [85.40125531643598, 21.598520637495415], [85.40125829294978, 21.59824969333474], [85.40106514873176, 21.598247837469263], [85.40106415644371, 21.598338152183498], [85.40096758428979, 21.59833722416093], [85.40096659193885, 21.598427538866183], [85.40087001972205, 21.598426610789712], [85.40087101213585, 21.598336296084458], [85.40067786783698, 21.59833443976084], [85.40067886036758, 21.598244125073553], [85.40077543244963, 21.59824505325782], [85.40077741736708, 21.598064423856293], [85.40087398933237, 21.598065351968696], [85.40087498171923, 21.597975037263442], [85.4009715536396, 21.597975965321947], [85.4009775075116, 21.597434077036525], [85.40088093595057, 21.59743314900497], [85.40088490533631, 21.597071890148023], [85.4007883340268, 21.59707096207155], [85.40079031880052, 21.596890332643078], [85.40088688999325, 21.596891260710567], [85.40088788231722, 21.596800945987347], [85.40108102459489, 21.596802801942655], [85.40108003239668, 21.596893116665875], [85.40117660359839, 21.59689404456268], [85.40117759574271, 21.59680372983048], [85.4012741668995, 21.596804657664403], [85.40127317480908, 21.59689497240559], [85.40136974602876, 21.596895900185615], [85.4013707380563, 21.59680558544443], [85.40146730921309, 21.596806513170556], [85.40146830117774, 21.596716198420385], [85.40185458563425, 21.596719908740987], [85.40185359392113, 21.596810223509124], [85.4020467362976, 21.596812078341536], [85.40204574470127, 21.596902393109673], [85.40214231595688, 21.596903320449524], [85.40214330749933, 21.596813005672406], [85.40223987870104, 21.596813932949374], [85.40223888722147, 21.596904247726492], [85.40243202975965, 21.596906102118734], [85.40243004701613, 21.59708673169094], [85.4027197612321, 21.597089512884043], [85.40271877003103, 21.597179827679128], [85.4030084844716, 21.59718260838714], [85.40300749345018, 21.59727292319121], [85.40310406499326, 21.59727384999207], [85.40310307402572, 21.597364164796137], [85.40319964564067, 21.5973650915431], [85.40319865472705, 21.597455406356154], [85.40300551138039, 21.59745355280833], [85.40300650241079, 21.59736323800426], [85.40281335920787, 21.597361384240838], [85.40281435036404, 21.597271069436772], [85.40242806425462, 21.597267361263143], [85.40242509006747, 21.597538305603482]], [[85.40242509006747, 21.597538305603482], [85.40232851837168, 21.597537378407363], [85.40232752691008, 21.59762769318448], [85.40242409865976, 21.597628620380604], [85.40242509006747, 21.597538305603482]]]}, "id": "+188+299", "properties": {"annual_rainfall": 1348.6598836099108, "area_ha": 3.5398577262698017, "aspect": 251.87377283427733, "canopy_height": 16.820236271475707, "canopy_height_max": 17.564594236127544, "canopy_height_std": 0.5428084935554055, "centroid_lat": 21.597693259349416, "centroid_lon": 85.40184102479188, "cluster_id": 2, "distance_to_water": 463409.50001051987, "elevation": 663.6793897838135, "n_pixels": 354, "ndvi_amplitude_annual": 0.13523820485234275, "ndvi_mean": 0.6861213858269516, "ndvi_phase_annual": 1.6517223419599139, "ndvi_residual_variance": 0.009671052149578824, "ndvi_trend": -0.0020269866944546714, "perim_m": 1300.079856587296, "slope": 14.308284589368505, "stand_id": 42, "stand_lbl": 79, "vh_iqr": 1.9112973823749209, "vh_p10": -15.995916557339081, "vh_p50": -15.040267866151632, "vh_p90": -14.084619174964164, "vv_iqr": 2.292021795429732, "vv_minus_vh_median": 6.0089840730849176, "vv_p10": -10.177294690781567, "vv_p50": -9.031283793066695, "vv_p90": -7.885272895351836}}, {"type": "Feature", "geometry": {"type": "Polygon", "coordinates": [[[85.39537537007317, 21.597470472998914], [85.39537736161121, 21.597289844064512], [85.39586021766469, 21.59729449960144], [85.39586121312378, 21.59720418511178], [85.39595778428956, 21.597205116053875], [85.39595877968578, 21.597114801555232], [85.39605535079767, 21.597115732425465], [85.396056346131, 21.597025417926822], [85.39615291718899, 21.597026348743153], [85.39615391245046, 21.59693603423553], [85.39625048345454, 21.596936964988977], [85.39625147865313, 21.596846650472372], [85.3964446205535, 21.596848511808588], [85.39644561562632, 21.596758197283], [85.39683189925637, 21.59676191926373], [85.39683289408666, 21.596671604729156], [85.3971226066767, 21.596674395615082], [85.39712360132731, 21.59658408105356], [85.39722017214275, 21.596585011232087], [85.3972211667215, 21.596494696670565], [85.39741430824458, 21.596496556856938], [85.39741331378261, 21.596586871427444], [85.39750988461601, 21.59658780143529], [85.3975108790151, 21.596497486864784], [85.3976074497946, 21.59649841680975], [85.39760844413081, 21.59640810223026], [85.39770501484743, 21.596409032121326], [85.39770600912075, 21.596318717541838], [85.39799572113587, 21.596321506864694], [85.39799870338092, 21.596050563063343], [85.39809527388195, 21.596051492711865], [85.39809626789476, 21.595961178114408], [85.39828940879801, 21.595963037231787], [85.39829040268505, 21.595872722616363], [85.39906296601953, 21.59588015683111], [85.39906395942148, 21.595789842179755], [85.39916052979675, 21.595790771199457], [85.39916251646592, 21.595610141887764], [85.39925908673338, 21.595611070844583], [85.39925610689582, 21.595882014825595], [85.39935267735193, 21.5958829437375], [85.39935168412066, 21.595973258397837], [85.39973796621459, 21.59597697351544], [85.39973498721247, 21.596247917541373], [85.4002178408405, 21.59625256023239], [85.40021982625203, 21.596071930839848], [85.40060610876817, 21.596075643945227], [85.40060511630945, 21.596165958659462], [85.40079825771573, 21.59616781489325], [85.4007972653738, 21.59625812961647], [85.40099040692382, 21.59625998562568], [85.40098941468968, 21.596350300357884], [85.40108598553206, 21.596351228281637], [85.40108499335182, 21.596441543013842], [85.40118156426607, 21.596442470892683], [85.40118057213972, 21.596532785624884], [85.40127714311686, 21.596533713449826], [85.4012761510444, 21.596624028191012], [85.40137272208442, 21.596624955962056], [85.40137173007484, 21.596715270703243], [85.40146830117774, 21.596716198420385], [85.40146730921309, 21.596806513170556], [85.4013707380563, 21.59680558544443], [85.40136974602876, 21.596895900185615], [85.40127317480908, 21.59689497240559], [85.4012741668995, 21.596804657664403], [85.40117759574271, 21.59680372983048], [85.40117660359839, 21.59689404456268], [85.40108003239668, 21.596893116665875], [85.40108102459489, 21.596802801942655], [85.40088788231722, 21.596800945987347], [85.40088688999325, 21.596891260710567], [85.40079031880052, 21.596890332643078], [85.4007883340268, 21.59707096207155], [85.40088490533631, 21.597071890148023], [85.40088093595057, 21.59743314900497], [85.4009775075116, 21.597434077036525], [85.4009715536396, 21.597975965321947], [85.40087498171923, 21.597975037263442], [85.40087398933237, 21.598065351968696], [85.40077741736708, 21.598064423856293], [85.40077543244963, 21.59824505325782], [85.40067886036758, 21.598244125073553], [85.40067786783698, 21.59833443976084], [85.40087101213585, 21.598336296084458], [85.40087001972205, 21.598426610789712], [85.40096659193885, 21.598427538866183], [85.40096758428979, 21.59833722416093], [85.40106415644371, 21.598338152183498], [85.40106514873176, 21.598247837469263], [85.40125829294978, 21.59824969333474], [85.40125531643598, 21.598520637495415], [85.40106217185863, 21.59851878160299], [85.40106117956161, 21.59860909630824], [85.40096460721902, 21.59860816827669], [85.40096361485014, 21.59869848298194], [85.40086704246265, 21.598697554887508], [85.40086505759011, 21.59887818428903], [85.40076848508583, 21.59887725612273], [85.4007674925822, 21.598967570819003], [85.40067092001505, 21.5989666425988], [85.400668934882, 21.599147271973376], [85.40057236219806, 21.599146343690293], [85.40057335483645, 21.59905602901199], [85.40047678222439, 21.59905510067501], [85.4004757895321, 21.599145415353313], [85.40037921686613, 21.59914448695345], [85.40037822410198, 21.599234801631756], [85.40028165138212, 21.599233873177994], [85.40028661540948, 21.598782299822403], [85.40038318783292, 21.5987832282582], [85.40038616600859, 21.598512284223286], [85.40028959376484, 21.598511355805456], [85.4002915793111, 21.598330726448847], [85.40048472356506, 21.598332583221623], [85.40048571621243, 21.59824226853434], [85.40038914413935, 21.59824134017939], [85.4003911295329, 21.598060710813797], [85.40029455759458, 21.598059782413934], [85.40029654308695, 21.597879153048343], [85.40019997126541, 21.597878224603566], [85.40020096406549, 21.59778790992526], [85.40029753582415, 21.59778883837004], [85.4002995212806, 21.59760820900445], [85.40020294964769, 21.597607280568653], [85.40020394242981, 21.597516965881365], [85.4001073708508, 21.597516037400652], [85.40010836369581, 21.59742572272235], [85.40001179217968, 21.597424794178753], [85.40001377795951, 21.597244164831128], [85.39991720657814, 21.59724323624262], [85.39992018538264, 21.596972292225672], [85.39982361418991, 21.59697136359225], [85.39982460716966, 21.596881048922928], [85.39963146490997, 21.596879191503362], [85.3996324580065, 21.596788876843025], [85.39914960274353, 21.596784232346394], [85.39914860934158, 21.596874546988765], [85.39885889605983, 21.59687175960627], [85.398855915297, 21.59714270348847], [85.3986627727768, 21.597140844928045], [85.39866376648418, 21.597050530312625], [85.39856719530043, 21.597049600951564], [85.39856620152118, 21.597139915566984], [85.39817991656162, 21.597136197547822], [85.39817892254881, 21.597226512136295], [85.39779263743652, 21.597222793209834], [85.39779164317218, 21.597313107789322], [85.39769507184471, 21.59731217790724], [85.39769407751749, 21.59740249248673], [85.39730779202792, 21.59739877240144], [85.39730679745814, 21.59748908695398], [85.3970170832152, 21.597486296283652], [85.3970160884568, 21.59757661082721], [85.39682294554133, 21.597574750092864], [85.39681996087083, 21.597845693687603], [85.39672338923792, 21.597844763221612], [85.39672239428188, 21.597935077747206], [85.39662582259508, 21.597934147227317], [85.39662482756717, 21.598024461743925], [85.39672139931686, 21.598025392272795], [85.39672040434284, 21.598115706798385], [85.39662383253926, 21.598114776260534], [85.39662283750238, 21.59820509077714], [85.39671940936884, 21.598206021314994], [85.39671841439483, 21.598296335831602], [85.39700813020085, 21.598299127121766], [85.39700315612131, 21.598750699767688], [85.39681001165177, 21.598748838925545], [85.3968120015369, 21.598568209883346], [85.3967154294189, 21.59856727939041], [85.39671642441986, 21.5984769648738], [85.39661985237373, 21.598476034326964], [85.39662084741961, 21.598385719810356], [85.3964277034621, 21.598383858554985], [85.39642869863374, 21.598293544047362], [85.39613898291755, 21.598290751751083], [85.39613599686365, 21.59856169522904], [85.3959428527175, 21.59855983339875], [85.39594484366265, 21.598379204428415], [85.3958482717243, 21.598378273441405], [85.39585026275928, 21.598197644480052], [85.39575369094672, 21.598196713439144], [85.39575568208052, 21.598016084477795], [85.39565911039371, 21.59801515339197], [85.39566110162632, 21.5978345244396], [85.39556453005629, 21.59783359330886], [85.3955665213967, 21.59765296435649], [85.39546994995244, 21.59765203317185], [85.39547194139166, 21.597471404228468], [85.39537537007317, 21.597470472998914]]]}, "id": "+162+306", "properties": {"annual_rainfall": 1371.4386599680658, "area_ha": 8.35323970512398, "aspect": 59.70382988825098, "canopy_height": 19.114979436060082, "canopy_height_max": 19.71695827959988, "canopy_height_std": 0.5603524214606092, "centroid_lat": 21.597137357195088, "centroid_lon": 85.3985989869933, "cluster_id": 2, "distance_to_water": 463409.50001051987, "elevation": 697.8214125570397, "n_pixels": 835, "ndvi_amplitude_annual": 0.10046666017182788, "ndvi_mean": 0.7550346786196852, "ndvi_phase_annual": 2.153025428442102, "ndvi_residual_variance": 0.007532863522354804, "ndvi_trend": -0.003357823169038757, "perim_m": 3080.184988473867, "slope": 15.46225942305494, "stand_id": 43, "stand_lbl": 65, "vh_iqr": 2.0251220456293972, "vh_p10": -17.322996873687558, "vh_p50": -16.310435850872885, "vh_p90": -15.297874828058193, "vv_iqr": 2.145298451981314, "vv_minus_vh_median": 6.519470807201002, "vv_p10": -10.863614269662502, "vv_p50": -9.79096504367187, "vv_p90": -8.718315817681196}}, {"type": "Feature", "geometry": {"type": "MultiPolygon", "coordinates": [[[[85.40166441888225, 21.5964471094245], [85.40156784795002, 21.59644618183312], [85.40156883982485, 21.596355867073967], [85.40166541069418, 21.596356794665347], [85.40166441888225, 21.5964471094245]]], [[[85.40175999805642, 21.596538351730118], [85.40195314006459, 21.59654020664338], [85.40195710661166, 21.596178947552872], [85.40205367738218, 21.59617987491069], [85.40205268581279, 21.596270189687807], [85.40214925665518, 21.596271117000708], [85.40215024816169, 21.596180802214604], [85.40243996053613, 21.596183583785002], [85.402440951854, 21.596093268989915], [85.40253752259757, 21.59609419606027], [85.40253653133361, 21.59618451086434], [85.4027296729555, 21.59618636485234], [85.40272669948699, 21.59645730927353], [85.40282327049107, 21.59645823619117], [85.40282128826857, 21.59663886580829], [85.40291785938943, 21.596639792690002], [85.40291488621737, 21.596910737120172], [85.40301145751789, 21.596911663947985], [85.40300947549302, 21.59709229357409], [85.40310604691932, 21.59709322035698], [85.40310406499326, 21.59727384999207], [85.40300749345018, 21.59727292319121], [85.4030084844716, 21.59718260838714], [85.40271877003103, 21.597179827679128], [85.4027197612321, 21.597089512884043], [85.40243004701613, 21.59708673169094], [85.40243202975965, 21.596906102118734], [85.40223888722147, 21.596904247726492], [85.40223987870104, 21.596813932949374], [85.40214330749933, 21.596813005672406], [85.40214231595688, 21.596903320449524], [85.40204574470127, 21.596902393109673], [85.4020467362976, 21.596812078341536], [85.40195016510488, 21.596811150947786], [85.4019511567641, 21.596720836179653], [85.40185458563425, 21.596719908740987], [85.40185557734738, 21.596629593981834], [85.4017590062894, 21.59662866648927], [85.40175999805642, 21.596538351730118]]], [[[85.40166441888225, 21.5964471094245], [85.40176098981446, 21.59644803696198], [85.40175999805642, 21.596538351730118], [85.40166342705234, 21.59653742418365], [85.40166441888225, 21.5964471094245]]]]}, "id": "+190+284", "properties": {"annual_rainfall": 1348.6598836099108, "area_ha": 0.9225697699006469, "aspect": 318.96782354336295, "canopy_height": 19.233972669397016, "canopy_height_max": 19.859575848505727, "canopy_height_std": 0.5063690563381277, "centroid_lat": 21.59664406338053, "centroid_lon": 85.40244225448204, "cluster_id": 2, "distance_to_water": 463409.50001051987, "elevation": 699.5726144359236, "n_pixels": 92, "ndvi_amplitude_annual": 0.09577861380192924, "ndvi_mean": 0.7652740413383432, "ndvi_phase_annual": 2.7602512276351274, "ndvi_residual_variance": 0.00672832997219356, "ndvi_trend": -0.006964106162357324, "perim_m": 660.0405925199464, "slope": 19.143015258123167, "stand_id": 44, "stand_lbl": 82, "vh_iqr": 1.9310285527720665, "vh_p10": -14.581786726169192, "vh_p50": -13.61627244978315, "vh_p90": -12.650758173397119, "vv_iqr": 2.9124611624825234, "vv_minus_vh_median": 5.418055014359063, "vv_p10": -9.654448016665349, "vv_p50": -8.198217435424088, "vv_p90": -6.74198685418282}}, {"type": "Feature", "geometry": {"type": "Polygon", "coordinates": [[[85.39471630550615, 21.595928607214432], [85.39471829769997, 21.595747978297997], [85.39491143800133, 21.595749841323048], [85.39491044202121, 21.59584015579474], [85.39500701223477, 21.595841087221924], [85.39500601631754, 21.59593140169362], [85.39519915687941, 21.59593326440426], [85.39520015268886, 21.595842949923583], [85.39529672292039, 21.595843881189072], [85.39529871438656, 21.59566325221874], [85.3952021442718, 21.595662320962234], [85.39520314006329, 21.595572006481557], [85.39539628016702, 21.595573868931687], [85.3953952845013, 21.595664183421345], [85.39558842475776, 21.595666045646894], [85.39558942029771, 21.595575731157236], [85.39568599037653, 21.595576662180182], [85.39568499489049, 21.59566697667882], [85.3957815650232, 21.59566790765685], [85.39578056959105, 21.595758222164473], [85.39607028022276, 21.595761014766182], [85.3960692849613, 21.595851329291772], [85.39616585523774, 21.59585226004522], [85.39616486003915, 21.595942574570813], [85.39626143037849, 21.595943505279344], [85.39625744975481, 21.596304763372725], [85.39616087916396, 21.596303832646225], [85.39615888870391, 21.596484461670457], [85.39625545940255, 21.596485392405942], [85.39625247385172, 21.596756335955764], [85.39615590296441, 21.596755405211297], [85.39615391245046, 21.59693603423553], [85.39596077046025, 21.59693417254897], [85.39595778428956, 21.597205116053875], [85.39586121312378, 21.59720418511178], [85.39586021766469, 21.59729449960144], [85.39528079040949, 21.597288912781057], [85.39528278204634, 21.597108283846655], [85.39518621097938, 21.597107352527267], [85.39518820271505, 21.59692672359287], [85.39509163177384, 21.596925792219583], [85.39509362359934, 21.596745163294166], [85.39499705278389, 21.596744231875963], [85.39500004067037, 21.596473288487836], [85.39490347003459, 21.59647235702472], [85.39490546205772, 21.596291728108284], [85.39480889154771, 21.59629079660025], [85.39481088366965, 21.596110167683815], [85.39490745406287, 21.596111099182867], [85.39490845005199, 21.596020784720157], [85.39481187972163, 21.596019853221108], [85.39481287576464, 21.595929538767383], [85.39471630550615, 21.595928607214432]]]}, "id": "+115+285", "properties": {"annual_rainfall": 1382.1430009414753, "area_ha": 2.065742067710747, "aspect": 204.5663585341697, "canopy_height": 11.914461039304541, "canopy_height_max": 14.124790604997271, "canopy_height_std": 1.6842561600620263, "centroid_lat": 21.59641473106587, "centroid_lon": 85.39556610673836, "cluster_id": 1, "distance_to_water": 463409.50001051987, "elevation": 715.7258904662336, "n_pixels": 207, "ndvi_amplitude_annual": 0.18001852735911558, "ndvi_mean": 0.5918447946042323, "ndvi_phase_annual": 1.0242921052876885, "ndvi_residual_variance": 0.011202989845404368, "ndvi_trend": -0.0003040614050855821, "perim_m": 820.0480140816267, "slope": 12.512637100619935, "stand_id": 45, "stand_lbl": 46, "vh_iqr": 2.0554764844329494, "vh_p10": -15.593350220170427, "vh_p50": -14.565611977953953, "vh_p90": -13.537873735737485, "vv_iqr": 1.8481600130642313, "vv_minus_vh_median": 6.872006423450933, "vv_p10": -8.617685561035131, "vv_p50": -7.693605554503023, "vv_p90": -6.769525547970904}}, {"type": "Feature", "geometry": {"type": "MultiPolygon", "coordinates": [[[[85.40185458563425, 21.596719908740987], [85.4019511567641, 21.596720836179653], [85.40195016510488, 21.596811150947786], [85.40185359392113, 21.596810223509124], [85.40185458563425, 21.596719908740987]]], [[[85.39936062298655, 21.59516042640988], [85.39935962980019, 21.595250741079198], [85.39945619984307, 21.595251669910255], [85.39945719296655, 21.59516135523195], [85.39955376294657, 21.59516228400012], [85.39955475600716, 21.59507196932182], [85.39965132593326, 21.59507289802711], [85.39965231893098, 21.59498258333982], [85.40003859845574, 21.594986297586058], [85.40003661293642, 21.595166926996566], [85.4002297529593, 21.595168783796293], [85.40023173824507, 21.594988154376804], [85.40042487805236, 21.594990010942965], [85.40042289301813, 21.595170640380424], [85.40032632298423, 21.595169712115307], [85.40032533039974, 21.595260026829543], [85.40022876031193, 21.595259098510528], [85.40022776766456, 21.595349413215782], [85.40032433780627, 21.59535034154378], [85.4003233452038, 21.595440656249036], [85.40041991541737, 21.595441584532118], [85.40041892286881, 21.595531899246353], [85.40051549314526, 21.595532827466553], [85.40051350815594, 21.59571345690401], [85.40061007855816, 21.595714385079294], [85.40061107098994, 21.595624070356074], [85.40080421168656, 21.595625926535963], [85.40080222704759, 21.595806555991388], [85.40089879752166, 21.595807484004975], [85.40090078203488, 21.59562685454057], [85.40109392275845, 21.595628710379096], [85.40109293062312, 21.59571902512028], [85.40118950105229, 21.59571995296319], [85.40118850897085, 21.595810267704376], [85.40099536799575, 21.59580841195568], [85.40099338358135, 21.59598904142907], [85.401186524799, 21.595990897195733], [85.4011855326996, 21.59608121193692], [85.4012821033713, 21.59608213973491], [85.40128111133478, 21.59617245448508], [85.40137768206938, 21.596173382229175], [85.40137669008676, 21.596263696979342], [85.40147326088423, 21.596264624678522], [85.40147226895552, 21.59635493942869], [85.40156883982485, 21.596355867073967], [85.40156784795002, 21.59644618183312], [85.40166441888225, 21.5964471094245], [85.40166342705234, 21.59653742418365], [85.40175999805642, 21.596538351730118], [85.4017590062894, 21.59662866648927], [85.40185557734738, 21.596629593981834], [85.40185458563425, 21.596719908740987], [85.40137173007484, 21.596715270703243], [85.40137272208442, 21.596624955962056], [85.4012761510444, 21.596624028191012], [85.40127714311686, 21.596533713449826], [85.40118057213972, 21.596532785624884], [85.40118156426607, 21.596442470892683], [85.40108499335182, 21.596441543013842], [85.40108598553206, 21.596351228281637], [85.40098941468968, 21.596350300357884], [85.40099040692382, 21.59625998562568], [85.4007972653738, 21.59625812961647], [85.40079825771573, 21.59616781489325], [85.40060511630945, 21.596165958659462], [85.40060610876817, 21.596075643945227], [85.40021982625203, 21.596071930839848], [85.4002178408405, 21.59625256023239], [85.39973498721247, 21.596247917541373], [85.39973796621459, 21.59597697351544], [85.39935168412066, 21.595973258397837], [85.39935267735193, 21.5958829437375], [85.39925610689582, 21.595882014825595], [85.39925908673338, 21.595611070844583], [85.39916251646592, 21.595610141887764], [85.39916052979675, 21.595790771199457], [85.39906395942148, 21.595789842179755], [85.39906296601953, 21.59588015683111], [85.39886982515222, 21.595878298612046], [85.3988718121897, 21.595697669327304], [85.3987752418863, 21.595696740145907], [85.39877722902258, 21.595516110870147], [85.39887379920921, 21.59551704004256], [85.39887578621075, 21.595336410748832], [85.39897235628058, 21.595337339858364], [85.3989733497095, 21.59524702520701], [85.39906991972543, 21.595247954262643], [85.39907091309145, 21.595157639602306], [85.39936062298655, 21.59516042640988]], [[85.39945619984307, 21.595251669910255], [85.39945520671061, 21.595341984579576], [85.3995517768074, 21.59534291335673], [85.39955276987698, 21.595252598678428], [85.39945619984307, 21.595251669910255]]], [[[85.39945719296655, 21.59516135523195], [85.39936062298655, 21.59516042640988], [85.39936161617291, 21.595070111740558], [85.39945818609003, 21.595071040553645], [85.39945719296655, 21.59516135523195]]]]}, "id": "+178+279", "properties": {"annual_rainfall": 1365.6457369867078, "area_ha": 2.3164481364818874, "aspect": 132.1827787911189, "canopy_height": 17.086955154412223, "canopy_height_max": 17.883388892383163, "canopy_height_std": 0.5930244096329269, "centroid_lat": 21.5957597033807, "centroid_lon": 85.40013817573796, "cluster_id": 1, "distance_to_water": 463409.50001051987, "elevation": 700.2587741367381, "n_pixels": 232, "ndvi_amplitude_annual": 0.17762065291762613, "ndvi_mean": 0.4771984657737858, "ndvi_phase_annual": -0.17690680631596467, "ndvi_residual_variance": 0.009337700144409626, "ndvi_trend": 0.022045203817451304, "perim_m": 1440.087462398878, "slope": 12.27391659852821, "stand_id": 46, "stand_lbl": 69, "vh_iqr": 2.3133444475530367, "vh_p10": -17.353366715819398, "vh_p50": -16.19669449204285, "vh_p90": -15.040022268266341, "vv_iqr": 2.149907338594602, "vv_minus_vh_median": 6.499960518595124, "vv_p10": -10.771687642745023, "vv_p50": -9.696733973447728, "vv_p90": -8.62178030415043}}, {"type": "Feature", "geometry": {"type": "MultiPolygon", "coordinates": [[[[85.39471630550615, 21.595928607214432], [85.39481287576464, 21.595929538767383], [85.39481187972163, 21.596019853221108], [85.39490845005199, 21.596020784720157], [85.39490745406287, 21.596111099182867], [85.3947143132854, 21.596109236130864], [85.39471630550615, 21.595928607214432]]], [[[85.39615391245046, 21.59693603423553], [85.39615291718899, 21.597026348743153], [85.396056346131, 21.597025417926822], [85.39605535079767, 21.597115732425465], [85.39595877968578, 21.597114801555232], [85.39596077046025, 21.59693417254897], [85.39615391245046, 21.59693603423553]]], [[[85.39799870338092, 21.596050563063343], [85.39799969745661, 21.595960248465886], [85.39809626789476, 21.595961178114408], [85.39809527388195, 21.596051492711865], [85.39799870338092, 21.596050563063343]]], [[[85.39799870338092, 21.596050563063343], [85.39799572113587, 21.596321506864694], [85.39770600912075, 21.596318717541838], [85.39770501484743, 21.596409032121326], [85.39760844413081, 21.59640810223026], [85.3976074497946, 21.59649841680975], [85.3975108790151, 21.596497486864784], [85.39750988461601, 21.59658780143529], [85.39741331378261, 21.596586871427444], [85.39741430824458, 21.596496556856938], [85.3972211667215, 21.596494696670565], [85.39722017214275, 21.596585011232087], [85.39712360132731, 21.59658408105356], [85.3971226066767, 21.596674395615082], [85.39683289408666, 21.596671604729156], [85.39683189925637, 21.59676191926373], [85.39644561562632, 21.596758197283], [85.3964446205535, 21.596848511808588], [85.39625147865313, 21.596846650472372], [85.39625048345454, 21.596936964988977], [85.39615391245046, 21.59693603423553], [85.39615590296441, 21.596755405211297], [85.39625247385172, 21.596756335955764], [85.39625545940255, 21.596485392405942], [85.39615888870391, 21.596484461670457], [85.39616087916396, 21.596303832646225], [85.39625744975481, 21.596304763372725], [85.39626143037849, 21.595943505279344], [85.39616486003915, 21.595942574570813], [85.39616585523774, 21.59585226004522], [85.3960692849613, 21.595851329291772], [85.39607028022276, 21.595761014766182], [85.39578056959105, 21.595758222164473], [85.3957815650232, 21.59566790765685], [85.39568499489049, 21.59566697667882], [85.39568599037653, 21.595576662180182], [85.39558942029771, 21.595575731157236], [85.39558842475776, 21.595666045646894], [85.3953952845013, 21.595664183421345], [85.39539628016702, 21.595573868931687], [85.39520314006329, 21.595572006481557], [85.3952021442718, 21.595662320962234], [85.39529871438656, 21.59566325221874], [85.39529672292039, 21.595843881189072], [85.39520015268886, 21.595842949923583], [85.39519915687941, 21.59593326440426], [85.39500601631754, 21.59593140169362], [85.39500701223477, 21.595841087221924], [85.39491044202121, 21.59584015579474], [85.39491143800133, 21.595749841323048], [85.39471829769997, 21.595747978297997], [85.39471630550615, 21.595928607214432], [85.39461973523869, 21.595927675607584], [85.39462172755826, 21.595747046709114], [85.39452515742555, 21.595746115057352], [85.39452714984392, 21.5955654861499], [85.39443057982798, 21.59556455445322], [85.3944325723452, 21.595383925554753], [85.394336002464, 21.595382993804172], [85.39433799507103, 21.595202364914687], [85.3942414253156, 21.595201433119193], [85.39424341803043, 21.59502080422971], [85.39414684839178, 21.595019872389297], [85.39414884120544, 21.594839243508797], [85.39405227169254, 21.594838311614488], [85.39405526105226, 21.594567368298225], [85.39395869172802, 21.594566436367984], [85.39396068472132, 21.594385807487484], [85.39386411552286, 21.594384875512326], [85.39386610862395, 21.594204246631822], [85.39376953954228, 21.59420331461175], [85.39377153274219, 21.59402268574023], [85.39367496379525, 21.594021753666258], [85.39367695708499, 21.593841124803724], [85.39358038826381, 21.593840192675852], [85.3935813849626, 21.593749878249074], [85.39367795372988, 21.593750810367965], [85.39368293685544, 21.593299238189168], [85.39377950532626, 21.593300170227206], [85.39377452249715, 21.593751742432953], [85.39387109127341, 21.59375267443506], [85.3938700947543, 21.593842988879803], [85.39396666360243, 21.593843920836996], [85.39396566713722, 21.593934235281736], [85.39425537387025, 21.593937030820936], [85.39425437757572, 21.59402734527466], [85.39435094655859, 21.594028277016257], [85.39434995032694, 21.594118591469982], [85.39444651937269, 21.59411952315768], [85.39444552318596, 21.594209837620387], [85.39454209230358, 21.594210769263167], [85.39454308842744, 21.594120454791476], [85.3947362265459, 21.59412231788839], [85.39473821853309, 21.593941688927043], [85.39493135643596, 21.593943551781415], [85.39493036056363, 21.594033866271072], [85.39502692958244, 21.594034797617407], [85.395025933773, 21.59412511210707], [85.39541221013569, 21.594128836953427], [85.39541420128745, 21.593948207938176], [85.39522106333068, 21.593946345640763], [85.39522205902334, 21.59385603114212], [85.39551176578331, 21.59385882448943], [85.39550977475733, 21.594039453513663], [85.3957029128668, 21.5940413154787], [85.39570390826302, 21.593951000962093], [85.3958970462647, 21.59395286269357], [85.39589804153515, 21.593862548158995], [85.3964774553246, 21.59386813199697], [85.39647646041347, 21.59395844654951], [85.39628332233993, 21.59395658549177], [85.39628133226614, 21.594137214578883], [85.39618476312158, 21.594136283960182], [85.39618277290407, 21.594316913038313], [85.39598963439035, 21.59431505160328], [85.39598863915582, 21.594405366137853], [85.39579550054329, 21.59440350446926], [85.39579052368796, 21.59485507706128], [85.39598366290237, 21.59485693876581], [85.39598167236147, 21.595037567816988], [85.39617481183639, 21.595039429314905], [85.39617381668272, 21.595129743840495], [85.39598067709102, 21.595127882333596], [85.3959796818026, 21.59521819685919], [85.39607625165684, 21.595219127639588], [85.3960752564313, 21.595309442165178], [85.39617182634842, 21.59531037290066], [85.39617083117679, 21.59540068742625], [85.39636397115476, 21.59540254873552], [85.3963629760999, 21.595492863270092], [85.39645954615177, 21.595493793852864], [85.39645755614087, 21.59567442292201], [85.39665069650512, 21.59567628392585], [85.39664870670981, 21.595856913012966], [85.39693841765595, 21.595859704114485], [85.39694140179644, 21.595588760447882], [85.3971345420978, 21.595590620876802], [85.39712956909625, 21.596042193702385], [85.39732271000848, 21.59604405395164], [85.39732469898631, 21.595863424810627], [85.39761441004023, 21.595866214735356], [85.39761341573997, 21.59595652932383], [85.39770998616015, 21.595957459196928], [85.39770899190479, 21.5960477737854], [85.39780556239684, 21.59604870359562], [85.39780456819538, 21.596139018193075], [85.3979011387503, 21.596139947958378], [85.39790213288887, 21.596049633360924], [85.39799870338092, 21.596050563063343]]]]}, "id": "+117+283", "properties": {"annual_rainfall": 1382.1430009414753, "area_ha": 5.715889380472255, "aspect": 213.07267481796947, "canopy_height": 15.985768978411395, "canopy_height_max": 16.763551002987615, "canopy_height_std": 0.6767499424130766, "centroid_lat": 21.59520792508709, "centroid_lon": 85.39558805346745, "cluster_id": 1, "distance_to_water": 463409.50001051987, "elevation": 690.1089762460829, "n_pixels": 572, "ndvi_amplitude_annual": 0.2258154956502566, "ndvi_mean": 0.5562117800166468, "ndvi_phase_annual": -2.137262815942475, "ndvi_residual_variance": 0.006146091160008844, "ndvi_trend": 0.009681863613773777, "perim_m": 2640.1549413265843, "slope": 11.52303102859498, "stand_id": 47, "stand_lbl": 48, "vh_iqr": 2.161192509918968, "vh_p10": -15.890243263243802, "vh_p50": -14.809647008284305, "vh_p90": -13.729050753324811, "vv_iqr": 2.361916954114151, "vv_minus_vh_median": 6.807928636194182, "vv_p10": -9.182676849147212, "vv_p50": -8.001718372090131, "vv_p90": -6.820759895033045}}, {"type": "Feature", "geometry": {"type": "Polygon", "coordinates": [[[85.40022776766456, 21.595349413215782], [85.40022876031193, 21.595259098510528], [85.40032533039974, 21.595260026829543], [85.40032632298423, 21.595169712115307], [85.40042289301813, 21.595170640380424], [85.40042487805236, 21.594990010942965], [85.40032830814422, 21.594989082686833], [85.40032930071973, 21.594898767972598], [85.40042587056499, 21.59489969622873], [85.40043381048632, 21.594177178425003], [85.40053037986445, 21.594178106591304], [85.40053335706097, 21.593907162385708], [85.40024364949251, 21.593904377770027], [85.40024662719208, 21.593633433600367], [85.40072947226815, 21.593638074270174], [85.40073046452027, 21.593547759528988], [85.40082703349415, 21.593548687488674], [85.40082802568338, 21.593458372738507], [85.40092459460338, 21.593459300635313], [85.40092657884709, 21.59327867111701], [85.40083001005286, 21.593277743220202], [85.40083100222412, 21.59318742847003], [85.40092757096446, 21.593188356357853], [85.40092856307284, 21.5930980415987], [85.40102513175927, 21.593098969423643], [85.4010281078778, 21.592828025119235], [85.40122124490033, 21.592829880589456], [85.4012222368021, 21.592739565803353], [85.40131880526394, 21.59274049344863], [85.40131582970237, 21.593011437797955], [85.40141239834388, 21.593012365398316], [85.40141041472899, 21.593192994961537], [85.40150698349626, 21.593193922516985], [85.40150400821317, 21.59346486687529], [85.40160057716909, 21.59346579438582], [85.40159859373385, 21.593646423958027], [85.40169516281554, 21.59364735142364], [85.40169218781092, 21.593918295781947], [85.40178875707227, 21.593919223202647], [85.40178677383467, 21.594099852783835], [85.40188334322178, 21.594100780159618], [85.40188036850462, 21.59437172453589], [85.4019769380714, 21.59437265186676], [85.40197495502244, 21.594553281447947], [85.40207152471498, 21.5945542087339], [85.4020685502763, 21.594825153119153], [85.40216512015749, 21.59482608036019], [85.40216313729718, 21.59500670995036], [85.40225970730414, 21.59500763714648], [85.40225673314393, 21.59527858154072], [85.40235330333952, 21.595279508682943], [85.40235032931406, 21.595550453086165], [85.40244689968932, 21.595551380192454], [85.4024449170985, 21.595732009791607], [85.40254148759954, 21.595732936852983], [85.40253851386154, 21.596003881265187], [85.40263508454223, 21.59600480827266], [85.40263310214006, 21.59618543788978], [85.40253653133361, 21.59618451086434], [85.40253752259757, 21.59609419606027], [85.402440951854, 21.596093268989915], [85.40243996053613, 21.596183583785002], [85.40215024816169, 21.596180802214604], [85.40214925665518, 21.596271117000708], [85.40205268581279, 21.596270189687807], [85.40205367738218, 21.59617987491069], [85.40195710661166, 21.596178947552872], [85.40195314006459, 21.59654020664338], [85.40175999805642, 21.596538351730118], [85.40176098981446, 21.59644803696198], [85.40166441888225, 21.5964471094245], [85.40166541069418, 21.596356794665347], [85.40147226895552, 21.59635493942869], [85.40147326088423, 21.596264624678522], [85.40137669008676, 21.596263696979342], [85.40137768206938, 21.596173382229175], [85.40128111133478, 21.59617245448508], [85.4012821033713, 21.59608213973491], [85.4011855326996, 21.59608121193692], [85.401186524799, 21.595990897195733], [85.40099338358135, 21.59598904142907], [85.40099536799575, 21.59580841195568], [85.40118850897085, 21.595810267704376], [85.40118950105229, 21.59571995296319], [85.40109293062312, 21.59571902512028], [85.40109392275845, 21.595628710379096], [85.40090078203488, 21.59562685454057], [85.40089879752166, 21.595807484004975], [85.40080222704759, 21.595806555991388], [85.40080421168656, 21.595625926535963], [85.40061107098994, 21.595624070356074], [85.40061007855816, 21.595714385079294], [85.40051350815594, 21.59571345690401], [85.40051549314526, 21.595532827466553], [85.40041892286881, 21.595531899246353], [85.40041991541737, 21.595441584532118], [85.4003233452038, 21.595440656249036], [85.40032433780627, 21.59535034154378], [85.40022776766456, 21.595349413215782]]]}, "id": "+178+276", "properties": {"annual_rainfall": 1348.6598836099108, "area_ha": 5.3749681747939215, "aspect": 242.4985615358059, "canopy_height": 19.329720404684668, "canopy_height_max": 19.84788585253203, "canopy_height_std": 0.4300751709372186, "centroid_lat": 21.594830325572804, "centroid_lon": 85.40134378282717, "cluster_id": 0, "distance_to_water": 463409.50001051987, "elevation": 687.9972719949639, "n_pixels": 537, "ndvi_amplitude_annual": 0.14389729529551856, "ndvi_mean": 0.7392972563127203, "ndvi_phase_annual": 2.090204710778318, "ndvi_residual_variance": 0.0070348675449722125, "ndvi_trend": -0.003286009572032757, "perim_m": 1580.0962372255235, "slope": 14.109783587292771, "stand_id": 48, "stand_lbl": 74, "vh_iqr": 1.8523706156003497, "vh_p10": -13.339695515809801, "vh_p50": -12.41351020800963, "vh_p90": -11.48732490020946, "vv_iqr": 2.158587082972425, "vv_minus_vh_median": 6.455863141639092, "vv_p10": -7.0369406078567485, "vv_p50": -5.957647066370535, "vv_p90": -4.8783535248843215}}, {"type": "Feature", "geometry": {"type": "Polygon", "coordinates": [[[85.39579052368796, 21.59485507706128], [85.39579550054329, 21.59440350446926], [85.39598863915582, 21.594405366137853], [85.39598963439035, 21.59431505160328], [85.39618277290407, 21.594316913038313], [85.39618476312158, 21.594136283960182], [85.39628133226614, 21.594137214578883], [85.39628332233993, 21.59395658549177], [85.39666959850499, 21.593960307391654], [85.39666860371064, 21.59405062195318], [85.3969583110635, 21.59405341280317], [85.39695731643984, 21.594143727373677], [85.39724702401729, 21.59414651773858], [85.39724602957328, 21.594236832327052], [85.39743916810497, 21.594238692288847], [85.39743320203384, 21.594780579846635], [85.39675721475197, 21.59477406879457], [85.39675621996662, 21.594864383356096], [85.39665965031898, 21.59486345297994], [85.39665865547074, 21.59495376753248], [85.39636894636617, 21.594950976053667], [85.39636795133825, 21.59504129058824], [85.39598167236147, 21.595037567816988], [85.39598366290237, 21.59485693876581], [85.39579052368796, 21.59485507706128]]]}, "id": "+120+260", "properties": {"annual_rainfall": 1382.1430009414753, "area_ha": 1.3938761128465602, "aspect": 191.98089438331462, "canopy_height": 6.939494524450484, "canopy_height_max": 10.107028044222577, "canopy_height_std": 2.0546717761468267, "centroid_lat": 21.594507714652764, "centroid_lon": 85.3965958244958, "cluster_id": 5, "distance_to_water": 463409.50001051987, "elevation": 694.9041844175531, "n_pixels": 139, "ndvi_amplitude_annual": 0.20052614483510162, "ndvi_mean": 0.484089269919422, "ndvi_phase_annual": -1.5752779004597415, "ndvi_residual_variance": 0.008931351597763268, "ndvi_trend": -0.029988468713943714, "perim_m": 580.0343542783597, "slope": 14.546274274064979, "stand_id": 49, "stand_lbl": 52, "vh_iqr": 2.062166613176757, "vh_p10": -18.42610294699233, "vh_p50": -17.39501964040394, "vh_p90": -16.363936333815573, "vv_iqr": 2.0499231291451467, "vv_minus_vh_median": 7.793399516138886, "vv_p10": -10.62658168883764, "vv_p50": -9.601620124265065, "vv_p90": -8.576658559692493}}, {"type": "Feature", "geometry": {"type": "MultiPolygon", "coordinates": [[[[85.39899321724558, 21.593440731955333], [85.39899421057567, 21.59335041728601], [85.39909077933396, 21.59335134624283], [85.39908978606675, 21.593441660921133], [85.39899321724558, 21.593440731955333]]], [[[85.39945619984307, 21.595251669910255], [85.39955276987698, 21.595252598678428], [85.3995517768074, 21.59534291335673], [85.39945520671061, 21.595341984579576], [85.39945619984307, 21.595251669910255]]], [[[85.39985737280642, 21.593900664179557], [85.39976080364389, 21.593899735635965], [85.39976179651583, 21.593809420939692], [85.3998583656155, 21.593810349474303], [85.39985737280642, 21.593900664179557]]], [[[85.39899321724558, 21.593440731955333], [85.3989912305854, 21.593621361302958], [85.39879809272745, 21.59361950318271], [85.39879709927159, 21.59370981784305], [85.3987005302887, 21.593708888697584], [85.39869953676099, 21.59379920335792], [85.39879610580675, 21.593800132503386], [85.3987951123419, 21.593890447163723], [85.39889168145055, 21.593891376264274], [85.39888870119077, 21.59416232025427], [85.39898527047907, 21.594163249309904], [85.3989862638451, 21.594072934640582], [85.3990828330795, 21.594073863633334], [85.39908382638265, 21.59398354896401], [85.39918039556315, 21.593984477902865], [85.39917840908264, 21.59416510725049], [85.3992749783889, 21.594166036135444], [85.39927398520254, 21.594256350813748], [85.39937055457169, 21.594257279653785], [85.39936956143923, 21.59434759433209], [85.39946613087126, 21.594348523118228], [85.3994681170194, 21.594167893743652], [85.39985439434328, 21.59417160829532], [85.39985737280642, 21.593900664179557], [85.40024364949251, 21.593904377770027], [85.40024067174802, 21.594175321939687], [85.40033724111717, 21.594176250213785], [85.400335256047, 21.594356879660225], [85.40043182553293, 21.594357807880424], [85.40042587056499, 21.59489969622873], [85.40032930071973, 21.594898767972598], [85.40032830814422, 21.594989082686833], [85.40023173824507, 21.594988154376804], [85.4002297529593, 21.595168783796293], [85.40003661293642, 21.595166926996566], [85.40003859845574, 21.594986297586058], [85.39965231893098, 21.59498258333982], [85.39965132593326, 21.59507289802711], [85.39955475600716, 21.59507196932182], [85.39955376294657, 21.59516228400012], [85.39945719296655, 21.59516135523195], [85.39945818609003, 21.595071040553645], [85.39936161617291, 21.595070111740558], [85.39936062298655, 21.59516042640988], [85.39907091309145, 21.595157639602306], [85.39906991972543, 21.595247954262643], [85.3989733497095, 21.59524702520701], [85.39897235628058, 21.595337339858364], [85.39887578621075, 21.595336410748832], [85.39887379920921, 21.59551704004256], [85.39877722902258, 21.595516110870147], [85.3987752418863, 21.595696740145907], [85.3988718121897, 21.595697669327304], [85.39886982515222, 21.595878298612046], [85.39829040268505, 21.595872722616363], [85.39828940879801, 21.595963037231787], [85.39799969745661, 21.595960248465886], [85.39799870338092, 21.596050563063343], [85.39790213288887, 21.596049633360924], [85.3979011387503, 21.596139947958378], [85.39780456819538, 21.596139018193075], [85.39780556239684, 21.59604870359562], [85.39770899190479, 21.5960477737854], [85.39770998616015, 21.595957459196928], [85.39761341573997, 21.59595652932383], [85.39761441004023, 21.595866214735356], [85.39732469898631, 21.595863424810627], [85.39732271000848, 21.59604405395164], [85.39712956909625, 21.596042193702385], [85.3971345420978, 21.595590620876802], [85.39694140179644, 21.595588760447882], [85.39693841765595, 21.595859704114485], [85.39664870670981, 21.595856913012966], [85.39665069650512, 21.59567628392585], [85.39645755614087, 21.59567442292201], [85.39645954615177, 21.595493793852864], [85.3963629760999, 21.595492863270092], [85.39636397115476, 21.59540254873552], [85.39617083117679, 21.59540068742625], [85.39617182634842, 21.59531037290066], [85.3960752564313, 21.595309442165178], [85.39607625165684, 21.595219127639588], [85.3959796818026, 21.59521819685919], [85.39598067709102, 21.595127882333596], [85.39617381668272, 21.595129743840495], [85.39617481183639, 21.595039429314905], [85.39636795133825, 21.59504129058824], [85.39636894636617, 21.594950976053667], [85.39665865547074, 21.59495376753248], [85.39665965031898, 21.59486345297994], [85.39675621996662, 21.594864383356096], [85.39675721475197, 21.59477406879457], [85.39743320203384, 21.594780579846635], [85.39743916810497, 21.594238692288847], [85.39724602957328, 21.594236832327052], [85.39724702401729, 21.59414651773858], [85.39695731643984, 21.594143727373677], [85.3969583110635, 21.59405341280317], [85.39666860371064, 21.59405062195318], [85.39666959850499, 21.593960307391654], [85.39647646041347, 21.59395844654951], [85.3964774553246, 21.59386813199697], [85.396091179447, 21.593864409665894], [85.3960931697274, 21.59368378057878], [85.39599660088825, 21.593682849870245], [85.39599759608684, 21.59359253532669], [85.39590102731057, 21.593591604564256], [85.39590202256306, 21.593501290029682], [85.39561231645885, 21.59349849741001], [85.3956153027104, 21.593227553833238], [85.39629128243743, 21.59323406908043], [85.3962942673864, 21.592963125404843], [85.39639083575842, 21.592964055915747], [85.39638984083831, 21.593054370477272], [85.39648640927321, 21.59305530094326], [85.39648541441599, 21.59314561550478], [85.39658198291377, 21.593146545916873], [85.3965829777171, 21.593056231346367], [85.39667954616996, 21.593057161695572], [85.39668352509582, 21.5926959033866], [85.39706979798203, 21.592699624154605], [85.3970688035021, 21.592789938743078], [85.39716537179326, 21.592790868804823], [85.39716437736723, 21.59288118340228], [85.39726094573027, 21.592882113401146], [85.3972569681968, 21.593243371808935], [85.39735353680238, 21.593244301771865], [85.39735453113859, 21.593153987165426], [85.39745109969027, 21.59315491707446], [85.39745408246532, 21.59288397324616], [85.39813006120421, 21.592890480920556], [85.39812906737106, 21.592980795562926], [85.39832220432172, 21.59298265440183], [85.39832319803809, 21.592892339750474], [85.398419766464, 21.592893269084584], [85.39841877280153, 21.59298358373594], [85.39861190978812, 21.592985442242465], [85.39861091624243, 21.593075756902802], [85.3987074848031, 21.593076686075218], [85.3987054978285, 21.593257315404877], [85.39880206650595, 21.59325824452339], [85.39880107306806, 21.593348559192712], [85.39889764181737, 21.593349488266313], [85.39889664843338, 21.593439802935634], [85.39899321724558, 21.593440731955333]]], [[[85.39936062298655, 21.59516042640988], [85.39945719296655, 21.59516135523195], [85.39945619984307, 21.595251669910255], [85.39935962980019, 21.595250741079198], [85.39936062298655, 21.59516042640988]]]]}, "id": "+136+272", "properties": {"annual_rainfall": 1380.6920612838196, "area_ha": 9.767172407028216, "aspect": 172.83617243986842, "canopy_height": 14.253552763426008, "canopy_height_max": 14.96670180627522, "canopy_height_std": 0.6598818120415524, "centroid_lat": 21.5944076316826, "centroid_lon": 85.39798565132119, "cluster_id": 4.999999999999999, "distance_to_water": 463409.50001051987, "elevation": 684.3185846312019, "n_pixels": 977, "ndvi_amplitude_annual": 0.2391966580895345, "ndvi_mean": 0.506451168099637, "ndvi_phase_annual": -2.6322461981025786, "ndvi_residual_variance": 0.006968126675785569, "ndvi_trend": 0.013199358460569915, "perim_m": 2740.1636559309604, "slope": 13.956968258875866, "stand_id": 50, "stand_lbl": 56, "vh_iqr": 2.6379111834494933, "vh_p10": -17.5786665638383, "vh_p50": -16.259710972113556, "vh_p90": -14.940755380388802, "vv_iqr": 2.326601233272354, "vv_minus_vh_median": 6.585067878170585, "vv_p10": -10.837943710579161, "vv_p50": -9.674643093942972, "vv_p90": -8.5113424773068}}, {"type": "Feature", "geometry": {"type": "Polygon", "coordinates": [[[85.39377452249715, 21.593751742432953], [85.39377950532626, 21.593300170227206], [85.39387607380608, 21.59330110221135], [85.39387507730494, 21.59339141665609], [85.39416478295101, 21.593394212294104], [85.39416378662952, 21.59348452674783], [85.39464662977421, 21.5934891850336], [85.39464563374918, 21.593579499514274], [85.39483877116696, 21.59358136244051], [85.39484076297448, 21.59340073347018], [85.39493733157109, 21.593401664843466], [85.39493832740747, 21.593311350344823], [85.39542117015691, 21.593316006348875], [85.39542515225382, 21.592954748282445], [85.39561828890803, 21.592956610256465], [85.39561629811558, 21.593137239307648], [85.39571286656846, 21.593138170222794], [85.39571386191078, 21.59304785568822], [85.39590699872669, 21.593049717338847], [85.39590600350114, 21.593140031882402], [85.3960991404518, 21.593141893308452], [85.39609814534305, 21.593232207860993], [85.3956153027104, 21.593227553833238], [85.39561231645885, 21.59349849741001], [85.39590202256306, 21.593501290029682], [85.39590102731057, 21.593591604564256], [85.39599759608684, 21.59359253532669], [85.39599660088825, 21.593682849870245], [85.3960931697274, 21.59368378057878], [85.396091179447, 21.593864409665894], [85.39589804153515, 21.593862548158995], [85.3958970462647, 21.59395286269357], [85.39570390826302, 21.593951000962093], [85.3957029128668, 21.5940413154787], [85.39550977475733, 21.594039453513663], [85.39551176578331, 21.59385882448943], [85.39522205902334, 21.59385603114212], [85.39522106333068, 21.593946345640763], [85.39541420128745, 21.593948207938176], [85.39541221013569, 21.594128836953427], [85.395025933773, 21.59412511210707], [85.39502692958244, 21.594034797617407], [85.39493036056363, 21.594033866271072], [85.39493135643596, 21.593943551781415], [85.39473821853309, 21.593941688927043], [85.3947362265459, 21.59412231788839], [85.39454308842744, 21.594120454791476], [85.39454209230358, 21.594210769263167], [85.39444552318596, 21.594209837620387], [85.39444651937269, 21.59411952315768], [85.39434995032694, 21.594118591469982], [85.39435094655859, 21.594028277016257], [85.39425437757572, 21.59402734527466], [85.39425537387025, 21.593937030820936], [85.39396566713722, 21.593934235281736], [85.39396666360243, 21.593843920836996], [85.3938700947543, 21.593842988879803], [85.39387109127341, 21.59375267443506], [85.39377452249715, 21.593751742432953]]]}, "id": "+101+251", "properties": {"annual_rainfall": 1382.1430009414753, "area_ha": 1.6345433508418459, "aspect": 217.2927339490374, "canopy_height": 17.601290753310337, "canopy_height_max": 18.475130744408574, "canopy_height_std": 1.0803033917151015, "centroid_lat": 21.59366444600228, "centroid_lon": 85.39497857635038, "cluster_id": 1, "distance_to_water": 463409.50001051987, "elevation": 657.231890508512, "n_pixels": 163, "ndvi_amplitude_annual": 0.16103389256391284, "ndvi_mean": 0.6417250660814884, "ndvi_phase_annual": 1.5317185794952493, "ndvi_residual_variance": 0.005943126721447733, "ndvi_trend": -0.0022104993644602128, "perim_m": 1060.0621006879817, "slope": 9.177167019027477, "stand_id": 51, "stand_lbl": 42, "vh_iqr": 2.272054407782802, "vh_p10": -14.952395730656027, "vh_p50": -13.816368526764618, "vh_p90": -12.680341322873224, "vv_iqr": 2.3989524050793096, "vv_minus_vh_median": 6.041743005818531, "vv_p10": -8.974101723485747, "vv_p50": -7.774625520946093, "vv_p90": -6.575149318406441}}, {"type": "Feature", "geometry": {"type": "MultiPolygon", "coordinates": [[[[85.40024364949251, 21.593904377770027], [85.40053335706097, 21.593907162385708], [85.40053037986445, 21.594178106591304], [85.40043381048632, 21.594177178425003], [85.40043182553293, 21.594357807880424], [85.400335256047, 21.594356879660225], [85.40033724111717, 21.594176250213785], [85.40024067174802, 21.594175321939687], [85.40024364949251, 21.593904377770027]]], [[[85.40024364949251, 21.593904377770027], [85.39995394196896, 21.59390159266027], [85.39995493471515, 21.59381127794603], [85.3998583656155, 21.593810349474303], [85.39986035121566, 21.593629720054814], [85.39976378224178, 21.593628791529184], [85.39976477509576, 21.59353847682393], [85.39966820617576, 21.593537548244406], [85.39966919908365, 21.593447233539152], [85.39976576794076, 21.593448162118676], [85.39976775362177, 21.593267532699187], [85.39967118489044, 21.59326660413763], [85.39967217778035, 21.593176289432375], [85.39957560911189, 21.59317536080793], [85.3995766020557, 21.59308504611166], [85.39938346485353, 21.593083188719046], [85.39938545097472, 21.592902559326504], [85.39928888250388, 21.59290163054935], [85.39929285491695, 21.592540371782235], [85.39919628668866, 21.592539442969144], [85.39919727983909, 21.592449128272875], [85.39910071167368, 21.59244819941487], [85.39910269807335, 21.592267570031314], [85.39919926612198, 21.592268498889318], [85.39920025925444, 21.592178184193045], [85.3993933952439, 21.592180041720408], [85.39939438825958, 21.59208972702414], [85.39958752414124, 21.592091584317934], [85.39958653125132, 21.592181899032173], [85.3994899632476, 21.592180970407732], [85.39948897029481, 21.592271285112986], [85.39939240222822, 21.59227035642566], [85.39938942315422, 21.59254130053244], [85.3994859913915, 21.592542229228748], [85.39948698436226, 21.592451914523494], [85.39987325714067, 21.592455628751765], [85.39987127166627, 21.592636258189223], [85.39996783999337, 21.592637186616034], [85.39996585462676, 21.592817816062475], [85.40006242307963, 21.592818744435387], [85.40006143044124, 21.592909059167592], [85.40015799895698, 21.592909987486607], [85.40015402861903, 21.593271246397453], [85.4003471661446, 21.5932731029187], [85.40034518118223, 21.593453732383107], [85.40044175006629, 21.593454660567375], [85.40043976520275, 21.593635290040766], [85.40024662719208, 21.593633433600367], [85.40024364949251, 21.593904377770027]]]]}, "id": "+162+252", "properties": {"annual_rainfall": 1372.2297465696956, "area_ha": 1.2133777784905078, "aspect": 182.41885319723798, "canopy_height": 12.559261483038117, "canopy_height_max": 13.460792554788343, "canopy_height_std": 0.8217096982727414, "centroid_lat": 21.59313354739224, "centroid_lon": 85.39984625005353, "cluster_id": 5, "distance_to_water": 463409.50001051987, "elevation": 638.9515761032721, "n_pixels": 121, "ndvi_amplitude_annual": 0.21462481669502526, "ndvi_mean": 0.6198046188709277, "ndvi_phase_annual": -2.5633102553554243, "ndvi_residual_variance": 0.011055845988085507, "ndvi_trend": -0.003881281570447754, "perim_m": 920.0555035669449, "slope": 8.72074452116481, "stand_id": 52, "stand_lbl": 67, "vh_iqr": 2.3066836944443, "vh_p10": -17.936457440372912, "vh_p50": -16.783115593150765, "vh_p90": -15.62977374592861, "vv_iqr": 2.8715244866344523, "vv_minus_vh_median": 7.163703477315184, "vv_p10": -11.055174359152797, "vv_p50": -9.619412115835567, "vv_p90": -8.183649872518341}}, {"type": "Feature", "geometry": {"type": "MultiPolygon", "coordinates": [[[[85.39610411591472, 21.59269032056372], [85.3962006840981, 21.592691251173438], [85.3961996890702, 21.59278156572598], [85.39629625732543, 21.59278249629078], [85.39629128243743, 21.59323406908043], [85.39609814534305, 21.593232207860993], [85.3960991404518, 21.593141893308452], [85.39590600350114, 21.593140031882402], [85.39590699872669, 21.593049717338847], [85.39571386191078, 21.59304785568822], [85.39571286656846, 21.593138170222794], [85.39561629811558, 21.593137239307648], [85.39561828890803, 21.592956610256465], [85.39542515225382, 21.592954748282445], [85.39542117015691, 21.593316006348875], [85.39493832740747, 21.593311350344823], [85.39493733157109, 21.593401664843466], [85.39484076297448, 21.59340073347018], [85.39483877116696, 21.59358136244051], [85.39464563374918, 21.593579499514274], [85.39464662977421, 21.5934891850336], [85.39416378662952, 21.59348452674783], [85.39416478295101, 21.593394212294104], [85.39387507730494, 21.59339141665609], [85.39387607380608, 21.59330110221135], [85.39368293685544, 21.593299238189168], [85.39367795372988, 21.593750810367965], [85.3935813849626, 21.593749878249074], [85.39358238166137, 21.5936595638223], [85.39348581295697, 21.59365863164951], [85.39348780645334, 21.59347800279596], [85.39339123787471, 21.593477070578256], [85.39339323146989, 21.59329644173369], [85.39329666301701, 21.593295509462084], [85.39329865670202, 21.593114880617517], [85.39320208837492, 21.593113948309984], [85.39320408216773, 21.592933319465413], [85.39310751396638, 21.592932387103982], [85.393109507858, 21.592751758268395], [85.39301293978242, 21.592750825862044], [85.39301493377286, 21.592570197035442], [85.39311150172267, 21.59257112943281], [85.39311050479034, 21.592661443850602], [85.39330364084267, 21.592663308483637], [85.39330264402712, 21.592753622919396], [85.39339921212067, 21.592754555155064], [85.3933952250381, 21.593115812871154], [85.39387806677244, 21.59312047331288], [85.39388105619503, 21.592849529960688], [85.39397762437841, 21.592850461872963], [85.39397961718306, 21.592669832956528], [85.39407618524966, 21.59267076479694], [85.39407817791059, 21.59249013587152], [85.39417474586938, 21.59249106764905], [85.39417574213697, 21.59240075317736], [85.39427231003287, 21.592401684892003], [85.3942733062286, 21.592311370420312], [85.39456300978158, 21.59231416522289], [85.39456101774049, 21.59249479420221], [85.39475415371199, 21.592496657137428], [85.39475116596924, 21.592767600615385], [85.39504087049242, 21.592770394645413], [85.39504584914437, 21.59231882210729], [85.3951424170313, 21.592319753318883], [85.39514341267905, 21.592229438802274], [85.39581938761806, 21.592235955675417], [85.39581739714004, 21.592416584762532], [85.39591396513477, 21.59241751553395], [85.39591197475555, 21.59259814462106], [85.39581540664405, 21.592597213849647], [85.39581341613008, 21.592777842927777], [85.39590998435838, 21.592778773717157], [85.39590898915081, 21.592869088260716], [85.39610212574213, 21.592870949659815], [85.39610411591472, 21.59269032056372]]], [[[85.39610411591472, 21.59269032056372], [85.39600754773136, 21.592689389891117], [85.39600854286707, 21.59259907534756], [85.39610511098755, 21.592600006002197], [85.39610411591472, 21.59269032056372]]]]}, "id": "+92+246", "properties": {"annual_rainfall": 1382.1430009414753, "area_ha": 2.627302584480084, "aspect": 200.6678788053008, "canopy_height": 10.213435385961745, "canopy_height_max": 13.82827932045173, "canopy_height_std": 2.5375328764727674, "centroid_lat": 21.592921679407628, "centroid_lon": 85.3947487303742, "cluster_id": 5, "distance_to_water": 463409.50001051987, "elevation": 645.8498289590939, "n_pixels": 263, "ndvi_amplitude_annual": 0.22271869137888128, "ndvi_mean": 0.43946340597166106, "ndvi_phase_annual": -1.4265733372608276, "ndvi_residual_variance": 0.008847792907613146, "ndvi_trend": -0.00041190564881406504, "perim_m": 1480.086176220904, "slope": 7.874780808922872, "stand_id": 53, "stand_lbl": 41, "vh_iqr": 2.4663717883232077, "vh_p10": -18.29739475288156, "vh_p50": -17.064208858719965, "vh_p90": -15.831022964558363, "vv_iqr": 1.9186377916843398, "vv_minus_vh_median": 7.672575436173293, "vv_p10": -10.350952318388828, "vv_p50": -9.391633422546656, "vv_p90": -8.432314526704497}}, {"type": "Feature", "geometry": {"type": "Polygon", "coordinates": [[[85.39987127166627, 21.592636258189223], [85.39987325714067, 21.592455628751765], [85.40016296177164, 21.59245841382559], [85.4001639543202, 21.592368099093388], [85.40026052248561, 21.592369027331554], [85.4002615149623, 21.592278712590367], [85.40045465118531, 21.59228056889602], [85.40045564354523, 21.59219025414585], [85.40074534773602, 21.59219303817763], [85.40074435555577, 21.592283352945763], [85.40084092368525, 21.59228428084257], [85.4008419158116, 21.592193966083418], [85.40093848388717, 21.59219489391734], [85.40093947594166, 21.592104579149208], [85.40103604396333, 21.592105506929233], [85.40103405997115, 21.59228613648347], [85.4011306281186, 21.59228706421858], [85.40112765227853, 21.59255800855892], [85.40122422060564, 21.592558936249116], [85.40122124490033, 21.592829880589456], [85.4010281078778, 21.592828025119235], [85.40102513175927, 21.593098969423643], [85.40092856307284, 21.5930980415987], [85.40092757096446, 21.593188356357853], [85.40083100222412, 21.59318742847003], [85.40083001005286, 21.593277743220202], [85.40092657884709, 21.59327867111701], [85.40092459460338, 21.593459300635313], [85.40082802568338, 21.593458372738507], [85.40082703349415, 21.593548687488674], [85.40073046452027, 21.593547759528988], [85.40072947226815, 21.593638074270174], [85.40043976520275, 21.593635290040766], [85.40044175006629, 21.593454660567375], [85.40034518118223, 21.593453732383107], [85.4003471661446, 21.5932731029187], [85.40015402861903, 21.593271246397453], [85.40015799895698, 21.592909987486607], [85.40006143044124, 21.592909059167592], [85.40006242307963, 21.592818744435387], [85.39996585462676, 21.592817816062475], [85.39996783999337, 21.592637186616034], [85.39987127166627, 21.592636258189223]]]}, "id": "+165+244", "properties": {"annual_rainfall": 1349.9374408841768, "area_ha": 1.403909128937389, "aspect": 263.3414520270796, "canopy_height": 15.025153614851613, "canopy_height_max": 15.762949405151007, "canopy_height_std": 0.662742868239142, "centroid_lat": 21.592815443212512, "centroid_lon": 85.40059157249287, "cluster_id": 1, "distance_to_water": 463409.50001051987, "elevation": 647.0296215599303, "n_pixels": 140, "ndvi_amplitude_annual": 0.2433453265215747, "ndvi_mean": 0.6038803907913936, "ndvi_phase_annual": -2.3350930472702394, "ndvi_residual_variance": 0.006836509438496986, "ndvi_trend": 0.001849999988381038, "perim_m": 660.0400480349414, "slope": 12.99180349129769, "stand_id": 54, "stand_lbl": 73, "vh_iqr": 2.6178868141001694, "vh_p10": -15.297727714917597, "vh_p50": -13.988784307867514, "vh_p90": -12.679840900817414, "vv_iqr": 1.9506931546301007, "vv_minus_vh_median": 6.661962879631299, "vv_p10": -8.302168005551263, "vv_p50": -7.326821428236217, "vv_p90": -6.351474850921161}}, {"type": "Feature", "geometry": {"type": "MultiPolygon", "coordinates": [[[[85.3998583656155, 21.593810349474303], [85.39976179651583, 21.593809420939692], [85.39976080364389, 21.593899735635965], [85.39985737280642, 21.593900664179557], [85.39985439434328, 21.59417160829532], [85.3994681170194, 21.594167893743652], [85.39946613087126, 21.594348523118228], [85.39936956143923, 21.59434759433209], [85.39937055457169, 21.594257279653785], [85.39927398520254, 21.594256350813748], [85.3992749783889, 21.594166036135444], [85.39917840908264, 21.59416510725049], [85.39918039556315, 21.593984477902865], [85.39908382638265, 21.59398354896401], [85.3990828330795, 21.594073863633334], [85.3989862638451, 21.594072934640582], [85.39898527047907, 21.594163249309904], [85.39888870119077, 21.59416232025427], [85.39889168145055, 21.593891376264274], [85.3987951123419, 21.593890447163723], [85.39879610580675, 21.593800132503386], [85.39869953676099, 21.59379920335792], [85.3987005302887, 21.593708888697584], [85.39879709927159, 21.59370981784305], [85.39879809272745, 21.59361950318271], [85.3989912305854, 21.593621361302958], [85.39899321724558, 21.593440731955333], [85.39889664843338, 21.593439802935634], [85.39889764181737, 21.593349488266313], [85.39880107306806, 21.593348559192712], [85.39880206650595, 21.59325824452339], [85.3987054978285, 21.593257315404877], [85.3987074848031, 21.593076686075218], [85.39861091624243, 21.593075756902802], [85.39861190978812, 21.592985442242465], [85.39841877280153, 21.59298358373594], [85.398419766464, 21.592893269084584], [85.39832319803809, 21.592892339750474], [85.39832220432172, 21.59298265440183], [85.39812906737106, 21.592980795562926], [85.39813006120421, 21.592890480920556], [85.39745408246532, 21.59288397324616], [85.39745109969027, 21.59315491707446], [85.39735453113859, 21.593153987165426], [85.39735353680238, 21.593244301771865], [85.3972569681968, 21.593243371808935], [85.39726094573027, 21.592882113401146], [85.39716437736723, 21.59288118340228], [85.39716537179326, 21.592790868804823], [85.3970688035021, 21.592789938743078], [85.39706979798203, 21.592699624154605], [85.39668352509582, 21.5926959033866], [85.39667954616996, 21.593057161695572], [85.3965829777171, 21.593056231346367], [85.39658198291377, 21.593146545916873], [85.39648541441599, 21.59314561550478], [85.39648640927321, 21.59305530094326], [85.39638984083831, 21.593054370477272], [85.39639083575842, 21.592964055915747], [85.3962942673864, 21.592963125404843], [85.39629625732543, 21.59278249629078], [85.3961996890702, 21.59278156572598], [85.3962006840981, 21.592691251173438], [85.39610411591472, 21.59269032056372], [85.39610511098755, 21.592600006002197], [85.39600854286707, 21.59259907534756], [85.39600953800277, 21.59250876079502], [85.39620267412697, 21.59251062205039], [85.39620366912793, 21.59242030749785], [85.39658994119667, 21.59242402932587], [85.39659392021235, 21.59206277100791], [85.39649735242423, 21.59206184064972], [85.39649834722756, 21.591971526079213], [85.39620864407883, 21.59196873468125], [85.3962126239479, 21.591607476408207], [85.39630919142161, 21.59160840691013], [85.39630819651947, 21.591698721489617], [85.39650133160163, 21.59170058233176], [85.39650033681626, 21.591790896920234], [85.39659690442471, 21.591791827260458], [85.3965978991472, 21.591701512671985], [85.39669446670175, 21.59170244295831], [85.39669546136135, 21.59161212836984], [85.39688859635366, 21.591613988762827], [85.39689157994619, 21.591343044961476], [85.39708471460614, 21.591344905102932], [85.39708372019807, 21.59143521970937], [85.39718028759991, 21.591436149699256], [85.39718426495371, 21.591074891237565], [85.397280832113, 21.59107582115558], [85.39728580338978, 21.590624248033553], [85.39757550401427, 21.59062703738336], [85.397576498072, 21.590536722740985], [85.39776963172584, 21.590538582029048], [85.39776863778488, 21.5906288966804], [85.39796177158244, 21.59063075574388], [85.39795978392513, 21.590811385055574], [85.39786321690957, 21.5908104555418], [85.39786222301355, 21.590900770193155], [85.3977656559351, 21.5908998406165], [85.39776466197618, 21.590990155267853], [85.39757152772047, 21.590988295943863], [85.39756854544848, 21.591259239844028], [85.3973754108604, 21.59125738026851], [85.39737242818416, 21.591528324141724], [85.39746899565786, 21.59152925396991], [85.39746800147438, 21.591619568594314], [85.39756456901995, 21.5916204983686], [85.39756556313156, 21.591530183744194], [85.39775869810593, 21.5915320431131], [85.3977596920918, 21.59144172847971], [85.39795282696734, 21.591443587624042], [85.39794984534213, 21.59171453156014], [85.39804641295956, 21.591715461064933], [85.3980454191354, 21.591805775707304], [85.3981419868247, 21.591806705158195], [85.39814298059497, 21.59171639050684], [85.39833611586576, 21.59171824922896], [85.39833412856778, 21.591898878549635], [85.39843069632894, 21.591899807838832], [85.39842970272936, 21.59199012249917], [85.39871940623743, 21.591992910034378], [85.39872039965735, 21.591902595356075], [85.39881696743649, 21.59190352441171], [85.39881796079354, 21.591813209733402], [85.39901109626196, 21.591815067682973], [85.39901208949324, 21.591724752986703], [85.39920522485387, 21.59172661070271], [85.39920621795939, 21.591636295997457], [85.39930278559478, 21.591637224765627], [85.39930377862844, 21.591546910060373], [85.39940034620994, 21.591547838765663], [85.3994013391807, 21.59145752406041], [85.39920820415244, 21.59145566659593], [85.39921316954526, 21.59100409306068], [85.39902003513684, 21.591002235416536], [85.39902102831422, 21.59091192071128], [85.39892446118188, 21.590910991808364], [85.39892545441316, 21.59082067711209], [85.3990220214916, 21.590821606015012], [85.39902301466898, 21.59073129130976], [85.39882988063785, 21.59072943346799], [85.39883286048439, 21.590458489379174], [85.39892942731132, 21.590459418318027], [85.39893042052462, 21.590369103612773], [85.39902698730663, 21.590370032488742], [85.39902599415619, 21.590460347193996], [85.39921912784597, 21.590462204793223], [85.39921714176968, 21.590642834212716], [85.3995068426996, 21.590645620211802], [85.39950783556256, 21.590555305488582], [85.39941126863683, 21.590554376882107], [85.39941325447056, 21.590373747435667], [85.39970295489742, 21.590376533057466], [85.39970096942301, 21.590557162530853], [85.3997975363667, 21.59055809096665], [85.3997955510001, 21.590738720449025], [85.40018181928694, 21.59074243367118], [85.40017983436948, 21.590923063180504], [85.40027640157369, 21.59092399135579], [85.40027540916887, 21.591014306105958], [85.40017884191076, 21.591013377930675], [85.400174871995, 21.591374636931352], [85.39969203455462, 21.5913699951117], [85.39969104176352, 21.591460309834922], [85.3997876093001, 21.59146123831563], [85.3997856238257, 21.591641867771056], [85.39959248851896, 21.59164001073777], [85.399591495656, 21.591730325452005], [85.3997846310885, 21.591732182494276], [85.39978363833332, 21.59182249722648], [85.39988020611246, 21.591823425662277], [85.39987722801762, 21.592094369849903], [85.3999737959854, 21.592095298249763], [85.3999718106727, 21.592275927705188], [85.40016494685977, 21.592277784352202], [85.40016296177164, 21.59245841382559], [85.39948698436226, 21.592451914523494], [85.3994859913915, 21.592542229228748], [85.39938942315422, 21.59254130053244], [85.39939240222822, 21.59227035642566], [85.39948897029481, 21.592271285112986], [85.3994899632476, 21.592180970407732], [85.39958653125132, 21.592181899032173], [85.39958752414124, 21.592091584317934], [85.39939438825958, 21.59208972702414], [85.3993933952439, 21.592180041720408], [85.39920025925444, 21.592178184193045], [85.39919926612198, 21.592268498889318], [85.39910269807335, 21.592267570031314], [85.39910071167368, 21.59244819941487], [85.39919727983909, 21.592449128272875], [85.39919628668866, 21.592539442969144], [85.39929285491695, 21.592540371782235], [85.39928888250388, 21.59290163054935], [85.39938545097472, 21.592902559326504], [85.39938346485353, 21.593083188719046], [85.3995766020557, 21.59308504611166], [85.39957560911189, 21.59317536080793], [85.39967217778035, 21.593176289432375], [85.39967118489044, 21.59326660413763], [85.39976775362177, 21.593267532699187], [85.39976576794076, 21.593448162118676], [85.39966919908365, 21.593447233539152], [85.39966820617576, 21.593537548244406], [85.39976477509576, 21.59353847682393], [85.39976378224178, 21.593628791529184], [85.39986035121566, 21.593629720054814], [85.3998583656155, 21.593810349474303]], [[85.39899321724558, 21.593440731955333], [85.39908978606675, 21.593441660921133], [85.39909077933396, 21.59335134624283], [85.39899421057567, 21.59335041728601], [85.39899321724558, 21.593440731955333]]], [[[85.3998583656155, 21.593810349474303], [85.39995493471515, 21.59381127794603], [85.39995394196896, 21.59390159266027], [85.39985737280642, 21.593900664179557], [85.3998583656155, 21.593810349474303]]]]}, "id": "+152+252", "properties": {"annual_rainfall": 1381.5800542570398, "area_ha": 7.691402802778047, "aspect": 189.04850626101114, "canopy_height": 10.436868926061347, "canopy_height_max": 12.108023755848981, "canopy_height_std": 1.3622897374770242, "centroid_lat": 21.59221536748258, "centroid_lon": 85.39839543177159, "cluster_id": 5, "distance_to_water": 463409.50001051987, "elevation": 637.0948055392424, "n_pixels": 769, "ndvi_amplitude_annual": 0.24286570855309675, "ndvi_mean": 0.48908407232290624, "ndvi_phase_annual": -2.537418273730531, "ndvi_residual_variance": 0.007271050833155038, "ndvi_trend": -0.0025440429906040994, "perim_m": 3480.208287605824, "slope": 9.008586394377414, "stand_id": 55, "stand_lbl": 62, "vh_iqr": 2.5662632355079804, "vh_p10": -19.457200781366566, "vh_p50": -18.17406916361259, "vh_p90": -16.890937545858595, "vv_iqr": 2.1085002687009897, "vv_minus_vh_median": 7.781154837383853, "vv_p10": -11.447164460579225, "vv_p50": -10.392914326228736, "vv_p90": -9.338664191878237}}, {"type": "Feature", "geometry": {"type": "Polygon", "coordinates": [[[85.39235192407462, 21.591389581555948], [85.39235292141119, 21.59129926715612], [85.39254605558605, 21.591301132561707], [85.39254705279687, 21.5912108181529], [85.3926436198304, 21.591211750765858], [85.39264661125623, 21.59094080751248], [85.39245347755747, 21.59093894225961], [85.39245447480423, 21.590848627841815], [85.39255104159521, 21.59084956049969], [85.39255203877907, 21.5907592460819], [85.39303487250942, 21.590763908481954], [85.39303586938786, 21.590673594046194], [85.393132436089, 21.59067452635373], [85.39313143926447, 21.59076484079847], [85.39342113958352, 21.590767637397683], [85.39342014292967, 21.590857951851408], [85.39332357609376, 21.59085701970557], [85.39332257938601, 21.59094733415031], [85.39380541391586, 21.590951994358477], [85.39380740673849, 21.590771365415094], [85.3940005403474, 21.59077322908693], [85.39399755146381, 21.591044172528957], [85.39409411845241, 21.591045104297503], [85.39409511469306, 21.590954789807846], [85.39419168163676, 21.590955721513506], [85.39418869307654, 21.591226664973497], [85.39409212596217, 21.591225733258852], [85.39409312221179, 21.591135418778176], [85.39399655516029, 21.591134487000648], [85.39399356621381, 21.591405430424707], [85.39409013344498, 21.59140636221122], [85.39408913717739, 21.591496676691893], [85.3941857044804, 21.591497608415523], [85.39418670068511, 21.59140729393485], [85.3944764024235, 21.591410088782343], [85.39447739844854, 21.591319774283704], [85.39467053284798, 21.591321637227907], [85.39466953694871, 21.59141195173553], [85.3947661042158, 21.591412883126782], [85.39476411251607, 21.59159351213305], [85.39466754512321, 21.59159258073281], [85.39466555328873, 21.591773209739078], [85.39476212079838, 21.591774141148296], [85.39476311665273, 21.591683826640672], [85.39495625156421, 21.591685689279448], [85.39495525582663, 21.591776003796056], [85.39534152594602, 21.591779728417837], [85.39533953492901, 21.591960357469016], [85.39543610259136, 21.591961288500944], [85.3954331161961, 21.5922322320867], [85.39514341267905, 21.592229438802274], [85.3951424170313, 21.592319753318883], [85.39504584914437, 21.59231882210729], [85.39504087049242, 21.592770394645413], [85.39475116596924, 21.592767600615385], [85.39475415371199, 21.592496657137428], [85.39456101774049, 21.59249479420221], [85.39456300978158, 21.59231416522289], [85.3942733062286, 21.592311370420312], [85.39427231003287, 21.592401684892003], [85.39417574213697, 21.59240075317736], [85.39417474586938, 21.59249106764905], [85.39407817791059, 21.59249013587152], [85.39407618524966, 21.59267076479694], [85.39397961718306, 21.592669832956528], [85.39397762437841, 21.592850461872963], [85.39388105619503, 21.592849529960688], [85.39387806677244, 21.59312047331288], [85.3933952250381, 21.593115812871154], [85.39339921212067, 21.592754555155064], [85.39330264402712, 21.592753622919396], [85.39330364084267, 21.592663308483637], [85.39311050479034, 21.592661443850602], [85.39311150172267, 21.59257112943281], [85.39301493377286, 21.592570197035442], [85.3930159307591, 21.59247988261765], [85.39291936286318, 21.592478950166385], [85.39292135694346, 21.592298321330798], [85.3928247891733, 21.59229738883462], [85.39282678334341, 21.592116760008015], [85.392730215708, 21.59211582746692], [85.39273220997691, 21.5919351986493], [85.3926356424583, 21.591934266054306], [85.392637636835, 21.591753637236685], [85.39254106944215, 21.591752704596775], [85.39254306391769, 21.591572075788136], [85.39244649665059, 21.59157114310331], [85.39244849121594, 21.591390514294673], [85.39235192407462, 21.591389581555948]]]}, "id": "+94+239", "properties": {"annual_rainfall": 1382.1430009414753, "area_ha": 4.552650947150135, "aspect": 177.51353418949492, "canopy_height": 16.199197133992246, "canopy_height_max": 17.16962543581869, "canopy_height_std": 0.9459926843798839, "centroid_lat": 21.591848916516675, "centroid_lon": 85.39374850604639, "cluster_id": 1, "distance_to_water": 463409.50001051987, "elevation": 627.3139883132316, "n_pixels": 455, "ndvi_amplitude_annual": 0.17658977123727854, "ndvi_mean": 0.6455731526218015, "ndvi_phase_annual": -1.3240574989198544, "ndvi_residual_variance": 0.007738117392740496, "ndvi_trend": -0.011228050850554634, "perim_m": 1540.0891474171221, "slope": 7.645767208685319, "stand_id": 56, "stand_lbl": 34, "vh_iqr": 2.141543257486728, "vh_p10": -17.101218221391925, "vh_p50": -16.030446592648563, "vh_p90": -14.959674963905195, "vv_iqr": 2.0566134640838003, "vv_minus_vh_median": 6.9624782905238325, "vv_p10": -10.096275034166627, "vv_p50": -9.06796830212473, "vv_p90": -8.039661570082824}}, {"type": "Feature", "geometry": {"type": "Polygon", "coordinates": [[[85.39225735173221, 21.591208019972655], [85.3922583491137, 21.591117705572827], [85.39235491607536, 21.59111863835647], [85.39235391874777, 21.591208952756293], [85.39225735173221, 21.591208019972655]]]}, "id": "+78+218", "properties": {"annual_rainfall": 1382.1430009414753, "area_ha": 0.010027854159952165, "aspect": 66.95348837209302, "canopy_height": 13.684981684981686, "canopy_height_max": 14.996336996336996, "canopy_height_std": 0.8148013196164192, "centroid_lat": 21.59116332588816, "centroid_lon": 85.3923061325714, "cluster_id": 1, "distance_to_water": 463409.50001051987, "elevation": 625.7558139534884, "n_pixels": 1, "ndvi_amplitude_annual": 0.1838596916176827, "ndvi_mean": 0.6446411612020998, "ndvi_phase_annual": -2.997018189233528, "ndvi_residual_variance": 0.0057067712087342645, "ndvi_trend": 0.005386927158400946, "perim_m": 40.00228930985833, "slope": 6.7558139534883725, "stand_id": 57, "stand_lbl": 34, "vh_iqr": 3.057101252971117, "vh_p10": -19.233754553606857, "vh_p50": -17.705203927121296, "vh_p90": -16.17665330063574, "vv_iqr": 5.54006128434923, "vv_minus_vh_median": 6.41927152459523, "vv_p10": -14.05596304470068, "vv_p50": -11.285932402526067, "vv_p90": -8.51590176035145}}, {"type": "Feature", "geometry": {"type": "MultiPolygon", "coordinates": [[[[85.3973962882915, 21.589360772922433], [85.39768598641868, 21.589363561930877], [85.39768499248672, 21.589453876591215], [85.39778155859497, 21.589454806149906], [85.39777957083885, 21.58963543547058], [85.39787613707287, 21.589636364984354], [85.39787514324871, 21.589726679653676], [85.39806827585151, 21.589728538519527], [85.39806728214414, 21.58981885318885], [85.39816384851291, 21.58981978254991], [85.3981608675255, 21.590090726566856], [85.39854713378215, 21.590094443481092], [85.3985441534595, 21.590365387542953], [85.39864072022353, 21.590366316643504], [85.39863972683055, 21.59045663133079], [85.39873629365748, 21.590457560386422], [85.39873331363127, 21.59072850445727], [85.39902301466898, 21.59073129130976], [85.3990220214916, 21.590821606015012], [85.39892545441316, 21.59082067711209], [85.39892446118188, 21.590910991808364], [85.39902102831422, 21.59091192071128], [85.39902003513684, 21.591002235416536], [85.39921316954526, 21.59100409306068], [85.39920820415244, 21.59145566659593], [85.3994013391807, 21.59145752406041], [85.39940034620994, 21.591547838765663], [85.39930377862844, 21.591546910060373], [85.39930278559478, 21.591637224765627], [85.39920621795939, 21.591636295997457], [85.39920522485387, 21.59172661070271], [85.39901208949324, 21.591724752986703], [85.39901109626196, 21.591815067682973], [85.39881796079354, 21.591813209733402], [85.39881696743649, 21.59190352441171], [85.39872039965735, 21.591902595356075], [85.39871940623743, 21.591992910034378], [85.39842970272936, 21.59199012249917], [85.39843069632894, 21.591899807838832], [85.39833412856778, 21.591898878549635], [85.39833611586576, 21.59171824922896], [85.39814298059497, 21.59171639050684], [85.3981419868247, 21.591806705158195], [85.3980454191354, 21.591805775707304], [85.39804641295956, 21.591715461064933], [85.39794984534213, 21.59171453156014], [85.39795282696734, 21.591443587624042], [85.3977596920918, 21.59144172847971], [85.39775869810593, 21.5915320431131], [85.39756556313156, 21.591530183744194], [85.39756456901995, 21.5916204983686], [85.39746800147438, 21.591619568594314], [85.39746899565786, 21.59152925396991], [85.39737242818416, 21.591528324141724], [85.3973754108604, 21.59125738026851], [85.39756854544848, 21.591259239844028], [85.39757152772047, 21.590988295943863], [85.39776466197618, 21.590990155267853], [85.3977656559351, 21.5908998406165], [85.39786222301355, 21.590900770193155], [85.39786321690957, 21.5908104555418], [85.39795978392513, 21.590811385055574], [85.39796177158244, 21.59063075574388], [85.39776863778488, 21.5906288966804], [85.39776963172584, 21.590538582029048], [85.39747993125405, 21.5905357930206], [85.39748092536568, 21.59044547837823], [85.39738435861064, 21.590444548603944], [85.39738535277615, 21.590354233970555], [85.39719221940081, 21.590352374260288], [85.39719917927813, 21.589720171844533], [85.39739231180907, 21.5897220315009], [85.3973962882915, 21.589360772922433]]], [[[85.3973962882915, 21.589360772922433], [85.39710659020926, 21.58935798341093], [85.39710758449156, 21.58926766877754], [85.39739728239415, 21.589270458280062], [85.3973962882915, 21.589360772922433]]]]}, "id": "+144+226", "properties": {"annual_rainfall": 1382.1430009414753, "area_ha": 3.3192365206740657, "aspect": 234.9908474836053, "canopy_height": 4.042149746554119, "canopy_height_max": 7.636023253522515, "canopy_height_std": 2.228451743201853, "centroid_lat": 21.59079316496147, "centroid_lon": 85.39817896098585, "cluster_id": 5, "distance_to_water": 463409.50001051987, "elevation": 620.2660470106523, "n_pixels": 332, "ndvi_amplitude_annual": 0.21757694446420173, "ndvi_mean": 0.4375497492458676, "ndvi_phase_annual": -1.3214038429175572, "ndvi_residual_variance": 0.008117691752246713, "ndvi_trend": -0.007491062378535506, "perim_m": 1320.078789774433, "slope": 4.162106830448535, "stand_id": 58, "stand_lbl": 59, "vh_iqr": 2.45244726690703, "vh_p10": -20.321599387019113, "vh_p50": -19.09537575356561, "vh_p90": -17.869152120112116, "vv_iqr": 2.1811274449032876, "vv_minus_vh_median": 7.94110205937441, "vv_p10": -12.24483741664285, "vv_p50": -11.154273694191197, "vv_p90": -10.063709971739563}}, {"type": "Feature", "geometry": {"type": "MultiPolygon", "coordinates": [[[[85.393132436089, 21.59067452635373], [85.39322900279915, 21.590675458607365], [85.39322800603749, 21.59076577305211], [85.39313143926447, 21.59076484079847], [85.393132436089, 21.59067452635373]]], [[[85.39343509210872, 21.589503234928742], [85.39333852617114, 21.589502302845787], [85.39334051942495, 21.58932167392037], [85.39343708524575, 21.589322605994344], [85.39343509210872, 21.589503234928742]]], [[[85.39632112981614, 21.590524631956253], [85.39622456306108, 21.590523701499247], [85.39622655283843, 21.590343072340268], [85.39632311946771, 21.590344002779307], [85.39632112981614, 21.590524631956253]]], [[[85.39633008311796, 21.58971180064203], [85.39642664933403, 21.58971273100022], [85.39642565460257, 21.589803045597677], [85.39632908832361, 21.5898021152305], [85.39633008311796, 21.58971180064203]]], [[[85.39353066153618, 21.589594481438475], [85.39372379355508, 21.589596345334893], [85.3937247899574, 21.589506030854217], [85.39382135591296, 21.589506962712594], [85.39382235224343, 21.589416648222937], [85.39401548405571, 21.589418511769008], [85.39401448785101, 21.58950882626765], [85.39411105382453, 21.589509757955348], [85.39410906150496, 21.58969038695263], [85.39420562760425, 21.58969131859541], [85.39420363538349, 21.589871947601676], [85.39439676784257, 21.58987381074351], [85.39439875982077, 21.589693181719277], [85.39449532593802, 21.589694113200363], [85.3944973177725, 21.589513484167146], [85.39459388377297, 21.58951441558535], [85.39459487962733, 21.58942410105976], [85.3946914455739, 21.58942503241508], [85.3946924413564, 21.589334717889486], [85.39488557315072, 21.589336580420465], [85.39488656880744, 21.58924626588589], [85.39507970050295, 21.589248128183307], [85.39508069603392, 21.589157813630766], [85.3952738276306, 21.58915967569462], [85.39527283220744, 21.58924999024716], [85.39536939807316, 21.58925092120722], [85.39537138878475, 21.589070292084173], [85.39546795453369, 21.589071222972372], [85.39546994510154, 21.58889059384034], [85.39585620766611, 21.58889431680024], [85.39585421757435, 21.5890749459682], [85.39643361230156, 21.589080528773113], [85.39643261760602, 21.589170843379552], [85.39652918347174, 21.589171773656894], [85.39652818883012, 21.589262088263332], [85.3967213206963, 21.5892639486653], [85.39671933164661, 21.58944457789615], [85.39681589770096, 21.589445508011792], [85.39681490323001, 21.589535822636197], [85.39691146935624, 21.589536752706927], [85.39691047493021, 21.58962706732235], [85.3970070411283, 21.589627997348163], [85.39700803548249, 21.589537682714774], [85.3971046016177, 21.589538612677707], [85.39710559591796, 21.589448298044317], [85.39720216199929, 21.589449227944367], [85.39720116776189, 21.589539542577757], [85.39729773390609, 21.589540472423906], [85.39729673973159, 21.58963078706628], [85.39739330593866, 21.58963171685853], [85.39739231180907, 21.5897220315009], [85.39719917927813, 21.589720171844533], [85.39719221940081, 21.590352374260288], [85.39738535277615, 21.590354233970555], [85.39738435861064, 21.590444548603944], [85.39748092536568, 21.59044547837823], [85.39747993125405, 21.5905357930206], [85.397576498072, 21.590536722740985], [85.39757550401427, 21.59062703738336], [85.39728580338978, 21.590624248033553], [85.397280832113, 21.59107582115558], [85.39718426495371, 21.591074891237565], [85.39718028759991, 21.591436149699256], [85.39708372019807, 21.59143521970937], [85.39708471460614, 21.591344905102932], [85.39689157994619, 21.591343044961476], [85.39688859635366, 21.591613988762827], [85.39669546136135, 21.59161212836984], [85.39669446670175, 21.59170244295831], [85.3965978991472, 21.591701512671985], [85.39659690442471, 21.591791827260458], [85.39650033681626, 21.591790896920234], [85.39650133160163, 21.59170058233176], [85.39630819651947, 21.591698721489617], [85.39630919142161, 21.59160840691013], [85.3962126239479, 21.591607476408207], [85.39620864407883, 21.59196873468125], [85.39649834722756, 21.591971526079213], [85.39649735242423, 21.59206184064972], [85.39659392021235, 21.59206277100791], [85.39658994119667, 21.59242402932587], [85.39620366912793, 21.59242030749785], [85.39620267412697, 21.59251062205039], [85.39600953800277, 21.59250876079502], [85.39600754773136, 21.592689389891117], [85.39610411591472, 21.59269032056372], [85.39610212574213, 21.592870949659815], [85.39590898915081, 21.592869088260716], [85.39590998435838, 21.592778773717157], [85.39581341613008, 21.592777842927777], [85.39581540664405, 21.592597213849647], [85.39591197475555, 21.59259814462106], [85.39591396513477, 21.59241751553395], [85.39581739714004, 21.592416584762532], [85.39581938761806, 21.592235955675417], [85.3954331161961, 21.5922322320867], [85.39543610259136, 21.591961288500944], [85.39533953492901, 21.591960357469016], [85.39534152594602, 21.591779728417837], [85.39495525582663, 21.591776003796056], [85.39495625156421, 21.591685689279448], [85.39476311665273, 21.591683826640672], [85.39476212079838, 21.591774141148296], [85.39466555328873, 21.591773209739078], [85.39466754512321, 21.59159258073281], [85.39476411251607, 21.59159351213305], [85.3947661042158, 21.591412883126782], [85.39466953694871, 21.59141195173553], [85.39467053284798, 21.591321637227907], [85.39447739844854, 21.591319774283704], [85.3944764024235, 21.591410088782343], [85.39418670068511, 21.59140729393485], [85.3941857044804, 21.591497608415523], [85.39408913717739, 21.591496676691893], [85.39409013344498, 21.59140636221122], [85.39399356621381, 21.591405430424707], [85.39399655516029, 21.591134487000648], [85.39409312221179, 21.591135418778176], [85.39409212596217, 21.591225733258852], [85.39418869307654, 21.591226664973497], [85.39419168163676, 21.590955721513506], [85.39409511469306, 21.590954789807846], [85.39409411845241, 21.591045104297503], [85.39399755146381, 21.591044172528957], [85.39399954406186, 21.590863543567608], [85.39419267780552, 21.590865407032833], [85.39419367397429, 21.590775092543176], [85.39457994129992, 21.590778818763955], [85.39458093722615, 21.590688504265316], [85.39506377119903, 21.59069316076344], [85.39506476681983, 21.590602846237847], [85.395354467085, 21.59060563945041], [85.39535645794929, 21.590425010363294], [85.39574272456527, 21.590428733835232], [85.39573973897848, 21.5906996775198], [85.39583630582337, 21.590700608264267], [85.39583531067868, 21.590790922825793], [85.39593187758645, 21.590791853507376], [85.39593287267724, 21.59070153894585], [85.3962225732568, 21.590704330667208], [85.39622058344352, 21.590884959817206], [85.39631715043214, 21.590885890292178], [85.39632112981614, 21.590524631956253], [85.39651426333522, 21.5905264926906], [85.39651525804872, 21.590436178093142], [85.39661182474988, 21.59043710837947], [85.39661281940049, 21.59034679377303], [85.39651625275324, 21.59034586350467], [85.39651724745775, 21.590255548907216], [85.39671038063548, 21.590257409390034], [85.39671137521422, 21.590167094783595], [85.39680794175369, 21.590168024944155], [85.39680893626955, 21.590077710328732], [85.39690550274614, 21.590078640426412], [85.39690948050418, 21.589717381946755], [85.39681291426116, 21.589716451867044], [85.39681191977225, 21.589806766482464], [85.39671535347533, 21.589805836348855], [85.39671634801815, 21.58971552173343], [85.39652321555907, 21.58971366129553], [85.39652421022765, 21.589623346698072], [85.39633107790333, 21.589621486044575], [85.39633008311796, 21.58971180064203], [85.3962335169019, 21.58971087022096], [85.39623451174116, 21.589620555632486], [85.39613794559696, 21.589619625166495], [85.39613695069482, 21.589709939754968], [85.39594381828964, 21.58970807864333], [85.39594083318795, 21.589979022372816], [85.39603739956571, 21.58997995297355], [85.39603441458979, 21.590250896703036], [85.39593784803236, 21.590249966093317], [85.39593884308722, 21.59015965152281], [85.39584227659269, 21.590158720868178], [85.39584128147494, 21.5902490354297], [85.39574471493549, 21.590248104712185], [85.39574869560407, 21.589886846448124], [85.39565212929817, 21.589885915694676], [85.39565312451472, 21.589795601133154], [85.3955565582807, 21.58979467031682], [85.39555755354218, 21.5897043557553], [85.39546098737102, 21.58970342489405], [85.39545999204667, 21.589793739455576], [85.39536342582163, 21.589792808531445], [85.39536043962399, 21.590063752180082], [85.39526387321928, 21.590062821193072], [85.39526586414647, 21.589882192096976], [85.39516929786751, 21.58988126106505], [85.39517029338052, 21.589790946521493], [85.39507372716446, 21.589790015426683], [85.39507870495402, 21.589338442726863], [85.39498213905237, 21.58933751159612], [85.39498114344056, 21.58942782613968], [85.394884577485, 21.58942689495504], [85.3948835818103, 21.589517209489614], [85.39478701579188, 21.58951627824209], [85.39478502430774, 21.589696907293273], [85.3946884581815, 21.58969597599185], [85.39468746237206, 21.589786290508457], [85.39459089619193, 21.589785359144155], [85.39458990031062, 21.589875673660764], [85.3944933340766, 21.589874742224595], [85.3944913421972, 21.590055371248827], [85.39439477583741, 21.590054439749775], [85.39439377983034, 21.5901447542574], [85.3941040806162, 21.59014195942787], [85.39410607298967, 21.58996133043957], [85.39400950671073, 21.589960398724923], [85.39400751422946, 21.59014102770424], [85.39391094783373, 21.590140095926714], [85.39390995152124, 21.590230410407386], [85.39381338508059, 21.590229478566975], [85.39381039593648, 21.59050042200002], [85.39361726270486, 21.590498558121567], [85.39361825921499, 21.59040824365886], [85.39352169266655, 21.59040731164777], [85.39352368578562, 21.590226682713368], [85.39333055294027, 21.590224818529492], [85.39332955626844, 21.5903151329922], [85.39342612274501, 21.59031606511109], [85.3934251261181, 21.590406379573796], [85.39332855958763, 21.590405447445924], [85.39332756289785, 21.59049576189965], [85.3932309963045, 21.5904948297089], [85.39323199305716, 21.590404515264154], [85.39313542652668, 21.5904035830195], [85.393132436089, 21.59067452635373], [85.39303586938786, 21.590673594046194], [85.39303487250942, 21.590763908481954], [85.39255203877907, 21.5907592460819], [85.39255104159521, 21.59084956049969], [85.39245447480423, 21.590848627841815], [85.39245347755747, 21.59093894225961], [85.39264661125623, 21.59094080751248], [85.3926436198304, 21.591211750765858], [85.39254705279687, 21.5912108181529], [85.39254605558605, 21.591301132561707], [85.39235292141119, 21.59129926715612], [85.39235491607536, 21.59111863835647], [85.3922583491137, 21.591117705572827], [85.3922593464952, 21.591027391173], [85.3921627796054, 21.59102645834444], [85.3921647744672, 21.59084582955377], [85.39206820770316, 21.590844896671317], [85.39207120014409, 21.590573953489802], [85.39197463355971, 21.590573020571412], [85.39197662861915, 21.590392391780743], [85.39188006216054, 21.59039145881744], [85.3918820573098, 21.59021083003575], [85.39178549097696, 21.59020989701855], [85.39178748623402, 21.59002926823686], [85.39169092001795, 21.590028335174743], [85.39169291537382, 21.58984770640204], [85.39188604755442, 21.589849572454412], [85.39188505000226, 21.58993988685424], [85.39236788084901, 21.589944551023976], [85.39236588632856, 21.590125179850578], [85.39265558526422, 21.59012797770743], [85.39265259397314, 21.590398920987756], [85.39284572698018, 21.590400785971134], [85.39284672395743, 21.590310471535375], [85.39294329040706, 21.59031140393274], [85.39294428733041, 21.590221089496982], [85.39284772093468, 21.590220157099616], [85.39284971487122, 21.590039528228097], [85.39294628114119, 21.590040460616482], [85.39294727804658, 21.589950146171738], [85.39304384426264, 21.58995107850622], [85.39304484109616, 21.58986076406148], [85.39314140725833, 21.5898616963241], [85.3931404104787, 21.589952010777825], [85.39323697671273, 21.589952942995527], [85.39323797342946, 21.589862628541802], [85.39333453960062, 21.58986356069662], [85.39333553624549, 21.589773246233914], [85.39343210236274, 21.589774178334835], [85.39343309895372, 21.58968386387213], [85.39352966501707, 21.589684795910166], [85.39353066153618, 21.589594481438475]], [[85.39631715043214, 21.590885890292178], [85.39631217609211, 21.591337463189625], [85.39650531068918, 21.59133932400482], [85.39650829494644, 21.591068380239403], [85.39670142921113, 21.59107024080307], [85.39670341844949, 21.59088961160816], [85.39631715043214, 21.590885890292178]]], [[[85.39343509210872, 21.589503234928742], [85.3935316580553, 21.589504166957802], [85.39353066153618, 21.589594481438475], [85.39343409553571, 21.589593549400437], [85.39343509210872, 21.589503234928742]]]]}, "id": "+117+236", "properties": {"annual_rainfall": 1382.1430009414753, "area_ha": 8.72425504769992, "aspect": 161.09292169690428, "canopy_height": 12.974344420005254, "canopy_height_max": 13.906296823415973, "canopy_height_std": 0.8681395692474434, "centroid_lat": 21.590632146385925, "centroid_lon": 85.39516402002529, "cluster_id": 5, "distance_to_water": 463409.50001051987, "elevation": 619.7689224050711, "n_pixels": 872, "ndvi_amplitude_annual": 0.2105100545242382, "ndvi_mean": 0.5718445882439646, "ndvi_phase_annual": -2.6088665896078758, "ndvi_residual_variance": 0.007000744023123703, "ndvi_trend": -0.006332089601006667, "perim_m": 4880.284766783025, "slope": 5.893677918661897, "stand_id": 59, "stand_lbl": 43, "vh_iqr": 2.336122042229836, "vh_p10": -18.210680935887545, "vh_p50": -17.04261991477263, "vh_p90": -15.874558893657712, "vv_iqr": 2.326487468870745, "vv_minus_vh_median": 6.623673620693536, "vv_p10": -11.582190028514466, "vv_p50": -10.418946294079085, "vv_p90": -9.255702559643726}}, {"type": "Feature", "geometry": {"type": "Polygon", "coordinates": [[[85.393132436089, 21.59067452635373], [85.39313542652668, 21.5904035830195], [85.39323199305716, 21.590404515264154], [85.3932309963045, 21.5904948297089], [85.39332756289785, 21.59049576189965], [85.39332855958763, 21.590405447445924], [85.3934251261181, 21.590406379573796], [85.39342612274501, 21.59031606511109], [85.39332955626844, 21.5903151329922], [85.39333055294027, 21.590224818529492], [85.39352368578562, 21.590226682713368], [85.39352169266655, 21.59040731164777], [85.39361825921499, 21.59040824365886], [85.39361726270486, 21.590498558121567], [85.39381039593648, 21.59050042200002], [85.39381338508059, 21.590229478566975], [85.39390995152124, 21.590230410407386], [85.39391094783373, 21.590140095926714], [85.39400751422946, 21.59014102770424], [85.39400950671073, 21.589960398724923], [85.39410607298967, 21.58996133043957], [85.3941040806162, 21.59014195942787], [85.39439377983034, 21.5901447542574], [85.39439477583741, 21.590054439749775], [85.3944913421972, 21.590055371248827], [85.3944933340766, 21.589874742224595], [85.39458990031062, 21.589875673660764], [85.39459089619193, 21.589785359144155], [85.39468746237206, 21.589786290508457], [85.3946884581815, 21.58969597599185], [85.39478502430774, 21.589696907293273], [85.39478701579188, 21.58951627824209], [85.3948835818103, 21.589517209489614], [85.394884577485, 21.58942689495504], [85.39498114344056, 21.58942782613968], [85.39498213905237, 21.58933751159612], [85.39507870495402, 21.589338442726863], [85.39507372716446, 21.589790015426683], [85.39517029338052, 21.589790946521493], [85.39516929786751, 21.58988126106505], [85.39526586414647, 21.589882192096976], [85.39526387321928, 21.590062821193072], [85.39536043962399, 21.590063752180082], [85.39536342582163, 21.589792808531445], [85.39545999204667, 21.589793739455576], [85.39546098737102, 21.58970342489405], [85.39555755354218, 21.5897043557553], [85.3955565582807, 21.58979467031682], [85.39565312451472, 21.589795601133154], [85.39565212929817, 21.589885915694676], [85.39574869560407, 21.589886846448124], [85.39574371975486, 21.59033841927371], [85.39545401996581, 21.590335626770816], [85.39545302459655, 21.590425941323357], [85.39535645794929, 21.590425010363294], [85.395354467085, 21.59060563945041], [85.39506476681983, 21.590602846237847], [85.39506377119903, 21.59069316076344], [85.39458093722615, 21.590688504265316], [85.39457994129992, 21.590778818763955], [85.39419367397429, 21.590775092543176], [85.39419267780552, 21.590865407032833], [85.39399954406186, 21.590863543567608], [85.3940005403474, 21.59077322908693], [85.39380740673849, 21.590771365415094], [85.39380541391586, 21.590951994358477], [85.39332257938601, 21.59094733415031], [85.39332357609376, 21.59085701970557], [85.39342014292967, 21.590857951851408], [85.39342113958352, 21.590767637397683], [85.39322800603749, 21.59076577305211], [85.39322900279915, 21.590675458607365], [85.393132436089, 21.59067452635373]]]}, "id": "+93+215", "properties": {"annual_rainfall": 1382.1430009414753, "area_ha": 2.105853647341885, "aspect": 145.5507020820363, "canopy_height": 9.546205990177764, "canopy_height_max": 12.128553641834404, "canopy_height_std": 1.8984504176582524, "centroid_lat": 21.59030925383797, "centroid_lon": 85.39454786867417, "cluster_id": 5, "distance_to_water": 463409.50001051987, "elevation": 612.5442865048074, "n_pixels": 211, "ndvi_amplitude_annual": 0.19355688726666267, "ndvi_mean": 0.4518451488278715, "ndvi_phase_annual": -2.635232260328864, "ndvi_residual_variance": 0.008081924812224004, "ndvi_trend": -0.005102715042690738, "perim_m": 1160.0674406977257, "slope": 3.284689077955315, "stand_id": 60, "stand_lbl": 38, "vh_iqr": 3.815790360237111, "vh_p10": -21.049775465867324, "vh_p50": -19.141880285748766, "vh_p90": -17.23398510563021, "vv_iqr": 3.4907175914676882, "vv_minus_vh_median": 7.220215379161726, "vv_p10": -13.667023702320893, "vv_p50": -11.921664906587047, "vv_p90": -10.176306110853206}}, {"type": "Feature", "geometry": {"type": "MultiPolygon", "coordinates": [[[[85.39631715043214, 21.590885890292178], [85.39670341844949, 21.59088961160816], [85.39670142921113, 21.59107024080307], [85.39650829494644, 21.591068380239403], [85.39650531068918, 21.59133932400482], [85.39631217609211, 21.591337463189625], [85.39631715043214, 21.590885890292178]]], [[[85.39633008311796, 21.58971180064203], [85.39633107790333, 21.589621486044575], [85.39652421022765, 21.589623346698072], [85.39652321555907, 21.58971366129553], [85.39671634801815, 21.58971552173343], [85.39671535347533, 21.589805836348855], [85.39681191977225, 21.589806766482464], [85.39681291426116, 21.589716451867044], [85.39690948050418, 21.589717381946755], [85.39690550274614, 21.590078640426412], [85.39680893626955, 21.590077710328732], [85.39680794175369, 21.590168024944155], [85.39671137521422, 21.590167094783595], [85.39671038063548, 21.590257409390034], [85.39651724745775, 21.590255548907216], [85.39651625275324, 21.59034586350467], [85.39661281940049, 21.59034679377303], [85.39661182474988, 21.59043710837947], [85.39651525804872, 21.590436178093142], [85.39651426333522, 21.5905264926906], [85.39632112981614, 21.590524631956253], [85.39631715043214, 21.590885890292178], [85.39622058344352, 21.590884959817206], [85.3962225732568, 21.590704330667208], [85.39593287267724, 21.59070153894585], [85.39593187758645, 21.590791853507376], [85.39583531067868, 21.590790922825793], [85.39583630582337, 21.590700608264267], [85.39573973897848, 21.5906996775198], [85.39574272456527, 21.590428733835232], [85.39545302459655, 21.590425941323357], [85.39545401996581, 21.590335626770816], [85.39574371975486, 21.59033841927371], [85.39574471493549, 21.590248104712185], [85.39584128147494, 21.5902490354297], [85.39584227659269, 21.590158720868178], [85.39593884308722, 21.59015965152281], [85.39593784803236, 21.590249966093317], [85.39603441458979, 21.590250896703036], [85.39603739956571, 21.58997995297355], [85.39594083318795, 21.589979022372816], [85.39594381828964, 21.58970807864333], [85.39613695069482, 21.589709939754968], [85.39613794559696, 21.589619625166495], [85.39623451174116, 21.589620555632486], [85.3962335169019, 21.58971087022096], [85.39633008311796, 21.58971180064203]], [[85.39632112981614, 21.590524631956253], [85.39632311946771, 21.590344002779307], [85.39622655283843, 21.590343072340268], [85.39622456306108, 21.590523701499247], [85.39632112981614, 21.590524631956253]], [[85.39633008311796, 21.58971180064203], [85.39632908832361, 21.5898021152305], [85.39642565460257, 21.589803045597677], [85.39642664933403, 21.58971273100022], [85.39633008311796, 21.58971180064203]]]]}, "id": "+121+219", "properties": {"annual_rainfall": 1382.1430009414753, "area_ha": 1.113095737781984, "aspect": 229.26501292666174, "canopy_height": 13.83754949766011, "canopy_height_max": 15.236770625388615, "canopy_height_std": 1.4219367018986429, "centroid_lat": 21.590292810660888, "centroid_lon": 85.3962884461781, "cluster_id": 3, "distance_to_water": 463409.50001051987, "elevation": 614.2260038616355, "n_pixels": 111, "ndvi_amplitude_annual": 0.15998019160012703, "ndvi_mean": 0.5876498955371214, "ndvi_phase_annual": -2.3833205129751778, "ndvi_residual_variance": 0.006938869156449927, "ndvi_trend": -0.010858272510857981, "perim_m": 980.0576805715976, "slope": 3.150047452302255, "stand_id": 61, "stand_lbl": 51, "vh_iqr": 3.166959353362011, "vh_p10": -18.39359538795433, "vh_p50": -16.810115711273333, "vh_p90": -15.226636034592334, "vv_iqr": 2.10073860583633, "vv_minus_vh_median": 6.932516902000805, "vv_p10": -10.927968112190696, "vv_p50": -9.87759880927253, "vv_p90": -8.827229506354367}}, {"type": "Feature", "geometry": {"type": "Polygon", "coordinates": [[[85.39854912063996, 21.58991381409753], [85.39874225355717, 21.589915672199815], [85.39874026694191, 21.590096301601342], [85.39902996672198, 21.590099088364], [85.39902798044807, 21.59027971778349], [85.39912454717617, 21.59028064659658], [85.3991265333333, 21.590100017168105], [85.39931966655594, 21.590101874614618], [85.39931668767059, 21.590372818784278], [85.3992201208796, 21.590371890070003], [85.39921912784597, 21.590462204793223], [85.39902599415619, 21.590460347193996], [85.39902698730663, 21.590370032488742], [85.39893042052462, 21.590369103612773], [85.39892942731132, 21.590459418318027], [85.39883286048439, 21.590458489379174], [85.39882988063785, 21.59072943346799], [85.39873331363127, 21.59072850445727], [85.39873629365748, 21.590457560386422], [85.39863972683055, 21.59045663133079], [85.39864072022353, 21.590366316643504], [85.3985441534595, 21.590365387542953], [85.39854713378215, 21.590094443481092], [85.3981608675255, 21.590090726566856], [85.39816384851291, 21.58981978254991], [85.39806728214414, 21.58981885318885], [85.39806827585151, 21.589728538519527], [85.39787514324871, 21.589726679653676], [85.39787613707287, 21.589636364984354], [85.39777957083885, 21.58963543547058], [85.39778155859497, 21.589454806149906], [85.39768499248672, 21.589453876591215], [85.39768698034165, 21.58927324727054], [85.39759041435916, 21.58927231765795], [85.39759140833603, 21.589182003006595], [85.3974948424164, 21.589181073340107], [85.39749683047796, 21.5890004440374], [85.39740026468411, 21.588999514325995], [85.39740225284449, 21.588818885023286], [85.3972091215083, 21.58881702545675], [85.39721011570077, 21.588726710814377], [85.39711355010455, 21.58872578095026], [85.39711454435093, 21.58863546630789], [85.39721110989325, 21.588636396172006], [85.39721210407674, 21.58854608152065], [85.39711553859729, 21.588545151665517], [85.3971185212915, 21.5882742077384], [85.39721508660027, 21.588275137575568], [85.3972180690699, 21.588004193621504], [85.39731463420797, 21.58800512339579], [85.39731562829265, 21.58791480873545], [85.39741219336786, 21.587915738446856], [85.39740921126653, 21.588186682436852], [85.39760234178526, 21.58818854171593], [85.39760134786228, 21.588278856385248], [85.39769791319799, 21.58827978594394], [85.39769592545085, 21.588460415291564], [85.39759935999835, 21.588459485714907], [85.39759637816653, 21.588730429704906], [85.39778950943084, 21.588732288822285], [85.39779050325501, 21.588641974143982], [85.39788706883327, 21.58864290361284], [85.39788806260353, 21.588552588934533], [85.39817775919458, 21.588555376990765], [85.39817577201337, 21.58873600636534], [85.39807920636325, 21.588735077067163], [85.39807821270078, 21.588825391745466], [85.39798164699675, 21.58882446238441], [85.3979806532714, 21.588914777062712], [85.39788408751349, 21.588913847638768], [85.39788209992804, 21.58909447697741], [85.39797866581172, 21.589095406410337], [85.39797767207739, 21.58918572108864], [85.39807423802395, 21.589186650467667], [85.3980752317044, 21.589096335789364], [85.39817179759706, 21.589097265114493], [85.39817080397951, 21.589187579792796], [85.39855706784664, 21.589191296536352], [85.39855607446265, 21.58928161123262], [85.3987492065534, 21.589283469281007], [85.39874821327722, 21.58937378398626], [85.39865164717793, 21.589372854984525], [85.39865065383886, 21.58946316968978], [85.39845752153249, 21.58946131151563], [85.39845652806765, 21.5895516262119], [85.39835996186058, 21.589550697030504], [85.39835896834184, 21.58964101171779], [85.39855210088176, 21.589642870017705], [85.39854912063996, 21.58991381409753]], [[85.39854912063996, 21.58991381409753], [85.39845255418135, 21.589912884961052], [85.39845156069855, 21.59000319964834], [85.39854812721106, 21.590004128793804], [85.39854912063996, 21.58991381409753]]]}, "id": "+145+212", "properties": {"annual_rainfall": 1382.1430009414753, "area_ha": 1.734827763767871, "aspect": 295.421283748293, "canopy_height": 12.186721294253589, "canopy_height_max": 13.660573589662777, "canopy_height_std": 1.4789350822694962, "centroid_lat": 21.589311630521323, "centroid_lon": 85.39806755986311, "cluster_id": 3, "distance_to_water": 463409.50001051987, "elevation": 619.9098014497323, "n_pixels": 173, "ndvi_amplitude_annual": 0.21055553901160082, "ndvi_mean": 0.5203576876445277, "ndvi_phase_annual": -1.868054795745031, "ndvi_residual_variance": 0.00800359936962511, "ndvi_trend": -0.00446024250883506, "perim_m": 1420.08470274538, "slope": 5.8510557831705, "stand_id": 62, "stand_lbl": 57, "vh_iqr": 1.8756936272614935, "vh_p10": -17.75222189905374, "vh_p50": -16.81437508542299, "vh_p90": -15.876528271792228, "vv_iqr": 2.099895917964495, "vv_minus_vh_median": 6.802851367124109, "vv_p10": -11.061471677281126, "vv_p50": -10.011523718298882, "vv_p90": -8.961575759316629}}, {"type": "Feature", "geometry": {"type": "MultiPolygon", "coordinates": [[[[85.39854912063996, 21.58991381409753], [85.39855210088176, 21.589642870017705], [85.39835896834184, 21.58964101171779], [85.39835996186058, 21.589550697030504], [85.39845652806765, 21.5895516262119], [85.39845752153249, 21.58946131151563], [85.39865065383886, 21.58946316968978], [85.39865164717793, 21.589372854984525], [85.39874821327722, 21.58937378398626], [85.3987492065534, 21.589283469281007], [85.39855607446265, 21.58928161123262], [85.39855706784664, 21.589191296536352], [85.39817080397951, 21.589187579792796], [85.39817179759706, 21.589097265114493], [85.3980752317044, 21.589096335789364], [85.39807423802395, 21.589186650467667], [85.39797767207739, 21.58918572108864], [85.39797866581172, 21.589095406410337], [85.39788209992804, 21.58909447697741], [85.39788408751349, 21.588913847638768], [85.3979806532714, 21.588914777062712], [85.39798164699675, 21.58882446238441], [85.39807821270078, 21.588825391745466], [85.39807920636325, 21.588735077067163], [85.39817577201337, 21.58873600636534], [85.39817775919458, 21.588555376990765], [85.39788806260353, 21.588552588934533], [85.39788706883327, 21.58864290361284], [85.39779050325501, 21.588641974143982], [85.39778950943084, 21.588732288822285], [85.39759637816653, 21.588730429704906], [85.39759935999835, 21.588459485714907], [85.39769592545085, 21.588460415291564], [85.39769791319799, 21.58827978594394], [85.39760134786228, 21.588278856385248], [85.39760234178526, 21.58818854171593], [85.39740921126653, 21.588186682436852], [85.39741219336786, 21.587915738446856], [85.39731562829265, 21.58791480873545], [85.39731463420797, 21.58800512339579], [85.3972180690699, 21.588004193621504], [85.39721508660027, 21.588275137575568], [85.3971185212915, 21.5882742077384], [85.39711553859729, 21.588545151665517], [85.39721210407674, 21.58854608152065], [85.39721110989325, 21.588636396172006], [85.39711454435093, 21.58863546630789], [85.39711355010455, 21.58872578095026], [85.39721011570077, 21.588726710814377], [85.3972091215083, 21.58881702545675], [85.39740225284449, 21.588818885023286], [85.39740026468411, 21.588999514325995], [85.39749683047796, 21.5890004440374], [85.3974948424164, 21.589181073340107], [85.39759140833603, 21.589182003006595], [85.39759041435916, 21.58927231765795], [85.39768698034165, 21.58927324727054], [85.39768598641868, 21.589363561930877], [85.39749285432791, 21.5893617026518], [85.39749384837666, 21.589271388000448], [85.39730071642063, 21.589269528496793], [85.39730171058616, 21.58917921385442], [85.39720514467552, 21.589178284026236], [85.39720613889494, 21.589087969383865], [85.39710957304719, 21.58908703950178], [85.39711056732051, 21.58899672486839], [85.39701400154462, 21.58899579493241], [85.39701499587184, 21.588905480299022], [85.39682186444583, 21.588903620274344], [85.39682385332486, 21.588722991025534], [85.3967272877376, 21.58872206093684], [85.39672828222653, 21.58863174631243], [85.39653515120476, 21.588629885982325], [85.39653614580148, 21.588539571366905], [85.39634301491445, 21.58853771081222], [85.39634202019197, 21.58862802541866], [85.39624545469457, 21.58862709506047], [85.39624644947992, 21.58853678045403], [85.39614988405438, 21.58853585004194], [85.39615386336651, 21.58817459163415], [85.3960572981835, 21.588173661177144], [85.39606028280011, 21.587902717375794], [85.39596371779676, 21.587901786882856], [85.39596471271688, 21.587811472276417], [85.39586814777643, 21.58781054172958], [85.39586914275043, 21.587720227132124], [85.39577257788184, 21.58771929653139], [85.39577456793765, 21.58753866734546], [85.39567800318585, 21.587537736699808], [85.39568198347713, 21.587176478336936], [85.39558541897685, 21.587175547646368], [85.3955864140946, 21.587085233057895], [85.395682978532, 21.587086163739478], [85.39568397358686, 21.586995849142024], [85.39558740920336, 21.586994918469422], [85.39558840431211, 21.586904603871968], [85.39568496863272, 21.586905534544567], [85.39568695871549, 21.586724905349655], [85.39578352292831, 21.586725835959374], [85.39578451790231, 21.586635521352935], [85.39636390290076, 21.586641103807505], [85.39636091903876, 21.586912047689705], [85.39645748340428, 21.58691297792213], [85.39645847797405, 21.58682266328874], [85.39674817091793, 21.58682545361771], [85.39674717652784, 21.58691576826008], [85.39684374091134, 21.586916698258946], [85.3968407579117, 21.58718764220403], [85.397033887056, 21.58718950206701], [85.39703189859918, 21.587370131369717], [85.3971284632971, 21.587371061224854], [85.39712746912258, 21.58746137588519], [85.39770685778615, 21.587466953866148], [85.39770586396199, 21.587557268544455], [85.39780242882159, 21.587558198013312], [85.39780143505133, 21.5876485127006], [85.39799456489631, 21.5876503714856], [85.39799257758933, 21.587831000860177], [85.39808914263759, 21.58783193017632], [85.39808814902902, 21.58792224487259], [85.39837784439835, 21.587925032497633], [85.39837685096946, 21.588015347202887], [85.3986665465544, 21.588018134342835], [85.39866456003793, 21.588198763780294], [85.39876112536467, 21.588199692719144], [85.39875913894703, 21.588380322156603], [85.39885570439952, 21.58838125105054], [85.3988547112401, 21.58847156577376], [85.39904784227986, 21.588473423399936], [85.39904982834715, 21.58829279394451], [85.39924295917129, 21.58829465132814], [85.39924196625442, 21.58838496606933], [85.39933853173386, 21.588385894684787], [85.39933753887988, 21.588476209425973], [85.39943410442221, 21.588477137987535], [85.39943311162212, 21.588567452737703], [85.39952967722733, 21.588568381245363], [85.39952868448114, 21.588658695995534], [85.39943211881305, 21.58865776747889], [85.39943013317695, 21.588838396970246], [85.39962326475568, 21.58884025395862], [85.3996222720544, 21.588930568708786], [85.39952570619766, 21.58892964023706], [85.39952471343352, 21.589019954978244], [85.39962127934415, 21.589020883458957], [85.39962028662491, 21.589111198209128], [85.39981341858991, 21.58911305499987], [85.399811433385, 21.58929368450919], [85.39990799949327, 21.58929461283719], [85.39990502182064, 21.589565557105665], [85.40000158811756, 21.589566485379763], [85.39999960310129, 21.58974711489807], [85.40009616951498, 21.58974804312725], [85.40009319212983, 21.590018987413693], [85.40018975873217, 21.59001991559796], [85.40018777389557, 21.59020054512525], [85.40028434062366, 21.5902014732646], [85.40028136351698, 21.59047241755104], [85.40037793043373, 21.590473345654463], [85.40037594578577, 21.59065397518175], [85.40047251282829, 21.590654903231272], [85.40046953600007, 21.59092584753568], [85.40056610322226, 21.590926775540282], [85.40056411876294, 21.591107405076553], [85.40066068611088, 21.591108333036242], [85.40065770957014, 21.591379277349635], [85.40075427709775, 21.591380205264407], [85.40075130069175, 21.591651149577796], [85.400847868408, 21.591652077447655], [85.40084588422717, 21.591832707001892], [85.40094245206917, 21.591833634826834], [85.40093848388717, 21.59219489391734], [85.4008419158116, 21.592193966083418], [85.40084092368525, 21.59228428084257], [85.40074435555577, 21.592283352945763], [85.40074534773602, 21.59219303817763], [85.40045564354523, 21.59219025414585], [85.40045465118531, 21.59228056889602], [85.4002615149623, 21.592278712590367], [85.40026052248561, 21.592369027331554], [85.4001639543202, 21.592368099093388], [85.40016494685977, 21.592277784352202], [85.3999718106727, 21.592275927705188], [85.3999737959854, 21.592095298249763], [85.39987722801762, 21.592094369849903], [85.39988020611246, 21.591823425662277], [85.39978363833332, 21.59182249722648], [85.3997846310885, 21.591732182494276], [85.399591495656, 21.591730325452005], [85.39959248851896, 21.59164001073777], [85.3997856238257, 21.591641867771056], [85.3997876093001, 21.59146123831563], [85.39969104176352, 21.591460309834922], [85.39969203455462, 21.5913699951117], [85.400174871995, 21.591374636931352], [85.40017884191076, 21.591013377930675], [85.40027540916887, 21.591014306105958], [85.40027640157369, 21.59092399135579], [85.40017983436948, 21.590923063180504], [85.40018181928694, 21.59074243367118], [85.3997955510001, 21.590738720449025], [85.3997975363667, 21.59055809096665], [85.39970096942301, 21.590557162530853], [85.39970295489742, 21.590376533057466], [85.39941325447056, 21.590373747435667], [85.39941126863683, 21.590554376882107], [85.39950783556256, 21.590555305488582], [85.3995068426996, 21.590645620211802], [85.39921714176968, 21.590642834212716], [85.3992201208796, 21.590371890070003], [85.39931668767059, 21.590372818784278], [85.39931966655594, 21.590101874614618], [85.3991265333333, 21.590100017168105], [85.39912454717617, 21.59028064659658], [85.39902798044807, 21.59027971778349], [85.39902996672198, 21.590099088364], [85.39874026694191, 21.590096301601342], [85.39874225355717, 21.589915672199815], [85.39854912063996, 21.58991381409753]]], [[[85.39854912063996, 21.58991381409753], [85.39854812721106, 21.590004128793804], [85.39845156069855, 21.59000319964834], [85.39845255418135, 21.589912884961052], [85.39854912063996, 21.58991381409753]]]]}, "id": "+160+230", "properties": {"annual_rainfall": 1377.1445010121304, "area_ha": 8.864671291629774, "aspect": 292.2878527234582, "canopy_height": 13.19837714408854, "canopy_height_max": 14.14079393956974, "canopy_height_std": 0.7964984170771867, "centroid_lat": 21.589059390189973, "centroid_lon": 85.39832363487727, "cluster_id": 5, "distance_to_water": 463409.50001051987, "elevation": 629.6053561824374, "n_pixels": 886, "ndvi_amplitude_annual": 0.25684715301067806, "ndvi_mean": 0.5128405280391548, "ndvi_phase_annual": -2.77127569810454, "ndvi_residual_variance": 0.006497739633845674, "ndvi_trend": 0.003883781002088254, "perim_m": 3560.2128538677816, "slope": 10.304295702655102, "stand_id": 63, "stand_lbl": 61, "vh_iqr": 2.387028397404745, "vh_p10": -18.181674056689463, "vh_p50": -16.988159857987114, "vh_p90": -15.79464565928472, "vv_iqr": 1.994632080663406, "vv_minus_vh_median": 7.840443997444853, "vv_p10": -10.14503190087392, "vv_p50": -9.147715860542249, "vv_p90": -8.150399820210524}}, {"type": "Feature", "geometry": {"type": "MultiPolygon", "coordinates": [[[[85.39962326475568, 21.58884025395862], [85.39971983055851, 21.588841182367464], [85.39971685260741, 21.58911212663594], [85.39962028662491, 21.589111198209128], [85.39962127934415, 21.589020883458957], [85.39952471343352, 21.589019954978244], [85.39952570619766, 21.58892964023706], [85.3996222720544, 21.588930568708786], [85.39962326475568, 21.58884025395862]]], [[[85.39962326475568, 21.58884025395862], [85.39943013317695, 21.588838396970246], [85.39943211881305, 21.58865776747889], [85.39962525014924, 21.58865962445828], [85.39962326475568, 21.58884025395862]]]]}, "id": "+154+194", "properties": {"annual_rainfall": 1382.1430009414753, "area_ha": 0.08022335856134627, "aspect": 305.24175824175825, "canopy_height": 16.088159917990776, "canopy_height_max": 16.910302409021014, "canopy_height_std": 0.6059141449565513, "centroid_lat": 21.588862484461064, "centroid_lon": 85.39958680321975, "cluster_id": 0, "distance_to_water": 463409.50001051987, "elevation": 647.6428571428571, "n_pixels": 8, "ndvi_amplitude_annual": 0.25603068180828836, "ndvi_mean": 0.6192828316648361, "ndvi_phase_annual": -2.7879149579865694, "ndvi_residual_variance": 0.005835777177997834, "ndvi_trend": 0.0023707944607811275, "perim_m": 180.0108412386565, "slope": 15.577838827838827, "stand_id": 64, "stand_lbl": 58, "vh_iqr": 2.436935903390415, "vh_p10": -16.12599317502176, "vh_p50": -14.907525223326555, "vh_p90": -13.689057271631347, "vv_iqr": 2.9071037746022053, "vv_minus_vh_median": 7.304411000275597, "vv_p10": -9.05666611035206, "vv_p50": -7.603114223050957, "vv_p90": -6.149562335749852}}, {"type": "Feature", "geometry": {"type": "MultiPolygon", "coordinates": [[[[85.3973962882915, 21.589360772922433], [85.39739728239415, 21.589270458280062], [85.39749384837666, 21.589271388000448], [85.39749285432791, 21.5893617026518], [85.3973962882915, 21.589360772922433]]], [[[85.39509463300926, 21.5878934098952], [85.39509562846837, 21.58780309533368], [85.39548188808647, 21.587806818976297], [85.39548288329404, 21.587716504396806], [85.39557944815364, 21.587717435168223], [85.39557845299997, 21.58780774974771], [85.39567501792246, 21.58780868046523], [85.39567402282269, 21.587898995053703], [85.39577058780806, 21.58789992571732], [85.39576859770733, 21.588080554894265], [85.39586516281847, 21.588081485512966], [85.39586416782649, 21.58817180010144], [85.3959607330005, 21.58817273066624], [85.39595973806243, 21.588263045263698], [85.39605630329933, 21.588263975774602], [85.39605530841516, 21.58835429038104], [85.39615187372391, 21.588355220838046], [85.39614988405438, 21.58853585004194], [85.39624644947992, 21.58853678045403], [85.39624545469457, 21.58862709506047], [85.39634202019197, 21.58862802541866], [85.39634301491445, 21.58853771081222], [85.39653614580148, 21.588539571366905], [85.39653515120476, 21.588629885982325], [85.39672828222653, 21.58863174631243], [85.3967272877376, 21.58872206093684], [85.39682385332486, 21.588722991025534], [85.39682186444583, 21.588903620274344], [85.39701499587184, 21.588905480299022], [85.39701400154462, 21.58899579493241], [85.39711056732051, 21.58899672486839], [85.39710957304719, 21.58908703950178], [85.39720613889494, 21.589087969383865], [85.39720514467552, 21.589178284026236], [85.39730171058616, 21.58917921385442], [85.39730071642063, 21.589269528496793], [85.39710758449156, 21.58926766877754], [85.39710659020926, 21.58935798341093], [85.3973962882915, 21.589360772922433], [85.39739330593866, 21.58963171685853], [85.39729673973159, 21.58963078706628], [85.39729773390609, 21.589540472423906], [85.39720116776189, 21.589539542577757], [85.39720216199929, 21.589449227944367], [85.39710559591796, 21.589448298044317], [85.3971046016177, 21.589538612677707], [85.39700803548249, 21.589537682714774], [85.3970070411283, 21.589627997348163], [85.39691047493021, 21.58962706732235], [85.39691146935624, 21.589536752706927], [85.39681490323001, 21.589535822636197], [85.39681589770096, 21.589445508011792], [85.39671933164661, 21.58944457789615], [85.3967213206963, 21.5892639486653], [85.39652818883012, 21.589262088263332], [85.39652918347174, 21.589171773656894], [85.39643261760602, 21.589170843379552], [85.39643361230156, 21.589080528773113], [85.39585421757435, 21.5890749459682], [85.39585620766611, 21.58889431680024], [85.39546994510154, 21.58889059384034], [85.39546795453369, 21.589071222972372], [85.39537138878475, 21.589070292084173], [85.39536939807316, 21.58925092120722], [85.39527283220744, 21.58924999024716], [85.3952738276306, 21.58915967569462], [85.39508069603392, 21.589157813630766], [85.39507970050295, 21.589248128183307], [85.39498313465519, 21.58924719706155], [85.39498612142775, 21.588976253430875], [85.39479299010954, 21.588974391052613], [85.39479398581118, 21.58888407651804], [85.3948905514074, 21.58888500772963], [85.39489154704617, 21.58879469318607], [85.39518124369111, 21.588797486488463], [85.39518223914123, 21.58870717192694], [85.39527880463864, 21.58870810291395], [85.39528179078238, 21.588437159229382], [85.39508866014688, 21.588435297237393], [85.39509164660502, 21.58816435357079], [85.39499508147593, 21.58816342249395], [85.3949960770069, 21.58807310794141], [85.39489951194066, 21.588072176828632], [85.39490249869526, 21.58780123317101], [85.39499906358182, 21.5878021642748], [85.39499806805983, 21.587892478836327], [85.39509463300926, 21.5878934098952]], [[85.39509463300926, 21.5878934098952], [85.39509363755018, 21.587983724447742], [85.39519020256249, 21.587984655452722], [85.39519119796769, 21.587894340891197], [85.39509463300926, 21.5878934098952]]]]}, "id": "+130+200", "properties": {"annual_rainfall": 1382.1430009414753, "area_ha": 2.155996153342791, "aspect": 247.14402784583402, "canopy_height": 11.739249446631634, "canopy_height_max": 14.152188973184868, "canopy_height_std": 1.916110366628574, "centroid_lat": 21.588694641443578, "centroid_lon": 85.39595251321823, "cluster_id": 1, "distance_to_water": 463409.50001051987, "elevation": 608.1707584948379, "n_pixels": 216, "ndvi_amplitude_annual": 0.17767377296933248, "ndvi_mean": 0.4498739813873797, "ndvi_phase_annual": -2.3994243530950112, "ndvi_residual_variance": 0.006407618630709325, "ndvi_trend": -0.0015691218674981642, "perim_m": 1340.0788657926828, "slope": 2.847270331007217, "stand_id": 65, "stand_lbl": 49, "vh_iqr": 2.2986065498534143, "vh_p10": -19.214757283778134, "vh_p50": -18.065454008851436, "vh_p90": -16.916150733924717, "vv_iqr": 1.9905759474305689, "vv_minus_vh_median": 8.190739865865616, "vv_p10": -10.870002116701103, "vv_p50": -9.874714142985829, "vv_p90": -8.87942616927054}}, {"type": "Feature", "geometry": {"type": "Polygon", "coordinates": [[[85.39036794849741, 21.587396150559883], [85.39036894685808, 21.587305836204973], [85.39065863990078, 21.58730863718796], [85.39066063625378, 21.587128008442207], [85.39085376473332, 21.58712987546476], [85.39085576082581, 21.586949246710024], [85.39104888908976, 21.58695111349003], [85.39104689323082, 21.58713174227172], [85.39114345748857, 21.587132675585366], [85.391142459613, 21.58722298997621], [85.39123902393362, 21.58722392324494], [85.39123702829028, 21.58740455203561], [85.39133359273666, 21.587405485250443], [85.39133459050443, 21.58731517085062], [85.39143115489692, 21.587316104011553], [85.3914321526018, 21.58722578960274], [85.39152871694039, 21.587226722700795], [85.3915267216474, 21.587407351518415], [85.39143015719203, 21.58740641841138], [85.39142915947815, 21.587496732811204], [85.39133259496889, 21.58749579965027], [85.39132960162067, 21.587766742831786], [85.3914261663096, 21.587767676010685], [85.39142516857775, 21.587857990410512], [85.39161829809935, 21.587859856606617], [85.39161530522723, 21.58813079982406], [85.39180843512611, 21.588132665822535], [85.39180943263337, 21.588042351413726], [85.39190599752891, 21.58804328432313], [85.39190400263116, 21.588223913158718], [85.39209713268276, 21.588225778824818], [85.39209314329153, 21.588587036513953], [85.3919965780187, 21.588586103685397], [85.39199558060128, 21.58867641810319], [85.39189901527455, 21.58867548521175], [85.39189702030494, 21.58885611402937], [85.39180045486142, 21.588855181084032], [85.3918014524136, 21.58876486667522], [85.39170488704195, 21.588763933675985], [85.39170388943589, 21.588854248075812], [85.39141419317721, 21.588851448718774], [85.39141319537352, 21.588941763109617], [85.3911234989801, 21.58893896324054], [85.39112649289426, 21.588668020112923], [85.39102992762142, 21.588667086727412], [85.39103192365104, 21.588486457981656], [85.39093535850397, 21.588485524542246], [85.3909373546324, 21.588304895805475], [85.39084078961109, 21.588303962321145], [85.39084278583833, 21.588123333584374], [85.3907462209338, 21.58812240005513], [85.39074821726885, 21.587941771327344], [85.39065165249009, 21.587940837744203], [85.39065364892394, 21.587760209016412], [85.39055708427095, 21.587759275388358], [85.39055908079463, 21.587578646669552], [85.3904625162674, 21.587577712996577], [85.39046451289889, 21.58739708427777], [85.39036794849741, 21.587396150559883]]]}, "id": "+68+193", "properties": {"annual_rainfall": 1382.1430009414753, "area_ha": 1.865180068375077, "aspect": 104.42291471901942, "canopy_height": 12.285689108212903, "canopy_height_max": 13.115810911369602, "canopy_height_std": 0.7350891771503989, "centroid_lat": 21.588023227224063, "centroid_lon": 85.39123746204059, "cluster_id": 5, "distance_to_water": 463409.50001051987, "elevation": 674.3662200062323, "n_pixels": 187, "ndvi_amplitude_annual": 0.21577439906800833, "ndvi_mean": 0.5152059445230885, "ndvi_phase_annual": -2.6518125588965837, "ndvi_residual_variance": 0.008190535436225424, "ndvi_trend": 0.02119901942641642, "perim_m": 920.0521219975135, "slope": 12.966282330944214, "stand_id": 66, "stand_lbl": 20, "vh_iqr": 2.110287661593186, "vh_p10": -19.182900678353878, "vh_p50": -18.127756847557297, "vh_p90": -17.072613016760698, "vv_iqr": 1.747754709170381, "vv_minus_vh_median": 6.4088317073734515, "vv_p10": -12.59280249476904, "vv_p50": -11.718925140183847, "vv_p90": -10.845047785598652}}, {"type": "Feature", "geometry": {"type": "MultiPolygon", "coordinates": [[[[85.39509463300926, 21.5878934098952], [85.39519119796769, 21.587894340891197], [85.39519020256249, 21.587984655452722], [85.39509363755018, 21.587983724447742], [85.39509463300926, 21.5878934098952]]], [[[85.39509463300926, 21.5878934098952], [85.39499806805983, 21.587892478836327], [85.39499906358182, 21.5878021642748], [85.39490249869526, 21.58780123317101], [85.39489951194066, 21.588072176828632], [85.3949960770069, 21.58807310794141], [85.39499508147593, 21.58816342249395], [85.39509164660502, 21.58816435357079], [85.39508866014688, 21.588435297237393], [85.39528179078238, 21.588437159229382], [85.39527880463864, 21.58870810291395], [85.39518223914123, 21.58870717192694], [85.39518124369111, 21.588797486488463], [85.39489154704617, 21.58879469318607], [85.3948905514074, 21.58888500772963], [85.39479398581118, 21.58888407651804], [85.39479299010954, 21.588974391052613], [85.39498612142775, 21.588976253430875], [85.39498313465519, 21.58924719706155], [85.39488656880744, 21.58924626588589], [85.39488557315072, 21.589336580420465], [85.3946924413564, 21.589334717889486], [85.3946914455739, 21.58942503241508], [85.39459487962733, 21.58942410105976], [85.39459388377297, 21.58951441558535], [85.3944973177725, 21.589513484167146], [85.39449532593802, 21.589694113200363], [85.39439875982077, 21.589693181719277], [85.39439676784257, 21.58987381074351], [85.39420363538349, 21.589871947601676], [85.39420562760425, 21.58969131859541], [85.39410906150496, 21.58969038695263], [85.39411105382453, 21.589509757955348], [85.39401448785101, 21.58950882626765], [85.39401548405571, 21.589418511769008], [85.39382235224343, 21.589416648222937], [85.39382135591296, 21.589506962712594], [85.3937247899574, 21.589506030854217], [85.39372379355508, 21.589596345334893], [85.39353066153618, 21.589594481438475], [85.3935316580553, 21.589504166957802], [85.39343509210872, 21.589503234928742], [85.39343907835584, 21.58914197705096], [85.39353564405987, 21.58914290906205], [85.39353863351839, 21.588871965620026], [85.39363519904275, 21.588872897568233], [85.39363619545406, 21.588782583078576], [85.39421558838463, 21.588788173537132], [85.39421758047962, 21.5886075445129], [85.39431414586923, 21.588608476047884], [85.39431514184935, 21.588518161531276], [85.39421857652262, 21.58851722999629], [85.39421957255664, 21.588426915479687], [85.39412300729279, 21.588425983899786], [85.39412400338071, 21.58833566938318], [85.39422056858169, 21.58833660096308], [85.39422156460672, 21.58824628644647], [85.39431812975378, 21.58824721797247], [85.39432012166911, 21.58806658892129], [85.3944166866994, 21.588067520384406], [85.39442166608796, 21.587615947729503], [85.39432510135413, 21.587615016293334], [85.39432709319759, 21.58743438723317], [85.39423052858952, 21.587433455752087], [85.3942325205228, 21.587252826691923], [85.39413595604049, 21.58725189516592], [85.39413894408865, 21.586980951589148], [85.394042379786, 21.58698002000925], [85.39404337585596, 21.58688970549264], [85.39433306859323, 21.586892500025726], [85.39433506034686, 21.586711870947596], [85.39443162447883, 21.586712802347833], [85.39442863701457, 21.58698374596952], [85.3945252013352, 21.586984677315858], [85.39452320978818, 21.587165306402973], [85.39471633868992, 21.587167168951915], [85.39471733434665, 21.587076854399374], [85.39462076995417, 21.587075923160835], [85.39462475276973, 21.586714664959658], [85.39452818861979, 21.586713733676202], [85.39453316732563, 21.58626216093147], [85.39472629502364, 21.58626402339058], [85.39472729062648, 21.586173708829058], [85.39482385442606, 21.58617463996878], [85.39482584549698, 21.585994010836753], [85.3949224091798, 21.585994941913594], [85.39492340464787, 21.585904627343087], [85.39463371379706, 21.585901833950864], [85.3946347094448, 21.585811519389342], [85.39453814589675, 21.5858105881508], [85.3945391415894, 21.585720273589278], [85.3944425781132, 21.585719342305822], [85.39444357385976, 21.5856290277443], [85.39434701044644, 21.585628096406946], [85.39434900205634, 21.585447467301865], [85.3945421286584, 21.58544932991369], [85.39454013728206, 21.585629959036737], [85.39463670071335, 21.58563089025731], [85.39463570508357, 21.585721204827816], [85.39482883207191, 21.585723067125233], [85.39482783654992, 21.58581338169574], [85.39511752725701, 21.58581617473762], [85.3951145412031, 21.58608711848507], [85.39501797745741, 21.586086187516027], [85.39501698203424, 21.586176502086534], [85.39521010966936, 21.58617836397971], [85.39520911436298, 21.58626867856818], [85.39530567824342, 21.58626960942943], [85.39530070193608, 21.586721182353827], [85.39539726612195, 21.586722113188124], [85.39539428045431, 21.586993056944557], [85.39549084482883, 21.58699398773394], [85.3954898496572, 21.587084302322413], [85.3955864140946, 21.587085233057895], [85.39558541897685, 21.587175547646368], [85.39568198347713, 21.587176478336936], [85.39567800318585, 21.587537736699808], [85.39577456793765, 21.58753866734546], [85.39577257788184, 21.58771929653139], [85.39586914275043, 21.587720227132124], [85.39586814777643, 21.58781054172958], [85.39596471271688, 21.587811472276417], [85.39596371779676, 21.587901786882856], [85.39606028280011, 21.587902717375794], [85.3960572981835, 21.588173661177144], [85.39615386336651, 21.58817459163415], [85.39615187372391, 21.588355220838046], [85.39605530841516, 21.58835429038104], [85.39605630329933, 21.588263975774602], [85.39595973806243, 21.588263045263698], [85.3959607330005, 21.58817273066624], [85.39586416782649, 21.58817180010144], [85.39586516281847, 21.588081485512966], [85.39576859770733, 21.588080554894265], [85.39577058780806, 21.58789992571732], [85.39567402282269, 21.587898995053703], [85.39567501792246, 21.58780868046523], [85.39557845299997, 21.58780774974771], [85.39557944815364, 21.587717435168223], [85.39548288329404, 21.587716504396806], [85.39548188808647, 21.587806818976297], [85.39509562846837, 21.58780309533368], [85.39509463300926, 21.5878934098952]]]]}, "id": "+99+203", "properties": {"annual_rainfall": 1382.1430009414753, "area_ha": 4.57271315277705, "aspect": 186.95861953692724, "canopy_height": 16.685209210515833, "canopy_height_max": 17.41401157283964, "canopy_height_std": 0.6215567843737705, "centroid_lat": 21.587903220094656, "centroid_lon": 85.39471521309761, "cluster_id": 1, "distance_to_water": 463409.50001051987, "elevation": 606.4112417322647, "n_pixels": 457, "ndvi_amplitude_annual": 0.17336824746864962, "ndvi_mean": 0.6491043659531854, "ndvi_phase_annual": -2.116867417000884, "ndvi_residual_variance": 0.0071420885504117826, "ndvi_trend": -0.0013624366600765365, "perim_m": 2300.133740231031, "slope": 4.70936572242695, "stand_id": 67, "stand_lbl": 39, "vh_iqr": 2.0934110165896453, "vh_p10": -17.153740420433074, "vh_p50": -16.107034912138275, "vh_p90": -15.060329403843431, "vv_iqr": 2.13419985222674, "vv_minus_vh_median": 6.627963879688199, "vv_p10": -10.546170958563435, "vv_p50": -9.47907103245006, "vv_p90": -8.411971106336688}}, {"type": "Feature", "geometry": {"type": "MultiPolygon", "coordinates": [[[[85.39200156504295, 21.58813453159643], [85.39190500008453, 21.588133598740924], [85.39190599752891, 21.58804328432313], [85.39180943263337, 21.588042351413726], [85.39181043014062, 21.587952036995933], [85.3920035598239, 21.587953902760844], [85.39200156504295, 21.58813453159643]]], [[[85.39209713268276, 21.588225778824818], [85.39219369771304, 21.58822671158151], [85.39219469498674, 21.58813639715473], [85.39209813001035, 21.588135464407024], [85.39210012466555, 21.58795483555347], [85.39219668952515, 21.587955768292197], [85.39219768678088, 21.587865453856438], [85.39258394600371, 21.587869184245402], [85.39258693703428, 21.587598240893207], [85.39249037239925, 21.587597308388045], [85.392496354676, 21.587055421683658], [85.39220666188481, 21.587052623934603], [85.39220765908665, 21.586962309489863], [85.39211109489179, 21.58696137679605], [85.39211308941223, 21.586780747924532], [85.39191996127406, 21.5867788823842], [85.39191896390155, 21.586869196819958], [85.39182239977856, 21.58686826396445], [85.39182140233419, 21.58695857839123], [85.39172483816628, 21.58695764547284], [85.39172583566454, 21.58686733104606], [85.39162927155952, 21.58686639808276], [85.3916302691117, 21.586776083664965], [85.39172683316282, 21.58677701662827], [85.39172783065212, 21.586686702201494], [85.39182439464935, 21.5866876351109], [85.39182638949318, 21.586507006248365], [85.39124700631831, 21.586501408046328], [85.39124600854156, 21.586591722446155], [85.39114944463417, 21.586590789213357], [85.39114744894592, 21.586771418004027], [85.39095432090656, 21.586769551349782], [85.39095531888093, 21.586679236958936], [85.39085875492863, 21.58667830355546], [85.3908607509762, 21.586497674782755], [85.39095731480275, 21.586498608186233], [85.39095831275917, 21.58640829378641], [85.39124800409506, 21.58641109363752], [85.39124900186283, 21.58632077922871], [85.39134556559057, 21.586321712398625], [85.39134756099136, 21.586141083572024], [85.39144412461128, 21.58614201667906], [85.3914451222443, 21.586051702261265], [85.39154168580136, 21.586052635296436], [85.39154467849382, 21.58578169202509], [85.39164124188018, 21.58578262499738], [85.39164323685877, 21.585601996134844], [85.39154667359816, 21.585601063171538], [85.39154767114135, 21.585510748744763], [85.39145110793464, 21.585509815736543], [85.39145011033756, 21.585600130154333], [85.39135354707695, 21.585599197083233], [85.391352549408, 21.585689511501027], [85.39144911273148, 21.58569044458111], [85.39144811511643, 21.585780758998904], [85.39125498837063, 21.58577889277585], [85.39125897927103, 21.58541763511366], [85.39145210553174, 21.585419501309765], [85.39145609587517, 21.58505824360266], [85.39155265877646, 21.585059176592914], [85.39155166126021, 21.585149491028673], [85.39164822422438, 21.58515042396503], [85.3916462292997, 21.585331052836548], [85.39174279238962, 21.58533198573697], [85.39174179497219, 21.58542230017273], [85.39183835813398, 21.585423233019252], [85.39183736077943, 21.58551354745501], [85.39193392399513, 21.58551448024764], [85.39193292669448, 21.58560479469238], [85.39202948998204, 21.585605727431105], [85.39202849273529, 21.58569604188483], [85.39222161944515, 21.585697907200586], [85.39222261657511, 21.58560759274686], [85.39241574318616, 21.585609457838036], [85.39241773718558, 21.585428828903638], [85.39232117399683, 21.58542789638949], [85.39232217105494, 21.58533758192678], [85.3924187341808, 21.585338514431946], [85.39241973116704, 21.58524819996025], [85.39261285731993, 21.585250064790916], [85.39260986670259, 21.58552100822396], [85.3927064299632, 21.585521940567425], [85.39270543313866, 21.5856122550481], [85.39299512314506, 21.58561505175511], [85.3929941264912, 21.585705366244767], [85.39309068989553, 21.58570629837264], [85.39309268307748, 21.58552566938434], [85.39338237295811, 21.585528465408625], [85.3933813765558, 21.585618779916253], [85.3935745032926, 21.585620643659954], [85.39357350699807, 21.585710958176563], [85.39367007043833, 21.585711889972057], [85.39366807795707, 21.585892519014255], [85.39347495085195, 21.5858906553514], [85.39347594720937, 21.585800340843775], [85.39337938372418, 21.5857994089315], [85.39337838730388, 21.585889723439124], [85.3932818237648, 21.58588879147295], [85.39328082728161, 21.585979105971592], [85.3933773908746, 21.58598003794675], [85.39337539800707, 21.586160666953017], [85.39327883428831, 21.586159734968874], [85.39327783778717, 21.586250049467516], [85.39337440156879, 21.586250981451656], [85.39337240866533, 21.58643161045792], [85.39317928087749, 21.586429746408793], [85.3931772877135, 21.58661037538811], [85.3932738517287, 21.586611307453097], [85.39327285520059, 21.586701621942755], [85.39346598335675, 21.586703485902053], [85.39346498694543, 21.586793800400695], [85.39356155109537, 21.58679473230399], [85.39355856199617, 21.587065675808894], [85.39346199767556, 21.58706474389662], [85.3934610012373, 21.58715505839526], [85.39365413002227, 21.587156922174895], [85.39365313370078, 21.587247236673537], [85.39374969815614, 21.587248168486997], [85.39374870188857, 21.587338482994625], [85.3938452664158, 21.587339414754187], [85.39384427020211, 21.58742972926181], [85.39394083479222, 21.587430660967474], [85.39393585395737, 21.587882233523562], [85.3940324188529, 21.587883165193293], [85.39403042659622, 21.588063794217526], [85.39364416658287, 21.588060067161308], [85.39364516294927, 21.58796975267165], [85.39354859801779, 21.58796882076836], [85.39354760158851, 21.588059135258018], [85.39325790665036, 21.58805633920678], [85.3932549167966, 21.58832728263982], [85.39335148195264, 21.588328214722775], [85.39335048538861, 21.58841852919447], [85.39354361582647, 21.588420393207667], [85.39354162292301, 21.588601022178], [85.3936381882677, 21.588601954108242], [85.39363719186537, 21.5886922685979], [85.39354062645779, 21.588691336658673], [85.3935396299836, 21.58878165113935], [85.39344306452212, 21.588780719146225], [85.39344007491088, 21.58905166257927], [85.39353664055203, 21.589052594581375], [85.39353564405987, 21.58914290906205], [85.39343907835584, 21.58914197705096], [85.39343708524575, 21.589322605994344], [85.39334051942495, 21.58932167392037], [85.39333852617114, 21.589502302845787], [85.39343509210872, 21.589503234928742], [85.39343409553571, 21.589593549400437], [85.39353066153618, 21.589594481438475], [85.39352966501707, 21.589684795910166], [85.39343309895372, 21.58968386387213], [85.39343210236274, 21.589774178334835], [85.39333553624549, 21.589773246233914], [85.39333453960062, 21.58986356069662], [85.39323797342946, 21.589862628541802], [85.39323697671273, 21.589952942995527], [85.3931404104787, 21.589952010777825], [85.39314140725833, 21.5898616963241], [85.39304484109616, 21.58986076406148], [85.39304384426264, 21.58995107850622], [85.39294727804658, 21.589950146171738], [85.39294628114119, 21.590040460616482], [85.39284971487122, 21.590039528228097], [85.39284772093468, 21.590220157099616], [85.39294428733041, 21.590221089496982], [85.39294329040706, 21.59031140393274], [85.39284672395743, 21.590310471535375], [85.39284572698018, 21.590400785971134], [85.39265259397314, 21.590398920987756], [85.39265558526422, 21.59012797770743], [85.39236588632856, 21.590125179850578], [85.39236788084901, 21.589944551023976], [85.39188505000226, 21.58993988685424], [85.39188604755442, 21.589849572454412], [85.39159634929251, 21.589846773295005], [85.39159834473821, 21.589666144531282], [85.39150177878267, 21.58966521137035], [85.39150377432719, 21.589484582606627], [85.3914072084974, 21.58948364940078], [85.39140920414074, 21.589303020637058], [85.39131263843672, 21.589302087386294], [85.39131463417887, 21.589121458631556], [85.39121806860061, 21.589120525335872], [85.39122006444157, 21.588939896581135], [85.39141319537352, 21.588941763109617], [85.39141419317721, 21.588851448718774], [85.39170388943589, 21.588854248075812], [85.39170488704195, 21.588763933675985], [85.3918014524136, 21.58876486667522], [85.39180045486142, 21.588855181084032], [85.39189702030494, 21.58885611402937], [85.39189901527455, 21.58867548521175], [85.39199558060128, 21.58867641810319], [85.3919965780187, 21.588586103685397], [85.39209314329153, 21.588587036513953], [85.39209713268276, 21.588225778824818]], [[85.39219369771304, 21.58822671158151], [85.39219270043037, 21.588317026008284], [85.39228926553253, 21.588317958711077], [85.39229026275231, 21.588227644275317], [85.39219369771304, 21.58822671158151]]], [[[85.39200156504295, 21.58813453159643], [85.39209813001035, 21.588135464407024], [85.39209713268276, 21.588225778824818], [85.39200056765247, 21.58822484602321], [85.39200156504295, 21.58813453159643]]]]}, "id": "+83+209", "properties": {"annual_rainfall": 1382.1430009414753, "area_ha": 8.964908493789391, "aspect": 98.47547182164888, "canopy_height": 11.250249729966779, "canopy_height_max": 11.860878074927104, "canopy_height_std": 0.5080427103709261, "centroid_lat": 21.58773548280609, "centroid_lon": 85.39259093129083, "cluster_id": 5, "distance_to_water": 463409.50001051987, "elevation": 635.6876278788071, "n_pixels": 896, "ndvi_amplitude_annual": 0.25842365477680845, "ndvi_mean": 0.47011364446630544, "ndvi_phase_annual": -2.7664551637924744, "ndvi_residual_variance": 0.006162244318534396, "ndvi_trend": 0.01619896830026575, "perim_m": 3160.1808780942397, "slope": 12.541269048827191, "stand_id": 68, "stand_lbl": 30, "vh_iqr": 2.295272245874862, "vh_p10": -20.22522543745755, "vh_p50": -19.077589314520147, "vh_p90": -17.92995319158271, "vv_iqr": 2.136449322017893, "vv_minus_vh_median": 6.927645634168857, "vv_p10": -13.218168341360212, "vv_p50": -12.14994368035127, "vv_p90": -11.081719019342325}}, {"type": "Feature", "geometry": {"type": "Polygon", "coordinates": [[[85.39626733871489, 21.586640173539145], [85.39626833338347, 21.58654985891474], [85.39646146162946, 21.586551719388574], [85.39646046708663, 21.586642034021963], [85.3967501596712, 21.586644824323983], [85.39674916529906, 21.586735138966354], [85.3971354223839, 21.58673885861147], [85.39713442824532, 21.586829173271806], [85.3972309925929, 21.586830103046093], [85.39722999850822, 21.58692041770643], [85.39732656291866, 21.5869213474358], [85.3973255688879, 21.58701166210512], [85.39790495582669, 21.58701723928658], [85.39790396214626, 21.587107553973865], [85.3981936558627, 21.587110341823486], [85.39819266236192, 21.58720065652874], [85.39838579164994, 21.587202514828654], [85.398383804864, 21.587383144248143], [85.39848036964275, 21.587384073321743], [85.39847838295563, 21.587564702750218], [85.39867151275568, 21.5875665607447], [85.39867051952442, 21.58765687546792], [85.39915334441534, 21.587661519488446], [85.39915235148051, 21.587751834229632], [85.39924891653774, 21.58775276287204], [85.39924693076689, 21.587933392363396], [85.39934349594989, 21.58793432096089], [85.39934051743285, 21.58820526519343], [85.39943708279552, 21.588206193746007], [85.3994350972223, 21.58838682324635], [85.39953166271071, 21.588387751745024], [85.39952967722733, 21.588568381245363], [85.39943311162212, 21.588567452737703], [85.39943410442221, 21.588477137987535], [85.39933753887988, 21.588476209425973], [85.39933853173386, 21.588385894684787], [85.39924196625442, 21.58838496606933], [85.39924295917129, 21.58829465132814], [85.39904982834715, 21.58829279394451], [85.39904784227986, 21.588473423399936], [85.3988547112401, 21.58847156577376], [85.39885570439952, 21.58838125105054], [85.39875913894703, 21.588380322156603], [85.39876112536467, 21.588199692719144], [85.39866456003793, 21.588198763780294], [85.3986665465544, 21.588018134342835], [85.39837685096946, 21.588015347202887], [85.39837784439835, 21.587925032497633], [85.39808814902902, 21.58792224487259], [85.39808914263759, 21.58783193017632], [85.39799257758933, 21.587831000860177], [85.39799456489631, 21.5876503714856], [85.39780143505133, 21.5876485127006], [85.39780242882159, 21.587558198013312], [85.39770586396199, 21.587557268544455], [85.39770685778615, 21.587466953866148], [85.39712746912258, 21.58746137588519], [85.3971284632971, 21.587371061224854], [85.39703189859918, 21.587370131369717], [85.397033887056, 21.58718950206701], [85.3968407579117, 21.58718764220403], [85.39684374091134, 21.586916698258946], [85.39674717652784, 21.58691576826008], [85.39674817091793, 21.58682545361771], [85.39645847797405, 21.58682266328874], [85.39645748340428, 21.58691297792213], [85.39636091903876, 21.586912047689705], [85.39636390290076, 21.586641103807505], [85.39626733871489, 21.586640173539145]]]}, "id": "+152+188", "properties": {"annual_rainfall": 1382.1430009414753, "area_ha": 1.8752189598761277, "aspect": 313.7037526478417, "canopy_height": 18.85716527709661, "canopy_height_max": 20.146993624325646, "canopy_height_std": 1.064970489337381, "centroid_lat": 21.58752816533238, "centroid_lon": 85.39806950312375, "cluster_id": 0, "distance_to_water": 463409.50001051987, "elevation": 641.2381405833993, "n_pixels": 188, "ndvi_amplitude_annual": 0.2252691152622272, "ndvi_mean": 0.590780087833947, "ndvi_phase_annual": -2.711616529876929, "ndvi_residual_variance": 0.006576360566829767, "ndvi_trend": 0.007572269107637581, "perim_m": 1180.0705314984314, "slope": 15.205317060846918, "stand_id": 69, "stand_lbl": 58, "vh_iqr": 2.2954852890842643, "vh_p10": -16.01634425906748, "vh_p50": -14.86860161452534, "vh_p90": -13.720858969983215, "vv_iqr": 1.5708636586978042, "vv_minus_vh_median": 7.086235840623149, "vv_p10": -8.567797603251092, "vv_p50": -7.782365773902196, "vv_p90": -6.9969339445532865}}, {"type": "Feature", "geometry": {"type": "MultiPolygon", "coordinates": [[[[85.39200156504295, 21.58813453159643], [85.39200056765247, 21.58822484602321], [85.39190400263116, 21.588223913158718], [85.39190500008453, 21.588133598740924], [85.39200156504295, 21.58813453159643]]], [[[85.39219369771304, 21.58822671158151], [85.39229026275231, 21.588227644275317], [85.39228926553253, 21.588317958711077], [85.39219270043037, 21.588317026008284], [85.39219369771304, 21.58822671158151]]], [[[85.39209813001035, 21.588135464407024], [85.39200156504295, 21.58813453159643], [85.3920035598239, 21.587953902760844], [85.39181043014062, 21.587952036995933], [85.39180843512611, 21.588132665822535], [85.39161530522723, 21.58813079982406], [85.39161829809935, 21.587859856606617], [85.39142516857775, 21.587857990410512], [85.3914261663096, 21.587767676010685], [85.39132960162067, 21.587766742831786], [85.39133259496889, 21.58749579965027], [85.39142915947815, 21.587496732811204], [85.39143015719203, 21.58740641841138], [85.3915267216474, 21.587407351518415], [85.39152871694039, 21.587226722700795], [85.3914321526018, 21.58722578960274], [85.39143115489692, 21.587316104011553], [85.39133459050443, 21.58731517085062], [85.39133359273666, 21.587405485250443], [85.39123702829028, 21.58740455203561], [85.39123902393362, 21.58722392324494], [85.391142459613, 21.58722298997621], [85.39114645108832, 21.586861732403854], [85.39095332293218, 21.586859865740625], [85.39095432090656, 21.586769551349782], [85.39114744894592, 21.586771418004027], [85.39114944463417, 21.586590789213357], [85.39124600854156, 21.586591722446155], [85.39124700631831, 21.586501408046328], [85.39182638949318, 21.586507006248365], [85.39182439464935, 21.5866876351109], [85.39172783065212, 21.586686702201494], [85.39172683316282, 21.58677701662827], [85.3916302691117, 21.586776083664965], [85.39162927155952, 21.58686639808276], [85.39172583566454, 21.58686733104606], [85.39172483816628, 21.58695764547284], [85.39182140233419, 21.58695857839123], [85.39182239977856, 21.58686826396445], [85.39191896390155, 21.586869196819958], [85.39191996127406, 21.5867788823842], [85.39211308941223, 21.586780747924532], [85.39211109489179, 21.58696137679605], [85.39220765908665, 21.586962309489863], [85.39220666188481, 21.587052623934603], [85.392496354676, 21.587055421683658], [85.39249037239925, 21.587597308388045], [85.39258693703428, 21.587598240893207], [85.39258394600371, 21.587869184245402], [85.39219768678088, 21.587865453856438], [85.39219668952515, 21.587955768292197], [85.39210012466555, 21.58795483555347], [85.39209813001035, 21.588135464407024]]], [[[85.39209813001035, 21.588135464407024], [85.39219469498674, 21.58813639715473], [85.39219369771304, 21.58822671158151], [85.39209713268276, 21.588225778824818], [85.39209813001035, 21.588135464407024]]]]}, "id": "+77+186", "properties": {"annual_rainfall": 1382.1430009414753, "area_ha": 1.7548747621806229, "aspect": 111.64133277973843, "canopy_height": 8.14569233963048, "canopy_height_max": 10.129956404401087, "canopy_height_std": 1.4148844777459815, "centroid_lat": 21.587322650572233, "centroid_lon": 85.39181489823949, "cluster_id": 5, "distance_to_water": 463409.50001051987, "elevation": 662.076811293336, "n_pixels": 175, "ndvi_amplitude_annual": 0.228902676575865, "ndvi_mean": 0.48683641666306204, "ndvi_phase_annual": -2.9041156866918993, "ndvi_residual_variance": 0.008697944288033912, "ndvi_trend": 0.00164821879333717, "perim_m": 1020.0580853098966, "slope": 15.013805272991497, "stand_id": 70, "stand_lbl": 23, "vh_iqr": 2.0767044477427903, "vh_p10": -20.46652998235114, "vh_p50": -19.42817775847975, "vh_p90": -18.389825534608338, "vv_iqr": 2.0286564261073137, "vv_minus_vh_median": 6.72931151856533, "vv_p10": -13.713194452968084, "vv_p50": -12.69886623991441, "vv_p90": -11.68453802686076}}, {"type": "Feature", "geometry": {"type": "MultiPolygon", "coordinates": [[[[85.3942384962149, 21.586710939502446], [85.39423949214111, 21.58662062496787], [85.39433605621919, 21.58662155641302], [85.39433506034686, 21.586711870947596], [85.3942384962149, 21.586710939502446]]], [[[85.3942384962149, 21.586710939502446], [85.3942365043355, 21.58689156857159], [85.39404337585596, 21.58688970549264], [85.394042379786, 21.58698002000925], [85.39413894408865, 21.586980951589148], [85.39413595604049, 21.58725189516592], [85.3942325205228, 21.587252826691923], [85.39423052858952, 21.587433455752087], [85.39432709319759, 21.58743438723317], [85.39432510135413, 21.587615016293334], [85.39442166608796, 21.587615947729503], [85.3944166866994, 21.588067520384406], [85.39432012166911, 21.58806658892129], [85.39431812975378, 21.58824721797247], [85.39422156460672, 21.58824628644647], [85.39422056858169, 21.58833660096308], [85.39412400338071, 21.58833566938318], [85.39412300729279, 21.588425983899786], [85.39421957255664, 21.588426915479687], [85.39421857652262, 21.58851722999629], [85.39431514184935, 21.588518161531276], [85.39431414586923, 21.588608476047884], [85.39421758047962, 21.5886075445129], [85.39421558838463, 21.588788173537132], [85.39363619545406, 21.588782583078576], [85.39363519904275, 21.588872897568233], [85.39353863351839, 21.588871965620026], [85.39353664055203, 21.589052594581375], [85.39344007491088, 21.58905166257927], [85.39344306452212, 21.588780719146225], [85.3935396299836, 21.58878165113935], [85.39354062645779, 21.588691336658673], [85.39363719186537, 21.5886922685979], [85.3936381882677, 21.588601954108242], [85.39354162292301, 21.588601022178], [85.39354361582647, 21.588420393207667], [85.39335048538861, 21.58841852919447], [85.39335148195264, 21.588328214722775], [85.3932549167966, 21.58832728263982], [85.39325790665036, 21.58805633920678], [85.39354760158851, 21.588059135258018], [85.39354859801779, 21.58796882076836], [85.39364516294927, 21.58796975267165], [85.39364416658287, 21.588060067161308], [85.39403042659622, 21.588063794217526], [85.3940324188529, 21.587883165193293], [85.39393585395737, 21.587882233523562], [85.39394083479222, 21.587430660967474], [85.39384427020211, 21.58742972926181], [85.3938452664158, 21.587339414754187], [85.39374870188857, 21.587338482994625], [85.39374969815614, 21.587248168486997], [85.39365313370078, 21.587247236673537], [85.39365413002227, 21.587156922174895], [85.3934610012373, 21.58715505839526], [85.39346199767556, 21.58706474389662], [85.39355856199617, 21.587065675808894], [85.39356155109537, 21.58679473230399], [85.39346498694543, 21.586793800400695], [85.39346598335675, 21.586703485902053], [85.39327285520059, 21.586701621942755], [85.3932738517287, 21.586611307453097], [85.3931772877135, 21.58661037538811], [85.39317928087749, 21.586429746408793], [85.39337240866533, 21.58643161045792], [85.39337440156879, 21.586250981451656], [85.39327783778717, 21.586250049467516], [85.39327883428831, 21.586159734968874], [85.39337539800707, 21.586160666953017], [85.3933773908746, 21.58598003794675], [85.39328082728161, 21.585979105971592], [85.3932818237648, 21.58588879147295], [85.39337838730388, 21.585889723439124], [85.39337938372418, 21.5857994089315], [85.39347594720937, 21.585800340843775], [85.39347495085195, 21.5858906553514], [85.39366807795707, 21.585892519014255], [85.39367007043833, 21.585711889972057], [85.3937666338786, 21.585712821713653], [85.39376563770085, 21.585803136239242], [85.393862201204, 21.58580406791796], [85.39386120508016, 21.58589438244355], [85.39395776865517, 21.585895314077344], [85.39395677258521, 21.58598562861192], [85.39405333622311, 21.58598656019182], [85.39404935214093, 21.58634781832113], [85.39414591602137, 21.5863487498651], [85.3941419320919, 21.586710007994412], [85.3942384962149, 21.586710939502446]]]]}, "id": "+90+194", "properties": {"annual_rainfall": 1382.1430009414753, "area_ha": 2.2963829326837937, "aspect": 103.75038454829446, "canopy_height": 14.645501974278869, "canopy_height_max": 15.46726185756648, "canopy_height_std": 0.6080334020190784, "centroid_lat": 21.587320166973896, "centroid_lon": 85.39383303764677, "cluster_id": 5, "distance_to_water": 463409.50001051987, "elevation": 611.3206894911274, "n_pixels": 230, "ndvi_amplitude_annual": 0.2575273470775931, "ndvi_mean": 0.5359787612166081, "ndvi_phase_annual": -2.759045650515738, "ndvi_residual_variance": 0.005918903432667488, "ndvi_trend": 0.010158040112123347, "perim_m": 1420.0819852561785, "slope": 9.660899763720838, "stand_id": 71, "stand_lbl": 35, "vh_iqr": 2.0614170801171325, "vh_p10": -19.269687066709572, "vh_p50": -18.238978526651014, "vh_p90": -17.208269986592445, "vv_iqr": 2.2612171843582454, "vv_minus_vh_median": 6.832146629536232, "vv_p10": -12.537440489293903, "vv_p50": -11.406831897114776, "vv_p90": -10.276223304935655}}, {"type": "Feature", "geometry": {"type": "Polygon", "coordinates": [[[85.39636489750646, 21.586550789174115], [85.39636589211216, 21.58646047454971], [85.39646245617227, 21.586461404746203], [85.39646543977378, 21.586190460837056], [85.39636887589333, 21.586189530649545], [85.39636987047207, 21.586099216007174], [85.39656299812516, 21.586101076328294], [85.39656498704012, 21.585920447034567], [85.39646842333036, 21.58591951690994], [85.39646941783724, 21.58582920226757], [85.39656598148413, 21.585830132392196], [85.39656697592812, 21.58573981774084], [85.3966635395301, 21.585740747802586], [85.39666453390223, 21.58565043314225], [85.39685766098938, 21.585652293086078], [85.39685865524474, 21.58556197842574], [85.39695521873891, 21.585562908307825], [85.39695621292239, 21.585472593638503], [85.39724590326117, 21.58547538293441], [85.39724490924836, 21.585565697612715], [85.39734147276049, 21.585566627270218], [85.39734047881056, 21.585656941957506], [85.39743704238558, 21.58565787156111], [85.39743505458453, 21.585838500935687], [85.39753161828531, 21.585839430494374], [85.39753261213643, 21.585749115807086], [85.39811199410755, 21.585754691955483], [85.39811100062475, 21.58584500666972], [85.39820756436146, 21.585845935842134], [85.39820855778139, 21.585755621118913], [85.39840168516498, 21.585757479275095], [85.39840069185286, 21.5858477940073], [85.39849725560754, 21.585848723009033], [85.39849427584184, 21.586119667196662], [85.39859083978516, 21.586120596153478], [85.39858885336753, 21.58630122562687], [85.39868541742763, 21.58630215452979], [85.39868243794041, 21.586573098735382], [85.39877900218916, 21.586574027602367], [85.39877701596018, 21.58675465707576], [85.3988735803347, 21.58675558589783], [85.39887060113493, 21.587026530112407], [85.39896716568911, 21.587027458889562], [85.39896418661512, 21.587298403104136], [85.39906075135795, 21.587299331836377], [85.39905876540743, 21.58747996131875], [85.39915533027602, 21.587480890006074], [85.39915334441534, 21.587661519488446], [85.39867051952442, 21.58765687546792], [85.39867151275568, 21.5875665607447], [85.39847838295563, 21.587564702750218], [85.39848036964275, 21.587384073321743], [85.398383804864, 21.587383144248143], [85.39838579164994, 21.587202514828654], [85.39819266236192, 21.58720065652874], [85.3981936558627, 21.587110341823486], [85.39790396214626, 21.587107553973865], [85.39790495582669, 21.58701723928658], [85.3973255688879, 21.58701166210512], [85.39732656291866, 21.5869213474358], [85.39722999850822, 21.58692041770643], [85.3972309925929, 21.586830103046093], [85.39713442824532, 21.586829173271806], [85.3971354223839, 21.58673885861147], [85.39674916529906, 21.586735138966354], [85.3967501596712, 21.586644824323983], [85.39646046708663, 21.586642034021963], [85.39646146162946, 21.586551719388574], [85.39636489750646, 21.586550789174115]]]}, "id": "+148+178", "properties": {"annual_rainfall": 1382.1430009414753, "area_ha": 3.559907275175797, "aspect": 303.7632767784137, "canopy_height": 22.543386523168152, "canopy_height_max": 23.24698539094007, "canopy_height_std": 0.5798129806697327, "centroid_lat": 21.586471474792475, "centroid_lon": 85.3977592982471, "cluster_id": 0, "distance_to_water": 463409.50001051987, "elevation": 658.2450735895337, "n_pixels": 356, "ndvi_amplitude_annual": 0.11653755417171245, "ndvi_mean": 0.7436299973742864, "ndvi_phase_annual": -0.761938092561964, "ndvi_residual_variance": 0.009001605185574656, "ndvi_trend": -0.008607480676238392, "perim_m": 1140.0679590228963, "slope": 15.12891455437448, "stand_id": 72, "stand_lbl": 55, "vh_iqr": 1.9285362772901213, "vh_p10": -13.987122773508055, "vh_p50": -13.022854634863005, "vh_p90": -12.058586496217957, "vv_iqr": 2.1276181637339135, "vv_minus_vh_median": 6.62266422162552, "vv_p10": -7.463999495104463, "vv_p50": -6.400190413237507, "vv_p90": -5.336381331370545}}, {"type": "Feature", "geometry": {"type": "MultiPolygon", "coordinates": [[[[85.39433506034686, 21.586711870947596], [85.39433605621919, 21.58662155641302], [85.39423949214111, 21.58662062496787], [85.3942384962149, 21.586710939502446], [85.3941419320919, 21.586710007994412], [85.39414591602137, 21.5863487498651], [85.39404935214093, 21.58634781832113], [85.39405333622311, 21.58598656019182], [85.39395677258521, 21.58598562861192], [85.39395776865517, 21.585895314077344], [85.39386120508016, 21.58589438244355], [85.393862201204, 21.58580406791796], [85.39376563770085, 21.585803136239242], [85.3937666338786, 21.585712821713653], [85.39357350699807, 21.585710958176563], [85.3935745032926, 21.585620643659954], [85.3934779399242, 21.585619711819543], [85.39348192527301, 21.585258453762098], [85.39357848840784, 21.585259385584543], [85.39357948466645, 21.585169071067934], [85.39367604774739, 21.585170002836477], [85.39367903633453, 21.584899059250723], [85.39358247343326, 21.58489812749116], [85.39358346968288, 21.584807812965572], [85.39348690684447, 21.584806881161093], [85.39348790314799, 21.584716566635503], [85.39358446592351, 21.58471749843998], [85.39358546215516, 21.58462718391439], [85.39368202487678, 21.584628115655985], [85.39368102869902, 21.584718430181574], [85.39377759148353, 21.584719361878257], [85.39377659535967, 21.584809676412828], [85.39387315820706, 21.584810608046627], [85.39387116607612, 21.584991237124758], [85.39396772904928, 21.58499216871364], [85.39396673303322, 21.585082483257196], [85.39415985911425, 21.585084346282247], [85.39415786730673, 21.585264975378347], [85.39425443046852, 21.585265906814513], [85.39425343462314, 21.585356221367054], [85.39434999785679, 21.585357152749324], [85.39434701044644, 21.585628096406946], [85.39444357385976, 21.5856290277443], [85.3944425781132, 21.585719342305822], [85.3945391415894, 21.585720273589278], [85.39453814589675, 21.5858105881508], [85.3946347094448, 21.585811519389342], [85.39463371379706, 21.585901833950864], [85.39492340464787, 21.585904627343087], [85.3949224091798, 21.585994941913594], [85.39482584549698, 21.585994010836753], [85.39482385442606, 21.58617463996878], [85.39472729062648, 21.586173708829058], [85.39472629502364, 21.58626402339058], [85.39453316732563, 21.58626216093147], [85.39452818861979, 21.586713733676202], [85.39462475276973, 21.586714664959658], [85.39462076995417, 21.587075923160835], [85.39471733434665, 21.587076854399374], [85.39471633868992, 21.587167168951915], [85.39452320978818, 21.587165306402973], [85.3945252013352, 21.586984677315858], [85.39442863701457, 21.58698374596952], [85.39443162447883, 21.586712802347833], [85.39433506034686, 21.586711870947596]]], [[[85.3942384962149, 21.586710939502446], [85.39433506034686, 21.586711870947596], [85.39433306859323, 21.586892500025726], [85.3942365043355, 21.58689156857159], [85.3942384962149, 21.586710939502446]]]]}, "id": "+102+173", "properties": {"annual_rainfall": 1382.1430009414753, "area_ha": 1.4740980687493228, "aspect": 187.22248833362138, "canopy_height": 16.79548653119676, "canopy_height_max": 17.35196661810819, "canopy_height_std": 0.5348516632807845, "centroid_lat": 21.585820645223095, "centroid_lon": 85.3941474694648, "cluster_id": 1, "distance_to_water": 463409.50001051987, "elevation": 601.8362756475149, "n_pixels": 147, "ndvi_amplitude_annual": 0.12179450781342581, "ndvi_mean": 0.7437446290486078, "ndvi_phase_annual": -1.7052484816304758, "ndvi_residual_variance": 0.008125660604701216, "ndvi_trend": -0.0020706392375233708, "perim_m": 1020.0589638089618, "slope": 3.3057702278956076, "stand_id": 73, "stand_lbl": 37, "vh_iqr": 1.969884356805486, "vh_p10": -16.21777483614527, "vh_p50": -15.232832657742525, "vh_p90": -14.247890479339782, "vv_iqr": 2.1676291243963486, "vv_minus_vh_median": 7.001761793198038, "vv_p10": -9.314885426742656, "vv_p50": -8.231070864544488, "vv_p90": -7.147256302346312}}, {"type": "Feature", "geometry": {"type": "Polygon", "coordinates": [[[85.38989810879885, 21.58621739468286], [85.38990110457252, 21.585946451636094], [85.38999766798584, 21.585947385569575], [85.38999866650819, 21.585857071214665], [85.39019179323601, 21.585858938901975], [85.3901937900292, 21.585678310174185], [85.39009722677757, 21.585677376366466], [85.39009822521908, 21.58558706200257], [85.39029135160554, 21.58558892955513], [85.39029234992128, 21.585498615182253], [85.39038891306511, 21.58549954886421], [85.39038791480327, 21.58558986324607], [85.39048447800997, 21.58559079688311], [85.39048347980203, 21.58568111125599], [85.39058004307162, 21.585682044839132], [85.39057804676352, 21.585862673611835], [85.39067461015888, 21.58586360714108], [85.39067860251455, 21.58550234959567], [85.39048547620894, 21.585500482501253], [85.3904864744079, 21.58541016811939], [85.39038991131797, 21.585409234491333], [85.3903919078147, 21.585228605736596], [85.39029534485054, 21.58522767205464], [85.3902963431573, 21.585137357681763], [85.39048946895986, 21.585139224964827], [85.39048847077886, 21.58522953935567], [85.39068159672516, 21.58523140642314], [85.39068558893709, 21.584870148841798], [85.39058902619752, 21.58486921534849], [85.39059002429765, 21.584778900957645], [85.39068658697435, 21.584779834441974], [85.3906895810592, 21.584508891242493], [85.39078614356522, 21.58450982466394], [85.39078813947805, 21.58432919584632], [85.39069157708882, 21.58432826244284], [85.39069257509912, 21.58423794803403], [85.39059601278176, 21.58423701457665], [85.3905980089012, 21.584056385777], [85.39069457110179, 21.584057319225394], [85.39069357310046, 21.584147633634203], [85.39079013536393, 21.5841485670287], [85.39078913742549, 21.58423888143751], [85.39088569975185, 21.58423981478709], [85.39088470185831, 21.584330129195898], [85.39098126425654, 21.58433106249158], [85.3909762750314, 21.58478263456258], [85.39116940042973, 21.584784501028178], [85.39116740494809, 21.584965129863765], [85.39087771649578, 21.584962330057568], [85.39087671856632, 21.585052644457395], [85.39097328144064, 21.585053577789008], [85.39097228356508, 21.585143892197816], [85.3910688465023, 21.58514482547553], [85.39106784868062, 21.585235139884343], [85.39116441168072, 21.58523607310816], [85.39116341391295, 21.585326387525953], [85.39106685084997, 21.58532545429315], [85.39106385734004, 21.58559639751958], [85.3911604205827, 21.585597330761363], [85.39115942279695, 21.585687645170175], [85.39106285949143, 21.585686711919408], [85.39106186164281, 21.58577702632822], [85.39096529828339, 21.58577609301457], [85.39096430037189, 21.585866407414397], [85.39077117355424, 21.585864540625405], [85.39076917746173, 21.586045169407093], [85.39086574099184, 21.58604610283752], [85.3908647429995, 21.586136417228364], [85.39076817941549, 21.586135483788954], [85.39076718136026, 21.586225798179797], [85.39067061771338, 21.5862248646775], [85.39066862146818, 21.586405493441223], [85.3905720577135, 21.586404559876048], [85.39057105952352, 21.586494874248924], [85.39028136811575, 21.58649207322102], [85.3902823664854, 21.586401758857125], [85.3899926753022, 21.58639895733515], [85.38999467239182, 21.58621832863431], [85.38989810879885, 21.58621739468286]]]}, "id": "+59+166", "properties": {"annual_rainfall": 1382.1430009414753, "area_ha": 1.4339822859091054, "aspect": 218.34095518150463, "canopy_height": 18.267542080713856, "canopy_height_max": 19.42704319610627, "canopy_height_std": 0.9163444054950108, "centroid_lat": 21.585548679887523, "centroid_lon": 85.39060346559954, "cluster_id": 1, "distance_to_water": 463409.50001051987, "elevation": 640.8594605556681, "n_pixels": 143, "ndvi_amplitude_annual": 0.20922074433244453, "ndvi_mean": 0.5580680675839936, "ndvi_phase_annual": -1.5850533895184027, "ndvi_residual_variance": 0.006725490947171809, "ndvi_trend": 0.01634008506040154, "perim_m": 1160.065433088867, "slope": 11.07822956803893, "stand_id": 74, "stand_lbl": 17, "vh_iqr": 2.6722892269462477, "vh_p10": -16.240707525470338, "vh_p50": -14.904562911997216, "vh_p90": -13.56841829852411, "vv_iqr": 2.2854188120357986, "vv_minus_vh_median": 7.559000759765663, "vv_p10": -8.488271558249451, "vv_p50": -7.345562152231555, "vv_p90": -6.202852746213651}}, {"type": "Feature", "geometry": {"type": "MultiPolygon", "coordinates": [[[[85.38989810879885, 21.58621739468286], [85.38980154520586, 21.58621646068649], [85.38980354251107, 21.586035831994636], [85.38970697904386, 21.58603489794437], [85.38970897644789, 21.585854269261496], [85.38961241310643, 21.585853335166316], [85.38961441060928, 21.585672706492428], [85.3895178473936, 21.585671772343346], [85.38951984500424, 21.585491143669458], [85.38942328190534, 21.585490209484444], [85.38942627845157, 21.585219266473608], [85.3897159672093, 21.585222068840004], [85.38971796451452, 21.585041440139165], [85.38981452732597, 21.585042374135533], [85.3898155259112, 21.584952059780623], [85.3900086514263, 21.584953927611657], [85.39000964989476, 21.58486361323878], [85.39010621259841, 21.58486454706447], [85.39010920777919, 21.584593603945837], [85.39020577030318, 21.584594537699658], [85.39020277530206, 21.584865480836257], [85.39068558893709, 21.584870148841798], [85.39068159672516, 21.58523140642314], [85.39048847077886, 21.58522953935567], [85.39048946895986, 21.585139224964827], [85.3902963431573, 21.585137357681763], [85.39029534485054, 21.58522767205464], [85.3903919078147, 21.585228605736596], [85.39038991131797, 21.585409234491333], [85.3904864744079, 21.58541016811939], [85.39048547620894, 21.585500482501253], [85.39067860251455, 21.58550234959567], [85.39067461015888, 21.58586360714108], [85.39057804676352, 21.585862673611835], [85.39058004307162, 21.585682044839132], [85.39048347980203, 21.58568111125599], [85.39048447800997, 21.58559079688311], [85.39038791480327, 21.58558986324607], [85.39038891306511, 21.58549954886421], [85.39029234992128, 21.585498615182253], [85.39029135160554, 21.58558892955513], [85.39009822521908, 21.58558706200257], [85.39009722677757, 21.585677376366466], [85.3901937900292, 21.585678310174185], [85.39019179323601, 21.585858938901975], [85.38999866650819, 21.585857071214665], [85.38999766798584, 21.585947385569575], [85.38990110457252, 21.585946451636094], [85.38989810879885, 21.58621739468286]]], [[[85.3899926753022, 21.58639895733515], [85.3902823664854, 21.586401758857125], [85.39028136811575, 21.58649207322102], [85.39037793190636, 21.586493006956875], [85.39037493694117, 21.586763950048557], [85.39027837296192, 21.586763016294736], [85.39027737457431, 21.58685333065863], [85.39018081054115, 21.586852396850908], [85.39018180899164, 21.586762082495998], [85.39008524503035, 21.586761148634377], [85.39008724203912, 21.586580519933538], [85.38999067819461, 21.586579586027003], [85.3899926753022, 21.58639895733515]]], [[[85.38989810879885, 21.58621739468286], [85.38999467239182, 21.58621832863431], [85.3899926753022, 21.58639895733515], [85.38989611159244, 21.586398023374713], [85.38989810879885, 21.58621739468286]]]]}, "id": "+56+170", "properties": {"annual_rainfall": 1382.1430009414753, "area_ha": 1.2434526004306794, "aspect": 247.0900605288309, "canopy_height": 22.873726667844306, "canopy_height_max": 23.732379438261773, "canopy_height_std": 0.7220130396882606, "centroid_lat": 21.585530686039768, "centroid_lon": 85.3900684747797, "cluster_id": 0, "distance_to_water": 463409.50001051987, "elevation": 628.9360624402675, "n_pixels": 124, "ndvi_amplitude_annual": 0.18537700983192848, "ndvi_mean": 0.5970905875540096, "ndvi_phase_annual": -0.09516057102706138, "ndvi_residual_variance": 0.0071201100365748445, "ndvi_trend": 0.01870855974578755, "perim_m": 1060.0595343854964, "slope": 12.765211850907932, "stand_id": 75, "stand_lbl": 15, "vh_iqr": 2.9450159790059582, "vh_p10": -15.371834047026255, "vh_p50": -13.899326057523275, "vh_p90": -12.42681806802029, "vv_iqr": 1.737125158696905, "vv_minus_vh_median": 8.502501242432798, "vv_p10": -6.265387394438922, "vv_p50": -5.39682481509047, "vv_p90": -4.528262235742012}}, {"type": "Feature", "geometry": {"type": "Polygon", "coordinates": [[[85.3959846100411, 21.586005180084754], [85.39598659965674, 21.58582455083594], [85.39617972691457, 21.585826411579273], [85.39618072159213, 21.585736096945883], [85.39627728516714, 21.58573702723221], [85.39627827978182, 21.58564671258984], [85.39637484331193, 21.585647642813278], [85.39637683240655, 21.585467013528536], [85.39656995922421, 21.585468873786777], [85.39657095365024, 21.58537855913542], [85.39666751700068, 21.5853794891792], [85.39666851136383, 21.585289174518863], [85.39628225819564, 21.585285454038317], [85.3962842473801, 21.58510482475357], [85.39647737370368, 21.58510668509266], [85.39647836816565, 21.585016370441306], [85.39657493128252, 21.585017300521017], [85.39657692006273, 21.584836671200343], [85.39648035707161, 21.584835741129613], [85.39648234595963, 21.58465511181792], [85.39657890883394, 21.584656041879665], [85.39658089757823, 21.58447541255899], [85.39677402310231, 21.584477272493835], [85.39677302884695, 21.584567587172142], [85.39686959167636, 21.584568517063207], [85.39687257423583, 21.584297573028294], [85.39696913688557, 21.584298502856477], [85.39697112510882, 21.584117873481905], [85.39706768765078, 21.584118803247204], [85.3970656995533, 21.58429943262178], [85.39716226221202, 21.5843003623242], [85.39716126821718, 21.584390677020473], [85.39745095642695, 21.584393465822306], [85.3974499625938, 21.58448378052756], [85.39754652540525, 21.584484710023364], [85.39754553163498, 21.58457502472862], [85.39764209450033, 21.58457595417053], [85.39764110078396, 21.584666268875782], [85.39754453785574, 21.584665339433872], [85.39754255028825, 21.5848459688354], [85.39783223945922, 21.58484875703536], [85.3978332330588, 21.584758442321125], [85.39792979606788, 21.584759371610318], [85.39792482827656, 21.585210945190486], [85.39811795490557, 21.58521280363413], [85.39811696144972, 21.58530311835735], [85.39802039807233, 21.585302189157986], [85.3980194045536, 21.585392503881206], [85.39830909488337, 21.5853952913176], [85.39830611483022, 21.585666235496245], [85.39840267845914, 21.585667164542894], [85.39840168516498, 21.585757479275095], [85.39820855778139, 21.585755621118913], [85.39820756436146, 21.585845935842134], [85.39811100062475, 21.58584500666972], [85.39811199410755, 21.585754691955483], [85.39753261213643, 21.585749115807086], [85.39753161828531, 21.585839430494374], [85.39743505458453, 21.585838500935687], [85.39743704238558, 21.58565787156111], [85.39734047881056, 21.585656941957506], [85.39734147276049, 21.585566627270218], [85.39724490924836, 21.585565697612715], [85.39724590326117, 21.58547538293441], [85.39695621292239, 21.585472593638503], [85.39695521873891, 21.585562908307825], [85.39685865524474, 21.58556197842574], [85.39685766098938, 21.585652293086078], [85.39666453390223, 21.58565043314225], [85.3966635395301, 21.585740747802586], [85.39656697592812, 21.58573981774084], [85.39656598148413, 21.585830132392196], [85.39646941783724, 21.58582920226757], [85.39646842333036, 21.58591951690994], [85.39656498704012, 21.585920447034567], [85.39656299812516, 21.586101076328294], [85.39608017902837, 21.586096425112263], [85.39608117378678, 21.586006110487858], [85.3959846100411, 21.586005180084754]]]}, "id": "+121+161", "properties": {"annual_rainfall": 1382.1430009414753, "area_ha": 2.336501798722355, "aspect": 281.80260209163356, "canopy_height": 17.06285758949507, "canopy_height_max": 17.66130998905736, "canopy_height_std": 0.4914177916242553, "centroid_lat": 21.585197690463545, "centroid_lon": 85.3971720740361, "cluster_id": 0, "distance_to_water": 463409.50001051987, "elevation": 658.1950323705179, "n_pixels": 234, "ndvi_amplitude_annual": 0.22484454876658405, "ndvi_mean": 0.6495242740080932, "ndvi_phase_annual": -2.3343296068934998, "ndvi_residual_variance": 0.007625098490648946, "ndvi_trend": -0.006294331250639183, "perim_m": 1240.0735449961117, "slope": 11.907012574701193, "stand_id": 76, "stand_lbl": 54, "vh_iqr": 2.0656566149655005, "vh_p10": -15.343577206809023, "vh_p50": -14.310748899326265, "vh_p90": -13.277920591843515, "vv_iqr": 1.891430258645772, "vv_minus_vh_median": 7.038468679369315, "vv_p10": -8.217995349279832, "vv_p50": -7.272280219956953, "vv_p90": -6.326565090634058}}, {"type": "Feature", "geometry": {"type": "MultiPolygon", "coordinates": [[[[85.3941698178375, 21.58418120073888], [85.39416882199212, 21.584271515300404], [85.3940722594861, 21.58427058385525], [85.39407325539436, 21.58418026929373], [85.3941698178375, 21.58418120073888]]], [[[85.39504684237565, 21.58346706436947], [85.3950478376461, 21.58337674976303], [85.39514439960415, 21.583377680606308], [85.39514340439658, 21.583467995212747], [85.39504684237565, 21.58346706436947]]], [[[85.39504684237565, 21.58346706436947], [85.3950458471052, 21.583557378975907], [85.39494928503935, 21.583556448069743], [85.39494828970601, 21.5836467626672], [85.39485172757728, 21.583645831698156], [85.39485073217209, 21.58373614629561], [85.39494729436369, 21.583737077264654], [85.39494629902137, 21.583827391862112], [85.39504286126689, 21.58382832278624], [85.39504186597847, 21.583918637383697], [85.3952349906222, 21.583920499070256], [85.39523399544157, 21.584010813676695], [85.39533055783082, 21.584011744439128], [85.39532956271307, 21.58410205904557], [85.3954261251652, 21.5841029897541], [85.39542513009238, 21.584193304369524], [85.39532856758636, 21.58419237366099], [85.39532657731495, 21.584373002873868], [85.39542313994673, 21.584373933600368], [85.39542214486492, 21.58446424821579], [85.39551870755959, 21.58446517887941], [85.39551970258749, 21.584374864263985], [85.39580939052777, 21.584377655922463], [85.3958083956885, 21.58446797055585], [85.39648433482067, 21.584474482506227], [85.39648334039464, 21.584564797157583], [85.39657990320609, 21.584565727219328], [85.39657890883394, 21.584656041879665], [85.39648234595963, 21.58465511181792], [85.39648035707161, 21.584835741129613], [85.39657692006273, 21.584836671200343], [85.39657493128252, 21.585017300521017], [85.39647836816565, 21.585016370441306], [85.39647737370368, 21.58510668509266], [85.3962842473801, 21.58510482475357], [85.39628225819564, 21.585285454038317], [85.39666851136383, 21.585289174518863], [85.39666751700068, 21.5853794891792], [85.39657095365024, 21.58537855913542], [85.39656995922421, 21.585468873786777], [85.39637683240655, 21.585467013528536], [85.39637484331193, 21.585647642813278], [85.39627827978182, 21.58564671258984], [85.39627728516714, 21.58573702723221], [85.39618072159213, 21.585736096945883], [85.39617972691457, 21.585826411579273], [85.39598659965674, 21.58582455083594], [85.3959846100411, 21.586005180084754], [85.39608117378678, 21.586006110487858], [85.39608017902837, 21.586096425112263], [85.39636987047207, 21.586099216007174], [85.39636887589333, 21.586189530649545], [85.39646543977378, 21.586190460837056], [85.39646245617227, 21.586461404746203], [85.39636589211216, 21.58646047454971], [85.39636489750646, 21.586550789174115], [85.39626833338347, 21.58654985891474], [85.39626733871489, 21.586640173539145], [85.39578451790231, 21.586635521352935], [85.39578352292831, 21.586725835959374], [85.39568695871549, 21.586724905349655], [85.39568496863272, 21.586905534544567], [85.39558840431211, 21.586904603871968], [85.39558740920336, 21.586994918469422], [85.39568397358686, 21.586995849142024], [85.395682978532, 21.587086163739478], [85.3954898496572, 21.587084302322413], [85.39549084482883, 21.58699398773394], [85.39539428045431, 21.586993056944557], [85.39539726612195, 21.586722113188124], [85.39530070193608, 21.586721182353827], [85.39530567824342, 21.58626960942943], [85.39520911436298, 21.58626867856818], [85.39521010966936, 21.58617836397971], [85.39501698203424, 21.586176502086534], [85.39501797745741, 21.586086187516027], [85.3951145412031, 21.58608711848507], [85.39511752725701, 21.58581617473762], [85.39492440011595, 21.5858143127636], [85.39492738647529, 21.585543369034113], [85.3948308230979, 21.585542437975235], [85.39483181859293, 21.58545212340473], [85.39492838192541, 21.58545305445462], [85.3949303727897, 21.585272425295642], [85.3945441200078, 21.58526870078166], [85.39454511567351, 21.585178386220136], [85.39444855254764, 21.58517745495465], [85.39445353110976, 21.58472588213805], [85.39435696828933, 21.584724950836627], [85.39435796404487, 21.584634636275105], [85.39426140128732, 21.584633704928766], [85.39426239709677, 21.584543390367244], [85.39435895979143, 21.58454432171358], [85.39436095128455, 21.58436369258155], [85.39426438870667, 21.584362761244197], [85.39426638028962, 21.58418213212115], [85.3941698178375, 21.58418120073888], [85.39417081368288, 21.584090886177357], [85.39407425130261, 21.584089954741188], [85.39407524720188, 21.583999640188647], [85.39417180951926, 21.58400057161583], [85.39417280535565, 21.58391025705431], [85.39426936762811, 21.583911188427596], [85.39427135915716, 21.583730559295567], [85.39417479701046, 21.583729627931262], [85.39417579282889, 21.583639313360756], [85.39398266866127, 21.583637450479436], [85.39398366459648, 21.583547135917915], [85.3940802266174, 21.583548067390016], [85.39408122248075, 21.58345775282849], [85.3942743464148, 21.583459615584047], [85.39427534216136, 21.58336930101354], [85.3943719040745, 21.583370232296996], [85.39437289975818, 21.583279917717505], [85.39456602348564, 21.583281780122718], [85.39456502792773, 21.58337209471119], [85.39485471373898, 21.583374887905787], [85.39485371836074, 21.583465202512226], [85.39504684237565, 21.58346706436947]], [[85.39542214486492, 21.58446424821579], [85.39532558217026, 21.58446331748929], [85.39532458702557, 21.58455363209573], [85.39542114977414, 21.58455456282223], [85.39542214486492, 21.58446424821579]], [[85.3958083956885, 21.58446797055585], [85.39571183297588, 21.58446704005393], [85.39571083806474, 21.584557354678335], [85.39580740084027, 21.584558285180254], [85.3958083956885, 21.58446797055585]]]]}, "id": "+112+172", "properties": {"annual_rainfall": 1382.1430009414753, "area_ha": 5.234558347708295, "aspect": 290.91744464912597, "canopy_height": 13.262208473810432, "canopy_height_max": 13.911042369052169, "canopy_height_std": 0.5035192391057752, "centroid_lat": 21.58508493004819, "centroid_lon": 85.39536886966285, "cluster_id": 1, "distance_to_water": 463409.50001051987, "elevation": 617.5139619756, "n_pixels": 523, "ndvi_amplitude_annual": 0.26527279018957295, "ndvi_mean": 0.4856142554828309, "ndvi_phase_annual": -2.7652792959103825, "ndvi_residual_variance": 0.0055867023370859605, "ndvi_trend": 0.017368394027927843, "perim_m": 1940.1135363535275, "slope": 11.477724097181198, "stand_id": 77, "stand_lbl": 44, "vh_iqr": 2.3437413201518655, "vh_p10": -17.13939842854624, "vh_p50": -15.967527768470323, "vh_p90": -14.7956571083944, "vv_iqr": 2.2079319710560146, "vv_minus_vh_median": 7.911353656359828, "vv_p10": -9.160140097638498, "vv_p50": -8.05617411211049, "vv_p90": -6.952208126582491}}, {"type": "Feature", "geometry": {"type": "MultiPolygon", "coordinates": [[[[85.39358147718364, 21.58498844201675], [85.39358247343326, 21.58489812749116], [85.39367903633453, 21.584899059250723], [85.39367804013882, 21.584989373776313], [85.39358147718364, 21.58498844201675]]], [[[85.39358147718364, 21.58498844201675], [85.39358048093402, 21.58507875654234], [85.39367704395208, 21.585079688301906], [85.39367604774739, 21.585170002836477], [85.39357948466645, 21.585169071067934], [85.39357848840784, 21.585259385584543], [85.39348192527301, 21.585258453762098], [85.3934779399242, 21.585619711819543], [85.3933813765558, 21.585618779916253], [85.39338237295811, 21.585528465408625], [85.39309268307748, 21.58552566938434], [85.39309068989553, 21.58570629837264], [85.3929941264912, 21.585705366244767], [85.39299512314506, 21.58561505175511], [85.39270543313866, 21.5856122550481], [85.3927064299632, 21.585521940567425], [85.39260986670259, 21.58552100822396], [85.39261285731993, 21.585250064790916], [85.39241973116704, 21.58524819996025], [85.3924187341808, 21.585338514431946], [85.39232217105494, 21.58533758192678], [85.39232117399683, 21.58542789638949], [85.39241773718558, 21.585428828903638], [85.39241574318616, 21.585609457838036], [85.39222261657511, 21.58560759274686], [85.39222161944515, 21.585697907200586], [85.39202849273529, 21.58569604188483], [85.39202948998204, 21.585605727431105], [85.39193292669448, 21.58560479469238], [85.39193392399513, 21.58551448024764], [85.39183736077943, 21.58551354745501], [85.39183835813398, 21.585423233019252], [85.39174179497219, 21.58542230017273], [85.39174279238962, 21.58533198573697], [85.3916462292997, 21.585331052836548], [85.39164822422438, 21.58515042396503], [85.39155166126021, 21.585149491028673], [85.39155265877646, 21.585059176592914], [85.39145609587517, 21.58505824360266], [85.39145210553174, 21.585419501309765], [85.39125897927103, 21.58541763511366], [85.39125498837063, 21.58577889277585], [85.39144811511643, 21.585780758998904], [85.39144911273148, 21.58569044458111], [85.391352549408, 21.585689511501027], [85.39135354707695, 21.585599197083233], [85.39145011033756, 21.585600130154333], [85.39145110793464, 21.585509815736543], [85.39154767114135, 21.585510748744763], [85.39154667359816, 21.585601063171538], [85.39164323685877, 21.585601996134844], [85.39164124188018, 21.58578262499738], [85.39154467849382, 21.58578169202509], [85.39154168580136, 21.586052635296436], [85.3914451222443, 21.586051702261265], [85.39144412461128, 21.58614201667906], [85.39134756099136, 21.586141083572024], [85.39134556559057, 21.586321712398625], [85.39124900186283, 21.58632077922871], [85.39124800409506, 21.58641109363752], [85.39095831275917, 21.58640829378641], [85.39095731480275, 21.586498608186233], [85.3908607509762, 21.586497674782755], [85.39085875492863, 21.58667830355546], [85.39095531888093, 21.586679236958936], [85.39095332293218, 21.586859865740625], [85.39114645108832, 21.586861732403854], [85.39114345748857, 21.587132675585366], [85.39104689323082, 21.58713174227172], [85.39104888908976, 21.58695111349003], [85.39085576082581, 21.586949246710024], [85.39085376473332, 21.58712987546476], [85.39066063625378, 21.587128008442207], [85.39065863990078, 21.58730863718796], [85.39036894685808, 21.587305836204973], [85.39036994521874, 21.587215521841078], [85.39027338094303, 21.58721458807827], [85.39027537777214, 21.58703395936845], [85.39017881361322, 21.587033025551747], [85.39018081054115, 21.586852396850908], [85.39027737457431, 21.58685333065863], [85.39027837296192, 21.586763016294736], [85.39037493694117, 21.586763950048557], [85.39037793190636, 21.586493006956875], [85.39057105952352, 21.586494874248924], [85.3905720577135, 21.586404559876048], [85.39066862146818, 21.586405493441223], [85.39067061771338, 21.5862248646775], [85.39076718136026, 21.586225798179797], [85.39076817941549, 21.586135483788954], [85.3908647429995, 21.586136417228364], [85.39086574099184, 21.58604610283752], [85.39076917746173, 21.586045169407093], [85.39077117355424, 21.585864540625405], [85.39096430037189, 21.585866407414397], [85.39096529828339, 21.58577609301457], [85.39106186164281, 21.58577702632822], [85.39106285949143, 21.585686711919408], [85.39115942279695, 21.585687645170175], [85.3911604205827, 21.585597330761363], [85.39106385734004, 21.58559639751958], [85.39106685084997, 21.58532545429315], [85.39116341391295, 21.585326387525953], [85.39116441168072, 21.58523607310816], [85.39106784868062, 21.585235139884343], [85.3910688465023, 21.58514482547553], [85.39097228356508, 21.585143892197816], [85.39097328144064, 21.585053577789008], [85.39087671856632, 21.585052644457395], [85.39087771649578, 21.584962330057568], [85.39116740494809, 21.584965129863765], [85.39116940042973, 21.584784501028178], [85.3909762750314, 21.58478263456258], [85.39098126425654, 21.58433106249158], [85.39088470185831, 21.584330129195898], [85.39088569975185, 21.58423981478709], [85.39078913742549, 21.58423888143751], [85.39079013536393, 21.5841485670287], [85.39069357310046, 21.584147633634203], [85.39069457110179, 21.584057319225394], [85.39050144670958, 21.584055452265723], [85.39050344292784, 21.583874823475053], [85.39031031879615, 21.583872956308767], [85.39031231523899, 21.583692327527082], [85.39040887717907, 21.58369326112819], [85.39041187161425, 21.583422317928708], [85.3907981187188, 21.583426051722288], [85.39080310815055, 21.58297447962434], [85.39070654666861, 21.58297354627476], [85.39070754459807, 21.582883231856968], [85.39090066745416, 21.58288509848426], [85.3909066542045, 21.582343211896656], [85.3910032152822, 21.582344145093522], [85.39100421299607, 21.582253830657763], [85.39110077401988, 21.582254763800734], [85.39109977635991, 21.582345078245474], [85.39119633744659, 21.582346011334543], [85.39119533984949, 21.582436325779284], [85.39109877869993, 21.582435392681234], [85.391096783371, 21.582616021561734], [85.39128990590369, 21.582617887712924], [85.39128890835153, 21.582708202157665], [85.3911923470223, 21.582707269113513], [85.39119035177421, 21.582887897994013], [85.39167315908512, 21.58289256272969], [85.39167216174853, 21.582982877192396], [85.39147903869483, 21.582981011454436], [85.39147804123247, 21.58307132590816], [85.39176772601068, 21.58307412443875], [85.39176573144532, 21.583254753364166], [85.39186229316083, 21.583255686111876], [85.39186129593205, 21.583346000574583], [85.39195785771942, 21.58334693325941], [85.39195686053554, 21.5834372477311], [85.3920534223858, 21.58343818037101], [85.39205043100489, 21.58370912378609], [85.39214699304378, 21.583710056381083], [85.39214499887369, 21.583890685324466], [85.39204843671801, 21.583889752720488], [85.39204644241316, 21.58407038165489], [85.39185331787722, 21.58406851626727], [85.39185431515092, 21.583978201813544], [85.39175775295033, 21.583977269038886], [85.3917547609316, 21.584248212391078], [85.3919478857011, 21.584250077913445], [85.3919488829209, 21.58415976345074], [85.39204544525624, 21.58416069612658], [85.39204444809035, 21.58425101058929], [85.39214101047959, 21.584251943211235], [85.39214200759159, 21.584161628739544], [85.39233513228024, 21.584163493803768], [85.392334135294, 21.584253808275463], [85.3924306977012, 21.58425474073571], [85.39242870383653, 21.584435369688077], [85.3925252663695, 21.584436302094424], [85.39252426949106, 21.5845266165751], [85.39262083208692, 21.584527548936535], [85.39261883842886, 21.58470817790687], [85.39271540115048, 21.58470911020542], [85.39271340759123, 21.584889739184735], [85.39290653330396, 21.58489160364709], [85.39290553663214, 21.584981918136748], [85.39300209955138, 21.58498285029157], [85.39300309616033, 21.584892535792928], [85.39309965902568, 21.584893467884868], [85.39310065557173, 21.58480315337724], [85.39339034402404, 21.584805949302716], [85.39338835129125, 21.58498657833593], [85.39358147718364, 21.58498844201675]]]]}, "id": "+60+175", "properties": {"annual_rainfall": 1382.1430009414753, "area_ha": 6.297494717669417, "aspect": 145.79702835094983, "canopy_height": 13.803781413060426, "canopy_height_max": 14.483730793900273, "canopy_height_std": 0.5148569722923647, "centroid_lat": 21.584729478045364, "centroid_lon": 85.39159274595885, "cluster_id": 5, "distance_to_water": 463409.50001051987, "elevation": 625.6508631960623, "n_pixels": 630, "ndvi_amplitude_annual": 0.2522179458606257, "ndvi_mean": 0.5282111437166823, "ndvi_phase_annual": -2.7560948962894867, "ndvi_residual_variance": 0.005899078709792776, "ndvi_trend": 0.012032644840301403, "perim_m": 2980.1693436823657, "slope": 10.855264304765443, "stand_id": 78, "stand_lbl": 22, "vh_iqr": 2.5979805492141854, "vh_p10": -18.593208858994508, "vh_p50": -17.294218584387462, "vh_p90": -15.995228309780327, "vv_iqr": 2.165058558810011, "vv_minus_vh_median": 6.404957530562905, "vv_p10": -11.971790333229537, "vv_p50": -10.889261053824526, "vv_p90": -9.806731774419525}}, {"type": "Feature", "geometry": {"type": "Polygon", "coordinates": [[[85.38876232894485, 21.58412895390449], [85.38876432732805, 21.583948325266533], [85.38886088936694, 21.58394925977494], [85.38886188849116, 21.583858945446977], [85.3896343845059, 21.583866419475058], [85.38963338586676, 21.583956733829968], [85.38972994795058, 21.583957667835318], [85.38972894935635, 21.584047982199213], [85.38992207366772, 21.5840498500572], [85.38992107519027, 21.584140164430078], [85.39040388634596, 21.58414483310037], [85.39040488452696, 21.58405451870953], [85.3905980089012, 21.584056385777], [85.39059601278176, 21.58423701457665], [85.39069257509912, 21.58423794803403], [85.39069157708882, 21.58432826244284], [85.39078813947805, 21.58432919584632], [85.39078614356522, 21.58450982466394], [85.3906895810592, 21.584508891242493], [85.39068658697435, 21.584779834441974], [85.39059002429765, 21.584778900957645], [85.39058902619752, 21.58486921534849], [85.39020277530206, 21.584865480836257], [85.39020577030318, 21.584594537699658], [85.39010920777919, 21.584593603945837], [85.39010621259841, 21.58486454706447], [85.39000964989476, 21.58486361323878], [85.3900086514263, 21.584953927611657], [85.3898155259112, 21.584952059780623], [85.38981452732597, 21.585042374135533], [85.38971796451452, 21.585041440139165], [85.3897159672093, 21.585222068840004], [85.38942627845157, 21.585219266473608], [85.38942527960582, 21.585309580810552], [85.38932871664166, 21.58530864657164], [85.38933071444094, 21.585128017906737], [85.38923415160255, 21.585127083622908], [85.38923714844522, 21.58485614063004], [85.38914058578648, 21.584855206301295], [85.38914258377442, 21.584674577645373], [85.38904602124146, 21.58467364326273], [85.3890480193282, 21.584493014606807], [85.38895145692099, 21.584492080188234], [85.38895345510657, 21.584311451541293], [85.38885689282513, 21.58431051706882], [85.38885889110053, 21.584129888421877], [85.38876232894485, 21.58412895390449]]]}, "id": "+47+153", "properties": {"annual_rainfall": 1382.1430009414753, "area_ha": 1.9353735447146228, "aspect": 272.0778626553815, "canopy_height": 22.775176570298516, "canopy_height_max": 23.624503248893493, "canopy_height_std": 0.7075253561692437, "centroid_lat": 21.58447167449745, "centroid_lon": 85.3897205119209, "cluster_id": 0, "distance_to_water": 463409.50001051987, "elevation": 620.2404021758344, "n_pixels": 194, "ndvi_amplitude_annual": 0.14369805640496605, "ndvi_mean": 0.6376547827130103, "ndvi_phase_annual": 0.1806357989734041, "ndvi_residual_variance": 0.008297065609887333, "ndvi_trend": 0.01546680282053499, "perim_m": 820.0460358969452, "slope": 9.348349468805845, "stand_id": 79, "stand_lbl": 13, "vh_iqr": 1.8362545244480566, "vh_p10": -14.260580113517454, "vh_p50": -13.34245285129342, "vh_p90": -12.424325589069385, "vv_iqr": 1.8669269300691516, "vv_minus_vh_median": 5.721836554592823, "vv_p10": -8.55407976173518, "vv_p50": -7.6206162967006, "vv_p90": -6.687152831666025}}, {"type": "Feature", "geometry": {"type": "Polygon", "coordinates": [[[85.3941698178375, 21.58418120073888], [85.39426638028962, 21.58418213212115], [85.39426438870667, 21.584362761244197], [85.39436095128455, 21.58436369258155], [85.39435895979143, 21.58454432171358], [85.39426239709677, 21.584543390367244], [85.39426140128732, 21.584633704928766], [85.39435796404487, 21.584634636275105], [85.39435696828933, 21.584724950836627], [85.39445353110976, 21.58472588213805], [85.39444855254764, 21.58517745495465], [85.39454511567351, 21.585178386220136], [85.3945441200078, 21.58526870078166], [85.3949303727897, 21.585272425295642], [85.39492838192541, 21.58545305445462], [85.39483181859293, 21.58545212340473], [85.3948308230979, 21.585542437975235], [85.39492738647529, 21.585543369034113], [85.39492440011595, 21.5858143127636], [85.39482783654992, 21.58581338169574], [85.39482883207191, 21.585723067125233], [85.39463570508357, 21.585721204827816], [85.39463670071335, 21.58563089025731], [85.39454013728206, 21.585629959036737], [85.3945421286584, 21.58544932991369], [85.39434900205634, 21.585447467301865], [85.39434999785679, 21.585357152749324], [85.39425343462314, 21.585356221367054], [85.39425443046852, 21.585265906814513], [85.39415786730673, 21.585264975378347], [85.39415985911425, 21.585084346282247], [85.39396673303322, 21.585082483257196], [85.39396772904928, 21.58499216871364], [85.39387116607612, 21.584991237124758], [85.39387315820706, 21.584810608046627], [85.39377659535967, 21.584809676412828], [85.39377759148353, 21.584719361878257], [85.39368102869902, 21.584718430181574], [85.39368202487678, 21.584628115655985], [85.39377858759839, 21.584629047343682], [85.39377958370427, 21.584538732800123], [85.393876146372, 21.584539664424938], [85.393877142415, 21.584449349881382], [85.39378057981017, 21.584448418265552], [85.39378157590707, 21.584358103721993], [85.39368501336511, 21.58435717205226], [85.39368600951592, 21.58426685751769], [85.39358944703685, 21.58426592579406], [85.39359343183767, 21.58390466764678], [85.39340030738259, 21.583902804064774], [85.3934013036861, 21.583812489539184], [85.39330474152145, 21.583811557671822], [85.39330673423628, 21.583630928620643], [85.39340329628415, 21.58363186047902], [85.39340528886423, 21.583451231418856], [85.39321216502, 21.5834493676482], [85.39321814334416, 21.582907480485673], [85.39312158179034, 21.582906548546447], [85.39312257821962, 21.582816234020857], [85.39321913971055, 21.5828171659511], [85.39322212879178, 21.58254622235636], [85.39312556747153, 21.58254529042612], [85.3931285566875, 21.58227434683138], [85.39332167895968, 21.582276210602032], [85.39332068268311, 21.582366525136607], [85.39341724389557, 21.582367456941085], [85.39341525144125, 21.5825480860282], [85.39331869011203, 21.58254715422372], [85.39331669752296, 21.58272778329287], [85.39341325896896, 21.582728715115312], [85.39341226271935, 21.58281902965887], [85.39360538574611, 21.58282089313308], [85.39360339348045, 21.583001522229175], [85.39350683184578, 21.58300059051453], [85.39350384323168, 21.58327153413622], [85.393600405046, 21.58327246586883], [85.39359940888622, 21.583362780412386], [85.39379253265858, 21.583364643715917], [85.3937905405636, 21.583545272820995], [85.39388710257555, 21.583546204400896], [85.39388610658644, 21.583636518953437], [85.39417579282889, 21.583639313360756], [85.39417479701046, 21.583729627931262], [85.39427135915716, 21.583730559295567], [85.39426936762811, 21.583911188427596], [85.39417280535565, 21.58391025705431], [85.39417180951926, 21.58400057161583], [85.39407524720188, 21.583999640188647], [85.39407425130261, 21.584089954741188], [85.39417081368288, 21.584090886177357], [85.3941698178375, 21.58418120073888]], [[85.3941698178375, 21.58418120073888], [85.39407325539436, 21.58418026929373], [85.3940722594861, 21.58427058385525], [85.39416882199212, 21.584271515300404], [85.3941698178375, 21.58418120073888]]]}, "id": "+104+158", "properties": {"annual_rainfall": 1382.1430009414753, "area_ha": 1.8451296708391598, "aspect": 274.7582708251085, "canopy_height": 14.966561389656531, "canopy_height_max": 15.897572048953808, "canopy_height_std": 0.7244992608183408, "centroid_lat": 21.584159183052304, "centroid_lon": 85.39392285556933, "cluster_id": 1, "distance_to_water": 463409.50001051987, "elevation": 599.5591590998814, "n_pixels": 185, "ndvi_amplitude_annual": 0.1845037801487257, "ndvi_mean": 0.6581376673558242, "ndvi_phase_annual": -2.4360665253323366, "ndvi_residual_variance": 0.007403344350860968, "ndvi_trend": -0.01145783249701928, "perim_m": 1400.0808550294266, "slope": 5.850927753651795, "stand_id": 80, "stand_lbl": 36, "vh_iqr": 2.164334302894338, "vh_p10": -17.160761040392458, "vh_p50": -16.078593888945292, "vh_p90": -14.99642673749812, "vv_iqr": 2.655064662719424, "vv_minus_vh_median": 7.122036031776729, "vv_p10": -10.284090188528271, "vv_p50": -8.956557857168564, "vv_p90": -7.629025525808854}}, {"type": "Feature", "geometry": {"type": "Polygon", "coordinates": [[[85.39533354316607, 21.583740800592864], [85.39533453826584, 21.58365048597744], [85.3955276625772, 21.583652347295693], [85.39552865755121, 21.583562032671285], [85.39601146812299, 21.583566684965295], [85.39601246280056, 21.58347637031394], [85.3959159007347, 21.583475439973714], [85.39591789017966, 21.583294810679988], [85.39601445211974, 21.583295741020212], [85.39601544677934, 21.583205426368856], [85.39620857056968, 21.58320728686066], [85.39620757602687, 21.583297601520997], [85.39640069996092, 21.583299461797203], [85.39639970553489, 21.583389776466525], [85.3964962675648, 21.58339070651929], [85.39649527320165, 21.583481021197592], [85.39659183529444, 21.583481951196458], [85.39658984666696, 21.583662580544082], [85.3964932844484, 21.58366165052725], [85.39649129567717, 21.583842279865895], [85.3963947333508, 21.58384134978618], [85.39639373889783, 21.58393166444652], [85.39610405175705, 21.58392887385704], [85.3961030571244, 21.584019188508393], [85.39600649469024, 21.58401825819512], [85.39600549998573, 21.58410857283749], [85.39581237502759, 21.58410671203128], [85.3958153594735, 21.583835768131113], [85.39542911032977, 21.583832045907833], [85.39543010537565, 21.58374173128343], [85.39533354316607, 21.583740800592864]]]}, "id": "+115+139", "properties": {"annual_rainfall": 1382.1430009414753, "area_ha": 0.64178544385437, "aspect": 274.62613019891495, "canopy_height": 10.982990506329111, "canopy_height_max": 12.497683092224227, "canopy_height_std": 1.0789029600726852, "centroid_lat": 21.583658846686212, "centroid_lon": 85.39605572148866, "cluster_id": 1, "distance_to_water": 463409.50001051987, "elevation": 649.5284245027124, "n_pixels": 64, "ndvi_amplitude_annual": 0.20924398299051564, "ndvi_mean": 0.49206260241938615, "ndvi_phase_annual": -2.921608793205089, "ndvi_residual_variance": 0.010200815173389242, "ndvi_trend": -0.0006982928411195712, "perim_m": 480.02828667071657, "slope": 12.245083634719705, "stand_id": 81, "stand_lbl": 50, "vh_iqr": 2.3076475018332414, "vh_p10": -17.70664566753971, "vh_p50": -16.55282191662308, "vh_p90": -15.398998165706466, "vv_iqr": 2.1048066058865453, "vv_minus_vh_median": 8.475146794227062, "vv_p10": -9.130078425339294, "vv_p50": -8.077675122396018, "vv_p90": -7.025271819452743}}, {"type": "Feature", "geometry": {"type": "Polygon", "coordinates": [[[85.38847863866945, 21.58358426415997], [85.38847963800927, 21.583493949840992], [85.38867276145825, 21.583495819100353], [85.38867376068129, 21.583405504781375], [85.38886688403144, 21.583407373798188], [85.38886888220803, 21.58322674513328], [85.38896544377981, 21.583227679551857], [85.38896644279623, 21.583137365214913], [85.389159565823, 21.583139233881383], [85.3891615636133, 21.582958605180544], [85.3892581250144, 21.582959539419456], [85.38925912384218, 21.582869225064545], [85.38964536926689, 21.58287296143629], [85.38964437067267, 21.582963275809167], [85.38974093210072, 21.582964209769603], [85.38973993356937, 21.58305452414248], [85.39002961806013, 21.58305732570039], [85.39002861970845, 21.58314764008225], [85.39022174284301, 21.58314950751803], [85.39022074459913, 21.583239821908872], [85.39012418296447, 21.58323888821793], [85.39012218634198, 21.58341951699962], [85.39041187161425, 21.583422317928708], [85.39040887717907, 21.58369326112819], [85.39031231523899, 21.583692327527082], [85.39031031879615, 21.583872956308767], [85.39050344292784, 21.583874823475053], [85.39050144670958, 21.584055452265723], [85.39040488452696, 21.58405451870953], [85.39040388634596, 21.58414483310037], [85.38992107519027, 21.584140164430078], [85.38992207366772, 21.5840498500572], [85.38972894935635, 21.584047982199213], [85.38972994795058, 21.583957667835318], [85.38963338586676, 21.583956733829968], [85.3896343845059, 21.583866419475058], [85.38886188849116, 21.583858945446977], [85.38886088936694, 21.58394925977494], [85.38866776529812, 21.583947390695243], [85.38866976378014, 21.58376676206627], [85.388573201867, 21.583765827450065], [85.38857520044783, 21.58358519882109], [85.38847863866945, 21.58358426415997]]]}, "id": "+57+140", "properties": {"annual_rainfall": 1382.1430009414753, "area_ha": 1.7448445612187926, "aspect": 224.33475683599974, "canopy_height": 18.181460182522816, "canopy_height_max": 19.485352335708633, "canopy_height_std": 0.9196173465781868, "centroid_lat": 21.58353717493337, "centroid_lon": 85.38956698368236, "cluster_id": 1, "distance_to_water": 463409.50001051987, "elevation": 617.3494380351416, "n_pixels": 174, "ndvi_amplitude_annual": 0.23057640543612293, "ndvi_mean": 0.5051144958237903, "ndvi_phase_annual": -2.8002034210164712, "ndvi_residual_variance": 0.012495215658292301, "ndvi_trend": 0.02375352062886781, "perim_m": 760.0427256114567, "slope": 8.391654450039308, "stand_id": 82, "stand_lbl": 12, "vh_iqr": 2.78793174249736, "vh_p10": -17.601659548817626, "vh_p50": -16.207693677568944, "vh_p90": -14.81372780632026, "vv_iqr": 1.974708180820257, "vv_minus_vh_median": 7.245458592098523, "vv_p10": -9.94958917588055, "vv_p50": -8.962235085470418, "vv_p90": -7.974880995060298}}, {"type": "Feature", "geometry": {"type": "Polygon", "coordinates": [[[85.39235208023774, 21.582628147524495], [85.39235407402157, 21.5824475185362], [85.39254719645545, 21.582449383214147], [85.3925461996848, 21.582539697721774], [85.39273932226241, 21.582541562175145], [85.39273832560856, 21.582631876691753], [85.39312457106021, 21.582635604960693], [85.39312556747153, 21.58254529042612], [85.39322212879178, 21.58254622235636], [85.39321913971055, 21.5828171659511], [85.39312257821962, 21.582816234020857], [85.39312158179034, 21.582906548546447], [85.39321814334416, 21.582907480485673], [85.39321216502, 21.5834493676482], [85.39340528886423, 21.583451231418856], [85.39340329628415, 21.58363186047902], [85.39330673423628, 21.583630928620643], [85.39330474152145, 21.583811557671822], [85.3934013036861, 21.583812489539184], [85.39340030738259, 21.583902804064774], [85.39359343183767, 21.58390466764678], [85.39358944703685, 21.58426592579406], [85.39368600951592, 21.58426685751769], [85.39368501336511, 21.58435717205226], [85.39378157590707, 21.584358103721993], [85.39378057981017, 21.584448418265552], [85.393877142415, 21.584449349881382], [85.393876146372, 21.584539664424938], [85.39377958370427, 21.584538732800123], [85.39377858759839, 21.584629047343682], [85.39368202487678, 21.584628115655985], [85.39368302104555, 21.58453780112141], [85.3935864583868, 21.584536869379814], [85.39358745460947, 21.584446554854225], [85.39349089201362, 21.58444562306771], [85.39348989572807, 21.584535937593305], [85.39329677043756, 21.584534073831634], [85.39329876324221, 21.584353444798417], [85.3933953257662, 21.58435437669273], [85.39339632209666, 21.58426406217612], [85.39329975963555, 21.584263130281812], [85.39330274877967, 21.58399218671402], [85.39320618650721, 21.58399125478378], [85.3932071829365, 21.58390094025819], [85.39311062072692, 21.58390000827405], [85.3931165995631, 21.583358121165418], [85.39302003771284, 21.583357189145346], [85.39301804466564, 21.58353781817856], [85.39282492074955, 21.58353595395875], [85.39282591739442, 21.583445639451128], [85.39272935549926, 21.583444707260373], [85.3927313488968, 21.583264078254107], [85.3926347871274, 21.58326314601844], [85.3926397708189, 21.582811573498283], [85.39244664789095, 21.58280970890118], [85.39244864157595, 21.582629079903896], [85.39235208023774, 21.582628147524495]]]}, "id": "+92+145", "properties": {"annual_rainfall": 1382.1430009414753, "area_ha": 1.032870872498424, "aspect": 176.79262850918795, "canopy_height": 16.71617300867854, "canopy_height_max": 17.414075401426512, "canopy_height_std": 0.7184433337061532, "centroid_lat": 21.58339418891486, "centroid_lon": 85.39308291709497, "cluster_id": 1, "distance_to_water": 463409.50001051987, "elevation": 594.4984013211061, "n_pixels": 103, "ndvi_amplitude_annual": 0.1308953849783375, "ndvi_mean": 0.5513005410134779, "ndvi_phase_annual": -1.2723774380861088, "ndvi_residual_variance": 0.0054871670908277085, "ndvi_trend": 0.014685514903493858, "perim_m": 940.0539338321387, "slope": 2.794842064579599, "stand_id": 83, "stand_lbl": 33, "vh_iqr": 2.8989908048108455, "vh_p10": -16.92381247731934, "vh_p50": -15.474317074913918, "vh_p90": -14.024821672508502, "vv_iqr": 2.241257341199446, "vv_minus_vh_median": 6.8580478418448765, "vv_p10": -9.736897903668769, "vv_p50": -8.61626923306905, "vv_p90": -7.495640562469321}}, {"type": "Feature", "geometry": {"type": "MultiPolygon", "coordinates": [[[[85.39358147718364, 21.58498844201675], [85.39367804013882, 21.584989373776313], [85.39367704395208, 21.585079688301906], [85.39358048093402, 21.58507875654234], [85.39358147718364, 21.58498844201675]]], [[[85.39358147718364, 21.58498844201675], [85.39338835129125, 21.58498657833593], [85.39339034402404, 21.584805949302716], [85.39310065557173, 21.58480315337724], [85.39309965902568, 21.584893467884868], [85.39300309616033, 21.584892535792928], [85.39300209955138, 21.58498285029157], [85.39290553663214, 21.584981918136748], [85.39290653330396, 21.58489160364709], [85.39271340759123, 21.584889739184735], [85.39271540115048, 21.58470911020542], [85.39261883842886, 21.58470817790687], [85.39262083208692, 21.584527548936535], [85.39252426949106, 21.5845266165751], [85.3925252663695, 21.584436302094424], [85.39242870383653, 21.584435369688077], [85.3924306977012, 21.58425474073571], [85.392334135294, 21.584253808275463], [85.39233513228024, 21.584163493803768], [85.39214200759159, 21.584161628739544], [85.39214101047959, 21.584251943211235], [85.39204444809035, 21.58425101058929], [85.39204544525624, 21.58416069612658], [85.3919488829209, 21.58415976345074], [85.3919478857011, 21.584250077913445], [85.3917547609316, 21.584248212391078], [85.39175775295033, 21.583977269038886], [85.39185431515092, 21.583978201813544], [85.39185331787722, 21.58406851626727], [85.39204644241316, 21.58407038165489], [85.39204843671801, 21.583889752720488], [85.39214499887369, 21.583890685324466], [85.39214699304378, 21.583710056381083], [85.39205043100489, 21.58370912378609], [85.3920534223858, 21.58343818037101], [85.39195686053554, 21.5834372477311], [85.39195785771942, 21.58334693325941], [85.39186129593205, 21.583346000574583], [85.39186229316083, 21.583255686111876], [85.39176573144532, 21.583254753364166], [85.39176772601068, 21.58307412443875], [85.39147804123247, 21.58307132590816], [85.39147903869483, 21.582981011454436], [85.39167216174853, 21.582982877192396], [85.39167315908512, 21.58289256272969], [85.39119035177421, 21.582887897994013], [85.3911923470223, 21.582707269113513], [85.39128890835153, 21.582708202157665], [85.39128990590369, 21.582617887712924], [85.391096783371, 21.582616021561734], [85.39109877869993, 21.582435392681234], [85.39119533984949, 21.582436325779284], [85.39119633744659, 21.582346011334543], [85.39109977635991, 21.582345078245474], [85.39110077401988, 21.582254763800734], [85.39100421299607, 21.582253830657763], [85.3910032152822, 21.582344145093522], [85.3909066542045, 21.582343211896656], [85.39090465864201, 21.582523840759194], [85.39080809744753, 21.582522907499442], [85.39080909529615, 21.582432593063686], [85.39061597305091, 21.582430726373506], [85.39061697100733, 21.582340411955713], [85.39071353206707, 21.58234134532326], [85.39071752360528, 21.581980087616156], [85.39062096278808, 21.581979154266577], [85.39062196071755, 21.5818888398398], [85.39081508225311, 21.581890706476077], [85.39081608005681, 21.581800392040318], [85.39071951934741, 21.581799458753622], [85.390720517214, 21.581709144317863], [85.39043083530143, 21.581706344134375], [85.39043283136698, 21.581525715289803], [85.39072251292022, 21.581528515455325], [85.3907215150716, 21.581618829891084], [85.39091463624784, 21.581620696392616], [85.39091563397967, 21.581530381947875], [85.39101219451838, 21.58153131510881], [85.39101319218734, 21.581441000664064], [85.39120631315697, 21.58144286680627], [85.39120531561377, 21.58153318126898], [85.39139843672713, 21.58153504719559], [85.39139644185634, 21.58171567612999], [85.39149300253878, 21.581716609021427], [85.39149200515729, 21.581806923484137], [85.39158856590261, 21.581807856321678], [85.39158756857502, 21.58189817079337], [85.39197381186175, 21.581901901613527], [85.39197281476771, 21.5819922160942], [85.39235905837782, 21.58199594603401], [85.39235606777844, 21.582266889538914], [85.39245262887411, 21.58226782190035], [85.39245362568967, 21.582177507392725], [85.39255018672245, 21.582178439691276], [85.39254819321711, 21.582359068706523], [85.39245163205855, 21.58235813639899], [85.39245063523401, 21.582448450906615], [85.39235407402157, 21.5824475185362], [85.39235208023774, 21.582628147524495], [85.39244864157595, 21.582629079903896], [85.39244664789095, 21.58280970890118], [85.3926397708189, 21.582811573498283], [85.3926347871274, 21.58326314601844], [85.3927313488968, 21.583264078254107], [85.39272935549926, 21.583444707260373], [85.39282591739442, 21.583445639451128], [85.39282492074955, 21.58353595395875], [85.39301804466564, 21.58353781817856], [85.39302003771284, 21.583357189145346], [85.3931165995631, 21.583358121165418], [85.39311062072692, 21.58390000827405], [85.3932071829365, 21.58390094025819], [85.39320618650721, 21.58399125478378], [85.39330274877967, 21.58399218671402], [85.39329975963555, 21.584263130281812], [85.39339632209666, 21.58426406217612], [85.3933953257662, 21.58435437669273], [85.39329876324221, 21.584353444798417], [85.39329677043756, 21.584534073831634], [85.39348989572807, 21.584535937593305], [85.39349089201362, 21.58444562306771], [85.39358745460947, 21.584446554854225], [85.3935864583868, 21.584536869379814], [85.39368302104555, 21.58453780112141], [85.39368202487678, 21.584628115655985], [85.39358546215516, 21.58462718391439], [85.39358446592351, 21.58471749843998], [85.39348790314799, 21.584716566635503], [85.39348690684447, 21.584806881161093], [85.39358346968288, 21.584807812965572], [85.39358147718364, 21.58498844201675]]]]}, "id": "+91+150", "properties": {"annual_rainfall": 1382.1430009414753, "area_ha": 4.352093298330523, "aspect": 140.74265118342956, "canopy_height": 15.318868730168031, "canopy_height_max": 15.984553042924963, "canopy_height_std": 0.5184546373376002, "centroid_lat": 21.583132054842952, "centroid_lon": 85.39211999700412, "cluster_id": 5, "distance_to_water": 463409.50001051987, "elevation": 598.8521278288024, "n_pixels": 435, "ndvi_amplitude_annual": 0.2245808862650664, "ndvi_mean": 0.5143572720063637, "ndvi_phase_annual": -2.7131901693277203, "ndvi_residual_variance": 0.005624459957399006, "ndvi_trend": 0.02326407972596213, "perim_m": 2060.1175869799613, "slope": 7.340820991116954, "stand_id": 84, "stand_lbl": 27, "vh_iqr": 2.582989256197059, "vh_p10": -18.335149066479485, "vh_p50": -17.043654438380948, "vh_p90": -15.752159810282421, "vv_iqr": 2.156747478327844, "vv_minus_vh_median": 6.338887676368917, "vv_p10": -11.783140501175959, "vv_p50": -10.704766762012028, "vv_p90": -9.62639302284811}}, {"type": "Feature", "geometry": {"type": "MultiPolygon", "coordinates": [[[[85.39542214486492, 21.58446424821579], [85.39542114977414, 21.58455456282223], [85.39532458702557, 21.58455363209573], [85.39532558217026, 21.58446331748929], [85.39542214486492, 21.58446424821579]]], [[[85.3958083956885, 21.58446797055585], [85.39580740084027, 21.584558285180254], [85.39571083806474, 21.584557354678335], [85.39571183297588, 21.58446704005393], [85.3958083956885, 21.58446797055585]]], [[[85.39811795490557, 21.58521280363413], [85.39821451822905, 21.58521373277061], [85.39821253143413, 21.585394362226033], [85.3980194045536, 21.585392503881206], [85.39802039807233, 21.585302189157986], [85.39811696144972, 21.58530311835735], [85.39811795490557, 21.58521280363413]]], [[[85.39792979606788, 21.584759371610318], [85.3978332330588, 21.584758442321125], [85.39783223945922, 21.58484875703536], [85.39754255028825, 21.5848459688354], [85.39754453785574, 21.584665339433872], [85.39764110078396, 21.584666268875782], [85.39764209450033, 21.58457595417053], [85.39754553163498, 21.58457502472862], [85.39754652540525, 21.584484710023364], [85.3974499625938, 21.58448378052756], [85.39745095642695, 21.584393465822306], [85.39716126821718, 21.584390677020473], [85.39716226221202, 21.5843003623242], [85.3970656995533, 21.58429943262178], [85.39706768765078, 21.584118803247204], [85.39697112510882, 21.584117873481905], [85.39696913688557, 21.584298502856477], [85.39687257423583, 21.584297573028294], [85.39686959167636, 21.584568517063207], [85.39677302884695, 21.584567587172142], [85.39677402310231, 21.584477272493835], [85.39658089757823, 21.58447541255899], [85.39657990320609, 21.584565727219328], [85.39648334039464, 21.584564797157583], [85.39648433482067, 21.584474482506227], [85.3958083956885, 21.58446797055585], [85.39580939052777, 21.584377655922463], [85.39551970258749, 21.584374864263985], [85.39551870755959, 21.58446517887941], [85.39542214486492, 21.58446424821579], [85.39542313994673, 21.584373933600368], [85.39532657731495, 21.584373002873868], [85.39532856758636, 21.58419237366099], [85.39542513009238, 21.584193304369524], [85.3954261251652, 21.5841029897541], [85.39532956271307, 21.58410205904557], [85.39533055783082, 21.584011744439128], [85.39523399544157, 21.584010813676695], [85.3952349906222, 21.583920499070256], [85.39504186597847, 21.583918637383697], [85.39504286126689, 21.58382832278624], [85.39494629902137, 21.583827391862112], [85.39494729436369, 21.583737077264654], [85.39485073217209, 21.58373614629561], [85.39485172757728, 21.583645831698156], [85.39494828970601, 21.5836467626672], [85.39494928503935, 21.583556448069743], [85.3950458471052, 21.583557378975907], [85.39504684237565, 21.58346706436947], [85.39485371836074, 21.583465202512226], [85.39485471373898, 21.583374887905787], [85.39456502792773, 21.58337209471119], [85.39456602348564, 21.583281780122718], [85.39437289975818, 21.583279917717505], [85.3943719040745, 21.583370232296996], [85.39427534216136, 21.58336930101354], [85.3942743464148, 21.583459615584047], [85.39408122248075, 21.58345775282849], [85.3940802266174, 21.583548067390016], [85.39398366459648, 21.583547135917915], [85.39398266866127, 21.583637450479436], [85.39388610658644, 21.583636518953437], [85.39388710257555, 21.583546204400896], [85.3937905405636, 21.583545272820995], [85.39379253265858, 21.583364643715917], [85.39359940888622, 21.583362780412386], [85.393600405046, 21.58327246586883], [85.39350384323168, 21.58327153413622], [85.39350683184578, 21.58300059051453], [85.39360339348045, 21.583001522229175], [85.39360538574611, 21.58282089313308], [85.39341226271935, 21.58281902965887], [85.39341325896896, 21.582728715115312], [85.39331669752296, 21.58272778329287], [85.39331869011203, 21.58254715422372], [85.39341525144125, 21.5825480860282], [85.39341724389557, 21.582367456941085], [85.39332068268311, 21.582366525136607], [85.39332167895968, 21.582276210602032], [85.3931285566875, 21.58227434683138], [85.39312955308085, 21.582184032296805], [85.39322611415855, 21.582184964209084], [85.39322711048003, 21.582094649665525], [85.39332367150384, 21.58209558151492], [85.39332666027963, 21.581824637875265], [85.39342322112377, 21.581825569652793], [85.39342421731051, 21.581735255100252], [85.39381046051638, 21.58173898162646], [85.39381145646057, 21.581648667055955], [85.39400457797817, 21.58165052998219], [85.39400656960602, 21.58146990081423], [85.39419969089904, 21.58147176349792], [85.39419869520638, 21.581562078086392], [85.3944883773705, 21.581564871703197], [85.3944873818485, 21.58165518630065], [85.39468050343797, 21.58165704843637], [85.39467950803277, 21.581747363051793], [85.39525887327726, 21.581752948147408], [85.39525787823139, 21.581843262780797], [85.39545100013525, 21.581845124036168], [85.39545000519718, 21.58193543867854], [85.39583624931933, 21.581939160542493], [85.3958342599103, 21.582119789854186], [85.39593082106886, 21.582120720194407], [85.39593181571946, 21.58203040553407], [85.3960283768331, 21.58203133580243], [85.39602937141186, 21.581941021142093], [85.3961259324626, 21.58194195135655], [85.39612692698745, 21.58185163668723], [85.3962234879843, 21.58185256683881], [85.39622249352233, 21.58194288151711], [85.39631905459105, 21.581943811614792], [85.39632004899013, 21.581853496936485], [85.39641660999597, 21.581854426980268], [85.3964185986594, 21.581673797605692], [85.39661172045547, 21.581675657504604], [85.39661072624503, 21.581765972200877], [85.39680384817585, 21.581767831884193], [85.39680185998853, 21.58194846128572], [85.3968984210842, 21.581949391060004], [85.39689543892898, 21.58222033516678], [85.3969920002133, 21.582221264887167], [85.39699001220563, 21.582401894297675], [85.39708657360673, 21.582402823973148], [85.39708359173898, 21.58267376809789], [85.39718015332872, 21.582674697728446], [85.39717816550971, 21.582855327147936], [85.39727472722521, 21.582856256733578], [85.39727174563593, 21.58312720085832], [85.39736830754009, 21.583128130399043], [85.39736532608556, 21.58339907453277], [85.39746188816937, 21.583400004037564], [85.39745990061985, 21.583580633457053], [85.39755646282943, 21.58358156291693], [85.39755348165338, 21.58385250705964], [85.3976500440516, 21.583853436465617], [85.39764805669074, 21.58403406589409], [85.39774461921472, 21.584034995264133], [85.39774163831714, 21.584305939415827], [85.3978382010208, 21.58430686873197], [85.39783621385756, 21.58448749816943], [85.39793277667799, 21.584488427440657], [85.39792979606788, 21.584759371610318]], [[85.39504684237565, 21.58346706436947], [85.39514340439658, 21.583467995212747], [85.39514439960415, 21.583377680606308], [85.3950478376461, 21.58337674976303], [85.39504684237565, 21.58346706436947]], [[85.39533354316607, 21.583740800592864], [85.39543010537565, 21.58374173128343], [85.39542911032977, 21.583832045907833], [85.3958153594735, 21.583835768131113], [85.39581237502759, 21.58410671203128], [85.39600549998573, 21.58410857283749], [85.39600649469024, 21.58401825819512], [85.3961030571244, 21.584019188508393], [85.39610405175705, 21.58392887385704], [85.39639373889783, 21.58393166444652], [85.3963947333508, 21.58384134978618], [85.39649129567717, 21.583842279865895], [85.3964932844484, 21.58366165052725], [85.39658984666696, 21.583662580544082], [85.39659183529444, 21.583481951196458], [85.39649527320165, 21.583481021197592], [85.3964962675648, 21.58339070651929], [85.39639970553489, 21.583389776466525], [85.39640069996092, 21.583299461797203], [85.39620757602687, 21.583297601520997], [85.39620857056968, 21.58320728686066], [85.39601544677934, 21.583205426368856], [85.39601445211974, 21.583295741020212], [85.39591789017966, 21.583294810679988], [85.3959159007347, 21.583475439973714], [85.39601246280056, 21.58347637031394], [85.39601146812299, 21.583566684965295], [85.39552865755121, 21.583562032671285], [85.3955276625772, 21.583652347295693], [85.39533453826584, 21.58365048597744], [85.39533354316607, 21.583740800592864]]], [[[85.39792979606788, 21.584759371610318], [85.39802635907695, 21.58476030083663], [85.39802437210236, 21.58494093028307], [85.3981209352372, 21.584941859464468], [85.39811795490557, 21.58521280363413], [85.39792482827656, 21.585210945190486], [85.39792979606788, 21.584759371610318]]]]}, "id": "+138+153", "properties": {"annual_rainfall": 1382.1430009414753, "area_ha": 9.54655558289554, "aspect": 245.75939350467016, "canopy_height": 14.477411298590178, "canopy_height_max": 15.033669151256811, "canopy_height_std": 0.4792610188994639, "centroid_lat": 21.582992152231533, "centroid_lon": 85.39558342581802, "cluster_id": 1, "distance_to_water": 463409.50001051987, "elevation": 633.0267192173862, "n_pixels": 955, "ndvi_amplitude_annual": 0.24099688307869288, "ndvi_mean": 0.5612647438206576, "ndvi_phase_annual": -2.8315808023683973, "ndvi_residual_variance": 0.006129385225786799, "ndvi_trend": 0.00416063138185917, "perim_m": 3020.1773671976466, "slope": 10.126136987973874, "stand_id": 85, "stand_lbl": 47, "vh_iqr": 2.4707298855268935, "vh_p10": -16.596933567600725, "vh_p50": -15.36156862483731, "vh_p90": -14.126203682073848, "vv_iqr": 1.898890294064145, "vv_minus_vh_median": 6.711477856311602, "vv_p10": -9.599535915557771, "vv_p50": -8.650090768525699, "vv_p90": -7.700645621493626}}, {"type": "Feature", "geometry": {"type": "MultiPolygon", "coordinates": [[[[85.38964536926689, 21.58287296143629], [85.38954880790173, 21.58287202743094], [85.38954980654087, 21.582781713058065], [85.38964636784314, 21.582782647063414], [85.38964536926689, 21.58287296143629]]], [[[85.38964536926689, 21.58287296143629], [85.38974193063206, 21.582873895396727], [85.38974093210072, 21.582964209769603], [85.38964437067267, 21.582963275809167], [85.38964536926689, 21.58287296143629]]], [[[85.38974792169431, 21.582332009114545], [85.38974692318992, 21.582422323496406], [85.3896503621212, 21.58242138956292], [85.3896513606795, 21.582331075190044], [85.38974792169431, 21.582332009114545]]], [[[85.38974093210072, 21.582964209769603], [85.38983749353774, 21.582965143676137], [85.38984248582612, 21.582513571757854], [85.38974592469452, 21.582512637878267], [85.38974692318992, 21.582422323496406], [85.38984348426763, 21.582423257375993], [85.38984448270912, 21.58233294298515], [85.38974792169431, 21.582332009114545], [85.38975091715358, 21.582061065959984], [85.38984747798872, 21.5820619998216], [85.38985047321444, 21.58179105664907], [85.39014015521684, 21.58179385785664], [85.39013915699093, 21.581884172256466], [85.39023571772726, 21.581885105884524], [85.39023372137427, 21.582065734702145], [85.38994403882388, 21.582062933629324], [85.3899420420936, 21.58224356241101], [85.3901351640334, 21.582245429873737], [85.39013416578054, 21.582335744273564], [85.39023072681331, 21.58233667791959], [85.39023272319326, 21.582156049110953], [85.39032928410927, 21.582156982694094], [85.39033028223636, 21.582066668285286], [85.39042684309847, 21.582067601805544], [85.39043083530143, 21.581706344134375], [85.390720517214, 21.581709144317863], [85.39071951934741, 21.581799458753622], [85.39081608005681, 21.581800392040318], [85.39081508225311, 21.581890706476077], [85.39062196071755, 21.5818888398398], [85.39062096278808, 21.581979154266577], [85.39071752360528, 21.581980087616156], [85.39071353206707, 21.58234134532326], [85.39061697100733, 21.582340411955713], [85.39061597305091, 21.582430726373506], [85.39080909529615, 21.582432593063686], [85.39080809744753, 21.582522907499442], [85.39090465864201, 21.582523840759194], [85.39090066745416, 21.58288509848426], [85.39070754459807, 21.582883231856968], [85.39070654666861, 21.58297354627476], [85.39080310815055, 21.58297447962434], [85.3907981187188, 21.583426051722288], [85.39012218634198, 21.58341951699962], [85.39012418296447, 21.58323888821793], [85.39022074459913, 21.583239821908872], [85.39022174284301, 21.58314950751803], [85.39002861970845, 21.58314764008225], [85.39002961806013, 21.58305732570039], [85.38973993356937, 21.58305452414248], [85.38974093210072, 21.582964209769603]], [[85.39023072681331, 21.58233667791959], [85.39022972861436, 21.582426992319416], [85.390326289719, 21.582427925920523], [85.39032728785509, 21.582337611511715], [85.39023072681331, 21.58233667791959]]]]}, "id": "+61+132", "properties": {"annual_rainfall": 1382.1430009414753, "area_ha": 1.5844003286656327, "aspect": 168.0247935785092, "canopy_height": 19.51052232112055, "canopy_height_max": 20.126681846408616, "canopy_height_std": 0.5177888244388666, "centroid_lat": 21.582617146672757, "centroid_lon": 85.39032603238509, "cluster_id": 1, "distance_to_water": 463409.50001051987, "elevation": 606.249223763196, "n_pixels": 158, "ndvi_amplitude_annual": 0.13917485580325578, "ndvi_mean": 0.7159717535210931, "ndvi_phase_annual": -2.47850313883141, "ndvi_residual_variance": 0.0076118108968255, "ndvi_trend": 0.003703925697187308, "perim_m": 1100.0618861032701, "slope": 8.550380643529062, "stand_id": 86, "stand_lbl": 16, "vh_iqr": 2.409384060424982, "vh_p10": -16.157519470202807, "vh_p50": -14.95282743999031, "vh_p90": -13.74813540977782, "vv_iqr": 2.0059654553065047, "vv_minus_vh_median": 5.596437531719671, "vv_p10": -10.359372635923895, "vv_p50": -9.356389908270648, "vv_p90": -8.353407180617396}}, {"type": "Feature", "geometry": {"type": "MultiPolygon", "coordinates": [[[[85.39023072681331, 21.58233667791959], [85.39032728785509, 21.582337611511715], [85.390326289719, 21.582427925920523], [85.39022972861436, 21.582426992319416], [85.39023072681331, 21.58233667791959]]], [[[85.39023072681331, 21.58233667791959], [85.39013416578054, 21.582335744273564], [85.3901351640334, 21.582245429873737], [85.3899420420936, 21.58224356241101], [85.38994403882388, 21.582062933629324], [85.39023372137427, 21.582065734702145], [85.39023571772726, 21.581885105884524], [85.39013915699093, 21.581884172256466], [85.39014015521684, 21.58179385785664], [85.38985047321444, 21.58179105664907], [85.38984747798872, 21.5820619998216], [85.38975091715358, 21.582061065959984], [85.38974792169431, 21.582332009114545], [85.3896513606795, 21.582331075190044], [85.3896503621212, 21.58242138956292], [85.38974692318992, 21.582422323496406], [85.38974592469452, 21.582512637878267], [85.38984248582612, 21.582513571757854], [85.38983749353774, 21.582965143676137], [85.38974093210072, 21.582964209769603], [85.38974193063206, 21.582873895396727], [85.38964536926689, 21.58287296143629], [85.38964636784314, 21.582782647063414], [85.38954980654087, 21.582781713058065], [85.38954880790173, 21.58287202743094], [85.38925912384218, 21.582869225064545], [85.3892581250144, 21.582959539419456], [85.3891615636133, 21.582958605180544], [85.389159565823, 21.583139233881383], [85.38896644279623, 21.583137365214913], [85.38896544377981, 21.583227679551857], [85.38886888220803, 21.58322674513328], [85.38886688403144, 21.583407373798188], [85.38867376068129, 21.583405504781375], [85.38867276145825, 21.583495819100353], [85.38847963800927, 21.583493949840992], [85.38848063734909, 21.583403635531], [85.38838407568748, 21.583402700824962], [85.38838607446594, 21.583222072195987], [85.3882895129301, 21.583221137445037], [85.38829251123703, 21.58295019451505], [85.38819594988983, 21.582949259719182], [85.38819794885694, 21.582768631099192], [85.38810138762652, 21.582767696258408], [85.38810338669244, 21.582587067647403], [85.38800682559678, 21.58258613275272], [85.38800882475252, 21.582405504150696], [85.38791226378262, 21.582404569211096], [85.38791426304617, 21.582223940609072], [85.38781770219305, 21.582223005615578], [85.38781970155542, 21.582042377022535], [85.38772314082806, 21.582041441984124], [85.38772514028923, 21.58186081339108], [85.38762857968763, 21.581859878307753], [85.38763057923865, 21.581679249723695], [85.38753401876282, 21.58167831459545], [85.38753601842161, 21.581497686011392], [85.38743945807155, 21.58149675082925], [85.38744145782917, 21.581316122254176], [85.38734489760488, 21.581315187027116], [85.38734689745233, 21.581134558452042], [85.38725033735379, 21.58113362318007], [85.38725233730904, 21.580952994613977], [85.38734889729079, 21.58095392987697], [85.38734989719656, 21.58086361558494], [85.38773613693493, 21.580867356053], [85.38773413759054, 21.581047984672992], [85.38783069766212, 21.581048919657505], [85.38782969803484, 21.5811392339675], [85.38802281830378, 21.581141103783814], [85.38802481730681, 21.580960475145858], [85.3881213773245, 21.58096140995969], [85.38812237675415, 21.580871095631732], [85.38860517665394, 21.580875768847502], [85.38860417752073, 21.580966083202412], [85.38879729763696, 21.580967952102448], [85.38879829664441, 21.580877637747534], [85.38889485665311, 21.580878572112212], [85.38889585559767, 21.580788257748317], [85.3890889754983, 21.58079012629801], [85.3890879766795, 21.580880440670885], [85.38918453669719, 21.58088137486488], [85.38918353792332, 21.58097168923776], [85.38928009801286, 21.580972623377857], [85.38927909929288, 21.581062937759718], [85.38937565944532, 21.581063871845917], [85.38937466077923, 21.581154186227774], [85.38956778121884, 21.581156054256443], [85.38956877975917, 21.5810657398656], [85.38985846027037, 21.581068541468426], [85.38985746190971, 21.581158855868253], [85.39005058240323, 21.581160723339963], [85.39004958415038, 21.581251037748775], [85.39043582542486, 21.581254772027442], [85.39043881944683, 21.580983828747115], [85.39072849992209, 21.580986628822803], [85.39072750210043, 21.581076943267547], [85.39063094187613, 21.5810760099539], [85.39062894609805, 21.58125663882542], [85.39072550643913, 21.581257572148047], [85.39072450860847, 21.581347886583806], [85.39091762942539, 21.58134975305839], [85.39091663171152, 21.58144006750313], [85.39101319218734, 21.581441000664064], [85.39101219451838, 21.58153131510881], [85.39091563397967, 21.581530381947875], [85.39091463624784, 21.581620696392616], [85.3907215150716, 21.581618829891084], [85.39072251292022, 21.581528515455325], [85.39043283136698, 21.581525715289803], [85.39042684309847, 21.582067601805544], [85.39033028223636, 21.582066668285286], [85.39032928410927, 21.582156982694094], [85.39023272319326, 21.582156049110953], [85.39023072681331, 21.58233667791959]]], [[[85.38974792169431, 21.582332009114545], [85.38984448270912, 21.58233294298515], [85.38984348426763, 21.582423257375993], [85.38974692318992, 21.582422323496406], [85.38974792169431, 21.582332009114545]]]]}, "id": "+39+133", "properties": {"annual_rainfall": 1382.1430009414753, "area_ha": 5.906397363129776, "aspect": 193.4326193791205, "canopy_height": 21.951539648256713, "canopy_height_max": 22.495945695772914, "canopy_height_std": 0.4992371475765828, "centroid_lat": 21.58189956071058, "centroid_lon": 85.38893184948469, "cluster_id": 1, "distance_to_water": 463409.50001051987, "elevation": 594.9176377842628, "n_pixels": 591, "ndvi_amplitude_annual": 0.1301824073739794, "ndvi_mean": 0.6798864877038052, "ndvi_phase_annual": -1.6244742050447258, "ndvi_residual_variance": 0.007674207982894566, "ndvi_trend": 0.005711999402217899, "perim_m": 1920.1072453642416, "slope": 6.14593783575874, "stand_id": 87, "stand_lbl": 9, "vh_iqr": 2.3556304059708126, "vh_p10": -16.168373596009562, "vh_p50": -14.990558393024143, "vh_p90": -13.812743190038763, "vv_iqr": 2.5276808558052624, "vv_minus_vh_median": 6.377164807715807, "vv_p10": -9.877234013210986, "vv_p50": -8.613393585308353, "vv_p90": -7.349553157405723}}, {"type": "Feature", "geometry": {"type": "Polygon", "coordinates": [[[85.39197780019296, 21.581540643654893], [85.39198677362603, 21.580727813203055], [85.39217989374225, 21.580729678159482], [85.39218188754404, 21.580549049144235], [85.39227844748986, 21.580549981532616], [85.39227944432338, 21.580459667016008], [85.39237600421531, 21.58046059934151], [85.39237500744467, 21.5805509138671], [85.39247156739947, 21.580551846138704], [85.39247057068273, 21.580642160664294], [85.39256713070941, 21.58064309289098], [85.39256613404656, 21.58073340741657], [85.39266269413612, 21.58073433958936], [85.39266169752717, 21.58082465411495], [85.39295137800245, 21.580827450309915], [85.39294938512592, 21.58100807939703], [85.3930459454131, 21.581009011354222], [85.39304694179746, 21.580918696810663], [85.39324006227302, 21.580920560554368], [85.39323906601442, 21.58101087511589], [85.39333562631957, 21.581011806902403], [85.39333463010588, 21.581102121463925], [85.39323806974683, 21.58110118965945], [85.39323707347926, 21.58119150421199], [85.39304395264438, 21.581189640441337], [85.39303897061475, 21.581641213132173], [85.39294240990537, 21.58164028114803], [85.3929414134222, 21.581730595673623], [85.3928448526589, 21.5817296636266], [85.39284385611285, 21.58181997815219], [85.39265073448745, 21.581818113869495], [85.3926487411438, 21.581998742902712], [85.3922624974708, 21.581995013636643], [85.39226349438518, 21.581904699138], [85.39216693354103, 21.581903766686736], [85.39217092138716, 21.58154250869217], [85.39197780019296, 21.581540643654893]]]}, "id": "+80+116", "properties": {"annual_rainfall": 1382.1430009414753, "area_ha": 1.413929834045185, "aspect": 238.3232544363459, "canopy_height": 5.525433332474824, "canopy_height_max": 9.352357895279056, "canopy_height_std": 2.298958476231538, "centroid_lat": 21.581259234706692, "centroid_lon": 85.39252231936261, "cluster_id": 3, "distance_to_water": 463409.50001051987, "elevation": 590.7105879928914, "n_pixels": 141, "ndvi_amplitude_annual": 0.08220306307826904, "ndvi_mean": 0.2943250002797951, "ndvi_phase_annual": -2.5720504343967434, "ndvi_residual_variance": 0.0016102732108046447, "ndvi_trend": 0.005667565987947403, "perim_m": 640.0365981390638, "slope": 3.4734334354959167, "stand_id": 88, "stand_lbl": 29, "vh_iqr": 2.027230002915339, "vh_p10": -19.56487210462669, "vh_p50": -18.55125710316902, "vh_p90": -17.53764210171134, "vv_iqr": 1.821104730132767, "vv_minus_vh_median": 7.719131764904178, "vv_p10": -11.742677703331221, "vv_p50": -10.832125338264841, "vv_p90": -9.921572973198458}}, {"type": "Feature", "geometry": {"type": "Polygon", "coordinates": [[[85.39235606777844, 21.582266889538914], [85.39235905837782, 21.58199594603401], [85.3926487411438, 21.581998742902712], [85.39265073448745, 21.581818113869495], [85.39284385611285, 21.58181997815219], [85.3928448526589, 21.5817296636266], [85.3929414134222, 21.581730595673623], [85.39294240990537, 21.58164028114803], [85.39303897061475, 21.581641213132173], [85.39304395264438, 21.581189640441337], [85.39323707347926, 21.58119150421199], [85.39323806974683, 21.58110118965945], [85.39333463010588, 21.581102121463925], [85.39333562631957, 21.581011806902403], [85.39323906601442, 21.58101087511589], [85.39324006227302, 21.580920560554368], [85.39304694179746, 21.580918696810663], [85.3930459454131, 21.581009011354222], [85.39294938512592, 21.58100807939703], [85.39295337085203, 21.580646821222803], [85.39266369073607, 21.580644025054784], [85.392665683927, 21.58046339599462], [85.39256912401711, 21.580462463830816], [85.39257111730687, 21.58028183477065], [85.3923779977476, 21.580279970299312], [85.39238098799665, 21.58000902673152], [85.39257410720556, 21.58001089117591], [85.39257610044142, 21.579830262106764], [85.39276921942576, 21.57983212631759], [85.39277021591792, 21.57974181176505], [85.39286677536069, 21.579742743785125], [85.39287175744421, 21.579291171022422], [85.39306487574584, 21.579293034837992], [85.3930658720224, 21.579202720276466], [85.3931624311238, 21.57920365209891], [85.39316043867846, 21.579384281230944], [85.39335355712383, 21.579386144723117], [85.39335256101795, 21.579476459293623], [85.39325600172789, 21.579475527569993], [85.39325500555015, 21.5795658421405], [85.39315844620619, 21.579564910362972], [85.39315147240498, 21.58019711228465], [85.39324803216215, 21.580198044098115], [85.39324504349415, 21.580468987782684], [85.39334160343998, 21.580469919551227], [85.39333961108447, 21.580650548674274], [85.39353273122764, 21.58065241205865], [85.39353671544457, 21.580291153776628], [85.3938263949856, 21.580293948381577], [85.39382539911327, 21.58038426297005], [85.39372883920339, 21.580383331479982], [85.39372784327716, 21.58047364605947], [85.39363128330439, 21.580472714515505], [85.39362729929407, 21.580833972815498], [85.39372385950041, 21.58083490437743], [85.39372186758507, 21.581015533527427], [85.39362530726196, 21.58101460195651], [85.39362431123692, 21.581104916518033], [85.39372087162292, 21.581105848097934], [85.39371987565178, 21.58119616266844], [85.39381643610066, 21.58119709419444], [85.39381544018342, 21.581287408764947], [85.39371887967167, 21.581286477238947], [85.39371688770244, 21.581467106379957], [85.39362032707389, 21.58146617479108], [85.39361933102191, 21.5815564893526], [85.39352277034844, 21.581555557700835], [85.39352077810973, 21.5817361868149], [85.39342421731051, 21.581735255100252], [85.39342322112377, 21.581825569652793], [85.39332666027963, 21.581824637875265], [85.39332367150384, 21.58209558151492], [85.39322711048003, 21.582094649665525], [85.39322611415855, 21.582184964209084], [85.39312955308085, 21.582184032296805], [85.39312457106021, 21.582635604960693], [85.39273832560856, 21.582631876691753], [85.39273932226241, 21.582541562175145], [85.3925461996848, 21.582539697721774], [85.39254719645545, 21.582449383214147], [85.39245063523401, 21.582448450906615], [85.39245163205855, 21.58235813639899], [85.39254819321711, 21.582359068706523], [85.39255018672245, 21.582178439691276], [85.39245362568967, 21.582177507392725], [85.39245262887411, 21.58226782190035], [85.39235606777844, 21.582266889538914]]]}, "id": "+85+123", "properties": {"annual_rainfall": 1382.1430009414753, "area_ha": 2.3966623609261246, "aspect": 211.34495633753446, "canopy_height": 13.427800722373782, "canopy_height_max": 15.62770318667419, "canopy_height_std": 1.8972760129526935, "centroid_lat": 21.581027901554656, "centroid_lon": 85.39306492996457, "cluster_id": 3, "distance_to_water": 463409.50001051987, "elevation": 592.1132785711023, "n_pixels": 240, "ndvi_amplitude_annual": 0.13077825579389268, "ndvi_mean": 0.4029029393898521, "ndvi_phase_annual": -2.5431566984863356, "ndvi_residual_variance": 0.0036345228847197582, "ndvi_trend": 0.007089822168218408, "perim_m": 1500.0860350579235, "slope": 3.0600301751070615, "stand_id": 89, "stand_lbl": 32, "vh_iqr": 2.3093427688945667, "vh_p10": -18.192600545534905, "vh_p50": -17.03792916108765, "vh_p90": -15.883257776640345, "vv_iqr": 1.9850969663687767, "vv_minus_vh_median": 6.757908083573804, "vv_p10": -11.272569560698207, "vv_p50": -10.280021077513823, "vv_p90": -9.28747259432943}}, {"type": "Feature", "geometry": {"type": "Polygon", "coordinates": [[[85.39352077810973, 21.5817361868149], [85.39352277034844, 21.581555557700835], [85.39361933102191, 21.5815564893526], [85.39362032707389, 21.58146617479108], [85.39371688770244, 21.581467106379957], [85.39371887967167, 21.581286477238947], [85.39381544018342, 21.581287408764947], [85.39381643610066, 21.58119709419444], [85.39371987565178, 21.58119616266844], [85.39372087162292, 21.581105848097934], [85.39381743200892, 21.58110677961495], [85.39381842791718, 21.58101646503546], [85.39401154859036, 21.581018327898814], [85.39401354015534, 21.58083769872187], [85.39411010037963, 21.580838630059223], [85.39411109609027, 21.58074831547075], [85.39401453591987, 21.580747384133396], [85.39401752320445, 21.580476440358993], [85.39392096322271, 21.580475508985707], [85.39392295484159, 21.58029487980876], [85.39401951469758, 21.580295811173066], [85.39402250191031, 21.580024867380697], [85.39411906159562, 21.58002579868212], [85.3941240398613, 21.579574225658906], [85.39402748047243, 21.579573294384435], [85.39402847617407, 21.579482979777996], [85.39431815417898, 21.57948577343073], [85.39431516760405, 21.579756717276997], [85.39479796528501, 21.579761372310866], [85.3947969700415, 21.579851686944256], [85.39499008926839, 21.579853548576917], [85.39499108438613, 21.579763233934546], [85.39528076308274, 21.57976602595235], [85.39528175802081, 21.579675711292012], [85.39537831753545, 21.57967664184783], [85.39537632778506, 21.579857271168507], [85.39527976814466, 21.579856340603705], [85.39527777825953, 21.580036969915398], [85.39508465876314, 21.58003510860613], [85.39508266861749, 21.58021573789087], [85.39479298904952, 21.58021294547781], [85.3947909985176, 21.580393574735606], [85.394597878599, 21.580391712824465], [85.39459688321178, 21.58048202744887], [85.39450032319408, 21.58048109640796], [85.39449833227589, 21.58066172562982], [85.3944017721504, 21.58066079452603], [85.39440077661943, 21.580751109132468], [85.39430421644005, 21.580750177965793], [85.39430322084621, 21.580840492572232], [85.39420666061292, 21.580839561342678], [85.39420466929049, 21.58102019053759], [85.39439779000858, 21.581022052951788], [85.39439679445965, 21.581112367549242], [85.39449335489056, 21.581113298679984], [85.3944913639005, 21.58129392789286], [85.39487760613619, 21.581297651876838], [85.39487661087472, 21.58138796649226], [85.39497317150327, 21.58138889735351], [85.3949721762957, 21.581479211977914], [85.39545497983366, 21.58148386546668], [85.39545398491356, 21.58157418010905], [85.39564710648504, 21.581576041121878], [85.39564810127939, 21.58148572646154], [85.39574466201573, 21.58148665688261], [85.39574366728426, 21.581576971542948], [85.3958402280745, 21.581577901910123], [85.39583923339694, 21.58166821657046], [85.3962254768813, 21.5816719374822], [85.39622746576032, 21.58149130812559], [85.39642058729588, 21.581493168231116], [85.39641959297764, 21.581583482918404], [85.3965161538128, 21.581584412899304], [85.39651714807714, 21.58149409820303], [85.3966137088494, 21.581495028121047], [85.39661271465692, 21.581585342817316], [85.39670927550107, 21.581586272672453], [85.39670728720596, 21.581766902073976], [85.39661072624503, 21.581765972200877], [85.39661172045547, 21.581675657504604], [85.3964185986594, 21.581673797605692], [85.39641660999597, 21.581854426980268], [85.39632004899013, 21.581853496936485], [85.39631905459105, 21.581943811614792], [85.39622249352233, 21.58194288151711], [85.3962234879843, 21.58185256683881], [85.39612692698745, 21.58185163668723], [85.3961259324626, 21.58194195135655], [85.39602937141186, 21.581941021142093], [85.3960283768331, 21.58203133580243], [85.39593181571946, 21.58203040553407], [85.39593082106886, 21.582120720194407], [85.3958342599103, 21.582119789854186], [85.39583624931933, 21.581939160542493], [85.39545000519718, 21.58193543867854], [85.39545100013525, 21.581845124036168], [85.39525787823139, 21.581843262780797], [85.39525887327726, 21.581752948147408], [85.39467950803277, 21.581747363051793], [85.39468050343797, 21.58165704843637], [85.3944873818485, 21.58165518630065], [85.3944883773705, 21.581564871703197], [85.39419869520638, 21.581562078086392], [85.39419969089904, 21.58147176349792], [85.39400656960602, 21.58146990081423], [85.39400457797817, 21.58165052998219], [85.39381145646057, 21.581648667055955], [85.39381046051638, 21.58173898162646], [85.39352077810973, 21.5817361868149]]]}, "id": "+114+117", "properties": {"annual_rainfall": 1382.1430009414753, "area_ha": 2.4568331666564194, "aspect": 213.29189524893894, "canopy_height": 12.38373882673296, "canopy_height_max": 14.333288936245784, "canopy_height_std": 1.8482755586620936, "centroid_lat": 21.580931525600132, "centroid_lon": 85.39473993859362, "cluster_id": 5, "distance_to_water": 463409.50001051987, "elevation": 602.1919943217943, "n_pixels": 246, "ndvi_amplitude_annual": 0.19936205735115195, "ndvi_mean": 0.4241463657457114, "ndvi_phase_annual": -2.4134425294442887, "ndvi_residual_variance": 0.006047238783820755, "ndvi_trend": 0.00484117900013868, "perim_m": 1780.103913968032, "slope": 6.693938811421473, "stand_id": 90, "stand_lbl": 40, "vh_iqr": 2.1806898513281534, "vh_p10": -18.960753810478494, "vh_p50": -17.870408884814424, "vh_p90": -16.780063959150336, "vv_iqr": 1.9717836230794126, "vv_minus_vh_median": 7.74520785400701, "vv_p10": -11.111092842347118, "vv_p50": -10.125201030807425, "vv_p90": -9.13930921926772}}, {"type": "Feature", "geometry": {"type": "Polygon", "coordinates": [[[85.39131484310005, 21.58036002619012], [85.39131783534334, 21.58008908276606], [85.39141439494782, 21.580090015630553], [85.39141638962995, 21.579909386669204], [85.39151294911763, 21.579910319470812], [85.39151195183496, 21.58000063396047], [85.39160851138551, 21.58000156671716], [85.39160751416571, 21.58009188120682], [85.39228343160357, 21.580098408949578], [85.39228442841014, 21.580008094423988], [85.39218786881466, 21.580007162062554], [85.39218886567514, 21.579916847545945], [85.39247854428191, 21.579919644450584], [85.39247954096271, 21.579829329924994], [85.39257610044142, 21.579830262106764], [85.39257410720556, 21.58001089117591], [85.39238098799665, 21.58000902673152], [85.3923779977476, 21.580279970299312], [85.39257111730687, 21.58028183477065], [85.39256912401711, 21.580462463830816], [85.392665683927, 21.58046339599462], [85.39266369073607, 21.580644025054784], [85.39295337085203, 21.580646821222803], [85.39295137800245, 21.580827450309915], [85.39266169752717, 21.58082465411495], [85.39266269413612, 21.58073433958936], [85.39256613404656, 21.58073340741657], [85.39256713070941, 21.58064309289098], [85.39247057068273, 21.580642160664294], [85.39247156739947, 21.580551846138704], [85.39237500744467, 21.5805509138671], [85.39237600421531, 21.58046059934151], [85.39227944432338, 21.580459667016008], [85.39227844748986, 21.580549981532616], [85.39218188754404, 21.580549049144235], [85.39217989374225, 21.580729678159482], [85.39198677362603, 21.580727813203055], [85.39197780019296, 21.581540643654893], [85.39217092138716, 21.58154250869217], [85.39216693354103, 21.581903766686736], [85.39226349438518, 21.581904699138], [85.3922624974708, 21.581995013636643], [85.39206937566574, 21.581993148662246], [85.39207037269689, 21.58190283417259], [85.39197381186175, 21.581901901613527], [85.39197480895578, 21.581811587123866], [85.3918782481835, 21.581810654510907], [85.39187924532244, 21.58172034002125], [85.39168612392163, 21.58171847463363], [85.3916881184331, 21.58153784568126], [85.39159155785845, 21.581536912906603], [85.39159255516807, 21.581446598434912], [85.39139943415354, 21.58144473273288], [85.39140242640582, 21.58117378933577], [85.39149898672893, 21.58117472220026], [85.3914999840745, 21.581084407728568], [85.39169310462191, 21.581086273277887], [85.39169111016434, 21.581266902239236], [85.39178767056832, 21.58126783494203], [85.39178866773422, 21.581177520461353], [85.39188522808428, 21.581178453101266], [85.39188722229031, 21.580997824121948], [85.391790662066, 21.580996891482037], [85.39179165922292, 21.58090657699238], [85.39169509906151, 21.580905644307553], [85.39169908787781, 21.580544386366885], [85.39179564780567, 21.580545319033746], [85.39179664493562, 21.580455004535107], [85.39141040551166, 21.58045127354427], [85.39141140288417, 21.58036095907258], [85.39131484310005, 21.58036002619012]]]}, "id": "+76+116", "properties": {"annual_rainfall": 1382.1430009414753, "area_ha": 1.3337062951507983, "aspect": 180.54288440567055, "canopy_height": 14.683369683751357, "canopy_height_max": 16.861286804798247, "canopy_height_std": 2.233184236738233, "centroid_lat": 21.580740889878328, "centroid_lon": 85.3919695658684, "cluster_id": 3, "distance_to_water": 463409.50001051987, "elevation": 587.5319247546348, "n_pixels": 133, "ndvi_amplitude_annual": 0.09516186253724052, "ndvi_mean": 0.4453019979132889, "ndvi_phase_annual": -0.1520048337937509, "ndvi_residual_variance": 0.0032711416506461563, "ndvi_trend": 0.0031247034698144967, "perim_m": 1220.0695631642006, "slope": 2.1511450381679396, "stand_id": 91, "stand_lbl": 26, "vh_iqr": 2.117733371572497, "vh_p10": -17.213928119828914, "vh_p50": -16.155061434042683, "vh_p90": -15.09619474825642, "vv_iqr": 1.905436142643201, "vv_minus_vh_median": 6.941431929799807, "vv_p10": -10.166347575564465, "vv_p50": -9.213629504242862, "vv_p90": -8.260911432921262}}, {"type": "Feature", "geometry": {"type": "Polygon", "coordinates": [[[85.38715677735881, 21.580861745005055], [85.3871587774039, 21.580681116438967], [85.38735189699909, 21.5806829869919], [85.38735389677468, 21.58050235840784], [85.38745045646897, 21.580503293589985], [85.38745345591676, 21.58023235068695], [85.38764657494602, 21.58023422086259], [85.38764557525586, 21.580324535172583], [85.38783869442885, 21.580326405141612], [85.38783769485546, 21.58041671945161], [85.38812737383056, 21.580419523991925], [85.38812837322428, 21.58032920966396], [85.38851461169602, 21.580332948245562], [85.38851361253586, 21.58042326259149], [85.38861017223016, 21.580424197099898], [85.3886091731239, 21.58051451145481], [85.38870573288108, 21.580515445909317], [85.38870473382872, 21.580605760264227], [85.38880129364877, 21.58060669467382], [85.38880029465031, 21.58069700902873], [85.38889685453326, 21.580697943384425], [85.38889785346883, 21.58060762902053], [85.3891875329829, 21.580610431737266], [85.389186534227, 21.580700746119128], [85.38928309412789, 21.580701680250243], [85.38928109672386, 21.58088230900498], [85.3890879766795, 21.580880440670885], [85.3890889754983, 21.58079012629801], [85.38889585559767, 21.580788257748317], [85.38889485665311, 21.580878572112212], [85.38879829664441, 21.580877637747534], [85.38879729763696, 21.580967952102448], [85.38860417752073, 21.580966083202412], [85.38860517665394, 21.580875768847502], [85.38812237675415, 21.580871095631732], [85.3881213773245, 21.58096140995969], [85.38802481730681, 21.580960475145858], [85.38802281830378, 21.581141103783814], [85.38782969803484, 21.5811392339675], [85.38783069766212, 21.581048919657505], [85.38773413759054, 21.581047984672992], [85.38773613693493, 21.580867356053], [85.38734989719656, 21.58086361558494], [85.38734889729079, 21.58095392987697], [85.38725233730904, 21.580952994613977], [85.38725333727768, 21.580862680321946], [85.38715677735881, 21.580861745005055]]]}, "id": "+32+107", "properties": {"annual_rainfall": 1382.1430009414753, "area_ha": 1.083006069322758, "aspect": 178.31965157266816, "canopy_height": 15.258636317856782, "canopy_height_max": 17.303655957296805, "canopy_height_std": 1.311498140843039, "centroid_lat": 21.580674413715293, "centroid_lon": 85.38810756438907, "cluster_id": 1, "distance_to_water": 463409.50001051987, "elevation": 582.5623644251626, "n_pixels": 108, "ndvi_amplitude_annual": 0.10389777732362371, "ndvi_mean": 0.36954089244659655, "ndvi_phase_annual": -2.321841715211484, "ndvi_residual_variance": 0.003179477524648612, "ndvi_trend": 0.008020730887656967, "perim_m": 740.0411439630185, "slope": 5.020166757049893, "stand_id": 92, "stand_lbl": 7, "vh_iqr": 2.1048979006748008, "vh_p10": -18.142359870548024, "vh_p50": -17.089910920210624, "vh_p90": -16.037461969873235, "vv_iqr": 1.6929362275732946, "vv_minus_vh_median": 6.964188204439121, "vv_p10": -10.972190829558166, "vv_p50": -10.12572271577151, "vv_p90": -9.279254601984855}}, {"type": "Feature", "geometry": {"type": "MultiPolygon", "coordinates": [[[[85.3966137088494, 21.581495028121047], [85.39671026963964, 21.58149595797618], [85.39670927550107, 21.581586272672453], [85.39661271465692, 21.581585342817316], [85.3966137088494, 21.581495028121047]]], [[[85.3966137088494, 21.581495028121047], [85.39651714807714, 21.58149409820303], [85.3965161538128, 21.581584412899304], [85.39641959297764, 21.581583482918404], [85.39642058729588, 21.581493168231116], [85.39622746576032, 21.58149130812559], [85.3962254768813, 21.5816719374822], [85.39583923339694, 21.58166821657046], [85.3958402280745, 21.581577901910123], [85.39574366728426, 21.581576971542948], [85.39574466201573, 21.58148665688261], [85.39564810127939, 21.58148572646154], [85.39564710648504, 21.581576041121878], [85.39545398491356, 21.58157418010905], [85.39545497983366, 21.58148386546668], [85.3949721762957, 21.581479211977914], [85.39497317150327, 21.58138889735351], [85.39487661087472, 21.58138796649226], [85.39487760613619, 21.581297651876838], [85.3944913639005, 21.58129392789286], [85.39449335489056, 21.581113298679984], [85.39439679445965, 21.581112367549242], [85.39439779000858, 21.581022052951788], [85.39420466929049, 21.58102019053759], [85.39420666061292, 21.580839561342678], [85.39430322084621, 21.580840492572232], [85.39430421644005, 21.580750177965793], [85.39440077661943, 21.580751109132468], [85.3944017721504, 21.58066079452603], [85.39449833227589, 21.58066172562982], [85.39450032319408, 21.58048109640796], [85.39459688321178, 21.58048202744887], [85.394597878599, 21.580391712824465], [85.3947909985176, 21.580393574735606], [85.39479298904952, 21.58021294547781], [85.39508266861749, 21.58021573789087], [85.39508465876314, 21.58003510860613], [85.39527777825953, 21.580036969915398], [85.39527976814466, 21.579856340603705], [85.39537632778506, 21.579857271168507], [85.39537831753545, 21.57967664184783], [85.39518519850618, 21.579674780682293], [85.39518718847216, 21.5794941513706], [85.39528374786104, 21.57949508198032], [85.39528673259441, 21.57922413799032], [85.39519017338522, 21.57922320740755], [85.3951921632973, 21.579042578086874], [85.39538528149113, 21.57904443918953], [85.39538428665186, 21.579134753858852], [85.39548084581615, 21.579135684333824], [85.39547985103978, 21.579225999003146], [85.39576952873925, 21.579228790104665], [85.39576654490419, 21.579499734148563], [85.39586310432, 21.57950066441692], [85.39586111519844, 21.579681293782514], [85.39595767474002, 21.579682224005953], [85.39595469119241, 21.579953168058836], [85.39605125092264, 21.579954098237362], [85.39604926198074, 21.580134727611938], [85.39614582183673, 21.580135657745547], [85.39614283855862, 21.58040660180741], [85.39623939860326, 21.580407531896107], [85.39623740985, 21.580588161279664], [85.3963339700204, 21.58058909131446], [85.39633098702078, 21.58086003539429], [85.39642754737982, 21.580860965393153], [85.39642555880621, 21.581041594776714], [85.39652211928205, 21.581042524730663], [85.39651913656988, 21.581313468819474], [85.39661569723435, 21.581314398719524], [85.3966137088494, 21.581495028121047]]]]}, "id": "+117+112", "properties": {"annual_rainfall": 1382.1430009414753, "area_ha": 3.6401267432839917, "aspect": 213.7639826735892, "canopy_height": 5.2040677068480905, "canopy_height_max": 7.93428932252414, "canopy_height_std": 1.7796712850528529, "centroid_lat": 21.580649367166675, "centroid_lon": 85.39550075237938, "cluster_id": 3, "distance_to_water": 463409.50001051987, "elevation": 603.3261806868541, "n_pixels": 364, "ndvi_amplitude_annual": 0.2535499642919759, "ndvi_mean": 0.39934619658939147, "ndvi_phase_annual": -2.134960425469533, "ndvi_residual_variance": 0.011663674080191321, "ndvi_trend": 0.004923531412915792, "perim_m": 1220.0713753676077, "slope": 7.429608955313467, "stand_id": 93, "stand_lbl": 45, "vh_iqr": 2.219302044858759, "vh_p10": -19.126873268437386, "vh_p50": -18.017222246008007, "vh_p90": -16.90757122357864, "vv_iqr": 1.9803303847430038, "vv_minus_vh_median": 8.360064363890363, "vv_p10": -10.647323074489156, "vv_p50": -9.65715788211765, "vv_p90": -8.666992689746156}}, {"type": "Feature", "geometry": {"type": "Polygon", "coordinates": [[[85.38677853969621, 21.580135489032955], [85.38677953991638, 21.580045174758894], [85.38716577737303, 21.580048916421713], [85.3871647773954, 21.580139230713744], [85.38726133682918, 21.5801401659947], [85.38725733709835, 21.580501423162815], [85.38696765807835, 21.580498617104347], [85.38696965832106, 21.580317988547236], [85.38687309877947, 21.580317053086617], [85.38687509911202, 21.58013642453849], [85.38677853969621, 21.580135489032955]]]}, "id": "+24+100", "properties": {"annual_rainfall": 1382.1430009414753, "area_ha": 0.18050086037172616, "aspect": 43.63110129997548, "canopy_height": 16.217805718921113, "canopy_height_max": 18.766173190022307, "canopy_height_std": 2.55572037700552, "centroid_lat": 21.580258662136025, "centroid_lon": 85.38706152079048, "cluster_id": 4, "distance_to_water": 463409.50001051987, "elevation": 583.187392690704, "n_pixels": 18, "ndvi_amplitude_annual": 0.1667126454113892, "ndvi_mean": 0.5993117945649028, "ndvi_phase_annual": -2.9332733593208693, "ndvi_residual_variance": 0.005500373920187215, "ndvi_trend": -0.031120438695626702, "perim_m": 200.01098474518318, "slope": 3.753249938680402, "stand_id": 94, "stand_lbl": 8, "vh_iqr": 2.8069107167584773, "vh_p10": -21.183223052384523, "vh_p50": -19.779767694005283, "vh_p90": -18.376312335626054, "vv_iqr": 1.2933942791529873, "vv_minus_vh_median": 8.276855427411318, "vv_p10": -12.149609406170462, "vv_p50": -11.502912266593974, "vv_p90": -10.856215127017476}}, {"type": "Feature", "geometry": {"type": "MultiPolygon", "coordinates": [[[[85.3915199299257, 21.57927811803422], [85.39132681179476, 21.579276252431004], [85.3913278091493, 21.579185937941347], [85.39142436815189, 21.579186870769902], [85.39142536544355, 21.579096556280245], [85.39152192439225, 21.57909748904592], [85.3915199299257, 21.57927811803422]]], [[[85.39197381186175, 21.581901901613527], [85.39207037269689, 21.58190283417259], [85.39206937566574, 21.581993148662246], [85.39197281476771, 21.5819922160942], [85.39197381186175, 21.581901901613527]]], [[[85.3915199299257, 21.57927811803422], [85.39161648900016, 21.57927905075498], [85.3916154918163, 21.579369365253623], [85.39171205095363, 21.57937029792048], [85.3917130480836, 21.57927998342184], [85.39190616625946, 21.5792818485759], [85.39190716325469, 21.579191534068276], [85.39200372229321, 21.579192466555472], [85.39200272535189, 21.57928278107208], [85.39229240266509, 21.579285578228244], [85.39229339942675, 21.579195263702655], [85.39238995848324, 21.579196195965274], [85.39238896178446, 21.57928651049985], [85.39248552090383, 21.57928744271755], [85.3924875141846, 21.57910681363942], [85.3925840731872, 21.57910774579424], [85.3925850697602, 21.579017431250684], [85.3926816287089, 21.57901836334262], [85.39268262521004, 21.578928048790083], [85.3928757430176, 21.578929912794294], [85.39287673939297, 21.578839598232772], [85.39306985709273, 21.57884146201241], [85.39306886083413, 21.578931776582916], [85.39345509653907, 21.57893550347743], [85.39345410051403, 21.579025818056923], [85.39364721851922, 21.579027681180786], [85.39364821442747, 21.578937366583332], [85.39374477337617, 21.578938298055434], [85.39374377753079, 21.579028612652888], [85.39393689556292, 21.579030475435395], [85.39393789129151, 21.578940160828957], [85.39413100922484, 21.578942023386883], [85.39413200482767, 21.57885170877146], [85.39422856374941, 21.5788526399561], [85.39422955928038, 21.57876232534068], [85.39432611814821, 21.578763256462437], [85.3943271136163, 21.578672941838033], [85.39442367242125, 21.578673872905892], [85.39442267700707, 21.578764187539278], [85.3945192358839, 21.57876511855324], [85.3945202312352, 21.578674803919853], [85.3949064665359, 21.578678527409753], [85.39490845674443, 21.57849789809806], [85.39500501546854, 21.57849882882456], [85.39500601050544, 21.578408514164224], [85.39510256916667, 21.57840944482784], [85.39510356414067, 21.578319130167504], [85.39520012274801, 21.578320060768238], [85.39520111765914, 21.578229746098916], [85.3951045591057, 21.578228815498182], [85.39510555407072, 21.57813850083784], [85.39529867105183, 21.57814036196745], [85.39529668136433, 21.578320991315074], [85.39539323998063, 21.578321921808012], [85.39539125039195, 21.578502551155637], [85.39548780913402, 21.578503481603658], [85.39548482488574, 21.57877442563857], [85.39558138381646, 21.578775356032697], [85.39557939440743, 21.578955985398288], [85.39567595346392, 21.578956915747494], [85.39567296949411, 21.57922785979139], [85.39547985103978, 21.579225999003146], [85.39548084581615, 21.579135684333824], [85.39538428665186, 21.579134753858852], [85.39538528149113, 21.57904443918953], [85.3951921632973, 21.579042578086874], [85.39519017338522, 21.57922320740755], [85.39528673259441, 21.57922413799032], [85.39528374786104, 21.57949508198032], [85.39518718847216, 21.5794941513706], [85.39518519850618, 21.579674780682293], [85.39528175802081, 21.579675711292012], [85.39528076308274, 21.57976602595235], [85.39499108438613, 21.579763233934546], [85.39499008926839, 21.579853548576917], [85.3947969700415, 21.579851686944256], [85.39479796528501, 21.579761372310866], [85.39431516760405, 21.579756717276997], [85.39431815417898, 21.57948577343073], [85.39402847617407, 21.579482979777996], [85.39402748047243, 21.579573294384435], [85.3941240398613, 21.579574225658906], [85.39411906159562, 21.58002579868212], [85.39402250191031, 21.580024867380697], [85.39401951469758, 21.580295811173066], [85.39392295484159, 21.58029487980876], [85.39392096322271, 21.580475508985707], [85.39401752320445, 21.580476440358993], [85.39401453591987, 21.580747384133396], [85.39411109609027, 21.58074831547075], [85.39411010037963, 21.580838630059223], [85.39401354015534, 21.58083769872187], [85.39401154859036, 21.581018327898814], [85.39381842791718, 21.58101646503546], [85.39381743200892, 21.58110677961495], [85.39362431123692, 21.581104916518033], [85.39362530726196, 21.58101460195651], [85.39372186758507, 21.581015533527427], [85.39372385950041, 21.58083490437743], [85.39362729929407, 21.580833972815498], [85.39363128330439, 21.580472714515505], [85.39372784327716, 21.58047364605947], [85.39372883920339, 21.580383331479982], [85.39382539911327, 21.58038426297005], [85.3938263949856, 21.580293948381577], [85.39353671544457, 21.580291153776628], [85.39353273122764, 21.58065241205865], [85.39333961108447, 21.580650548674274], [85.39334160343998, 21.580469919551227], [85.39324504349415, 21.580468987782684], [85.39324803216215, 21.580198044098115], [85.39315147240498, 21.58019711228465], [85.39315844620619, 21.579564910362972], [85.39325500555015, 21.5795658421405], [85.39325600172789, 21.579475527569993], [85.39335256101795, 21.579476459293623], [85.39335355712383, 21.579386144723117], [85.39316043867846, 21.579384281230944], [85.3931624311238, 21.57920365209891], [85.3930658720224, 21.579202720276466], [85.39306487574584, 21.579293034837992], [85.39287175744421, 21.579291171022422], [85.39286677536069, 21.579742743785125], [85.39277021591792, 21.57974181176505], [85.39276921942576, 21.57983212631759], [85.39247954096271, 21.579829329924994], [85.39247854428191, 21.579919644450584], [85.39218886567514, 21.579916847545945], [85.39218786881466, 21.580007162062554], [85.39228442841014, 21.580008094423988], [85.39228343160357, 21.580098408949578], [85.39160751416571, 21.58009188120682], [85.39160851138551, 21.58000156671716], [85.39151195183496, 21.58000063396047], [85.39151294911763, 21.579910319470812], [85.39141638962995, 21.579909386669204], [85.39141439494782, 21.580090015630553], [85.39131783534334, 21.58008908276606], [85.39131484310005, 21.58036002619012], [85.39141140288417, 21.58036095907258], [85.39141040551166, 21.58045127354427], [85.39179664493562, 21.580455004535107], [85.39179564780567, 21.580545319033746], [85.39169908787781, 21.580544386366885], [85.39169509906151, 21.580905644307553], [85.39179165922292, 21.58090657699238], [85.391790662066, 21.580996891482037], [85.39188722229031, 21.580997824121948], [85.39188522808428, 21.581178453101266], [85.39178866773422, 21.581177520461353], [85.39178767056832, 21.58126783494203], [85.39169111016434, 21.581266902239236], [85.39169310462191, 21.581086273277887], [85.3914999840745, 21.581084407728568], [85.39149898672893, 21.58117472220026], [85.39140242640582, 21.58117378933577], [85.39139943415354, 21.58144473273288], [85.39159255516807, 21.581446598434912], [85.39159155785845, 21.581536912906603], [85.3916881184331, 21.58153784568126], [85.39168612392163, 21.58171847463363], [85.39187924532244, 21.58172034002125], [85.3918782481835, 21.581810654510907], [85.39197480895578, 21.581811587123866], [85.39197381186175, 21.581901901613527], [85.39158756857502, 21.58189817079337], [85.39158856590261, 21.581807856321678], [85.39149200515729, 21.581806923484137], [85.39149300253878, 21.581716609021427], [85.39139644185634, 21.58171567612999], [85.39139843672713, 21.58153504719559], [85.39120531561377, 21.58153318126898], [85.39120631315697, 21.58144286680627], [85.39091663171152, 21.58144006750313], [85.39091762942539, 21.58134975305839], [85.39072450860847, 21.581347886583806], [85.39072550643913, 21.581257572148047], [85.39062894609805, 21.58125663882542], [85.39063094187613, 21.5810760099539], [85.39072750210043, 21.581076943267547], [85.39072849992209, 21.580986628822803], [85.39043881944683, 21.580983828747115], [85.39043582542486, 21.581254772027442], [85.39004958415038, 21.581251037748775], [85.39005058240323, 21.581160723339963], [85.38985746190971, 21.581158855868253], [85.38985846027037, 21.581068541468426], [85.38956877975917, 21.5810657398656], [85.38956778121884, 21.581156054256443], [85.38937466077923, 21.581154186227774], [85.38937565944532, 21.581063871845917], [85.38927909929288, 21.581062937759718], [85.38928009801286, 21.580972623377857], [85.38918353792332, 21.58097168923776], [85.38918453669719, 21.58088137486488], [85.38928109672386, 21.58088230900498], [85.38928309412789, 21.580701680250243], [85.389186534227, 21.580700746119128], [85.3891875329829, 21.580610431737266], [85.38889785346883, 21.58060762902053], [85.38889685453326, 21.580697943384425], [85.38880029465031, 21.58069700902873], [85.38880129364877, 21.58060669467382], [85.38870473382872, 21.580605760264227], [85.38870573288108, 21.580515445909317], [85.3886091731239, 21.58051451145481], [85.38861017223016, 21.580424197099898], [85.38851361253586, 21.58042326259149], [85.38851461169602, 21.580332948245562], [85.38812837322428, 21.58032920966396], [85.38812737383056, 21.580419523991925], [85.38783769485546, 21.58041671945161], [85.38783869442885, 21.580326405141612], [85.38764557525586, 21.580324535172583], [85.38764657494602, 21.58023422086259], [85.38745345591676, 21.58023235068695], [85.38745045646897, 21.580503293589985], [85.38735389677468, 21.58050235840784], [85.38735189699909, 21.5806829869919], [85.38706221761078, 21.58068018107716], [85.38706421774569, 21.580499552511068], [85.38725733709835, 21.580501423162815], [85.38726133682918, 21.5801401659947], [85.3871647773954, 21.580139230713744], [85.38716577737303, 21.580048916421713], [85.38677953991638, 21.580045174758894], [85.38678054013654, 21.57995486048483], [85.3868770994266, 21.5799557959724], [85.38687809958388, 21.579865481698338], [85.38697465882004, 21.57986641713201], [85.38697565890546, 21.57977610283998], [85.38716877728794, 21.579777973536643], [85.38716677735066, 21.579958602129686], [85.38726333666766, 21.57995953740166], [85.38726233675291, 21.580049851693687], [85.38735889614178, 21.580050786911766], [85.38735989599364, 21.579960472610754], [85.3875530146546, 21.579962342876225], [85.38755401438968, 21.57987202856623], [85.38784369224186, 21.579874833528756], [85.38784269268645, 21.579965147847734], [85.38793925204837, 21.57996608273343], [85.38794025153192, 21.579875768405472], [85.38803681083994, 21.579876703219306], [85.3880378102606, 21.579786388891343], [85.38813436950574, 21.579787323651278], [85.38813536887251, 21.579697009314334], [85.38823192806375, 21.579697944011386], [85.38822793082124, 21.580059201377132], [85.38813137138746, 21.580058266662114], [85.388129372618, 21.580238895327017], [85.38822593216855, 21.58023983005102], [85.38822693149939, 21.580149515714076], [85.38832349099606, 21.580150450375196], [85.3883224917281, 21.580240764721125], [85.38861217042471, 21.580243568390078], [85.38861117132743, 21.580333882744988], [85.38870773095884, 21.580334817199496], [85.38870972902764, 21.58015418848069], [85.38880628855125, 21.58015512286333], [85.38880928542984, 21.57988417976267], [85.38900240412674, 21.579886048339308], [85.38900340295451, 21.579795733966428], [85.38909996225355, 21.579796668169408], [85.38910195977437, 21.57961603940569], [85.38929507814785, 21.57961790761402], [85.38929407950873, 21.57970822200486], [85.38939063876285, 21.57970915603716], [85.38938664439495, 21.58007041360952], [85.38957976338828, 21.580072281530388], [85.38957876490186, 21.580162595930215], [85.38967532447039, 21.580163529809802], [85.38967432604684, 21.58025384420963], [85.38996400495905, 21.580256645533975], [85.38996200843536, 21.58043727436058], [85.3900585682105, 21.580438208033552], [85.39005757000257, 21.580528522451345], [85.39025068966963, 21.580530389635594], [85.39024969157848, 21.580620704053388], [85.39044281138926, 21.580622571022044], [85.39044780120727, 21.580170998852232], [85.39054436082073, 21.58017193222876], [85.39054535871426, 21.580081617784018], [85.3906419182738, 21.58008255110665], [85.39064291609547, 21.579992236652924], [85.39073947560112, 21.579993169912672], [85.39074047335991, 21.579902855458947], [85.39083703281166, 21.579903788655812], [85.39083803050755, 21.579813474202087], [85.39093458989643, 21.579814407336073], [85.39093558752946, 21.579724092873363], [85.3910321468734, 21.57972502595345], [85.39103314443456, 21.579634711481756], [85.39112970372462, 21.57963564449896], [85.39113070122288, 21.57954533002727], [85.39103414198674, 21.579544397010064], [85.3910351395389, 21.579454082538373], [85.39113169871217, 21.579455015546593], [85.39113369368178, 21.57927438659423], [85.39123025273827, 21.579275319539565], [85.39122925531186, 21.57936563402024], [85.39132581443123, 21.57936656691168], [85.39132481705872, 21.579456881401338], [85.39142137624995, 21.57945781423888], [85.3914223735506, 21.57936749974922], [85.39151893268794, 21.579368432532863], [85.3915199299257, 21.57927811803422]]]]}, "id": "+74+116", "properties": {"annual_rainfall": 1382.1430009414753, "area_ha": 9.57661332625187, "aspect": 174.46181473689003, "canopy_height": 18.626090537490096, "canopy_height_max": 19.475417149655293, "canopy_height_std": 0.7666373753497835, "centroid_lat": 21.579998118384005, "centroid_lon": 85.39187343912144, "cluster_id": 3, "distance_to_water": 463409.50001051987, "elevation": 586.7776911165475, "n_pixels": 958, "ndvi_amplitude_annual": 0.13803442043756348, "ndvi_mean": 0.5826819422881986, "ndvi_phase_annual": -0.7178931432534308, "ndvi_residual_variance": 0.005502491698347203, "ndvi_trend": 0.001682137354680264, "perim_m": 4980.283184820356, "slope": 3.715797243158306, "stand_id": 95, "stand_lbl": 24, "vh_iqr": 2.2463547789620284, "vh_p10": -16.863843595855187, "vh_p50": -15.740666206374172, "vh_p90": -14.617488816893179, "vv_iqr": 1.9802440263476568, "vv_minus_vh_median": 6.2823579012458195, "vv_p10": -10.448430318302181, "vv_p50": -9.458308305128357, "vv_p90": -8.46818629195453}}, {"type": "Feature", "geometry": {"type": "MultiPolygon", "coordinates": [[[[85.39093558752946, 21.579724092873363], [85.39093458989643, 21.579814407336073], [85.39083803050755, 21.579813474202087], [85.39083902819448, 21.57972315973938], [85.39093558752946, 21.579724092873363]]], [[[85.3915199299257, 21.57927811803422], [85.39151893268794, 21.579368432532863], [85.3914223735506, 21.57936749974922], [85.39142137624995, 21.57945781423888], [85.39132481705872, 21.579456881401338], [85.39132581443123, 21.57936656691168], [85.39122925531186, 21.57936563402024], [85.39123025273827, 21.579275319539565], [85.39113369368178, 21.57927438659423], [85.39113169871217, 21.579455015546593], [85.3910351395389, 21.579454082538373], [85.39103414198674, 21.579544397010064], [85.39093758276854, 21.579543463947946], [85.3909385803836, 21.579453149476254], [85.39074546207299, 21.579451283181335], [85.39074845523257, 21.579180339802193], [85.39065189626591, 21.57917940658736], [85.39065488956022, 21.57890846320822], [85.39075144834723, 21.578909396414065], [85.39075643677285, 21.578457824082555], [85.39065987828229, 21.578456890894675], [85.39066087601414, 21.578366576431964], [85.39056431759545, 21.578365643190182], [85.39056830869347, 21.578004385339348], [85.3906648668786, 21.57800531855418], [85.39066287145984, 21.578185947497563], [85.39075942977072, 21.57818688066748], [85.39076042742171, 21.57809656619579], [85.39085698567871, 21.578097499302825], [85.39085598808161, 21.5781878137835], [85.39104910473034, 21.578189679844858], [85.39105109967299, 21.578009050874524], [85.39095454146991, 21.578008117875285], [85.39095653651137, 21.57782748890495], [85.39105309459768, 21.577828421895205], [85.39105409205104, 21.577738107405548], [85.39144032420764, 21.577741838773676], [85.39143932699682, 21.5778321532813], [85.39163244322333, 21.577834018641973], [85.3916294519053, 21.578104962182813], [85.3918225685181, 21.578106827345852], [85.39182157152288, 21.57819714186246], [85.39191812989665, 21.578198074367624], [85.39191513905473, 21.578469017935415], [85.39201169760817, 21.57846995038668], [85.39201070071177, 21.57856026491227], [85.39210725933705, 21.578561197318617], [85.39210626249455, 21.57865151184421], [85.39249249727423, 21.578655240930615], [85.39249150066529, 21.578745555474175], [85.39268461820335, 21.578747419685], [85.3926816287089, 21.57901836334262], [85.3925850697602, 21.579017431250684], [85.3925840731872, 21.57910774579424], [85.3924875141846, 21.57910681363942], [85.39248552090383, 21.57928744271755], [85.39238896178446, 21.57928651049985], [85.39238995848324, 21.579196195965274], [85.39229339942675, 21.579195263702655], [85.39229240266509, 21.579285578228244], [85.39200272535189, 21.57928278107208], [85.39200372229321, 21.579192466555472], [85.39190716325469, 21.579191534068276], [85.39190616625946, 21.5792818485759], [85.3917130480836, 21.57927998342184], [85.39171205095363, 21.57937029792048], [85.3916154918163, 21.579369365253623], [85.39161648900016, 21.57927905075498], [85.3915199299257, 21.57927811803422]], [[85.3915199299257, 21.57927811803422], [85.39152192439225, 21.57909748904592], [85.39142536544355, 21.579096556280245], [85.39142436815189, 21.579186870769902], [85.3913278091493, 21.579185937941347], [85.39132681179476, 21.579276252431004], [85.3915199299257, 21.57927811803422]]], [[[85.39103314443456, 21.579634711481756], [85.3910321468734, 21.57972502595345], [85.39093558752946, 21.579724092873363], [85.39093658515348, 21.579633778410656], [85.39103314443456, 21.579634711481756]]], [[[85.39103414198674, 21.579544397010064], [85.39113070122288, 21.57954533002727], [85.39112970372462, 21.57963564449896], [85.39103314443456, 21.579634711481756], [85.39103414198674, 21.579544397010064]]]]}, "id": "+62+92", "properties": {"annual_rainfall": 1382.1430009414753, "area_ha": 2.5771615251225963, "aspect": 152.8888004284701, "canopy_height": 15.356180246949323, "canopy_height_max": 17.80354066847125, "canopy_height_std": 1.8854906263226745, "centroid_lat": 21.578717213631048, "centroid_lon": 85.39146731781965, "cluster_id": 3, "distance_to_water": 463409.50001051987, "elevation": 595.4505449965976, "n_pixels": 258, "ndvi_amplitude_annual": 0.18617163149152718, "ndvi_mean": 0.5219661750317767, "ndvi_phase_annual": 0.28295847998501145, "ndvi_residual_variance": 0.00697267750344352, "ndvi_trend": -0.00017017087421930185, "perim_m": 1240.0703457208367, "slope": 5.681064806102802, "stand_id": 96, "stand_lbl": 21, "vh_iqr": 2.285317616945918, "vh_p10": -18.198223370156207, "vh_p50": -17.055564561683248, "vh_p90": -15.91290575321028, "vv_iqr": 1.954739003711021, "vv_minus_vh_median": 7.626567502601772, "vv_p10": -10.406366560937, "vv_p50": -9.428997059081485, "vv_p90": -8.451627557225986}}, {"type": "Feature", "geometry": {"type": "Polygon", "coordinates": [[[85.39057329746045, 21.57755281298987], [85.39076641323781, 21.577554679329705], [85.39076541561377, 21.57764499381038], [85.39066885766222, 21.577644060667414], [85.3906648668786, 21.57800531855418], [85.39056830869347, 21.578004385339348], [85.39056431759545, 21.578365643190182], [85.39066087601414, 21.578366576431964], [85.39065987828229, 21.578456890894675], [85.39075643677285, 21.578457824082555], [85.39075144834723, 21.578909396414065], [85.39065488956022, 21.57890846320822], [85.39065189626591, 21.57917940658736], [85.39074845523257, 21.579180339802193], [85.39074546207299, 21.579451283181335], [85.3909385803836, 21.579453149476254], [85.39093758276854, 21.579543463947946], [85.39103414198674, 21.579544397010064], [85.39103314443456, 21.579634711481756], [85.39093658515348, 21.579633778410656], [85.39093558752946, 21.579724092873363], [85.39083902819448, 21.57972315973938], [85.39083703281166, 21.579903788655812], [85.39074047335991, 21.579902855458947], [85.39073947560112, 21.579993169912672], [85.39064291609547, 21.579992236652924], [85.3906419182738, 21.58008255110665], [85.39054535871426, 21.580081617784018], [85.39054436082073, 21.58017193222876], [85.39044780120727, 21.580170998852232], [85.39044281138926, 21.580622571022044], [85.39024969157848, 21.580620704053388], [85.39025068966963, 21.580530389635594], [85.39005757000257, 21.580528522451345], [85.3900585682105, 21.580438208033552], [85.38996200843536, 21.58043727436058], [85.38996400495905, 21.580256645533975], [85.38967432604684, 21.58025384420963], [85.38967532447039, 21.580163529809802], [85.38957876490186, 21.580162595930215], [85.38957976338828, 21.580072281530388], [85.38938664439495, 21.58007041360952], [85.38939063876285, 21.57970915603716], [85.38929407950873, 21.57970822200486], [85.38929507814785, 21.57961790761402], [85.38910195977437, 21.57961603940569], [85.38909996225355, 21.579796668169408], [85.38900340295451, 21.579795733966428], [85.38900240412674, 21.579886048339308], [85.38880928542984, 21.57988417976267], [85.38880628855125, 21.58015512286333], [85.38870972902764, 21.58015418848069], [85.38870773095884, 21.580334817199496], [85.38861117132743, 21.580333882744988], [85.38861217042471, 21.580243568390078], [85.3883224917281, 21.580240764721125], [85.38832349099606, 21.580150450375196], [85.38822693149939, 21.580149515714076], [85.38822593216855, 21.58023983005102], [85.388129372618, 21.580238895327017], [85.38813137138746, 21.580058266662114], [85.38822793082124, 21.580059201377132], [85.38823192806375, 21.579697944011386], [85.38813536887251, 21.579697009314334], [85.3881383669279, 21.579426066285535], [85.38823492593949, 21.579427000973606], [85.38823592521642, 21.579336686627677], [85.38804280731904, 21.57933481720662], [85.38804680487596, 21.578973559840875], [85.3881433635821, 21.57897449456488], [85.38814436289496, 21.57888418020997], [85.38824092154722, 21.57888511487109], [85.3882419207972, 21.57879480052516], [85.38814536220784, 21.57879386586404], [85.38814636151173, 21.578703551518114], [85.38853259567156, 21.578707289785303], [85.3885335947329, 21.578616975421408], [85.38863015323244, 21.578617909839984], [85.38863115222192, 21.578527595467108], [85.38872771066755, 21.578528529831782], [85.3887327052646, 21.578076957931465], [85.3892154960465, 21.578081628802632], [85.38921349882213, 21.578262257611268], [85.38940661540796, 21.57826412558604], [85.3894046183992, 21.578444754403655], [85.38969429368221, 21.57844755597055], [85.38969529200693, 21.578357241543774], [85.3897918503807, 21.578358175288614], [85.3897988381058, 21.57772597426525], [85.38989539607533, 21.577726907920255], [85.38989639423836, 21.577636593484495], [85.38999295214501, 21.57763752707662], [85.38999395024516, 21.577547212631877], [85.39018706595964, 21.57754907964545], [85.39018906190839, 21.577368450729015], [85.39009250417243, 21.577367517262655], [85.39009350219172, 21.57727720280893], [85.38999694451864, 21.577276269288667], [85.38999794260081, 21.577185954843927], [85.38990138499062, 21.577185021269766], [85.38990537749899, 21.576823763481816], [85.38980882013134, 21.576822829871723], [85.38980981830335, 21.57673251542698], [85.38971326099858, 21.57673158176299], [85.38971525745039, 21.576550952873504], [85.38961870027138, 21.5765500191646], [85.38961770199157, 21.57664033360036], [85.38952114475866, 21.576639399837553], [85.38952713473397, 21.576097513214012], [85.38943057786936, 21.576096579406293], [85.389431576239, 21.576006264970534], [85.38933501943728, 21.576005331117898], [85.38933302257223, 21.576185959989417], [85.38913990874421, 21.576184092095495], [85.38914190585182, 21.576003463250927], [85.38923846264454, 21.57600439721136], [85.38923946113097, 21.575914082784585], [85.38914290439213, 21.57591314882415], [85.38914390293245, 21.575822834397375], [85.38895078960749, 21.575820966323793], [85.38895278691271, 21.57564033747922], [85.3888562303715, 21.575639403366075], [85.38885722907352, 21.575549088957263], [85.38895378555185, 21.57555002306143], [85.38895478419099, 21.57545970864364], [85.38905134061541, 21.575460642693905], [85.38905233919166, 21.575370328267127], [85.38924545193271, 21.575372196187995], [85.38924944568976, 21.575010938435977], [85.3895391141276, 21.575013739850156], [85.38954310708515, 21.574652482035255], [85.38983277484925, 21.57465528289248], [85.38983077873878, 21.574835911826877], [85.39021700297225, 21.574839645557578], [85.39021600515058, 21.574929960047236], [85.39031256127856, 21.574930893342916], [85.39031156351079, 21.575021207832574], [85.39040811970165, 21.575022141074356], [85.39040712198778, 21.575112455564014], [85.39050367825051, 21.57511338876088], [85.39050068525263, 21.575384332238837], [85.39040412881025, 21.57538339903299], [85.39040013783797, 21.575744656973654], [85.39030358116202, 21.57574372369594], [85.3903045789747, 21.575653409215263], [85.39020802236163, 21.57565247588365], [85.39020702448607, 21.575742790355342], [85.39011046782808, 21.575741856960846], [85.39010946988962, 21.575832171432538], [85.3902060266105, 21.575833104827034], [85.39020303294787, 21.57610404824211], [85.39029958985738, 21.576104981600675], [85.39029859202674, 21.576195296072367], [85.39039514899913, 21.57619622937703], [85.3903941512134, 21.57628654384872], [85.39078037939943, 21.576290276510424], [85.39077738673393, 21.57656121998838], [85.39087394397582, 21.576562153032533], [85.39087095144507, 21.57683309651049], [85.39096750886662, 21.57683402950973], [85.39096551394194, 21.57701465849803], [85.39077239885629, 21.577012792436673], [85.39076940606502, 21.57728373588768], [85.39057629064698, 21.577281869574797], [85.39057529292413, 21.57737218404649], [85.39047873516121, 21.577371250804706], [85.39047773737548, 21.577461565267413], [85.3905742951923, 21.57746249851818], [85.39057329746045, 21.57755281298987]], [[85.39057329746045, 21.57755281298987], [85.39047673957177, 21.577551879739104], [85.39047574177705, 21.577642194201815], [85.39057229971066, 21.577643127461563], [85.39057329746045, 21.57755281298987]]]}, "id": "+57+101", "properties": {"annual_rainfall": 1382.1430009414753, "area_ha": 9.386069519793699, "aspect": 110.41716079525635, "canopy_height": 15.718947409215998, "canopy_height_max": 16.95498585435802, "canopy_height_std": 1.0173880549284298, "centroid_lat": 21.578044865462942, "centroid_lon": 85.38973475163372, "cluster_id": 2.999999999999999, "distance_to_water": 463409.50001051987, "elevation": 609.0877882416773, "n_pixels": 939, "ndvi_amplitude_annual": 0.17450256483857646, "ndvi_mean": 0.6455490221341285, "ndvi_phase_annual": -1.1838128213203623, "ndvi_residual_variance": 0.008767682950734865, "ndvi_trend": -0.013038074388861318, "perim_m": 2920.1632998981395, "slope": 8.028237026702326, "stand_id": 97, "stand_lbl": 14, "vh_iqr": 2.177306152114514, "vh_p10": -18.357040781235586, "vh_p50": -17.268387705178323, "vh_p90": -16.179734629121032, "vv_iqr": 2.362920194628715, "vv_minus_vh_median": 6.942104007744173, "vv_p10": -11.507743794748482, "vv_p50": -10.326283697434125, "vv_p90": -9.144823600119766}}, {"type": "Feature", "geometry": {"type": "MultiPolygon", "coordinates": [[[[85.3867975429901, 21.578419517637123], [85.38670098471515, 21.578418582158534], [85.3867019848904, 21.578328267866507], [85.38679854311145, 21.578329203345092], [85.3867975429901, 21.578419517637123]]], [[[85.38866211848826, 21.57572784937791], [85.38856556191111, 21.57572691509408], [85.38856456301147, 21.575817229493907], [85.38837144974939, 21.57581536074659], [85.38837244876582, 21.575725046355743], [85.38827589219765, 21.575724111901238], [85.3882788893817, 21.575453168728707], [85.38847200215868, 21.575455037556875], [85.38847400002085, 21.575274408748236], [85.38857055629256, 21.575275343067997], [85.38856955742885, 21.57536565747681], [85.38866611377243, 21.575366591742668], [85.38866211848826, 21.57572784937791]]], [[[85.38679654285977, 21.57850983192915], [85.3867975429901, 21.578419517637123], [85.38699065955798, 21.578421388423617], [85.38698865953985, 21.57860201702564], [85.38708521794955, 21.578602952351513], [85.3870872178509, 21.578422323740508], [85.38718377614383, 21.578423258994516], [85.38718477602264, 21.578332944675537], [85.38728133427064, 21.578333879875647], [85.38728233408656, 21.57824356555667], [85.3873788922717, 21.578244500693895], [85.3873808917688, 21.578063872046958], [85.38728433370046, 21.578062936918712], [85.38728633329639, 21.577882308280756], [85.3871897753538, 21.577881373107594], [85.38719077520567, 21.577791058788616], [85.38699765945525, 21.577789188289582], [85.3869986594239, 21.57769887397959], [85.38719177504854, 21.577700744469638], [85.38719277489142, 21.57761043015066], [85.38738589042623, 21.57761230041613], [85.38738689013437, 21.577521986088172], [85.38767656329735, 21.577524791050696], [85.38767756282581, 21.57743447670477], [85.38787067817199, 21.57743634639532], [85.3878716775747, 21.57734603204041], [85.38796823519388, 21.577346966800345], [85.38796723585406, 21.577437281155255], [85.38816035122717, 21.577439150504446], [85.38816135045022, 21.57734883614055], [85.38806479282205, 21.577347901497397], [85.38806579210797, 21.577257587133502], [85.38796923454268, 21.57725665243645], [85.38797023387352, 21.57716633808154], [85.38787367637111, 21.577165403330586], [85.38787467576483, 21.577075088975675], [85.38855057795827, 21.577081631001647], [85.38855157692979, 21.576991316610805], [85.38874469176392, 21.576993185250327], [85.38874668944644, 21.576812556459657], [85.38893980406496, 21.576814424856632], [85.38894280018899, 21.576543481630203], [85.38884624305489, 21.57654254747214], [85.38884724181081, 21.57645223306333], [85.38875068473959, 21.57645129886035], [85.38875368115107, 21.576180355642904], [85.3886571242685, 21.576179421395008], [85.38865812312324, 21.57608910699518], [85.3887546799519, 21.576090041243077], [85.3887576763005, 21.575819098016648], [85.38866111965149, 21.575818163786717], [85.38866211848826, 21.57572784937791], [85.38875867507437, 21.575728783607836], [85.38875967383927, 21.575638469199028], [85.3888562303715, 21.575639403366075], [85.38885523166948, 21.57572971778387], [85.38895178826459, 21.575730651906], [85.38895078960749, 21.575820966323793], [85.38914390293245, 21.575822834397375], [85.38914290439213, 21.57591314882415], [85.38923946113097, 21.575914082784585], [85.38923846264454, 21.57600439721136], [85.38914190585182, 21.576003463250927], [85.38913990874421, 21.576184092095495], [85.38933302257223, 21.576185959989417], [85.38933501943728, 21.576005331117898], [85.389431576239, 21.576006264970534], [85.38943057786936, 21.576096579406293], [85.38952713473397, 21.576097513214012], [85.38952114475866, 21.576639399837553], [85.38961770199157, 21.57664033360036], [85.38961870027138, 21.5765500191646], [85.38971525745039, 21.576550952873504], [85.38971326099858, 21.57673158176299], [85.38980981830335, 21.57673251542698], [85.38980882013134, 21.576822829871723], [85.38990537749899, 21.576823763481816], [85.38990138499062, 21.577185021269766], [85.38999794260081, 21.577185954843927], [85.38999694451864, 21.577276269288667], [85.39009350219172, 21.57727720280893], [85.39009250417243, 21.577367517262655], [85.39018906190839, 21.577368450729015], [85.39018706595964, 21.57754907964545], [85.38999395024516, 21.577547212631877], [85.38999295214501, 21.57763752707662], [85.38989639423836, 21.577636593484495], [85.38989539607533, 21.577726907920255], [85.3897988381058, 21.57772597426525], [85.3897918503807, 21.578358175288614], [85.38969529200693, 21.578357241543774], [85.38969429368221, 21.57844755597055], [85.3894046183992, 21.578444754403655], [85.38940661540796, 21.57826412558604], [85.38921349882213, 21.578262257611268], [85.3892154960465, 21.578081628802632], [85.3887327052646, 21.578076957931465], [85.38872771066755, 21.578528529831782], [85.38863115222192, 21.578527595467108], [85.38863015323244, 21.578617909839984], [85.3885335947329, 21.578616975421408], [85.38853259567156, 21.578707289785303], [85.38814636151173, 21.578703551518114], [85.38814536220784, 21.57879386586404], [85.3882419207972, 21.57879480052516], [85.38824092154722, 21.57888511487109], [85.38814436289496, 21.57888418020997], [85.3881433635821, 21.57897449456488], [85.38804680487596, 21.578973559840875], [85.38804280731904, 21.57933481720662], [85.38823592521642, 21.579336686627677], [85.38823492593949, 21.579427000973606], [85.3881383669279, 21.579426066285535], [85.38813436950574, 21.579787323651278], [85.3880378102606, 21.579786388891343], [85.38803681083994, 21.579876703219306], [85.38794025153192, 21.579875768405472], [85.38793925204837, 21.57996608273343], [85.38784269268645, 21.579965147847734], [85.38784369224186, 21.579874833528756], [85.38755401438968, 21.57987202856623], [85.3875530146546, 21.579962342876225], [85.38735989599364, 21.579960472610754], [85.38735889614178, 21.580050786911766], [85.38726233675291, 21.580049851693687], [85.38726333666766, 21.57995953740166], [85.38716677735066, 21.579958602129686], [85.38716877728794, 21.579777973536643], [85.38697565890546, 21.57977610283998], [85.38697465882004, 21.57986641713201], [85.38687809958388, 21.579865481698338], [85.3868770994266, 21.5799557959724], [85.3866839808375, 21.579953924925395], [85.38668598137666, 21.579773296386254], [85.38658942220339, 21.5797723607819], [85.38659142284136, 21.579591732242758], [85.38649486379386, 21.579590796593493], [85.38650486724421, 21.578687653870833], [85.38660142568985, 21.578688589475185], [85.38660242594595, 21.57859827519214], [85.38669898433768, 21.578599210733607], [85.3866999845309, 21.57850889645056], [85.38679654285977, 21.57850983192915]], [[85.38679654285977, 21.57850983192915], [85.38679554272943, 21.578600146221177], [85.38689210113014, 21.57860108165485], [85.38689310120658, 21.578510767353837], [85.38679654285977, 21.57850983192915]]]]}, "id": "+25+95", "properties": {"annual_rainfall": 1382.1430009414753, "area_ha": 7.6712972806586635, "aspect": 42.05687859726815, "canopy_height": 15.01608892095071, "canopy_height_max": 16.074635507631555, "canopy_height_std": 0.8947094089040715, "centroid_lat": 21.578019215346036, "centroid_lon": 85.38827467621365, "cluster_id": 4, "distance_to_water": 463409.50001051987, "elevation": 611.623330819819, "n_pixels": 767, "ndvi_amplitude_annual": 0.2235799010834845, "ndvi_mean": 0.619445958818481, "ndvi_phase_annual": -2.1583394939205918, "ndvi_residual_variance": 0.007408980136680753, "ndvi_trend": -0.01629947449034988, "perim_m": 2580.1428591039694, "slope": 10.770008685941177, "stand_id": 98, "stand_lbl": 8, "vh_iqr": 2.3621533995682182, "vh_p10": -18.655995733959383, "vh_p50": -17.474919034175258, "vh_p90": -16.29384233439116, "vv_iqr": 2.1561785150178654, "vv_minus_vh_median": 6.525505789654111, "vv_p10": -12.027502502030101, "vv_p50": -10.949413244521148, "vv_p90": -9.871323987012218}}, {"type": "Feature", "geometry": {"type": "MultiPolygon", "coordinates": [[[[85.38536418412488, 21.57705076603833], [85.38526762682909, 21.577049829787192], [85.38526962882352, 21.576869201301946], [85.3851730716445, 21.576868265005892], [85.38517507373774, 21.576687636529634], [85.3850785166845, 21.576686700179682], [85.38508051887655, 21.57650607170342], [85.38546674663141, 21.57650981672594], [85.38546574578241, 21.576600130982037], [85.38556230279075, 21.57660106709843], [85.38555930037852, 21.57687200986672], [85.38546274319053, 21.576871073741344], [85.38546174231459, 21.576961387988455], [85.3853651850637, 21.5769604518002], [85.38536418412488, 21.57705076603833]]], [[[85.38679654285977, 21.57850983192915], [85.38689310120658, 21.578510767353837], [85.38689210113014, 21.57860108165485], [85.38679554272943, 21.578600146221177], [85.38679654285977, 21.57850983192915]]], [[[85.38536418412488, 21.57705076603833], [85.38575041337992, 21.57705451049491], [85.38575141408518, 21.57696419622983], [85.38584797134504, 21.576965132202492], [85.38584697070266, 21.577055446467572], [85.38594352803439, 21.577056382386335], [85.38594552919338, 21.57687575383821], [85.38613864363225, 21.576877625487086], [85.3861366427158, 21.577058254053178], [85.38623320006549, 21.57705918980126], [85.38623219965667, 21.577149504084307], [85.38652187191236, 21.577152311005158], [85.38652287213253, 21.57706199671313], [85.38671598687684, 21.577063867706237], [85.38671398666108, 21.57724449630826], [85.38710021667967, 21.577248237665653], [85.38710121654951, 21.577157923346675], [85.38719777401597, 21.577158858537803], [85.38719877382292, 21.577068544218825], [85.38729533122651, 21.57706947934707], [85.38729633097057, 21.576979165019107], [85.38777911777294, 21.576983839824898], [85.3877771188777, 21.57716446853472], [85.38797023387352, 21.57716633808154], [85.38796923454268, 21.57725665243645], [85.38806579210797, 21.577257587133502], [85.38806479282205, 21.577347901497397], [85.38816135045022, 21.57734883614055], [85.38816035122717, 21.577439150504446], [85.38796723585406, 21.577437281155255], [85.38796823519388, 21.577346966800345], [85.3878716775747, 21.57734603204041], [85.38787067817199, 21.57743634639532], [85.38767756282581, 21.57743447670477], [85.38767656329735, 21.577524791050696], [85.38738689013437, 21.577521986088172], [85.38738589042623, 21.57761230041613], [85.38719277489142, 21.57761043015066], [85.38719177504854, 21.577700744469638], [85.3869986594239, 21.57769887397959], [85.38699765945525, 21.577789188289582], [85.38719077520567, 21.577791058788616], [85.3871897753538, 21.577881373107594], [85.38728633329639, 21.577882308280756], [85.38728433370046, 21.578062936918712], [85.3873808917688, 21.578063872046958], [85.3873788922717, 21.578244500693895], [85.38728233408656, 21.57824356555667], [85.38728133427064, 21.578333879875647], [85.38718477602264, 21.578332944675537], [85.38718377614383, 21.578423258994516], [85.3870872178509, 21.578422323740508], [85.38708521794955, 21.578602952351513], [85.38698865953985, 21.57860201702564], [85.38699065955798, 21.578421388423617], [85.3867975429901, 21.578419517637123], [85.38679654285977, 21.57850983192915], [85.3866999845309, 21.57850889645056], [85.38669898433768, 21.578599210733607], [85.38660242594595, 21.57859827519214], [85.38660142568985, 21.578688589475185], [85.38650486724421, 21.578687653870833], [85.38649686453064, 21.579410168063333], [85.38640030560889, 21.579409232369148], [85.3864023064445, 21.57922860383899], [85.38630574764852, 21.57922766809091], [85.38630874903666, 21.578956725304653], [85.38621219042933, 21.578955789520638], [85.3862141914446, 21.57877516099048], [85.38611763296302, 21.57877422516155], [85.38611963407709, 21.578593596640374], [85.3860230757213, 21.578592660766528], [85.38602507693419, 21.578412032245353], [85.38592851869515, 21.57841109631761], [85.38593052001585, 21.578230467805415], [85.38583396190259, 21.578229531832754], [85.38583596331311, 21.578048903329545], [85.38573940533459, 21.57804796731197], [85.38574140684393, 21.57786733880876], [85.3856448489822, 21.577866402737286], [85.38564685059035, 21.577685774243058], [85.38555029285439, 21.577684838126668], [85.38555229456135, 21.57750420963244], [85.38545573696013, 21.577503273471134], [85.38545773876591, 21.577322644976906], [85.38536118128147, 21.577321708770686], [85.38536418412488, 21.57705076603833]], [[85.3861366427158, 21.577058254053178], [85.3860400853751, 21.577057318242215], [85.3860390848495, 21.577147632516276], [85.3861356422531, 21.57714856832724], [85.3861366427158, 21.577058254053178]], [[85.3867975429901, 21.578419517637123], [85.38679854311145, 21.578329203345092], [85.3867019848904, 21.578328267866507], [85.38670098471515, 21.578418582158534], [85.3867975429901, 21.578419517637123]]]]}, "id": "+16+88", "properties": {"annual_rainfall": 1382.1430009414753, "area_ha": 3.449571668315638, "aspect": 47.67013978265979, "canopy_height": 16.04903902154922, "canopy_height_max": 16.822544607401923, "canopy_height_std": 0.6853223018160238, "centroid_lat": 21.57772037069606, "centroid_lon": 85.38648020997597, "cluster_id": 4, "distance_to_water": 463409.50001051987, "elevation": 627.180531151724, "n_pixels": 345, "ndvi_amplitude_annual": 0.1980525348879165, "ndvi_mean": 0.66908244133833, "ndvi_phase_annual": -0.7014008093025816, "ndvi_residual_variance": 0.008034556038915903, "ndvi_trend": -0.01493621784131219, "perim_m": 1720.0939927735776, "slope": 10.827246986670847, "stand_id": 99, "stand_lbl": 2, "vh_iqr": 2.39050677123372, "vh_p10": -17.88591560083998, "vh_p50": -16.690662215223096, "vh_p90": -15.495408829606228, "vv_iqr": 2.0331022286369884, "vv_minus_vh_median": 6.4344132205673965, "vv_p10": -11.27280010897419, "vv_p50": -10.256248994655698, "vv_p90": -9.239697880337198}}, {"type": "Feature", "geometry": {"type": "MultiPolygon", "coordinates": [[[[85.39057329746045, 21.57755281298987], [85.3905742951923, 21.57746249851818], [85.39047773737548, 21.577461565267413], [85.39047873516121, 21.577371250804706], [85.39057529292413, 21.57737218404649], [85.39057629064698, 21.577281869574797], [85.39076940606502, 21.57728373588768], [85.39077239885629, 21.577012792436673], [85.39096551394194, 21.57701465849803], [85.39096750886662, 21.57683402950973], [85.3911606237277, 21.576835895328543], [85.39116361571948, 21.57656495181465], [85.39126017297933, 21.576565884625243], [85.39125917571462, 21.57665619914185], [85.39145229036909, 21.576658064610317], [85.39145328751702, 21.576567750084727], [85.39174295935948, 21.57657054786073], [85.39174196239121, 21.576660862395304], [85.39164540504152, 21.57665992985421], [85.39164440801036, 21.57675024438878], [85.39154785061577, 21.576749311784802], [85.39154585641872, 21.576929940827], [85.3916424139301, 21.576930873439963], [85.39164141688997, 21.577021187965553], [85.39173797447322, 21.577022120515633], [85.391736977478, 21.577112435050207], [85.39183353512414, 21.57711336755537], [85.3918325381918, 21.577203682080963], [85.39173598048279, 21.577202749575797], [85.39173498347859, 21.57729306410139], [85.39202465680327, 21.57729586147315], [85.39202365996975, 21.577386176016706], [85.39212021781351, 21.577387108360174], [85.39212221134581, 21.57720647927306], [85.3920256536278, 21.577205546938576], [85.39202764725891, 21.57702491785146], [85.39212420486014, 21.577025850185947], [85.3921281918259, 21.57666459199375], [85.39203163445825, 21.576663659677234], [85.39203063766965, 21.57675397422079], [85.39193408024809, 21.576753041850374], [85.39193507709957, 21.576662727306818], [85.3918385197409, 21.5766617948825], [85.39184350422292, 21.576210222182684], [85.39203661834738, 21.57621208694148], [85.39203761510903, 21.57612177238894], [85.39252040019561, 21.57612643327983], [85.39252139665184, 21.576036118700337], [85.39261795363322, 21.576037050711427], [85.3926169572309, 21.57612736529092], [85.39271351426618, 21.576128297239126], [85.39271451060563, 21.576037982659635], [85.39300418157671, 21.576040778171883], [85.39300617387832, 21.575860148985956], [85.39310273076089, 21.5758610807006], [85.39310372683983, 21.575770766094163], [85.39320028366849, 21.57577169775491], [85.39320127968455, 21.57568138314847], [85.39339439323409, 21.575683246290303], [85.39339339733482, 21.575773560905727], [85.39329684049716, 21.575772629352777], [85.39329186063249, 21.576224202402937], [85.39319530349839, 21.576223270778122], [85.39319231533345, 21.576494214579473], [85.3932888726472, 21.576495146213272], [85.393285884617, 21.576766090023607], [85.39347899960386, 21.576767953156455], [85.39347800370457, 21.576858267762894], [85.39367111883516, 21.576860130680146], [85.39367311040014, 21.57667950144032], [85.39415589772352, 21.576684157704882], [85.39415490224646, 21.576774472347253], [85.39425145978478, 21.57677540343308], [85.39425046436162, 21.57686571807545], [85.39434702197183, 21.57686664911636], [85.39434602660256, 21.576956963758732], [85.39444258427564, 21.576957894745743], [85.39444557018581, 21.57668695079168], [85.39473524268405, 21.576689743375418], [85.39473225731287, 21.5769606873744], [85.39482881500392, 21.57696161813683], [85.39482682484929, 21.57714224746649], [85.39492338266611, 21.577143178184006], [85.39492039758238, 21.577414122182986], [85.39501695557885, 21.57741505285559], [85.39501496561287, 21.577595682194232], [85.39511152373511, 21.577596612821917], [85.39510853892988, 21.57786755682988], [85.39520509724076, 21.577868487412648], [85.39520310745444, 21.578049116760273], [85.39529966589109, 21.578050047289146], [85.39529867105183, 21.57814036196745], [85.39510555407072, 21.57813850083784], [85.3951045591057, 21.578228815498182], [85.39520111765914, 21.578229746098916], [85.39520012274801, 21.578320060768238], [85.39510356414067, 21.578319130167504], [85.39510256916667, 21.57840944482784], [85.39500601050544, 21.578408514164224], [85.39500501546854, 21.57849882882456], [85.39490845674443, 21.57849789809806], [85.3949064665359, 21.578678527409753], [85.3945202312352, 21.578674803919853], [85.3945192358839, 21.57876511855324], [85.39442267700707, 21.578764187539278], [85.39442367242125, 21.578673872905892], [85.3943271136163, 21.578672941838033], [85.39432611814821, 21.578763256462437], [85.39422955928038, 21.57876232534068], [85.39422856374941, 21.5788526399561], [85.39413200482767, 21.57885170877146], [85.39413100922484, 21.578942023386883], [85.39393789129151, 21.578940160828957], [85.39393689556292, 21.579030475435395], [85.39374377753079, 21.579028612652888], [85.39374477337617, 21.578938298055434], [85.39364821442747, 21.578937366583332], [85.39364721851922, 21.579027681180786], [85.39345410051403, 21.579025818056923], [85.39345509653907, 21.57893550347743], [85.39306886083413, 21.578931776582916], [85.39306985709273, 21.57884146201241], [85.39287673939297, 21.578839598232772], [85.3928757430176, 21.578929912794294], [85.39268262521004, 21.578928048790083], [85.39268461820335, 21.578747419685], [85.39249150066529, 21.578745555474175], [85.39249249727423, 21.578655240930615], [85.39210626249455, 21.57865151184421], [85.39210725933705, 21.578561197318617], [85.39201070071177, 21.57856026491227], [85.39201169760817, 21.57846995038668], [85.39191513905473, 21.578469017935415], [85.39191812989665, 21.578198074367624], [85.39182157152288, 21.57819714186246], [85.3918225685181, 21.578106827345852], [85.3916294519053, 21.578104962182813], [85.39163244322333, 21.577834018641973], [85.39143932699682, 21.5778321532813], [85.39144032420764, 21.577741838773676], [85.39105409205104, 21.577738107405548], [85.39105309459768, 21.577828421895205], [85.39095653651137, 21.57782748890495], [85.39095454146991, 21.578008117875285], [85.39105109967299, 21.578009050874524], [85.39104910473034, 21.578189679844858], [85.39085598808161, 21.5781878137835], [85.39085698567871, 21.578097499302825], [85.39076042742171, 21.57809656619579], [85.39075942977072, 21.57818688066748], [85.39066287145984, 21.578185947497563], [85.39066885766222, 21.577644060667414], [85.39076541561377, 21.57764499381038], [85.39076641323781, 21.577554679329705], [85.39057329746045, 21.57755281298987]]], [[[85.39057329746045, 21.57755281298987], [85.39057229971066, 21.577643127461563], [85.39047574177705, 21.577642194201815], [85.39047673957177, 21.577551879739104], [85.39057329746045, 21.57755281298987]]]]}, "id": "+93+83", "properties": {"annual_rainfall": 1382.1430009414753, "area_ha": 9.887490733093207, "aspect": 201.30600648154962, "canopy_height": 22.257287157287145, "canopy_height_max": 22.948928848928848, "canopy_height_std": 0.6244826769956353, "centroid_lat": 21.577582743413085, "centroid_lon": 85.39304642773146, "cluster_id": 2, "distance_to_water": 463409.50001051987, "elevation": 622.8536274582015, "n_pixels": 989, "ndvi_amplitude_annual": 0.12418418277785655, "ndvi_mean": 0.7586611999454563, "ndvi_phase_annual": 1.804785541979975, "ndvi_residual_variance": 0.007703531178804788, "ndvi_trend": -0.015446683291527622, "perim_m": 2540.1456265724796, "slope": 15.315124843485298, "stand_id": 100, "stand_lbl": 31, "vh_iqr": 2.1512662004545544, "vh_p10": -15.713991025070161, "vh_p50": -14.638357924842902, "vh_p90": -13.562724824615609, "vv_iqr": 2.2066555975802684, "vv_minus_vh_median": 6.260939231579219, "vv_p10": -9.480746492053802, "vv_p50": -8.377418693263662, "vv_p90": -7.274090894473535}}, {"type": "Feature", "geometry": {"type": "MultiPolygon", "coordinates": [[[[85.38605609308397, 21.575612289722468], [85.38595953670445, 21.575611353929467], [85.3859605372031, 21.57552103963744], [85.38605709351972, 21.575521975430437], [85.38605609308397, 21.575612289722468]]], [[[85.3861366427158, 21.577058254053178], [85.3861356422531, 21.57714856832724], [85.3860390848495, 21.577147632516276], [85.3860400853751, 21.577057318242215], [85.3861366427158, 21.577058254053178]]], [[[85.38671598687684, 21.577063867706237], [85.38719877382292, 21.577068544218825], [85.38719777401597, 21.577158858537803], [85.38710121654951, 21.577157923346675], [85.38710021667967, 21.577248237665653], [85.38671398666108, 21.57724449630826], [85.38671598687684, 21.577063867706237]]], [[[85.38518708584803, 21.57560386557326], [85.38518308189511, 21.575965122579678], [85.38537619505837, 21.57596699503704], [85.38537519417345, 21.576057309293137], [85.38556830747146, 21.5760591815349], [85.38557130974894, 21.575788238739666], [85.38566786622727, 21.57578917475724], [85.38566886691456, 21.57569886049216], [85.3858619797634, 21.57570073236562], [85.38586097920188, 21.57579104663968], [85.38605409219447, 21.57579291829754], [85.38605609308397, 21.575612289722468], [85.38615264947246, 21.57561322545258], [85.38615465021823, 21.575432596868524], [85.38634776276164, 21.575434468149094], [85.38634876300877, 21.575344153848082], [85.38644531923556, 21.575345089398535], [85.3864463194198, 21.57525477508854], [85.38654287558371, 21.575255710585093], [85.38654687602423, 21.57489445330918], [85.38664343195458, 21.574895388733868], [85.38664243191407, 21.57498570306183], [85.38673898790731, 21.57498663843262], [85.38673698793409, 21.575167267079557], [85.38702665631804, 21.5751700728865], [85.38702565649312, 21.575260387223445], [85.38712221269297, 21.57526132238762], [85.38712121293095, 21.575351636724566], [85.3873143254654, 21.57535350688224], [85.38731332581116, 21.57544382123715], [85.38750643848934, 21.57544569117923], [85.387503439868, 21.575716634252945], [85.3873103268305, 21.575714764274935], [85.38731132649372, 21.575624449929006], [85.38711821360893, 21.575622579744383], [85.38711721381995, 21.575712894081327], [85.38721377032522, 21.575713829209572], [85.38721277059014, 21.575804143546517], [85.3870196574718, 21.57580227323613], [85.38702265700941, 21.575531330234277], [85.38692610063889, 21.57553039500722], [85.3869231009216, 21.575801337991102], [85.3868265443804, 21.575800402692177], [85.38682554440277, 21.57589071702014], [85.38672898779868, 21.575889781658333], [85.38672798775818, 21.57598009597731], [85.38663143110917, 21.57597916056161], [85.38662843077205, 21.576250103491592], [85.38653187394338, 21.576249168004022], [85.3865298735839, 21.576429796615027], [85.38662643052935, 21.576430732111582], [85.38662543039901, 21.576521046412594], [85.38681854443364, 21.576522917244006], [85.38681654439753, 21.576703545872977], [85.38671998725445, 21.57670261047524], [85.38671598687684, 21.577063867706237], [85.38652287213253, 21.57706199671313], [85.38652187191236, 21.577152311005158], [85.38623219965667, 21.577149504084307], [85.38623320006549, 21.57705918980126], [85.3861366427158, 21.577058254053178], [85.38613864363225, 21.576877625487086], [85.38594552919338, 21.57687575383821], [85.38594352803439, 21.577056382386335], [85.38584697070266, 21.577055446467572], [85.38584797134504, 21.576965132202492], [85.38575141408518, 21.57696419622983], [85.38575041337992, 21.57705451049491], [85.38536418412488, 21.57705076603833], [85.3853651850637, 21.5769604518002], [85.38546174231459, 21.576961387988455], [85.38546274319053, 21.576871073741344], [85.38555930037852, 21.57687200986672], [85.38556230279075, 21.57660106709843], [85.38546574578241, 21.576600130982037], [85.38546674663141, 21.57650981672594], [85.38508051887655, 21.57650607170342], [85.38508151996808, 21.57641575746529], [85.38498496310349, 21.576414821079403], [85.38499397318782, 21.575601992927254], [85.38518708584803, 21.57560386557326]], [[85.38605409219447, 21.57579291829754], [85.38605209127802, 21.575973546872614], [85.38614864790905, 21.575974482629682], [85.38615064869974, 21.575793854045624], [85.38605409219447, 21.57579291829754]]], [[[85.38547575408367, 21.575696988394125], [85.38537919766823, 21.57569605225977], [85.38538019853519, 21.575605738003674], [85.38518708584803, 21.57560386557326], [85.38518908779754, 21.57542323707005], [85.38547875646894, 21.57542604559889], [85.38547575408367, 21.575696988394125]]], [[[85.38547575408367, 21.575696988394125], [85.38557231049013, 21.5756979244656], [85.38557130974894, 21.575788238739666], [85.38547475327061, 21.575787302659204], [85.38547575408367, 21.575696988394125]]]]}, "id": "+22+64", "properties": {"annual_rainfall": 1382.1430009414753, "area_ha": 3.028402968027619, "aspect": 49.110882882006905, "canopy_height": 10.827598652550535, "canopy_height_max": 12.826840712223294, "canopy_height_std": 2.0116650758358143, "centroid_lat": 21.576154991812437, "centroid_lon": 85.3861651946301, "cluster_id": 4, "distance_to_water": 463409.50001051987, "elevation": 669.2038869172056, "n_pixels": 303, "ndvi_amplitude_annual": 0.1964919254096959, "ndvi_mean": 0.6949430225985326, "ndvi_phase_annual": 1.4177444330441207, "ndvi_residual_variance": 0.013404563777058487, "ndvi_trend": -0.0340571156355864, "perim_m": 1840.100295143839, "slope": 16.90000729252758, "stand_id": 101, "stand_lbl": 1, "vh_iqr": 2.19171721110837, "vh_p10": -18.911092661698444, "vh_p50": -17.81523405614426, "vh_p90": -16.719375450590075, "vv_iqr": 2.1213414306445983, "vv_minus_vh_median": 6.565057045880667, "vv_p10": -12.31084772558589, "vv_p50": -11.250177010263588, "vv_p90": -10.189506294941296}}, {"type": "Feature", "geometry": {"type": "Polygon", "coordinates": [[[85.39010946988962, 21.575832171432538], [85.39011046782808, 21.575741856960846], [85.39020702448607, 21.575742790355342], [85.39020802236163, 21.57565247588365], [85.3903045789747, 21.575653409215263], [85.39030358116202, 21.57574372369594], [85.39040013783797, 21.575744656973654], [85.39040213333759, 21.57556402800332], [85.39049868989676, 21.575564961218156], [85.39049968757469, 21.575474646728498], [85.39069280059422, 21.575476512987482], [85.3906937981464, 21.57538619847986], [85.39088691106711, 21.575388064505283], [85.3908879085025, 21.575297749997656], [85.39098446490897, 21.575298682916046], [85.39098247015497, 21.575479311949262], [85.3911755832284, 21.57548117764231], [85.3911725914163, 21.575752121201116], [85.39126914813717, 21.575753053975774], [85.39126815092635, 21.575843368492382], [85.39146126450284, 21.575845233888984], [85.39145927028783, 21.576025862940167], [85.39136271337831, 21.57602493026432], [85.39136171620343, 21.576115244789914], [85.3911686022766, 21.57611337925856], [85.39116660766632, 21.576294008282794], [85.3910700505951, 21.576293075427287], [85.39106805585008, 21.576473704433553], [85.39116461304707, 21.576474637307026], [85.3911606237277, 21.576835895328543], [85.39087095144507, 21.57683309651049], [85.39087394397582, 21.576562153032533], [85.39077738673393, 21.57656121998838], [85.39078037939943, 21.576290276510424], [85.3903941512134, 21.57628654384872], [85.39039514899913, 21.57619622937703], [85.39029859202674, 21.576195296072367], [85.39029958985738, 21.576104981600675], [85.39020303294787, 21.57610404824211], [85.3902060266105, 21.575833104827034], [85.39010946988962, 21.575832171432538]]]}, "id": "+64+59", "properties": {"annual_rainfall": 1382.1430009414753, "area_ha": 1.1431765363311632, "aspect": 45.474564393336095, "canopy_height": 12.419870671805814, "canopy_height_max": 14.948969515497089, "canopy_height_std": 1.9344678933185921, "centroid_lat": 21.575991115218468, "centroid_lon": 85.3908150257042, "cluster_id": 4, "distance_to_water": 463409.50001051987, "elevation": 640.5982225336861, "n_pixels": 114, "ndvi_amplitude_annual": 0.196742400022074, "ndvi_mean": 0.7272126447872277, "ndvi_phase_annual": 1.5778806347754548, "ndvi_residual_variance": 0.014350786003444279, "ndvi_trend": -0.049590682453269676, "perim_m": 660.0372487886683, "slope": 11.800592488771388, "stand_id": 102, "stand_lbl": 18, "vh_iqr": 2.447777240988947, "vh_p10": -19.21758155303294, "vh_p50": -17.99369293253846, "vh_p90": -16.76980431204398, "vv_iqr": 2.3956282848645616, "vv_minus_vh_median": 7.389236842427357, "vv_p10": -11.80227023254338, "vv_p50": -10.604456090111098, "vv_p90": -9.406641947678821}}, {"type": "Feature", "geometry": {"type": "Polygon", "coordinates": [[[85.3865298735839, 21.576429796615027], [85.38653187394338, 21.576249168004022], [85.38662843077205, 21.576250103491592], [85.38663143110917, 21.57597916056161], [85.38672798775818, 21.57598009597731], [85.38672898779868, 21.575889781658333], [85.38682554440277, 21.57589071702014], [85.3868265443804, 21.575800402692177], [85.3869231009216, 21.575801337991102], [85.38692610063889, 21.57553039500722], [85.38702265700941, 21.575531330234277], [85.3870196574718, 21.57580227323613], [85.38721277059014, 21.575804143546517], [85.38721377032522, 21.575713829209572], [85.38711721381995, 21.575712894081327], [85.38711821360893, 21.575622579744383], [85.38731132649372, 21.575624449929006], [85.3873103268305, 21.575714764274935], [85.387503439868, 21.575716634252945], [85.38750643848934, 21.57544569117923], [85.38731332581116, 21.57544382123715], [85.3873143254654, 21.57535350688224], [85.38712121293095, 21.575351636724566], [85.38712221269297, 21.57526132238762], [85.38702565649312, 21.575260387223445], [85.38702665631804, 21.5751700728865], [85.38673698793409, 21.575167267079557], [85.38674098787153, 21.574806009767713], [85.38683754375698, 21.574806945075622], [85.38683854366273, 21.574716630738678], [85.38693509949428, 21.5747175659837], [85.38693609934613, 21.574627251646756], [85.3870326551148, 21.574628186837884], [85.3870336548948, 21.574537872491955], [85.38761298930011, 21.57454348239904], [85.38760999101116, 21.574814425517673], [85.3879962147685, 21.57481816438673], [85.38799721395561, 21.574727850004873], [85.38809376985003, 21.574728784576163], [85.38809476898324, 21.574638470185317], [85.38828788066428, 21.574640339157217], [85.388284883615, 21.574911282356695], [85.38838143964416, 21.57491221677527], [85.38837844272963, 21.57518315997475], [85.38847499893846, 21.575184094348412], [85.38847200215868, 21.575455037556875], [85.3882788893817, 21.575453168728707], [85.38827589219765, 21.575724111901238], [85.38837244876582, 21.575725046355743], [85.38837144974939, 21.57581536074659], [85.38866111965149, 21.575818163786717], [85.38865912196898, 21.575998792595353], [85.38846600845537, 21.57599692393787], [85.38846500949285, 21.57608723832871], [85.38865812312324, 21.57608910699518], [85.3886571242685, 21.576179421395008], [85.38875368115107, 21.576180355642904], [85.38875068473959, 21.57645129886035], [85.38884724181081, 21.57645223306333], [85.38884624305489, 21.57654254747214], [85.38894280018899, 21.576543481630203], [85.38893980406496, 21.576814424856632], [85.38874668944644, 21.576812556459657], [85.38874469176392, 21.576993185250327], [85.38855157692979, 21.576991316610805], [85.38855057795827, 21.577081631001647], [85.38787467576483, 21.577075088975675], [85.38787367637111, 21.577165403330586], [85.3877771188777, 21.57716446853472], [85.38777911777294, 21.576983839824898], [85.38729633097057, 21.576979165019107], [85.38729533122651, 21.57706947934707], [85.38671598687684, 21.577063867706237], [85.38671998725445, 21.57670261047524], [85.38681654439753, 21.576703545872977], [85.38681854443364, 21.576522917244006], [85.38662543039901, 21.576521046412594], [85.38662643052935, 21.576430732111582], [85.3865298735839, 21.576429796615027]]]}, "id": "+30+63", "properties": {"annual_rainfall": 1382.1430009414753, "area_ha": 4.703055862704093, "aspect": 90.33837739147927, "canopy_height": 7.129776189260491, "canopy_height_max": 9.532689674379744, "canopy_height_std": 1.6128439494740545, "centroid_lat": 21.57596854242593, "centroid_lon": 85.38769265368795, "cluster_id": 4, "distance_to_water": 463409.50001051987, "elevation": 663.5615382830092, "n_pixels": 470, "ndvi_amplitude_annual": 0.2016570028095537, "ndvi_mean": 0.6590991909509509, "ndvi_phase_annual": 1.8883541440168234, "ndvi_residual_variance": 0.016241987346390336, "ndvi_trend": -0.04125580970996263, "perim_m": 1500.082806920882, "slope": 15.555186792613394, "stand_id": 103, "stand_lbl": 6, "vh_iqr": 2.3618154415271544, "vh_p10": -19.430916157155572, "vh_p50": -18.250008436391965, "vh_p90": -17.06910071562841, "vv_iqr": 2.306022453278673, "vv_minus_vh_median": 6.5974955984209895, "vv_p10": -12.805524064610317, "vv_p50": -11.652512837971, "vv_p90": -10.49950161133165}}, {"type": "Feature", "geometry": {"type": "MultiPolygon", "coordinates": [[[[85.38605409219447, 21.57579291829754], [85.38615064869974, 21.575793854045624], [85.38614864790905, 21.575974482629682], [85.38605209127802, 21.575973546872614], [85.38605409219447, 21.57579291829754]]], [[[85.38605609308397, 21.575612289722468], [85.38605409219447, 21.57579291829754], [85.38586097920188, 21.57579104663968], [85.3858619797634, 21.57570073236562], [85.38566886691456, 21.57569886049216], [85.38566786622727, 21.57578917475724], [85.38557130974894, 21.575788238739666], [85.38557231049013, 21.5756979244656], [85.38547575408367, 21.575696988394125], [85.38547875646894, 21.57542604559889], [85.38518908779754, 21.57542323707005], [85.38518708584803, 21.57560386557326], [85.38499397318782, 21.575601992927254], [85.38499997968313, 21.575060107444575], [85.38509653564942, 21.57506104377656], [85.38509953864555, 21.574790101008272], [85.38519609444116, 21.574791037268394], [85.38519809629186, 21.574610408738238], [85.38529465197068, 21.574611344935477], [85.38529665368662, 21.574430716396336], [85.38539320924868, 21.57443165252171], [85.38539521082089, 21.574251023973584], [85.38549176627514, 21.574251960036076], [85.38549376770362, 21.574071331469984], [85.38559032304109, 21.574072267469596], [85.38559232433482, 21.57389163889452], [85.3856888795555, 21.57389257483125], [85.385689880135, 21.57380226053922], [85.3857864353018, 21.573803196413067], [85.38578843631706, 21.573622567811043], [85.38607810149401, 21.573625375073256], [85.38607109909044, 21.57425757524322], [85.38578143265583, 21.574254767891176], [85.38577843101616, 21.57452571076726], [85.38587498666804, 21.57452664662314], [85.38587398616939, 21.574616960915172], [85.38606709760789, 21.574618832456252], [85.38606509683517, 21.574799461058277], [85.38645132025115, 21.5748032035206], [85.38645032009387, 21.574893517830592], [85.38654687602423, 21.57489445330918], [85.38654287558371, 21.575255710585093], [85.3864463194198, 21.57525477508854], [85.38644531923556, 21.575345089398535], [85.38634876300877, 21.575344153848082], [85.38634776276164, 21.575434468149094], [85.38615465021823, 21.575432596868524], [85.38615264947246, 21.57561322545258], [85.38605609308397, 21.575612289722468]], [[85.38605609308397, 21.575612289722468], [85.38605709351972, 21.575521975430437], [85.3859605372031, 21.57552103963744], [85.38595953670445, 21.575611353929467], [85.38605609308397, 21.575612289722468]]], [[[85.38518708584803, 21.57560386557326], [85.38538019853519, 21.575605738003674], [85.38537919766823, 21.57569605225977], [85.38547575408367, 21.575696988394125], [85.38547475327061, 21.575787302659204], [85.38557130974894, 21.575788238739666], [85.38556830747146, 21.5760591815349], [85.38537519417345, 21.576057309293137], [85.38537619505837, 21.57596699503704], [85.38518308189511, 21.575965122579678], [85.38518708584803, 21.57560386557326]]]]}, "id": "+6+51", "properties": {"annual_rainfall": 1382.1430009414753, "area_ha": 2.1760374233968873, "aspect": 160.6186109492305, "canopy_height": 5.291060291060291, "canopy_height_max": 8.47986072376316, "canopy_height_std": 2.1020981406084354, "centroid_lat": 21.574967350491285, "centroid_lon": 85.38571502010643, "cluster_id": 4, "distance_to_water": 463409.50001051987, "elevation": 699.7272805183233, "n_pixels": 218, "ndvi_amplitude_annual": 0.19392174956482794, "ndvi_mean": 0.6730904841597624, "ndvi_phase_annual": 2.327131366591683, "ndvi_residual_variance": 0.01713052077782902, "ndvi_trend": -0.042367412138574985, "perim_m": 1200.0650190529868, "slope": 8.295190428850576, "stand_id": 104, "stand_lbl": 0, "vh_iqr": 3.0145277050652743, "vh_p10": -19.019495956960256, "vh_p50": -17.512232104427625, "vh_p90": -16.004968251894997, "vv_iqr": 2.486908626124683, "vv_minus_vh_median": 7.5344924051049365, "vv_p10": -11.221194012385036, "vv_p50": -9.977739699322694, "vv_p90": -8.73428538626035}}, {"type": "Feature", "geometry": {"type": "MultiPolygon", "coordinates": [[[[85.39339339733482, 21.575773560905727], [85.39339439323409, 21.575683246290303], [85.39320127968455, 21.57568138314847], [85.39320028366849, 21.57577169775491], [85.39310372683983, 21.575770766094163], [85.39310273076089, 21.5758610807006], [85.39300617387832, 21.575860148985956], [85.39300418157671, 21.576040778171883], [85.39271451060563, 21.576037982659635], [85.39271351426618, 21.576128297239126], [85.3926169572309, 21.57612736529092], [85.39261795363322, 21.576037050711427], [85.39252139665184, 21.576036118700337], [85.39252040019561, 21.57612643327983], [85.39203761510903, 21.57612177238894], [85.39203661834738, 21.57621208694148], [85.39184350422292, 21.576210222182684], [85.3918385197409, 21.5766617948825], [85.39193507709957, 21.576662727306818], [85.39193408024809, 21.576753041850374], [85.39203063766965, 21.57675397422079], [85.39203163445825, 21.576663659677234], [85.3921281918259, 21.57666459199375], [85.39212420486014, 21.577025850185947], [85.39202764725891, 21.57702491785146], [85.3920256536278, 21.577205546938576], [85.39212221134581, 21.57720647927306], [85.39212021781351, 21.577387108360174], [85.39202365996975, 21.577386176016706], [85.39202465680327, 21.57729586147315], [85.39173498347859, 21.57729306410139], [85.39173598048279, 21.577202749575797], [85.3918325381918, 21.577203682080963], [85.39183353512414, 21.57711336755537], [85.391736977478, 21.577112435050207], [85.39173797447322, 21.577022120515633], [85.39164141688997, 21.577021187965553], [85.3916424139301, 21.576930873439963], [85.39154585641872, 21.576929940827], [85.39154785061577, 21.576749311784802], [85.39164440801036, 21.57675024438878], [85.39164540504152, 21.57665992985421], [85.39174196239121, 21.576660862395304], [85.39174295935948, 21.57657054786073], [85.39145328751702, 21.576567750084727], [85.39145229036909, 21.576658064610317], [85.39125917571462, 21.57665619914185], [85.39126017297933, 21.576565884625243], [85.39116361571948, 21.57656495181465], [85.39116461304707, 21.576474637307026], [85.39106805585008, 21.576473704433553], [85.3910700505951, 21.576293075427287], [85.39116660766632, 21.576294008282794], [85.3911686022766, 21.57611337925856], [85.39136171620343, 21.576115244789914], [85.39136271337831, 21.57602493026432], [85.39145927028783, 21.576025862940167], [85.39146126450284, 21.575845233888984], [85.39126815092635, 21.575843368492382], [85.39126914813717, 21.575753053975774], [85.3911725914163, 21.575752121201116], [85.3911755832284, 21.57548117764231], [85.39098247015497, 21.575479311949262], [85.3909854622725, 21.575208368408422], [85.39108201862506, 21.57520930126393], [85.3910830159257, 21.57511898674732], [85.39117957222437, 21.57511991954893], [85.3911815666999, 21.57493929049775], [85.39098845434512, 21.5749374248586], [85.39099044902726, 21.574756795816402], [85.39118356113948, 21.574758661446566], [85.3911825639197, 21.574848975972156], [85.39156878844959, 21.574852706567732], [85.39156978542684, 21.574762392024176], [85.39185945370299, 21.57476518937797], [85.39186144728919, 21.574584560254927], [85.39176489131391, 21.57458362786654], [85.39176588816541, 21.574493313314], [85.39166933225302, 21.57449238087172], [85.3916703291584, 21.57440206631918], [85.39186344085742, 21.57440393113188], [85.39186742793997, 21.57404267286782], [85.39177087232403, 21.57404174051537], [85.39177386275273, 21.573770796821815], [85.39167730731644, 21.573769864415464], [85.39167631045598, 21.57386017897699], [85.3915797549658, 21.57385924651674], [85.3915817488125, 21.573678617402678], [85.39119552739976, 21.573674887022698], [85.3911965245477, 21.573584572488123], [85.39109996927311, 21.57358363975838], [85.39110096647494, 21.573493325214823], [85.39090785605154, 21.573491459602625], [85.39090985068876, 21.573310830533476], [85.39071674052587, 21.573308964714663], [85.3907157430815, 21.57339927923127], [85.39013641235027, 21.573393680391433], [85.3901404035022, 21.573032422396867], [85.39004384863186, 21.57303148908322], [85.3900448464715, 21.572941174584578], [85.38994829166404, 21.572940241208048], [85.3899512853177, 21.57266929773009], [85.39004783994548, 21.572670231088654], [85.39004883775817, 21.57257991658103], [85.39014539232308, 21.57258084987671], [85.3901443945643, 21.572671164384335], [85.39024094920107, 21.5726720976351], [85.3902429445839, 21.572491468610867], [85.39014639007289, 21.57249053537807], [85.3901473878137, 21.572400220870446], [85.39034049672794, 21.57240208727316], [85.39034149434299, 21.572311772756553], [85.3904380487462, 21.572312705872573], [85.39043705118506, 21.572403020398163], [85.39082326908539, 21.572406752323246], [85.39082227176677, 21.57249706685782], [85.39101538086965, 21.57249893249697], [85.39101438365884, 21.572589247040526], [85.39111093827765, 21.57259017977925], [85.39110994112073, 21.57268049433179], [85.39130305049311, 21.572682359647548], [85.39130205345297, 21.57277267420009], [85.39139860820653, 21.572773606777115], [85.39139761121132, 21.57286392133864], [85.39149416603674, 21.57286485387075], [85.39149316910441, 21.572955168432276], [85.39158972398373, 21.572956100901507], [85.39158872710529, 21.573046415472014], [85.39178183700767, 21.573048280266747], [85.39177984347538, 21.57322890940776], [85.39187639855233, 21.57322984173326], [85.39187340839312, 21.573500785453763], [85.39196996365872, 21.57350171773435], [85.39196896698691, 21.573592032304855], [85.39206552231539, 21.57359296453154], [85.39206253245263, 21.57386390827001], [85.39215908796976, 21.57386484045178], [85.39215510165076, 21.57422609876974], [85.39263788048507, 21.574230758932988], [85.3926388767796, 21.574140444335534], [85.39283198822707, 21.574142307998386], [85.39283398055564, 21.573961678776524], [85.39302709178752, 21.573963542205817], [85.39302609574452, 21.57405385682124], [85.39312265143232, 21.574054788455037], [85.39312165544321, 21.574145103079445], [85.39331476695358, 21.574146966185342], [85.39331277520893, 21.574327595443137], [85.39340933108538, 21.574328526915238], [85.39340833526695, 21.574418841548628], [85.39331177932762, 21.57441791006754], [85.39330879165675, 21.57468885394076], [85.39340534777575, 21.57468978543981], [85.39340236023065, 21.574960729322008], [85.39330580393198, 21.574959797813975], [85.39330281617129, 21.575230741669227], [85.39339937264961, 21.57523167318624], [85.39339638501467, 21.575502617050475], [85.39349294167266, 21.57550354853156], [85.39349194584526, 21.57559386314698], [85.3935885025751, 21.57559479457417], [85.3935865110191, 21.57577542382298], [85.39339339733482, 21.575773560905727]]], [[[85.39339339733482, 21.575773560905727], [85.39338941368382, 21.576134819358433], [85.3932928566126, 21.576133887796498], [85.39329684049716, 21.575772629352777], [85.39339339733482, 21.575773560905727]]]]}, "id": "+74+65", "properties": {"annual_rainfall": 1382.1430009414753, "area_ha": 7.159903088049812, "aspect": 297.48295494982574, "canopy_height": 18.64191160771474, "canopy_height_max": 19.54640239128887, "canopy_height_std": 0.769423441921928, "centroid_lat": 21.574738964801654, "centroid_lon": 85.3918947723938, "cluster_id": 2, "distance_to_water": 463409.50001051987, "elevation": 679.6233109997253, "n_pixels": 716, "ndvi_amplitude_annual": 0.14592213348950386, "ndvi_mean": 0.7240933281164063, "ndvi_phase_annual": 1.4112377920708707, "ndvi_residual_variance": 0.008545853363884939, "ndvi_trend": -0.007987631585291512, "perim_m": 2740.1559275562745, "slope": 15.917011498927383, "stand_id": 105, "stand_lbl": 25, "vh_iqr": 2.1352625366568754, "vh_p10": -15.361675474739556, "vh_p50": -14.294044206411149, "vh_p90": -13.226412938082717, "vv_iqr": 2.194161359842156, "vv_minus_vh_median": 6.314789860449946, "vv_p10": -9.076335025882253, "vv_p50": -7.979254345961199, "vv_p90": -6.8821736660401225}}, {"type": "Feature", "geometry": {"type": "Polygon", "coordinates": [[[85.39012044690715, 21.574838712207995], [85.39012144478271, 21.574748397727323], [85.39041111281631, 21.5747511975964], [85.39041211051222, 21.574660883097756], [85.39050866647851, 21.574661816276656], [85.39050966410254, 21.574571501778017], [85.39070277592732, 21.57457336793819], [85.39070377343458, 21.574483053430562], [85.39089688515155, 21.574484919366157], [85.39089887990555, 21.57430429033294], [85.39070576843112, 21.57430242440633], [85.39070676592041, 21.574212109898706], [85.39061021024159, 21.574211176854554], [85.39061320286218, 21.5739402333227], [85.390516647372, 21.57393930024261], [85.39051864253923, 21.573758671227363], [85.39061519791262, 21.573759604298466], [85.39061619542886, 21.573669289781858], [85.39051964011836, 21.57366835671974], [85.3905206376885, 21.57357804220313], [85.3903275272022, 21.57357617590821], [85.39032852488913, 21.573485861400588], [85.39042508007388, 21.573486794579487], [85.39042607768894, 21.57339648006288], [85.3907157430815, 21.57339927923127], [85.39071674052587, 21.573308964714663], [85.39090985068876, 21.573310830533476], [85.39090785605154, 21.573491459602625], [85.39110096647494, 21.573493325214823], [85.39109996927311, 21.57358363975838], [85.3911965245477, 21.573584572488123], [85.39119552739976, 21.573674887022698], [85.3915817488125, 21.573678617402678], [85.3915797549658, 21.57385924651674], [85.39167631045598, 21.57386017897699], [85.39167730731644, 21.573769864415464], [85.39177386275273, 21.573770796821815], [85.39177087232403, 21.57404174051537], [85.39186742793997, 21.57404267286782], [85.39186344085742, 21.57440393113188], [85.3916703291584, 21.57440206631918], [85.39166933225302, 21.57449238087172], [85.39176588816541, 21.574493313314], [85.39176489131391, 21.57458362786654], [85.39186144728919, 21.574584560254927], [85.39185945370299, 21.57476518937797], [85.39156978542684, 21.574762392024176], [85.39156878844959, 21.574852706567732], [85.3911825639197, 21.574848975972156], [85.39118356113948, 21.574758661446566], [85.39099044902726, 21.574756795816402], [85.39098845434512, 21.5749374248586], [85.3911815666999, 21.57493929049775], [85.39117957222437, 21.57511991954893], [85.3910830159257, 21.57511898674732], [85.39108201862506, 21.57520930126393], [85.3909854622725, 21.575208368408422], [85.39098446490897, 21.575298682916046], [85.3908879085025, 21.575297749997656], [85.39088691106711, 21.575388064505283], [85.3906937981464, 21.57538619847986], [85.39069280059422, 21.575476512987482], [85.39049968757469, 21.575474646728498], [85.39049868989676, 21.575564961218156], [85.39040213333759, 21.57556402800332], [85.39040412881025, 21.57538339903299], [85.39050068525263, 21.575384332238837], [85.39050367825051, 21.57511338876088], [85.39040712198778, 21.575112455564014], [85.39040811970165, 21.575022141074356], [85.39031156351079, 21.575021207832574], [85.39031256127856, 21.574930893342916], [85.39021600515058, 21.574929960047236], [85.39021700297225, 21.574839645557578], [85.39012044690715, 21.574838712207995]]]}, "id": "+57+45", "properties": {"annual_rainfall": 1382.1430009414753, "area_ha": 2.2261868539014498, "aspect": 197.42402670725122, "canopy_height": 16.236797748212144, "canopy_height_max": 16.834159752565167, "canopy_height_std": 0.4529030389038354, "centroid_lat": 21.574365865605987, "centroid_lon": 85.39103956927146, "cluster_id": 5, "distance_to_water": 463409.50001051987, "elevation": 680.4272832899668, "n_pixels": 223, "ndvi_amplitude_annual": 0.24155695100681784, "ndvi_mean": 0.5241383900060745, "ndvi_phase_annual": -2.5369459901299174, "ndvi_residual_variance": 0.009024483769144179, "ndvi_trend": 0.02361069874985844, "perim_m": 1140.0645544180725, "slope": 14.908946601862308, "stand_id": 106, "stand_lbl": 19, "vh_iqr": 2.5756828359447264, "vh_p10": -17.92938931814213, "vh_p50": -16.641547900169755, "vh_p90": -15.353706482197401, "vv_iqr": 1.9118117092418974, "vv_minus_vh_median": 6.919303884570216, "vv_p10": -10.678149870220505, "vv_p50": -9.72224401559955, "vv_p90": -8.766338160978602}}, {"type": "Feature", "geometry": {"type": "MultiPolygon", "coordinates": [[[[85.38866111965149, 21.575818163786717], [85.3887576763005, 21.575819098016648], [85.3887546799519, 21.576090041243077], [85.38846500949285, 21.57608723832871], [85.38846600845537, 21.57599692393787], [85.38865912196898, 21.575998792595353], [85.38866111965149, 21.575818163786717]]], [[[85.3888562303715, 21.575639403366075], [85.38895278691271, 21.57564033747922], [85.38895178826459, 21.575730651906], [85.38885523166948, 21.57572971778387], [85.3888562303715, 21.575639403366075]]], [[[85.3894615249387, 21.573296831403685], [85.38955807995276, 21.573297765067675], [85.38955907809783, 21.573207450595984], [85.389655633058, 21.57320838419709], [85.38965762922236, 21.573027755244723], [85.3899472937705, 21.57303055570669], [85.38994829166404, 21.572940241208048], [85.3900448464715, 21.572941174584578], [85.39004384863186, 21.57303148908322], [85.3901404035022, 21.573032422396867], [85.39013641235027, 21.573393680391433], [85.39042607768894, 21.57339648006288], [85.39042508007388, 21.573486794579487], [85.39032852488913, 21.573485861400588], [85.3903275272022, 21.57357617590821], [85.3905206376885, 21.57357804220313], [85.39051964011836, 21.57366835671974], [85.39061619542886, 21.573669289781858], [85.39061519791262, 21.573759604298466], [85.39051864253923, 21.573758671227363], [85.390516647372, 21.57393930024261], [85.39061320286218, 21.5739402333227], [85.39061021024159, 21.574211176854554], [85.39070676592041, 21.574212109898706], [85.39070576843112, 21.57430242440633], [85.39089887990555, 21.57430429033294], [85.39089688515155, 21.574484919366157], [85.39070377343458, 21.574483053430562], [85.39070277592732, 21.57457336793819], [85.39050966410254, 21.574571501778017], [85.39050866647851, 21.574661816276656], [85.39041211051222, 21.574660883097756], [85.39041111281631, 21.5747511975964], [85.39012144478271, 21.574748397727323], [85.39012044690715, 21.574838712207995], [85.38983077873878, 21.574835911826877], [85.38983277484925, 21.57465528289248], [85.38954310708515, 21.574652482035255], [85.3895391141276, 21.575013739850156], [85.38924944568976, 21.575010938435977], [85.38924545193271, 21.575372196187995], [85.38905233919166, 21.575370328267127], [85.38905134061541, 21.575460642693905], [85.38895478419099, 21.57545970864364], [85.38895378555185, 21.57555002306143], [85.38885722907352, 21.575549088957263], [85.3888562303715, 21.575639403366075], [85.38875967383927, 21.575638469199028], [85.38875867507437, 21.575728783607836], [85.38866211848826, 21.57572784937791], [85.38866611377243, 21.575366591742668], [85.38856955742885, 21.57536565747681], [85.38857055629256, 21.575275343067997], [85.38847400002085, 21.575274408748236], [85.38847499893846, 21.575184094348412], [85.38837844272963, 21.57518315997475], [85.38838143964416, 21.57491221677527], [85.388284883615, 21.574911282356695], [85.38828788066428, 21.574640339157217], [85.38819132481478, 21.574639404702708], [85.38819332294645, 21.574458775903054], [85.3880967672227, 21.574457841394647], [85.38809876544421, 21.574277212603977], [85.38838843225611, 21.574280015931567], [85.38839043010032, 21.57409938711395], [85.38848698559049, 21.57410032143371], [85.38848898329995, 21.573919692598125], [85.38839242791758, 21.573918758287345], [85.38839742238886, 21.573467186207363], [85.38859053254276, 21.573469054730104], [85.38859153129867, 21.57337874030333], [85.38868808633072, 21.57337967447936], [85.38868908501478, 21.5732893600436], [85.38897874994919, 21.57329216222135], [85.38897775143582, 21.57338247666609], [85.38907430648582, 21.57338341061754], [85.3890763033868, 21.573202781719075], [85.38926941325325, 21.57320464943333], [85.38927041157797, 21.573114334979604], [85.38946352135459, 21.573116202460298], [85.3894615249387, 21.573296831403685]], [[85.3894615249387, 21.573296831403685], [85.38936496993361, 21.57329589767681], [85.3893639716538, 21.57338621213952], [85.3892674165948, 21.57338527835875], [85.38926541990944, 21.5735659072662], [85.38936197509418, 21.573566841064938], [85.38936297337399, 21.573476526602228], [85.38945952850484, 21.5734774603291], [85.3894615249387, 21.573296831403685]]], [[[85.38866211848826, 21.57572784937791], [85.38866111965149, 21.575818163786717], [85.38856456301147, 21.575817229493907], [85.38856556191111, 21.57572691509408], [85.38866211848826, 21.57572784937791]]]]}, "id": "+39+51", "properties": {"annual_rainfall": 1382.1430009414753, "area_ha": 4.713091705741017, "aspect": 39.88067321654773, "canopy_height": 13.65502672475052, "canopy_height_max": 14.182771032224185, "canopy_height_std": 0.42442262431161254, "centroid_lat": 21.57422918168961, "centroid_lon": 85.38937150187664, "cluster_id": 5, "distance_to_water": 463409.50001051987, "elevation": 690.4021920474559, "n_pixels": 471, "ndvi_amplitude_annual": 0.25340790106936667, "ndvi_mean": 0.5030326560961741, "ndvi_phase_annual": -2.7397680743890107, "ndvi_residual_variance": 0.011407508100340557, "ndvi_trend": 0.025241536700268255, "perim_m": 1660.0926720707585, "slope": 12.15652516451942, "stand_id": 107, "stand_lbl": 11, "vh_iqr": 2.654539172257163, "vh_p10": -19.792766958164215, "vh_p50": -18.465497372035603, "vh_p90": -17.138227785907027, "vv_iqr": 1.9594453296387446, "vv_minus_vh_median": 7.462950134345217, "vv_p10": -11.98226990250974, "vv_p50": -11.002547237690381, "vv_p90": -10.022824572871}}, {"type": "Feature", "geometry": {"type": "MultiPolygon", "coordinates": [[[[85.38809876544421, 21.574277212603977], [85.38809976455047, 21.574186898213135], [85.38819632008557, 21.574187832703576], [85.38819731912893, 21.57409751830375], [85.38829387461014, 21.574098452731306], [85.38829986837632, 21.573556566278448], [85.38839642350717, 21.573557500625157], [85.38839242791758, 21.573918758287345], [85.38848898329995, 21.573919692598125], [85.38848698559049, 21.57410032143371], [85.38839043010032, 21.57409938711395], [85.38838843225611, 21.574280015931567], [85.38809876544421, 21.574277212603977]]], [[[85.38665543205438, 21.5738116167624], [85.38684854249576, 21.573813487333297], [85.38684554290424, 21.57408443037108], [85.38694209831357, 21.574085365580174], [85.38694109849764, 21.574175679935085], [85.38684454302543, 21.574174744708024], [85.38684354314663, 21.574265059053953], [85.38694009868172, 21.57426599427203], [85.38693809902291, 21.574446622963883], [85.38703465467478, 21.574447558137045], [85.3870356544458, 21.574357243791116], [85.38713221004377, 21.57435817891038], [85.38713320975191, 21.574267864555466], [85.38751943196415, 21.574271604448608], [85.38752043142973, 21.57418129007573], [85.38781009796315, 21.57418409440045], [85.3878090986862, 21.574274408782312], [85.38809876544421, 21.574277212603977], [85.3880967672227, 21.574457841394647], [85.38819332294645, 21.574458775903054], [85.38819132481478, 21.574639404702708], [85.38809476898324, 21.574638470185317], [85.38809376985003, 21.574728784576163], [85.38799721395561, 21.574727850004873], [85.3879962147685, 21.57481816438673], [85.38760999101116, 21.574814425517673], [85.38761298930011, 21.57454348239904], [85.3870336548948, 21.574537872491955], [85.3870326551148, 21.574628186837884], [85.38693609934613, 21.574627251646756], [85.38693509949428, 21.5747175659837], [85.38683854366273, 21.574716630738678], [85.38683754375698, 21.574806945075622], [85.38674098787153, 21.574806009767713], [85.38673898790731, 21.57498663843262], [85.38664243191407, 21.57498570306183], [85.38664343195458, 21.574895388733868], [85.38645032009387, 21.574893517830592], [85.38645132025115, 21.5748032035206], [85.38606509683517, 21.574799461058277], [85.38606709760789, 21.574618832456252], [85.38587398616939, 21.574616960915172], [85.38587498666804, 21.57452664662314], [85.38577843101616, 21.57452571076726], [85.38578143265583, 21.574254767891176], [85.38607109909044, 21.57425757524322], [85.38607810149401, 21.573625375073256], [85.38588499137605, 21.573623503622006], [85.38588699224756, 21.573442875011], [85.38598354718978, 21.57344381075908], [85.38598454756266, 21.573353496440102], [85.38608110245097, 21.573354432125303], [85.38608310305301, 21.573173803496328], [85.38617965782453, 21.57317473911865], [85.38618065806267, 21.573084424790686], [85.3862772127803, 21.57308536035012], [85.38627621260504, 21.573175674678083], [85.38646932217505, 21.573177545635257], [85.38646832210759, 21.5732678599722], [85.38656487695997, 21.573268795378926], [85.38656187691929, 21.57353973838976], [85.38665843196031, 21.57354067374258], [85.38665543205438, 21.5738116167624]], [[85.38665543205438, 21.5738116167624], [85.3865588768337, 21.57381068139161], [85.38655787679319, 21.57390099571957], [85.38646132152759, 21.573900060294882], [85.38646032142421, 21.573990374622845], [85.38665343209016, 21.573992245436287], [85.38665543205438, 21.5738116167624]], [[85.38713221004377, 21.57435817891038], [85.38713121033564, 21.57444849326529], [85.38732432167532, 21.57445036333313], [85.38732532126667, 21.57436004897822], [85.38713221004377, 21.57435817891038]]]]}, "id": "+18+39", "properties": {"annual_rainfall": 1382.1430009414753, "area_ha": 2.1359284104060134, "aspect": 221.399527146259, "canopy_height": 14.526710242633717, "canopy_height_max": 15.375192498545566, "canopy_height_std": 0.955908566756091, "centroid_lat": 21.574193758633452, "centroid_lon": 85.38681554445981, "cluster_id": 2, "distance_to_water": 463409.50001051987, "elevation": 713.8672240401579, "n_pixels": 214, "ndvi_amplitude_annual": 0.16792630468736558, "ndvi_mean": 0.697384189907914, "ndvi_phase_annual": 2.228847709665313, "ndvi_residual_variance": 0.009435288542885889, "ndvi_trend": -0.00799884377187774, "perim_m": 1480.0812357222405, "slope": 11.640271376929531, "stand_id": 108, "stand_lbl": 3, "vh_iqr": 2.06443490247561, "vh_p10": -16.45850286047441, "vh_p50": -15.426285409236607, "vh_p90": -14.394067957998802, "vv_iqr": 2.1094697250465106, "vv_minus_vh_median": 5.8320592139857395, "vv_p10": -10.648961057774118, "vv_p50": -9.594226195250865, "vv_p90": -8.539491332727605}}, {"type": "Feature", "geometry": {"type": "Polygon", "coordinates": [[[85.3884144025869, 21.57193184094319], [85.38841540137875, 21.57184152650743], [85.3886085093767, 21.571843394877455], [85.38860950804279, 21.571753080432714], [85.38880261595091, 21.57175494856918], [85.38880361449122, 21.571664634115454], [85.38909327620968, 21.571667435897943], [85.38909427456134, 21.57157712142625], [85.38938393614505, 21.571579922687718], [85.38938493431706, 21.571489608198057], [85.39064013429152, 21.571501741122763], [85.39063913689205, 21.57159205566632], [85.39102535269032, 21.571595786989533], [85.39102435553342, 21.571686101542074], [85.39121746357628, 21.571687966875793], [85.39121646653615, 21.5717782814463], [85.39140957472274, 21.571780146564425], [85.3914085777904, 21.57187046113493], [85.39160168612074, 21.57187232603746], [85.39160068930518, 21.571962640616952], [85.39169724353772, 21.571963572987368], [85.39169624677606, 21.57205388756686], [85.3918893553669, 21.572055752154977], [85.39188835872203, 21.57214606674345], [85.3919849130893, 21.572146998961152], [85.39198391649833, 21.572237313549625], [85.3920804709285, 21.572238245713432], [85.39207947439142, 21.572328560301905], [85.39217602889346, 21.572329492420792], [85.39217503241028, 21.572419807018246], [85.3922715869662, 21.572420739074254], [85.39227059053692, 21.57251105367171], [85.39236714516473, 21.5725119856828], [85.39236614878935, 21.57260230028924], [85.39246270348002, 21.57260323224643], [85.39246170716753, 21.57269354685287], [85.39255826192108, 21.572694478756162], [85.39255626938592, 21.572875107978025], [85.39265282426524, 21.5728760398364], [85.39265182805156, 21.57296635444284], [85.39274838299376, 21.5729672862563], [85.39274738683397, 21.573057600871724], [85.39284394184806, 21.5730585326223], [85.39284294574216, 21.573148847246706], [85.39293950081912, 21.57314977894339], [85.39293850476713, 21.573240093567794], [85.39303505990696, 21.57324102521956], [85.39303406390889, 21.573331339843964], [85.39313061912058, 21.573332271441828], [85.39312962317639, 21.573422586075218], [85.39322617844199, 21.573423517619183], [85.39322518256068, 21.573513832252573], [85.39332173789815, 21.57351476374264], [85.39331974622537, 21.5736953930184], [85.39341630167961, 21.57369632446355], [85.39341530589712, 21.573786639105922], [85.39351186142324, 21.573787570497178], [85.39350986996604, 21.57396819978192], [85.39360642560894, 21.57396913113724], [85.39360443425056, 21.574149760421985], [85.39370099001923, 21.574150691723407], [85.39369800311192, 21.574421635659505], [85.3937945590782, 21.57442256691601], [85.3937925678995, 21.574603196209736], [85.39388912398256, 21.574604127421324], [85.39388613735373, 21.574875071366407], [85.39398269362545, 21.57487600253308], [85.39397970713138, 21.575146946487145], [85.39407626358275, 21.575147877608906], [85.39407427268252, 21.5753285069206], [85.39417082925966, 21.57532943799744], [85.39416784304406, 21.575600381951503], [85.39426439980984, 21.575601312992415], [85.39426240909826, 21.575781942295123], [85.39435896598083, 21.575782873282137], [85.39435598005268, 21.576053817254166], [85.3944525371239, 21.576054748205244], [85.39445054659198, 21.576235377516937], [85.39454710378895, 21.576236308414117], [85.3945441181393, 21.576507252395132], [85.39464067552493, 21.576508183247395], [85.39463868518165, 21.576688812577054], [85.39444557018581, 21.57668695079168], [85.39444258427564, 21.576957894745743], [85.39434602660256, 21.576956963758732], [85.39434702197183, 21.57686664911636], [85.39425046436162, 21.57686571807545], [85.39425145978478, 21.57677540343308], [85.39415490224646, 21.576774472347253], [85.39415589772352, 21.576684157704882], [85.39367311040014, 21.57667950144032], [85.39367111883516, 21.576860130680146], [85.39347800370457, 21.576858267762894], [85.39347899960386, 21.576767953156455], [85.393285884617, 21.576766090023607], [85.3932888726472, 21.576495146213272], [85.39319231533345, 21.576494214579473], [85.39319530349839, 21.576223270778122], [85.39329186063249, 21.576224202402937], [85.3932928566126, 21.576133887796498], [85.39338941368382, 21.576134819358433], [85.39339339733482, 21.575773560905727], [85.3935865110191, 21.57577542382298], [85.3935885025751, 21.57559479457417], [85.39349194584526, 21.57559386314698], [85.39349294167266, 21.57550354853156], [85.39339638501467, 21.575502617050475], [85.39339937264961, 21.57523167318624], [85.39330281617129, 21.575230741669227], [85.39330580393198, 21.574959797813975], [85.39340236023065, 21.574960729322008], [85.39340534777575, 21.57468978543981], [85.39330879165675, 21.57468885394076], [85.39331177932762, 21.57441791006754], [85.39340833526695, 21.574418841548628], [85.39340933108538, 21.574328526915238], [85.39331277520893, 21.574327595443137], [85.39331476695358, 21.574146966185342], [85.39312165544321, 21.574145103079445], [85.39312265143232, 21.574054788455037], [85.39302609574452, 21.57405385682124], [85.39302709178752, 21.573963542205817], [85.39283398055564, 21.573961678776524], [85.39283198822707, 21.574142307998386], [85.3926388767796, 21.574140444335534], [85.39263788048507, 21.574230758932988], [85.39215510165076, 21.57422609876974], [85.39215908796976, 21.57386484045178], [85.39206253245263, 21.57386390827001], [85.39206552231539, 21.57359296453154], [85.39196896698691, 21.573592032304855], [85.39196996365872, 21.57350171773435], [85.39187340839312, 21.573500785453763], [85.39187639855233, 21.57322984173326], [85.39177984347538, 21.57322890940776], [85.39178183700767, 21.573048280266747], [85.39158872710529, 21.573046415472014], [85.39158972398373, 21.572956100901507], [85.39149316910441, 21.572955168432276], [85.39149416603674, 21.57286485387075], [85.39139761121132, 21.57286392133864], [85.39139860820653, 21.572773606777115], [85.39130205345297, 21.57277267420009], [85.39130305049311, 21.572682359647548], [85.39110994112073, 21.57268049433179], [85.39111093827765, 21.57259017977925], [85.39101438365884, 21.572589247040526], [85.39101538086965, 21.57249893249697], [85.39082227176677, 21.57249706685782], [85.39082326908539, 21.572406752323246], [85.3907267146103, 21.572405819422823], [85.3907277119828, 21.57231550488825], [85.3904380487462, 21.572312705872573], [85.39043904629838, 21.572222391355965], [85.39034249195805, 21.572221458239945], [85.39034348956412, 21.57213114372334], [85.39024693528667, 21.572130210562406], [85.3902459376177, 21.57222052507003], [85.39014938328636, 21.572219591846213], [85.39015137874105, 21.57203896282198], [85.39005482452649, 21.572038029553248], [85.39005382674972, 21.572128344060875], [85.38995727248125, 21.57212741072926], [85.38995627463264, 21.5722177252279], [85.38985972031925, 21.572216791842386], [85.3898627140268, 21.571945848346463], [85.38966960576835, 21.571943981413742], [85.38967060377865, 21.571853666924085], [85.3895740497168, 21.571852733385857], [85.38957305164361, 21.571943047866533], [85.38947649752785, 21.571942114265422], [85.38947849378204, 21.57176148529509], [85.38909227784902, 21.57175775036065], [85.38909028110973, 21.57193837929505], [85.38899372702093, 21.571937445415465], [85.3889927285884, 21.572027759878175], [85.3888961744457, 21.572026825935705], [85.38889417743692, 21.572207454843156], [85.38870106891795, 21.572205586769574], [85.38870206754811, 21.57211527232483], [85.38860551336047, 21.572114338211684], [85.38860751071061, 21.5719337093222], [85.3884144025869, 21.57193184094319]]]}, "id": "+98+60", "properties": {"annual_rainfall": 1382.1430009414753, "area_ha": 7.099739309052453, "aspect": 174.1678993741639, "canopy_height": 15.265650682199006, "canopy_height_max": 15.981265459187746, "canopy_height_std": 0.5017328074411601, "centroid_lat": 21.57374261894558, "centroid_lon": 85.39229069251967, "cluster_id": 4.999999999999999, "distance_to_water": 463409.50001051987, "elevation": 714.2510571555976, "n_pixels": 710, "ndvi_amplitude_annual": 0.22779503494032938, "ndvi_mean": 0.4752304896575102, "ndvi_phase_annual": -2.581881616030431, "ndvi_residual_variance": 0.008321390172385945, "ndvi_trend": 0.03759726314287861, "perim_m": 2900.165354901615, "slope": 9.823443482539636, "stand_id": 109, "stand_lbl": 28, "vh_iqr": 2.2647753680278035, "vh_p10": -18.28490405091923, "vh_p50": -17.15251636690533, "vh_p90": -16.020128682891404, "vv_iqr": 2.11393936584221, "vv_minus_vh_median": 6.615805513456971, "vv_p10": -11.593680536369456, "vv_p50": -10.53671085344835, "vv_p90": -9.47974117052725}}, {"type": "Feature", "geometry": {"type": "MultiPolygon", "coordinates": [[[[85.38656487695997, 21.573268795378926], [85.38646832210759, 21.5732678599722], [85.38646932217505, 21.573177545635257], [85.38627621260504, 21.573175674678083], [85.38627821295555, 21.57299504602216], [85.38637476761029, 21.572995981518716], [85.38637676781707, 21.57281535285381], [85.38647332236403, 21.57281628828748], [85.38647432240452, 21.572725973950536], [85.3866674313996, 21.572727844647197], [85.38666843130537, 21.572637530292287], [85.38686154020164, 21.57263940075539], [85.38685854080775, 21.572910343829104], [85.38676198617995, 21.57290940861103], [85.38676098631012, 21.57299972296594], [85.38666443162843, 21.57299878768498], [85.38666343169572, 21.57308910203091], [85.38656687696013, 21.573088166696053], [85.38656487695997, 21.573268795378926]]], [[[85.38665543205438, 21.5738116167624], [85.38665343209016, 21.573992245436287], [85.38646032142421, 21.573990374622845], [85.38646132152759, 21.573900060294882], [85.38655787679319, 21.57390099571957], [85.3865588768337, 21.57381068139161], [85.38665543205438, 21.5738116167624]]], [[[85.38713221004377, 21.57435817891038], [85.38732532126667, 21.57436004897822], [85.38732432167532, 21.57445036333313], [85.38713121033564, 21.57444849326529], [85.38713221004377, 21.57435817891038]]], [[[85.38656487695997, 21.573268795378926], [85.38685454154404, 21.573271601239764], [85.38685554136894, 21.57318128689384], [85.38714520582725, 21.573184092242638], [85.38714220687355, 21.57345503533432], [85.38723876188762, 21.573455970354768], [85.38723976147897, 21.57336565598189], [85.38733631643015, 21.573366590939454], [85.38733731595862, 21.573276276566578], [85.3875304257622, 21.573278146311026], [85.3875324245676, 21.573097517547307], [85.38762897935709, 21.57309845232521], [85.3876299786969, 21.573008137934362], [85.38791964291268, 21.573010941917726], [85.38791764460134, 21.57319157071738], [85.38801419947168, 21.5731925052707], [85.38801519856897, 21.573102190870873], [85.3881117533854, 21.5731031253703], [85.38811375145418, 21.572922496543697], [85.38821030615385, 21.572923430980236], [85.38820631024086, 21.573284688633443], [85.38830286518306, 21.573285623034053], [85.38830186625647, 21.57337593744286], [85.38839842126156, 21.573376871789574], [85.38839642350717, 21.573557500625157], [85.38829986837632, 21.573556566278448], [85.38829387461014, 21.574098452731306], [85.38819731912893, 21.57409751830375], [85.38819632008557, 21.574187832703576], [85.38809976455047, 21.574186898213135], [85.38809876544421, 21.574277212603977], [85.3878090986862, 21.574274408782312], [85.38781009796315, 21.57418409440045], [85.38752043142973, 21.57418129007573], [85.38751943196415, 21.574271604448608], [85.38713320975191, 21.574267864555466], [85.38713221004377, 21.57435817891038], [85.3870356544458, 21.574357243791116], [85.38703465467478, 21.574447558137045], [85.38693809902291, 21.574446622963883], [85.38694009868172, 21.57426599427203], [85.38684354314663, 21.574265059053953], [85.38684454302543, 21.574174744708024], [85.38694109849764, 21.574175679935085], [85.38694209831357, 21.574085365580174], [85.38684554290424, 21.57408443037108], [85.38684854249576, 21.573813487333297], [85.38665543205438, 21.5738116167624], [85.38665843196031, 21.57354067374258], [85.38656187691929, 21.57353973838976], [85.38656487695997, 21.573268795378926]]]]}, "id": "+24+33", "properties": {"annual_rainfall": 1382.1430009414753, "area_ha": 2.246235880807555, "aspect": 153.9145635488487, "canopy_height": 17.448547136621265, "canopy_height_max": 17.868590787673458, "canopy_height_std": 0.3954735228636761, "centroid_lat": 21.57361813416827, "centroid_lon": 85.38741199232288, "cluster_id": 2, "distance_to_water": 463409.50001051987, "elevation": 725.3735039677384, "n_pixels": 225, "ndvi_amplitude_annual": 0.12563268075267006, "ndvi_mean": 0.7467098912433158, "ndvi_phase_annual": 2.371276969160262, "ndvi_residual_variance": 0.005324964310793894, "ndvi_trend": 0.0016175100844532699, "perim_m": 1260.0692194000574, "slope": 11.303580720697282, "stand_id": 110, "stand_lbl": 4, "vh_iqr": 2.0646251788160734, "vh_p10": -16.42830351379169, "vh_p50": -15.395990924383653, "vh_p90": -14.36367833497563, "vv_iqr": 2.218156990708842, "vv_minus_vh_median": 6.456886900889202, "vv_p10": -10.048182518848874, "vv_p50": -8.93910402349445, "vv_p90": -7.830025528140029}}, {"type": "Feature", "geometry": {"type": "Polygon", "coordinates": [[[85.38656487695997, 21.573268795378926], [85.38656687696013, 21.573088166696053], [85.38666343169572, 21.57308910203091], [85.38666443162843, 21.57299878768498], [85.38676098631012, 21.57299972296594], [85.38676198617995, 21.57290940861103], [85.38685854080775, 21.572910343829104], [85.38686154020164, 21.57263940075539], [85.3867649857535, 21.57263846555528], [85.38676598559638, 21.57254815120037], [85.38686253998164, 21.572549086391497], [85.3868635397706, 21.572458772036583], [85.3870566484423, 21.57246064225714], [85.38705764809653, 21.572370327884265], [85.38725075667838, 21.572372197871257], [85.38725175620685, 21.57228188349838], [85.3874448646809, 21.572283753251813], [85.3874458640926, 21.57219343886097], [85.38763897246784, 21.572195308389823], [85.38763997175376, 21.572104993989996], [85.38773652588748, 21.5721059286601], [85.3877335282004, 21.572376871868563], [85.3881197455258, 21.572380610054903], [85.38811874652734, 21.572470924472697], [85.38821530093055, 21.572471858882288], [85.388214301986, 21.572562173309066], [85.3883108564521, 21.57256310766476], [85.38831185533378, 21.57247279323798], [85.38840840974598, 21.572473727539776], [85.38840641209042, 21.572654356402314], [85.38830985756144, 21.572653422091534], [85.38830885866179, 21.572743736509327], [85.3882123040789, 21.572742802144653], [85.38821130511639, 21.572833116562446], [85.3881147504796, 21.572832182134885], [85.3881117533854, 21.5731031253703], [85.38801519856897, 21.573102190870873], [85.38801419947168, 21.5731925052707], [85.38791764460134, 21.57319157071738], [85.38791964291268, 21.573010941917726], [85.3876299786969, 21.573008137934362], [85.38762897935709, 21.57309845232521], [85.3875324245676, 21.573097517547307], [85.3875304257622, 21.573278146311026], [85.38733731595862, 21.573276276566578], [85.38733631643015, 21.573366590939454], [85.38723976147897, 21.57336565598189], [85.38723876188762, 21.573455970354768], [85.38714220687355, 21.57345503533432], [85.38714520582725, 21.573184092242638], [85.38685554136894, 21.57318128689384], [85.38685454154404, 21.573271601239764], [85.38656487695997, 21.573268795378926]]]}, "id": "+23+22", "properties": {"annual_rainfall": 1382.1430009414753, "area_ha": 1.4139255168348501, "aspect": 227.03351926453897, "canopy_height": 19.775473233742044, "canopy_height_max": 20.293838115991512, "canopy_height_std": 0.4273376638591447, "centroid_lat": 21.572772371006824, "centroid_lon": 85.38746171557398, "cluster_id": 0, "distance_to_water": 463409.50001051987, "elevation": 732.3782408842065, "n_pixels": 141, "ndvi_amplitude_annual": 0.11691931225570713, "ndvi_mean": 0.7651836565331225, "ndvi_phase_annual": 1.682058915554812, "ndvi_residual_variance": 0.004844996750083624, "ndvi_trend": 0.003500300477531733, "perim_m": 780.0429803546144, "slope": 9.715499431876879, "stand_id": 111, "stand_lbl": 5, "vh_iqr": 1.949388148926662, "vh_p10": -14.390593078383182, "vh_p50": -13.415899003919852, "vh_p90": -12.441204929456525, "vv_iqr": 1.725733857340764, "vv_minus_vh_median": 5.954892308793413, "vv_p10": -8.323873623796812, "vv_p50": -7.461006695126435, "vv_p90": -6.598139766456049}}, {"type": "Feature", "geometry": {"type": "MultiPolygon", "coordinates": [[[[85.3894615249387, 21.573296831403685], [85.38945952850484, 21.5734774603291], [85.38936297337399, 21.573476526602228], [85.38936197509418, 21.573566841064938], [85.38926541990944, 21.5735659072662], [85.3892674165948, 21.57338527835875], [85.3893639716538, 21.57338621213952], [85.38936496993361, 21.57329589767681], [85.3894615249387, 21.573296831403685]]], [[[85.3904380487462, 21.572312705872573], [85.3907277119828, 21.57231550488825], [85.3907267146103, 21.572405819422823], [85.39043705118506, 21.572403020398163], [85.3904380487462, 21.572312705872573]]], [[[85.3904380487462, 21.572312705872573], [85.39034149434299, 21.572311772756553], [85.39034049672794, 21.57240208727316], [85.3901473878137, 21.572400220870446], [85.39014639007289, 21.57249053537807], [85.3902429445839, 21.572491468610867], [85.39024094920107, 21.5726720976351], [85.3901443945643, 21.572671164384335], [85.39014539232308, 21.57258084987671], [85.39004883775817, 21.57257991658103], [85.39004783994548, 21.572670231088654], [85.3899512853177, 21.57266929773009], [85.3899472937705, 21.57303055570669], [85.38965762922236, 21.573027755244723], [85.389655633058, 21.57320838419709], [85.38955907809783, 21.573207450595984], [85.38955807995276, 21.573297765067675], [85.3894615249387, 21.573296831403685], [85.38946352135459, 21.573116202460298], [85.38927041157797, 21.573114334979604], [85.38926941325325, 21.57320464943333], [85.3890763033868, 21.573202781719075], [85.38907430648582, 21.57338341061754], [85.38897775143582, 21.57338247666609], [85.38897874994919, 21.57329216222135], [85.38868908501478, 21.5732893600436], [85.38868808633072, 21.57337967447936], [85.38859153129867, 21.57337874030333], [85.38859053254276, 21.573469054730104], [85.38839742238886, 21.573467186207363], [85.38839842126156, 21.573376871789574], [85.38830186625647, 21.57337593744286], [85.38830286518306, 21.573285623034053], [85.38820631024086, 21.573284688633443], [85.38821030615385, 21.572923430980236], [85.38811375145418, 21.572922496543697], [85.3881147504796, 21.572832182134885], [85.38821130511639, 21.572833116562446], [85.3882123040789, 21.572742802144653], [85.38830885866179, 21.572743736509327], [85.38830985756144, 21.572653422091534], [85.38840641209042, 21.572654356402314], [85.38840840974598, 21.572473727539776], [85.38831185533378, 21.57247279323798], [85.3883108564521, 21.57256310766476], [85.388214301986, 21.572562173309066], [85.38821530093055, 21.572471858882288], [85.38811874652734, 21.572470924472697], [85.3881197455258, 21.572380610054903], [85.3877335282004, 21.572376871868563], [85.38773652588748, 21.5721059286601], [85.38792963418187, 21.572107797838612], [85.38793063327915, 21.5720174834298], [85.38812374146575, 21.57201935237475], [85.38812474043726, 21.571929037956956], [85.38860751071061, 21.5719337093222], [85.38860551336047, 21.572114338211684], [85.38870206754811, 21.57211527232483], [85.38870106891795, 21.572205586769574], [85.38889417743692, 21.572207454843156], [85.3888961744457, 21.572026825935705], [85.3889927285884, 21.572027759878175], [85.38899372702093, 21.571937445415465], [85.38909028110973, 21.57193837929505], [85.38909227784902, 21.57175775036065], [85.38947849378204, 21.57176148529509], [85.38947649752785, 21.571942114265422], [85.38957305164361, 21.571943047866533], [85.3895740497168, 21.571852733385857], [85.38967060377865, 21.571853666924085], [85.38966960576835, 21.571943981413742], [85.3898627140268, 21.571945848346463], [85.38985972031925, 21.572216791842386], [85.38995627463264, 21.5722177252279], [85.38995727248125, 21.57212741072926], [85.39005382674972, 21.572128344060875], [85.39005482452649, 21.572038029553248], [85.39015137874105, 21.57203896282198], [85.39014938328636, 21.572219591846213], [85.3902459376177, 21.57222052507003], [85.39024693528667, 21.572130210562406], [85.39034348956412, 21.57213114372334], [85.39034249195805, 21.572221458239945], [85.39043904629838, 21.572222391355965], [85.3904380487462, 21.572312705872573]]]]}, "id": "+45+23", "properties": {"annual_rainfall": 1382.1430009414753, "area_ha": 3.0284121024541686, "aspect": 89.13104178702098, "canopy_height": 16.695147883239894, "canopy_height_max": 17.337570075391454, "canopy_height_std": 0.4830628913373657, "centroid_lat": 21.572567216694747, "centroid_lon": 85.38907565589287, "cluster_id": 2, "distance_to_water": 463409.50001051987, "elevation": 729.493284228769, "n_pixels": 303, "ndvi_amplitude_annual": 0.18753745240370379, "ndvi_mean": 0.5768331736340118, "ndvi_phase_annual": -1.0191681396980448, "ndvi_residual_variance": 0.0081862667548581, "ndvi_trend": 0.03201292502366303, "perim_m": 1440.0804051771586, "slope": 12.345212305025996, "stand_id": 112, "stand_lbl": 10, "vh_iqr": 1.9345286288760628, "vh_p10": -17.578700223855993, "vh_p50": -16.611435909417956, "vh_p90": -15.644171594979923, "vv_iqr": 2.1435010512877932, "vv_minus_vh_median": 6.702089369719262, "vv_p10": -10.981097065342608, "vv_p50": -9.909346539698715, "vv_p90": -8.837596014054808}}]}