{"type": "FeatureCollection", "columns": {}, "features": [{"type": "Feature", "geometry": {"type": "Polygon", "coordinates": [[[85.40759513224874, 21.61634034482487], [85.40768496377716, 21.61634034482487], [85.40768496377716, 21.616430176353283], [85.40759513224874, 21.616430176353283], [85.40759513224874, 21.616520007881693], [85.40768496377716, 21.616520007881693], [85.40768496377716, 21.61669967093852], [85.40759513224874, 21.61669967093852], [85.40759513224874, 21.616520007881693], [85.40750530072033, 21.616520007881693], [85.40750530072033, 21.616430176353283], [85.40759513224874, 21.616430176353283], [85.40759513224874, 21.61634034482487]]]}, "id": "+253+13", "properties": {"area_ha": 0.03710371995135398, "centroid_lat": 21.61652000810236, "centroid_lon": 85.40761759059582, "cluster_id": 3, "n_pixels": 4, "perim_m": 135.37836620265384, "profile_annual_rainfall_p50": 1382.1430009414753, "profile_aspect_cos_p50": 0.7547095802227726, "profile_aspect_sin_p50": 0.5068723628744278, "profile_canopy_height_max_p50": 16, "profile_canopy_height_p50": 15.000000000000002, "profile_canopy_height_std_p50": 0.479783893252404, "profile_distance_to_water_p50": 463409.50001051987, "profile_elevation_p50": 613, "profile_ndvi_amplitude_annual_p50": 0.21594181849089125, "profile_ndvi_mean_p50": 0.5607553809161441, "profile_ndvi_phase_annual_cos_p50": -0.9570353010203978, "profile_ndvi_phase_annual_sin_p50": -0.2702660748740832, "profile_ndvi_residual_variance_p50": 0.007142943686337334, "profile_ndvi_trend_p50": 0.009278162128748173, "profile_slope_p50": 9, "profile_vh_iqr_p50": 1.913070716527018, "profile_vh_p10_p50": -18.18736326050109, "profile_vh_p50_p50": -17.095798910231085, "profile_vh_p90_p50": -15.939832783124876, "profile_vv_iqr_p50": 1.7827568678918795, "profile_vv_minus_vh_median_p50": 6.470504915976252, "profile_vv_p10_p50": -11.809996062022115, "profile_vv_p50_p50": -10.652499535179865, "profile_vv_p90_p50": -9.591104676317315, "unit_id": 1}}, {"type": "Feature", "geometry": {"type": "Polygon", "coordinates": [[[85.40606799626575, 21.614184388142984], [85.40642732237939, 21.614184388142984], [85.40642732237939, 21.614364051199807], [85.40696631154987, 21.614364051199807], [85.40696631154987, 21.61445388272822], [85.40687648002145, 21.61445388272822], [85.40687648002145, 21.61454371425663], [85.40678664849304, 21.61454371425663], [85.40678664849304, 21.61490304037028], [85.40669681696463, 21.61490304037028], [85.40669681696463, 21.614992871898693], [85.40678664849304, 21.614992871898693], [85.40678664849304, 21.615082703427102], [85.40696631154987, 21.615082703427102], [85.40696631154987, 21.615262366483925], [85.40714597460668, 21.615262366483925], [85.40714597460668, 21.615621692597575], [85.40696631154987, 21.615621692597575], [85.40696631154987, 21.616070850239634], [85.40687648002145, 21.616070850239634], [85.40687648002145, 21.616250513296457], [85.40696631154987, 21.616250513296457], [85.40696631154987, 21.616430176353283], [85.40705614307828, 21.616430176353283], [85.40705614307828, 21.616520007881693], [85.40714597460668, 21.616520007881693], [85.40714597460668, 21.61669967093852], [85.40705614307828, 21.61669967093852], [85.40705614307828, 21.61678950246693], [85.40696631154987, 21.61678950246693], [85.40696631154987, 21.616879333995342], [85.4065171539078, 21.616879333995342], [85.4065171539078, 21.61678950246693], [85.40642732237939, 21.61678950246693], [85.40642732237939, 21.61669967093852], [85.40633749085097, 21.61669967093852], [85.40633749085097, 21.616609839410106], [85.40615782779415, 21.616609839410106], [85.40615782779415, 21.616520007881693], [85.40624765932256, 21.616520007881693], [85.40624765932256, 21.616430176353283], [85.40606799626575, 21.616430176353283], [85.40606799626575, 21.61634034482487], [85.40615782779415, 21.61634034482487], [85.40615782779415, 21.616250513296457], [85.40597816473733, 21.616250513296457], [85.40597816473733, 21.616070850239634], [85.40588833320892, 21.616070850239634], [85.40588833320892, 21.615981018711224], [85.40597816473733, 21.615981018711224], [85.40597816473733, 21.615711524125988], [85.40588833320892, 21.615711524125988], [85.40588833320892, 21.615621692597575], [85.40597816473733, 21.615621692597575], [85.40597816473733, 21.615442029540752], [85.40615782779415, 21.615442029540752], [85.40615782779415, 21.615262366483925], [85.40624765932256, 21.615262366483925], [85.40624765932256, 21.615172534955516], [85.40615782779415, 21.615172534955516], [85.40615782779415, 21.615082703427102], [85.40624765932256, 21.615082703427102], [85.40624765932256, 21.614992871898693], [85.40615782779415, 21.614992871898693], [85.40615782779415, 21.61490304037028], [85.40624765932256, 21.61490304037028], [85.40624765932256, 21.614813208841866], [85.40615782779415, 21.614813208841866], [85.40615782779415, 21.614723377313457], [85.40633749085097, 21.614723377313457], [85.40633749085097, 21.614633545785043], [85.40615782779415, 21.614633545785043], [85.40615782779415, 21.614274219671394], [85.40606799626575, 21.614274219671394], [85.40606799626575, 21.614184388142984]], [[85.40669681696463, 21.615981018711224], [85.40660698543621, 21.615981018711224], [85.40660698543621, 21.616070850239634], [85.40642732237939, 21.616070850239634], [85.40642732237939, 21.616160681768047], [85.40669681696463, 21.616160681768047], [85.40669681696463, 21.615981018711224]], [[85.40660698543621, 21.615801355654398], [85.4065171539078, 21.615801355654398], [85.4065171539078, 21.615981018711224], [85.40660698543621, 21.615981018711224], [85.40660698543621, 21.615801355654398]], [[85.40669681696463, 21.615082703427102], [85.40660698543621, 21.615082703427102], [85.40660698543621, 21.615172534955516], [85.4065171539078, 21.615172534955516], [85.4065171539078, 21.61535219801234], [85.40642732237939, 21.61535219801234], [85.40642732237939, 21.615442029540752], [85.40660698543621, 21.615442029540752], [85.40660698543621, 21.615262366483925], [85.40669681696463, 21.615262366483925], [85.40669681696463, 21.615082703427102]], [[85.40660698543621, 21.614992871898693], [85.4065171539078, 21.614992871898693], [85.4065171539078, 21.615082703427102], [85.40660698543621, 21.615082703427102], [85.40660698543621, 21.614992871898693]], [[85.40642732237939, 21.61490304037028], [85.40624765932256, 21.61490304037028], [85.40624765932256, 21.614992871898693], [85.40642732237939, 21.614992871898693], [85.40642732237939, 21.61490304037028]], [[85.40678664849304, 21.61445388272822], [85.40669681696463, 21.61445388272822], [85.40669681696463, 21.61454371425663], [85.40678664849304, 21.61454371425663], [85.40678664849304, 21.61445388272822]]]}, "id": "+239+37", "properties": {"area_ha": 2.29116849474616, "centroid_lat": 21.615645511265082, "centroid_lon": 85.4065362470921, "cluster_id": 3, "n_pixels": 229, "perim_m": 1559.7006256471652, "profile_annual_rainfall_p50": 1382.1430009414753, "profile_aspect_cos_p50": 0.7547095802227726, "profile_aspect_sin_p50": 0.5068723628744278, "profile_canopy_height_max_p50": 16, "profile_canopy_height_p50": 15.000000000000002, "profile_canopy_height_std_p50": 0.479783893252404, "profile_distance_to_water_p50": 463409.50001051987, "profile_elevation_p50": 613, "profile_ndvi_amplitude_annual_p50": 0.21594181849089125, "profile_ndvi_mean_p50": 0.5607553809161441, "profile_ndvi_phase_annual_cos_p50": -0.9570353010203978, "profile_ndvi_phase_annual_sin_p50": -0.2702660748740832, "profile_ndvi_residual_variance_p50": 0.007142943686337334, "profile_ndvi_trend_p50": 0.009278162128748173, "profile_slope_p50": 9, "profile_vh_iqr_p50": 1.913070716527018, "profile_vh_p10_p50": -18.18736326050109, "profile_vh_p50_p50": -17.095798910231085, "profile_vh_p90_p50": -15.939832783124876, "profile_vv_iqr_p50": 1.7827568678918795, "profile_vv_minus_vh_median_p50": 6.470504915976252, "profile_vv_p10_p50": -11.809996062022115, "profile_vv_p50_p50": -10.652499535179865, "profile_vv_p90_p50": -9.591104676317315, "unit_id": 2}}, {"type": "Feature", "geometry": {"type": "Polygon", "coordinates": [[[85.40894260517493, 21.61346573591569], [85.40921209976015, 21.61346573591569], [85.40921209976015, 21.6135555674441], [85.40912226823174, 21.6135555674441], [85.40912226823174, 21.613645398972512], [85.40930193128857, 21.613645398972512], [85.40930193128857, 21.613825062029335], [85.40966125740222, 21.613825062029335], [85.40966125740222, 21.613914893557748], [85.4095714258738, 21.613914893557748], [85.4095714258738, 21.61400472508616], [85.40984092045905, 21.61400472508616], [85.40984092045905, 21.61409455661457], [85.40966125740222, 21.61409455661457], [85.40966125740222, 21.614274219671394], [85.4095714258738, 21.614274219671394], [85.4095714258738, 21.61445388272822], [85.40966125740222, 21.61445388272822], [85.40966125740222, 21.614633545785043], [85.40975108893063, 21.614633545785043], [85.40975108893063, 21.614723377313457], [85.40984092045905, 21.614723377313457], [85.40984092045905, 21.614813208841866], [85.40993075198746, 21.614813208841866], [85.40993075198746, 21.614723377313457], [85.41002058351587, 21.614723377313457], [85.41002058351587, 21.614633545785043], [85.41011041504427, 21.614633545785043], [85.41011041504427, 21.614723377313457], [85.41002058351587, 21.614723377313457], [85.41002058351587, 21.614813208841866], [85.40993075198746, 21.614813208841866], [85.40993075198746, 21.61490304037028], [85.41002058351587, 21.61490304037028], [85.41002058351587, 21.614992871898693], [85.40984092045905, 21.614992871898693], [85.40984092045905, 21.615172534955516], [85.40966125740222, 21.615172534955516], [85.40966125740222, 21.61535219801234], [85.4094815943454, 21.61535219801234], [85.4094815943454, 21.61553186106916], [85.40966125740222, 21.61553186106916], [85.40966125740222, 21.615621692597575], [85.4094815943454, 21.615621692597575], [85.4094815943454, 21.61553186106916], [85.40921209976015, 21.61553186106916], [85.40921209976015, 21.61535219801234], [85.40912226823174, 21.61535219801234], [85.40912226823174, 21.615711524125988], [85.40903243670334, 21.615711524125988], [85.40903243670334, 21.615621692597575], [85.40885277364652, 21.615621692597575], [85.40885277364652, 21.615801355654398], [85.40867311058969, 21.615801355654398], [85.40867311058969, 21.615621692597575], [85.40858327906128, 21.615621692597575], [85.40858327906128, 21.61553186106916], [85.40849344753286, 21.61553186106916], [85.40849344753286, 21.614992871898693], [85.40840361600445, 21.614992871898693], [85.40840361600445, 21.61490304037028], [85.40831378447604, 21.61490304037028], [85.40831378447604, 21.614723377313457], [85.40822395294762, 21.614723377313457], [85.40822395294762, 21.61454371425663], [85.40813412141921, 21.61454371425663], [85.40813412141921, 21.614184388142984], [85.4079544583624, 21.614184388142984], [85.4079544583624, 21.61400472508616], [85.40804428989081, 21.61400472508616], [85.40804428989081, 21.613914893557748], [85.4079544583624, 21.613914893557748], [85.4079544583624, 21.613825062029335], [85.40813412141921, 21.613825062029335], [85.40813412141921, 21.613735230500925], [85.4079544583624, 21.613735230500925], [85.4079544583624, 21.613645398972512], [85.40831378447604, 21.613645398972512], [85.40831378447604, 21.614184388142984], [85.40822395294762, 21.614184388142984], [85.40822395294762, 21.61445388272822], [85.40849344753286, 21.61445388272822], [85.40849344753286, 21.614364051199807], [85.40921209976015, 21.614364051199807], [85.40921209976015, 21.614274219671394], [85.40912226823174, 21.614274219671394], [85.40912226823174, 21.614184388142984], [85.40921209976015, 21.614184388142984], [85.40921209976015, 21.61409455661457], [85.40912226823174, 21.61409455661457], [85.40912226823174, 21.613645398972512], [85.40894260517493, 21.613645398972512], [85.40894260517493, 21.61346573591569]]]}, "id": "+270+45", "properties": {"area_ha": 2.5323602193407573, "centroid_lat": 21.614715972486838, "centroid_lon": 85.40902766528747, "cluster_id": 3, "n_pixels": 253, "perim_m": 1559.705557696967, "profile_annual_rainfall_p50": 1382.1430009414753, "profile_aspect_cos_p50": 0.7547095802227726, "profile_aspect_sin_p50": 0.5068723628744278, "profile_canopy_height_max_p50": 16, "profile_canopy_height_p50": 15.000000000000002, "profile_canopy_height_std_p50": 0.479783893252404, "profile_distance_to_water_p50": 463409.50001051987, "profile_elevation_p50": 613, "profile_ndvi_amplitude_annual_p50": 0.21594181849089125, "profile_ndvi_mean_p50": 0.5607553809161441, "profile_ndvi_phase_annual_cos_p50": -0.9570353010203978, "profile_ndvi_phase_annual_sin_p50": -0.2702660748740832, "profile_ndvi_residual_variance_p50": 0.007142943686337334, "profile_ndvi_trend_p50": 0.009278162128748173, "profile_slope_p50": 9, "profile_vh_iqr_p50": 1.913070716527018, "profile_vh_p10_p50": -18.18736326050109, "profile_vh_p50_p50": -17.095798910231085, "profile_vh_p90_p50": -15.939832783124876, "profile_vv_iqr_p50": 1.7827568678918795, "profile_vv_minus_vh_median_p50": 6.470504915976252, "profile_vv_p10_p50": -11.809996062022115, "profile_vv_p50_p50": -10.652499535179865, "profile_vv_p90_p50": -9.591104676317315, "unit_id": 3}}, {"type": "Feature", "geometry": {"type": "Polygon", "coordinates": [[[85.40777479530557, 21.61400472508616], [85.40786462683398, 21.61400472508616], [85.40786462683398, 21.614184388142984], [85.40777479530557, 21.614184388142984], [85.40777479530557, 21.614274219671394], [85.40786462683398, 21.614274219671394], [85.40786462683398, 21.614364051199807], [85.40759513224874, 21.614364051199807], [85.40759513224874, 21.614184388142984], [85.40768496377716, 21.614184388142984], [85.40768496377716, 21.61409455661457], [85.40759513224874, 21.61409455661457], [85.40759513224874, 21.61400472508616], [85.40768496377716, 21.61400472508616], [85.40768496377716, 21.61409455661457], [85.40777479530557, 21.61409455661457], [85.40777479530557, 21.61400472508616]]]}, "id": "+255+39", "properties": {"area_ha": 0.08348471967498945, "centroid_lat": 21.614199358523106, "centroid_lon": 85.40772988021182, "cluster_id": 3, "n_pixels": 8, "perim_m": 192.47673600436138, "profile_annual_rainfall_p50": 1382.1430009414753, "profile_aspect_cos_p50": 0.7547095802227726, "profile_aspect_sin_p50": 0.5068723628744278, "profile_canopy_height_max_p50": 16, "profile_canopy_height_p50": 15.000000000000002, "profile_canopy_height_std_p50": 0.479783893252404, "profile_distance_to_water_p50": 463409.50001051987, "profile_elevation_p50": 613, "profile_ndvi_amplitude_annual_p50": 0.21594181849089125, "profile_ndvi_mean_p50": 0.5607553809161441, "profile_ndvi_phase_annual_cos_p50": -0.9570353010203978, "profile_ndvi_phase_annual_sin_p50": -0.2702660748740832, "profile_ndvi_residual_variance_p50": 0.007142943686337334, "profile_ndvi_trend_p50": 0.009278162128748173, "profile_slope_p50": 9, "profile_vh_iqr_p50": 1.913070716527018, "profile_vh_p10_p50": -18.18736326050109, "profile_vh_p50_p50": -17.095798910231085, "profile_vh_p90_p50": -15.939832783124876, "profile_vv_iqr_p50": 1.7827568678918795, "profile_vv_minus_vh_median_p50": 6.470504915976252, "profile_vv_p10_p50": -11.809996062022115, "profile_vv_p50_p50": -10.652499535179865, "profile_vv_p90_p50": -9.591104676317315, "unit_id": 4}}, {"type": "Feature", "geometry": {"type": "Polygon", "coordinates": [[[85.40741546919192, 21.612926746745217], [85.40750530072033, 21.612926746745217], [85.40750530072033, 21.61301657827363], [85.40759513224874, 21.61301657827363], [85.40759513224874, 21.61310640980204], [85.40777479530557, 21.61310640980204], [85.40777479530557, 21.613286072858862], [85.40768496377716, 21.613286072858862], [85.40768496377716, 21.613196241330453], [85.40759513224874, 21.613196241330453], [85.40759513224874, 21.613375904387276], [85.40750530072033, 21.613375904387276], [85.40750530072033, 21.61346573591569], [85.40759513224874, 21.61346573591569], [85.40759513224874, 21.613645398972512], [85.40777479530557, 21.613645398972512], [85.40777479530557, 21.613914893557748], [85.40768496377716, 21.613914893557748], [85.40768496377716, 21.613825062029335], [85.4073256376635, 21.613825062029335], [85.4073256376635, 21.613735230500925], [85.40705614307828, 21.613735230500925], [85.40705614307828, 21.613825062029335], [85.40696631154987, 21.613825062029335], [85.40696631154987, 21.613914893557748], [85.40687648002145, 21.613914893557748], [85.40687648002145, 21.613825062029335], [85.40678664849304, 21.613825062029335], [85.40678664849304, 21.613735230500925], [85.40687648002145, 21.613735230500925], [85.40687648002145, 21.613645398972512], [85.40696631154987, 21.613645398972512], [85.40696631154987, 21.6135555674441], [85.40687648002145, 21.6135555674441], [85.40687648002145, 21.613375904387276], [85.40678664849304, 21.613375904387276], [85.40678664849304, 21.61346573591569], [85.40669681696463, 21.61346573591569], [85.40669681696463, 21.613375904387276], [85.40678664849304, 21.613375904387276], [85.40678664849304, 21.613286072858862], [85.40696631154987, 21.613286072858862], [85.40696631154987, 21.61310640980204], [85.40741546919192, 21.61310640980204], [85.40741546919192, 21.612926746745217]]]}, "id": "+251+51", "properties": {"area_ha": 0.6678810838360981, "centroid_lat": 21.61345700221834, "centroid_lon": 85.4072857126241, "cluster_id": 3, "n_pixels": 67, "perim_m": 614.6360816072925, "profile_annual_rainfall_p50": 1382.1430009414753, "profile_aspect_cos_p50": 0.7547095802227726, "profile_aspect_sin_p50": 0.5068723628744278, "profile_canopy_height_max_p50": 16, "profile_canopy_height_p50": 15.000000000000002, "profile_canopy_height_std_p50": 0.479783893252404, "profile_distance_to_water_p50": 463409.50001051987, "profile_elevation_p50": 613, "profile_ndvi_amplitude_annual_p50": 0.21594181849089125, "profile_ndvi_mean_p50": 0.5607553809161441, "profile_ndvi_phase_annual_cos_p50": -0.9570353010203978, "profile_ndvi_phase_annual_sin_p50": -0.2702660748740832, "profile_ndvi_residual_variance_p50": 0.007142943686337334, "profile_ndvi_trend_p50": 0.009278162128748173, "profile_slope_p50": 9, "profile_vh_iqr_p50": 1.913070716527018, "profile_vh_p10_p50": -18.18736326050109, "profile_vh_p50_p50": -17.095798910231085, "profile_vh_p90_p50": -15.939832783124876, "profile_vv_iqr_p50": 1.7827568678918795, "profile_vv_minus_vh_median_p50": 6.470504915976252, "profile_vv_p10_p50": -11.809996062022115, "profile_vv_p50_p50": -10.652499535179865, "profile_vv_p90_p50": -9.591104676317315, "unit_id": 5}}, {"type": "Feature", "geometry": {"type": "Polygon", "coordinates": [[[85.40822395294762, 21.612477589103158], [85.40858327906128, 21.612477589103158], [85.40858327906128, 21.612567420631567], [85.40822395294762, 21.612567420631567], [85.40822395294762, 21.612477589103158]]]}, "id": "+263+56", "properties": {"area_ha": 0.03710474566871603, "centroid_lat": 21.61252250748661, "centroid_lon": 85.40840361587297, "cluster_id": 0, "n_pixels": 4, "perim_m": 94.30269026199112, "profile_annual_rainfall_p50": 1389.0618859946728, "profile_aspect_cos_p50": 0.6018150231520486, "profile_aspect_sin_p50": -0.73135370161918, "profile_canopy_height_max_p50": 18.999999999999996, "profile_canopy_height_p50": 17.999999999999996, "profile_canopy_height_std_p50": 0.47896164760344956, "profile_distance_to_water_p50": 463409.50001051987, "profile_elevation_p50": 599, "profile_ndvi_amplitude_annual_p50": 0.1645757126173892, "profile_ndvi_mean_p50": 0.6933795973494945, "profile_ndvi_phase_annual_cos_p50": -0.9903360943202478, "profile_ndvi_phase_annual_sin_p50": -0.03529632286134516, "profile_ndvi_residual_variance_p50": 0.0076286319537535036, "profile_ndvi_trend_p50": -0.001469060378292216, "profile_slope_p50": 8.999999999999998, "profile_vh_iqr_p50": 1.785357141355483, "profile_vh_p10_p50": -15.442315949719163, "profile_vh_p50_p50": -14.436216371141972, "profile_vh_p90_p50": -13.31348556229533, "profile_vv_iqr_p50": 1.7795729887330036, "profile_vv_minus_vh_median_p50": 6.592325308990033, "profile_vv_p10_p50": -8.81773550051961, "profile_vv_p50_p50": -7.779687327061514, "profile_vv_p90_p50": -6.813910343653095, "unit_id": 6}}, {"type": "Feature", "geometry": {"type": "Polygon", "coordinates": [[[85.40894260517493, 21.61220809451792], [85.40903243670334, 21.61220809451792], [85.40903243670334, 21.61229792604633], [85.40912226823174, 21.61229792604633], [85.40912226823174, 21.612387757574744], [85.40885277364652, 21.612387757574744], [85.40885277364652, 21.61229792604633], [85.40894260517493, 21.61229792604633], [85.40894260517493, 21.61220809451792]]]}, "id": "+268+59", "properties": {"area_ha": 0.037104807484440366, "centroid_lat": 21.61232038090144, "centroid_lon": 85.40898752167078, "cluster_id": 3, "n_pixels": 4, "perim_m": 95.59356526676774, "profile_annual_rainfall_p50": 1382.1430009414753, "profile_aspect_cos_p50": 0.7547095802227726, "profile_aspect_sin_p50": 0.5068723628744278, "profile_canopy_height_max_p50": 16, "profile_canopy_height_p50": 15.000000000000002, "profile_canopy_height_std_p50": 0.479783893252404, "profile_distance_to_water_p50": 463409.50001051987, "profile_elevation_p50": 613, "profile_ndvi_amplitude_annual_p50": 0.21594181849089125, "profile_ndvi_mean_p50": 0.5607553809161441, "profile_ndvi_phase_annual_cos_p50": -0.9570353010203978, "profile_ndvi_phase_annual_sin_p50": -0.2702660748740832, "profile_ndvi_residual_variance_p50": 0.007142943686337334, "profile_ndvi_trend_p50": 0.009278162128748173, "profile_slope_p50": 9, "profile_vh_iqr_p50": 1.913070716527018, "profile_vh_p10_p50": -18.18736326050109, "profile_vh_p50_p50": -17.095798910231085, "profile_vh_p90_p50": -15.939832783124876, "profile_vv_iqr_p50": 1.7827568678918795, "profile_vv_minus_vh_median_p50": 6.470504915976252, "profile_vv_p10_p50": -11.809996062022115, "profile_vv_p50_p50": -10.652499535179865, "profile_vv_p90_p50": -9.591104676317315, "unit_id": 7}}, {"type": "Feature", "geometry": {"type": "Polygon", "coordinates": [[[85.40885277364652, 21.611489442290626], [85.40903243670334, 21.611489442290626], [85.40903243670334, 21.611758936875862], [85.40912226823174, 21.611758936875862], [85.40912226823174, 21.611938599932685], [85.40921209976015, 21.611938599932685], [85.40921209976015, 21.61229792604633], [85.40903243670334, 21.61229792604633], [85.40903243670334, 21.61220809451792], [85.40894260517493, 21.61220809451792], [85.40894260517493, 21.61229792604633], [85.40885277364652, 21.61229792604633], [85.40885277364652, 21.612387757574744], [85.4087629421181, 21.612387757574744], [85.4087629421181, 21.612477589103158], [85.40822395294762, 21.612477589103158], [85.40822395294762, 21.612567420631567], [85.40813412141921, 21.612567420631567], [85.40813412141921, 21.612477589103158], [85.40804428989081, 21.612477589103158], [85.40804428989081, 21.612118262989508], [85.40813412141921, 21.612118262989508], [85.40813412141921, 21.6120284314611], [85.40822395294762, 21.6120284314611], [85.40822395294762, 21.612118262989508], [85.40831378447604, 21.612118262989508], [85.40831378447604, 21.6120284314611], [85.40858327906128, 21.6120284314611], [85.40858327906128, 21.611848768404272], [85.40849344753286, 21.611848768404272], [85.40849344753286, 21.611938599932685], [85.40822395294762, 21.611938599932685], [85.40822395294762, 21.611848768404272], [85.40831378447604, 21.611848768404272], [85.40831378447604, 21.61166910534745], [85.40858327906128, 21.61166910534745], [85.40858327906128, 21.611758936875862], [85.4087629421181, 21.611758936875862], [85.4087629421181, 21.61166910534745], [85.40885277364652, 21.61166910534745], [85.40885277364652, 21.611489442290626]]]}, "id": "+268+67", "properties": {"area_ha": 0.825583212575766, "centroid_lat": 21.612076375343264, "centroid_lon": 85.40864434494598, "cluster_id": 2, "n_pixels": 83, "perim_m": 634.5322690262298, "profile_annual_rainfall_p50": 1382.1430009414212, "profile_aspect_cos_p50": 0.9306392844948703, "profile_aspect_sin_p50": 0.19080899537654517, "profile_canopy_height_max_p50": 18, "profile_canopy_height_p50": 17, "profile_canopy_height_std_p50": 0.4794236577393559, "profile_distance_to_water_p50": 463409.50001051987, "profile_elevation_p50": 674, "profile_ndvi_amplitude_annual_p50": 0.13717737733685914, "profile_ndvi_mean_p50": 0.7245941191952479, "profile_ndvi_phase_annual_cos_p50": -0.9774692632437953, "profile_ndvi_phase_annual_sin_p50": 0.13663281218959694, "profile_ndvi_residual_variance_p50": 0.007267605532830428, "profile_ndvi_trend_p50": -0.0024415438777803606, "profile_slope_p50": 13.999999999999998, "profile_vh_iqr_p50": 1.784515099020379, "profile_vh_p10_p50": -16.938543775042092, "profile_vh_p50_p50": -15.906629159938069, "profile_vh_p90_p50": -14.841751142661245, "profile_vv_iqr_p50": 1.7775517247607724, "profile_vv_minus_vh_median_p50": 6.217328384905438, "profile_vv_p10_p50": -10.781638069820422, "profile_vv_p50_p50": -9.718235182430242, "profile_vv_p90_p50": -8.656536091100744, "unit_id": 8}}, {"type": "Feature", "geometry": {"type": "Polygon", "coordinates": [[[85.40310355582815, 21.609602980193973], [85.40319338735655, 21.609602980193973], [85.40319338735655, 21.609692811722386], [85.40328321888497, 21.609692811722386], [85.40328321888497, 21.6097826432508], [85.40337305041338, 21.6097826432508], [85.40337305041338, 21.60987247477921], [85.40319338735655, 21.60987247477921], [85.40319338735655, 21.609692811722386], [85.40310355582815, 21.609692811722386], [85.40310355582815, 21.609602980193973]]]}, "id": "+203+88", "properties": {"area_ha": 0.03710545683399139, "centroid_lat": 21.609760186887968, "centroid_lon": 85.40323830484849, "cluster_id": 3, "n_pixels": 4, "perim_m": 115.48771334770878, "profile_annual_rainfall_p50": 1382.1430009414753, "profile_aspect_cos_p50": 0.7547095802227726, "profile_aspect_sin_p50": 0.5068723628744278, "profile_canopy_height_max_p50": 16, "profile_canopy_height_p50": 15.000000000000002, "profile_canopy_height_std_p50": 0.479783893252404, "profile_distance_to_water_p50": 463409.50001051987, "profile_elevation_p50": 613, "profile_ndvi_amplitude_annual_p50": 0.21594181849089125, "profile_ndvi_mean_p50": 0.5607553809161441, "profile_ndvi_phase_annual_cos_p50": -0.9570353010203978, "profile_ndvi_phase_annual_sin_p50": -0.2702660748740832, "profile_ndvi_residual_variance_p50": 0.007142943686337334, "profile_ndvi_trend_p50": 0.009278162128748173, "profile_slope_p50": 9, "profile_vh_iqr_p50": 1.913070716527018, "profile_vh_p10_p50": -18.18736326050109, "profile_vh_p50_p50": -17.095798910231085, "profile_vh_p90_p50": -15.939832783124876, "profile_vv_iqr_p50": 1.7827568678918795, "profile_vv_minus_vh_median_p50": 6.470504915976252, "profile_vv_p10_p50": -11.809996062022115, "profile_vv_p50_p50": -10.652499535179865, "profile_vv_p90_p50": -9.591104676317315, "unit_id": 9}}, {"type": "Feature", "geometry": {"type": "Polygon", "coordinates": [[[85.40256456665767, 21.60942331713715], [85.40265439818609, 21.60942331713715], [85.40265439818609, 21.609602980193973], [85.40283406124291, 21.609602980193973], [85.40283406124291, 21.609692811722386], [85.40256456665767, 21.609692811722386], [85.40256456665767, 21.60942331713715]]]}, "id": "+197+90", "properties": {"area_ha": 0.04638187869323853, "centroid_lat": 21.60959400034853, "centroid_lon": 85.40266338174033, "cluster_id": 3, "n_pixels": 5, "perim_m": 115.4877637443473, "profile_annual_rainfall_p50": 1382.1430009414753, "profile_aspect_cos_p50": 0.7547095802227726, "profile_aspect_sin_p50": 0.5068723628744278, "profile_canopy_height_max_p50": 16, "profile_canopy_height_p50": 15.000000000000002, "profile_canopy_height_std_p50": 0.479783893252404, "profile_distance_to_water_p50": 463409.50001051987, "profile_elevation_p50": 613, "profile_ndvi_amplitude_annual_p50": 0.21594181849089125, "profile_ndvi_mean_p50": 0.5607553809161441, "profile_ndvi_phase_annual_cos_p50": -0.9570353010203978, "profile_ndvi_phase_annual_sin_p50": -0.2702660748740832, "profile_ndvi_residual_variance_p50": 0.007142943686337334, "profile_ndvi_trend_p50": 0.009278162128748173, "profile_slope_p50": 9, "profile_vh_iqr_p50": 1.913070716527018, "profile_vh_p10_p50": -18.18736326050109, "profile_vh_p50_p50": -17.095798910231085, "profile_vh_p90_p50": -15.939832783124876, "profile_vv_iqr_p50": 1.7827568678918795, "profile_vv_minus_vh_median_p50": 6.470504915976252, "profile_vv_p10_p50": -11.809996062022115, "profile_vv_p50_p50": -10.652499535179865, "profile_vv_p90_p50": -9.591104676317315, "unit_id": 10}}, {"type": "Feature", "geometry": {"type": "Polygon", "coordinates": [[[85.40301372429974, 21.609243654080327], [85.40310355582815, 21.609243654080327], [85.40310355582815, 21.609513148665563], [85.40283406124291, 21.609513148665563], [85.40283406124291, 21.60942331713715], [85.40301372429974, 21.60942331713715], [85.40301372429974, 21.609243654080327]]]}, "id": "+202+92", "properties": {"area_ha": 0.04638193630240207, "centroid_lat": 21.60941433555762, "centroid_lon": 85.40300474081818, "cluster_id": 3, "n_pixels": 5, "perim_m": 115.48783136333817, "profile_annual_rainfall_p50": 1382.1430009414753, "profile_aspect_cos_p50": 0.7547095802227726, "profile_aspect_sin_p50": 0.5068723628744278, "profile_canopy_height_max_p50": 16, "profile_canopy_height_p50": 15.000000000000002, "profile_canopy_height_std_p50": 0.479783893252404, "profile_distance_to_water_p50": 463409.50001051987, "profile_elevation_p50": 613, "profile_ndvi_amplitude_annual_p50": 0.21594181849089125, "profile_ndvi_mean_p50": 0.5607553809161441, "profile_ndvi_phase_annual_cos_p50": -0.9570353010203978, "profile_ndvi_phase_annual_sin_p50": -0.2702660748740832, "profile_ndvi_residual_variance_p50": 0.007142943686337334, "profile_ndvi_trend_p50": 0.009278162128748173, "profile_slope_p50": 9, "profile_vh_iqr_p50": 1.913070716527018, "profile_vh_p10_p50": -18.18736326050109, "profile_vh_p50_p50": -17.095798910231085, "profile_vh_p90_p50": -15.939832783124876, "profile_vv_iqr_p50": 1.7827568678918795, "profile_vv_minus_vh_median_p50": 6.470504915976252, "profile_vv_p10_p50": -11.809996062022115, "profile_vv_p50_p50": -10.652499535179865, "profile_vv_p90_p50": -9.591104676317315, "unit_id": 11}}, {"type": "Feature", "geometry": {"type": "Polygon", "coordinates": [[[85.4042713656975, 21.606818202813205], [85.40454086028274, 21.606818202813205], [85.40454086028274, 21.606908034341615], [85.40463069181115, 21.606908034341615], [85.40463069181115, 21.607357191983674], [85.40472052333956, 21.607357191983674], [85.40472052333956, 21.607447023512087], [85.40481035486798, 21.607447023512087], [85.40481035486798, 21.60762668656891], [85.40507984945322, 21.60762668656891], [85.40507984945322, 21.607716518097323], [85.40534934403844, 21.607716518097323], [85.40534934403844, 21.607806349625736], [85.4049900179248, 21.607806349625736], [85.4049900179248, 21.60798601268256], [85.40507984945322, 21.60798601268256], [85.40507984945322, 21.60807584421097], [85.40525951251003, 21.60807584421097], [85.40525951251003, 21.608165675739382], [85.40552900709527, 21.608165675739382], [85.40552900709527, 21.608345338796205], [85.40561883862368, 21.608345338796205], [85.40561883862368, 21.608794496438268], [85.40525951251003, 21.608794496438268], [85.40525951251003, 21.608884327966678], [85.40516968098161, 21.608884327966678], [85.40516968098161, 21.60897415949509], [85.40507984945322, 21.60897415949509], [85.40507984945322, 21.608884327966678], [85.40490018639639, 21.608884327966678], [85.40490018639639, 21.608794496438268], [85.40481035486798, 21.608794496438268], [85.40481035486798, 21.60897415949509], [85.40490018639639, 21.60897415949509], [85.40490018639639, 21.6090639910235], [85.40463069181115, 21.6090639910235], [85.40463069181115, 21.608704664909855], [85.40454086028274, 21.608704664909855], [85.40454086028274, 21.60861483338144], [85.40418153416908, 21.60861483338144], [85.40418153416908, 21.60852500185303], [85.4042713656975, 21.60852500185303], [85.4042713656975, 21.60843517032462], [85.40400187111227, 21.60843517032462], [85.40400187111227, 21.608255507267796], [85.40391203958386, 21.608255507267796], [85.40391203958386, 21.608165675739382], [85.40328321888497, 21.608165675739382], [85.40328321888497, 21.60807584421097], [85.40310355582815, 21.60807584421097], [85.40310355582815, 21.608165675739382], [85.40301372429974, 21.608165675739382], [85.40301372429974, 21.60807584421097], [85.40292389277133, 21.60807584421097], [85.40292389277133, 21.60798601268256], [85.40283406124291, 21.60798601268256], [85.40283406124291, 21.607896181154146], [85.40247473512926, 21.607896181154146], [85.40247473512926, 21.607806349625736], [85.40256456665767, 21.607806349625736], [85.40256456665767, 21.607716518097323], [85.40265439818609, 21.607716518097323], [85.40265439818609, 21.607806349625736], [85.40301372429974, 21.607806349625736], [85.40301372429974, 21.607896181154146], [85.40319338735655, 21.607896181154146], [85.40319338735655, 21.607447023512087], [85.40337305041338, 21.607447023512087], [85.40337305041338, 21.607267360455264], [85.40346288194179, 21.607267360455264], [85.40346288194179, 21.607087697398438], [85.40373237652703, 21.607087697398438], [85.40373237652703, 21.606997865870028], [85.4042713656975, 21.606997865870028], [85.4042713656975, 21.606818202813205]], [[85.40454086028274, 21.60843517032462], [85.40445102875432, 21.60843517032462], [85.40445102875432, 21.60852500185303], [85.40454086028274, 21.60852500185303], [85.40454086028274, 21.60843517032462]], [[85.40552900709527, 21.60843517032462], [85.40525951251003, 21.60843517032462], [85.40525951251003, 21.60861483338144], [85.40552900709527, 21.60861483338144], [85.40552900709527, 21.60843517032462]], [[85.40436119722591, 21.608345338796205], [85.4042713656975, 21.608345338796205], [85.4042713656975, 21.60843517032462], [85.40436119722591, 21.60843517032462], [85.40436119722591, 21.608345338796205]], [[85.4042713656975, 21.608165675739382], [85.40418153416908, 21.608165675739382], [85.40418153416908, 21.608255507267796], [85.4042713656975, 21.608255507267796], [85.4042713656975, 21.608165675739382]], [[85.40463069181115, 21.60798601268256], [85.40454086028274, 21.60798601268256], [85.40454086028274, 21.60807584421097], [85.40463069181115, 21.60807584421097], [85.40463069181115, 21.60798601268256]], [[85.40445102875432, 21.607896181154146], [85.40436119722591, 21.607896181154146], [85.40436119722591, 21.608345338796205], [85.40445102875432, 21.608345338796205], [85.40445102875432, 21.607896181154146]]]}, "id": "+218+119", "properties": {"area_ha": 3.2931514231443906, "centroid_lat": 21.607904151642693, "centroid_lon": 85.40429628862465, "cluster_id": 4, "n_pixels": 329, "perim_m": 1727.1644920159047, "profile_annual_rainfall_p50": 1382.1430009415274, "profile_aspect_cos_p50": -0.7547095802227728, "profile_aspect_sin_p50": -0.29237170472273655, "profile_canopy_height_max_p50": 16, "profile_canopy_height_p50": 16, "profile_canopy_height_std_p50": 0.47865878082434865, "profile_distance_to_water_p50": 463409.50001051987, "profile_elevation_p50": 645.0000000000001, "profile_ndvi_amplitude_annual_p50": 0.21974508673567725, "profile_ndvi_mean_p50": 0.5762829482348351, "profile_ndvi_phase_annual_cos_p50": -0.9589817035719913, "profile_ndvi_phase_annual_sin_p50": -0.26933023801529, "profile_ndvi_residual_variance_p50": 0.0066510108857493495, "profile_ndvi_trend_p50": 0.008367576303882292, "profile_slope_p50": 10.000000000000002, "profile_vh_iqr_p50": 2.0312881285205338, "profile_vh_p10_p50": -16.688066525314273, "profile_vh_p50_p50": -15.535105046711498, "profile_vh_p90_p50": -14.345117032323246, "profile_vv_iqr_p50": 1.844514097339528, "profile_vv_minus_vh_median_p50": 6.716867667079219, "profile_vv_p10_p50": -9.935853228483905, "profile_vv_p50_p50": -8.904413001076481, "profile_vv_p90_p50": -7.780878145619661, "unit_id": 12}}, {"type": "Feature", "geometry": {"type": "Polygon", "coordinates": [[[85.40094759914626, 21.60762668656891], [85.40121709373149, 21.60762668656891], [85.40121709373149, 21.607716518097323], [85.40112726220309, 21.607716518097323], [85.40112726220309, 21.607806349625736], [85.40103743067468, 21.607806349625736], [85.40103743067468, 21.607716518097323], [85.40094759914626, 21.607716518097323], [85.40094759914626, 21.607806349625736], [85.40085776761785, 21.607806349625736], [85.40085776761785, 21.607716518097323], [85.40094759914626, 21.607716518097323], [85.40094759914626, 21.60762668656891]]]}, "id": "+181+110", "properties": {"area_ha": 0.04638246616354772, "centroid_lat": 21.60770753451927, "centroid_lon": 85.40104641356669, "cluster_id": 3, "n_pixels": 5, "perim_m": 134.091477985354, "profile_annual_rainfall_p50": 1382.1430009414753, "profile_aspect_cos_p50": 0.7547095802227726, "profile_aspect_sin_p50": 0.5068723628744278, "profile_canopy_height_max_p50": 16, "profile_canopy_height_p50": 15.000000000000002, "profile_canopy_height_std_p50": 0.479783893252404, "profile_distance_to_water_p50": 463409.50001051987, "profile_elevation_p50": 613, "profile_ndvi_amplitude_annual_p50": 0.21594181849089125, "profile_ndvi_mean_p50": 0.5607553809161441, "profile_ndvi_phase_annual_cos_p50": -0.9570353010203978, "profile_ndvi_phase_annual_sin_p50": -0.2702660748740832, "profile_ndvi_residual_variance_p50": 0.007142943686337334, "profile_ndvi_trend_p50": 0.009278162128748173, "profile_slope_p50": 9, "profile_vh_iqr_p50": 1.913070716527018, "profile_vh_p10_p50": -18.18736326050109, "profile_vh_p50_p50": -17.095798910231085, "profile_vh_p90_p50": -15.939832783124876, "profile_vv_iqr_p50": 1.7827568678918795, "profile_vv_minus_vh_median_p50": 6.470504915976252, "profile_vv_p10_p50": -11.809996062022115, "profile_vv_p50_p50": -10.652499535179865, "profile_vv_p90_p50": -9.591104676317315, "unit_id": 13}}, {"type": "Feature", "geometry": {"type": "Polygon", "coordinates": [[[85.40409170264068, 21.60672837128479], [85.40418153416908, 21.60672837128479], [85.40418153416908, 21.606818202813205], [85.4042713656975, 21.606818202813205], [85.4042713656975, 21.606997865870028], [85.40400187111227, 21.606997865870028], [85.40400187111227, 21.606818202813205], [85.40409170264068, 21.606818202813205], [85.40409170264068, 21.60672837128479]]]}, "id": "+214+120", "properties": {"area_ha": 0.06493584405514136, "centroid_lat": 21.606888785200265, "centroid_lon": 85.40413661914415, "cluster_id": 0, "n_pixels": 6, "perim_m": 115.48878951512474, "profile_annual_rainfall_p50": 1389.0618859946728, "profile_aspect_cos_p50": 0.6018150231520486, "profile_aspect_sin_p50": -0.73135370161918, "profile_canopy_height_max_p50": 18.999999999999996, "profile_canopy_height_p50": 17.999999999999996, "profile_canopy_height_std_p50": 0.47896164760344956, "profile_distance_to_water_p50": 463409.50001051987, "profile_elevation_p50": 599, "profile_ndvi_amplitude_annual_p50": 0.1645757126173892, "profile_ndvi_mean_p50": 0.6933795973494945, "profile_ndvi_phase_annual_cos_p50": -0.9903360943202478, "profile_ndvi_phase_annual_sin_p50": -0.03529632286134516, "profile_ndvi_residual_variance_p50": 0.0076286319537535036, "profile_ndvi_trend_p50": -0.001469060378292216, "profile_slope_p50": 8.999999999999998, "profile_vh_iqr_p50": 1.785357141355483, "profile_vh_p10_p50": -15.442315949719163, "profile_vh_p50_p50": -14.436216371141972, "profile_vh_p90_p50": -13.31348556229533, "profile_vv_iqr_p50": 1.7795729887330036, "profile_vv_minus_vh_median_p50": 6.592325308990033, "profile_vv_p10_p50": -8.81773550051961, "profile_vv_p50_p50": -7.779687327061514, "profile_vv_p90_p50": -6.813910343653095, "unit_id": 14}}, {"type": "Feature", "geometry": {"type": "Polygon", "coordinates": [[[85.40337305041338, 21.598194376085655], [85.4035527134702, 21.598194376085655], [85.4035527134702, 21.59837403914248], [85.40364254499862, 21.59837403914248], [85.40364254499862, 21.598643533727717], [85.40373237652703, 21.598643533727717], [85.40373237652703, 21.59882319678454], [85.40382220805544, 21.59882319678454], [85.40382220805544, 21.599002859841363], [85.40391203958386, 21.599002859841363], [85.40391203958386, 21.5992723544266], [85.40400187111227, 21.5992723544266], [85.40400187111227, 21.599452017483422], [85.40409170264068, 21.599452017483422], [85.40409170264068, 21.59972151206866], [85.40418153416908, 21.59972151206866], [85.40418153416908, 21.599901175125485], [85.4042713656975, 21.599901175125485], [85.4042713656975, 21.600170669710717], [85.40436119722591, 21.600170669710717], [85.40436119722591, 21.600350332767544], [85.40445102875432, 21.600350332767544], [85.40445102875432, 21.60061982735278], [85.40454086028274, 21.60061982735278], [85.40454086028274, 21.600799490409603], [85.40463069181115, 21.600799490409603], [85.40463069181115, 21.600979153466426], [85.40472052333956, 21.600979153466426], [85.40472052333956, 21.601248648051662], [85.40481035486798, 21.601248648051662], [85.40481035486798, 21.601428311108485], [85.40490018639639, 21.601428311108485], [85.40490018639639, 21.60169780569372], [85.4049900179248, 21.60169780569372], [85.4049900179248, 21.601877468750548], [85.40507984945322, 21.601877468750548], [85.40507984945322, 21.60214696333578], [85.40516968098161, 21.60214696333578], [85.40516968098161, 21.602326626392607], [85.40525951251003, 21.602326626392607], [85.40525951251003, 21.60250628944943], [85.40534934403844, 21.60250628944943], [85.40534934403844, 21.602685952506253], [85.40525951251003, 21.602685952506253], [85.40525951251003, 21.602596120977843], [85.40507984945322, 21.602596120977843], [85.40507984945322, 21.60250628944943], [85.40481035486798, 21.60250628944943], [85.40481035486798, 21.602416457921017], [85.40490018639639, 21.602416457921017], [85.40490018639639, 21.602236794864194], [85.40481035486798, 21.602236794864194], [85.40481035486798, 21.602326626392607], [85.40472052333956, 21.602326626392607], [85.40472052333956, 21.602236794864194], [85.40463069181115, 21.602236794864194], [85.40463069181115, 21.60214696333578], [85.40436119722591, 21.60214696333578], [85.40436119722591, 21.601877468750548], [85.40418153416908, 21.601877468750548], [85.40418153416908, 21.60169780569372], [85.40391203958386, 21.60169780569372], [85.40391203958386, 21.601787637222134], [85.40400187111227, 21.601787637222134], [85.40400187111227, 21.601877468750548], [85.40391203958386, 21.601877468750548], [85.40391203958386, 21.60205713180737], [85.40400187111227, 21.60205713180737], [85.40400187111227, 21.60214696333578], [85.40409170264068, 21.60214696333578], [85.40409170264068, 21.60205713180737], [85.4042713656975, 21.60205713180737], [85.4042713656975, 21.60214696333578], [85.40418153416908, 21.60214696333578], [85.40418153416908, 21.602236794864194], [85.4042713656975, 21.602236794864194], [85.4042713656975, 21.602326626392607], [85.40436119722591, 21.602326626392607], [85.40436119722591, 21.60286561556308], [85.40445102875432, 21.60286561556308], [85.40445102875432, 21.60295544709149], [85.40463069181115, 21.60295544709149], [85.40463069181115, 21.603045278619902], [85.40454086028274, 21.603045278619902], [85.40454086028274, 21.603135110148312], [85.40445102875432, 21.603135110148312], [85.40445102875432, 21.603224941676725], [85.40454086028274, 21.603224941676725], [85.40454086028274, 21.603404604733548], [85.40445102875432, 21.603404604733548], [85.40445102875432, 21.603584267790374], [85.40490018639639, 21.603584267790374], [85.40490018639639, 21.603674099318784], [85.40463069181115, 21.603674099318784], [85.40463069181115, 21.603763930847197], [85.40481035486798, 21.603763930847197], [85.40481035486798, 21.604213088489256], [85.4049900179248, 21.604213088489256], [85.4049900179248, 21.604123256960843], [85.40525951251003, 21.604123256960843], [85.40525951251003, 21.604213088489256], [85.40516968098161, 21.604213088489256], [85.40516968098161, 21.60430292001767], [85.40534934403844, 21.60430292001767], [85.40534934403844, 21.604482583074493], [85.40552900709527, 21.604482583074493], [85.40552900709527, 21.60439275154608], [85.40561883862368, 21.60439275154608], [85.40561883862368, 21.60430292001767], [85.4057086701521, 21.60430292001767], [85.4057086701521, 21.60439275154608], [85.40606799626575, 21.60439275154608], [85.40606799626575, 21.604482583074493], [85.40615782779415, 21.604482583074493], [85.40615782779415, 21.60475207765973], [85.40624765932256, 21.60475207765973], [85.40624765932256, 21.60493174071655], [85.40633749085097, 21.60493174071655], [85.40633749085097, 21.605201235301788], [85.40642732237939, 21.605201235301788], [85.40642732237939, 21.60538089835861], [85.4065171539078, 21.60538089835861], [85.4065171539078, 21.605650392943847], [85.40660698543621, 21.605650392943847], [85.40660698543621, 21.605830056000674], [85.40669681696463, 21.605830056000674], [85.40669681696463, 21.606099550585906], [85.40678664849304, 21.606099550585906], [85.40678664849304, 21.606279213642733], [85.40687648002145, 21.606279213642733], [85.40687648002145, 21.606458876699556], [85.40696631154987, 21.606458876699556], [85.40696631154987, 21.60672837128479], [85.40705614307828, 21.60672837128479], [85.40705614307828, 21.606908034341615], [85.40714597460668, 21.606908034341615], [85.40714597460668, 21.60717752892685], [85.40723580613509, 21.60717752892685], [85.40723580613509, 21.607357191983674], [85.4073256376635, 21.607357191983674], [85.4073256376635, 21.60762668656891], [85.40741546919192, 21.60762668656891], [85.40741546919192, 21.607806349625736], [85.40750530072033, 21.607806349625736], [85.40750530072033, 21.60798601268256], [85.40759513224874, 21.60798601268256], [85.40759513224874, 21.608255507267796], [85.40768496377716, 21.608255507267796], [85.40768496377716, 21.60843517032462], [85.40777479530557, 21.60843517032462], [85.40777479530557, 21.608704664909855], [85.40786462683398, 21.608704664909855], [85.40786462683398, 21.608884327966678], [85.4079544583624, 21.608884327966678], [85.4079544583624, 21.609153822551914], [85.40804428989081, 21.609153822551914], [85.40804428989081, 21.609333485608737], [85.40813412141921, 21.609333485608737], [85.40813412141921, 21.609602980193973], [85.40822395294762, 21.609602980193973], [85.40822395294762, 21.6097826432508], [85.40831378447604, 21.6097826432508], [85.40831378447604, 21.609962306307622], [85.40840361600445, 21.609962306307622], [85.40840361600445, 21.61023180089286], [85.40849344753286, 21.61023180089286], [85.40849344753286, 21.61041146394968], [85.40858327906128, 21.61041146394968], [85.40858327906128, 21.610680958534918], [85.40867311058969, 21.610680958534918], [85.40867311058969, 21.61086062159174], [85.4087629421181, 21.61086062159174], [85.4087629421181, 21.611130116176977], [85.40885277364652, 21.611130116176977], [85.40885277364652, 21.6113097792338], [85.40894260517493, 21.6113097792338], [85.40894260517493, 21.611489442290626], [85.40885277364652, 21.611489442290626], [85.40885277364652, 21.61166910534745], [85.4087629421181, 21.61166910534745], [85.4087629421181, 21.611758936875862], [85.40858327906128, 21.611758936875862], [85.40858327906128, 21.61166910534745], [85.40831378447604, 21.61166910534745], [85.40831378447604, 21.611848768404272], [85.40822395294762, 21.611848768404272], [85.40822395294762, 21.611938599932685], [85.40849344753286, 21.611938599932685], [85.40849344753286, 21.611848768404272], [85.40858327906128, 21.611848768404272], [85.40858327906128, 21.6120284314611], [85.40831378447604, 21.6120284314611], [85.40831378447604, 21.612118262989508], [85.40822395294762, 21.612118262989508], [85.40822395294762, 21.6120284314611], [85.40813412141921, 21.6120284314611], [85.40813412141921, 21.612118262989508], [85.40804428989081, 21.612118262989508], [85.40804428989081, 21.612477589103158], [85.40813412141921, 21.612477589103158], [85.40813412141921, 21.61265725215998], [85.4079544583624, 21.61265725215998], [85.4079544583624, 21.612836915216803], [85.40786462683398, 21.612836915216803], [85.40786462683398, 21.612747083688394], [85.40777479530557, 21.612747083688394], [85.40777479530557, 21.61265725215998], [85.40768496377716, 21.61265725215998], [85.40768496377716, 21.612747083688394], [85.40759513224874, 21.612747083688394], [85.40759513224874, 21.612567420631567], [85.40741546919192, 21.612567420631567], [85.40741546919192, 21.612387757574744], [85.40678664849304, 21.612387757574744], [85.40678664849304, 21.612567420631567], [85.40669681696463, 21.612567420631567], [85.40669681696463, 21.612477589103158], [85.4065171539078, 21.612477589103158], [85.4065171539078, 21.612387757574744], [85.40624765932256, 21.612387757574744], [85.40624765932256, 21.61220809451792], [85.40606799626575, 21.61220809451792], [85.40606799626575, 21.6120284314611], [85.40597816473733, 21.6120284314611], [85.40597816473733, 21.611938599932685], [85.40579850168051, 21.611938599932685], [85.40579850168051, 21.61166910534745], [85.40561883862368, 21.61166910534745], [85.40561883862368, 21.611489442290626], [85.40543917556685, 21.611489442290626], [85.40543917556685, 21.6113097792338], [85.40534934403844, 21.6113097792338], [85.40534934403844, 21.61121994770539], [85.40516968098161, 21.61121994770539], [85.40516968098161, 21.611130116176977], [85.40490018639639, 21.611130116176977], [85.40490018639639, 21.611040284648567], [85.40472052333956, 21.611040284648567], [85.40472052333956, 21.610950453120154], [85.40463069181115, 21.610950453120154], [85.40463069181115, 21.611040284648567], [85.40454086028274, 21.611040284648567], [85.40454086028274, 21.610950453120154], [85.4042713656975, 21.610950453120154], [85.4042713656975, 21.61086062159174], [85.40418153416908, 21.61086062159174], [85.40418153416908, 21.61077079006333], [85.4042713656975, 21.61077079006333], [85.4042713656975, 21.610591127006504], [85.40409170264068, 21.610591127006504], [85.40409170264068, 21.610321632421268], [85.40391203958386, 21.610321632421268], [85.40391203958386, 21.61023180089286], [85.40373237652703, 21.61023180089286], [85.40373237652703, 21.610141969364445], [85.40364254499862, 21.610141969364445], [85.40364254499862, 21.61023180089286], [85.4035527134702, 21.61023180089286], [85.4035527134702, 21.610052137836036], [85.40337305041338, 21.610052137836036], [85.40337305041338, 21.6097826432508], [85.40328321888497, 21.6097826432508], [85.40328321888497, 21.609692811722386], [85.40319338735655, 21.609692811722386], [85.40319338735655, 21.609602980193973], [85.40310355582815, 21.609602980193973], [85.40310355582815, 21.609243654080327], [85.40301372429974, 21.609243654080327], [85.40301372429974, 21.6090639910235], [85.40283406124291, 21.6090639910235], [85.40283406124291, 21.60897415949509], [85.4027442297145, 21.60897415949509], [85.4027442297145, 21.608794496438268], [85.40256456665767, 21.608794496438268], [85.40256456665767, 21.608704664909855], [85.40220524054402, 21.608704664909855], [85.40220524054402, 21.60843517032462], [85.40211540901562, 21.60843517032462], [85.40211540901562, 21.608165675739382], [85.40220524054402, 21.608165675739382], [85.40220524054402, 21.607806349625736], [85.40247473512926, 21.607806349625736], [85.40247473512926, 21.607896181154146], [85.40283406124291, 21.607896181154146], [85.40283406124291, 21.60798601268256], [85.40292389277133, 21.60798601268256], [85.40292389277133, 21.60807584421097], [85.40301372429974, 21.60807584421097], [85.40301372429974, 21.608165675739382], [85.40310355582815, 21.608165675739382], [85.40310355582815, 21.60807584421097], [85.40328321888497, 21.60807584421097], [85.40328321888497, 21.608165675739382], [85.40391203958386, 21.608165675739382], [85.40391203958386, 21.608255507267796], [85.40400187111227, 21.608255507267796], [85.40400187111227, 21.60843517032462], [85.4042713656975, 21.60843517032462], [85.4042713656975, 21.608345338796205], [85.40436119722591, 21.608345338796205], [85.40436119722591, 21.608255507267796], [85.40445102875432, 21.608255507267796], [85.40445102875432, 21.608345338796205], [85.40436119722591, 21.608345338796205], [85.40436119722591, 21.60843517032462], [85.4042713656975, 21.60843517032462], [85.4042713656975, 21.60852500185303], [85.40418153416908, 21.60852500185303], [85.40418153416908, 21.60861483338144], [85.40445102875432, 21.60861483338144], [85.40445102875432, 21.608704664909855], [85.40463069181115, 21.608704664909855], [85.40463069181115, 21.6090639910235], [85.40490018639639, 21.6090639910235], [85.40490018639639, 21.60897415949509], [85.40481035486798, 21.60897415949509], [85.40481035486798, 21.608794496438268], [85.40490018639639, 21.608794496438268], [85.40490018639639, 21.608884327966678], [85.40507984945322, 21.608884327966678], [85.40507984945322, 21.60897415949509], [85.40516968098161, 21.60897415949509], [85.40516968098161, 21.608884327966678], [85.40525951251003, 21.608884327966678], [85.40525951251003, 21.608794496438268], [85.40561883862368, 21.608794496438268], [85.40561883862368, 21.608345338796205], [85.40552900709527, 21.608345338796205], [85.40552900709527, 21.608165675739382], [85.40525951251003, 21.608165675739382], [85.40525951251003, 21.60807584421097], [85.40507984945322, 21.60807584421097], [85.40507984945322, 21.60798601268256], [85.4049900179248, 21.60798601268256], [85.4049900179248, 21.607806349625736], [85.40534934403844, 21.607806349625736], [85.40534934403844, 21.607716518097323], [85.40507984945322, 21.607716518097323], [85.40507984945322, 21.60762668656891], [85.40481035486798, 21.60762668656891], [85.40481035486798, 21.607447023512087], [85.40472052333956, 21.607447023512087], [85.40472052333956, 21.607357191983674], [85.40463069181115, 21.607357191983674], [85.40463069181115, 21.606908034341615], [85.40454086028274, 21.606908034341615], [85.40454086028274, 21.60672837128479], [85.40472052333956, 21.60672837128479], [85.40472052333956, 21.606369045171142], [85.40490018639639, 21.606369045171142], [85.40490018639639, 21.60663853975638], [85.40516968098161, 21.60663853975638], [85.40516968098161, 21.60654870822797], [85.40525951251003, 21.60654870822797], [85.40525951251003, 21.606279213642733], [85.40516968098161, 21.606279213642733], [85.40516968098161, 21.60574022447226], [85.40490018639639, 21.60574022447226], [85.40490018639639, 21.605650392943847], [85.40472052333956, 21.605650392943847], [85.40472052333956, 21.605560561415437], [85.40463069181115, 21.605560561415437], [85.40463069181115, 21.605650392943847], [85.40454086028274, 21.605650392943847], [85.40454086028274, 21.605560561415437], [85.4042713656975, 21.605560561415437], [85.4042713656975, 21.605470729887024], [85.40382220805544, 21.605470729887024], [85.40382220805544, 21.60538089835861], [85.40373237652703, 21.60538089835861], [85.40373237652703, 21.605470729887024], [85.4035527134702, 21.605470729887024], [85.4035527134702, 21.605560561415437], [85.40346288194179, 21.605560561415437], [85.40346288194179, 21.605470729887024], [85.4035527134702, 21.605470729887024], [85.4035527134702, 21.605111403773375], [85.40364254499862, 21.605111403773375], [85.40364254499862, 21.604841909188142], [85.40337305041338, 21.604841909188142], [85.40337305041338, 21.60475207765973], [85.40301372429974, 21.60475207765973], [85.40301372429974, 21.60493174071655], [85.40292389277133, 21.60493174071655], [85.40292389277133, 21.60475207765973], [85.4027442297145, 21.60475207765973], [85.4027442297145, 21.604662246131316], [85.40283406124291, 21.604662246131316], [85.40283406124291, 21.604572414602906], [85.40301372429974, 21.604572414602906], [85.40301372429974, 21.60439275154608], [85.40292389277133, 21.60439275154608], [85.40292389277133, 21.604482583074493], [85.40283406124291, 21.604482583074493], [85.40283406124291, 21.60439275154608], [85.4027442297145, 21.60439275154608], [85.4027442297145, 21.604213088489256], [85.40283406124291, 21.604213088489256], [85.40283406124291, 21.604123256960843], [85.4027442297145, 21.604123256960843], [85.4027442297145, 21.604033425432434], [85.40265439818609, 21.604033425432434], [85.40265439818609, 21.60385376237561], [85.40247473512926, 21.60385376237561], [85.40247473512926, 21.603674099318784], [85.40229507207243, 21.603674099318784], [85.40229507207243, 21.603584267790374], [85.40220524054402, 21.603584267790374], [85.40220524054402, 21.60331477320514], [85.40211540901562, 21.60331477320514], [85.40211540901562, 21.603224941676725], [85.4019357459588, 21.603224941676725], [85.4019357459588, 21.603045278619902], [85.40175608290197, 21.603045278619902], [85.40175608290197, 21.603135110148312], [85.40148658831673, 21.603135110148312], [85.40148658831673, 21.60331477320514], [85.40139675678832, 21.60331477320514], [85.40139675678832, 21.603135110148312], [85.40148658831673, 21.603135110148312], [85.40148658831673, 21.603045278619902], [85.4013069252599, 21.603045278619902], [85.4013069252599, 21.60295544709149], [85.40121709373149, 21.60295544709149], [85.40121709373149, 21.602775784034666], [85.40112726220309, 21.602775784034666], [85.40112726220309, 21.602685952506253], [85.40103743067468, 21.602685952506253], [85.40103743067468, 21.602596120977843], [85.40094759914626, 21.602596120977843], [85.40094759914626, 21.60250628944943], [85.40085776761785, 21.60250628944943], [85.40085776761785, 21.602326626392607], [85.40067810456102, 21.602326626392607], [85.40067810456102, 21.602236794864194], [85.4004984415042, 21.602236794864194], [85.4004984415042, 21.60205713180737], [85.40031877844737, 21.60205713180737], [85.40031877844737, 21.601877468750548], [85.40076793608944, 21.601877468750548], [85.40076793608944, 21.60169780569372], [85.40094759914626, 21.60169780569372], [85.40094759914626, 21.60160797416531], [85.4013069252599, 21.60160797416531], [85.4013069252599, 21.60169780569372], [85.40148658831673, 21.60169780569372], [85.40148658831673, 21.601248648051662], [85.40139675678832, 21.601248648051662], [85.40139675678832, 21.60115881652325], [85.40166625137356, 21.60115881652325], [85.40166625137356, 21.60106898499484], [85.40184591443038, 21.60106898499484], [85.40184591443038, 21.600979153466426], [85.40220524054402, 21.600979153466426], [85.40220524054402, 21.600799490409603], [85.40238490360085, 21.600799490409603], [85.40238490360085, 21.600889321938016], [85.40229507207243, 21.600889321938016], [85.40229507207243, 21.600979153466426], [85.40247473512926, 21.600979153466426], [85.40247473512926, 21.60106898499484], [85.40265439818609, 21.60106898499484], [85.40265439818609, 21.60115881652325], [85.4027442297145, 21.60115881652325], [85.4027442297145, 21.601248648051662], [85.40292389277133, 21.601248648051662], [85.40292389277133, 21.601338479580075], [85.40310355582815, 21.601338479580075], [85.40310355582815, 21.601428311108485], [85.40319338735655, 21.601428311108485], [85.40319338735655, 21.6015181426369], [85.40346288194179, 21.6015181426369], [85.40346288194179, 21.601428311108485], [85.40364254499862, 21.601428311108485], [85.40364254499862, 21.601248648051662], [85.4035527134702, 21.601248648051662], [85.4035527134702, 21.60115881652325], [85.40364254499862, 21.60115881652325], [85.40364254499862, 21.600979153466426], [85.40373237652703, 21.600979153466426], [85.40373237652703, 21.600889321938016], [85.40382220805544, 21.600889321938016], [85.40382220805544, 21.600799490409603], [85.40373237652703, 21.600799490409603], [85.40373237652703, 21.60061982735278], [85.40364254499862, 21.60061982735278], [85.40364254499862, 21.60070965888119], [85.4035527134702, 21.60070965888119], [85.4035527134702, 21.600529995824367], [85.40346288194179, 21.600529995824367], [85.40346288194179, 21.60061982735278], [85.40337305041338, 21.60061982735278], [85.40337305041338, 21.60070965888119], [85.40319338735655, 21.60070965888119], [85.40319338735655, 21.60061982735278], [85.40310355582815, 21.60061982735278], [85.40310355582815, 21.600529995824367], [85.40301372429974, 21.600529995824367], [85.40301372429974, 21.600440164295954], [85.40283406124291, 21.600440164295954], [85.40283406124291, 21.600529995824367], [85.4027442297145, 21.600529995824367], [85.4027442297145, 21.600440164295954], [85.40265439818609, 21.600440164295954], [85.40265439818609, 21.600529995824367], [85.40256456665767, 21.600529995824367], [85.40256456665767, 21.60061982735278], [85.40247473512926, 21.60061982735278], [85.40247473512926, 21.60070965888119], [85.40229507207243, 21.60070965888119], [85.40229507207243, 21.600440164295954], [85.40220524054402, 21.600440164295954], [85.40220524054402, 21.600350332767544], [85.40211540901562, 21.600350332767544], [85.40211540901562, 21.600080838182308], [85.40220524054402, 21.600080838182308], [85.40220524054402, 21.59963168054025], [85.40238490360085, 21.59963168054025], [85.40238490360085, 21.599541849011835], [85.40247473512926, 21.599541849011835], [85.40247473512926, 21.599362185955012], [85.40256456665767, 21.599362185955012], [85.40256456665767, 21.599182522898186], [85.40265439818609, 21.599182522898186], [85.40265439818609, 21.599002859841363], [85.40220524054402, 21.599002859841363], [85.40220524054402, 21.598913028312953], [85.4019357459588, 21.598913028312953], [85.4019357459588, 21.599002859841363], [85.40175608290197, 21.599002859841363], [85.40175608290197, 21.59882319678454], [85.40166625137356, 21.59882319678454], [85.40166625137356, 21.598913028312953], [85.40157641984514, 21.598913028312953], [85.40157641984514, 21.599002859841363], [85.4013069252599, 21.599002859841363], [85.4013069252599, 21.599452017483422], [85.40121709373149, 21.599452017483422], [85.40121709373149, 21.599541849011835], [85.40112726220309, 21.599541849011835], [85.40112726220309, 21.600170669710717], [85.40103743067468, 21.600170669710717], [85.40103743067468, 21.600440164295954], [85.40094759914626, 21.600440164295954], [85.40094759914626, 21.600529995824367], [85.40058827303261, 21.600529995824367], [85.40058827303261, 21.600440164295954], [85.40040860997578, 21.600440164295954], [85.40040860997578, 21.60026050123913], [85.40013911539056, 21.60026050123913], [85.40013911539056, 21.600170669710717], [85.40040860997578, 21.600170669710717], [85.40040860997578, 21.599991006653894], [85.4004984415042, 21.599991006653894], [85.4004984415042, 21.600080838182308], [85.40058827303261, 21.600080838182308], [85.40058827303261, 21.59981134359707], [85.4004984415042, 21.59981134359707], [85.4004984415042, 21.59963168054025], [85.40076793608944, 21.59963168054025], [85.40076793608944, 21.599541849011835], [85.40094759914626, 21.599541849011835], [85.40094759914626, 21.599452017483422], [85.40121709373149, 21.599452017483422], [85.40121709373149, 21.599362185955012], [85.40112726220309, 21.599362185955012], [85.40112726220309, 21.5992723544266], [85.40121709373149, 21.5992723544266], [85.40121709373149, 21.599092691369776], [85.40112726220309, 21.599092691369776], [85.40112726220309, 21.598643533727717], [85.40121709373149, 21.598643533727717], [85.40121709373149, 21.598553702199304], [85.40157641984514, 21.598553702199304], [85.40157641984514, 21.59846387067089], [85.40175608290197, 21.59846387067089], [85.40175608290197, 21.59837403914248], [85.40184591443038, 21.59837403914248], [85.40184591443038, 21.598284207614068], [85.4019357459588, 21.598284207614068], [85.4019357459588, 21.59837403914248], [85.40202557748721, 21.59837403914248], [85.40202557748721, 21.598553702199304], [85.40211540901562, 21.598553702199304], [85.40211540901562, 21.598643533727717], [85.40229507207243, 21.598643533727717], [85.40229507207243, 21.59846387067089], [85.40256456665767, 21.59846387067089], [85.40256456665767, 21.598553702199304], [85.4027442297145, 21.598553702199304], [85.4027442297145, 21.59846387067089], [85.40301372429974, 21.59846387067089], [85.40301372429974, 21.598553702199304], [85.40310355582815, 21.598553702199304], [85.40310355582815, 21.59846387067089], [85.40319338735655, 21.59846387067089], [85.40319338735655, 21.59837403914248], [85.40328321888497, 21.59837403914248], [85.40328321888497, 21.598284207614068], [85.40337305041338, 21.598284207614068], [85.40337305041338, 21.598194376085655]], [[85.40741546919192, 21.61220809451792], [85.4073256376635, 21.61220809451792], [85.4073256376635, 21.61229792604633], [85.40741546919192, 21.61229792604633], [85.40741546919192, 21.61220809451792]], [[85.40678664849304, 21.609962306307622], [85.40669681696463, 21.609962306307622], [85.40669681696463, 21.610052137836036], [85.40678664849304, 21.610052137836036], [85.40678664849304, 21.609962306307622]], [[85.40561883862368, 21.609153822551914], [85.40552900709527, 21.609153822551914], [85.40552900709527, 21.609243654080327], [85.40561883862368, 21.609243654080327], [85.40561883862368, 21.609153822551914]], [[85.40463069181115, 21.6090639910235], [85.40445102875432, 21.6090639910235], [85.40445102875432, 21.609153822551914], [85.40463069181115, 21.609153822551914], [85.40463069181115, 21.6090639910235]], [[85.40687648002145, 21.60897415949509], [85.40642732237939, 21.60897415949509], [85.40642732237939, 21.609153822551914], [85.40660698543621, 21.609153822551914], [85.40660698543621, 21.609692811722386], [85.40642732237939, 21.609692811722386], [85.40642732237939, 21.6097826432508], [85.40660698543621, 21.6097826432508], [85.40660698543621, 21.60987247477921], [85.4065171539078, 21.60987247477921], [85.4065171539078, 21.610052137836036], [85.40660698543621, 21.610052137836036], [85.40660698543621, 21.609962306307622], [85.40669681696463, 21.609962306307622], [85.40669681696463, 21.60987247477921], [85.40696631154987, 21.60987247477921], [85.40696631154987, 21.6097826432508], [85.40678664849304, 21.6097826432508], [85.40678664849304, 21.609692811722386], [85.40705614307828, 21.609692811722386], [85.40705614307828, 21.609513148665563], [85.40696631154987, 21.609513148665563], [85.40696631154987, 21.609333485608737], [85.40687648002145, 21.609333485608737], [85.40687648002145, 21.60897415949509]], [[85.40454086028274, 21.608794496438268], [85.40436119722591, 21.608794496438268], [85.40436119722591, 21.60897415949509], [85.40454086028274, 21.60897415949509], [85.40454086028274, 21.608794496438268]], [[85.40615782779415, 21.607447023512087], [85.40606799626575, 21.607447023512087], [85.40606799626575, 21.6075368550405], [85.40615782779415, 21.6075368550405], [85.40615782779415, 21.607447023512087]], [[85.40534934403844, 21.606997865870028], [85.40525951251003, 21.606997865870028], [85.40525951251003, 21.607087697398438], [85.40534934403844, 21.607087697398438], [85.40534934403844, 21.606997865870028]], [[85.40463069181115, 21.605470729887024], [85.40454086028274, 21.605470729887024], [85.40454086028274, 21.605560561415437], [85.40463069181115, 21.605560561415437], [85.40463069181115, 21.605470729887024]], [[85.40364254499862, 21.60349443626196], [85.4035527134702, 21.60349443626196], [85.4035527134702, 21.603584267790374], [85.40364254499862, 21.603584267790374], [85.40364254499862, 21.60349443626196]], [[85.40337305041338, 21.602596120977843], [85.40328321888497, 21.602596120977843], [85.40328321888497, 21.602685952506253], [85.40301372429974, 21.602685952506253], [85.40301372429974, 21.602775784034666], [85.40283406124291, 21.602775784034666], [85.40283406124291, 21.60295544709149], [85.40310355582815, 21.60295544709149], [85.40310355582815, 21.603045278619902], [85.40319338735655, 21.603045278619902], [85.40319338735655, 21.603135110148312], [85.4035527134702, 21.603135110148312], [85.4035527134702, 21.603224941676725], [85.40364254499862, 21.603224941676725], [85.40364254499862, 21.60349443626196], [85.40373237652703, 21.60349443626196], [85.40373237652703, 21.603584267790374], [85.40364254499862, 21.603584267790374], [85.40364254499862, 21.603763930847197], [85.4035527134702, 21.603763930847197], [85.4035527134702, 21.60385376237561], [85.40337305041338, 21.60385376237561], [85.40337305041338, 21.604033425432434], [85.4035527134702, 21.604033425432434], [85.4035527134702, 21.60394359390402], [85.40364254499862, 21.60394359390402], [85.40364254499862, 21.60385376237561], [85.40373237652703, 21.60385376237561], [85.40373237652703, 21.603674099318784], [85.40409170264068, 21.603674099318784], [85.40409170264068, 21.603584267790374], [85.40400187111227, 21.603584267790374], [85.40400187111227, 21.60349443626196], [85.40409170264068, 21.60349443626196], [85.40409170264068, 21.60331477320514], [85.40400187111227, 21.60331477320514], [85.40400187111227, 21.603224941676725], [85.40409170264068, 21.603224941676725], [85.40409170264068, 21.60331477320514], [85.40418153416908, 21.60331477320514], [85.40418153416908, 21.603135110148312], [85.40373237652703, 21.603135110148312], [85.40373237652703, 21.60295544709149], [85.40364254499862, 21.60295544709149], [85.40364254499862, 21.602685952506253], [85.4035527134702, 21.602685952506253], [85.4035527134702, 21.602775784034666], [85.40346288194179, 21.602775784034666], [85.40346288194179, 21.602685952506253], [85.40337305041338, 21.602685952506253], [85.40337305041338, 21.602596120977843]], [[85.40256456665767, 21.601787637222134], [85.40247473512926, 21.601787637222134], [85.40247473512926, 21.601877468750548], [85.40256456665767, 21.601877468750548], [85.40256456665767, 21.601787637222134]], [[85.40256456665767, 21.60160797416531], [85.40247473512926, 21.60160797416531], [85.40247473512926, 21.60169780569372], [85.40256456665767, 21.60169780569372], [85.40256456665767, 21.60160797416531]], [[85.40391203958386, 21.60160797416531], [85.40382220805544, 21.60160797416531], [85.40382220805544, 21.60169780569372], [85.40391203958386, 21.60169780569372], [85.40391203958386, 21.60160797416531]], [[85.4027442297145, 21.6015181426369], [85.40265439818609, 21.6015181426369], [85.40265439818609, 21.60160797416531], [85.4027442297145, 21.60160797416531], [85.4027442297145, 21.6015181426369]], [[85.40373237652703, 21.601428311108485], [85.40364254499862, 21.601428311108485], [85.40364254499862, 21.6015181426369], [85.40373237652703, 21.6015181426369], [85.40373237652703, 21.601428311108485]]]}, "id": "+207+215", "properties": {"area_ha": 47.14366613877555, "centroid_lat": 21.606119371676815, "centroid_lon": 85.4048021440587, "cluster_id": 0, "n_pixels": 4714, "perim_m": 11519.483153395628, "profile_annual_rainfall_p50": 1389.0618859946728, "profile_aspect_cos_p50": 0.6018150231520486, "profile_aspect_sin_p50": -0.73135370161918, "profile_canopy_height_max_p50": 18.999999999999996, "profile_canopy_height_p50": 17.999999999999996, "profile_canopy_height_std_p50": 0.47896164760344956, "profile_distance_to_water_p50": 463409.50001051987, "profile_elevation_p50": 599, "profile_ndvi_amplitude_annual_p50": 0.1645757126173892, "profile_ndvi_mean_p50": 0.6933795973494945, "profile_ndvi_phase_annual_cos_p50": -0.9903360943202478, "profile_ndvi_phase_annual_sin_p50": -0.03529632286134516, "profile_ndvi_residual_variance_p50": 0.0076286319537535036, "profile_ndvi_trend_p50": -0.001469060378292216, "profile_slope_p50": 8.999999999999998, "profile_vh_iqr_p50": 1.785357141355483, "profile_vh_p10_p50": -15.442315949719163, "profile_vh_p50_p50": -14.436216371141972, "profile_vh_p90_p50": -13.31348556229533, "profile_vv_iqr_p50": 1.7795729887330036, "profile_vv_minus_vh_median_p50": 6.592325308990033, "profile_vv_p10_p50": -8.81773550051961, "profile_vv_p50_p50": -7.779687327061514, "profile_vv_p90_p50": -6.813910343653095, "unit_id": 15}}, {"type": "Feature", "geometry": {"type": "Polygon", "coordinates": [[[85.40373237652703, 21.60538089835861], [85.40382220805544, 21.60538089835861], [85.40382220805544, 21.605560561415437], [85.4035527134702, 21.605560561415437], [85.4035527134702, 21.605470729887024], [85.40373237652703, 21.605470729887024], [85.40373237652703, 21.60538089835861]]]}, "id": "+210+135", "properties": {"area_ha": 0.037106556347114836, "centroid_lat": 21.605493188372588, "centroid_lon": 85.40370991761381, "cluster_id": 3, "n_pixels": 4, "perim_m": 95.59615128586393, "profile_annual_rainfall_p50": 1382.1430009414753, "profile_aspect_cos_p50": 0.7547095802227726, "profile_aspect_sin_p50": 0.5068723628744278, "profile_canopy_height_max_p50": 16, "profile_canopy_height_p50": 15.000000000000002, "profile_canopy_height_std_p50": 0.479783893252404, "profile_distance_to_water_p50": 463409.50001051987, "profile_elevation_p50": 613, "profile_ndvi_amplitude_annual_p50": 0.21594181849089125, "profile_ndvi_mean_p50": 0.5607553809161441, "profile_ndvi_phase_annual_cos_p50": -0.9570353010203978, "profile_ndvi_phase_annual_sin_p50": -0.2702660748740832, "profile_ndvi_residual_variance_p50": 0.007142943686337334, "profile_ndvi_trend_p50": 0.009278162128748173, "profile_slope_p50": 9, "profile_vh_iqr_p50": 1.913070716527018, "profile_vh_p10_p50": -18.18736326050109, "profile_vh_p50_p50": -17.095798910231085, "profile_vh_p90_p50": -15.939832783124876, "profile_vv_iqr_p50": 1.7827568678918795, "profile_vv_minus_vh_median_p50": 6.470504915976252, "profile_vv_p10_p50": -11.809996062022115, "profile_vv_p50_p50": -10.652499535179865, "profile_vv_p90_p50": -9.591104676317315, "unit_id": 16}}, {"type": "Feature", "geometry": {"type": "Polygon", "coordinates": [[[85.40112726220309, 21.60385376237561], [85.40121709373149, 21.60385376237561], [85.40121709373149, 21.60394359390402], [85.40139675678832, 21.60394359390402], [85.40139675678832, 21.604033425432434], [85.4013069252599, 21.604033425432434], [85.4013069252599, 21.604123256960843], [85.40148658831673, 21.604123256960843], [85.40148658831673, 21.604213088489256], [85.4013069252599, 21.604213088489256], [85.4013069252599, 21.604123256960843], [85.40121709373149, 21.604123256960843], [85.40121709373149, 21.60394359390402], [85.40112726220309, 21.60394359390402], [85.40112726220309, 21.60385376237561]]]}, "id": "+181+152", "properties": {"area_ha": 0.05566037666548642, "centroid_lat": 21.604048397419543, "centroid_lon": 85.40130692602264, "cluster_id": 3, "n_pixels": 6, "perim_m": 172.58993952801254, "profile_annual_rainfall_p50": 1382.1430009414753, "profile_aspect_cos_p50": 0.7547095802227726, "profile_aspect_sin_p50": 0.5068723628744278, "profile_canopy_height_max_p50": 16, "profile_canopy_height_p50": 15.000000000000002, "profile_canopy_height_std_p50": 0.479783893252404, "profile_distance_to_water_p50": 463409.50001051987, "profile_elevation_p50": 613, "profile_ndvi_amplitude_annual_p50": 0.21594181849089125, "profile_ndvi_mean_p50": 0.5607553809161441, "profile_ndvi_phase_annual_cos_p50": -0.9570353010203978, "profile_ndvi_phase_annual_sin_p50": -0.2702660748740832, "profile_ndvi_residual_variance_p50": 0.007142943686337334, "profile_ndvi_trend_p50": 0.009278162128748173, "profile_slope_p50": 9, "profile_vh_iqr_p50": 1.913070716527018, "profile_vh_p10_p50": -18.18736326050109, "profile_vh_p50_p50": -17.095798910231085, "profile_vh_p90_p50": -15.939832783124876, "profile_vv_iqr_p50": 1.7827568678918795, "profile_vv_minus_vh_median_p50": 6.470504915976252, "profile_vv_p10_p50": -11.809996062022115, "profile_vv_p50_p50": -10.652499535179865, "profile_vv_p90_p50": -9.591104676317315, "unit_id": 17}}, {"type": "Feature", "geometry": {"type": "Polygon", "coordinates": [[[85.40534934403844, 21.60349443626196], [85.4057086701521, 21.60349443626196], [85.4057086701521, 21.603674099318784], [85.40579850168051, 21.603674099318784], [85.40579850168051, 21.60385376237561], [85.40588833320892, 21.60385376237561], [85.40588833320892, 21.604123256960843], [85.40597816473733, 21.604123256960843], [85.40597816473733, 21.60430292001767], [85.40606799626575, 21.60430292001767], [85.40606799626575, 21.60439275154608], [85.4057086701521, 21.60439275154608], [85.4057086701521, 21.60430292001767], [85.40561883862368, 21.60430292001767], [85.40561883862368, 21.60439275154608], [85.40552900709527, 21.60439275154608], [85.40552900709527, 21.604482583074493], [85.40534934403844, 21.604482583074493], [85.40534934403844, 21.60430292001767], [85.40516968098161, 21.60430292001767], [85.40516968098161, 21.604213088489256], [85.40525951251003, 21.604213088489256], [85.40525951251003, 21.604123256960843], [85.4049900179248, 21.604123256960843], [85.4049900179248, 21.604213088489256], [85.40481035486798, 21.604213088489256], [85.40481035486798, 21.60385376237561], [85.40490018639639, 21.60385376237561], [85.40490018639639, 21.603674099318784], [85.4049900179248, 21.603674099318784], [85.4049900179248, 21.60385376237561], [85.40516968098161, 21.60385376237561], [85.40516968098161, 21.603763930847197], [85.40507984945322, 21.603763930847197], [85.40507984945322, 21.603674099318784], [85.40525951251003, 21.603674099318784], [85.40525951251003, 21.603584267790374], [85.40534934403844, 21.603584267790374], [85.40534934403844, 21.60349443626196]], [[85.40543917556685, 21.603674099318784], [85.40534934403844, 21.603674099318784], [85.40534934403844, 21.603763930847197], [85.40525951251003, 21.603763930847197], [85.40525951251003, 21.60394359390402], [85.4049900179248, 21.60394359390402], [85.4049900179248, 21.604033425432434], [85.40534934403844, 21.604033425432434], [85.40534934403844, 21.604213088489256], [85.40552900709527, 21.604213088489256], [85.40552900709527, 21.603763930847197], [85.40543917556685, 21.603763930847197], [85.40543917556685, 21.603674099318784]]]}, "id": "+231+156", "properties": {"area_ha": 0.6772015024481117, "centroid_lat": 21.603998354248958, "centroid_lon": 85.40546071055822, "cluster_id": 4, "n_pixels": 68, "perim_m": 827.0325962216848, "profile_annual_rainfall_p50": 1382.1430009415274, "profile_aspect_cos_p50": -0.7547095802227728, "profile_aspect_sin_p50": -0.29237170472273655, "profile_canopy_height_max_p50": 16, "profile_canopy_height_p50": 16, "profile_canopy_height_std_p50": 0.47865878082434865, "profile_distance_to_water_p50": 463409.50001051987, "profile_elevation_p50": 645.0000000000001, "profile_ndvi_amplitude_annual_p50": 0.21974508673567725, "profile_ndvi_mean_p50": 0.5762829482348351, "profile_ndvi_phase_annual_cos_p50": -0.9589817035719913, "profile_ndvi_phase_annual_sin_p50": -0.26933023801529, "profile_ndvi_residual_variance_p50": 0.0066510108857493495, "profile_ndvi_trend_p50": 0.008367576303882292, "profile_slope_p50": 10.000000000000002, "profile_vh_iqr_p50": 2.0312881285205338, "profile_vh_p10_p50": -16.688066525314273, "profile_vh_p50_p50": -15.535105046711498, "profile_vh_p90_p50": -14.345117032323246, "profile_vv_iqr_p50": 1.844514097339528, "profile_vv_minus_vh_median_p50": 6.716867667079219, "profile_vv_p10_p50": -9.935853228483905, "profile_vv_p50_p50": -8.904413001076481, "profile_vv_p90_p50": -7.780878145619661, "unit_id": 18}}, {"type": "Feature", "geometry": {"type": "Polygon", "coordinates": [[[85.4013069252599, 21.603404604733548], [85.40148658831673, 21.603404604733548], [85.40148658831673, 21.603763930847197], [85.40157641984514, 21.603763930847197], [85.40157641984514, 21.60394359390402], [85.40148658831673, 21.60394359390402], [85.40148658831673, 21.604033425432434], [85.40139675678832, 21.604033425432434], [85.40139675678832, 21.60385376237561], [85.40148658831673, 21.60385376237561], [85.40148658831673, 21.603763930847197], [85.4013069252599, 21.603763930847197], [85.4013069252599, 21.603404604733548]]]}, "id": "+184+157", "properties": {"area_ha": 0.1113210347798762, "centroid_lat": 21.60368907075575, "centroid_lon": 85.40142670118502, "cluster_id": 0, "n_pixels": 11, "perim_m": 213.66610814997, "profile_annual_rainfall_p50": 1389.0618859946728, "profile_aspect_cos_p50": 0.6018150231520486, "profile_aspect_sin_p50": -0.73135370161918, "profile_canopy_height_max_p50": 18.999999999999996, "profile_canopy_height_p50": 17.999999999999996, "profile_canopy_height_std_p50": 0.47896164760344956, "profile_distance_to_water_p50": 463409.50001051987, "profile_elevation_p50": 599, "profile_ndvi_amplitude_annual_p50": 0.1645757126173892, "profile_ndvi_mean_p50": 0.6933795973494945, "profile_ndvi_phase_annual_cos_p50": -0.9903360943202478, "profile_ndvi_phase_annual_sin_p50": -0.03529632286134516, "profile_ndvi_residual_variance_p50": 0.0076286319537535036, "profile_ndvi_trend_p50": -0.001469060378292216, "profile_slope_p50": 8.999999999999998, "profile_vh_iqr_p50": 1.785357141355483, "profile_vh_p10_p50": -15.442315949719163, "profile_vh_p50_p50": -14.436216371141972, "profile_vh_p90_p50": -13.31348556229533, "profile_vv_iqr_p50": 1.7795729887330036, "profile_vv_minus_vh_median_p50": 6.592325308990033, "profile_vv_p10_p50": -8.81773550051961, "profile_vv_p50_p50": -7.779687327061514, "profile_vv_p90_p50": -6.813910343653095, "unit_id": 19}}, {"type": "Feature", "geometry": {"type": "Polygon", "coordinates": [[[85.40445102875432, 21.603135110148312], [85.40481035486798, 21.603135110148312], [85.40481035486798, 21.60349443626196], [85.40490018639639, 21.60349443626196], [85.40490018639639, 21.603404604733548], [85.4049900179248, 21.603404604733548], [85.4049900179248, 21.60349443626196], [85.40507984945322, 21.60349443626196], [85.40507984945322, 21.603584267790374], [85.40445102875432, 21.603584267790374], [85.40445102875432, 21.603404604733548], [85.40454086028274, 21.603404604733548], [85.40454086028274, 21.603224941676725], [85.40445102875432, 21.603224941676725], [85.40445102875432, 21.603135110148312]], [[85.40472052333956, 21.603404604733548], [85.40454086028274, 21.603404604733548], [85.40454086028274, 21.60349443626196], [85.40472052333956, 21.60349443626196], [85.40472052333956, 21.603404604733548]]]}, "id": "+221+160", "properties": {"area_ha": 0.18553556030080798, "centroid_lat": 21.60338663856864, "centroid_lon": 85.40470704836504, "cluster_id": 4, "n_pixels": 19, "perim_m": 325.28751322976143, "profile_annual_rainfall_p50": 1382.1430009415274, "profile_aspect_cos_p50": -0.7547095802227728, "profile_aspect_sin_p50": -0.29237170472273655, "profile_canopy_height_max_p50": 16, "profile_canopy_height_p50": 16, "profile_canopy_height_std_p50": 0.47865878082434865, "profile_distance_to_water_p50": 463409.50001051987, "profile_elevation_p50": 645.0000000000001, "profile_ndvi_amplitude_annual_p50": 0.21974508673567725, "profile_ndvi_mean_p50": 0.5762829482348351, "profile_ndvi_phase_annual_cos_p50": -0.9589817035719913, "profile_ndvi_phase_annual_sin_p50": -0.26933023801529, "profile_ndvi_residual_variance_p50": 0.0066510108857493495, "profile_ndvi_trend_p50": 0.008367576303882292, "profile_slope_p50": 10.000000000000002, "profile_vh_iqr_p50": 2.0312881285205338, "profile_vh_p10_p50": -16.688066525314273, "profile_vh_p50_p50": -15.535105046711498, "profile_vh_p90_p50": -14.345117032323246, "profile_vv_iqr_p50": 1.844514097339528, "profile_vv_minus_vh_median_p50": 6.716867667079219, "profile_vv_p10_p50": -9.935853228483905, "profile_vv_p50_p50": -8.904413001076481, "profile_vv_p90_p50": -7.780878145619661, "unit_id": 20}}, {"type": "Feature", "geometry": {"type": "Polygon", "coordinates": [[[85.40463069181115, 21.60250628944943], [85.40507984945322, 21.60250628944943], [85.40507984945322, 21.602596120977843], [85.40525951251003, 21.602596120977843], [85.40525951251003, 21.602685952506253], [85.40534934403844, 21.602685952506253], [85.40534934403844, 21.602775784034666], [85.40543917556685, 21.602775784034666], [85.40543917556685, 21.60295544709149], [85.40552900709527, 21.60295544709149], [85.40552900709527, 21.603224941676725], [85.40561883862368, 21.603224941676725], [85.40561883862368, 21.603404604733548], [85.40543917556685, 21.603404604733548], [85.40543917556685, 21.60331477320514], [85.40534934403844, 21.60331477320514], [85.40534934403844, 21.603135110148312], [85.40516968098161, 21.603135110148312], [85.40516968098161, 21.60286561556308], [85.40507984945322, 21.60286561556308], [85.40507984945322, 21.602775784034666], [85.4049900179248, 21.602775784034666], [85.4049900179248, 21.602685952506253], [85.40507984945322, 21.602685952506253], [85.40507984945322, 21.602596120977843], [85.40463069181115, 21.602596120977843], [85.40463069181115, 21.60295544709149], [85.40445102875432, 21.60295544709149], [85.40445102875432, 21.60286561556308], [85.40436119722591, 21.60286561556308], [85.40436119722591, 21.602596120977843], [85.40463069181115, 21.602596120977843], [85.40463069181115, 21.60250628944943]]]}, "id": "+224+167", "properties": {"area_ha": 0.40817941101933225, "centroid_lat": 21.602877865766693, "centroid_lon": 85.40506759948286, "cluster_id": 4, "n_pixels": 41, "perim_m": 557.5585211198123, "profile_annual_rainfall_p50": 1382.1430009415274, "profile_aspect_cos_p50": -0.7547095802227728, "profile_aspect_sin_p50": -0.29237170472273655, "profile_canopy_height_max_p50": 16, "profile_canopy_height_p50": 16, "profile_canopy_height_std_p50": 0.47865878082434865, "profile_distance_to_water_p50": 463409.50001051987, "profile_elevation_p50": 645.0000000000001, "profile_ndvi_amplitude_annual_p50": 0.21974508673567725, "profile_ndvi_mean_p50": 0.5762829482348351, "profile_ndvi_phase_annual_cos_p50": -0.9589817035719913, "profile_ndvi_phase_annual_sin_p50": -0.26933023801529, "profile_ndvi_residual_variance_p50": 0.0066510108857493495, "profile_ndvi_trend_p50": 0.008367576303882292, "profile_slope_p50": 10.000000000000002, "profile_vh_iqr_p50": 2.0312881285205338, "profile_vh_p10_p50": -16.688066525314273, "profile_vh_p50_p50": -15.535105046711498, "profile_vh_p90_p50": -14.345117032323246, "profile_vv_iqr_p50": 1.844514097339528, "profile_vv_minus_vh_median_p50": 6.716867667079219, "profile_vv_p10_p50": -9.935853228483905, "profile_vv_p50_p50": -8.904413001076481, "profile_vv_p90_p50": -7.780878145619661, "unit_id": 21}}, {"type": "Feature", "geometry": {"type": "Polygon", "coordinates": [[[85.40436119722591, 21.60214696333578], [85.40463069181115, 21.60214696333578], [85.40463069181115, 21.602236794864194], [85.40472052333956, 21.602236794864194], [85.40472052333956, 21.602326626392607], [85.40481035486798, 21.602326626392607], [85.40481035486798, 21.602236794864194], [85.40490018639639, 21.602236794864194], [85.40490018639639, 21.602416457921017], [85.40445102875432, 21.602416457921017], [85.40445102875432, 21.60250628944943], [85.40436119722591, 21.60250628944943], [85.40436119722591, 21.602326626392607], [85.4042713656975, 21.602326626392607], [85.4042713656975, 21.602236794864194], [85.40436119722591, 21.602236794864194], [85.40436119722591, 21.60214696333578]], [[85.40463069181115, 21.602236794864194], [85.40454086028274, 21.602236794864194], [85.40454086028274, 21.602326626392607], [85.40463069181115, 21.602326626392607], [85.40463069181115, 21.602236794864194]]]}, "id": "+219+171", "properties": {"area_ha": 0.13915265799377438, "centroid_lat": 21.602311656071095, "centroid_lon": 85.40456182147616, "cluster_id": 4, "n_pixels": 14, "perim_m": 268.1883959599106, "profile_annual_rainfall_p50": 1382.1430009415274, "profile_aspect_cos_p50": -0.7547095802227728, "profile_aspect_sin_p50": -0.29237170472273655, "profile_canopy_height_max_p50": 16, "profile_canopy_height_p50": 16, "profile_canopy_height_std_p50": 0.47865878082434865, "profile_distance_to_water_p50": 463409.50001051987, "profile_elevation_p50": 645.0000000000001, "profile_ndvi_amplitude_annual_p50": 0.21974508673567725, "profile_ndvi_mean_p50": 0.5762829482348351, "profile_ndvi_phase_annual_cos_p50": -0.9589817035719913, "profile_ndvi_phase_annual_sin_p50": -0.26933023801529, "profile_ndvi_residual_variance_p50": 0.0066510108857493495, "profile_ndvi_trend_p50": 0.008367576303882292, "profile_slope_p50": 10.000000000000002, "profile_vh_iqr_p50": 2.0312881285205338, "profile_vh_p10_p50": -16.688066525314273, "profile_vh_p50_p50": -15.535105046711498, "profile_vh_p90_p50": -14.345117032323246, "profile_vv_iqr_p50": 1.844514097339528, "profile_vv_minus_vh_median_p50": 6.716867667079219, "profile_vv_p10_p50": -9.935853228483905, "profile_vv_p50_p50": -8.904413001076481, "profile_vv_p90_p50": -7.780878145619661, "unit_id": 22}}, {"type": "Feature", "geometry": {"type": "Polygon", "coordinates": [[[85.39735433800978, 21.600799490409603], [85.39744416953819, 21.600799490409603], [85.39744416953819, 21.600889321938016], [85.3975340010666, 21.600889321938016], [85.3975340010666, 21.600979153466426], [85.39762383259502, 21.600979153466426], [85.39762383259502, 21.60106898499484], [85.39780349565184, 21.60106898499484], [85.39780349565184, 21.60115881652325], [85.39807299023708, 21.60115881652325], [85.39807299023708, 21.601338479580075], [85.39798315870867, 21.601338479580075], [85.39798315870867, 21.601428311108485], [85.3981628217655, 21.601428311108485], [85.3981628217655, 21.6015181426369], [85.3982526532939, 21.6015181426369], [85.3982526532939, 21.60160797416531], [85.39834248482231, 21.60160797416531], [85.39834248482231, 21.60169780569372], [85.39852214787913, 21.60169780569372], [85.39852214787913, 21.601877468750548], [85.39861197940755, 21.601877468750548], [85.39861197940755, 21.602236794864194], [85.39870181093596, 21.602236794864194], [85.39870181093596, 21.602416457921017], [85.39861197940755, 21.602416457921017], [85.39861197940755, 21.602775784034666], [85.39870181093596, 21.602775784034666], [85.39870181093596, 21.60286561556308], [85.39879164246437, 21.60286561556308], [85.39879164246437, 21.60295544709149], [85.39870181093596, 21.60295544709149], [85.39870181093596, 21.603045278619902], [85.39879164246437, 21.603045278619902], [85.39879164246437, 21.603135110148312], [85.39870181093596, 21.603135110148312], [85.39870181093596, 21.603045278619902], [85.39861197940755, 21.603045278619902], [85.39861197940755, 21.603135110148312], [85.3982526532939, 21.603135110148312], [85.3982526532939, 21.603045278619902], [85.3981628217655, 21.603045278619902], [85.3981628217655, 21.60286561556308], [85.39807299023708, 21.60286561556308], [85.39807299023708, 21.602685952506253], [85.39798315870867, 21.602685952506253], [85.39798315870867, 21.602326626392607], [85.39789332718026, 21.602326626392607], [85.39789332718026, 21.602236794864194], [85.39780349565184, 21.602236794864194], [85.39780349565184, 21.60205713180737], [85.39771366412343, 21.60205713180737], [85.39771366412343, 21.601967300278957], [85.39780349565184, 21.601967300278957], [85.39780349565184, 21.601787637222134], [85.39762383259502, 21.601787637222134], [85.39762383259502, 21.60169780569372], [85.3975340010666, 21.60169780569372], [85.3975340010666, 21.60160797416531], [85.39744416953819, 21.60160797416531], [85.39744416953819, 21.601428311108485], [85.39735433800978, 21.601428311108485], [85.39735433800978, 21.601248648051662], [85.3975340010666, 21.601248648051662], [85.3975340010666, 21.60115881652325], [85.39744416953819, 21.60115881652325], [85.39744416953819, 21.60106898499484], [85.39735433800978, 21.60106898499484], [85.39735433800978, 21.600799490409603]]]}, "id": "+139+186", "properties": {"area_ha": 1.6791114073151472, "centroid_lat": 21.602040999966896, "centroid_lon": 85.39811095569804, "cluster_id": 3, "n_pixels": 168, "perim_m": 946.3971847026095, "profile_annual_rainfall_p50": 1382.1430009414753, "profile_aspect_cos_p50": 0.7547095802227726, "profile_aspect_sin_p50": 0.5068723628744278, "profile_canopy_height_max_p50": 16, "profile_canopy_height_p50": 15.000000000000002, "profile_canopy_height_std_p50": 0.479783893252404, "profile_distance_to_water_p50": 463409.50001051987, "profile_elevation_p50": 613, "profile_ndvi_amplitude_annual_p50": 0.21594181849089125, "profile_ndvi_mean_p50": 0.5607553809161441, "profile_ndvi_phase_annual_cos_p50": -0.9570353010203978, "profile_ndvi_phase_annual_sin_p50": -0.2702660748740832, "profile_ndvi_residual_variance_p50": 0.007142943686337334, "profile_ndvi_trend_p50": 0.009278162128748173, "profile_slope_p50": 9, "profile_vh_iqr_p50": 1.913070716527018, "profile_vh_p10_p50": -18.18736326050109, "profile_vh_p50_p50": -17.095798910231085, "profile_vh_p90_p50": -15.939832783124876, "profile_vv_iqr_p50": 1.7827568678918795, "profile_vv_minus_vh_median_p50": 6.470504915976252, "profile_vv_p10_p50": -11.809996062022115, "profile_vv_p50_p50": -10.652499535179865, "profile_vv_p90_p50": -9.591104676317315, "unit_id": 23}}, {"type": "Feature", "geometry": {"type": "Polygon", "coordinates": [[[85.40058827303261, 21.60169780569372], [85.40076793608944, 21.60169780569372], [85.40076793608944, 21.601787637222134], [85.40067810456102, 21.601787637222134], [85.40067810456102, 21.601877468750548], [85.4004984415042, 21.601877468750548], [85.4004984415042, 21.601787637222134], [85.40058827303261, 21.601787637222134], [85.40058827303261, 21.60169780569372]]]}, "id": "+176+176", "properties": {"area_ha": 0.03710749922970503, "centroid_lat": 21.601787638617367, "centroid_lon": 85.40063319025424, "cluster_id": 4, "n_pixels": 4, "perim_m": 95.59755753751988, "profile_annual_rainfall_p50": 1382.1430009415274, "profile_aspect_cos_p50": -0.7547095802227728, "profile_aspect_sin_p50": -0.29237170472273655, "profile_canopy_height_max_p50": 16, "profile_canopy_height_p50": 16, "profile_canopy_height_std_p50": 0.47865878082434865, "profile_distance_to_water_p50": 463409.50001051987, "profile_elevation_p50": 645.0000000000001, "profile_ndvi_amplitude_annual_p50": 0.21974508673567725, "profile_ndvi_mean_p50": 0.5762829482348351, "profile_ndvi_phase_annual_cos_p50": -0.9589817035719913, "profile_ndvi_phase_annual_sin_p50": -0.26933023801529, "profile_ndvi_residual_variance_p50": 0.0066510108857493495, "profile_ndvi_trend_p50": 0.008367576303882292, "profile_slope_p50": 10.000000000000002, "profile_vh_iqr_p50": 2.0312881285205338, "profile_vh_p10_p50": -16.688066525314273, "profile_vh_p50_p50": -15.535105046711498, "profile_vh_p90_p50": -14.345117032323246, "profile_vv_iqr_p50": 1.844514097339528, "profile_vv_minus_vh_median_p50": 6.716867667079219, "profile_vv_p10_p50": -9.935853228483905, "profile_vv_p50_p50": -8.904413001076481, "profile_vv_p90_p50": -7.780878145619661, "unit_id": 24}}, {"type": "Feature", "geometry": {"type": "Polygon", "coordinates": [[[85.40292389277133, 21.600979153466426], [85.40328321888497, 21.600979153466426], [85.40328321888497, 21.601248648051662], [85.40337305041338, 21.601248648051662], [85.40337305041338, 21.601338479580075], [85.40364254499862, 21.601338479580075], [85.40364254499862, 21.601428311108485], [85.40373237652703, 21.601428311108485], [85.40373237652703, 21.6015181426369], [85.40364254499862, 21.6015181426369], [85.40364254499862, 21.601428311108485], [85.40346288194179, 21.601428311108485], [85.40346288194179, 21.6015181426369], [85.40319338735655, 21.6015181426369], [85.40319338735655, 21.601428311108485], [85.40310355582815, 21.601428311108485], [85.40310355582815, 21.601338479580075], [85.40292389277133, 21.601338479580075], [85.40292389277133, 21.601248648051662], [85.4027442297145, 21.601248648051662], [85.4027442297145, 21.60115881652325], [85.40283406124291, 21.60115881652325], [85.40283406124291, 21.60106898499484], [85.40292389277133, 21.60106898499484], [85.40292389277133, 21.600979153466426]], [[85.40319338735655, 21.60106898499484], [85.40310355582815, 21.60106898499484], [85.40310355582815, 21.60115881652325], [85.40319338735655, 21.60115881652325], [85.40319338735655, 21.60106898499484]]]}, "id": "+204+184", "properties": {"area_ha": 0.26903033966104467, "centroid_lat": 21.601256392272383, "centroid_lon": 85.4031825451644, "cluster_id": 4, "n_pixels": 27, "perim_m": 382.3910065393222, "profile_annual_rainfall_p50": 1382.1430009415274, "profile_aspect_cos_p50": -0.7547095802227728, "profile_aspect_sin_p50": -0.29237170472273655, "profile_canopy_height_max_p50": 16, "profile_canopy_height_p50": 16, "profile_canopy_height_std_p50": 0.47865878082434865, "profile_distance_to_water_p50": 463409.50001051987, "profile_elevation_p50": 645.0000000000001, "profile_ndvi_amplitude_annual_p50": 0.21974508673567725, "profile_ndvi_mean_p50": 0.5762829482348351, "profile_ndvi_phase_annual_cos_p50": -0.9589817035719913, "profile_ndvi_phase_annual_sin_p50": -0.26933023801529, "profile_ndvi_residual_variance_p50": 0.0066510108857493495, "profile_ndvi_trend_p50": 0.008367576303882292, "profile_slope_p50": 10.000000000000002, "profile_vh_iqr_p50": 2.0312881285205338, "profile_vh_p10_p50": -16.688066525314273, "profile_vh_p50_p50": -15.535105046711498, "profile_vh_p90_p50": -14.345117032323246, "profile_vv_iqr_p50": 1.844514097339528, "profile_vv_minus_vh_median_p50": 6.716867667079219, "profile_vv_p10_p50": -9.935853228483905, "profile_vv_p50_p50": -8.904413001076481, "profile_vv_p90_p50": -7.780878145619661, "unit_id": 25}}, {"type": "Feature", "geometry": {"type": "Polygon", "coordinates": [[[85.40058827303261, 21.600529995824367], [85.40094759914626, 21.600529995824367], [85.40094759914626, 21.60061982735278], [85.40103743067468, 21.60061982735278], [85.40103743067468, 21.60070965888119], [85.40112726220309, 21.60070965888119], [85.40112726220309, 21.600799490409603], [85.4013069252599, 21.600799490409603], [85.4013069252599, 21.600889321938016], [85.40121709373149, 21.600889321938016], [85.40121709373149, 21.600979153466426], [85.4013069252599, 21.600979153466426], [85.4013069252599, 21.60115881652325], [85.40139675678832, 21.60115881652325], [85.40139675678832, 21.60106898499484], [85.40148658831673, 21.60106898499484], [85.40148658831673, 21.60115881652325], [85.40139675678832, 21.60115881652325], [85.40139675678832, 21.601248648051662], [85.40148658831673, 21.601248648051662], [85.40148658831673, 21.60169780569372], [85.4013069252599, 21.60169780569372], [85.4013069252599, 21.60160797416531], [85.40094759914626, 21.60160797416531], [85.40094759914626, 21.6015181426369], [85.40112726220309, 21.6015181426369], [85.40112726220309, 21.60115881652325], [85.40085776761785, 21.60115881652325], [85.40085776761785, 21.60106898499484], [85.40094759914626, 21.60106898499484], [85.40094759914626, 21.600979153466426], [85.40085776761785, 21.600979153466426], [85.40085776761785, 21.600889321938016], [85.40076793608944, 21.600889321938016], [85.40076793608944, 21.60070965888119], [85.40067810456102, 21.60070965888119], [85.40067810456102, 21.60061982735278], [85.40058827303261, 21.60061982735278], [85.40058827303261, 21.600529995824367]]]}, "id": "+178+189", "properties": {"area_ha": 0.5102305493048006, "centroid_lat": 21.601099201046736, "centroid_lon": 85.40111991168695, "cluster_id": 4, "n_pixels": 51, "perim_m": 557.5617506522273, "profile_annual_rainfall_p50": 1382.1430009415274, "profile_aspect_cos_p50": -0.7547095802227728, "profile_aspect_sin_p50": -0.29237170472273655, "profile_canopy_height_max_p50": 16, "profile_canopy_height_p50": 16, "profile_canopy_height_std_p50": 0.47865878082434865, "profile_distance_to_water_p50": 463409.50001051987, "profile_elevation_p50": 645.0000000000001, "profile_ndvi_amplitude_annual_p50": 0.21974508673567725, "profile_ndvi_mean_p50": 0.5762829482348351, "profile_ndvi_phase_annual_cos_p50": -0.9589817035719913, "profile_ndvi_phase_annual_sin_p50": -0.26933023801529, "profile_ndvi_residual_variance_p50": 0.0066510108857493495, "profile_ndvi_trend_p50": 0.008367576303882292, "profile_slope_p50": 10.000000000000002, "profile_vh_iqr_p50": 2.0312881285205338, "profile_vh_p10_p50": -16.688066525314273, "profile_vh_p50_p50": -15.535105046711498, "profile_vh_p90_p50": -14.345117032323246, "profile_vv_iqr_p50": 1.844514097339528, "profile_vv_minus_vh_median_p50": 6.716867667079219, "profile_vv_p10_p50": -9.935853228483905, "profile_vv_p50_p50": -8.904413001076481, "profile_vv_p90_p50": -7.780878145619661, "unit_id": 26}}, {"type": "Feature", "geometry": {"type": "Polygon", "coordinates": [[[85.39951029469167, 21.60061982735278], [85.39960012622008, 21.60061982735278], [85.39960012622008, 21.600979153466426], [85.39942046316325, 21.600979153466426], [85.39942046316325, 21.600889321938016], [85.39951029469167, 21.600889321938016], [85.39951029469167, 21.60061982735278]]]}, "id": "+163+188", "properties": {"area_ha": 0.04638468463794372, "centroid_lat": 21.60082643985502, "centroid_lon": 85.39953724397708, "cluster_id": 0, "n_pixels": 5, "perim_m": 116.78033991541201, "profile_annual_rainfall_p50": 1389.0618859946728, "profile_aspect_cos_p50": 0.6018150231520486, "profile_aspect_sin_p50": -0.73135370161918, "profile_canopy_height_max_p50": 18.999999999999996, "profile_canopy_height_p50": 17.999999999999996, "profile_canopy_height_std_p50": 0.47896164760344956, "profile_distance_to_water_p50": 463409.50001051987, "profile_elevation_p50": 599, "profile_ndvi_amplitude_annual_p50": 0.1645757126173892, "profile_ndvi_mean_p50": 0.6933795973494945, "profile_ndvi_phase_annual_cos_p50": -0.9903360943202478, "profile_ndvi_phase_annual_sin_p50": -0.03529632286134516, "profile_ndvi_residual_variance_p50": 0.0076286319537535036, "profile_ndvi_trend_p50": -0.001469060378292216, "profile_slope_p50": 8.999999999999998, "profile_vh_iqr_p50": 1.785357141355483, "profile_vh_p10_p50": -15.442315949719163, "profile_vh_p50_p50": -14.436216371141972, "profile_vh_p90_p50": -13.31348556229533, "profile_vv_iqr_p50": 1.7795729887330036, "profile_vv_minus_vh_median_p50": 6.592325308990033, "profile_vv_p10_p50": -8.81773550051961, "profile_vv_p50_p50": -7.779687327061514, "profile_vv_p90_p50": -6.813910343653095, "unit_id": 27}}, {"type": "Feature", "geometry": {"type": "Polygon", "coordinates": [[[85.40346288194179, 21.600529995824367], [85.4035527134702, 21.600529995824367], [85.4035527134702, 21.60070965888119], [85.40364254499862, 21.60070965888119], [85.40364254499862, 21.60061982735278], [85.40373237652703, 21.60061982735278], [85.40373237652703, 21.600799490409603], [85.40382220805544, 21.600799490409603], [85.40382220805544, 21.600889321938016], [85.40373237652703, 21.600889321938016], [85.40373237652703, 21.600979153466426], [85.40364254499862, 21.600979153466426], [85.40364254499862, 21.60106898499484], [85.40346288194179, 21.60106898499484], [85.40346288194179, 21.600799490409603], [85.40310355582815, 21.600799490409603], [85.40310355582815, 21.60061982735278], [85.40319338735655, 21.60061982735278], [85.40319338735655, 21.60070965888119], [85.40337305041338, 21.60070965888119], [85.40337305041338, 21.60061982735278], [85.40346288194179, 21.60061982735278], [85.40346288194179, 21.600529995824367]]]}, "id": "+207+189", "properties": {"area_ha": 0.19481572906834102, "centroid_lat": 21.600797351643017, "centroid_lon": 85.40350779771727, "cluster_id": 4, "n_pixels": 19, "perim_m": 307.97623711366384, "profile_annual_rainfall_p50": 1382.1430009415274, "profile_aspect_cos_p50": -0.7547095802227728, "profile_aspect_sin_p50": -0.29237170472273655, "profile_canopy_height_max_p50": 16, "profile_canopy_height_p50": 16, "profile_canopy_height_std_p50": 0.47865878082434865, "profile_distance_to_water_p50": 463409.50001051987, "profile_elevation_p50": 645.0000000000001, "profile_ndvi_amplitude_annual_p50": 0.21974508673567725, "profile_ndvi_mean_p50": 0.5762829482348351, "profile_ndvi_phase_annual_cos_p50": -0.9589817035719913, "profile_ndvi_phase_annual_sin_p50": -0.26933023801529, "profile_ndvi_residual_variance_p50": 0.0066510108857493495, "profile_ndvi_trend_p50": 0.008367576303882292, "profile_slope_p50": 10.000000000000002, "profile_vh_iqr_p50": 2.0312881285205338, "profile_vh_p10_p50": -16.688066525314273, "profile_vh_p50_p50": -15.535105046711498, "profile_vh_p90_p50": -14.345117032323246, "profile_vv_iqr_p50": 1.844514097339528, "profile_vv_minus_vh_median_p50": 6.716867667079219, "profile_vv_p10_p50": -9.935853228483905, "profile_vv_p50_p50": -8.904413001076481, "profile_vv_p90_p50": -7.780878145619661, "unit_id": 28}}, {"type": "Feature", "geometry": {"type": "Polygon", "coordinates": [[[85.40283406124291, 21.600440164295954], [85.40301372429974, 21.600440164295954], [85.40301372429974, 21.600529995824367], [85.40283406124291, 21.600529995824367], [85.40283406124291, 21.60061982735278], [85.40265439818609, 21.60061982735278], [85.40265439818609, 21.600799490409603], [85.40256456665767, 21.600799490409603], [85.40256456665767, 21.600889321938016], [85.40247473512926, 21.600889321938016], [85.40247473512926, 21.600979153466426], [85.40265439818609, 21.600979153466426], [85.40265439818609, 21.60106898499484], [85.40247473512926, 21.60106898499484], [85.40247473512926, 21.600979153466426], [85.40238490360085, 21.600979153466426], [85.40238490360085, 21.600799490409603], [85.40229507207243, 21.600799490409603], [85.40229507207243, 21.60070965888119], [85.40238490360085, 21.60070965888119], [85.40238490360085, 21.600799490409603], [85.40247473512926, 21.600799490409603], [85.40247473512926, 21.60061982735278], [85.40256456665767, 21.60061982735278], [85.40256456665767, 21.600529995824367], [85.40283406124291, 21.600529995824367], [85.40283406124291, 21.600440164295954]]]}, "id": "+201+190", "properties": {"area_ha": 0.13915413111565664, "centroid_lat": 21.60073061960845, "centroid_lon": 85.40260349533335, "cluster_id": 4, "n_pixels": 14, "perim_m": 345.18407040976086, "profile_annual_rainfall_p50": 1382.1430009415274, "profile_aspect_cos_p50": -0.7547095802227728, "profile_aspect_sin_p50": -0.29237170472273655, "profile_canopy_height_max_p50": 16, "profile_canopy_height_p50": 16, "profile_canopy_height_std_p50": 0.47865878082434865, "profile_distance_to_water_p50": 463409.50001051987, "profile_elevation_p50": 645.0000000000001, "profile_ndvi_amplitude_annual_p50": 0.21974508673567725, "profile_ndvi_mean_p50": 0.5762829482348351, "profile_ndvi_phase_annual_cos_p50": -0.9589817035719913, "profile_ndvi_phase_annual_sin_p50": -0.26933023801529, "profile_ndvi_residual_variance_p50": 0.0066510108857493495, "profile_ndvi_trend_p50": 0.008367576303882292, "profile_slope_p50": 10.000000000000002, "profile_vh_iqr_p50": 2.0312881285205338, "profile_vh_p10_p50": -16.688066525314273, "profile_vh_p50_p50": -15.535105046711498, "profile_vh_p90_p50": -14.345117032323246, "profile_vv_iqr_p50": 1.844514097339528, "profile_vv_minus_vh_median_p50": 6.716867667079219, "profile_vv_p10_p50": -9.935853228483905, "profile_vv_p50_p50": -8.904413001076481, "profile_vv_p90_p50": -7.780878145619661, "unit_id": 29}}, {"type": "Feature", "geometry": {"type": "Polygon", "coordinates": [[[85.39951029469167, 21.599452017483422], [85.39960012622008, 21.599452017483422], [85.39960012622008, 21.599541849011835], [85.39968995774849, 21.599541849011835], [85.39968995774849, 21.59972151206866], [85.39960012622008, 21.59972151206866], [85.39960012622008, 21.59981134359707], [85.3997797892769, 21.59981134359707], [85.3997797892769, 21.599991006653894], [85.39986962080532, 21.599991006653894], [85.39986962080532, 21.599901175125485], [85.40004928386215, 21.599901175125485], [85.40004928386215, 21.599991006653894], [85.40013911539056, 21.599991006653894], [85.40013911539056, 21.600170669710717], [85.39995945233373, 21.600170669710717], [85.39995945233373, 21.60026050123913], [85.39986962080532, 21.60026050123913], [85.39986962080532, 21.600440164295954], [85.3997797892769, 21.600440164295954], [85.3997797892769, 21.60026050123913], [85.39942046316325, 21.60026050123913], [85.39942046316325, 21.60061982735278], [85.39951029469167, 21.60061982735278], [85.39951029469167, 21.600889321938016], [85.39942046316325, 21.600889321938016], [85.39942046316325, 21.601338479580075], [85.3989713055212, 21.601338479580075], [85.3989713055212, 21.601428311108485], [85.39915096857803, 21.601428311108485], [85.39915096857803, 21.6015181426369], [85.39879164246437, 21.6015181426369], [85.39879164246437, 21.60169780569372], [85.39870181093596, 21.60169780569372], [85.39870181093596, 21.6015181426369], [85.39879164246437, 21.6015181426369], [85.39879164246437, 21.601428311108485], [85.39870181093596, 21.601428311108485], [85.39870181093596, 21.601338479580075], [85.39861197940755, 21.601338479580075], [85.39861197940755, 21.601248648051662], [85.39870181093596, 21.601248648051662], [85.39870181093596, 21.60106898499484], [85.39879164246437, 21.60106898499484], [85.39879164246437, 21.600889321938016], [85.39870181093596, 21.600889321938016], [85.39870181093596, 21.600799490409603], [85.39852214787913, 21.600799490409603], [85.39852214787913, 21.60061982735278], [85.39843231635072, 21.60061982735278], [85.39843231635072, 21.600529995824367], [85.39852214787913, 21.600529995824367], [85.39852214787913, 21.599991006653894], [85.39861197940755, 21.599991006653894], [85.39861197940755, 21.600080838182308], [85.39888147399279, 21.600080838182308], [85.39888147399279, 21.600170669710717], [85.3989713055212, 21.600170669710717], [85.3989713055212, 21.600350332767544], [85.39915096857803, 21.600350332767544], [85.39915096857803, 21.600440164295954], [85.39924080010643, 21.600440164295954], [85.39924080010643, 21.600350332767544], [85.39933063163484, 21.600350332767544], [85.39933063163484, 21.60026050123913], [85.39924080010643, 21.60026050123913], [85.39924080010643, 21.600170669710717], [85.39915096857803, 21.600170669710717], [85.39915096857803, 21.599901175125485], [85.39924080010643, 21.599901175125485], [85.39924080010643, 21.59963168054025], [85.39933063163484, 21.59963168054025], [85.39933063163484, 21.59972151206866], [85.39942046316325, 21.59972151206866], [85.39942046316325, 21.599541849011835], [85.39951029469167, 21.599541849011835], [85.39951029469167, 21.599452017483422]], [[85.3997797892769, 21.599991006653894], [85.39968995774849, 21.599991006653894], [85.39968995774849, 21.600080838182308], [85.3997797892769, 21.600080838182308], [85.3997797892769, 21.599991006653894]], [[85.39960012622008, 21.59963168054025], [85.39951029469167, 21.59963168054025], [85.39951029469167, 21.59972151206866], [85.39960012622008, 21.59972151206866], [85.39960012622008, 21.59963168054025]]]}, "id": "+163+201", "properties": {"area_ha": 1.688405892864583, "centroid_lat": 21.60053690469538, "centroid_lon": 85.39916972586848, "cluster_id": 3, "n_pixels": 169, "perim_m": 1274.2708607224504, "profile_annual_rainfall_p50": 1382.1430009414753, "profile_aspect_cos_p50": 0.7547095802227726, "profile_aspect_sin_p50": 0.5068723628744278, "profile_canopy_height_max_p50": 16, "profile_canopy_height_p50": 15.000000000000002, "profile_canopy_height_std_p50": 0.479783893252404, "profile_distance_to_water_p50": 463409.50001051987, "profile_elevation_p50": 613, "profile_ndvi_amplitude_annual_p50": 0.21594181849089125, "profile_ndvi_mean_p50": 0.5607553809161441, "profile_ndvi_phase_annual_cos_p50": -0.9570353010203978, "profile_ndvi_phase_annual_sin_p50": -0.2702660748740832, "profile_ndvi_residual_variance_p50": 0.007142943686337334, "profile_ndvi_trend_p50": 0.009278162128748173, "profile_slope_p50": 9, "profile_vh_iqr_p50": 1.913070716527018, "profile_vh_p10_p50": -18.18736326050109, "profile_vh_p50_p50": -17.095798910231085, "profile_vh_p90_p50": -15.939832783124876, "profile_vv_iqr_p50": 1.7827568678918795, "profile_vv_minus_vh_median_p50": 6.470504915976252, "profile_vv_p10_p50": -11.809996062022115, "profile_vv_p50_p50": -10.652499535179865, "profile_vv_p90_p50": -9.591104676317315, "unit_id": 30}}, {"type": "Feature", "geometry": {"type": "Polygon", "coordinates": [[[85.40121709373149, 21.59972151206866], [85.4013069252599, 21.59972151206866], [85.4013069252599, 21.600080838182308], [85.40139675678832, 21.600080838182308], [85.40139675678832, 21.600170669710717], [85.40121709373149, 21.600170669710717], [85.40121709373149, 21.59972151206866]]]}, "id": "+182+198", "properties": {"area_ha": 0.055661948166631156, "centroid_lat": 21.599976034535853, "centroid_lon": 85.40127698495287, "cluster_id": 0, "n_pixels": 6, "perim_m": 136.67369307665084, "profile_annual_rainfall_p50": 1389.0618859946728, "profile_aspect_cos_p50": 0.6018150231520486, "profile_aspect_sin_p50": -0.73135370161918, "profile_canopy_height_max_p50": 18.999999999999996, "profile_canopy_height_p50": 17.999999999999996, "profile_canopy_height_std_p50": 0.47896164760344956, "profile_distance_to_water_p50": 463409.50001051987, "profile_elevation_p50": 599, "profile_ndvi_amplitude_annual_p50": 0.1645757126173892, "profile_ndvi_mean_p50": 0.6933795973494945, "profile_ndvi_phase_annual_cos_p50": -0.9903360943202478, "profile_ndvi_phase_annual_sin_p50": -0.03529632286134516, "profile_ndvi_residual_variance_p50": 0.0076286319537535036, "profile_ndvi_trend_p50": -0.001469060378292216, "profile_slope_p50": 8.999999999999998, "profile_vh_iqr_p50": 1.785357141355483, "profile_vh_p10_p50": -15.442315949719163, "profile_vh_p50_p50": -14.436216371141972, "profile_vh_p90_p50": -13.31348556229533, "profile_vv_iqr_p50": 1.7795729887330036, "profile_vv_minus_vh_median_p50": 6.592325308990033, "profile_vv_p10_p50": -8.81773550051961, "profile_vv_p50_p50": -7.779687327061514, "profile_vv_p90_p50": -6.813910343653095, "unit_id": 31}}, {"type": "Feature", "geometry": {"type": "Polygon", "coordinates": [[[85.4019357459588, 21.598913028312953], [85.40220524054402, 21.598913028312953], [85.40220524054402, 21.599002859841363], [85.40265439818609, 21.599002859841363], [85.40265439818609, 21.599182522898186], [85.40256456665767, 21.599182522898186], [85.40256456665767, 21.599362185955012], [85.40247473512926, 21.599362185955012], [85.40247473512926, 21.599541849011835], [85.40238490360085, 21.599541849011835], [85.40238490360085, 21.59963168054025], [85.40220524054402, 21.59963168054025], [85.40220524054402, 21.600080838182308], [85.40211540901562, 21.600080838182308], [85.40211540901562, 21.600350332767544], [85.40220524054402, 21.600350332767544], [85.40220524054402, 21.600440164295954], [85.40202557748721, 21.600440164295954], [85.40202557748721, 21.600350332767544], [85.40175608290197, 21.600350332767544], [85.40175608290197, 21.600529995824367], [85.40148658831673, 21.600529995824367], [85.40148658831673, 21.600170669710717], [85.40139675678832, 21.600170669710717], [85.40139675678832, 21.599991006653894], [85.40166625137356, 21.599991006653894], [85.40166625137356, 21.600080838182308], [85.40175608290197, 21.600080838182308], [85.40175608290197, 21.599901175125485], [85.40166625137356, 21.599901175125485], [85.40166625137356, 21.59981134359707], [85.40175608290197, 21.59981134359707], [85.40175608290197, 21.59972151206866], [85.4019357459588, 21.59972151206866], [85.4019357459588, 21.59963168054025], [85.40202557748721, 21.59963168054025], [85.40202557748721, 21.599541849011835], [85.40211540901562, 21.599541849011835], [85.40211540901562, 21.599182522898186], [85.40202557748721, 21.599182522898186], [85.40202557748721, 21.599092691369776], [85.4019357459588, 21.599092691369776], [85.4019357459588, 21.598913028312953]], [[85.4019357459588, 21.600080838182308], [85.40184591443038, 21.600080838182308], [85.40184591443038, 21.600170669710717], [85.4019357459588, 21.600170669710717], [85.4019357459588, 21.600080838182308]], [[85.40184591443038, 21.59981134359707], [85.40175608290197, 21.59981134359707], [85.40175608290197, 21.599901175125485], [85.40184591443038, 21.599901175125485], [85.40184591443038, 21.59981134359707]]]}, "id": "+192+207", "properties": {"area_ha": 0.8813155444082231, "centroid_lat": 21.599737113398835, "centroid_lon": 85.4020336162323, "cluster_id": 3, "n_pixels": 88, "perim_m": 809.7294924873834, "profile_annual_rainfall_p50": 1382.1430009414753, "profile_aspect_cos_p50": 0.7547095802227726, "profile_aspect_sin_p50": 0.5068723628744278, "profile_canopy_height_max_p50": 16, "profile_canopy_height_p50": 15.000000000000002, "profile_canopy_height_std_p50": 0.479783893252404, "profile_distance_to_water_p50": 463409.50001051987, "profile_elevation_p50": 613, "profile_ndvi_amplitude_annual_p50": 0.21594181849089125, "profile_ndvi_mean_p50": 0.5607553809161441, "profile_ndvi_phase_annual_cos_p50": -0.9570353010203978, "profile_ndvi_phase_annual_sin_p50": -0.2702660748740832, "profile_ndvi_residual_variance_p50": 0.007142943686337334, "profile_ndvi_trend_p50": 0.009278162128748173, "profile_slope_p50": 9, "profile_vh_iqr_p50": 1.913070716527018, "profile_vh_p10_p50": -18.18736326050109, "profile_vh_p50_p50": -17.095798910231085, "profile_vh_p90_p50": -15.939832783124876, "profile_vv_iqr_p50": 1.7827568678918795, "profile_vv_minus_vh_median_p50": 6.470504915976252, "profile_vv_p10_p50": -11.809996062022115, "profile_vv_p50_p50": -10.652499535179865, "profile_vv_p90_p50": -9.591104676317315, "unit_id": 32}}, {"type": "Feature", "geometry": {"type": "Polygon", "coordinates": [[[85.3989713055212, 21.596757071631064], [85.39942046316325, 21.596757071631064], [85.39942046316325, 21.596846903159477], [85.39951029469167, 21.596846903159477], [85.39951029469167, 21.59693673468789], [85.39968995774849, 21.59693673468789], [85.39968995774849, 21.5970265662163], [85.3997797892769, 21.5970265662163], [85.3997797892769, 21.597206229273123], [85.39968995774849, 21.597206229273123], [85.39968995774849, 21.59738589232995], [85.3997797892769, 21.59738589232995], [85.3997797892769, 21.59747572385836], [85.39986962080532, 21.59747572385836], [85.39986962080532, 21.597565555386772], [85.40013911539056, 21.597565555386772], [85.40013911539056, 21.597745218443595], [85.40004928386215, 21.597745218443595], [85.40004928386215, 21.59783504997201], [85.40013911539056, 21.59783504997201], [85.40013911539056, 21.597924881500422], [85.40031877844737, 21.597924881500422], [85.40031877844737, 21.598194376085655], [85.40040860997578, 21.598194376085655], [85.40040860997578, 21.598284207614068], [85.40031877844737, 21.598284207614068], [85.40031877844737, 21.598643533727717], [85.40040860997578, 21.598643533727717], [85.40040860997578, 21.599002859841363], [85.40031877844737, 21.599002859841363], [85.40031877844737, 21.5992723544266], [85.40040860997578, 21.5992723544266], [85.40040860997578, 21.599452017483422], [85.4004984415042, 21.599452017483422], [85.4004984415042, 21.59981134359707], [85.40058827303261, 21.59981134359707], [85.40058827303261, 21.600080838182308], [85.4004984415042, 21.600080838182308], [85.4004984415042, 21.599991006653894], [85.40040860997578, 21.599991006653894], [85.40040860997578, 21.600170669710717], [85.40013911539056, 21.600170669710717], [85.40013911539056, 21.60026050123913], [85.39995945233373, 21.60026050123913], [85.39995945233373, 21.600170669710717], [85.40013911539056, 21.600170669710717], [85.40013911539056, 21.599991006653894], [85.40004928386215, 21.599991006653894], [85.40004928386215, 21.599901175125485], [85.39986962080532, 21.599901175125485], [85.39986962080532, 21.599991006653894], [85.3997797892769, 21.599991006653894], [85.3997797892769, 21.600080838182308], [85.39968995774849, 21.600080838182308], [85.39968995774849, 21.599991006653894], [85.3997797892769, 21.599991006653894], [85.3997797892769, 21.59981134359707], [85.39960012622008, 21.59981134359707], [85.39960012622008, 21.59972151206866], [85.39968995774849, 21.59972151206866], [85.39968995774849, 21.599541849011835], [85.39960012622008, 21.599541849011835], [85.39960012622008, 21.599452017483422], [85.39951029469167, 21.599452017483422], [85.39951029469167, 21.599541849011835], [85.39942046316325, 21.599541849011835], [85.39942046316325, 21.59972151206866], [85.39933063163484, 21.59972151206866], [85.39933063163484, 21.59963168054025], [85.39924080010643, 21.59963168054025], [85.39924080010643, 21.599452017483422], [85.39915096857803, 21.599452017483422], [85.39915096857803, 21.599182522898186], [85.39906113704961, 21.599182522898186], [85.39906113704961, 21.599092691369776], [85.3989713055212, 21.599092691369776], [85.3989713055212, 21.599002859841363], [85.39879164246437, 21.599002859841363], [85.39879164246437, 21.599092691369776], [85.39861197940755, 21.599092691369776], [85.39861197940755, 21.599002859841363], [85.39843231635072, 21.599002859841363], [85.39843231635072, 21.598913028312953], [85.3981628217655, 21.598913028312953], [85.3981628217655, 21.599002859841363], [85.39807299023708, 21.599002859841363], [85.39807299023708, 21.598913028312953], [85.39798315870867, 21.598913028312953], [85.39798315870867, 21.599002859841363], [85.39789332718026, 21.599002859841363], [85.39789332718026, 21.598913028312953], [85.39780349565184, 21.598913028312953], [85.39780349565184, 21.59882319678454], [85.39771366412343, 21.59882319678454], [85.39771366412343, 21.59837403914248], [85.39789332718026, 21.59837403914248], [85.39789332718026, 21.598194376085655], [85.39807299023708, 21.598194376085655], [85.39807299023708, 21.59801471302883], [85.39798315870867, 21.59801471302883], [85.39798315870867, 21.597924881500422], [85.39771366412343, 21.597924881500422], [85.39771366412343, 21.59783504997201], [85.39780349565184, 21.59783504997201], [85.39780349565184, 21.597745218443595], [85.39807299023708, 21.597745218443595], [85.39807299023708, 21.597565555386772], [85.39789332718026, 21.597565555386772], [85.39789332718026, 21.59738589232995], [85.3981628217655, 21.59738589232995], [85.3981628217655, 21.597296060801536], [85.3982526532939, 21.597296060801536], [85.3982526532939, 21.597206229273123], [85.39852214787913, 21.597206229273123], [85.39852214787913, 21.597116397744713], [85.39888147399279, 21.597116397744713], [85.39888147399279, 21.596846903159477], [85.3989713055212, 21.596846903159477], [85.3989713055212, 21.596757071631064]], [[85.39852214787913, 21.59882319678454], [85.39843231635072, 21.59882319678454], [85.39843231635072, 21.598913028312953], [85.39852214787913, 21.598913028312953], [85.39852214787913, 21.59882319678454]], [[85.39870181093596, 21.598643533727717], [85.39861197940755, 21.598643533727717], [85.39861197940755, 21.598913028312953], [85.39888147399279, 21.598913028312953], [85.39888147399279, 21.598733365256127], [85.39870181093596, 21.598733365256127], [85.39870181093596, 21.598643533727717]], [[85.39861197940755, 21.598553702199304], [85.39852214787913, 21.598553702199304], [85.39852214787913, 21.598643533727717], [85.39861197940755, 21.598643533727717], [85.39861197940755, 21.598553702199304]], [[85.3982526532939, 21.59747572385836], [85.3981628217655, 21.59747572385836], [85.3981628217655, 21.597565555386772], [85.3982526532939, 21.597565555386772], [85.3982526532939, 21.59747572385836]], [[85.39906113704961, 21.59738589232995], [85.3989713055212, 21.59738589232995], [85.3989713055212, 21.59747572385836], [85.39906113704961, 21.59747572385836], [85.39906113704961, 21.59738589232995]]]}, "id": "+161+231", "properties": {"area_ha": 6.317701179693829, "centroid_lat": 21.59836262622554, "centroid_lon": 85.39924653542207, "cluster_id": 1, "n_pixels": 632, "perim_m": 2080.1442844319063, "profile_annual_rainfall_p50": 1382.1430009414753, "profile_aspect_cos_p50": 0.9510565162951535, "profile_aspect_sin_p50": 0.29237170472273655, "profile_canopy_height_max_p50": 14.000000000000004, "profile_canopy_height_p50": 12.999999999999998, "profile_canopy_height_std_p50": 1.0540925533894596, "profile_distance_to_water_p50": 463409.50001051987, "profile_elevation_p50": 654, "profile_ndvi_amplitude_annual_p50": 0.19087542981197853, "profile_ndvi_mean_p50": 0.6776885934934699, "profile_ndvi_phase_annual_cos_p50": -0.9754904404509729, "profile_ndvi_phase_annual_sin_p50": 0.19909238532885842, "profile_ndvi_residual_variance_p50": 0.014097758967368035, "profile_ndvi_trend_p50": -0.03276679883955797, "profile_slope_p50": 14, "profile_vh_iqr_p50": 2.1916231913998367, "profile_vh_p10_p50": -19.185615262722852, "profile_vh_p50_p50": -17.964881368014726, "profile_vh_p90_p50": -16.66312526412858, "profile_vv_iqr_p50": 2.0318802611501665, "profile_vv_minus_vh_median_p50": 6.778529266395774, "profile_vv_p10_p50": -12.349465565535327, "profile_vv_p50_p50": -11.221741520454179, "profile_vv_p90_p50": -10.030574253057617, "unit_id": 33}}, {"type": "Feature", "geometry": {"type": "Polygon", "coordinates": [[[85.40022894691896, 21.59558926176171], [85.40031877844737, 21.59558926176171], [85.40031877844737, 21.595679093290123], [85.40040860997578, 21.595679093290123], [85.40040860997578, 21.595768924818532], [85.40067810456102, 21.595768924818532], [85.40067810456102, 21.595858756346946], [85.40103743067468, 21.595858756346946], [85.40103743067468, 21.59594858787536], [85.40112726220309, 21.59594858787536], [85.40112726220309, 21.59603841940377], [85.40121709373149, 21.59603841940377], [85.40121709373149, 21.596128250932182], [85.4013069252599, 21.596128250932182], [85.4013069252599, 21.596307913989005], [85.40139675678832, 21.596307913989005], [85.40139675678832, 21.59621808246059], [85.40166625137356, 21.59621808246059], [85.40166625137356, 21.596128250932182], [85.40175608290197, 21.596128250932182], [85.40175608290197, 21.59603841940377], [85.40157641984514, 21.59603841940377], [85.40157641984514, 21.59594858787536], [85.40184591443038, 21.59594858787536], [85.40184591443038, 21.595858756346946], [85.40202557748721, 21.595858756346946], [85.40202557748721, 21.595768924818532], [85.40229507207243, 21.595768924818532], [85.40229507207243, 21.595858756346946], [85.40238490360085, 21.595858756346946], [85.40238490360085, 21.59594858787536], [85.40247473512926, 21.59594858787536], [85.40247473512926, 21.59603841940377], [85.40265439818609, 21.59603841940377], [85.40265439818609, 21.596128250932182], [85.40256456665767, 21.596128250932182], [85.40256456665767, 21.59621808246059], [85.4027442297145, 21.59621808246059], [85.4027442297145, 21.596397745517418], [85.40283406124291, 21.596397745517418], [85.40283406124291, 21.596667240102654], [85.40292389277133, 21.596667240102654], [85.40292389277133, 21.596846903159477], [85.40301372429974, 21.596846903159477], [85.40301372429974, 21.597116397744713], [85.40310355582815, 21.597116397744713], [85.40310355582815, 21.597296060801536], [85.40319338735655, 21.597296060801536], [85.40319338735655, 21.59747572385836], [85.40328321888497, 21.59747572385836], [85.40328321888497, 21.597745218443595], [85.40337305041338, 21.597745218443595], [85.40337305041338, 21.597924881500422], [85.40346288194179, 21.597924881500422], [85.40346288194179, 21.598194376085655], [85.40337305041338, 21.598194376085655], [85.40337305041338, 21.598284207614068], [85.40328321888497, 21.598284207614068], [85.40328321888497, 21.59837403914248], [85.40319338735655, 21.59837403914248], [85.40319338735655, 21.59846387067089], [85.40310355582815, 21.59846387067089], [85.40310355582815, 21.598553702199304], [85.40301372429974, 21.598553702199304], [85.40301372429974, 21.59846387067089], [85.4027442297145, 21.59846387067089], [85.4027442297145, 21.598553702199304], [85.40256456665767, 21.598553702199304], [85.40256456665767, 21.59846387067089], [85.40229507207243, 21.59846387067089], [85.40229507207243, 21.598643533727717], [85.40211540901562, 21.598643533727717], [85.40211540901562, 21.598553702199304], [85.40202557748721, 21.598553702199304], [85.40202557748721, 21.59837403914248], [85.4019357459588, 21.59837403914248], [85.4019357459588, 21.598284207614068], [85.40184591443038, 21.598284207614068], [85.40184591443038, 21.59837403914248], [85.40175608290197, 21.59837403914248], [85.40175608290197, 21.59846387067089], [85.40157641984514, 21.59846387067089], [85.40157641984514, 21.598553702199304], [85.40121709373149, 21.598553702199304], [85.40121709373149, 21.598643533727717], [85.40112726220309, 21.598643533727717], [85.40112726220309, 21.599092691369776], [85.40121709373149, 21.599092691369776], [85.40121709373149, 21.5992723544266], [85.40112726220309, 21.5992723544266], [85.40112726220309, 21.599362185955012], [85.40121709373149, 21.599362185955012], [85.40121709373149, 21.599452017483422], [85.40094759914626, 21.599452017483422], [85.40094759914626, 21.599541849011835], [85.40076793608944, 21.599541849011835], [85.40076793608944, 21.59963168054025], [85.4004984415042, 21.59963168054025], [85.4004984415042, 21.599452017483422], [85.40040860997578, 21.599452017483422], [85.40040860997578, 21.5992723544266], [85.40031877844737, 21.5992723544266], [85.40031877844737, 21.599002859841363], [85.40040860997578, 21.599002859841363], [85.40040860997578, 21.598643533727717], [85.40031877844737, 21.598643533727717], [85.40031877844737, 21.598284207614068], [85.40040860997578, 21.598284207614068], [85.40040860997578, 21.598194376085655], [85.40031877844737, 21.598194376085655], [85.40031877844737, 21.597924881500422], [85.40013911539056, 21.597924881500422], [85.40013911539056, 21.59783504997201], [85.40004928386215, 21.59783504997201], [85.40004928386215, 21.597745218443595], [85.40013911539056, 21.597745218443595], [85.40013911539056, 21.597565555386772], [85.39986962080532, 21.597565555386772], [85.39986962080532, 21.59747572385836], [85.3997797892769, 21.59747572385836], [85.3997797892769, 21.59738589232995], [85.39968995774849, 21.59738589232995], [85.39968995774849, 21.597206229273123], [85.3997797892769, 21.597206229273123], [85.3997797892769, 21.5970265662163], [85.39968995774849, 21.5970265662163], [85.39968995774849, 21.59693673468789], [85.39951029469167, 21.59693673468789], [85.39951029469167, 21.596846903159477], [85.39942046316325, 21.596846903159477], [85.39942046316325, 21.596757071631064], [85.3989713055212, 21.596757071631064], [85.3989713055212, 21.596846903159477], [85.39888147399279, 21.596846903159477], [85.39888147399279, 21.597116397744713], [85.39852214787913, 21.597116397744713], [85.39852214787913, 21.597206229273123], [85.3982526532939, 21.597206229273123], [85.3982526532939, 21.597296060801536], [85.3981628217655, 21.597296060801536], [85.3981628217655, 21.59738589232995], [85.39789332718026, 21.59738589232995], [85.39789332718026, 21.597565555386772], [85.39807299023708, 21.597565555386772], [85.39807299023708, 21.597745218443595], [85.39780349565184, 21.597745218443595], [85.39780349565184, 21.59783504997201], [85.39771366412343, 21.59783504997201], [85.39771366412343, 21.597924881500422], [85.39798315870867, 21.597924881500422], [85.39798315870867, 21.59801471302883], [85.39807299023708, 21.59801471302883], [85.39807299023708, 21.598194376085655], [85.39789332718026, 21.598194376085655], [85.39789332718026, 21.59837403914248], [85.39771366412343, 21.59837403914248], [85.39771366412343, 21.59882319678454], [85.39780349565184, 21.59882319678454], [85.39780349565184, 21.598913028312953], [85.39789332718026, 21.598913028312953], [85.39789332718026, 21.599002859841363], [85.39798315870867, 21.599002859841363], [85.39798315870867, 21.598913028312953], [85.39807299023708, 21.598913028312953], [85.39807299023708, 21.599002859841363], [85.3981628217655, 21.599002859841363], [85.3981628217655, 21.598913028312953], [85.39843231635072, 21.598913028312953], [85.39843231635072, 21.599002859841363], [85.39861197940755, 21.599002859841363], [85.39861197940755, 21.599092691369776], [85.39879164246437, 21.599092691369776], [85.39879164246437, 21.599002859841363], [85.3989713055212, 21.599002859841363], [85.3989713055212, 21.599092691369776], [85.39906113704961, 21.599092691369776], [85.39906113704961, 21.599182522898186], [85.39915096857803, 21.599182522898186], [85.39915096857803, 21.599452017483422], [85.39924080010643, 21.599452017483422], [85.39924080010643, 21.599901175125485], [85.39915096857803, 21.599901175125485], [85.39915096857803, 21.600170669710717], [85.39924080010643, 21.600170669710717], [85.39924080010643, 21.60026050123913], [85.39933063163484, 21.60026050123913], [85.39933063163484, 21.600350332767544], [85.39924080010643, 21.600350332767544], [85.39924080010643, 21.600440164295954], [85.39915096857803, 21.600440164295954], [85.39915096857803, 21.600350332767544], [85.3989713055212, 21.600350332767544], [85.3989713055212, 21.600170669710717], [85.39888147399279, 21.600170669710717], [85.39888147399279, 21.600080838182308], [85.39861197940755, 21.600080838182308], [85.39861197940755, 21.599991006653894], [85.39852214787913, 21.599991006653894], [85.39852214787913, 21.600529995824367], [85.39843231635072, 21.600529995824367], [85.39843231635072, 21.60061982735278], [85.39852214787913, 21.60061982735278], [85.39852214787913, 21.600799490409603], [85.39870181093596, 21.600799490409603], [85.39870181093596, 21.600889321938016], [85.39879164246437, 21.600889321938016], [85.39879164246437, 21.60106898499484], [85.39870181093596, 21.60106898499484], [85.39870181093596, 21.601248648051662], [85.39861197940755, 21.601248648051662], [85.39861197940755, 21.601338479580075], [85.39870181093596, 21.601338479580075], [85.39870181093596, 21.601428311108485], [85.39879164246437, 21.601428311108485], [85.39879164246437, 21.6015181426369], [85.39870181093596, 21.6015181426369], [85.39870181093596, 21.60169780569372], [85.39861197940755, 21.60169780569372], [85.39861197940755, 21.601877468750548], [85.39852214787913, 21.601877468750548], [85.39852214787913, 21.60169780569372], [85.39834248482231, 21.60169780569372], [85.39834248482231, 21.60160797416531], [85.3982526532939, 21.60160797416531], [85.3982526532939, 21.6015181426369], [85.3981628217655, 21.6015181426369], [85.3981628217655, 21.601428311108485], [85.39798315870867, 21.601428311108485], [85.39798315870867, 21.601338479580075], [85.39807299023708, 21.601338479580075], [85.39807299023708, 21.60115881652325], [85.39780349565184, 21.60115881652325], [85.39780349565184, 21.60106898499484], [85.39762383259502, 21.60106898499484], [85.39762383259502, 21.600979153466426], [85.3975340010666, 21.600979153466426], [85.3975340010666, 21.600889321938016], [85.39744416953819, 21.600889321938016], [85.39744416953819, 21.600799490409603], [85.39735433800978, 21.600799490409603], [85.39735433800978, 21.60106898499484], [85.39744416953819, 21.60106898499484], [85.39744416953819, 21.60115881652325], [85.3975340010666, 21.60115881652325], [85.3975340010666, 21.601248648051662], [85.39726450648136, 21.601248648051662], [85.39726450648136, 21.60106898499484], [85.39717467495296, 21.60106898499484], [85.39717467495296, 21.600889321938016], [85.39708484342455, 21.600889321938016], [85.39708484342455, 21.60070965888119], [85.39699501189614, 21.60070965888119], [85.39699501189614, 21.600529995824367], [85.39690518036772, 21.600529995824367], [85.39690518036772, 21.600350332767544], [85.39681534883931, 21.600350332767544], [85.39681534883931, 21.600170669710717], [85.3967255173109, 21.600170669710717], [85.3967255173109, 21.599991006653894], [85.39663568578248, 21.599991006653894], [85.39663568578248, 21.59981134359707], [85.39654585425407, 21.59981134359707], [85.39654585425407, 21.59963168054025], [85.39645602272566, 21.59963168054025], [85.39645602272566, 21.599452017483422], [85.39636619119725, 21.599452017483422], [85.39636619119725, 21.5992723544266], [85.39627635966883, 21.5992723544266], [85.39627635966883, 21.599092691369776], [85.39618652814043, 21.599092691369776], [85.39618652814043, 21.598913028312953], [85.39609669661202, 21.598913028312953], [85.39609669661202, 21.598733365256127], [85.3960068650836, 21.598733365256127], [85.3960068650836, 21.598553702199304], [85.3959170335552, 21.598553702199304], [85.3959170335552, 21.59837403914248], [85.39582720202678, 21.59837403914248], [85.39582720202678, 21.598194376085655], [85.39573737049837, 21.598194376085655], [85.39573737049837, 21.59801471302883], [85.39564753896995, 21.59801471302883], [85.39564753896995, 21.59783504997201], [85.39555770744154, 21.59783504997201], [85.39555770744154, 21.597655386915186], [85.39546787591313, 21.597655386915186], [85.39546787591313, 21.59747572385836], [85.39537804438471, 21.59747572385836], [85.39537804438471, 21.59738589232995], [85.39582720202678, 21.59738589232995], [85.39582720202678, 21.597296060801536], [85.39609669661202, 21.597296060801536], [85.39609669661202, 21.597206229273123], [85.39618652814043, 21.597206229273123], [85.39618652814043, 21.59693673468789], [85.39627635966883, 21.59693673468789], [85.39627635966883, 21.596846903159477], [85.39645602272566, 21.596846903159477], [85.39645602272566, 21.596757071631064], [85.3967255173109, 21.596757071631064], [85.3967255173109, 21.596667240102654], [85.39681534883931, 21.596667240102654], [85.39681534883931, 21.59657740857424], [85.39690518036772, 21.59657740857424], [85.39690518036772, 21.596667240102654], [85.39708484342455, 21.596667240102654], [85.39708484342455, 21.596757071631064], [85.39744416953819, 21.596757071631064], [85.39744416953819, 21.59657740857424], [85.3975340010666, 21.59657740857424], [85.3975340010666, 21.596487577045828], [85.39762383259502, 21.596487577045828], [85.39762383259502, 21.596397745517418], [85.39771366412343, 21.596397745517418], [85.39771366412343, 21.596307913989005], [85.39789332718026, 21.596307913989005], [85.39789332718026, 21.59621808246059], [85.39798315870867, 21.59621808246059], [85.39798315870867, 21.596128250932182], [85.3982526532939, 21.596128250932182], [85.3982526532939, 21.59621808246059], [85.39834248482231, 21.59621808246059], [85.39834248482231, 21.596128250932182], [85.39906113704961, 21.596128250932182], [85.39906113704961, 21.59603841940377], [85.39915096857803, 21.59603841940377], [85.39915096857803, 21.595858756346946], [85.39924080010643, 21.595858756346946], [85.39924080010643, 21.59594858787536], [85.3997797892769, 21.59594858787536], [85.3997797892769, 21.59603841940377], [85.39960012622008, 21.59603841940377], [85.39960012622008, 21.59621808246059], [85.40022894691896, 21.59621808246059], [85.40022894691896, 21.59603841940377], [85.4004984415042, 21.59603841940377], [85.4004984415042, 21.59594858787536], [85.40031877844737, 21.59594858787536], [85.40031877844737, 21.595858756346946], [85.40022894691896, 21.595858756346946], [85.40022894691896, 21.595768924818532], [85.40013911539056, 21.595768924818532], [85.40013911539056, 21.595679093290123], [85.40022894691896, 21.595679093290123], [85.40022894691896, 21.59558926176171]], [[85.40148658831673, 21.596307913989005], [85.40139675678832, 21.596307913989005], [85.40139675678832, 21.596397745517418], [85.40148658831673, 21.596397745517418], [85.40148658831673, 21.596307913989005]], [[85.39852214787913, 21.59621808246059], [85.39834248482231, 21.59621808246059], [85.39834248482231, 21.596307913989005], [85.39852214787913, 21.596307913989005], [85.39852214787913, 21.59621808246059]], [[85.40184591443038, 21.596128250932182], [85.40175608290197, 21.596128250932182], [85.40175608290197, 21.59621808246059], [85.40184591443038, 21.59621808246059], [85.40184591443038, 21.596128250932182]], [[85.40058827303261, 21.59603841940377], [85.4004984415042, 21.59603841940377], [85.4004984415042, 21.596128250932182], [85.40058827303261, 21.596128250932182], [85.40058827303261, 21.59603841940377]]]}, "id": "+171+244", "properties": {"area_ha": 23.14639551290718, "centroid_lat": 21.59807827962173, "centroid_lon": 85.39927345332059, "cluster_id": 2, "n_pixels": 2315, "perim_m": 5424.2648874362485, "profile_annual_rainfall_p50": 1382.1430009414212, "profile_aspect_cos_p50": 0.9306392844948703, "profile_aspect_sin_p50": 0.19080899537654517, "profile_canopy_height_max_p50": 18, "profile_canopy_height_p50": 17, "profile_canopy_height_std_p50": 0.4794236577393559, "profile_distance_to_water_p50": 463409.50001051987, "profile_elevation_p50": 674, "profile_ndvi_amplitude_annual_p50": 0.13717737733685914, "profile_ndvi_mean_p50": 0.7245941191952479, "profile_ndvi_phase_annual_cos_p50": -0.9774692632437953, "profile_ndvi_phase_annual_sin_p50": 0.13663281218959694, "profile_ndvi_residual_variance_p50": 0.007267605532830428, "profile_ndvi_trend_p50": -0.0024415438777803606, "profile_slope_p50": 13.999999999999998, "profile_vh_iqr_p50": 1.784515099020379, "profile_vh_p10_p50": -16.938543775042092, "profile_vh_p50_p50": -15.906629159938069, "profile_vh_p90_p50": -14.841751142661245, "profile_vv_iqr_p50": 1.7775517247607724, "profile_vv_minus_vh_median_p50": 6.217328384905438, "profile_vv_p10_p50": -10.781638069820422, "profile_vv_p50_p50": -9.718235182430242, "profile_vv_p90_p50": -8.656536091100744, "unit_id": 34}}, {"type": "Feature", "geometry": {"type": "Polygon", "coordinates": [[[85.40121709373149, 21.59271465285253], [85.4013069252599, 21.59271465285253], [85.4013069252599, 21.59289431590935], [85.40139675678832, 21.59289431590935], [85.40139675678832, 21.593163810494588], [85.40148658831673, 21.593163810494588], [85.40148658831673, 21.59334347355141], [85.40157641984514, 21.59334347355141], [85.40157641984514, 21.593612968136647], [85.40166625137356, 21.593612968136647], [85.40166625137356, 21.59379263119347], [85.40175608290197, 21.59379263119347], [85.40175608290197, 21.593972294250296], [85.40184591443038, 21.593972294250296], [85.40184591443038, 21.59424178883553], [85.4019357459588, 21.59424178883553], [85.4019357459588, 21.594421451892355], [85.40202557748721, 21.594421451892355], [85.40202557748721, 21.59469094647759], [85.40211540901562, 21.59469094647759], [85.40211540901562, 21.594870609534414], [85.40220524054402, 21.594870609534414], [85.40220524054402, 21.59514010411965], [85.40229507207243, 21.59514010411965], [85.40229507207243, 21.595319767176473], [85.40238490360085, 21.595319767176473], [85.40238490360085, 21.595499430233296], [85.40247473512926, 21.595499430233296], [85.40247473512926, 21.595768924818532], [85.40256456665767, 21.595768924818532], [85.40256456665767, 21.59594858787536], [85.40265439818609, 21.59594858787536], [85.40265439818609, 21.59603841940377], [85.40247473512926, 21.59603841940377], [85.40247473512926, 21.59594858787536], [85.40238490360085, 21.59594858787536], [85.40238490360085, 21.595858756346946], [85.40229507207243, 21.595858756346946], [85.40229507207243, 21.595768924818532], [85.40202557748721, 21.595768924818532], [85.40202557748721, 21.595858756346946], [85.40184591443038, 21.595858756346946], [85.40184591443038, 21.59594858787536], [85.40148658831673, 21.59594858787536], [85.40148658831673, 21.595679093290123], [85.4013069252599, 21.595679093290123], [85.4013069252599, 21.59558926176171], [85.40148658831673, 21.59558926176171], [85.40148658831673, 21.595499430233296], [85.40139675678832, 21.595499430233296], [85.40139675678832, 21.59522993564806], [85.4013069252599, 21.59522993564806], [85.4013069252599, 21.594960441062828], [85.40112726220309, 21.594960441062828], [85.40112726220309, 21.594870609534414], [85.40103743067468, 21.594870609534414], [85.40103743067468, 21.594780778006], [85.40094759914626, 21.594780778006], [85.40094759914626, 21.594870609534414], [85.40076793608944, 21.594870609534414], [85.40076793608944, 21.59522993564806], [85.4004984415042, 21.59522993564806], [85.4004984415042, 21.595409598704887], [85.40058827303261, 21.595409598704887], [85.40058827303261, 21.59558926176171], [85.40040860997578, 21.59558926176171], [85.40040860997578, 21.595409598704887], [85.40031877844737, 21.595409598704887], [85.40031877844737, 21.595319767176473], [85.40022894691896, 21.595319767176473], [85.40022894691896, 21.59514010411965], [85.40031877844737, 21.59514010411965], [85.40031877844737, 21.594870609534414], [85.40040860997578, 21.594870609534414], [85.40040860997578, 21.594062125778706], [85.4004984415042, 21.594062125778706], [85.4004984415042, 21.593882462721883], [85.40022894691896, 21.593882462721883], [85.40022894691896, 21.593612968136647], [85.40040860997578, 21.593612968136647], [85.40040860997578, 21.59370279966506], [85.40076793608944, 21.59370279966506], [85.40076793608944, 21.593523136608233], [85.40085776761785, 21.593523136608233], [85.40085776761785, 21.593433305079824], [85.40094759914626, 21.593433305079824], [85.40094759914626, 21.593073978966174], [85.40103743067468, 21.593073978966174], [85.40103743067468, 21.592804484380938], [85.40121709373149, 21.592804484380938], [85.40121709373149, 21.59271465285253]]]}, "id": "+182+276", "properties": {"area_ha": 4.091306761786936, "centroid_lat": 21.59453806691164, "centroid_lon": 85.40132352446447, "cluster_id": 0, "n_pixels": 409, "perim_m": 1588.717004340474, "profile_annual_rainfall_p50": 1389.0618859946728, "profile_aspect_cos_p50": 0.6018150231520486, "profile_aspect_sin_p50": -0.73135370161918, "profile_canopy_height_max_p50": 18.999999999999996, "profile_canopy_height_p50": 17.999999999999996, "profile_canopy_height_std_p50": 0.47896164760344956, "profile_distance_to_water_p50": 463409.50001051987, "profile_elevation_p50": 599, "profile_ndvi_amplitude_annual_p50": 0.1645757126173892, "profile_ndvi_mean_p50": 0.6933795973494945, "profile_ndvi_phase_annual_cos_p50": -0.9903360943202478, "profile_ndvi_phase_annual_sin_p50": -0.03529632286134516, "profile_ndvi_residual_variance_p50": 0.0076286319537535036, "profile_ndvi_trend_p50": -0.001469060378292216, "profile_slope_p50": 8.999999999999998, "profile_vh_iqr_p50": 1.785357141355483, "profile_vh_p10_p50": -15.442315949719163, "profile_vh_p50_p50": -14.436216371141972, "profile_vh_p90_p50": -13.31348556229533, "profile_vv_iqr_p50": 1.7795729887330036, "profile_vv_minus_vh_median_p50": 6.592325308990033, "profile_vv_p10_p50": -8.81773550051961, "profile_vv_p50_p50": -7.779687327061514, "profile_vv_p90_p50": -6.813910343653095, "unit_id": 35}}, {"type": "Feature", "geometry": {"type": "Polygon", "coordinates": [[[85.39340175075965, 21.591367179926348], [85.39394073993013, 21.591367179926348], [85.39394073993013, 21.59145701145476], [85.39438989757218, 21.59145701145476], [85.39438989757218, 21.59154684298317], [85.39430006604377, 21.59154684298317], [85.39430006604377, 21.591726506039997], [85.39438989757218, 21.591726506039997], [85.39438989757218, 21.591636674511584], [85.3944797291006, 21.591636674511584], [85.3944797291006, 21.59190616909682], [85.39438989757218, 21.59190616909682], [85.39438989757218, 21.591816337568407], [85.39421023451537, 21.591816337568407], [85.39421023451537, 21.591636674511584], [85.39412040298696, 21.591636674511584], [85.39412040298696, 21.59235532673888], [85.39385090840172, 21.59235532673888], [85.39385090840172, 21.593073978966174], [85.3937610768733, 21.593073978966174], [85.3937610768733, 21.593163810494588], [85.39367124534489, 21.593163810494588], [85.39367124534489, 21.59334347355141], [85.39412040298696, 21.59334347355141], [85.39412040298696, 21.593523136608233], [85.3944797291006, 21.593523136608233], [85.3944797291006, 21.59370279966506], [85.39465939215742, 21.59370279966506], [85.39465939215742, 21.593612968136647], [85.39483905521425, 21.593612968136647], [85.39483905521425, 21.59334347355141], [85.39492888674266, 21.59334347355141], [85.39492888674266, 21.593253642022997], [85.39501871827107, 21.593253642022997], [85.39501871827107, 21.59334347355141], [85.39510854979949, 21.59334347355141], [85.39510854979949, 21.593253642022997], [85.3951983813279, 21.593253642022997], [85.3951983813279, 21.59334347355141], [85.39537804438471, 21.59334347355141], [85.39537804438471, 21.593163810494588], [85.39555770744154, 21.593163810494588], [85.39555770744154, 21.593073978966174], [85.39564753896995, 21.593073978966174], [85.39564753896995, 21.593163810494588], [85.39573737049837, 21.593163810494588], [85.39573737049837, 21.59298414743776], [85.39582720202678, 21.59298414743776], [85.39582720202678, 21.593073978966174], [85.3959170335552, 21.593073978966174], [85.3959170335552, 21.59289431590935], [85.39582720202678, 21.59289431590935], [85.39582720202678, 21.592624821324115], [85.39573737049837, 21.592624821324115], [85.39573737049837, 21.592534989795702], [85.39582720202678, 21.592534989795702], [85.39582720202678, 21.592265495210466], [85.39573737049837, 21.592265495210466], [85.39573737049837, 21.592085832153643], [85.39546787591313, 21.592085832153643], [85.39546787591313, 21.592265495210466], [85.3951983813279, 21.592265495210466], [85.3951983813279, 21.592445158267292], [85.39501871827107, 21.592445158267292], [85.39501871827107, 21.59271465285253], [85.39483905521425, 21.59271465285253], [85.39483905521425, 21.592804484380938], [85.39474922368584, 21.592804484380938], [85.39474922368584, 21.59271465285253], [85.39465939215742, 21.59271465285253], [85.39465939215742, 21.592265495210466], [85.39483905521425, 21.592265495210466], [85.39483905521425, 21.59199600062523], [85.39465939215742, 21.59199600062523], [85.39465939215742, 21.59190616909682], [85.39456956062901, 21.59190616909682], [85.39456956062901, 21.591816337568407], [85.39465939215742, 21.591816337568407], [85.39465939215742, 21.59190616909682], [85.39483905521425, 21.59190616909682], [85.39483905521425, 21.591816337568407], [85.39492888674266, 21.591816337568407], [85.39492888674266, 21.59190616909682], [85.39501871827107, 21.59190616909682], [85.39501871827107, 21.591816337568407], [85.3952882128563, 21.591816337568407], [85.3952882128563, 21.59190616909682], [85.39582720202678, 21.59190616909682], [85.39582720202678, 21.592085832153643], [85.3959170335552, 21.592085832153643], [85.3959170335552, 21.59199600062523], [85.3960068650836, 21.59199600062523], [85.3960068650836, 21.59190616909682], [85.39618652814043, 21.59190616909682], [85.39618652814043, 21.592085832153643], [85.39636619119725, 21.592085832153643], [85.39636619119725, 21.592445158267292], [85.39618652814043, 21.592445158267292], [85.39618652814043, 21.59289431590935], [85.39609669661202, 21.59289431590935], [85.39609669661202, 21.592804484380938], [85.3960068650836, 21.592804484380938], [85.3960068650836, 21.59334347355141], [85.39654585425407, 21.59334347355141], [85.39654585425407, 21.593163810494588], [85.39681534883931, 21.593163810494588], [85.39681534883931, 21.59298414743776], [85.39654585425407, 21.59298414743776], [85.39654585425407, 21.592804484380938], [85.39681534883931, 21.592804484380938], [85.39681534883931, 21.592624821324115], [85.39699501189614, 21.592624821324115], [85.39699501189614, 21.592804484380938], [85.39717467495296, 21.592804484380938], [85.39717467495296, 21.59298414743776], [85.39726450648136, 21.59298414743776], [85.39726450648136, 21.593073978966174], [85.39717467495296, 21.593073978966174], [85.39717467495296, 21.593163810494588], [85.39726450648136, 21.593163810494588], [85.39726450648136, 21.593253642022997], [85.39735433800978, 21.593253642022997], [85.39735433800978, 21.59298414743776], [85.39762383259502, 21.59298414743776], [85.39762383259502, 21.593073978966174], [85.39771366412343, 21.593073978966174], [85.39771366412343, 21.59298414743776], [85.39834248482231, 21.59298414743776], [85.39834248482231, 21.593253642022997], [85.3981628217655, 21.593253642022997], [85.3981628217655, 21.59334347355141], [85.39834248482231, 21.59334347355141], [85.39834248482231, 21.593523136608233], [85.39843231635072, 21.593523136608233], [85.39843231635072, 21.59334347355141], [85.39852214787913, 21.59334347355141], [85.39852214787913, 21.593433305079824], [85.39861197940755, 21.593433305079824], [85.39861197940755, 21.593523136608233], [85.39870181093596, 21.593523136608233], [85.39870181093596, 21.59370279966506], [85.39879164246437, 21.59370279966506], [85.39879164246437, 21.59379263119347], [85.39870181093596, 21.59379263119347], [85.39870181093596, 21.593882462721883], [85.39906113704961, 21.593882462721883], [85.39906113704961, 21.59415195730712], [85.39915096857803, 21.59415195730712], [85.39915096857803, 21.594062125778706], [85.39933063163484, 21.594062125778706], [85.39933063163484, 21.593972294250296], [85.39915096857803, 21.593972294250296], [85.39915096857803, 21.593882462721883], [85.39924080010643, 21.593882462721883], [85.39924080010643, 21.593433305079824], [85.39915096857803, 21.593433305079824], [85.39915096857803, 21.59370279966506], [85.39906113704961, 21.59370279966506], [85.39906113704961, 21.593433305079824], [85.39915096857803, 21.593433305079824], [85.39915096857803, 21.593253642022997], [85.39906113704961, 21.593253642022997], [85.39906113704961, 21.59289431590935], [85.39915096857803, 21.59289431590935], [85.39915096857803, 21.592804484380938], [85.39906113704961, 21.592804484380938], [85.39906113704961, 21.592445158267292], [85.39924080010643, 21.592445158267292], [85.39924080010643, 21.592534989795702], [85.39933063163484, 21.592534989795702], [85.39933063163484, 21.592624821324115], [85.39960012622008, 21.592624821324115], [85.39960012622008, 21.592804484380938], [85.39968995774849, 21.592804484380938], [85.39968995774849, 21.592624821324115], [85.40013911539056, 21.592624821324115], [85.40013911539056, 21.592265495210466], [85.40004928386215, 21.592265495210466], [85.40004928386215, 21.592085832153643], [85.40013911539056, 21.592085832153643], [85.40013911539056, 21.592175663682056], [85.40022894691896, 21.592175663682056], [85.40022894691896, 21.59199600062523], [85.40031877844737, 21.59199600062523], [85.40031877844737, 21.59190616909682], [85.40076793608944, 21.59190616909682], [85.40076793608944, 21.591816337568407], [85.40067810456102, 21.591816337568407], [85.40067810456102, 21.591726506039997], [85.40085776761785, 21.591726506039997], [85.40085776761785, 21.591816337568407], [85.40094759914626, 21.591816337568407], [85.40094759914626, 21.59199600062523], [85.40103743067468, 21.59199600062523], [85.40103743067468, 21.592265495210466], [85.40112726220309, 21.592265495210466], [85.40112726220309, 21.59235532673888], [85.40103743067468, 21.59235532673888], [85.40103743067468, 21.592534989795702], [85.40112726220309, 21.592534989795702], [85.40112726220309, 21.592624821324115], [85.40121709373149, 21.592624821324115], [85.40121709373149, 21.592804484380938], [85.40103743067468, 21.592804484380938], [85.40103743067468, 21.593073978966174], [85.40094759914626, 21.593073978966174], [85.40094759914626, 21.593433305079824], [85.40085776761785, 21.593433305079824], [85.40085776761785, 21.593523136608233], [85.40076793608944, 21.593523136608233], [85.40076793608944, 21.59370279966506], [85.40040860997578, 21.59370279966506], [85.40040860997578, 21.593612968136647], [85.40022894691896, 21.593612968136647], [85.40022894691896, 21.593882462721883], [85.4004984415042, 21.593882462721883], [85.4004984415042, 21.594062125778706], [85.40040860997578, 21.594062125778706], [85.40040860997578, 21.594870609534414], [85.40031877844737, 21.594870609534414], [85.40031877844737, 21.59514010411965], [85.40022894691896, 21.59514010411965], [85.40022894691896, 21.595319767176473], [85.40031877844737, 21.595319767176473], [85.40031877844737, 21.595409598704887], [85.40040860997578, 21.595409598704887], [85.40040860997578, 21.59558926176171], [85.40058827303261, 21.59558926176171], [85.40058827303261, 21.595409598704887], [85.4004984415042, 21.595409598704887], [85.4004984415042, 21.59522993564806], [85.40076793608944, 21.59522993564806], [85.40076793608944, 21.594870609534414], [85.40094759914626, 21.594870609534414], [85.40094759914626, 21.594780778006], [85.40103743067468, 21.594780778006], [85.40103743067468, 21.594870609534414], [85.40112726220309, 21.594870609534414], [85.40112726220309, 21.594960441062828], [85.4013069252599, 21.594960441062828], [85.4013069252599, 21.59522993564806], [85.40139675678832, 21.59522993564806], [85.40139675678832, 21.595499430233296], [85.40148658831673, 21.595499430233296], [85.40148658831673, 21.59558926176171], [85.4013069252599, 21.59558926176171], [85.4013069252599, 21.595679093290123], [85.40148658831673, 21.595679093290123], [85.40148658831673, 21.59594858787536], [85.40157641984514, 21.59594858787536], [85.40157641984514, 21.59603841940377], [85.40175608290197, 21.59603841940377], [85.40175608290197, 21.596128250932182], [85.40184591443038, 21.596128250932182], [85.40184591443038, 21.59621808246059], [85.40175608290197, 21.59621808246059], [85.40175608290197, 21.596128250932182], [85.40166625137356, 21.596128250932182], [85.40166625137356, 21.59621808246059], [85.40139675678832, 21.59621808246059], [85.40139675678832, 21.596307913989005], [85.40148658831673, 21.596307913989005], [85.40148658831673, 21.596397745517418], [85.40139675678832, 21.596397745517418], [85.40139675678832, 21.596307913989005], [85.4013069252599, 21.596307913989005], [85.4013069252599, 21.596128250932182], [85.40121709373149, 21.596128250932182], [85.40121709373149, 21.59603841940377], [85.40112726220309, 21.59603841940377], [85.40112726220309, 21.59594858787536], [85.40103743067468, 21.59594858787536], [85.40103743067468, 21.595858756346946], [85.40067810456102, 21.595858756346946], [85.40067810456102, 21.595768924818532], [85.40040860997578, 21.595768924818532], [85.40040860997578, 21.595679093290123], [85.40031877844737, 21.595679093290123], [85.40031877844737, 21.59558926176171], [85.40022894691896, 21.59558926176171], [85.40022894691896, 21.595679093290123], [85.40013911539056, 21.595679093290123], [85.40013911539056, 21.595768924818532], [85.40022894691896, 21.595768924818532], [85.40022894691896, 21.595858756346946], [85.40031877844737, 21.595858756346946], [85.40031877844737, 21.59594858787536], [85.4004984415042, 21.59594858787536], [85.4004984415042, 21.59603841940377], [85.40058827303261, 21.59603841940377], [85.40058827303261, 21.596128250932182], [85.4004984415042, 21.596128250932182], [85.4004984415042, 21.59603841940377], [85.40022894691896, 21.59603841940377], [85.40022894691896, 21.59621808246059], [85.39960012622008, 21.59621808246059], [85.39960012622008, 21.59603841940377], [85.3997797892769, 21.59603841940377], [85.3997797892769, 21.59594858787536], [85.39924080010643, 21.59594858787536], [85.39924080010643, 21.595858756346946], [85.39915096857803, 21.595858756346946], [85.39915096857803, 21.59603841940377], [85.39906113704961, 21.59603841940377], [85.39906113704961, 21.596128250932182], [85.39834248482231, 21.596128250932182], [85.39834248482231, 21.59621808246059], [85.39852214787913, 21.59621808246059], [85.39852214787913, 21.596307913989005], [85.39834248482231, 21.596307913989005], [85.39834248482231, 21.59621808246059], [85.3982526532939, 21.59621808246059], [85.3982526532939, 21.596128250932182], [85.39798315870867, 21.596128250932182], [85.39798315870867, 21.59621808246059], [85.39789332718026, 21.59621808246059], [85.39789332718026, 21.596307913989005], [85.39771366412343, 21.596307913989005], [85.39771366412343, 21.596397745517418], [85.39762383259502, 21.596397745517418], [85.39762383259502, 21.596487577045828], [85.3975340010666, 21.596487577045828], [85.3975340010666, 21.59657740857424], [85.39744416953819, 21.59657740857424], [85.39744416953819, 21.596757071631064], [85.39708484342455, 21.596757071631064], [85.39708484342455, 21.596667240102654], [85.39690518036772, 21.596667240102654], [85.39690518036772, 21.59657740857424], [85.39681534883931, 21.59657740857424], [85.39681534883931, 21.596667240102654], [85.3967255173109, 21.596667240102654], [85.3967255173109, 21.596757071631064], [85.39645602272566, 21.596757071631064], [85.39645602272566, 21.596846903159477], [85.39627635966883, 21.596846903159477], [85.39627635966883, 21.59693673468789], [85.39618652814043, 21.59693673468789], [85.39618652814043, 21.597206229273123], [85.39609669661202, 21.597206229273123], [85.39609669661202, 21.597296060801536], [85.39582720202678, 21.597296060801536], [85.39582720202678, 21.59738589232995], [85.39537804438471, 21.59738589232995], [85.39537804438471, 21.597296060801536], [85.3952882128563, 21.597296060801536], [85.3952882128563, 21.597116397744713], [85.39573737049837, 21.597116397744713], [85.39573737049837, 21.596757071631064], [85.3952882128563, 21.596757071631064], [85.3952882128563, 21.596846903159477], [85.3951983813279, 21.596846903159477], [85.3951983813279, 21.59693673468789], [85.39510854979949, 21.59693673468789], [85.39510854979949, 21.596757071631064], [85.39501871827107, 21.596757071631064], [85.39501871827107, 21.59657740857424], [85.39492888674266, 21.59657740857424], [85.39492888674266, 21.596397745517418], [85.39483905521425, 21.596397745517418], [85.39483905521425, 21.59621808246059], [85.39474922368584, 21.59621808246059], [85.39474922368584, 21.59603841940377], [85.39465939215742, 21.59603841940377], [85.39465939215742, 21.595858756346946], [85.39456956062901, 21.595858756346946], [85.39456956062901, 21.595679093290123], [85.3944797291006, 21.595679093290123], [85.3944797291006, 21.595499430233296], [85.39438989757218, 21.595499430233296], [85.39438989757218, 21.595319767176473], [85.39430006604377, 21.595319767176473], [85.39430006604377, 21.59514010411965], [85.39421023451537, 21.59514010411965], [85.39421023451537, 21.594960441062828], [85.39412040298696, 21.594960441062828], [85.39412040298696, 21.594780778006], [85.39403057145854, 21.594780778006], [85.39403057145854, 21.594601114949178], [85.39394073993013, 21.594601114949178], [85.39394073993013, 21.594421451892355], [85.39385090840172, 21.594421451892355], [85.39385090840172, 21.594062125778706], [85.3937610768733, 21.594062125778706], [85.3937610768733, 21.593972294250296], [85.39367124534489, 21.593972294250296], [85.39367124534489, 21.59379263119347], [85.39358141381648, 21.59379263119347], [85.39358141381648, 21.593612968136647], [85.39349158228806, 21.593612968136647], [85.39349158228806, 21.593523136608233], [85.39358141381648, 21.593523136608233], [85.39358141381648, 21.593253642022997], [85.39349158228806, 21.593253642022997], [85.39349158228806, 21.593073978966174], [85.39340175075965, 21.593073978966174], [85.39340175075965, 21.59298414743776], [85.39331191923124, 21.59298414743776], [85.39331191923124, 21.59271465285253], [85.39322208770284, 21.59271465285253], [85.39322208770284, 21.592624821324115], [85.39313225617443, 21.592624821324115], [85.39313225617443, 21.592445158267292], [85.39322208770284, 21.592445158267292], [85.39322208770284, 21.592175663682056], [85.39331191923124, 21.592175663682056], [85.39331191923124, 21.59145701145476], [85.39340175075965, 21.59145701145476], [85.39340175075965, 21.591367179926348]], [[85.39573737049837, 21.59657740857424], [85.39564753896995, 21.59657740857424], [85.39564753896995, 21.596667240102654], [85.39573737049837, 21.596667240102654], [85.39573737049837, 21.59657740857424]], [[85.39771366412343, 21.595499430233296], [85.39762383259502, 21.595499430233296], [85.39762383259502, 21.59558926176171], [85.3975340010666, 21.59558926176171], [85.3975340010666, 21.595679093290123], [85.39771366412343, 21.595679093290123], [85.39771366412343, 21.595499430233296]], [[85.39690518036772, 21.595409598704887], [85.3967255173109, 21.595409598704887], [85.3967255173109, 21.595499430233296], [85.39690518036772, 21.595499430233296], [85.39690518036772, 21.595409598704887]], [[85.39663568578248, 21.595319767176473], [85.39654585425407, 21.595319767176473], [85.39654585425407, 21.595409598704887], [85.39663568578248, 21.595409598704887], [85.39663568578248, 21.595319767176473]], [[85.39717467495296, 21.595319767176473], [85.39690518036772, 21.595319767176473], [85.39690518036772, 21.595409598704887], [85.39699501189614, 21.595409598704887], [85.39699501189614, 21.595499430233296], [85.39690518036772, 21.595499430233296], [85.39690518036772, 21.59558926176171], [85.3967255173109, 21.59558926176171], [85.3967255173109, 21.595679093290123], [85.39699501189614, 21.595679093290123], [85.39699501189614, 21.59558926176171], [85.39717467495296, 21.59558926176171], [85.39717467495296, 21.595319767176473]], [[85.3982526532939, 21.595319767176473], [85.3981628217655, 21.595319767176473], [85.3981628217655, 21.595409598704887], [85.3982526532939, 21.595409598704887], [85.3982526532939, 21.595319767176473]], [[85.3981628217655, 21.59522993564806], [85.39807299023708, 21.59522993564806], [85.39807299023708, 21.595319767176473], [85.3981628217655, 21.595319767176473], [85.3981628217655, 21.59522993564806]], [[85.39510854979949, 21.59514010411965], [85.39501871827107, 21.59514010411965], [85.39501871827107, 21.595319767176473], [85.39510854979949, 21.595319767176473], [85.39510854979949, 21.59514010411965]], [[85.39834248482231, 21.59514010411965], [85.3981628217655, 21.59514010411965], [85.3981628217655, 21.59522993564806], [85.39834248482231, 21.59522993564806], [85.39834248482231, 21.59514010411965]], [[85.39771366412343, 21.595050272591237], [85.39762383259502, 21.595050272591237], [85.39762383259502, 21.59514010411965], [85.39735433800978, 21.59514010411965], [85.39735433800978, 21.59522993564806], [85.39744416953819, 21.59522993564806], [85.39744416953819, 21.595319767176473], [85.39735433800978, 21.595319767176473], [85.39735433800978, 21.595499430233296], [85.39744416953819, 21.595499430233296], [85.39744416953819, 21.595409598704887], [85.39780349565184, 21.595409598704887], [85.39780349565184, 21.595319767176473], [85.3975340010666, 21.595319767176473], [85.3975340010666, 21.59522993564806], [85.39780349565184, 21.59522993564806], [85.39780349565184, 21.59514010411965], [85.39771366412343, 21.59514010411965], [85.39771366412343, 21.595050272591237]], [[85.39762383259502, 21.594960441062828], [85.3975340010666, 21.594960441062828], [85.3975340010666, 21.595050272591237], [85.39762383259502, 21.595050272591237], [85.39762383259502, 21.594960441062828]], [[85.39789332718026, 21.594960441062828], [85.39780349565184, 21.594960441062828], [85.39780349565184, 21.595050272591237], [85.39789332718026, 21.595050272591237], [85.39789332718026, 21.594960441062828]], [[85.39510854979949, 21.594780778006], [85.39501871827107, 21.594780778006], [85.39501871827107, 21.594960441062828], [85.39492888674266, 21.594960441062828], [85.39492888674266, 21.595050272591237], [85.39510854979949, 21.595050272591237], [85.39510854979949, 21.594780778006]], [[85.39762383259502, 21.594780778006], [85.39735433800978, 21.594780778006], [85.39735433800978, 21.594870609534414], [85.39726450648136, 21.594870609534414], [85.39726450648136, 21.594780778006], [85.39717467495296, 21.594780778006], [85.39717467495296, 21.594960441062828], [85.39744416953819, 21.594960441062828], [85.39744416953819, 21.594870609534414], [85.39762383259502, 21.594870609534414], [85.39762383259502, 21.594780778006]], [[85.39735433800978, 21.59469094647759], [85.39726450648136, 21.59469094647759], [85.39726450648136, 21.594780778006], [85.39735433800978, 21.594780778006], [85.39735433800978, 21.59469094647759]], [[85.39942046316325, 21.59469094647759], [85.39933063163484, 21.59469094647759], [85.39933063163484, 21.594780778006], [85.39942046316325, 21.594780778006], [85.39942046316325, 21.59469094647759]], [[85.39744416953819, 21.594601114949178], [85.39735433800978, 21.594601114949178], [85.39735433800978, 21.59469094647759], [85.39744416953819, 21.59469094647759], [85.39744416953819, 21.594601114949178]], [[85.39403057145854, 21.59424178883553], [85.39394073993013, 21.59424178883553], [85.39394073993013, 21.594331620363942], [85.39403057145854, 21.594331620363942], [85.39403057145854, 21.59424178883553]], [[85.39645602272566, 21.594062125778706], [85.39636619119725, 21.594062125778706], [85.39636619119725, 21.59424178883553], [85.39645602272566, 21.59424178883553], [85.39645602272566, 21.594062125778706]], [[85.39690518036772, 21.594062125778706], [85.3967255173109, 21.594062125778706], [85.3967255173109, 21.59415195730712], [85.39681534883931, 21.59415195730712], [85.39681534883931, 21.59424178883553], [85.39654585425407, 21.59424178883553], [85.39654585425407, 21.594331620363942], [85.39663568578248, 21.594331620363942], [85.39663568578248, 21.594421451892355], [85.3967255173109, 21.594421451892355], [85.3967255173109, 21.594601114949178], [85.39663568578248, 21.594601114949178], [85.39663568578248, 21.594511283420765], [85.39654585425407, 21.594511283420765], [85.39654585425407, 21.594601114949178], [85.39627635966883, 21.594601114949178], [85.39627635966883, 21.594511283420765], [85.39618652814043, 21.594511283420765], [85.39618652814043, 21.594421451892355], [85.3960068650836, 21.594421451892355], [85.3960068650836, 21.594780778006], [85.39618652814043, 21.594780778006], [85.39618652814043, 21.59514010411965], [85.3960068650836, 21.59514010411965], [85.3960068650836, 21.59522993564806], [85.39582720202678, 21.59522993564806], [85.39582720202678, 21.595319767176473], [85.39618652814043, 21.595319767176473], [85.39618652814043, 21.595499430233296], [85.39654585425407, 21.595499430233296], [85.39654585425407, 21.595409598704887], [85.39645602272566, 21.595409598704887], [85.39645602272566, 21.595319767176473], [85.39654585425407, 21.595319767176473], [85.39654585425407, 21.59522993564806], [85.39636619119725, 21.59522993564806], [85.39636619119725, 21.59514010411965], [85.39654585425407, 21.59514010411965], [85.39654585425407, 21.594960441062828], [85.39663568578248, 21.594960441062828], [85.39663568578248, 21.595050272591237], [85.3967255173109, 21.595050272591237], [85.3967255173109, 21.594960441062828], [85.39681534883931, 21.594960441062828], [85.39681534883931, 21.59514010411965], [85.39690518036772, 21.59514010411965], [85.39690518036772, 21.594780778006], [85.39717467495296, 21.594780778006], [85.39717467495296, 21.59469094647759], [85.39726450648136, 21.59469094647759], [85.39726450648136, 21.594601114949178], [85.39735433800978, 21.594601114949178], [85.39735433800978, 21.594511283420765], [85.39744416953819, 21.594511283420765], [85.39744416953819, 21.594421451892355], [85.39735433800978, 21.594421451892355], [85.39735433800978, 21.59424178883553], [85.39726450648136, 21.59424178883553], [85.39726450648136, 21.594331620363942], [85.39717467495296, 21.594331620363942], [85.39717467495296, 21.59424178883553], [85.39708484342455, 21.59424178883553], [85.39708484342455, 21.594331620363942], [85.39699501189614, 21.594331620363942], [85.39699501189614, 21.59415195730712], [85.39690518036772, 21.59415195730712], [85.39690518036772, 21.594062125778706]], [[85.39654585425407, 21.593972294250296], [85.39645602272566, 21.593972294250296], [85.39645602272566, 21.594062125778706], [85.39654585425407, 21.594062125778706], [85.39654585425407, 21.593972294250296]], [[85.39627635966883, 21.593882462721883], [85.39618652814043, 21.593882462721883], [85.39618652814043, 21.593972294250296], [85.39627635966883, 21.593972294250296], [85.39627635966883, 21.593882462721883]], [[85.39861197940755, 21.593612968136647], [85.39852214787913, 21.593612968136647], [85.39852214787913, 21.59370279966506], [85.39861197940755, 21.59370279966506], [85.39861197940755, 21.593612968136647]], [[85.39798315870867, 21.593523136608233], [85.39789332718026, 21.593523136608233], [85.39789332718026, 21.593612968136647], [85.39798315870867, 21.593612968136647], [85.39798315870867, 21.593523136608233]], [[85.3981628217655, 21.59334347355141], [85.39798315870867, 21.59334347355141], [85.39798315870867, 21.593523136608233], [85.3981628217655, 21.593523136608233], [85.3981628217655, 21.59334347355141]], [[85.39995945233373, 21.593253642022997], [85.39986962080532, 21.593253642022997], [85.39986962080532, 21.593433305079824], [85.39995945233373, 21.593433305079824], [85.39995945233373, 21.593523136608233], [85.3997797892769, 21.593523136608233], [85.3997797892769, 21.593612968136647], [85.39986962080532, 21.593612968136647], [85.39986962080532, 21.59370279966506], [85.39995945233373, 21.59370279966506], [85.39995945233373, 21.59379263119347], [85.40004928386215, 21.59379263119347], [85.40004928386215, 21.59334347355141], [85.39995945233373, 21.59334347355141], [85.39995945233373, 21.593253642022997]], [[85.40013911539056, 21.593253642022997], [85.40004928386215, 21.593253642022997], [85.40004928386215, 21.59334347355141], [85.40013911539056, 21.59334347355141], [85.40013911539056, 21.593253642022997]], [[85.39986962080532, 21.593163810494588], [85.3997797892769, 21.593163810494588], [85.3997797892769, 21.593253642022997], [85.39986962080532, 21.593253642022997], [85.39986962080532, 21.593163810494588]], [[85.40004928386215, 21.593163810494588], [85.39995945233373, 21.593163810494588], [85.39995945233373, 21.593253642022997], [85.40004928386215, 21.593253642022997], [85.40004928386215, 21.593163810494588]], [[85.40013911539056, 21.593073978966174], [85.40004928386215, 21.593073978966174], [85.40004928386215, 21.593163810494588], [85.40013911539056, 21.593163810494588], [85.40013911539056, 21.593073978966174]], [[85.39367124534489, 21.592175663682056], [85.39358141381648, 21.592175663682056], [85.39358141381648, 21.592265495210466], [85.39349158228806, 21.592265495210466], [85.39349158228806, 21.592445158267292], [85.39358141381648, 21.592445158267292], [85.39358141381648, 21.59235532673888], [85.39367124534489, 21.59235532673888], [85.39367124534489, 21.592445158267292], [85.3937610768733, 21.592445158267292], [85.3937610768733, 21.592265495210466], [85.39367124534489, 21.592265495210466], [85.39367124534489, 21.592175663682056]]]}, "id": "+100+291", "properties": {"area_ha": 27.3960037463712, "centroid_lat": 21.594430777939426, "centroid_lon": 85.3972920493088, "cluster_id": 4, "n_pixels": 2740, "perim_m": 10147.402293144427, "profile_annual_rainfall_p50": 1382.1430009415274, "profile_aspect_cos_p50": -0.7547095802227728, "profile_aspect_sin_p50": -0.29237170472273655, "profile_canopy_height_max_p50": 16, "profile_canopy_height_p50": 16, "profile_canopy_height_std_p50": 0.47865878082434865, "profile_distance_to_water_p50": 463409.50001051987, "profile_elevation_p50": 645.0000000000001, "profile_ndvi_amplitude_annual_p50": 0.21974508673567725, "profile_ndvi_mean_p50": 0.5762829482348351, "profile_ndvi_phase_annual_cos_p50": -0.9589817035719913, "profile_ndvi_phase_annual_sin_p50": -0.26933023801529, "profile_ndvi_residual_variance_p50": 0.0066510108857493495, "profile_ndvi_trend_p50": 0.008367576303882292, "profile_slope_p50": 10.000000000000002, "profile_vh_iqr_p50": 2.0312881285205338, "profile_vh_p10_p50": -16.688066525314273, "profile_vh_p50_p50": -15.535105046711498, "profile_vh_p90_p50": -14.345117032323246, "profile_vv_iqr_p50": 1.844514097339528, "profile_vv_minus_vh_median_p50": 6.716867667079219, "profile_vv_p10_p50": -9.935853228483905, "profile_vv_p50_p50": -8.904413001076481, "profile_vv_p90_p50": -7.780878145619661, "unit_id": 36}}, {"type": "Feature", "geometry": {"type": "Polygon", "coordinates": [[[85.40103743067468, 21.59235532673888], [85.40112726220309, 21.59235532673888], [85.40112726220309, 21.592445158267292], [85.40121709373149, 21.592445158267292], [85.40121709373149, 21.592624821324115], [85.40112726220309, 21.592624821324115], [85.40112726220309, 21.592534989795702], [85.40103743067468, 21.592534989795702], [85.40103743067468, 21.59235532673888]]]}, "id": "+180+280", "properties": {"area_ha": 0.037109883052464356, "centroid_lat": 21.59249007432561, "centroid_lon": 85.40112726242765, "cluster_id": 0, "n_pixels": 4, "perim_m": 96.88927001816697, "profile_annual_rainfall_p50": 1389.0618859946728, "profile_aspect_cos_p50": 0.6018150231520486, "profile_aspect_sin_p50": -0.73135370161918, "profile_canopy_height_max_p50": 18.999999999999996, "profile_canopy_height_p50": 17.999999999999996, "profile_canopy_height_std_p50": 0.47896164760344956, "profile_distance_to_water_p50": 463409.50001051987, "profile_elevation_p50": 599, "profile_ndvi_amplitude_annual_p50": 0.1645757126173892, "profile_ndvi_mean_p50": 0.6933795973494945, "profile_ndvi_phase_annual_cos_p50": -0.9903360943202478, "profile_ndvi_phase_annual_sin_p50": -0.03529632286134516, "profile_ndvi_residual_variance_p50": 0.0076286319537535036, "profile_ndvi_trend_p50": -0.001469060378292216, "profile_slope_p50": 8.999999999999998, "profile_vh_iqr_p50": 1.785357141355483, "profile_vh_p10_p50": -15.442315949719163, "profile_vh_p50_p50": -14.436216371141972, "profile_vh_p90_p50": -13.31348556229533, "profile_vv_iqr_p50": 1.7795729887330036, "profile_vv_minus_vh_median_p50": 6.592325308990033, "profile_vv_p10_p50": -8.81773550051961, "profile_vv_p50_p50": -7.779687327061514, "profile_vv_p90_p50": -6.813910343653095, "unit_id": 37}}, {"type": "Feature", "geometry": {"type": "Polygon", "coordinates": [[[85.4004984415042, 21.59091802228429], [85.40058827303261, 21.59091802228429], [85.40058827303261, 21.591187516869525], [85.40067810456102, 21.591187516869525], [85.40067810456102, 21.591367179926348], [85.40076793608944, 21.591367179926348], [85.40076793608944, 21.59154684298317], [85.40067810456102, 21.59154684298317], [85.40067810456102, 21.59145701145476], [85.40058827303261, 21.59145701145476], [85.40058827303261, 21.591367179926348], [85.4004984415042, 21.591367179926348], [85.4004984415042, 21.591277348397934], [85.40040860997578, 21.591277348397934], [85.40040860997578, 21.591187516869525], [85.40031877844737, 21.591187516869525], [85.40031877844737, 21.59109768534111], [85.40040860997578, 21.59109768534111], [85.40040860997578, 21.591007853812698], [85.4004984415042, 21.591007853812698], [85.4004984415042, 21.59091802228429]]]}, "id": "+174+296", "properties": {"area_ha": 0.12988572476436736, "centroid_lat": 21.591226015660368, "centroid_lon": 85.40055619037089, "cluster_id": 4, "n_pixels": 13, "perim_m": 232.27738606871478, "profile_annual_rainfall_p50": 1382.1430009415274, "profile_aspect_cos_p50": -0.7547095802227728, "profile_aspect_sin_p50": -0.29237170472273655, "profile_canopy_height_max_p50": 16, "profile_canopy_height_p50": 16, "profile_canopy_height_std_p50": 0.47865878082434865, "profile_distance_to_water_p50": 463409.50001051987, "profile_elevation_p50": 645.0000000000001, "profile_ndvi_amplitude_annual_p50": 0.21974508673567725, "profile_ndvi_mean_p50": 0.5762829482348351, "profile_ndvi_phase_annual_cos_p50": -0.9589817035719913, "profile_ndvi_phase_annual_sin_p50": -0.26933023801529, "profile_ndvi_residual_variance_p50": 0.0066510108857493495, "profile_ndvi_trend_p50": 0.008367576303882292, "profile_slope_p50": 10.000000000000002, "profile_vh_iqr_p50": 2.0312881285205338, "profile_vh_p10_p50": -16.688066525314273, "profile_vh_p50_p50": -15.535105046711498, "profile_vh_p90_p50": -14.345117032323246, "profile_vv_iqr_p50": 1.844514097339528, "profile_vv_minus_vh_median_p50": 6.716867667079219, "profile_vv_p10_p50": -9.935853228483905, "profile_vv_p50_p50": -8.904413001076481, "profile_vv_p90_p50": -7.780878145619661, "unit_id": 38}}, {"type": "Feature", "geometry": {"type": "Polygon", "coordinates": [[[85.39286276158919, 21.59046886464223], [85.3929525931176, 21.59046886464223], [85.3929525931176, 21.590738359227466], [85.39304242464601, 21.590738359227466], [85.39304242464601, 21.590828190755875], [85.3929525931176, 21.590828190755875], [85.3929525931176, 21.59091802228429], [85.39241360394712, 21.59091802228429], [85.39241360394712, 21.590738359227466], [85.39268309853236, 21.590738359227466], [85.39268309853236, 21.590648527699052], [85.39286276158919, 21.590648527699052], [85.39286276158919, 21.59046886464223]]]}, "id": "+89+301", "properties": {"area_ha": 0.16699652868962414, "centroid_lat": 21.59077329431112, "centroid_lon": 85.39274797806428, "cluster_id": 4, "n_pixels": 17, "perim_m": 229.70172356781632, "profile_annual_rainfall_p50": 1382.1430009415274, "profile_aspect_cos_p50": -0.7547095802227728, "profile_aspect_sin_p50": -0.29237170472273655, "profile_canopy_height_max_p50": 16, "profile_canopy_height_p50": 16, "profile_canopy_height_std_p50": 0.47865878082434865, "profile_distance_to_water_p50": 463409.50001051987, "profile_elevation_p50": 645.0000000000001, "profile_ndvi_amplitude_annual_p50": 0.21974508673567725, "profile_ndvi_mean_p50": 0.5762829482348351, "profile_ndvi_phase_annual_cos_p50": -0.9589817035719913, "profile_ndvi_phase_annual_sin_p50": -0.26933023801529, "profile_ndvi_residual_variance_p50": 0.0066510108857493495, "profile_ndvi_trend_p50": 0.008367576303882292, "profile_slope_p50": 10.000000000000002, "profile_vh_iqr_p50": 2.0312881285205338, "profile_vh_p10_p50": -16.688066525314273, "profile_vh_p50_p50": -15.535105046711498, "profile_vh_p90_p50": -14.345117032323246, "profile_vv_iqr_p50": 1.844514097339528, "profile_vv_minus_vh_median_p50": 6.716867667079219, "profile_vv_p10_p50": -9.935853228483905, "profile_vv_p50_p50": -8.904413001076481, "profile_vv_p90_p50": -7.780878145619661, "unit_id": 39}}, {"type": "Feature", "geometry": {"type": "Polygon", "coordinates": [[[85.39582720202678, 21.59046886464223], [85.3960068650836, 21.59046886464223], [85.3960068650836, 21.590648527699052], [85.39582720202678, 21.590648527699052], [85.39582720202678, 21.59046886464223]]]}, "id": "+123+301", "properties": {"area_ha": 0.037110378126113744, "centroid_lat": 21.590558695739702, "centroid_lon": 85.39591703583093, "cluster_id": 4, "n_pixels": 4, "perim_m": 76.99662323491934, "profile_annual_rainfall_p50": 1382.1430009415274, "profile_aspect_cos_p50": -0.7547095802227728, "profile_aspect_sin_p50": -0.29237170472273655, "profile_canopy_height_max_p50": 16, "profile_canopy_height_p50": 16, "profile_canopy_height_std_p50": 0.47865878082434865, "profile_distance_to_water_p50": 463409.50001051987, "profile_elevation_p50": 645.0000000000001, "profile_ndvi_amplitude_annual_p50": 0.21974508673567725, "profile_ndvi_mean_p50": 0.5762829482348351, "profile_ndvi_phase_annual_cos_p50": -0.9589817035719913, "profile_ndvi_phase_annual_sin_p50": -0.26933023801529, "profile_ndvi_residual_variance_p50": 0.0066510108857493495, "profile_ndvi_trend_p50": 0.008367576303882292, "profile_slope_p50": 10.000000000000002, "profile_vh_iqr_p50": 2.0312881285205338, "profile_vh_p10_p50": -16.688066525314273, "profile_vh_p50_p50": -15.535105046711498, "profile_vh_p90_p50": -14.345117032323246, "profile_vv_iqr_p50": 1.844514097339528, "profile_vv_minus_vh_median_p50": 6.716867667079219, "profile_vv_p10_p50": -9.935853228483905, "profile_vv_p50_p50": -8.904413001076481, "profile_vv_p90_p50": -7.780878145619661, "unit_id": 40}}, {"type": "Feature", "geometry": {"type": "Polygon", "coordinates": [[[85.39960012622008, 21.58921122324446], [85.39968995774849, 21.58921122324446], [85.39968995774849, 21.58930105477287], [85.3997797892769, 21.58930105477287], [85.3997797892769, 21.589480717829698], [85.39995945233373, 21.589480717829698], [85.39995945233373, 21.58966038088652], [85.40004928386215, 21.58966038088652], [85.40004928386215, 21.589840043943344], [85.40013911539056, 21.589840043943344], [85.40013911539056, 21.59010953852858], [85.40022894691896, 21.59010953852858], [85.40022894691896, 21.590289201585403], [85.40031877844737, 21.590289201585403], [85.40031877844737, 21.59046886464223], [85.40040860997578, 21.59046886464223], [85.40040860997578, 21.590738359227466], [85.4004984415042, 21.590738359227466], [85.4004984415042, 21.590828190755875], [85.40031877844737, 21.590828190755875], [85.40031877844737, 21.590738359227466], [85.39995945233373, 21.590738359227466], [85.39995945233373, 21.590648527699052], [85.39986962080532, 21.590648527699052], [85.39986962080532, 21.590738359227466], [85.39968995774849, 21.590738359227466], [85.39968995774849, 21.590828190755875], [85.39960012622008, 21.590828190755875], [85.39960012622008, 21.591007853812698], [85.39951029469167, 21.591007853812698], [85.39951029469167, 21.590738359227466], [85.39960012622008, 21.590738359227466], [85.39960012622008, 21.590648527699052], [85.39951029469167, 21.590648527699052], [85.39951029469167, 21.59046886464223], [85.39960012622008, 21.59046886464223], [85.39960012622008, 21.59055869617064], [85.39968995774849, 21.59055869617064], [85.39968995774849, 21.590289201585403], [85.39986962080532, 21.590289201585403], [85.39986962080532, 21.590199370056993], [85.39968995774849, 21.590199370056993], [85.39968995774849, 21.59010953852858], [85.3997797892769, 21.59010953852858], [85.3997797892769, 21.590019707000167], [85.39986962080532, 21.590019707000167], [85.39986962080532, 21.58966038088652], [85.3997797892769, 21.58966038088652], [85.3997797892769, 21.589570549358108], [85.39968995774849, 21.589570549358108], [85.39968995774849, 21.589390886301285], [85.39960012622008, 21.589390886301285], [85.39960012622008, 21.58921122324446]]]}, "id": "+164+315", "properties": {"area_ha": 0.7422090174201572, "centroid_lat": 21.590280217579483, "centroid_lon": 85.39995608318509, "cluster_id": 4, "n_pixels": 74, "perim_m": 773.8306547407753, "profile_annual_rainfall_p50": 1382.1430009415274, "profile_aspect_cos_p50": -0.7547095802227728, "profile_aspect_sin_p50": -0.29237170472273655, "profile_canopy_height_max_p50": 16, "profile_canopy_height_p50": 16, "profile_canopy_height_std_p50": 0.47865878082434865, "profile_distance_to_water_p50": 463409.50001051987, "profile_elevation_p50": 645.0000000000001, "profile_ndvi_amplitude_annual_p50": 0.21974508673567725, "profile_ndvi_mean_p50": 0.5762829482348351, "profile_ndvi_phase_annual_cos_p50": -0.9589817035719913, "profile_ndvi_phase_annual_sin_p50": -0.26933023801529, "profile_ndvi_residual_variance_p50": 0.0066510108857493495, "profile_ndvi_trend_p50": 0.008367576303882292, "profile_slope_p50": 10.000000000000002, "profile_vh_iqr_p50": 2.0312881285205338, "profile_vh_p10_p50": -16.688066525314273, "profile_vh_p50_p50": -15.535105046711498, "profile_vh_p90_p50": -14.345117032323246, "profile_vv_iqr_p50": 1.844514097339528, "profile_vv_minus_vh_median_p50": 6.716867667079219, "profile_vv_p10_p50": -9.935853228483905, "profile_vv_p50_p50": -8.904413001076481, "profile_vv_p90_p50": -7.780878145619661, "unit_id": 41}}, {"type": "Feature", "geometry": {"type": "Polygon", "coordinates": [[[85.3923237724187, 21.586516277392104], [85.39241360394712, 21.586516277392104], [85.39241360394712, 21.58678577197734], [85.39250343547553, 21.58678577197734], [85.39250343547553, 21.58687560350575], [85.39259326700395, 21.58687560350575], [85.39259326700395, 21.587145098090986], [85.3923237724187, 21.587145098090986], [85.3923237724187, 21.5872349296194], [85.39241360394712, 21.5872349296194], [85.39241360394712, 21.58732476114781], [85.3921441093619, 21.58732476114781], [85.3921441093619, 21.58741459267622], [85.3922339408903, 21.58741459267622], [85.3922339408903, 21.587504424204635], [85.3923237724187, 21.587504424204635], [85.3923237724187, 21.587594255733045], [85.39196444630507, 21.587594255733045], [85.39196444630507, 21.58777391878987], [85.39160512019141, 21.58777391878987], [85.39160512019141, 21.587953581846694], [85.391515288663, 21.587953581846694], [85.391515288663, 21.58786375031828], [85.39142545713459, 21.58786375031828], [85.39142545713459, 21.588043413375104], [85.39178478324824, 21.588043413375104], [85.39178478324824, 21.588133244903517], [85.39205427783348, 21.588133244903517], [85.39205427783348, 21.588043413375104], [85.3921441093619, 21.588043413375104], [85.3921441093619, 21.58786375031828], [85.3922339408903, 21.58786375031828], [85.3922339408903, 21.58777391878987], [85.3923237724187, 21.58777391878987], [85.3923237724187, 21.58786375031828], [85.3922339408903, 21.58786375031828], [85.3922339408903, 21.587953581846694], [85.39241360394712, 21.587953581846694], [85.39241360394712, 21.58777391878987], [85.39268309853236, 21.58777391878987], [85.39268309853236, 21.58786375031828], [85.39250343547553, 21.58786375031828], [85.39250343547553, 21.587953581846694], [85.39268309853236, 21.587953581846694], [85.39268309853236, 21.588043413375104], [85.39250343547553, 21.588043413375104], [85.39250343547553, 21.588133244903517], [85.39259326700395, 21.588133244903517], [85.39259326700395, 21.588402739488753], [85.39277293006077, 21.588402739488753], [85.39277293006077, 21.58831290796034], [85.3929525931176, 21.58831290796034], [85.3929525931176, 21.58822307643193], [85.39304242464601, 21.58822307643193], [85.39304242464601, 21.58831290796034], [85.39313225617443, 21.58831290796034], [85.39313225617443, 21.588492571017166], [85.39322208770284, 21.588492571017166], [85.39322208770284, 21.588582402545576], [85.39331191923124, 21.588582402545576], [85.39331191923124, 21.588492571017166], [85.39340175075965, 21.588492571017166], [85.39340175075965, 21.588582402545576], [85.39331191923124, 21.588582402545576], [85.39331191923124, 21.58867223407399], [85.39322208770284, 21.58867223407399], [85.39322208770284, 21.588762065602403], [85.39313225617443, 21.588762065602403], [85.39313225617443, 21.588941728659226], [85.39340175075965, 21.588941728659226], [85.39340175075965, 21.588762065602403], [85.39358141381648, 21.588762065602403], [85.39358141381648, 21.58867223407399], [85.3937610768733, 21.58867223407399], [85.3937610768733, 21.588582402545576], [85.39394073993013, 21.588582402545576], [85.39394073993013, 21.588762065602403], [85.39367124534489, 21.588762065602403], [85.39367124534489, 21.588851897130812], [85.39358141381648, 21.588851897130812], [85.39358141381648, 21.589031560187635], [85.39349158228806, 21.589031560187635], [85.39349158228806, 21.58921122324446], [85.39340175075965, 21.58921122324446], [85.39340175075965, 21.589480717829698], [85.39349158228806, 21.589480717829698], [85.39349158228806, 21.589570549358108], [85.39367124534489, 21.589570549358108], [85.39367124534489, 21.589480717829698], [85.3937610768733, 21.589480717829698], [85.3937610768733, 21.589570549358108], [85.39385090840172, 21.589570549358108], [85.39385090840172, 21.58966038088652], [85.39403057145854, 21.58966038088652], [85.39403057145854, 21.589570549358108], [85.39412040298696, 21.589570549358108], [85.39412040298696, 21.589480717829698], [85.39421023451537, 21.589480717829698], [85.39421023451537, 21.589390886301285], [85.39430006604377, 21.589390886301285], [85.39430006604377, 21.58921122324446], [85.39438989757218, 21.58921122324446], [85.39438989757218, 21.58930105477287], [85.3944797291006, 21.58930105477287], [85.3944797291006, 21.58966038088652], [85.39438989757218, 21.58966038088652], [85.39438989757218, 21.589840043943344], [85.39430006604377, 21.589840043943344], [85.39430006604377, 21.590019707000167], [85.39394073993013, 21.590019707000167], [85.39394073993013, 21.59010953852858], [85.3937610768733, 21.59010953852858], [85.3937610768733, 21.590289201585403], [85.39367124534489, 21.590289201585403], [85.39367124534489, 21.590379033113816], [85.39349158228806, 21.590379033113816], [85.39349158228806, 21.590289201585403], [85.39331191923124, 21.590289201585403], [85.39331191923124, 21.590199370056993], [85.39322208770284, 21.590199370056993], [85.39322208770284, 21.590289201585403], [85.39304242464601, 21.590289201585403], [85.39304242464601, 21.590379033113816], [85.3929525931176, 21.590379033113816], [85.3929525931176, 21.59046886464223], [85.39286276158919, 21.59046886464223], [85.39286276158919, 21.590648527699052], [85.39268309853236, 21.590648527699052], [85.39268309853236, 21.590738359227466], [85.3923237724187, 21.590738359227466], [85.3923237724187, 21.590828190755875], [85.39241360394712, 21.590828190755875], [85.39241360394712, 21.59091802228429], [85.3923237724187, 21.59091802228429], [85.3923237724187, 21.59109768534111], [85.3922339408903, 21.59109768534111], [85.3922339408903, 21.59091802228429], [85.3921441093619, 21.59091802228429], [85.3921441093619, 21.590738359227466], [85.39205427783348, 21.590738359227466], [85.39205427783348, 21.59055869617064], [85.39196444630507, 21.59055869617064], [85.39196444630507, 21.590379033113816], [85.39187461477665, 21.590379033113816], [85.39187461477665, 21.590199370056993], [85.39196444630507, 21.590199370056993], [85.39196444630507, 21.589840043943344], [85.39187461477665, 21.589840043943344], [85.39187461477665, 21.589929875471757], [85.39178478324824, 21.589929875471757], [85.39178478324824, 21.590019707000167], [85.39169495171983, 21.590019707000167], [85.39169495171983, 21.589840043943344], [85.39160512019141, 21.589840043943344], [85.39160512019141, 21.58966038088652], [85.391515288663, 21.58966038088652], [85.391515288663, 21.589480717829698], [85.39142545713459, 21.589480717829698], [85.39142545713459, 21.58930105477287], [85.39133562560617, 21.58930105477287], [85.39133562560617, 21.58912139171605], [85.39124579407778, 21.58912139171605], [85.39124579407778, 21.588941728659226], [85.39115596254936, 21.588941728659226], [85.39115596254936, 21.588762065602403], [85.39106613102095, 21.588762065602403], [85.39106613102095, 21.588582402545576], [85.39097629949254, 21.588582402545576], [85.39097629949254, 21.588402739488753], [85.39088646796412, 21.588402739488753], [85.39088646796412, 21.58822307643193], [85.39097629949254, 21.58822307643193], [85.39097629949254, 21.588043413375104], [85.3907068049073, 21.588043413375104], [85.3907068049073, 21.58786375031828], [85.39061697337888, 21.58786375031828], [85.39061697337888, 21.587684087261458], [85.39052714185047, 21.587684087261458], [85.39052714185047, 21.587504424204635], [85.39043731032206, 21.587504424204635], [85.39043731032206, 21.58732476114781], [85.39034747879364, 21.58732476114781], [85.39034747879364, 21.5872349296194], [85.39052714185047, 21.5872349296194], [85.39052714185047, 21.58732476114781], [85.39061697337888, 21.58732476114781], [85.39061697337888, 21.587145098090986], [85.39088646796412, 21.587145098090986], [85.39088646796412, 21.587055266562572], [85.39097629949254, 21.587055266562572], [85.39097629949254, 21.586965435034163], [85.39133562560617, 21.586965435034163], [85.39133562560617, 21.58687560350575], [85.39142545713459, 21.58687560350575], [85.39142545713459, 21.58678577197734], [85.39178478324824, 21.58678577197734], [85.39178478324824, 21.586606108920513], [85.39196444630507, 21.586606108920513], [85.39196444630507, 21.58678577197734], [85.39187461477665, 21.58678577197734], [85.39187461477665, 21.586965435034163], [85.3921441093619, 21.586965435034163], [85.3921441093619, 21.587055266562572], [85.3922339408903, 21.587055266562572], [85.3922339408903, 21.58678577197734], [85.3921441093619, 21.58678577197734], [85.3921441093619, 21.58687560350575], [85.39205427783348, 21.58687560350575], [85.39205427783348, 21.586606108920513], [85.3923237724187, 21.586606108920513], [85.3923237724187, 21.586516277392104]], [[85.3923237724187, 21.590828190755875], [85.3922339408903, 21.590828190755875], [85.3922339408903, 21.59091802228429], [85.3923237724187, 21.59091802228429], [85.3923237724187, 21.590828190755875]], [[85.3921441093619, 21.590019707000167], [85.39205427783348, 21.590019707000167], [85.39205427783348, 21.590199370056993], [85.3921441093619, 21.590199370056993], [85.3921441093619, 21.590019707000167]], [[85.39286276158919, 21.589570549358108], [85.39268309853236, 21.589570549358108], [85.39268309853236, 21.58966038088652], [85.39241360394712, 21.58966038088652], [85.39241360394712, 21.589750212414934], [85.3922339408903, 21.589750212414934], [85.3922339408903, 21.589840043943344], [85.3923237724187, 21.589840043943344], [85.3923237724187, 21.589929875471757], [85.3921441093619, 21.589929875471757], [85.3921441093619, 21.590019707000167], [85.39259326700395, 21.590019707000167], [85.39259326700395, 21.589840043943344], [85.39277293006077, 21.589840043943344], [85.39277293006077, 21.589750212414934], [85.3929525931176, 21.589750212414934], [85.3929525931176, 21.58966038088652], [85.39286276158919, 21.58966038088652], [85.39286276158919, 21.589570549358108]], [[85.39322208770284, 21.589570549358108], [85.39304242464601, 21.589570549358108], [85.39304242464601, 21.58966038088652], [85.39313225617443, 21.58966038088652], [85.39313225617443, 21.589750212414934], [85.39322208770284, 21.589750212414934], [85.39322208770284, 21.589570549358108]], [[85.39196444630507, 21.589390886301285], [85.39187461477665, 21.589390886301285], [85.39187461477665, 21.589480717829698], [85.39196444630507, 21.589480717829698], [85.39196444630507, 21.589390886301285]], [[85.39304242464601, 21.589390886301285], [85.3929525931176, 21.589390886301285], [85.3929525931176, 21.589480717829698], [85.39304242464601, 21.589480717829698], [85.39304242464601, 21.589390886301285]], [[85.39187461477665, 21.58930105477287], [85.39178478324824, 21.58930105477287], [85.39178478324824, 21.589390886301285], [85.39187461477665, 21.589390886301285], [85.39187461477665, 21.58930105477287]], [[85.39187461477665, 21.58912139171605], [85.39178478324824, 21.58912139171605], [85.39178478324824, 21.58921122324446], [85.39187461477665, 21.58921122324446], [85.39187461477665, 21.58912139171605]], [[85.39259326700395, 21.589031560187635], [85.39250343547553, 21.589031560187635], [85.39250343547553, 21.58912139171605], [85.39259326700395, 21.58912139171605], [85.39259326700395, 21.589031560187635]], [[85.39277293006077, 21.589031560187635], [85.39268309853236, 21.589031560187635], [85.39268309853236, 21.58912139171605], [85.39277293006077, 21.58912139171605], [85.39277293006077, 21.589031560187635]], [[85.39196444630507, 21.588851897130812], [85.39187461477665, 21.588851897130812], [85.39187461477665, 21.589031560187635], [85.39196444630507, 21.589031560187635], [85.39196444630507, 21.588851897130812]], [[85.39277293006077, 21.588851897130812], [85.39259326700395, 21.588851897130812], [85.39259326700395, 21.589031560187635], [85.39268309853236, 21.589031560187635], [85.39268309853236, 21.588941728659226], [85.39277293006077, 21.588941728659226], [85.39277293006077, 21.588851897130812]], [[85.3921441093619, 21.58867223407399], [85.39205427783348, 21.58867223407399], [85.39205427783348, 21.588762065602403], [85.3921441093619, 21.588762065602403], [85.3921441093619, 21.58867223407399]], [[85.3929525931176, 21.58867223407399], [85.39286276158919, 21.58867223407399], [85.39286276158919, 21.589031560187635], [85.3929525931176, 21.589031560187635], [85.3929525931176, 21.58867223407399]], [[85.39205427783348, 21.588582402545576], [85.39196444630507, 21.588582402545576], [85.39196444630507, 21.58867223407399], [85.39205427783348, 21.58867223407399], [85.39205427783348, 21.588582402545576]], [[85.39277293006077, 21.588582402545576], [85.39268309853236, 21.588582402545576], [85.39268309853236, 21.58867223407399], [85.39277293006077, 21.58867223407399], [85.39277293006077, 21.588582402545576]], [[85.39313225617443, 21.588582402545576], [85.39304242464601, 21.588582402545576], [85.39304242464601, 21.58867223407399], [85.39313225617443, 21.58867223407399], [85.39313225617443, 21.588582402545576]], [[85.39268309853236, 21.588492571017166], [85.39259326700395, 21.588492571017166], [85.39259326700395, 21.588582402545576], [85.39268309853236, 21.588582402545576], [85.39268309853236, 21.588492571017166]], [[85.3929525931176, 21.588402739488753], [85.39277293006077, 21.588402739488753], [85.39277293006077, 21.588582402545576], [85.39286276158919, 21.588582402545576], [85.39286276158919, 21.588492571017166], [85.3929525931176, 21.588492571017166], [85.3929525931176, 21.588402739488753]], [[85.39250343547553, 21.588133244903517], [85.39241360394712, 21.588133244903517], [85.39241360394712, 21.58822307643193], [85.39250343547553, 21.58822307643193], [85.39250343547553, 21.588133244903517]], [[85.39115596254936, 21.587953581846694], [85.39106613102095, 21.587953581846694], [85.39106613102095, 21.58822307643193], [85.39115596254936, 21.58822307643193], [85.39115596254936, 21.587953581846694]], [[85.39178478324824, 21.58687560350575], [85.39142545713459, 21.58687560350575], [85.39142545713459, 21.586965435034163], [85.39178478324824, 21.586965435034163], [85.39178478324824, 21.58687560350575]], [[85.39250343547553, 21.58687560350575], [85.39241360394712, 21.58687560350575], [85.39241360394712, 21.586965435034163], [85.39250343547553, 21.586965435034163], [85.39250343547553, 21.58687560350575]]]}, "id": "+83+345", "properties": {"area_ha": 7.90460709132984, "centroid_lat": 21.588789895034594, "centroid_lon": 85.39224679691755, "cluster_id": 3, "n_pixels": 790, "perim_m": 4599.933006862054, "profile_annual_rainfall_p50": 1382.1430009414753, "profile_aspect_cos_p50": 0.7547095802227726, "profile_aspect_sin_p50": 0.5068723628744278, "profile_canopy_height_max_p50": 16, "profile_canopy_height_p50": 15.000000000000002, "profile_canopy_height_std_p50": 0.479783893252404, "profile_distance_to_water_p50": 463409.50001051987, "profile_elevation_p50": 613, "profile_ndvi_amplitude_annual_p50": 0.21594181849089125, "profile_ndvi_mean_p50": 0.5607553809161441, "profile_ndvi_phase_annual_cos_p50": -0.9570353010203978, "profile_ndvi_phase_annual_sin_p50": -0.2702660748740832, "profile_ndvi_residual_variance_p50": 0.007142943686337334, "profile_ndvi_trend_p50": 0.009278162128748173, "profile_slope_p50": 9, "profile_vh_iqr_p50": 1.913070716527018, "profile_vh_p10_p50": -18.18736326050109, "profile_vh_p50_p50": -17.095798910231085, "profile_vh_p90_p50": -15.939832783124876, "profile_vv_iqr_p50": 1.7827568678918795, "profile_vv_minus_vh_median_p50": 6.470504915976252, "profile_vv_p10_p50": -11.809996062022115, "profile_vv_p50_p50": -10.652499535179865, "profile_vv_p90_p50": -9.591104676317315, "unit_id": 42}}, {"type": "Feature", "geometry": {"type": "Polygon", "coordinates": [[[85.39834248482231, 21.58831290796034], [85.39870181093596, 21.58831290796034], [85.39870181093596, 21.588402739488753], [85.39879164246437, 21.588402739488753], [85.39879164246437, 21.588492571017166], [85.39915096857803, 21.588492571017166], [85.39915096857803, 21.58867223407399], [85.39906113704961, 21.58867223407399], [85.39906113704961, 21.588762065602403], [85.39915096857803, 21.588762065602403], [85.39915096857803, 21.588941728659226], [85.39906113704961, 21.588941728659226], [85.39906113704961, 21.589031560187635], [85.39924080010643, 21.589031560187635], [85.39924080010643, 21.58921122324446], [85.39915096857803, 21.58921122324446], [85.39915096857803, 21.58912139171605], [85.39888147399279, 21.58912139171605], [85.39888147399279, 21.588941728659226], [85.39879164246437, 21.588941728659226], [85.39879164246437, 21.588851897130812], [85.3989713055212, 21.588851897130812], [85.3989713055212, 21.588762065602403], [85.39888147399279, 21.588762065602403], [85.39888147399279, 21.58867223407399], [85.39870181093596, 21.58867223407399], [85.39870181093596, 21.588582402545576], [85.39834248482231, 21.588582402545576], [85.39834248482231, 21.58831290796034]]]}, "id": "+153+325", "properties": {"area_ha": 0.35255315664362236, "centroid_lat": 21.588676962149368, "centroid_lon": 85.39883182911349, "cluster_id": 4, "n_pixels": 35, "perim_m": 459.4071305782226, "profile_annual_rainfall_p50": 1382.1430009415274, "profile_aspect_cos_p50": -0.7547095802227728, "profile_aspect_sin_p50": -0.29237170472273655, "profile_canopy_height_max_p50": 16, "profile_canopy_height_p50": 16, "profile_canopy_height_std_p50": 0.47865878082434865, "profile_distance_to_water_p50": 463409.50001051987, "profile_elevation_p50": 645.0000000000001, "profile_ndvi_amplitude_annual_p50": 0.21974508673567725, "profile_ndvi_mean_p50": 0.5762829482348351, "profile_ndvi_phase_annual_cos_p50": -0.9589817035719913, "profile_ndvi_phase_annual_sin_p50": -0.26933023801529, "profile_ndvi_residual_variance_p50": 0.0066510108857493495, "profile_ndvi_trend_p50": 0.008367576303882292, "profile_slope_p50": 10.000000000000002, "profile_vh_iqr_p50": 2.0312881285205338, "profile_vh_p10_p50": -16.688066525314273, "profile_vh_p50_p50": -15.535105046711498, "profile_vh_p90_p50": -14.345117032323246, "profile_vv_iqr_p50": 1.844514097339528, "profile_vv_minus_vh_median_p50": 6.716867667079219, "profile_vv_p10_p50": -9.935853228483905, "profile_vv_p50_p50": -8.904413001076481, "profile_vv_p90_p50": -7.780878145619661, "unit_id": 43}}, {"type": "Feature", "geometry": {"type": "Polygon", "coordinates": [[[85.39412040298696, 21.588492571017166], [85.39430006604377, 21.588492571017166], [85.39430006604377, 21.588582402545576], [85.39421023451537, 21.588582402545576], [85.39421023451537, 21.588762065602403], [85.39412040298696, 21.588762065602403], [85.39412040298696, 21.588492571017166]]]}, "id": "+104+323", "properties": {"area_ha": 0.037110876420754155, "centroid_lat": 21.58860486189455, "centroid_lon": 85.39418777723156, "cluster_id": 3, "n_pixels": 4, "perim_m": 96.8902406644385, "profile_annual_rainfall_p50": 1382.1430009414753, "profile_aspect_cos_p50": 0.7547095802227726, "profile_aspect_sin_p50": 0.5068723628744278, "profile_canopy_height_max_p50": 16, "profile_canopy_height_p50": 15.000000000000002, "profile_canopy_height_std_p50": 0.479783893252404, "profile_distance_to_water_p50": 463409.50001051987, "profile_elevation_p50": 613, "profile_ndvi_amplitude_annual_p50": 0.21594181849089125, "profile_ndvi_mean_p50": 0.5607553809161441, "profile_ndvi_phase_annual_cos_p50": -0.9570353010203978, "profile_ndvi_phase_annual_sin_p50": -0.2702660748740832, "profile_ndvi_residual_variance_p50": 0.007142943686337334, "profile_ndvi_trend_p50": 0.009278162128748173, "profile_slope_p50": 9, "profile_vh_iqr_p50": 1.913070716527018, "profile_vh_p10_p50": -18.18736326050109, "profile_vh_p50_p50": -17.095798910231085, "profile_vh_p90_p50": -15.939832783124876, "profile_vv_iqr_p50": 1.7827568678918795, "profile_vv_minus_vh_median_p50": 6.470504915976252, "profile_vv_p10_p50": -11.809996062022115, "profile_vv_p50_p50": -10.652499535179865, "profile_vv_p90_p50": -9.591104676317315, "unit_id": 44}}, {"type": "Feature", "geometry": {"type": "Polygon", "coordinates": [[[85.39358141381648, 21.585258635994336], [85.39394073993013, 21.585258635994336], [85.39394073993013, 21.585348467522746], [85.39403057145854, 21.585348467522746], [85.39403057145854, 21.585528130579572], [85.39412040298696, 21.585528130579572], [85.39412040298696, 21.585707793636395], [85.39421023451537, 21.585707793636395], [85.39421023451537, 21.58579762516481], [85.39430006604377, 21.58579762516481], [85.39430006604377, 21.585887456693218], [85.39421023451537, 21.585887456693218], [85.39421023451537, 21.58606711975004], [85.39412040298696, 21.58606711975004], [85.39412040298696, 21.586246782806867], [85.39421023451537, 21.586246782806867], [85.39421023451537, 21.586516277392104], [85.39430006604377, 21.586516277392104], [85.39430006604377, 21.586606108920513], [85.39438989757218, 21.586606108920513], [85.39438989757218, 21.586695940448926], [85.39430006604377, 21.586695940448926], [85.39430006604377, 21.58687560350575], [85.39438989757218, 21.58687560350575], [85.39438989757218, 21.587055266562572], [85.3944797291006, 21.587055266562572], [85.3944797291006, 21.5872349296194], [85.39465939215742, 21.5872349296194], [85.39465939215742, 21.587145098090986], [85.39474922368584, 21.587145098090986], [85.39474922368584, 21.586965435034163], [85.39465939215742, 21.586965435034163], [85.39465939215742, 21.586695940448926], [85.39474922368584, 21.586695940448926], [85.39474922368584, 21.586965435034163], [85.39492888674266, 21.586965435034163], [85.39492888674266, 21.587684087261458], [85.39483905521425, 21.587684087261458], [85.39483905521425, 21.58777391878987], [85.39492888674266, 21.58777391878987], [85.39492888674266, 21.588402739488753], [85.39510854979949, 21.588402739488753], [85.39510854979949, 21.58867223407399], [85.39501871827107, 21.58867223407399], [85.39501871827107, 21.588492571017166], [85.39492888674266, 21.588492571017166], [85.39492888674266, 21.588762065602403], [85.39465939215742, 21.588762065602403], [85.39465939215742, 21.588941728659226], [85.39430006604377, 21.588941728659226], [85.39430006604377, 21.589031560187635], [85.39421023451537, 21.589031560187635], [85.39421023451537, 21.58921122324446], [85.39430006604377, 21.58921122324446], [85.39430006604377, 21.589390886301285], [85.39421023451537, 21.589390886301285], [85.39421023451537, 21.589480717829698], [85.39412040298696, 21.589480717829698], [85.39412040298696, 21.589570549358108], [85.39403057145854, 21.589570549358108], [85.39403057145854, 21.58966038088652], [85.39394073993013, 21.58966038088652], [85.39394073993013, 21.589480717829698], [85.39385090840172, 21.589480717829698], [85.39385090840172, 21.589570549358108], [85.3937610768733, 21.589570549358108], [85.3937610768733, 21.589480717829698], [85.39367124534489, 21.589480717829698], [85.39367124534489, 21.589570549358108], [85.39349158228806, 21.589570549358108], [85.39349158228806, 21.589480717829698], [85.39340175075965, 21.589480717829698], [85.39340175075965, 21.58921122324446], [85.39349158228806, 21.58921122324446], [85.39349158228806, 21.589031560187635], [85.39358141381648, 21.589031560187635], [85.39358141381648, 21.588851897130812], [85.39367124534489, 21.588851897130812], [85.39367124534489, 21.588762065602403], [85.39421023451537, 21.588762065602403], [85.39421023451537, 21.588582402545576], [85.39430006604377, 21.588582402545576], [85.39430006604377, 21.588492571017166], [85.39412040298696, 21.588492571017166], [85.39412040298696, 21.58822307643193], [85.39421023451537, 21.58822307643193], [85.39421023451537, 21.588133244903517], [85.39412040298696, 21.588133244903517], [85.39412040298696, 21.588043413375104], [85.39430006604377, 21.588043413375104], [85.39430006604377, 21.587953581846694], [85.39421023451537, 21.587953581846694], [85.39421023451537, 21.58786375031828], [85.39412040298696, 21.58786375031828], [85.39412040298696, 21.587684087261458], [85.39430006604377, 21.587684087261458], [85.39430006604377, 21.587145098090986], [85.39421023451537, 21.587145098090986], [85.39421023451537, 21.586965435034163], [85.39403057145854, 21.586965435034163], [85.39403057145854, 21.58687560350575], [85.39412040298696, 21.58687560350575], [85.39412040298696, 21.58678577197734], [85.39394073993013, 21.58678577197734], [85.39394073993013, 21.586606108920513], [85.39385090840172, 21.586606108920513], [85.39385090840172, 21.586516277392104], [85.39403057145854, 21.586516277392104], [85.39403057145854, 21.586336614335277], [85.39394073993013, 21.586336614335277], [85.39394073993013, 21.58606711975004], [85.39385090840172, 21.58606711975004], [85.39385090840172, 21.58579762516481], [85.3937610768733, 21.58579762516481], [85.3937610768733, 21.585707793636395], [85.39367124534489, 21.585707793636395], [85.39367124534489, 21.585528130579572], [85.39358141381648, 21.585528130579572], [85.39358141381648, 21.585258635994336]]]}, "id": "+100+359", "properties": {"area_ha": 2.87610885034411, "centroid_lat": 21.58780578523873, "centroid_lon": 85.39427514504627, "cluster_id": 4, "n_pixels": 288, "perim_m": 1936.5217455660688, "profile_annual_rainfall_p50": 1382.1430009415274, "profile_aspect_cos_p50": -0.7547095802227728, "profile_aspect_sin_p50": -0.29237170472273655, "profile_canopy_height_max_p50": 16, "profile_canopy_height_p50": 16, "profile_canopy_height_std_p50": 0.47865878082434865, "profile_distance_to_water_p50": 463409.50001051987, "profile_elevation_p50": 645.0000000000001, "profile_ndvi_amplitude_annual_p50": 0.21974508673567725, "profile_ndvi_mean_p50": 0.5762829482348351, "profile_ndvi_phase_annual_cos_p50": -0.9589817035719913, "profile_ndvi_phase_annual_sin_p50": -0.26933023801529, "profile_ndvi_residual_variance_p50": 0.0066510108857493495, "profile_ndvi_trend_p50": 0.008367576303882292, "profile_slope_p50": 10.000000000000002, "profile_vh_iqr_p50": 2.0312881285205338, "profile_vh_p10_p50": -16.688066525314273, "profile_vh_p50_p50": -15.535105046711498, "profile_vh_p90_p50": -14.345117032323246, "profile_vv_iqr_p50": 1.844514097339528, "profile_vv_minus_vh_median_p50": 6.716867667079219, "profile_vv_p10_p50": -9.935853228483905, "profile_vv_p50_p50": -8.904413001076481, "profile_vv_p90_p50": -7.780878145619661, "unit_id": 45}}, {"type": "Feature", "geometry": {"type": "Polygon", "coordinates": [[[85.3959170335552, 21.585707793636395], [85.39609669661202, 21.585707793636395], [85.39609669661202, 21.58579762516481], [85.3960068650836, 21.58579762516481], [85.3960068650836, 21.58606711975004], [85.39609669661202, 21.58606711975004], [85.39609669661202, 21.586156951278454], [85.39618652814043, 21.586156951278454], [85.39618652814043, 21.586246782806867], [85.39627635966883, 21.586246782806867], [85.39627635966883, 21.586156951278454], [85.39636619119725, 21.586156951278454], [85.39636619119725, 21.586336614335277], [85.39645602272566, 21.586336614335277], [85.39645602272566, 21.586156951278454], [85.39654585425407, 21.586156951278454], [85.39654585425407, 21.586516277392104], [85.39681534883931, 21.586516277392104], [85.39681534883931, 21.586606108920513], [85.39690518036772, 21.586606108920513], [85.39690518036772, 21.586695940448926], [85.39717467495296, 21.586695940448926], [85.39717467495296, 21.58678577197734], [85.39726450648136, 21.58678577197734], [85.39726450648136, 21.587055266562572], [85.39735433800978, 21.587055266562572], [85.39735433800978, 21.587145098090986], [85.3981628217655, 21.587145098090986], [85.3981628217655, 21.5872349296194], [85.39834248482231, 21.5872349296194], [85.39834248482231, 21.58732476114781], [85.3982526532939, 21.58732476114781], [85.3982526532939, 21.58741459267622], [85.39834248482231, 21.58741459267622], [85.39834248482231, 21.587504424204635], [85.3982526532939, 21.587504424204635], [85.3982526532939, 21.587594255733045], [85.3981628217655, 21.587594255733045], [85.3981628217655, 21.587684087261458], [85.39789332718026, 21.587684087261458], [85.39789332718026, 21.587594255733045], [85.39780349565184, 21.587594255733045], [85.39780349565184, 21.587504424204635], [85.39771366412343, 21.587504424204635], [85.39771366412343, 21.58741459267622], [85.3975340010666, 21.58741459267622], [85.3975340010666, 21.58732476114781], [85.39744416953819, 21.58732476114781], [85.39744416953819, 21.58741459267622], [85.39726450648136, 21.58741459267622], [85.39726450648136, 21.5872349296194], [85.39708484342455, 21.5872349296194], [85.39708484342455, 21.587145098090986], [85.39699501189614, 21.587145098090986], [85.39699501189614, 21.586965435034163], [85.39681534883931, 21.586965435034163], [85.39681534883931, 21.58678577197734], [85.39645602272566, 21.58678577197734], [85.39645602272566, 21.586606108920513], [85.39627635966883, 21.586606108920513], [85.39627635966883, 21.58642644586369], [85.39609669661202, 21.58642644586369], [85.39609669661202, 21.586246782806867], [85.3960068650836, 21.586246782806867], [85.3960068650836, 21.586156951278454], [85.3959170335552, 21.586156951278454], [85.3959170335552, 21.585707793636395]]]}, "id": "+124+354", "properties": {"area_ha": 1.002005088943066, "centroid_lat": 21.586923846556818, "centroid_lon": 85.39716718486696, "cluster_id": 4, "n_pixels": 100, "perim_m": 1056.7850251288573, "profile_annual_rainfall_p50": 1382.1430009415274, "profile_aspect_cos_p50": -0.7547095802227728, "profile_aspect_sin_p50": -0.29237170472273655, "profile_canopy_height_max_p50": 16, "profile_canopy_height_p50": 16, "profile_canopy_height_std_p50": 0.47865878082434865, "profile_distance_to_water_p50": 463409.50001051987, "profile_elevation_p50": 645.0000000000001, "profile_ndvi_amplitude_annual_p50": 0.21974508673567725, "profile_ndvi_mean_p50": 0.5762829482348351, "profile_ndvi_phase_annual_cos_p50": -0.9589817035719913, "profile_ndvi_phase_annual_sin_p50": -0.26933023801529, "profile_ndvi_residual_variance_p50": 0.0066510108857493495, "profile_ndvi_trend_p50": 0.008367576303882292, "profile_slope_p50": 10.000000000000002, "profile_vh_iqr_p50": 2.0312881285205338, "profile_vh_p10_p50": -16.688066525314273, "profile_vh_p50_p50": -15.535105046711498, "profile_vh_p90_p50": -14.345117032323246, "profile_vv_iqr_p50": 1.844514097339528, "profile_vv_minus_vh_median_p50": 6.716867667079219, "profile_vv_p10_p50": -9.935853228483905, "profile_vv_p50_p50": -8.904413001076481, "profile_vv_p90_p50": -7.780878145619661, "unit_id": 46}}, {"type": "Feature", "geometry": {"type": "Polygon", "coordinates": [[[85.39052714185047, 21.586516277392104], [85.3907068049073, 21.586516277392104], [85.3907068049073, 21.58678577197734], [85.39079663643571, 21.58678577197734], [85.39079663643571, 21.586606108920513], [85.39088646796412, 21.586606108920513], [85.39088646796412, 21.58687560350575], [85.39106613102095, 21.58687560350575], [85.39106613102095, 21.586965435034163], [85.39097629949254, 21.586965435034163], [85.39097629949254, 21.587055266562572], [85.39088646796412, 21.587055266562572], [85.39088646796412, 21.587145098090986], [85.39061697337888, 21.587145098090986], [85.39061697337888, 21.58732476114781], [85.39052714185047, 21.58732476114781], [85.39052714185047, 21.5872349296194], [85.39043731032206, 21.5872349296194], [85.39043731032206, 21.587145098090986], [85.39034747879364, 21.587145098090986], [85.39034747879364, 21.586965435034163], [85.39016781573683, 21.586965435034163], [85.39016781573683, 21.58687560350575], [85.39025764726524, 21.58687560350575], [85.39025764726524, 21.58678577197734], [85.39034747879364, 21.58678577197734], [85.39034747879364, 21.586516277392104], [85.39043731032206, 21.586516277392104], [85.39043731032206, 21.586606108920513], [85.39052714185047, 21.586606108920513], [85.39052714185047, 21.586516277392104]]]}, "id": "+64+345", "properties": {"area_ha": 0.42678016549647274, "centroid_lat": 21.58689122648106, "centroid_lon": 85.39060134995458, "cluster_id": 4, "n_pixels": 43, "perim_m": 424.77393282145266, "profile_annual_rainfall_p50": 1382.1430009415274, "profile_aspect_cos_p50": -0.7547095802227728, "profile_aspect_sin_p50": -0.29237170472273655, "profile_canopy_height_max_p50": 16, "profile_canopy_height_p50": 16, "profile_canopy_height_std_p50": 0.47865878082434865, "profile_distance_to_water_p50": 463409.50001051987, "profile_elevation_p50": 645.0000000000001, "profile_ndvi_amplitude_annual_p50": 0.21974508673567725, "profile_ndvi_mean_p50": 0.5762829482348351, "profile_ndvi_phase_annual_cos_p50": -0.9589817035719913, "profile_ndvi_phase_annual_sin_p50": -0.26933023801529, "profile_ndvi_residual_variance_p50": 0.0066510108857493495, "profile_ndvi_trend_p50": 0.008367576303882292, "profile_slope_p50": 10.000000000000002, "profile_vh_iqr_p50": 2.0312881285205338, "profile_vh_p10_p50": -16.688066525314273, "profile_vh_p50_p50": -15.535105046711498, "profile_vh_p90_p50": -14.345117032323246, "profile_vv_iqr_p50": 1.844514097339528, "profile_vv_minus_vh_median_p50": 6.716867667079219, "profile_vv_p10_p50": -9.935853228483905, "profile_vv_p50_p50": -8.904413001076481, "profile_vv_p90_p50": -7.780878145619661, "unit_id": 47}}, {"type": "Feature", "geometry": {"type": "Polygon", "coordinates": [[[85.39699501189614, 21.584090826124978], [85.39708484342455, 21.584090826124978], [85.39708484342455, 21.58418065765339], [85.39717467495296, 21.58418065765339], [85.39717467495296, 21.584360320710214], [85.39744416953819, 21.584360320710214], [85.39744416953819, 21.584450152238627], [85.3975340010666, 21.584450152238627], [85.3975340010666, 21.58453998376704], [85.39762383259502, 21.58453998376704], [85.39762383259502, 21.58462981529545], [85.3975340010666, 21.58462981529545], [85.3975340010666, 21.584719646823864], [85.39762383259502, 21.584719646823864], [85.39762383259502, 21.584809478352277], [85.39771366412343, 21.584809478352277], [85.39771366412343, 21.584899309880687], [85.39789332718026, 21.584899309880687], [85.39789332718026, 21.58507897293751], [85.3981628217655, 21.58507897293751], [85.3981628217655, 21.585258635994336], [85.3982526532939, 21.585258635994336], [85.3982526532939, 21.58543829905116], [85.39834248482231, 21.58543829905116], [85.39834248482231, 21.585707793636395], [85.39843231635072, 21.585707793636395], [85.39843231635072, 21.585887456693218], [85.39852214787913, 21.585887456693218], [85.39852214787913, 21.586156951278454], [85.39861197940755, 21.586156951278454], [85.39861197940755, 21.586336614335277], [85.39870181093596, 21.586336614335277], [85.39870181093596, 21.586606108920513], [85.39879164246437, 21.586606108920513], [85.39879164246437, 21.58678577197734], [85.39888147399279, 21.58678577197734], [85.39888147399279, 21.586965435034163], [85.3989713055212, 21.586965435034163], [85.3989713055212, 21.5872349296194], [85.39906113704961, 21.5872349296194], [85.39906113704961, 21.58741459267622], [85.39915096857803, 21.58741459267622], [85.39915096857803, 21.587684087261458], [85.39924080010643, 21.587684087261458], [85.39924080010643, 21.58786375031828], [85.39933063163484, 21.58786375031828], [85.39933063163484, 21.588133244903517], [85.39942046316325, 21.588133244903517], [85.39942046316325, 21.58831290796034], [85.39951029469167, 21.58831290796034], [85.39951029469167, 21.588492571017166], [85.39960012622008, 21.588492571017166], [85.39960012622008, 21.588762065602403], [85.39968995774849, 21.588762065602403], [85.39968995774849, 21.588941728659226], [85.3997797892769, 21.588941728659226], [85.3997797892769, 21.58921122324446], [85.39986962080532, 21.58921122324446], [85.39986962080532, 21.589390886301285], [85.39995945233373, 21.589390886301285], [85.39995945233373, 21.589480717829698], [85.3997797892769, 21.589480717829698], [85.3997797892769, 21.58930105477287], [85.39968995774849, 21.58930105477287], [85.39968995774849, 21.58921122324446], [85.39924080010643, 21.58921122324446], [85.39924080010643, 21.589031560187635], [85.39906113704961, 21.589031560187635], [85.39906113704961, 21.588941728659226], [85.39915096857803, 21.588941728659226], [85.39915096857803, 21.588762065602403], [85.39906113704961, 21.588762065602403], [85.39906113704961, 21.58867223407399], [85.39915096857803, 21.58867223407399], [85.39915096857803, 21.588492571017166], [85.39879164246437, 21.588492571017166], [85.39879164246437, 21.588402739488753], [85.39870181093596, 21.588402739488753], [85.39870181093596, 21.58831290796034], [85.3982526532939, 21.58831290796034], [85.3982526532939, 21.588133244903517], [85.3981628217655, 21.588133244903517], [85.3981628217655, 21.58786375031828], [85.39798315870867, 21.58786375031828], [85.39798315870867, 21.587684087261458], [85.3981628217655, 21.587684087261458], [85.3981628217655, 21.587594255733045], [85.3982526532939, 21.587594255733045], [85.3982526532939, 21.587504424204635], [85.39834248482231, 21.587504424204635], [85.39834248482231, 21.58741459267622], [85.3982526532939, 21.58741459267622], [85.3982526532939, 21.58732476114781], [85.39834248482231, 21.58732476114781], [85.39834248482231, 21.5872349296194], [85.3981628217655, 21.5872349296194], [85.3981628217655, 21.587145098090986], [85.39735433800978, 21.587145098090986], [85.39735433800978, 21.587055266562572], [85.39726450648136, 21.587055266562572], [85.39726450648136, 21.58678577197734], [85.39717467495296, 21.58678577197734], [85.39717467495296, 21.586695940448926], [85.39690518036772, 21.586695940448926], [85.39690518036772, 21.586606108920513], [85.39681534883931, 21.586606108920513], [85.39681534883931, 21.586516277392104], [85.39654585425407, 21.586516277392104], [85.39654585425407, 21.586156951278454], [85.39645602272566, 21.586156951278454], [85.39645602272566, 21.586336614335277], [85.39636619119725, 21.586336614335277], [85.39636619119725, 21.586156951278454], [85.39627635966883, 21.586156951278454], [85.39627635966883, 21.586246782806867], [85.39618652814043, 21.586246782806867], [85.39618652814043, 21.586156951278454], [85.39609669661202, 21.586156951278454], [85.39609669661202, 21.58606711975004], [85.3960068650836, 21.58606711975004], [85.3960068650836, 21.58579762516481], [85.39609669661202, 21.58579762516481], [85.39609669661202, 21.585617962107982], [85.39627635966883, 21.585617962107982], [85.39627635966883, 21.585348467522746], [85.39636619119725, 21.585348467522746], [85.39636619119725, 21.585258635994336], [85.3967255173109, 21.585258635994336], [85.3967255173109, 21.585168804465923], [85.39663568578248, 21.585168804465923], [85.39663568578248, 21.5849891414091], [85.3967255173109, 21.5849891414091], [85.3967255173109, 21.584809478352277], [85.39654585425407, 21.584809478352277], [85.39654585425407, 21.58453998376704], [85.39690518036772, 21.58453998376704], [85.39690518036772, 21.58418065765339], [85.39699501189614, 21.58418065765339], [85.39699501189614, 21.584090826124978]]]}, "id": "+135+372", "properties": {"area_ha": 7.654231896199704, "centroid_lat": 21.586471898624428, "centroid_lon": 85.39785504217137, "cluster_id": 0, "n_pixels": 765, "perim_m": 2276.577894630691, "profile_annual_rainfall_p50": 1389.0618859946728, "profile_aspect_cos_p50": 0.6018150231520486, "profile_aspect_sin_p50": -0.73135370161918, "profile_canopy_height_max_p50": 18.999999999999996, "profile_canopy_height_p50": 17.999999999999996, "profile_canopy_height_std_p50": 0.47896164760344956, "profile_distance_to_water_p50": 463409.50001051987, "profile_elevation_p50": 599, "profile_ndvi_amplitude_annual_p50": 0.1645757126173892, "profile_ndvi_mean_p50": 0.6933795973494945, "profile_ndvi_phase_annual_cos_p50": -0.9903360943202478, "profile_ndvi_phase_annual_sin_p50": -0.03529632286134516, "profile_ndvi_residual_variance_p50": 0.0076286319537535036, "profile_ndvi_trend_p50": -0.001469060378292216, "profile_slope_p50": 8.999999999999998, "profile_vh_iqr_p50": 1.785357141355483, "profile_vh_p10_p50": -15.442315949719163, "profile_vh_p50_p50": -14.436216371141972, "profile_vh_p90_p50": -13.31348556229533, "profile_vv_iqr_p50": 1.7795729887330036, "profile_vv_minus_vh_median_p50": 6.592325308990033, "profile_vv_p10_p50": -8.81773550051961, "profile_vv_p50_p50": -7.779687327061514, "profile_vv_p90_p50": -6.813910343653095, "unit_id": 48}}, {"type": "Feature", "geometry": {"type": "Polygon", "coordinates": [[[85.39465939215742, 21.586336614335277], [85.39474922368584, 21.586336614335277], [85.39474922368584, 21.586516277392104], [85.39465939215742, 21.586516277392104], [85.39465939215742, 21.586606108920513], [85.39456956062901, 21.586606108920513], [85.39456956062901, 21.58642644586369], [85.39465939215742, 21.58642644586369], [85.39465939215742, 21.586336614335277]]]}, "id": "+109+347", "properties": {"area_ha": 0.037111425688536606, "centroid_lat": 21.586471361213444, "centroid_lon": 85.39465939101886, "cluster_id": 4, "n_pixels": 4, "perim_m": 96.89076446540375, "profile_annual_rainfall_p50": 1382.1430009415274, "profile_aspect_cos_p50": -0.7547095802227728, "profile_aspect_sin_p50": -0.29237170472273655, "profile_canopy_height_max_p50": 16, "profile_canopy_height_p50": 16, "profile_canopy_height_std_p50": 0.47865878082434865, "profile_distance_to_water_p50": 463409.50001051987, "profile_elevation_p50": 645.0000000000001, "profile_ndvi_amplitude_annual_p50": 0.21974508673567725, "profile_ndvi_mean_p50": 0.5762829482348351, "profile_ndvi_phase_annual_cos_p50": -0.9589817035719913, "profile_ndvi_phase_annual_sin_p50": -0.26933023801529, "profile_ndvi_residual_variance_p50": 0.0066510108857493495, "profile_ndvi_trend_p50": 0.008367576303882292, "profile_slope_p50": 10.000000000000002, "profile_vh_iqr_p50": 2.0312881285205338, "profile_vh_p10_p50": -16.688066525314273, "profile_vh_p50_p50": -15.535105046711498, "profile_vh_p90_p50": -14.345117032323246, "profile_vv_iqr_p50": 1.844514097339528, "profile_vv_minus_vh_median_p50": 6.716867667079219, "profile_vv_p10_p50": -9.935853228483905, "profile_vv_p50_p50": -8.904413001076481, "profile_vv_p90_p50": -7.780878145619661, "unit_id": 49}}, {"type": "Feature", "geometry": {"type": "Polygon", "coordinates": [[[85.39106613102095, 21.585707793636395], [85.39124579407778, 21.585707793636395], [85.39124579407778, 21.58606711975004], [85.39142545713459, 21.58606711975004], [85.39142545713459, 21.586156951278454], [85.39124579407778, 21.586156951278454], [85.39124579407778, 21.586336614335277], [85.39115596254936, 21.586336614335277], [85.39115596254936, 21.586516277392104], [85.39124579407778, 21.586516277392104], [85.39124579407778, 21.58642644586369], [85.39133562560617, 21.58642644586369], [85.39133562560617, 21.586516277392104], [85.39124579407778, 21.586516277392104], [85.39124579407778, 21.586695940448926], [85.39106613102095, 21.586695940448926], [85.39106613102095, 21.586606108920513], [85.39097629949254, 21.586606108920513], [85.39097629949254, 21.586516277392104], [85.39106613102095, 21.586516277392104], [85.39106613102095, 21.586156951278454], [85.39097629949254, 21.586156951278454], [85.39097629949254, 21.58606711975004], [85.39088646796412, 21.58606711975004], [85.39088646796412, 21.585887456693218], [85.39097629949254, 21.585887456693218], [85.39097629949254, 21.58579762516481], [85.39106613102095, 21.58579762516481], [85.39106613102095, 21.585707793636395]]]}, "id": "+70+354", "properties": {"area_ha": 0.27833629697483586, "centroid_lat": 21.58615695134644, "centroid_lon": 85.3911320072228, "cluster_id": 3, "n_pixels": 28, "perim_m": 406.1690392437363, "profile_annual_rainfall_p50": 1382.1430009414753, "profile_aspect_cos_p50": 0.7547095802227726, "profile_aspect_sin_p50": 0.5068723628744278, "profile_canopy_height_max_p50": 16, "profile_canopy_height_p50": 15.000000000000002, "profile_canopy_height_std_p50": 0.479783893252404, "profile_distance_to_water_p50": 463409.50001051987, "profile_elevation_p50": 613, "profile_ndvi_amplitude_annual_p50": 0.21594181849089125, "profile_ndvi_mean_p50": 0.5607553809161441, "profile_ndvi_phase_annual_cos_p50": -0.9570353010203978, "profile_ndvi_phase_annual_sin_p50": -0.2702660748740832, "profile_ndvi_residual_variance_p50": 0.007142943686337334, "profile_ndvi_trend_p50": 0.009278162128748173, "profile_slope_p50": 9, "profile_vh_iqr_p50": 1.913070716527018, "profile_vh_p10_p50": -18.18736326050109, "profile_vh_p50_p50": -17.095798910231085, "profile_vh_p90_p50": -15.939832783124876, "profile_vv_iqr_p50": 1.7827568678918795, "profile_vv_minus_vh_median_p50": 6.470504915976252, "profile_vv_p10_p50": -11.809996062022115, "profile_vv_p50_p50": -10.652499535179865, "profile_vv_p90_p50": -9.591104676317315, "unit_id": 50}}, {"type": "Feature", "geometry": {"type": "Polygon", "coordinates": [[[85.39340175075965, 21.585348467522746], [85.39358141381648, 21.585348467522746], [85.39358141381648, 21.585528130579572], [85.39367124534489, 21.585528130579572], [85.39367124534489, 21.585707793636395], [85.3937610768733, 21.585707793636395], [85.3937610768733, 21.58579762516481], [85.39385090840172, 21.58579762516481], [85.39385090840172, 21.58606711975004], [85.39394073993013, 21.58606711975004], [85.39394073993013, 21.586336614335277], [85.39403057145854, 21.586336614335277], [85.39403057145854, 21.586516277392104], [85.39385090840172, 21.586516277392104], [85.39385090840172, 21.586606108920513], [85.3937610768733, 21.586606108920513], [85.3937610768733, 21.58606711975004], [85.39367124534489, 21.58606711975004], [85.39367124534489, 21.58597728822163], [85.3937610768733, 21.58597728822163], [85.3937610768733, 21.585887456693218], [85.39340175075965, 21.585887456693218], [85.39340175075965, 21.58579762516481], [85.39349158228806, 21.58579762516481], [85.39349158228806, 21.585617962107982], [85.39340175075965, 21.585617962107982], [85.39340175075965, 21.585528130579572], [85.39349158228806, 21.585528130579572], [85.39349158228806, 21.58543829905116], [85.39340175075965, 21.58543829905116], [85.39340175075965, 21.585348467522746]]]}, "id": "+96+358", "properties": {"area_ha": 0.2968924548364814, "centroid_lat": 21.58597167309122, "centroid_lon": 85.39371616012029, "cluster_id": 3, "n_pixels": 30, "perim_m": 464.561434996555, "profile_annual_rainfall_p50": 1382.1430009414753, "profile_aspect_cos_p50": 0.7547095802227726, "profile_aspect_sin_p50": 0.5068723628744278, "profile_canopy_height_max_p50": 16, "profile_canopy_height_p50": 15.000000000000002, "profile_canopy_height_std_p50": 0.479783893252404, "profile_distance_to_water_p50": 463409.50001051987, "profile_elevation_p50": 613, "profile_ndvi_amplitude_annual_p50": 0.21594181849089125, "profile_ndvi_mean_p50": 0.5607553809161441, "profile_ndvi_phase_annual_cos_p50": -0.9570353010203978, "profile_ndvi_phase_annual_sin_p50": -0.2702660748740832, "profile_ndvi_residual_variance_p50": 0.007142943686337334, "profile_ndvi_trend_p50": 0.009278162128748173, "profile_slope_p50": 9, "profile_vh_iqr_p50": 1.913070716527018, "profile_vh_p10_p50": -18.18736326050109, "profile_vh_p50_p50": -17.095798910231085, "profile_vh_p90_p50": -15.939832783124876, "profile_vv_iqr_p50": 1.7827568678918795, "profile_vv_minus_vh_median_p50": 6.470504915976252, "profile_vv_p10_p50": -11.809996062022115, "profile_vv_p50_p50": -10.652499535179865, "profile_vv_p90_p50": -9.591104676317315, "unit_id": 51}}, {"type": "Feature", "geometry": {"type": "Polygon", "coordinates": [[[85.39079663643571, 21.5849891414091], [85.39088646796412, 21.5849891414091], [85.39088646796412, 21.585168804465923], [85.39106613102095, 21.585168804465923], [85.39106613102095, 21.585348467522746], [85.39115596254936, 21.585348467522746], [85.39115596254936, 21.585528130579572], [85.39124579407778, 21.585528130579572], [85.39124579407778, 21.585617962107982], [85.39115596254936, 21.585617962107982], [85.39115596254936, 21.585528130579572], [85.39106613102095, 21.585528130579572], [85.39106613102095, 21.58579762516481], [85.39097629949254, 21.58579762516481], [85.39097629949254, 21.585887456693218], [85.39088646796412, 21.585887456693218], [85.39088646796412, 21.58606711975004], [85.39097629949254, 21.58606711975004], [85.39097629949254, 21.586156951278454], [85.39106613102095, 21.586156951278454], [85.39106613102095, 21.58642644586369], [85.39097629949254, 21.58642644586369], [85.39097629949254, 21.586246782806867], [85.39079663643571, 21.586246782806867], [85.39079663643571, 21.586336614335277], [85.3907068049073, 21.586336614335277], [85.3907068049073, 21.58642644586369], [85.39061697337888, 21.58642644586369], [85.39061697337888, 21.586336614335277], [85.3907068049073, 21.586336614335277], [85.3907068049073, 21.586246782806867], [85.39079663643571, 21.586246782806867], [85.39079663643571, 21.58597728822163], [85.3907068049073, 21.58597728822163], [85.3907068049073, 21.58579762516481], [85.39079663643571, 21.58579762516481], [85.39079663643571, 21.585617962107982], [85.3907068049073, 21.585617962107982], [85.3907068049073, 21.58543829905116], [85.39079663643571, 21.58543829905116], [85.39079663643571, 21.5849891414091]], [[85.39088646796412, 21.58543829905116], [85.39079663643571, 21.58543829905116], [85.39079663643571, 21.585528130579572], [85.39088646796412, 21.585528130579572], [85.39088646796412, 21.58543829905116]]]}, "id": "+66+362", "properties": {"area_ha": 0.38967207247370733, "centroid_lat": 21.585688543625267, "centroid_lon": 85.39091213492291, "cluster_id": 4, "n_pixels": 39, "perim_m": 621.1318066520602, "profile_annual_rainfall_p50": 1382.1430009415274, "profile_aspect_cos_p50": -0.7547095802227728, "profile_aspect_sin_p50": -0.29237170472273655, "profile_canopy_height_max_p50": 16, "profile_canopy_height_p50": 16, "profile_canopy_height_std_p50": 0.47865878082434865, "profile_distance_to_water_p50": 463409.50001051987, "profile_elevation_p50": 645.0000000000001, "profile_ndvi_amplitude_annual_p50": 0.21974508673567725, "profile_ndvi_mean_p50": 0.5762829482348351, "profile_ndvi_phase_annual_cos_p50": -0.9589817035719913, "profile_ndvi_phase_annual_sin_p50": -0.26933023801529, "profile_ndvi_residual_variance_p50": 0.0066510108857493495, "profile_ndvi_trend_p50": 0.008367576303882292, "profile_slope_p50": 10.000000000000002, "profile_vh_iqr_p50": 2.0312881285205338, "profile_vh_p10_p50": -16.688066525314273, "profile_vh_p50_p50": -15.535105046711498, "profile_vh_p90_p50": -14.345117032323246, "profile_vv_iqr_p50": 1.844514097339528, "profile_vv_minus_vh_median_p50": 6.716867667079219, "profile_vv_p10_p50": -9.935853228483905, "profile_vv_p50_p50": -8.904413001076481, "profile_vv_p90_p50": -7.780878145619661, "unit_id": 52}}, {"type": "Feature", "geometry": {"type": "Polygon", "coordinates": [[[85.39403057145854, 21.58507897293751], [85.39412040298696, 21.58507897293751], [85.39412040298696, 21.585168804465923], [85.39421023451537, 21.585168804465923], [85.39421023451537, 21.585348467522746], [85.39438989757218, 21.585348467522746], [85.39438989757218, 21.585528130579572], [85.39456956062901, 21.585528130579572], [85.39456956062901, 21.585707793636395], [85.39474922368584, 21.585707793636395], [85.39474922368584, 21.58579762516481], [85.39483905521425, 21.58579762516481], [85.39483905521425, 21.585707793636395], [85.39492888674266, 21.585707793636395], [85.39492888674266, 21.58579762516481], [85.39483905521425, 21.58579762516481], [85.39483905521425, 21.585887456693218], [85.39492888674266, 21.585887456693218], [85.39492888674266, 21.58597728822163], [85.39483905521425, 21.58597728822163], [85.39483905521425, 21.585887456693218], [85.39465939215742, 21.585887456693218], [85.39465939215742, 21.58579762516481], [85.3944797291006, 21.58579762516481], [85.3944797291006, 21.585707793636395], [85.39438989757218, 21.585707793636395], [85.39438989757218, 21.585528130579572], [85.39421023451537, 21.585528130579572], [85.39421023451537, 21.585348467522746], [85.39412040298696, 21.585348467522746], [85.39412040298696, 21.585258635994336], [85.39403057145854, 21.585258635994336], [85.39403057145854, 21.58507897293751]]]}, "id": "+102+361", "properties": {"area_ha": 0.1762803770265378, "centroid_lat": 21.585563590214484, "centroid_lon": 85.3944584525499, "cluster_id": 4, "n_pixels": 18, "perim_m": 423.4882553391129, "profile_annual_rainfall_p50": 1382.1430009415274, "profile_aspect_cos_p50": -0.7547095802227728, "profile_aspect_sin_p50": -0.29237170472273655, "profile_canopy_height_max_p50": 16, "profile_canopy_height_p50": 16, "profile_canopy_height_std_p50": 0.47865878082434865, "profile_distance_to_water_p50": 463409.50001051987, "profile_elevation_p50": 645.0000000000001, "profile_ndvi_amplitude_annual_p50": 0.21974508673567725, "profile_ndvi_mean_p50": 0.5762829482348351, "profile_ndvi_phase_annual_cos_p50": -0.9589817035719913, "profile_ndvi_phase_annual_sin_p50": -0.26933023801529, "profile_ndvi_residual_variance_p50": 0.0066510108857493495, "profile_ndvi_trend_p50": 0.008367576303882292, "profile_slope_p50": 10.000000000000002, "profile_vh_iqr_p50": 2.0312881285205338, "profile_vh_p10_p50": -16.688066525314273, "profile_vh_p50_p50": -15.535105046711498, "profile_vh_p90_p50": -14.345117032323246, "profile_vv_iqr_p50": 1.844514097339528, "profile_vv_minus_vh_median_p50": 6.716867667079219, "profile_vv_p10_p50": -9.935853228483905, "profile_vv_p50_p50": -8.904413001076481, "profile_vv_p90_p50": -7.780878145619661, "unit_id": 53}}, {"type": "Feature", "geometry": {"type": "Polygon", "coordinates": [[[85.39313225617443, 21.58319251084086], [85.39322208770284, 21.58319251084086], [85.39322208770284, 21.583372173897683], [85.39349158228806, 21.583372173897683], [85.39349158228806, 21.58355183695451], [85.39340175075965, 21.58355183695451], [85.39340175075965, 21.583731500011332], [85.39349158228806, 21.583731500011332], [85.39349158228806, 21.583821331539745], [85.39358141381648, 21.583821331539745], [85.39358141381648, 21.583911163068155], [85.39367124534489, 21.583911163068155], [85.39367124534489, 21.584090826124978], [85.3937610768733, 21.584090826124978], [85.3937610768733, 21.584270489181804], [85.39385090840172, 21.584270489181804], [85.39385090840172, 21.584360320710214], [85.3937610768733, 21.584360320710214], [85.3937610768733, 21.584450152238627], [85.39385090840172, 21.584450152238627], [85.39385090840172, 21.58453998376704], [85.3937610768733, 21.58453998376704], [85.3937610768733, 21.58462981529545], [85.39385090840172, 21.58462981529545], [85.39385090840172, 21.584809478352277], [85.39394073993013, 21.584809478352277], [85.39394073993013, 21.58507897293751], [85.39403057145854, 21.58507897293751], [85.39403057145854, 21.585258635994336], [85.39412040298696, 21.585258635994336], [85.39412040298696, 21.585348467522746], [85.39421023451537, 21.585348467522746], [85.39421023451537, 21.585528130579572], [85.39438989757218, 21.585528130579572], [85.39438989757218, 21.585707793636395], [85.3944797291006, 21.585707793636395], [85.3944797291006, 21.58579762516481], [85.39465939215742, 21.58579762516481], [85.39465939215742, 21.585887456693218], [85.39483905521425, 21.585887456693218], [85.39483905521425, 21.58597728822163], [85.39492888674266, 21.58597728822163], [85.39492888674266, 21.586156951278454], [85.39474922368584, 21.586156951278454], [85.39474922368584, 21.586336614335277], [85.39465939215742, 21.586336614335277], [85.39465939215742, 21.58642644586369], [85.39456956062901, 21.58642644586369], [85.39456956062901, 21.586606108920513], [85.39465939215742, 21.586606108920513], [85.39465939215742, 21.586965435034163], [85.39474922368584, 21.586965435034163], [85.39474922368584, 21.587145098090986], [85.39465939215742, 21.587145098090986], [85.39465939215742, 21.5872349296194], [85.3944797291006, 21.5872349296194], [85.3944797291006, 21.587055266562572], [85.39438989757218, 21.587055266562572], [85.39438989757218, 21.58687560350575], [85.39430006604377, 21.58687560350575], [85.39430006604377, 21.586695940448926], [85.39438989757218, 21.586695940448926], [85.39438989757218, 21.586606108920513], [85.39430006604377, 21.586606108920513], [85.39430006604377, 21.586516277392104], [85.39421023451537, 21.586516277392104], [85.39421023451537, 21.586246782806867], [85.39412040298696, 21.586246782806867], [85.39412040298696, 21.58606711975004], [85.39421023451537, 21.58606711975004], [85.39421023451537, 21.585887456693218], [85.39430006604377, 21.585887456693218], [85.39430006604377, 21.58579762516481], [85.39421023451537, 21.58579762516481], [85.39421023451537, 21.585707793636395], [85.39412040298696, 21.585707793636395], [85.39412040298696, 21.585528130579572], [85.39403057145854, 21.585528130579572], [85.39403057145854, 21.585348467522746], [85.39394073993013, 21.585348467522746], [85.39394073993013, 21.585258635994336], [85.39367124534489, 21.585258635994336], [85.39367124534489, 21.584899309880687], [85.39358141381648, 21.584899309880687], [85.39358141381648, 21.584719646823864], [85.39367124534489, 21.584719646823864], [85.39367124534489, 21.58453998376704], [85.39358141381648, 21.58453998376704], [85.39358141381648, 21.584450152238627], [85.39340175075965, 21.584450152238627], [85.39340175075965, 21.584270489181804], [85.39331191923124, 21.584270489181804], [85.39331191923124, 21.58400099459657], [85.39322208770284, 21.58400099459657], [85.39322208770284, 21.583911163068155], [85.39313225617443, 21.583911163068155], [85.39313225617443, 21.58319251084086]]]}, "id": "+92+382", "properties": {"area_ha": 1.586526126585991, "centroid_lat": 21.58531405047729, "centroid_lon": 85.39402872539654, "cluster_id": 0, "n_pixels": 159, "perim_m": 1434.759995351465, "profile_annual_rainfall_p50": 1389.0618859946728, "profile_aspect_cos_p50": 0.6018150231520486, "profile_aspect_sin_p50": -0.73135370161918, "profile_canopy_height_max_p50": 18.999999999999996, "profile_canopy_height_p50": 17.999999999999996, "profile_canopy_height_std_p50": 0.47896164760344956, "profile_distance_to_water_p50": 463409.50001051987, "profile_elevation_p50": 599, "profile_ndvi_amplitude_annual_p50": 0.1645757126173892, "profile_ndvi_mean_p50": 0.6933795973494945, "profile_ndvi_phase_annual_cos_p50": -0.9903360943202478, "profile_ndvi_phase_annual_sin_p50": -0.03529632286134516, "profile_ndvi_residual_variance_p50": 0.0076286319537535036, "profile_ndvi_trend_p50": -0.001469060378292216, "profile_slope_p50": 8.999999999999998, "profile_vh_iqr_p50": 1.785357141355483, "profile_vh_p10_p50": -15.442315949719163, "profile_vh_p50_p50": -14.436216371141972, "profile_vh_p90_p50": -13.31348556229533, "profile_vv_iqr_p50": 1.7795729887330036, "profile_vv_minus_vh_median_p50": 6.592325308990033, "profile_vv_p10_p50": -8.81773550051961, "profile_vv_p50_p50": -7.779687327061514, "profile_vv_p90_p50": -6.813910343653095, "unit_id": 54}}, {"type": "Feature", "geometry": {"type": "Polygon", "coordinates": [[[85.39358141381648, 21.5849891414091], [85.39367124534489, 21.5849891414091], [85.39367124534489, 21.585258635994336], [85.39349158228806, 21.585258635994336], [85.39349158228806, 21.585168804465923], [85.39358141381648, 21.585168804465923], [85.39358141381648, 21.5849891414091]]]}, "id": "+97+362", "properties": {"area_ha": 0.03711176773096988, "centroid_lat": 21.58514634351121, "centroid_lon": 85.39360386872832, "cluster_id": 3, "n_pixels": 4, "perim_m": 96.89108751391095, "profile_annual_rainfall_p50": 1382.1430009414753, "profile_aspect_cos_p50": 0.7547095802227726, "profile_aspect_sin_p50": 0.5068723628744278, "profile_canopy_height_max_p50": 16, "profile_canopy_height_p50": 15.000000000000002, "profile_canopy_height_std_p50": 0.479783893252404, "profile_distance_to_water_p50": 463409.50001051987, "profile_elevation_p50": 613, "profile_ndvi_amplitude_annual_p50": 0.21594181849089125, "profile_ndvi_mean_p50": 0.5607553809161441, "profile_ndvi_phase_annual_cos_p50": -0.9570353010203978, "profile_ndvi_phase_annual_sin_p50": -0.2702660748740832, "profile_ndvi_residual_variance_p50": 0.007142943686337334, "profile_ndvi_trend_p50": 0.009278162128748173, "profile_slope_p50": 9, "profile_vh_iqr_p50": 1.913070716527018, "profile_vh_p10_p50": -18.18736326050109, "profile_vh_p50_p50": -17.095798910231085, "profile_vh_p90_p50": -15.939832783124876, "profile_vv_iqr_p50": 1.7827568678918795, "profile_vv_minus_vh_median_p50": 6.470504915976252, "profile_vv_p10_p50": -11.809996062022115, "profile_vv_p50_p50": -10.652499535179865, "profile_vv_p90_p50": -9.591104676317315, "unit_id": 55}}, {"type": "Feature", "geometry": {"type": "Polygon", "coordinates": [[[85.38944916350952, 21.58364166848292], [85.38953899503794, 21.58364166848292], [85.38953899503794, 21.583731500011332], [85.38962882656635, 21.583731500011332], [85.38962882656635, 21.583911163068155], [85.38989832115159, 21.583911163068155], [85.38989832115159, 21.584090826124978], [85.39016781573683, 21.584090826124978], [85.39016781573683, 21.58418065765339], [85.39043731032206, 21.58418065765339], [85.39043731032206, 21.584090826124978], [85.39061697337888, 21.584090826124978], [85.39061697337888, 21.58418065765339], [85.3907068049073, 21.58418065765339], [85.3907068049073, 21.584270489181804], [85.39079663643571, 21.584270489181804], [85.39079663643571, 21.584809478352277], [85.39088646796412, 21.584809478352277], [85.39088646796412, 21.5849891414091], [85.39079663643571, 21.5849891414091], [85.39079663643571, 21.58543829905116], [85.39088646796412, 21.58543829905116], [85.39088646796412, 21.585528130579572], [85.39079663643571, 21.585528130579572], [85.39079663643571, 21.58543829905116], [85.3907068049073, 21.58543829905116], [85.3907068049073, 21.585617962107982], [85.39079663643571, 21.585617962107982], [85.39079663643571, 21.58579762516481], [85.3907068049073, 21.58579762516481], [85.3907068049073, 21.58597728822163], [85.39079663643571, 21.58597728822163], [85.39079663643571, 21.58606711975004], [85.3907068049073, 21.58606711975004], [85.3907068049073, 21.586336614335277], [85.39061697337888, 21.586336614335277], [85.39061697337888, 21.58642644586369], [85.39052714185047, 21.58642644586369], [85.39052714185047, 21.586516277392104], [85.39034747879364, 21.586516277392104], [85.39034747879364, 21.58678577197734], [85.39025764726524, 21.58678577197734], [85.39025764726524, 21.58687560350575], [85.39016781573683, 21.58687560350575], [85.39016781573683, 21.58678577197734], [85.39007798420842, 21.58678577197734], [85.39007798420842, 21.586606108920513], [85.38998815268, 21.586606108920513], [85.38998815268, 21.58642644586369], [85.38989832115159, 21.58642644586369], [85.38989832115159, 21.586246782806867], [85.38980848962318, 21.586246782806867], [85.38980848962318, 21.58606711975004], [85.38971865809476, 21.58606711975004], [85.38971865809476, 21.585887456693218], [85.38962882656635, 21.585887456693218], [85.38962882656635, 21.585707793636395], [85.38953899503794, 21.585707793636395], [85.38953899503794, 21.585528130579572], [85.38944916350952, 21.585528130579572], [85.38944916350952, 21.585348467522746], [85.38935933198111, 21.585348467522746], [85.38935933198111, 21.585168804465923], [85.38926950045271, 21.585168804465923], [85.38926950045271, 21.58507897293751], [85.38935933198111, 21.58507897293751], [85.38935933198111, 21.585168804465923], [85.38944916350952, 21.585168804465923], [85.38944916350952, 21.58507897293751], [85.38953899503794, 21.58507897293751], [85.38953899503794, 21.584899309880687], [85.38962882656635, 21.584899309880687], [85.38962882656635, 21.584809478352277], [85.38944916350952, 21.584809478352277], [85.38944916350952, 21.58462981529545], [85.38926950045271, 21.58462981529545], [85.38926950045271, 21.584450152238627], [85.38908983739589, 21.584450152238627], [85.38908983739589, 21.584360320710214], [85.38891017433906, 21.584360320710214], [85.38891017433906, 21.584270489181804], [85.38882034281065, 21.584270489181804], [85.38882034281065, 21.584090826124978], [85.38873051128223, 21.584090826124978], [85.38873051128223, 21.583911163068155], [85.38864067975382, 21.583911163068155], [85.38864067975382, 21.583821331539745], [85.38873051128223, 21.583821331539745], [85.38873051128223, 21.583911163068155], [85.38882034281065, 21.583911163068155], [85.38882034281065, 21.583821331539745], [85.38908983739589, 21.583821331539745], [85.38908983739589, 21.583731500011332], [85.38944916350952, 21.583731500011332], [85.38944916350952, 21.58364166848292]], [[85.39016781573683, 21.586156951278454], [85.39007798420842, 21.586156951278454], [85.39007798420842, 21.586246782806867], [85.39016781573683, 21.586246782806867], [85.39016781573683, 21.586156951278454]]]}, "id": "+51+377", "properties": {"area_ha": 4.026628928367503, "centroid_lat": 21.585058064148097, "centroid_lon": 85.39000677897786, "cluster_id": 0, "n_pixels": 403, "perim_m": 1429.612522935494, "profile_annual_rainfall_p50": 1389.0618859946728, "profile_aspect_cos_p50": 0.6018150231520486, "profile_aspect_sin_p50": -0.73135370161918, "profile_canopy_height_max_p50": 18.999999999999996, "profile_canopy_height_p50": 17.999999999999996, "profile_canopy_height_std_p50": 0.47896164760344956, "profile_distance_to_water_p50": 463409.50001051987, "profile_elevation_p50": 599, "profile_ndvi_amplitude_annual_p50": 0.1645757126173892, "profile_ndvi_mean_p50": 0.6933795973494945, "profile_ndvi_phase_annual_cos_p50": -0.9903360943202478, "profile_ndvi_phase_annual_sin_p50": -0.03529632286134516, "profile_ndvi_residual_variance_p50": 0.0076286319537535036, "profile_ndvi_trend_p50": -0.001469060378292216, "profile_slope_p50": 8.999999999999998, "profile_vh_iqr_p50": 1.785357141355483, "profile_vh_p10_p50": -15.442315949719163, "profile_vh_p50_p50": -14.436216371141972, "profile_vh_p90_p50": -13.31348556229533, "profile_vv_iqr_p50": 1.7795729887330036, "profile_vv_minus_vh_median_p50": 6.592325308990033, "profile_vv_p10_p50": -8.81773550051961, "profile_vv_p50_p50": -7.779687327061514, "profile_vv_p90_p50": -6.813910343653095, "unit_id": 56}}, {"type": "Feature", "geometry": {"type": "Polygon", "coordinates": [[[85.39385090840172, 21.584270489181804], [85.39394073993013, 21.584270489181804], [85.39394073993013, 21.584809478352277], [85.39385090840172, 21.584809478352277], [85.39385090840172, 21.584270489181804]]]}, "id": "+100+370", "properties": {"area_ha": 0.05566788093861129, "centroid_lat": 21.58453998402786, "centroid_lon": 85.39389582629994, "cluster_id": 4, "n_pixels": 6, "perim_m": 137.96462566771353, "profile_annual_rainfall_p50": 1382.1430009415274, "profile_aspect_cos_p50": -0.7547095802227728, "profile_aspect_sin_p50": -0.29237170472273655, "profile_canopy_height_max_p50": 16, "profile_canopy_height_p50": 16, "profile_canopy_height_std_p50": 0.47865878082434865, "profile_distance_to_water_p50": 463409.50001051987, "profile_elevation_p50": 645.0000000000001, "profile_ndvi_amplitude_annual_p50": 0.21974508673567725, "profile_ndvi_mean_p50": 0.5762829482348351, "profile_ndvi_phase_annual_cos_p50": -0.9589817035719913, "profile_ndvi_phase_annual_sin_p50": -0.26933023801529, "profile_ndvi_residual_variance_p50": 0.0066510108857493495, "profile_ndvi_trend_p50": 0.008367576303882292, "profile_slope_p50": 10.000000000000002, "profile_vh_iqr_p50": 2.0312881285205338, "profile_vh_p10_p50": -16.688066525314273, "profile_vh_p50_p50": -15.535105046711498, "profile_vh_p90_p50": -14.345117032323246, "profile_vv_iqr_p50": 1.844514097339528, "profile_vv_minus_vh_median_p50": 6.716867667079219, "profile_vv_p10_p50": -9.935853228483905, "profile_vv_p50_p50": -8.904413001076481, "profile_vv_p90_p50": -7.780878145619661, "unit_id": 57}}, {"type": "Feature", "geometry": {"type": "Polygon", "coordinates": [[[85.3922339408903, 21.583372173897683], [85.3923237724187, 21.583372173897683], [85.3923237724187, 21.583731500011332], [85.39250343547553, 21.583731500011332], [85.39250343547553, 21.583821331539745], [85.39241360394712, 21.583821331539745], [85.39241360394712, 21.584090826124978], [85.39259326700395, 21.584090826124978], [85.39259326700395, 21.58418065765339], [85.39241360394712, 21.58418065765339], [85.39241360394712, 21.584270489181804], [85.39277293006077, 21.584270489181804], [85.39277293006077, 21.584450152238627], [85.39304242464601, 21.584450152238627], [85.39304242464601, 21.58453998376704], [85.3929525931176, 21.58453998376704], [85.3929525931176, 21.58462981529545], [85.39304242464601, 21.58462981529545], [85.39304242464601, 21.5849891414091], [85.39268309853236, 21.5849891414091], [85.39268309853236, 21.58507897293751], [85.39259326700395, 21.58507897293751], [85.39259326700395, 21.5849891414091], [85.39241360394712, 21.5849891414091], [85.39241360394712, 21.584719646823864], [85.39250343547553, 21.584719646823864], [85.39250343547553, 21.58462981529545], [85.39241360394712, 21.58462981529545], [85.39241360394712, 21.584270489181804], [85.3922339408903, 21.584270489181804], [85.3922339408903, 21.58418065765339], [85.3921441093619, 21.58418065765339], [85.3921441093619, 21.584090826124978], [85.39205427783348, 21.584090826124978], [85.39205427783348, 21.583911163068155], [85.39196444630507, 21.583911163068155], [85.39196444630507, 21.58400099459657], [85.39187461477665, 21.58400099459657], [85.39187461477665, 21.583821331539745], [85.39196444630507, 21.583821331539745], [85.39196444630507, 21.58364166848292], [85.39205427783348, 21.58364166848292], [85.39205427783348, 21.58355183695451], [85.3921441093619, 21.58355183695451], [85.3921441093619, 21.58364166848292], [85.3922339408903, 21.58364166848292], [85.3922339408903, 21.583372173897683]], [[85.39259326700395, 21.584809478352277], [85.39250343547553, 21.584809478352277], [85.39250343547553, 21.584899309880687], [85.39259326700395, 21.584899309880687], [85.39259326700395, 21.584809478352277]]]}, "id": "+82+380", "properties": {"area_ha": 0.7793514478546988, "centroid_lat": 21.584331445321276, "centroid_lon": 85.3925002258454, "cluster_id": 3, "n_pixels": 78, "perim_m": 791.1621004066648, "profile_annual_rainfall_p50": 1382.1430009414753, "profile_aspect_cos_p50": 0.7547095802227726, "profile_aspect_sin_p50": 0.5068723628744278, "profile_canopy_height_max_p50": 16, "profile_canopy_height_p50": 15.000000000000002, "profile_canopy_height_std_p50": 0.479783893252404, "profile_distance_to_water_p50": 463409.50001051987, "profile_elevation_p50": 613, "profile_ndvi_amplitude_annual_p50": 0.21594181849089125, "profile_ndvi_mean_p50": 0.5607553809161441, "profile_ndvi_phase_annual_cos_p50": -0.9570353010203978, "profile_ndvi_phase_annual_sin_p50": -0.2702660748740832, "profile_ndvi_residual_variance_p50": 0.007142943686337334, "profile_ndvi_trend_p50": 0.009278162128748173, "profile_slope_p50": 9, "profile_vh_iqr_p50": 1.913070716527018, "profile_vh_p10_p50": -18.18736326050109, "profile_vh_p50_p50": -17.095798910231085, "profile_vh_p90_p50": -15.939832783124876, "profile_vv_iqr_p50": 1.7827568678918795, "profile_vv_minus_vh_median_p50": 6.470504915976252, "profile_vv_p10_p50": -11.809996062022115, "profile_vv_p50_p50": -10.652499535179865, "profile_vv_p90_p50": -9.591104676317315, "unit_id": 58}}, {"type": "Feature", "geometry": {"type": "Polygon", "coordinates": [[[85.39088646796412, 21.583911163068155], [85.39097629949254, 21.583911163068155], [85.39097629949254, 21.58400099459657], [85.39088646796412, 21.58400099459657], [85.39088646796412, 21.58418065765339], [85.39079663643571, 21.58418065765339], [85.39079663643571, 21.584270489181804], [85.39088646796412, 21.584270489181804], [85.39088646796412, 21.584809478352277], [85.39079663643571, 21.584809478352277], [85.39079663643571, 21.584270489181804], [85.3907068049073, 21.584270489181804], [85.3907068049073, 21.58418065765339], [85.39061697337888, 21.58418065765339], [85.39061697337888, 21.584090826124978], [85.39043731032206, 21.584090826124978], [85.39043731032206, 21.58418065765339], [85.39034747879364, 21.58418065765339], [85.39034747879364, 21.584090826124978], [85.39043731032206, 21.584090826124978], [85.39043731032206, 21.58400099459657], [85.39088646796412, 21.58400099459657], [85.39088646796412, 21.583911163068155]]]}, "id": "+67+374", "properties": {"area_ha": 0.15772593479074926, "centroid_lat": 21.58424670979305, "centroid_lon": 85.39074643721345, "cluster_id": 4, "n_pixels": 16, "perim_m": 367.67227734762093, "profile_annual_rainfall_p50": 1382.1430009415274, "profile_aspect_cos_p50": -0.7547095802227728, "profile_aspect_sin_p50": -0.29237170472273655, "profile_canopy_height_max_p50": 16, "profile_canopy_height_p50": 16, "profile_canopy_height_std_p50": 0.47865878082434865, "profile_distance_to_water_p50": 463409.50001051987, "profile_elevation_p50": 645.0000000000001, "profile_ndvi_amplitude_annual_p50": 0.21974508673567725, "profile_ndvi_mean_p50": 0.5762829482348351, "profile_ndvi_phase_annual_cos_p50": -0.9589817035719913, "profile_ndvi_phase_annual_sin_p50": -0.26933023801529, "profile_ndvi_residual_variance_p50": 0.0066510108857493495, "profile_ndvi_trend_p50": 0.008367576303882292, "profile_slope_p50": 10.000000000000002, "profile_vh_iqr_p50": 2.0312881285205338, "profile_vh_p10_p50": -16.688066525314273, "profile_vh_p50_p50": -15.535105046711498, "profile_vh_p90_p50": -14.345117032323246, "profile_vv_iqr_p50": 1.844514097339528, "profile_vv_minus_vh_median_p50": 6.716867667079219, "profile_vv_p10_p50": -9.935853228483905, "profile_vv_p50_p50": -8.904413001076481, "profile_vv_p90_p50": -7.780878145619661, "unit_id": 59}}, {"type": "Feature", "geometry": {"type": "Polygon", "coordinates": [[[85.38926950045271, 21.583462005426096], [85.38935933198111, 21.583462005426096], [85.38935933198111, 21.58355183695451], [85.38926950045271, 21.58355183695451], [85.38926950045271, 21.58364166848292], [85.38944916350952, 21.58364166848292], [85.38944916350952, 21.583731500011332], [85.38908983739589, 21.583731500011332], [85.38908983739589, 21.58364166848292], [85.3891796689243, 21.58364166848292], [85.3891796689243, 21.58355183695451], [85.38926950045271, 21.58355183695451], [85.38926950045271, 21.583462005426096]]]}, "id": "+49+379", "properties": {"area_ha": 0.05566824861087606, "centroid_lat": 21.583641665697286, "centroid_lon": 85.38926950063028, "cluster_id": 4, "n_pixels": 6, "perim_m": 152.7096730336516, "profile_annual_rainfall_p50": 1382.1430009415274, "profile_aspect_cos_p50": -0.7547095802227728, "profile_aspect_sin_p50": -0.29237170472273655, "profile_canopy_height_max_p50": 16, "profile_canopy_height_p50": 16, "profile_canopy_height_std_p50": 0.47865878082434865, "profile_distance_to_water_p50": 463409.50001051987, "profile_elevation_p50": 645.0000000000001, "profile_ndvi_amplitude_annual_p50": 0.21974508673567725, "profile_ndvi_mean_p50": 0.5762829482348351, "profile_ndvi_phase_annual_cos_p50": -0.9589817035719913, "profile_ndvi_phase_annual_sin_p50": -0.26933023801529, "profile_ndvi_residual_variance_p50": 0.0066510108857493495, "profile_ndvi_trend_p50": 0.008367576303882292, "profile_slope_p50": 10.000000000000002, "profile_vh_iqr_p50": 2.0312881285205338, "profile_vh_p10_p50": -16.688066525314273, "profile_vh_p50_p50": -15.535105046711498, "profile_vh_p90_p50": -14.345117032323246, "profile_vv_iqr_p50": 1.844514097339528, "profile_vv_minus_vh_median_p50": 6.716867667079219, "profile_vv_p10_p50": -9.935853228483905, "profile_vv_p50_p50": -8.904413001076481, "profile_vv_p90_p50": -7.780878145619661, "unit_id": 60}}, {"type": "Feature", "geometry": {"type": "Polygon", "coordinates": [[[85.39133562560617, 21.58355183695451], [85.391515288663, 21.58355183695451], [85.391515288663, 21.583731500011332], [85.39133562560617, 21.583731500011332], [85.39133562560617, 21.58355183695451]]]}, "id": "+73+378", "properties": {"area_ha": 0.03711215081433785, "centroid_lat": 21.58364166706753, "centroid_lon": 85.39142545522307, "cluster_id": 4, "n_pixels": 4, "perim_m": 76.99835716415359, "profile_annual_rainfall_p50": 1382.1430009415274, "profile_aspect_cos_p50": -0.7547095802227728, "profile_aspect_sin_p50": -0.29237170472273655, "profile_canopy_height_max_p50": 16, "profile_canopy_height_p50": 16, "profile_canopy_height_std_p50": 0.47865878082434865, "profile_distance_to_water_p50": 463409.50001051987, "profile_elevation_p50": 645.0000000000001, "profile_ndvi_amplitude_annual_p50": 0.21974508673567725, "profile_ndvi_mean_p50": 0.5762829482348351, "profile_ndvi_phase_annual_cos_p50": -0.9589817035719913, "profile_ndvi_phase_annual_sin_p50": -0.26933023801529, "profile_ndvi_residual_variance_p50": 0.0066510108857493495, "profile_ndvi_trend_p50": 0.008367576303882292, "profile_slope_p50": 10.000000000000002, "profile_vh_iqr_p50": 2.0312881285205338, "profile_vh_p10_p50": -16.688066525314273, "profile_vh_p50_p50": -15.535105046711498, "profile_vh_p90_p50": -14.345117032323246, "profile_vv_iqr_p50": 1.844514097339528, "profile_vv_minus_vh_median_p50": 6.716867667079219, "profile_vv_p10_p50": -9.935853228483905, "profile_vv_p50_p50": -8.904413001076481, "profile_vv_p90_p50": -7.780878145619661, "unit_id": 61}}, {"type": "Feature", "geometry": {"type": "Polygon", "coordinates": [[[85.39349158228806, 21.583372173897683], [85.39358141381648, 21.583372173897683], [85.39358141381648, 21.583821331539745], [85.39349158228806, 21.583821331539745], [85.39349158228806, 21.583731500011332], [85.39340175075965, 21.583731500011332], [85.39340175075965, 21.58355183695451], [85.39349158228806, 21.58355183695451], [85.39349158228806, 21.583372173897683]]]}, "id": "+96+380", "properties": {"area_ha": 0.06494627831558628, "centroid_lat": 21.583609585908427, "centroid_lon": 85.39351083427529, "cluster_id": 4, "n_pixels": 6, "perim_m": 136.6776916901684, "profile_annual_rainfall_p50": 1382.1430009415274, "profile_aspect_cos_p50": -0.7547095802227728, "profile_aspect_sin_p50": -0.29237170472273655, "profile_canopy_height_max_p50": 16, "profile_canopy_height_p50": 16, "profile_canopy_height_std_p50": 0.47865878082434865, "profile_distance_to_water_p50": 463409.50001051987, "profile_elevation_p50": 645.0000000000001, "profile_ndvi_amplitude_annual_p50": 0.21974508673567725, "profile_ndvi_mean_p50": 0.5762829482348351, "profile_ndvi_phase_annual_cos_p50": -0.9589817035719913, "profile_ndvi_phase_annual_sin_p50": -0.26933023801529, "profile_ndvi_residual_variance_p50": 0.0066510108857493495, "profile_ndvi_trend_p50": 0.008367576303882292, "profile_slope_p50": 10.000000000000002, "profile_vh_iqr_p50": 2.0312881285205338, "profile_vh_p10_p50": -16.688066525314273, "profile_vh_p50_p50": -15.535105046711498, "profile_vh_p90_p50": -14.345117032323246, "profile_vv_iqr_p50": 1.844514097339528, "profile_vv_minus_vh_median_p50": 6.716867667079219, "profile_vv_p10_p50": -9.935853228483905, "profile_vv_p50_p50": -8.904413001076481, "profile_vv_p90_p50": -7.780878145619661, "unit_id": 62}}, {"type": "Feature", "geometry": {"type": "Polygon", "coordinates": [[[85.39259326700395, 21.583372173897683], [85.39277293006077, 21.583372173897683], [85.39277293006077, 21.58355183695451], [85.39268309853236, 21.58355183695451], [85.39268309853236, 21.583731500011332], [85.39259326700395, 21.583731500011332], [85.39259326700395, 21.58364166848292], [85.39250343547553, 21.58364166848292], [85.39250343547553, 21.58355183695451], [85.39259326700395, 21.58355183695451], [85.39259326700395, 21.583372173897683]]]}, "id": "+87+380", "properties": {"area_ha": 0.06494631035565462, "centroid_lat": 21.58353258901841, "centroid_lon": 85.39265101407777, "cluster_id": 4, "n_pixels": 6, "perim_m": 135.3906848183312, "profile_annual_rainfall_p50": 1382.1430009415274, "profile_aspect_cos_p50": -0.7547095802227728, "profile_aspect_sin_p50": -0.29237170472273655, "profile_canopy_height_max_p50": 16, "profile_canopy_height_p50": 16, "profile_canopy_height_std_p50": 0.47865878082434865, "profile_distance_to_water_p50": 463409.50001051987, "profile_elevation_p50": 645.0000000000001, "profile_ndvi_amplitude_annual_p50": 0.21974508673567725, "profile_ndvi_mean_p50": 0.5762829482348351, "profile_ndvi_phase_annual_cos_p50": -0.9589817035719913, "profile_ndvi_phase_annual_sin_p50": -0.26933023801529, "profile_ndvi_residual_variance_p50": 0.0066510108857493495, "profile_ndvi_trend_p50": 0.008367576303882292, "profile_slope_p50": 10.000000000000002, "profile_vh_iqr_p50": 2.0312881285205338, "profile_vh_p10_p50": -16.688066525314273, "profile_vh_p50_p50": -15.535105046711498, "profile_vh_p90_p50": -14.345117032323246, "profile_vv_iqr_p50": 1.844514097339528, "profile_vv_minus_vh_median_p50": 6.716867667079219, "profile_vv_p10_p50": -9.935853228483905, "profile_vv_p50_p50": -8.904413001076481, "profile_vv_p90_p50": -7.780878145619661, "unit_id": 63}}, {"type": "Feature", "geometry": {"type": "Polygon", "coordinates": [[[85.39654585425407, 21.581575543329446], [85.3967255173109, 21.581575543329446], [85.3967255173109, 21.58175520638627], [85.39681534883931, 21.58175520638627], [85.39681534883931, 21.581934869443092], [85.39690518036772, 21.581934869443092], [85.39690518036772, 21.58220436402833], [85.39699501189614, 21.58220436402833], [85.39699501189614, 21.58238402708515], [85.39708484342455, 21.58238402708515], [85.39708484342455, 21.582653521670387], [85.39717467495296, 21.582653521670387], [85.39717467495296, 21.582833184727214], [85.39726450648136, 21.582833184727214], [85.39726450648136, 21.583102679312447], [85.39735433800978, 21.583102679312447], [85.39735433800978, 21.583282342369273], [85.39744416953819, 21.583282342369273], [85.39744416953819, 21.583462005426096], [85.3975340010666, 21.583462005426096], [85.3975340010666, 21.583731500011332], [85.39762383259502, 21.583731500011332], [85.39762383259502, 21.583911163068155], [85.39771366412343, 21.583911163068155], [85.39771366412343, 21.58418065765339], [85.39780349565184, 21.58418065765339], [85.39780349565184, 21.584360320710214], [85.39789332718026, 21.584360320710214], [85.39789332718026, 21.58462981529545], [85.39798315870867, 21.58462981529545], [85.39798315870867, 21.584809478352277], [85.39807299023708, 21.584809478352277], [85.39807299023708, 21.5849891414091], [85.3981628217655, 21.5849891414091], [85.3981628217655, 21.58507897293751], [85.39789332718026, 21.58507897293751], [85.39789332718026, 21.584899309880687], [85.39771366412343, 21.584899309880687], [85.39771366412343, 21.584809478352277], [85.39762383259502, 21.584809478352277], [85.39762383259502, 21.584719646823864], [85.3975340010666, 21.584719646823864], [85.3975340010666, 21.58462981529545], [85.39762383259502, 21.58462981529545], [85.39762383259502, 21.58453998376704], [85.3975340010666, 21.58453998376704], [85.3975340010666, 21.584450152238627], [85.39744416953819, 21.584450152238627], [85.39744416953819, 21.584360320710214], [85.39717467495296, 21.584360320710214], [85.39717467495296, 21.58418065765339], [85.39708484342455, 21.58418065765339], [85.39708484342455, 21.584090826124978], [85.39699501189614, 21.584090826124978], [85.39699501189614, 21.58418065765339], [85.39690518036772, 21.58418065765339], [85.39690518036772, 21.58453998376704], [85.39654585425407, 21.58453998376704], [85.39654585425407, 21.584809478352277], [85.3967255173109, 21.584809478352277], [85.3967255173109, 21.5849891414091], [85.39663568578248, 21.5849891414091], [85.39663568578248, 21.585168804465923], [85.3967255173109, 21.585168804465923], [85.3967255173109, 21.585258635994336], [85.39636619119725, 21.585258635994336], [85.39636619119725, 21.585348467522746], [85.39627635966883, 21.585348467522746], [85.39627635966883, 21.585617962107982], [85.39609669661202, 21.585617962107982], [85.39609669661202, 21.585168804465923], [85.3960068650836, 21.585168804465923], [85.3960068650836, 21.5849891414091], [85.39582720202678, 21.5849891414091], [85.39582720202678, 21.584809478352277], [85.39564753896995, 21.584809478352277], [85.39564753896995, 21.584719646823864], [85.3952882128563, 21.584719646823864], [85.3952882128563, 21.58462981529545], [85.3951983813279, 21.58462981529545], [85.3951983813279, 21.584270489181804], [85.39510854979949, 21.584270489181804], [85.39510854979949, 21.584360320710214], [85.39501871827107, 21.584360320710214], [85.39501871827107, 21.58418065765339], [85.39510854979949, 21.58418065765339], [85.39510854979949, 21.584090826124978], [85.39501871827107, 21.584090826124978], [85.39501871827107, 21.583911163068155], [85.39492888674266, 21.583911163068155], [85.39492888674266, 21.583821331539745], [85.39474922368584, 21.583821331539745], [85.39474922368584, 21.583731500011332], [85.39456956062901, 21.583731500011332], [85.39456956062901, 21.58364166848292], [85.3944797291006, 21.58364166848292], [85.3944797291006, 21.58355183695451], [85.39438989757218, 21.58355183695451], [85.39438989757218, 21.583821331539745], [85.39430006604377, 21.583821331539745], [85.39430006604377, 21.583911163068155], [85.39421023451537, 21.583911163068155], [85.39421023451537, 21.583821331539745], [85.39412040298696, 21.583821331539745], [85.39412040298696, 21.583731500011332], [85.39394073993013, 21.583731500011332], [85.39394073993013, 21.58355183695451], [85.3937610768733, 21.58355183695451], [85.3937610768733, 21.583462005426096], [85.39385090840172, 21.583462005426096], [85.39385090840172, 21.583372173897683], [85.39367124534489, 21.583372173897683], [85.39367124534489, 21.583282342369273], [85.3937610768733, 21.583282342369273], [85.3937610768733, 21.58319251084086], [85.39403057145854, 21.58319251084086], [85.39403057145854, 21.583372173897683], [85.39421023451537, 21.583372173897683], [85.39421023451537, 21.58355183695451], [85.39438989757218, 21.58355183695451], [85.39438989757218, 21.583462005426096], [85.39430006604377, 21.583462005426096], [85.39430006604377, 21.583102679312447], [85.39438989757218, 21.583102679312447], [85.39438989757218, 21.583012847784037], [85.39430006604377, 21.583012847784037], [85.39430006604377, 21.582833184727214], [85.39412040298696, 21.582833184727214], [85.39412040298696, 21.582653521670387], [85.39403057145854, 21.582653521670387], [85.39403057145854, 21.582563690141978], [85.39412040298696, 21.582563690141978], [85.39412040298696, 21.58238402708515], [85.39403057145854, 21.58238402708515], [85.39403057145854, 21.58229419555674], [85.39367124534489, 21.58229419555674], [85.39367124534489, 21.58220436402833], [85.39358141381648, 21.58220436402833], [85.39358141381648, 21.582114532499915], [85.39367124534489, 21.582114532499915], [85.39367124534489, 21.581934869443092], [85.39385090840172, 21.581934869443092], [85.39385090840172, 21.58175520638627], [85.39412040298696, 21.58175520638627], [85.39412040298696, 21.581665374857856], [85.39421023451537, 21.581665374857856], [85.39421023451537, 21.58175520638627], [85.39456956062901, 21.58175520638627], [85.39456956062901, 21.582114532499915], [85.39465939215742, 21.582114532499915], [85.39465939215742, 21.582024700971505], [85.39474922368584, 21.582024700971505], [85.39474922368584, 21.58238402708515], [85.39483905521425, 21.58238402708515], [85.39483905521425, 21.58229419555674], [85.39492888674266, 21.58229419555674], [85.39492888674266, 21.582473858613564], [85.39555770744154, 21.582473858613564], [85.39555770744154, 21.582114532499915], [85.39573737049837, 21.582114532499915], [85.39573737049837, 21.582024700971505], [85.39564753896995, 21.582024700971505], [85.39564753896995, 21.581934869443092], [85.39609669661202, 21.581934869443092], [85.39609669661202, 21.582114532499915], [85.39627635966883, 21.582114532499915], [85.39627635966883, 21.58238402708515], [85.39645602272566, 21.58238402708515], [85.39645602272566, 21.58229419555674], [85.39654585425407, 21.58229419555674], [85.39654585425407, 21.582114532499915], [85.39663568578248, 21.582114532499915], [85.39663568578248, 21.58220436402833], [85.3967255173109, 21.58220436402833], [85.3967255173109, 21.582024700971505], [85.39681534883931, 21.582024700971505], [85.39681534883931, 21.581934869443092], [85.39654585425407, 21.581934869443092], [85.39654585425407, 21.581575543329446]], [[85.39708484342455, 21.58364166848292], [85.39699501189614, 21.58364166848292], [85.39699501189614, 21.583731500011332], [85.39708484342455, 21.583731500011332], [85.39708484342455, 21.58364166848292]], [[85.39708484342455, 21.583372173897683], [85.39699501189614, 21.583372173897683], [85.39699501189614, 21.583462005426096], [85.39708484342455, 21.583462005426096], [85.39708484342455, 21.583372173897683]], [[85.39483905521425, 21.583282342369273], [85.39474922368584, 21.583282342369273], [85.39474922368584, 21.58355183695451], [85.39483905521425, 21.58355183695451], [85.39483905521425, 21.583282342369273]], [[85.39564753896995, 21.583012847784037], [85.39555770744154, 21.583012847784037], [85.39555770744154, 21.583102679312447], [85.39564753896995, 21.583102679312447], [85.39564753896995, 21.583012847784037]], [[85.39645602272566, 21.583012847784037], [85.39609669661202, 21.583012847784037], [85.39609669661202, 21.583102679312447], [85.39618652814043, 21.583102679312447], [85.39618652814043, 21.58319251084086], [85.39609669661202, 21.58319251084086], [85.39609669661202, 21.583102679312447], [85.3960068650836, 21.583102679312447], [85.3960068650836, 21.583012847784037], [85.3959170335552, 21.583012847784037], [85.3959170335552, 21.58319251084086], [85.39573737049837, 21.58319251084086], [85.39573737049837, 21.583282342369273], [85.3959170335552, 21.583282342369273], [85.3959170335552, 21.58355183695451], [85.39609669661202, 21.58355183695451], [85.39609669661202, 21.583911163068155], [85.3967255173109, 21.583911163068155], [85.3967255173109, 21.583731500011332], [85.39690518036772, 21.583731500011332], [85.39690518036772, 21.58364166848292], [85.39681534883931, 21.58364166848292], [85.39681534883931, 21.583372173897683], [85.39663568578248, 21.583372173897683], [85.39663568578248, 21.58319251084086], [85.39636619119725, 21.58319251084086], [85.39636619119725, 21.583102679312447], [85.39645602272566, 21.583102679312447], [85.39645602272566, 21.583012847784037]], [[85.39573737049837, 21.582923016255624], [85.39564753896995, 21.582923016255624], [85.39564753896995, 21.583012847784037], [85.39573737049837, 21.583012847784037], [85.39573737049837, 21.582923016255624]], [[85.39501871827107, 21.582563690141978], [85.39492888674266, 21.582563690141978], [85.39492888674266, 21.582653521670387], [85.39501871827107, 21.582653521670387], [85.39501871827107, 21.582563690141978]], [[85.39537804438471, 21.582563690141978], [85.39510854979949, 21.582563690141978], [85.39510854979949, 21.582653521670387], [85.39537804438471, 21.582653521670387], [85.39537804438471, 21.582563690141978]], [[85.39663568578248, 21.58229419555674], [85.39654585425407, 21.58229419555674], [85.39654585425407, 21.582473858613564], [85.39663568578248, 21.582473858613564], [85.39663568578248, 21.58229419555674]], [[85.39618652814043, 21.58220436402833], [85.39609669661202, 21.58220436402833], [85.39609669661202, 21.58229419555674], [85.39618652814043, 21.58229419555674], [85.39618652814043, 21.58220436402833]], [[85.3944797291006, 21.581845037914682], [85.39438989757218, 21.581845037914682], [85.39438989757218, 21.581934869443092], [85.3944797291006, 21.581934869443092], [85.3944797291006, 21.581845037914682]]]}, "id": "+131+400", "properties": {"area_ha": 8.628588432377942, "centroid_lat": 21.58341380322986, "centroid_lon": 85.39583279953062, "cluster_id": 4, "n_pixels": 863, "perim_m": 3951.961477524279, "profile_annual_rainfall_p50": 1382.1430009415274, "profile_aspect_cos_p50": -0.7547095802227728, "profile_aspect_sin_p50": -0.29237170472273655, "profile_canopy_height_max_p50": 16, "profile_canopy_height_p50": 16, "profile_canopy_height_std_p50": 0.47865878082434865, "profile_distance_to_water_p50": 463409.50001051987, "profile_elevation_p50": 645.0000000000001, "profile_ndvi_amplitude_annual_p50": 0.21974508673567725, "profile_ndvi_mean_p50": 0.5762829482348351, "profile_ndvi_phase_annual_cos_p50": -0.9589817035719913, "profile_ndvi_phase_annual_sin_p50": -0.26933023801529, "profile_ndvi_residual_variance_p50": 0.0066510108857493495, "profile_ndvi_trend_p50": 0.008367576303882292, "profile_slope_p50": 10.000000000000002, "profile_vh_iqr_p50": 2.0312881285205338, "profile_vh_p10_p50": -16.688066525314273, "profile_vh_p50_p50": -15.535105046711498, "profile_vh_p90_p50": -14.345117032323246, "profile_vv_iqr_p50": 1.844514097339528, "profile_vv_minus_vh_median_p50": 6.716867667079219, "profile_vv_p10_p50": -9.935853228483905, "profile_vv_p50_p50": -8.904413001076481, "profile_vv_p90_p50": -7.780878145619661, "unit_id": 64}}, {"type": "Feature", "geometry": {"type": "Polygon", "coordinates": [[[85.39304242464601, 21.582833184727214], [85.39322208770284, 21.582833184727214], [85.39322208770284, 21.583012847784037], [85.39340175075965, 21.583012847784037], [85.39340175075965, 21.583372173897683], [85.39322208770284, 21.583372173897683], [85.39322208770284, 21.58319251084086], [85.39313225617443, 21.58319251084086], [85.39313225617443, 21.583911163068155], [85.39304242464601, 21.583911163068155], [85.39304242464601, 21.583821331539745], [85.3929525931176, 21.583821331539745], [85.3929525931176, 21.58355183695451], [85.39286276158919, 21.58355183695451], [85.39286276158919, 21.583282342369273], [85.3929525931176, 21.583282342369273], [85.3929525931176, 21.583372173897683], [85.39304242464601, 21.583372173897683], [85.39304242464601, 21.583102679312447], [85.3929525931176, 21.583102679312447], [85.3929525931176, 21.583012847784037], [85.39286276158919, 21.583012847784037], [85.39286276158919, 21.582833184727214], [85.3929525931176, 21.582833184727214], [85.3929525931176, 21.582923016255624], [85.39304242464601, 21.582923016255624], [85.39304242464601, 21.582833184727214]]]}, "id": "+92+386", "properties": {"area_ha": 0.3340101835089497, "centroid_lat": 21.583282341966886, "centroid_lon": 85.39310480831006, "cluster_id": 4, "n_pixels": 33, "perim_m": 467.1387307514203, "profile_annual_rainfall_p50": 1382.1430009415274, "profile_aspect_cos_p50": -0.7547095802227728, "profile_aspect_sin_p50": -0.29237170472273655, "profile_canopy_height_max_p50": 16, "profile_canopy_height_p50": 16, "profile_canopy_height_std_p50": 0.47865878082434865, "profile_distance_to_water_p50": 463409.50001051987, "profile_elevation_p50": 645.0000000000001, "profile_ndvi_amplitude_annual_p50": 0.21974508673567725, "profile_ndvi_mean_p50": 0.5762829482348351, "profile_ndvi_phase_annual_cos_p50": -0.9589817035719913, "profile_ndvi_phase_annual_sin_p50": -0.26933023801529, "profile_ndvi_residual_variance_p50": 0.0066510108857493495, "profile_ndvi_trend_p50": 0.008367576303882292, "profile_slope_p50": 10.000000000000002, "profile_vh_iqr_p50": 2.0312881285205338, "profile_vh_p10_p50": -16.688066525314273, "profile_vh_p50_p50": -15.535105046711498, "profile_vh_p90_p50": -14.345117032323246, "profile_vv_iqr_p50": 1.844514097339528, "profile_vv_minus_vh_median_p50": 6.716867667079219, "profile_vv_p10_p50": -9.935853228483905, "profile_vv_p50_p50": -8.904413001076481, "profile_vv_p90_p50": -7.780878145619661, "unit_id": 65}}, {"type": "Feature", "geometry": {"type": "Polygon", "coordinates": [[[85.39025764726524, 21.581126385687384], [85.39034747879364, 21.581126385687384], [85.39034747879364, 21.581216217215797], [85.39052714185047, 21.581216217215797], [85.39052714185047, 21.58130604874421], [85.3907068049073, 21.58130604874421], [85.3907068049073, 21.581485711801033], [85.39088646796412, 21.581485711801033], [85.39088646796412, 21.58175520638627], [85.39106613102095, 21.58175520638627], [85.39106613102095, 21.581845037914682], [85.39088646796412, 21.581845037914682], [85.39088646796412, 21.582473858613564], [85.39097629949254, 21.582473858613564], [85.39097629949254, 21.582563690141978], [85.39088646796412, 21.582563690141978], [85.39088646796412, 21.582653521670387], [85.39115596254936, 21.582653521670387], [85.39115596254936, 21.582563690141978], [85.39106613102095, 21.582563690141978], [85.39106613102095, 21.582473858613564], [85.39142545713459, 21.582473858613564], [85.39142545713459, 21.582653521670387], [85.39187461477665, 21.582653521670387], [85.39187461477665, 21.582833184727214], [85.39178478324824, 21.582833184727214], [85.39178478324824, 21.583012847784037], [85.3921441093619, 21.583012847784037], [85.3921441093619, 21.583102679312447], [85.3922339408903, 21.583102679312447], [85.3922339408903, 21.58364166848292], [85.3921441093619, 21.58364166848292], [85.3921441093619, 21.58355183695451], [85.39205427783348, 21.58355183695451], [85.39205427783348, 21.58364166848292], [85.39196444630507, 21.58364166848292], [85.39196444630507, 21.583821331539745], [85.39187461477665, 21.583821331539745], [85.39187461477665, 21.58364166848292], [85.39178478324824, 21.58364166848292], [85.39178478324824, 21.58355183695451], [85.39160512019141, 21.58355183695451], [85.39160512019141, 21.583462005426096], [85.39169495171983, 21.583462005426096], [85.39169495171983, 21.583372173897683], [85.391515288663, 21.583372173897683], [85.391515288663, 21.583462005426096], [85.39124579407778, 21.583462005426096], [85.39124579407778, 21.58364166848292], [85.39097629949254, 21.58364166848292], [85.39097629949254, 21.583731500011332], [85.39088646796412, 21.583731500011332], [85.39088646796412, 21.58364166848292], [85.39079663643571, 21.58364166848292], [85.39079663643571, 21.583731500011332], [85.3907068049073, 21.583731500011332], [85.3907068049073, 21.583821331539745], [85.39061697337888, 21.583821331539745], [85.39061697337888, 21.58364166848292], [85.39043731032206, 21.58364166848292], [85.39043731032206, 21.583462005426096], [85.39034747879364, 21.583462005426096], [85.39034747879364, 21.583372173897683], [85.39016781573683, 21.583372173897683], [85.39016781573683, 21.583282342369273], [85.38998815268, 21.583282342369273], [85.38998815268, 21.583102679312447], [85.38953899503794, 21.583102679312447], [85.38953899503794, 21.582923016255624], [85.38935933198111, 21.582923016255624], [85.38935933198111, 21.583012847784037], [85.3891796689243, 21.583012847784037], [85.3891796689243, 21.583282342369273], [85.38908983739589, 21.583282342369273], [85.38908983739589, 21.583372173897683], [85.38891017433906, 21.583372173897683], [85.38891017433906, 21.583282342369273], [85.38908983739589, 21.583282342369273], [85.38908983739589, 21.58319251084086], [85.38900000586747, 21.58319251084086], [85.38900000586747, 21.583102679312447], [85.38908983739589, 21.583102679312447], [85.38908983739589, 21.583012847784037], [85.3891796689243, 21.583012847784037], [85.3891796689243, 21.582923016255624], [85.38908983739589, 21.582923016255624], [85.38908983739589, 21.582833184727214], [85.38900000586747, 21.582833184727214], [85.38900000586747, 21.582653521670387], [85.38908983739589, 21.582653521670387], [85.38908983739589, 21.5827433531988], [85.38926950045271, 21.5827433531988], [85.38926950045271, 21.582833184727214], [85.38944916350952, 21.582833184727214], [85.38944916350952, 21.5827433531988], [85.38962882656635, 21.5827433531988], [85.38962882656635, 21.582833184727214], [85.38980848962318, 21.582833184727214], [85.38980848962318, 21.582473858613564], [85.38962882656635, 21.582473858613564], [85.38962882656635, 21.58229419555674], [85.38971865809476, 21.58229419555674], [85.38971865809476, 21.581934869443092], [85.38980848962318, 21.581934869443092], [85.38980848962318, 21.58175520638627], [85.38971865809476, 21.58175520638627], [85.38971865809476, 21.581575543329446], [85.38980848962318, 21.581575543329446], [85.38980848962318, 21.581485711801033], [85.38998815268, 21.581485711801033], [85.38998815268, 21.58139588027262], [85.39016781573683, 21.58139588027262], [85.39016781573683, 21.58130604874421], [85.39025764726524, 21.58130604874421], [85.39025764726524, 21.581126385687384]]]}, "id": "+60+405", "properties": {"area_ha": 4.314316771506983, "centroid_lat": 21.582658639773552, "centroid_lon": 85.39064952307382, "cluster_id": 4, "n_pixels": 431, "perim_m": 1846.6788154208368, "profile_annual_rainfall_p50": 1382.1430009415274, "profile_aspect_cos_p50": -0.7547095802227728, "profile_aspect_sin_p50": -0.29237170472273655, "profile_canopy_height_max_p50": 16, "profile_canopy_height_p50": 16, "profile_canopy_height_std_p50": 0.47865878082434865, "profile_distance_to_water_p50": 463409.50001051987, "profile_elevation_p50": 645.0000000000001, "profile_ndvi_amplitude_annual_p50": 0.21974508673567725, "profile_ndvi_mean_p50": 0.5762829482348351, "profile_ndvi_phase_annual_cos_p50": -0.9589817035719913, "profile_ndvi_phase_annual_sin_p50": -0.26933023801529, "profile_ndvi_residual_variance_p50": 0.0066510108857493495, "profile_ndvi_trend_p50": 0.008367576303882292, "profile_slope_p50": 10.000000000000002, "profile_vh_iqr_p50": 2.0312881285205338, "profile_vh_p10_p50": -16.688066525314273, "profile_vh_p50_p50": -15.535105046711498, "profile_vh_p90_p50": -14.345117032323246, "profile_vv_iqr_p50": 1.844514097339528, "profile_vv_minus_vh_median_p50": 6.716867667079219, "profile_vv_p10_p50": -9.935853228483905, "profile_vv_p50_p50": -8.904413001076481, "profile_vv_p90_p50": -7.780878145619661, "unit_id": 66}}, {"type": "Feature", "geometry": {"type": "Polygon", "coordinates": [[[85.39196444630507, 21.58220436402833], [85.39205427783348, 21.58220436402833], [85.39205427783348, 21.582563690141978], [85.39196444630507, 21.582563690141978], [85.39196444630507, 21.582473858613564], [85.39187461477665, 21.582473858613564], [85.39187461477665, 21.582563690141978], [85.39169495171983, 21.582563690141978], [85.39169495171983, 21.582473858613564], [85.39178478324824, 21.582473858613564], [85.39178478324824, 21.58238402708515], [85.39169495171983, 21.58238402708515], [85.39169495171983, 21.58229419555674], [85.39196444630507, 21.58229419555674], [85.39196444630507, 21.58220436402833]]]}, "id": "+79+393", "properties": {"area_ha": 0.10205927908022651, "centroid_lat": 21.582404443058017, "centroid_lon": 85.39189502924214, "cluster_id": 4, "n_pixels": 10, "perim_m": 192.49666403924238, "profile_annual_rainfall_p50": 1382.1430009415274, "profile_aspect_cos_p50": -0.7547095802227728, "profile_aspect_sin_p50": -0.29237170472273655, "profile_canopy_height_max_p50": 16, "profile_canopy_height_p50": 16, "profile_canopy_height_std_p50": 0.47865878082434865, "profile_distance_to_water_p50": 463409.50001051987, "profile_elevation_p50": 645.0000000000001, "profile_ndvi_amplitude_annual_p50": 0.21974508673567725, "profile_ndvi_mean_p50": 0.5762829482348351, "profile_ndvi_phase_annual_cos_p50": -0.9589817035719913, "profile_ndvi_phase_annual_sin_p50": -0.26933023801529, "profile_ndvi_residual_variance_p50": 0.0066510108857493495, "profile_ndvi_trend_p50": 0.008367576303882292, "profile_slope_p50": 10.000000000000002, "profile_vh_iqr_p50": 2.0312881285205338, "profile_vh_p10_p50": -16.688066525314273, "profile_vh_p50_p50": -15.535105046711498, "profile_vh_p90_p50": -14.345117032323246, "profile_vv_iqr_p50": 1.844514097339528, "profile_vv_minus_vh_median_p50": 6.716867667079219, "profile_vv_p10_p50": -9.935853228483905, "profile_vv_p50_p50": -8.904413001076481, "profile_vv_p90_p50": -7.780878145619661, "unit_id": 67}}, {"type": "Feature", "geometry": {"type": "Polygon", "coordinates": [[[85.38882034281065, 21.58085689110215], [85.3891796689243, 21.58085689110215], [85.3891796689243, 21.58094672263056], [85.38935933198111, 21.58094672263056], [85.38935933198111, 21.581126385687384], [85.38953899503794, 21.581126385687384], [85.38953899503794, 21.581036554158974], [85.38971865809476, 21.581036554158974], [85.38971865809476, 21.581126385687384], [85.39025764726524, 21.581126385687384], [85.39025764726524, 21.58130604874421], [85.39016781573683, 21.58130604874421], [85.39016781573683, 21.58139588027262], [85.38998815268, 21.58139588027262], [85.38998815268, 21.581485711801033], [85.38980848962318, 21.581485711801033], [85.38980848962318, 21.581575543329446], [85.38971865809476, 21.581575543329446], [85.38971865809476, 21.58175520638627], [85.38980848962318, 21.58175520638627], [85.38980848962318, 21.581934869443092], [85.38971865809476, 21.581934869443092], [85.38971865809476, 21.58229419555674], [85.38962882656635, 21.58229419555674], [85.38962882656635, 21.582473858613564], [85.38980848962318, 21.582473858613564], [85.38980848962318, 21.582833184727214], [85.38962882656635, 21.582833184727214], [85.38962882656635, 21.5827433531988], [85.38944916350952, 21.5827433531988], [85.38944916350952, 21.582833184727214], [85.38926950045271, 21.582833184727214], [85.38926950045271, 21.5827433531988], [85.38908983739589, 21.5827433531988], [85.38908983739589, 21.582653521670387], [85.38900000586747, 21.582653521670387], [85.38900000586747, 21.582833184727214], [85.38908983739589, 21.582833184727214], [85.38908983739589, 21.582923016255624], [85.3891796689243, 21.582923016255624], [85.3891796689243, 21.583012847784037], [85.38908983739589, 21.583012847784037], [85.38908983739589, 21.583102679312447], [85.38900000586747, 21.583102679312447], [85.38900000586747, 21.583282342369273], [85.38891017433906, 21.583282342369273], [85.38891017433906, 21.583372173897683], [85.38873051128223, 21.583372173897683], [85.38873051128223, 21.583462005426096], [85.38891017433906, 21.583462005426096], [85.38891017433906, 21.58355183695451], [85.38900000586747, 21.58355183695451], [85.38900000586747, 21.58364166848292], [85.38882034281065, 21.58364166848292], [85.38882034281065, 21.58355183695451], [85.38873051128223, 21.58355183695451], [85.38873051128223, 21.583462005426096], [85.38864067975382, 21.583462005426096], [85.38864067975382, 21.58355183695451], [85.388461016697, 21.58355183695451], [85.388461016697, 21.583462005426096], [85.3885508482254, 21.583462005426096], [85.3885508482254, 21.583372173897683], [85.388461016697, 21.583372173897683], [85.388461016697, 21.583282342369273], [85.38837118516858, 21.583282342369273], [85.38837118516858, 21.583102679312447], [85.38828135364018, 21.583102679312447], [85.38828135364018, 21.5827433531988], [85.38837118516858, 21.5827433531988], [85.38837118516858, 21.582653521670387], [85.388461016697, 21.582653521670387], [85.388461016697, 21.582563690141978], [85.3885508482254, 21.582563690141978], [85.3885508482254, 21.582473858613564], [85.38882034281065, 21.582473858613564], [85.38882034281065, 21.58229419555674], [85.38900000586747, 21.58229419555674], [85.38900000586747, 21.58220436402833], [85.38908983739589, 21.58220436402833], [85.38908983739589, 21.582114532499915], [85.38873051128223, 21.582114532499915], [85.38873051128223, 21.581934869443092], [85.38891017433906, 21.581934869443092], [85.38891017433906, 21.581845037914682], [85.38882034281065, 21.581845037914682], [85.38882034281065, 21.58175520638627], [85.38864067975382, 21.58175520638627], [85.38864067975382, 21.581485711801033], [85.388461016697, 21.581485711801033], [85.388461016697, 21.581216217215797], [85.38864067975382, 21.581216217215797], [85.38864067975382, 21.581126385687384], [85.3885508482254, 21.581126385687384], [85.3885508482254, 21.581036554158974], [85.38801185905494, 21.581036554158974], [85.38801185905494, 21.58094672263056], [85.38882034281065, 21.58094672263056], [85.38882034281065, 21.58085689110215]]]}, "id": "+47+408", "properties": {"area_ha": 3.0432298670404867, "centroid_lat": 21.58203291428642, "centroid_lon": 85.38911859550684, "cluster_id": 0, "n_pixels": 304, "perim_m": 1590.6468556681382, "profile_annual_rainfall_p50": 1389.0618859946728, "profile_aspect_cos_p50": 0.6018150231520486, "profile_aspect_sin_p50": -0.73135370161918, "profile_canopy_height_max_p50": 18.999999999999996, "profile_canopy_height_p50": 17.999999999999996, "profile_canopy_height_std_p50": 0.47896164760344956, "profile_distance_to_water_p50": 463409.50001051987, "profile_elevation_p50": 599, "profile_ndvi_amplitude_annual_p50": 0.1645757126173892, "profile_ndvi_mean_p50": 0.6933795973494945, "profile_ndvi_phase_annual_cos_p50": -0.9903360943202478, "profile_ndvi_phase_annual_sin_p50": -0.03529632286134516, "profile_ndvi_residual_variance_p50": 0.0076286319537535036, "profile_ndvi_trend_p50": -0.001469060378292216, "profile_slope_p50": 8.999999999999998, "profile_vh_iqr_p50": 1.785357141355483, "profile_vh_p10_p50": -15.442315949719163, "profile_vh_p50_p50": -14.436216371141972, "profile_vh_p90_p50": -13.31348556229533, "profile_vv_iqr_p50": 1.7795729887330036, "profile_vv_minus_vh_median_p50": 6.592325308990033, "profile_vv_p10_p50": -8.81773550051961, "profile_vv_p50_p50": -7.779687327061514, "profile_vv_p90_p50": -6.813910343653095, "unit_id": 68}}, {"type": "Feature", "geometry": {"type": "Polygon", "coordinates": [[[85.38801185905494, 21.581036554158974], [85.3885508482254, 21.581036554158974], [85.3885508482254, 21.581126385687384], [85.38864067975382, 21.581126385687384], [85.38864067975382, 21.581216217215797], [85.388461016697, 21.581216217215797], [85.388461016697, 21.581485711801033], [85.38864067975382, 21.581485711801033], [85.38864067975382, 21.58175520638627], [85.38882034281065, 21.58175520638627], [85.38882034281065, 21.581845037914682], [85.38891017433906, 21.581845037914682], [85.38891017433906, 21.581934869443092], [85.38873051128223, 21.581934869443092], [85.38873051128223, 21.582114532499915], [85.38908983739589, 21.582114532499915], [85.38908983739589, 21.58220436402833], [85.38900000586747, 21.58220436402833], [85.38900000586747, 21.58229419555674], [85.38882034281065, 21.58229419555674], [85.38882034281065, 21.582473858613564], [85.3885508482254, 21.582473858613564], [85.3885508482254, 21.582563690141978], [85.388461016697, 21.582563690141978], [85.388461016697, 21.582653521670387], [85.38837118516858, 21.582653521670387], [85.38837118516858, 21.5827433531988], [85.38828135364018, 21.5827433531988], [85.38828135364018, 21.583012847784037], [85.38819152211177, 21.583012847784037], [85.38819152211177, 21.582833184727214], [85.38810169058335, 21.582833184727214], [85.38810169058335, 21.582563690141978], [85.38801185905494, 21.582563690141978], [85.38801185905494, 21.58238402708515], [85.38792202752653, 21.58238402708515], [85.38792202752653, 21.58220436402833], [85.38783219599812, 21.58220436402833], [85.38783219599812, 21.582024700971505], [85.3877423644697, 21.582024700971505], [85.3877423644697, 21.581845037914682], [85.38765253294129, 21.581845037914682], [85.38765253294129, 21.581665374857856], [85.38756270141288, 21.581665374857856], [85.38756270141288, 21.58139588027262], [85.38765253294129, 21.58139588027262], [85.38765253294129, 21.581216217215797], [85.3877423644697, 21.581216217215797], [85.3877423644697, 21.581126385687384], [85.38801185905494, 21.581126385687384], [85.38801185905494, 21.581036554158974]], [[85.38810169058335, 21.581665374857856], [85.38801185905494, 21.581665374857856], [85.38801185905494, 21.58238402708515], [85.38810169058335, 21.58238402708515], [85.38810169058335, 21.582473858613564], [85.38819152211177, 21.582473858613564], [85.38819152211177, 21.58229419555674], [85.38828135364018, 21.58229419555674], [85.38828135364018, 21.58220436402833], [85.38819152211177, 21.58220436402833], [85.38819152211177, 21.582024700971505], [85.38828135364018, 21.582024700971505], [85.38828135364018, 21.581845037914682], [85.38819152211177, 21.581845037914682], [85.38819152211177, 21.58175520638627], [85.38810169058335, 21.58175520638627], [85.38810169058335, 21.581665374857856]]]}, "id": "+40+406", "properties": {"area_ha": 1.568007721938506, "centroid_lat": 21.581843176298825, "centroid_lon": 85.38825451048915, "cluster_id": 4, "n_pixels": 157, "perim_m": 1081.843642704402, "profile_annual_rainfall_p50": 1382.1430009415274, "profile_aspect_cos_p50": -0.7547095802227728, "profile_aspect_sin_p50": -0.29237170472273655, "profile_canopy_height_max_p50": 16, "profile_canopy_height_p50": 16, "profile_canopy_height_std_p50": 0.47865878082434865, "profile_distance_to_water_p50": 463409.50001051987, "profile_elevation_p50": 645.0000000000001, "profile_ndvi_amplitude_annual_p50": 0.21974508673567725, "profile_ndvi_mean_p50": 0.5762829482348351, "profile_ndvi_phase_annual_cos_p50": -0.9589817035719913, "profile_ndvi_phase_annual_sin_p50": -0.26933023801529, "profile_ndvi_residual_variance_p50": 0.0066510108857493495, "profile_ndvi_trend_p50": 0.008367576303882292, "profile_slope_p50": 10.000000000000002, "profile_vh_iqr_p50": 2.0312881285205338, "profile_vh_p10_p50": -16.688066525314273, "profile_vh_p50_p50": -15.535105046711498, "profile_vh_p90_p50": -14.345117032323246, "profile_vv_iqr_p50": 1.844514097339528, "profile_vv_minus_vh_median_p50": 6.716867667079219, "profile_vv_p10_p50": -9.935853228483905, "profile_vv_p50_p50": -8.904413001076481, "profile_vv_p90_p50": -7.780878145619661, "unit_id": 69}}, {"type": "Feature", "geometry": {"type": "Polygon", "coordinates": [[[85.39124579407778, 21.58031790193168], [85.39133562560617, 21.58031790193168], [85.39133562560617, 21.58040773346009], [85.391515288663, 21.58040773346009], [85.391515288663, 21.5804975649885], [85.39205427783348, 21.5804975649885], [85.39205427783348, 21.580587396516915], [85.39187461477665, 21.580587396516915], [85.39187461477665, 21.580767059573738], [85.39178478324824, 21.580767059573738], [85.39178478324824, 21.58085689110215], [85.39187461477665, 21.58085689110215], [85.39187461477665, 21.581216217215797], [85.39178478324824, 21.581216217215797], [85.39178478324824, 21.58130604874421], [85.39169495171983, 21.58130604874421], [85.39169495171983, 21.581216217215797], [85.39142545713459, 21.581216217215797], [85.39142545713459, 21.581575543329446], [85.39187461477665, 21.581575543329446], [85.39187461477665, 21.58175520638627], [85.39205427783348, 21.58175520638627], [85.39205427783348, 21.581934869443092], [85.39169495171983, 21.581934869443092], [85.39169495171983, 21.582114532499915], [85.39160512019141, 21.582114532499915], [85.39160512019141, 21.582024700971505], [85.391515288663, 21.582024700971505], [85.391515288663, 21.581665374857856], [85.39133562560617, 21.581665374857856], [85.39133562560617, 21.581575543329446], [85.39124579407778, 21.581575543329446], [85.39124579407778, 21.581665374857856], [85.39106613102095, 21.581665374857856], [85.39106613102095, 21.58130604874421], [85.39124579407778, 21.58130604874421], [85.39124579407778, 21.581126385687384], [85.39142545713459, 21.581126385687384], [85.39142545713459, 21.581036554158974], [85.391515288663, 21.581036554158974], [85.391515288663, 21.58085689110215], [85.39133562560617, 21.58085689110215], [85.39133562560617, 21.580677228045325], [85.39124579407778, 21.580677228045325], [85.39124579407778, 21.580587396516915], [85.39133562560617, 21.580587396516915], [85.39133562560617, 21.5804975649885], [85.39115596254936, 21.5804975649885], [85.39115596254936, 21.580587396516915], [85.39088646796412, 21.580587396516915], [85.39088646796412, 21.580677228045325], [85.3907068049073, 21.580677228045325], [85.3907068049073, 21.580587396516915], [85.39088646796412, 21.580587396516915], [85.39088646796412, 21.5804975649885], [85.39115596254936, 21.5804975649885], [85.39115596254936, 21.58040773346009], [85.39124579407778, 21.58040773346009], [85.39124579407778, 21.58031790193168]], [[85.39133562560617, 21.58139588027262], [85.39124579407778, 21.58139588027262], [85.39124579407778, 21.581485711801033], [85.39133562560617, 21.581485711801033], [85.39133562560617, 21.58139588027262]]]}, "id": "+71+414", "properties": {"area_ha": 0.8999850742032853, "centroid_lat": 21.58114444346788, "centroid_lon": 85.39153612562139, "cluster_id": 4, "n_pixels": 90, "perim_m": 1055.5195567414269, "profile_annual_rainfall_p50": 1382.1430009415274, "profile_aspect_cos_p50": -0.7547095802227728, "profile_aspect_sin_p50": -0.29237170472273655, "profile_canopy_height_max_p50": 16, "profile_canopy_height_p50": 16, "profile_canopy_height_std_p50": 0.47865878082434865, "profile_distance_to_water_p50": 463409.50001051987, "profile_elevation_p50": 645.0000000000001, "profile_ndvi_amplitude_annual_p50": 0.21974508673567725, "profile_ndvi_mean_p50": 0.5762829482348351, "profile_ndvi_phase_annual_cos_p50": -0.9589817035719913, "profile_ndvi_phase_annual_sin_p50": -0.26933023801529, "profile_ndvi_residual_variance_p50": 0.0066510108857493495, "profile_ndvi_trend_p50": 0.008367576303882292, "profile_slope_p50": 10.000000000000002, "profile_vh_iqr_p50": 2.0312881285205338, "profile_vh_p10_p50": -16.688066525314273, "profile_vh_p50_p50": -15.535105046711498, "profile_vh_p90_p50": -14.345117032323246, "profile_vv_iqr_p50": 1.844514097339528, "profile_vv_minus_vh_median_p50": 6.716867667079219, "profile_vv_p10_p50": -9.935853228483905, "profile_vv_p50_p50": -8.904413001076481, "profile_vv_p90_p50": -7.780878145619661, "unit_id": 70}}, {"type": "Feature", "geometry": {"type": "Polygon", "coordinates": [[[85.38729320682765, 21.58094672263056], [85.3877423644697, 21.58094672263056], [85.3877423644697, 21.581036554158974], [85.38783219599812, 21.581036554158974], [85.38783219599812, 21.581126385687384], [85.3877423644697, 21.581126385687384], [85.3877423644697, 21.581216217215797], [85.38765253294129, 21.581216217215797], [85.38765253294129, 21.58139588027262], [85.38756270141288, 21.58139588027262], [85.38756270141288, 21.581485711801033], [85.38747286988446, 21.581485711801033], [85.38747286988446, 21.581216217215797], [85.38738303835605, 21.581216217215797], [85.38738303835605, 21.581126385687384], [85.38729320682765, 21.581126385687384], [85.38729320682765, 21.58094672263056]]]}, "id": "+31+407", "properties": {"area_ha": 0.1855639094658965, "centroid_lat": 21.58113986009157, "centroid_lon": 85.38754922583753, "cluster_id": 3, "n_pixels": 19, "perim_m": 230.9969754281438, "profile_annual_rainfall_p50": 1382.1430009414753, "profile_aspect_cos_p50": 0.7547095802227726, "profile_aspect_sin_p50": 0.5068723628744278, "profile_canopy_height_max_p50": 16, "profile_canopy_height_p50": 15.000000000000002, "profile_canopy_height_std_p50": 0.479783893252404, "profile_distance_to_water_p50": 463409.50001051987, "profile_elevation_p50": 613, "profile_ndvi_amplitude_annual_p50": 0.21594181849089125, "profile_ndvi_mean_p50": 0.5607553809161441, "profile_ndvi_phase_annual_cos_p50": -0.9570353010203978, "profile_ndvi_phase_annual_sin_p50": -0.2702660748740832, "profile_ndvi_residual_variance_p50": 0.007142943686337334, "profile_ndvi_trend_p50": 0.009278162128748173, "profile_slope_p50": 9, "profile_vh_iqr_p50": 1.913070716527018, "profile_vh_p10_p50": -18.18736326050109, "profile_vh_p50_p50": -17.095798910231085, "profile_vh_p90_p50": -15.939832783124876, "profile_vv_iqr_p50": 1.7827568678918795, "profile_vv_minus_vh_median_p50": 6.470504915976252, "profile_vv_p10_p50": -11.809996062022115, "profile_vv_p50_p50": -10.652499535179865, "profile_vv_p90_p50": -9.591104676317315, "unit_id": 71}}, {"type": "Feature", "geometry": {"type": "Polygon", "coordinates": [[[85.38962882656635, 21.58094672263056], [85.38971865809476, 21.58094672263056], [85.38971865809476, 21.581036554158974], [85.38998815268, 21.581036554158974], [85.38998815268, 21.581126385687384], [85.38971865809476, 21.581126385687384], [85.38971865809476, 21.581036554158974], [85.38962882656635, 21.581036554158974], [85.38962882656635, 21.58094672263056]]]}, "id": "+53+407", "properties": {"area_ha": 0.03711281255881425, "centroid_lat": 21.581059011716476, "centroid_lon": 85.38980848944227, "cluster_id": 4, "n_pixels": 4, "perim_m": 114.21180162847358, "profile_annual_rainfall_p50": 1382.1430009415274, "profile_aspect_cos_p50": -0.7547095802227728, "profile_aspect_sin_p50": -0.29237170472273655, "profile_canopy_height_max_p50": 16, "profile_canopy_height_p50": 16, "profile_canopy_height_std_p50": 0.47865878082434865, "profile_distance_to_water_p50": 463409.50001051987, "profile_elevation_p50": 645.0000000000001, "profile_ndvi_amplitude_annual_p50": 0.21974508673567725, "profile_ndvi_mean_p50": 0.5762829482348351, "profile_ndvi_phase_annual_cos_p50": -0.9589817035719913, "profile_ndvi_phase_annual_sin_p50": -0.26933023801529, "profile_ndvi_residual_variance_p50": 0.0066510108857493495, "profile_ndvi_trend_p50": 0.008367576303882292, "profile_slope_p50": 10.000000000000002, "profile_vh_iqr_p50": 2.0312881285205338, "profile_vh_p10_p50": -16.688066525314273, "profile_vh_p50_p50": -15.535105046711498, "profile_vh_p90_p50": -14.345117032323246, "profile_vv_iqr_p50": 1.844514097339528, "profile_vv_minus_vh_median_p50": 6.716867667079219, "profile_vv_p10_p50": -9.935853228483905, "profile_vv_p50_p50": -8.904413001076481, "profile_vv_p90_p50": -7.780878145619661, "unit_id": 72}}, {"type": "Feature", "geometry": {"type": "Polygon", "coordinates": [[[85.39052714185047, 21.58094672263056], [85.3907068049073, 21.58094672263056], [85.3907068049073, 21.581036554158974], [85.39079663643571, 21.581036554158974], [85.39079663643571, 21.581126385687384], [85.39052714185047, 21.581126385687384], [85.39052714185047, 21.58094672263056]]]}, "id": "+64+407", "properties": {"area_ha": 0.04639102747870194, "centroid_lat": 21.581045538602336, "centroid_lon": 85.39064392371981, "cluster_id": 4, "n_pixels": 5, "perim_m": 95.60540584929828, "profile_annual_rainfall_p50": 1382.1430009415274, "profile_aspect_cos_p50": -0.7547095802227728, "profile_aspect_sin_p50": -0.29237170472273655, "profile_canopy_height_max_p50": 16, "profile_canopy_height_p50": 16, "profile_canopy_height_std_p50": 0.47865878082434865, "profile_distance_to_water_p50": 463409.50001051987, "profile_elevation_p50": 645.0000000000001, "profile_ndvi_amplitude_annual_p50": 0.21974508673567725, "profile_ndvi_mean_p50": 0.5762829482348351, "profile_ndvi_phase_annual_cos_p50": -0.9589817035719913, "profile_ndvi_phase_annual_sin_p50": -0.26933023801529, "profile_ndvi_residual_variance_p50": 0.0066510108857493495, "profile_ndvi_trend_p50": 0.008367576303882292, "profile_slope_p50": 10.000000000000002, "profile_vh_iqr_p50": 2.0312881285205338, "profile_vh_p10_p50": -16.688066525314273, "profile_vh_p50_p50": -15.535105046711498, "profile_vh_p90_p50": -14.345117032323246, "profile_vv_iqr_p50": 1.844514097339528, "profile_vv_minus_vh_median_p50": 6.716867667079219, "profile_vv_p10_p50": -9.935853228483905, "profile_vv_p50_p50": -8.904413001076481, "profile_vv_p90_p50": -7.780878145619661, "unit_id": 73}}, {"type": "Feature", "geometry": {"type": "Polygon", "coordinates": [[[85.39052714185047, 21.580048407346442], [85.3907068049073, 21.580048407346442], [85.3907068049073, 21.580138238874852], [85.39079663643571, 21.580138238874852], [85.39079663643571, 21.580228070403265], [85.3907068049073, 21.580228070403265], [85.3907068049073, 21.58040773346009], [85.39115596254936, 21.58040773346009], [85.39115596254936, 21.5804975649885], [85.39133562560617, 21.5804975649885], [85.39133562560617, 21.580587396516915], [85.39124579407778, 21.580587396516915], [85.39124579407778, 21.580677228045325], [85.39133562560617, 21.580677228045325], [85.39133562560617, 21.58085689110215], [85.391515288663, 21.58085689110215], [85.391515288663, 21.581036554158974], [85.39142545713459, 21.581036554158974], [85.39142545713459, 21.581126385687384], [85.39124579407778, 21.581126385687384], [85.39124579407778, 21.58130604874421], [85.39106613102095, 21.58130604874421], [85.39106613102095, 21.581216217215797], [85.39097629949254, 21.581216217215797], [85.39097629949254, 21.581126385687384], [85.39079663643571, 21.581126385687384], [85.39079663643571, 21.581036554158974], [85.3907068049073, 21.581036554158974], [85.3907068049073, 21.58094672263056], [85.39043731032206, 21.58094672263056], [85.39043731032206, 21.580767059573738], [85.39034747879364, 21.580767059573738], [85.39034747879364, 21.580677228045325], [85.39043731032206, 21.580677228045325], [85.39043731032206, 21.580587396516915], [85.39052714185047, 21.580587396516915], [85.39052714185047, 21.5804975649885], [85.39043731032206, 21.5804975649885], [85.39043731032206, 21.58040773346009], [85.39052714185047, 21.58040773346009], [85.39052714185047, 21.580048407346442]], [[85.39088646796412, 21.580587396516915], [85.3907068049073, 21.580587396516915], [85.3907068049073, 21.580677228045325], [85.39088646796412, 21.580677228045325], [85.39088646796412, 21.580587396516915]], [[85.39115596254936, 21.5804975649885], [85.39088646796412, 21.5804975649885], [85.39088646796412, 21.580587396516915], [85.39115596254936, 21.580587396516915], [85.39115596254936, 21.5804975649885]]]}, "id": "+64+417", "properties": {"area_ha": 0.7793707058695941, "centroid_lat": 21.580746740694043, "centroid_lon": 85.39091213328228, "cluster_id": 0, "n_pixels": 78, "perim_m": 709.0250375163665, "profile_annual_rainfall_p50": 1389.0618859946728, "profile_aspect_cos_p50": 0.6018150231520486, "profile_aspect_sin_p50": -0.73135370161918, "profile_canopy_height_max_p50": 18.999999999999996, "profile_canopy_height_p50": 17.999999999999996, "profile_canopy_height_std_p50": 0.47896164760344956, "profile_distance_to_water_p50": 463409.50001051987, "profile_elevation_p50": 599, "profile_ndvi_amplitude_annual_p50": 0.1645757126173892, "profile_ndvi_mean_p50": 0.6933795973494945, "profile_ndvi_phase_annual_cos_p50": -0.9903360943202478, "profile_ndvi_phase_annual_sin_p50": -0.03529632286134516, "profile_ndvi_residual_variance_p50": 0.0076286319537535036, "profile_ndvi_trend_p50": -0.001469060378292216, "profile_slope_p50": 8.999999999999998, "profile_vh_iqr_p50": 1.785357141355483, "profile_vh_p10_p50": -15.442315949719163, "profile_vh_p50_p50": -14.436216371141972, "profile_vh_p90_p50": -13.31348556229533, "profile_vv_iqr_p50": 1.7795729887330036, "profile_vv_minus_vh_median_p50": 6.592325308990033, "profile_vv_p10_p50": -8.81773550051961, "profile_vv_p50_p50": -7.779687327061514, "profile_vv_p90_p50": -6.813910343653095, "unit_id": 74}}, {"type": "Feature", "geometry": {"type": "Polygon", "coordinates": [[[85.39385090840172, 21.5804975649885], [85.39394073993013, 21.5804975649885], [85.39394073993013, 21.580587396516915], [85.39403057145854, 21.580587396516915], [85.39403057145854, 21.58085689110215], [85.39385090840172, 21.58085689110215], [85.39385090840172, 21.580767059573738], [85.3937610768733, 21.580767059573738], [85.3937610768733, 21.580587396516915], [85.39385090840172, 21.580587396516915], [85.39385090840172, 21.5804975649885]]]}, "id": "+100+412", "properties": {"area_ha": 0.08350404220194092, "centroid_lat": 21.580692199182707, "centroid_lon": 85.39390580723135, "cluster_id": 4, "n_pixels": 8, "perim_m": 135.3917470962513, "profile_annual_rainfall_p50": 1382.1430009415274, "profile_aspect_cos_p50": -0.7547095802227728, "profile_aspect_sin_p50": -0.29237170472273655, "profile_canopy_height_max_p50": 16, "profile_canopy_height_p50": 16, "profile_canopy_height_std_p50": 0.47865878082434865, "profile_distance_to_water_p50": 463409.50001051987, "profile_elevation_p50": 645.0000000000001, "profile_ndvi_amplitude_annual_p50": 0.21974508673567725, "profile_ndvi_mean_p50": 0.5762829482348351, "profile_ndvi_phase_annual_cos_p50": -0.9589817035719913, "profile_ndvi_phase_annual_sin_p50": -0.26933023801529, "profile_ndvi_residual_variance_p50": 0.0066510108857493495, "profile_ndvi_trend_p50": 0.008367576303882292, "profile_slope_p50": 10.000000000000002, "profile_vh_iqr_p50": 2.0312881285205338, "profile_vh_p10_p50": -16.688066525314273, "profile_vh_p50_p50": -15.535105046711498, "profile_vh_p90_p50": -14.345117032323246, "profile_vv_iqr_p50": 1.844514097339528, "profile_vv_minus_vh_median_p50": 6.716867667079219, "profile_vv_p10_p50": -9.935853228483905, "profile_vv_p50_p50": -8.904413001076481, "profile_vv_p90_p50": -7.780878145619661, "unit_id": 75}}, {"type": "Feature", "geometry": {"type": "Polygon", "coordinates": [[[85.38953899503794, 21.580587396516915], [85.38962882656635, 21.580587396516915], [85.38962882656635, 21.580767059573738], [85.38935933198111, 21.580767059573738], [85.38935933198111, 21.580587396516915], [85.38944916350952, 21.580587396516915], [85.38944916350952, 21.580677228045325], [85.38953899503794, 21.580677228045325], [85.38953899503794, 21.580587396516915]]]}, "id": "+52+411", "properties": {"area_ha": 0.046391145042289215, "centroid_lat": 21.58068620969053, "centroid_lon": 85.38949407978181, "cluster_id": 4, "n_pixels": 5, "perim_m": 115.49864433343456, "profile_annual_rainfall_p50": 1382.1430009415274, "profile_aspect_cos_p50": -0.7547095802227728, "profile_aspect_sin_p50": -0.29237170472273655, "profile_canopy_height_max_p50": 16, "profile_canopy_height_p50": 16, "profile_canopy_height_std_p50": 0.47865878082434865, "profile_distance_to_water_p50": 463409.50001051987, "profile_elevation_p50": 645.0000000000001, "profile_ndvi_amplitude_annual_p50": 0.21974508673567725, "profile_ndvi_mean_p50": 0.5762829482348351, "profile_ndvi_phase_annual_cos_p50": -0.9589817035719913, "profile_ndvi_phase_annual_sin_p50": -0.26933023801529, "profile_ndvi_residual_variance_p50": 0.0066510108857493495, "profile_ndvi_trend_p50": 0.008367576303882292, "profile_slope_p50": 10.000000000000002, "profile_vh_iqr_p50": 2.0312881285205338, "profile_vh_p10_p50": -16.688066525314273, "profile_vh_p50_p50": -15.535105046711498, "profile_vh_p90_p50": -14.345117032323246, "profile_vv_iqr_p50": 1.844514097339528, "profile_vv_minus_vh_median_p50": 6.716867667079219, "profile_vv_p10_p50": -9.935853228483905, "profile_vv_p50_p50": -8.904413001076481, "profile_vv_p90_p50": -7.780878145619661, "unit_id": 76}}, {"type": "Feature", "geometry": {"type": "Polygon", "coordinates": [[[85.39241360394712, 21.58031790193168], [85.39250343547553, 21.58031790193168], [85.39250343547553, 21.5804975649885], [85.3921441093619, 21.5804975649885], [85.3921441093619, 21.58031790193168], [85.3923237724187, 21.58031790193168], [85.3923237724187, 21.58040773346009], [85.39241360394712, 21.58040773346009], [85.39241360394712, 21.58031790193168]]]}, "id": "+84+414", "properties": {"area_ha": 0.06494773350163582, "centroid_lat": 21.580414147753192, "centroid_lon": 85.39231735719112, "cluster_id": 3, "n_pixels": 6, "perim_m": 134.10522745159045, "profile_annual_rainfall_p50": 1382.1430009414753, "profile_aspect_cos_p50": 0.7547095802227726, "profile_aspect_sin_p50": 0.5068723628744278, "profile_canopy_height_max_p50": 16, "profile_canopy_height_p50": 15.000000000000002, "profile_canopy_height_std_p50": 0.479783893252404, "profile_distance_to_water_p50": 463409.50001051987, "profile_elevation_p50": 613, "profile_ndvi_amplitude_annual_p50": 0.21594181849089125, "profile_ndvi_mean_p50": 0.5607553809161441, "profile_ndvi_phase_annual_cos_p50": -0.9570353010203978, "profile_ndvi_phase_annual_sin_p50": -0.2702660748740832, "profile_ndvi_residual_variance_p50": 0.007142943686337334, "profile_ndvi_trend_p50": 0.009278162128748173, "profile_slope_p50": 9, "profile_vh_iqr_p50": 1.913070716527018, "profile_vh_p10_p50": -18.18736326050109, "profile_vh_p50_p50": -17.095798910231085, "profile_vh_p90_p50": -15.939832783124876, "profile_vv_iqr_p50": 1.7827568678918795, "profile_vv_minus_vh_median_p50": 6.470504915976252, "profile_vv_p10_p50": -11.809996062022115, "profile_vv_p50_p50": -10.652499535179865, "profile_vv_p90_p50": -9.591104676317315, "unit_id": 77}}, {"type": "Feature", "geometry": {"type": "Polygon", "coordinates": [[[85.38900000586747, 21.579689081232793], [85.38935933198111, 21.579689081232793], [85.38935933198111, 21.580048407346442], [85.38944916350952, 21.580048407346442], [85.38944916350952, 21.580138238874852], [85.38953899503794, 21.580138238874852], [85.38953899503794, 21.580228070403265], [85.38980848962318, 21.580228070403265], [85.38980848962318, 21.58040773346009], [85.38998815268, 21.58040773346009], [85.38998815268, 21.580767059573738], [85.38962882656635, 21.580767059573738], [85.38962882656635, 21.580587396516915], [85.38900000586747, 21.580587396516915], [85.38900000586747, 21.5804975649885], [85.38891017433906, 21.5804975649885], [85.38891017433906, 21.580587396516915], [85.38882034281065, 21.580587396516915], [85.38882034281065, 21.5804975649885], [85.38891017433906, 21.5804975649885], [85.38891017433906, 21.58040773346009], [85.38882034281065, 21.58040773346009], [85.38882034281065, 21.57986874428962], [85.38900000586747, 21.57986874428962], [85.38900000586747, 21.579689081232793]]]}, "id": "+49+421", "properties": {"area_ha": 0.8257646903757621, "centroid_lat": 21.58027197669588, "centroid_lon": 85.38932551846501, "cluster_id": 3, "n_pixels": 83, "perim_m": 519.1011986301975, "profile_annual_rainfall_p50": 1382.1430009414753, "profile_aspect_cos_p50": 0.7547095802227726, "profile_aspect_sin_p50": 0.5068723628744278, "profile_canopy_height_max_p50": 16, "profile_canopy_height_p50": 15.000000000000002, "profile_canopy_height_std_p50": 0.479783893252404, "profile_distance_to_water_p50": 463409.50001051987, "profile_elevation_p50": 613, "profile_ndvi_amplitude_annual_p50": 0.21594181849089125, "profile_ndvi_mean_p50": 0.5607553809161441, "profile_ndvi_phase_annual_cos_p50": -0.9570353010203978, "profile_ndvi_phase_annual_sin_p50": -0.2702660748740832, "profile_ndvi_residual_variance_p50": 0.007142943686337334, "profile_ndvi_trend_p50": 0.009278162128748173, "profile_slope_p50": 9, "profile_vh_iqr_p50": 1.913070716527018, "profile_vh_p10_p50": -18.18736326050109, "profile_vh_p50_p50": -17.095798910231085, "profile_vh_p90_p50": -15.939832783124876, "profile_vv_iqr_p50": 1.7827568678918795, "profile_vv_minus_vh_median_p50": 6.470504915976252, "profile_vv_p10_p50": -11.809996062022115, "profile_vv_p50_p50": -10.652499535179865, "profile_vv_p90_p50": -9.591104676317315, "unit_id": 78}}, {"type": "Feature", "geometry": {"type": "Polygon", "coordinates": [[[85.39322208770284, 21.579778912761206], [85.39358141381648, 21.579778912761206], [85.39358141381648, 21.57995857581803], [85.39385090840172, 21.57995857581803], [85.39385090840172, 21.580138238874852], [85.39367124534489, 21.580138238874852], [85.39367124534489, 21.58031790193168], [85.39331191923124, 21.58031790193168], [85.39331191923124, 21.580138238874852], [85.39322208770284, 21.580138238874852], [85.39322208770284, 21.579778912761206]]]}, "id": "+96+420", "properties": {"area_ha": 0.27834802864220803, "centroid_lat": 21.58004840669834, "centroid_lon": 85.39348858723912, "cluster_id": 3, "n_pixels": 28, "perim_m": 249.6043008051468, "profile_annual_rainfall_p50": 1382.1430009414753, "profile_aspect_cos_p50": 0.7547095802227726, "profile_aspect_sin_p50": 0.5068723628744278, "profile_canopy_height_max_p50": 16, "profile_canopy_height_p50": 15.000000000000002, "profile_canopy_height_std_p50": 0.479783893252404, "profile_distance_to_water_p50": 463409.50001051987, "profile_elevation_p50": 613, "profile_ndvi_amplitude_annual_p50": 0.21594181849089125, "profile_ndvi_mean_p50": 0.5607553809161441, "profile_ndvi_phase_annual_cos_p50": -0.9570353010203978, "profile_ndvi_phase_annual_sin_p50": -0.2702660748740832, "profile_ndvi_residual_variance_p50": 0.007142943686337334, "profile_ndvi_trend_p50": 0.009278162128748173, "profile_slope_p50": 9, "profile_vh_iqr_p50": 1.913070716527018, "profile_vh_p10_p50": -18.18736326050109, "profile_vh_p50_p50": -17.095798910231085, "profile_vh_p90_p50": -15.939832783124876, "profile_vv_iqr_p50": 1.7827568678918795, "profile_vv_minus_vh_median_p50": 6.470504915976252, "profile_vv_p10_p50": -11.809996062022115, "profile_vv_p50_p50": -10.652499535179865, "profile_vv_p90_p50": -9.591104676317315, "unit_id": 79}}, {"type": "Feature", "geometry": {"type": "Polygon", "coordinates": [[[85.38684404918558, 21.579689081232793], [85.38765253294129, 21.579689081232793], [85.38765253294129, 21.57986874428962], [85.38747286988446, 21.57986874428962], [85.38747286988446, 21.57995857581803], [85.38765253294129, 21.57995857581803], [85.38765253294129, 21.580048407346442], [85.38720337529924, 21.580048407346442], [85.38720337529924, 21.580138238874852], [85.38711354377082, 21.580138238874852], [85.38711354377082, 21.580048407346442], [85.386933880714, 21.580048407346442], [85.386933880714, 21.57995857581803], [85.38684404918558, 21.57995857581803], [85.38684404918558, 21.580048407346442], [85.38675421765717, 21.580048407346442], [85.38675421765717, 21.57995857581803], [85.38684404918558, 21.57995857581803], [85.38684404918558, 21.579689081232793]]]}, "id": "+30+421", "properties": {"area_ha": 0.3247395233116163, "centroid_lat": 21.579872594376933, "centroid_lon": 85.38722519151437, "cluster_id": 3, "n_pixels": 32, "perim_m": 342.6371842499673, "profile_annual_rainfall_p50": 1382.1430009414753, "profile_aspect_cos_p50": 0.7547095802227726, "profile_aspect_sin_p50": 0.5068723628744278, "profile_canopy_height_max_p50": 16, "profile_canopy_height_p50": 15.000000000000002, "profile_canopy_height_std_p50": 0.479783893252404, "profile_distance_to_water_p50": 463409.50001051987, "profile_elevation_p50": 613, "profile_ndvi_amplitude_annual_p50": 0.21594181849089125, "profile_ndvi_mean_p50": 0.5607553809161441, "profile_ndvi_phase_annual_cos_p50": -0.9570353010203978, "profile_ndvi_phase_annual_sin_p50": -0.2702660748740832, "profile_ndvi_residual_variance_p50": 0.007142943686337334, "profile_ndvi_trend_p50": 0.009278162128748173, "profile_slope_p50": 9, "profile_vh_iqr_p50": 1.913070716527018, "profile_vh_p10_p50": -18.18736326050109, "profile_vh_p50_p50": -17.095798910231085, "profile_vh_p90_p50": -15.939832783124876, "profile_vv_iqr_p50": 1.7827568678918795, "profile_vv_minus_vh_median_p50": 6.470504915976252, "profile_vv_p10_p50": -11.809996062022115, "profile_vv_p50_p50": -10.652499535179865, "profile_vv_p90_p50": -9.591104676317315, "unit_id": 80}}, {"type": "Feature", "geometry": {"type": "Polygon", "coordinates": [[[85.39124579407778, 21.579329755119147], [85.39142545713459, 21.579329755119147], [85.39142545713459, 21.579419586647557], [85.39133562560617, 21.579419586647557], [85.39133562560617, 21.57950941817597], [85.39124579407778, 21.57950941817597], [85.39124579407778, 21.579689081232793], [85.39115596254936, 21.579689081232793], [85.39115596254936, 21.57950941817597], [85.39124579407778, 21.57950941817597], [85.39124579407778, 21.579329755119147]]]}, "id": "+72+425", "properties": {"area_ha": 0.04639151810103774, "centroid_lat": 21.57948246864543, "centroid_lon": 85.39127274436065, "cluster_id": 3, "n_pixels": 5, "perim_m": 135.39220620588347, "profile_annual_rainfall_p50": 1382.1430009414753, "profile_aspect_cos_p50": 0.7547095802227726, "profile_aspect_sin_p50": 0.5068723628744278, "profile_canopy_height_max_p50": 16, "profile_canopy_height_p50": 15.000000000000002, "profile_canopy_height_std_p50": 0.479783893252404, "profile_distance_to_water_p50": 463409.50001051987, "profile_elevation_p50": 613, "profile_ndvi_amplitude_annual_p50": 0.21594181849089125, "profile_ndvi_mean_p50": 0.5607553809161441, "profile_ndvi_phase_annual_cos_p50": -0.9570353010203978, "profile_ndvi_phase_annual_sin_p50": -0.2702660748740832, "profile_ndvi_residual_variance_p50": 0.007142943686337334, "profile_ndvi_trend_p50": 0.009278162128748173, "profile_slope_p50": 9, "profile_vh_iqr_p50": 1.913070716527018, "profile_vh_p10_p50": -18.18736326050109, "profile_vh_p50_p50": -17.095798910231085, "profile_vh_p90_p50": -15.939832783124876, "profile_vv_iqr_p50": 1.7827568678918795, "profile_vv_minus_vh_median_p50": 6.470504915976252, "profile_vv_p10_p50": -11.809996062022115, "profile_vv_p50_p50": -10.652499535179865, "profile_vv_p90_p50": -9.591104676317315, "unit_id": 81}}, {"type": "Feature", "geometry": {"type": "Polygon", "coordinates": [[[85.38666438612876, 21.57852127136344], [85.38675421765717, 21.57852127136344], [85.38675421765717, 21.578611102891852], [85.38666438612876, 21.578611102891852], [85.38666438612876, 21.57906026053391], [85.38657455460034, 21.57906026053391], [85.38657455460034, 21.57915009206232], [85.38711354377082, 21.57915009206232], [85.38711354377082, 21.579329755119147], [85.38639489154352, 21.579329755119147], [85.38639489154352, 21.57915009206232], [85.38630506001512, 21.57915009206232], [85.38630506001512, 21.578970429005498], [85.3862152284867, 21.578970429005498], [85.3862152284867, 21.578880597477088], [85.38630506001512, 21.578880597477088], [85.38630506001512, 21.578790765948675], [85.38648472307193, 21.578790765948675], [85.38648472307193, 21.57870093442026], [85.38657455460034, 21.57870093442026], [85.38657455460034, 21.578611102891852], [85.38666438612876, 21.578611102891852], [85.38666438612876, 21.57852127136344]]]}, "id": "+20+434", "properties": {"area_ha": 0.3340200584084136, "centroid_lat": 21.579052774697843, "centroid_lon": 85.38660948876088, "cluster_id": 3, "n_pixels": 33, "perim_m": 402.317721230287, "profile_annual_rainfall_p50": 1382.1430009414753, "profile_aspect_cos_p50": 0.7547095802227726, "profile_aspect_sin_p50": 0.5068723628744278, "profile_canopy_height_max_p50": 16, "profile_canopy_height_p50": 15.000000000000002, "profile_canopy_height_std_p50": 0.479783893252404, "profile_distance_to_water_p50": 463409.50001051987, "profile_elevation_p50": 613, "profile_ndvi_amplitude_annual_p50": 0.21594181849089125, "profile_ndvi_mean_p50": 0.5607553809161441, "profile_ndvi_phase_annual_cos_p50": -0.9570353010203978, "profile_ndvi_phase_annual_sin_p50": -0.2702660748740832, "profile_ndvi_residual_variance_p50": 0.007142943686337334, "profile_ndvi_trend_p50": 0.009278162128748173, "profile_slope_p50": 9, "profile_vh_iqr_p50": 1.913070716527018, "profile_vh_p10_p50": -18.18736326050109, "profile_vh_p50_p50": -17.095798910231085, "profile_vh_p90_p50": -15.939832783124876, "profile_vv_iqr_p50": 1.7827568678918795, "profile_vv_minus_vh_median_p50": 6.470504915976252, "profile_vv_p10_p50": -11.809996062022115, "profile_vv_p50_p50": -10.652499535179865, "profile_vv_p90_p50": -9.591104676317315, "unit_id": 82}}, {"type": "Feature", "geometry": {"type": "Polygon", "coordinates": [[[85.39367124534489, 21.578611102891852], [85.39474922368584, 21.578611102891852], [85.39474922368584, 21.57870093442026], [85.39483905521425, 21.57870093442026], [85.39483905521425, 21.578970429005498], [85.39474922368584, 21.578970429005498], [85.39474922368584, 21.578880597477088], [85.39465939215742, 21.578880597477088], [85.39465939215742, 21.57870093442026], [85.39412040298696, 21.57870093442026], [85.39412040298696, 21.578880597477088], [85.39403057145854, 21.578880597477088], [85.39403057145854, 21.578970429005498], [85.39412040298696, 21.578970429005498], [85.39412040298696, 21.57906026053391], [85.3944797291006, 21.57906026053391], [85.3944797291006, 21.57915009206232], [85.39438989757218, 21.57915009206232], [85.39438989757218, 21.579239923590734], [85.39456956062901, 21.579239923590734], [85.39456956062901, 21.579419586647557], [85.3944797291006, 21.579419586647557], [85.3944797291006, 21.579329755119147], [85.39438989757218, 21.579329755119147], [85.39438989757218, 21.579419586647557], [85.39403057145854, 21.579419586647557], [85.39403057145854, 21.579599249704383], [85.39385090840172, 21.579599249704383], [85.39385090840172, 21.57950941817597], [85.3937610768733, 21.57950941817597], [85.3937610768733, 21.579329755119147], [85.39367124534489, 21.579329755119147], [85.39367124534489, 21.57915009206232], [85.39358141381648, 21.57915009206232], [85.39358141381648, 21.57906026053391], [85.39367124534489, 21.57906026053391], [85.39367124534489, 21.578970429005498], [85.3937610768733, 21.578970429005498], [85.3937610768733, 21.578880597477088], [85.39367124534489, 21.578880597477088], [85.39367124534489, 21.578790765948675], [85.39358141381648, 21.578790765948675], [85.39358141381648, 21.57870093442026], [85.39367124534489, 21.57870093442026], [85.39367124534489, 21.578611102891852]]]}, "id": "+109+433", "properties": {"area_ha": 0.7144309516753248, "centroid_lat": 21.579044511880028, "centroid_lon": 85.39408365367976, "cluster_id": 3, "n_pixels": 71, "perim_m": 726.3498368002001, "profile_annual_rainfall_p50": 1382.1430009414753, "profile_aspect_cos_p50": 0.7547095802227726, "profile_aspect_sin_p50": 0.5068723628744278, "profile_canopy_height_max_p50": 16, "profile_canopy_height_p50": 15.000000000000002, "profile_canopy_height_std_p50": 0.479783893252404, "profile_distance_to_water_p50": 463409.50001051987, "profile_elevation_p50": 613, "profile_ndvi_amplitude_annual_p50": 0.21594181849089125, "profile_ndvi_mean_p50": 0.5607553809161441, "profile_ndvi_phase_annual_cos_p50": -0.9570353010203978, "profile_ndvi_phase_annual_sin_p50": -0.2702660748740832, "profile_ndvi_residual_variance_p50": 0.007142943686337334, "profile_ndvi_trend_p50": 0.009278162128748173, "profile_slope_p50": 9, "profile_vh_iqr_p50": 1.913070716527018, "profile_vh_p10_p50": -18.18736326050109, "profile_vh_p50_p50": -17.095798910231085, "profile_vh_p90_p50": -15.939832783124876, "profile_vv_iqr_p50": 1.7827568678918795, "profile_vv_minus_vh_median_p50": 6.470504915976252, "profile_vv_p10_p50": -11.809996062022115, "profile_vv_p50_p50": -10.652499535179865, "profile_vv_p90_p50": -9.591104676317315, "unit_id": 83}}, {"type": "Feature", "geometry": {"type": "Polygon", "coordinates": [[[85.39277293006077, 21.578970429005498], [85.39340175075965, 21.578970429005498], [85.39340175075965, 21.57906026053391], [85.39331191923124, 21.57906026053391], [85.39331191923124, 21.57915009206232], [85.39322208770284, 21.57915009206232], [85.39322208770284, 21.57906026053391], [85.39277293006077, 21.57906026053391], [85.39277293006077, 21.578970429005498]]]}, "id": "+94+429", "properties": {"area_ha": 0.0742265769826664, "centroid_lat": 21.579026577717443, "centroid_lon": 85.39310979865363, "cluster_id": 3, "n_pixels": 7, "perim_m": 170.03280918160812, "profile_annual_rainfall_p50": 1382.1430009414753, "profile_aspect_cos_p50": 0.7547095802227726, "profile_aspect_sin_p50": 0.5068723628744278, "profile_canopy_height_max_p50": 16, "profile_canopy_height_p50": 15.000000000000002, "profile_canopy_height_std_p50": 0.479783893252404, "profile_distance_to_water_p50": 463409.50001051987, "profile_elevation_p50": 613, "profile_ndvi_amplitude_annual_p50": 0.21594181849089125, "profile_ndvi_mean_p50": 0.5607553809161441, "profile_ndvi_phase_annual_cos_p50": -0.9570353010203978, "profile_ndvi_phase_annual_sin_p50": -0.2702660748740832, "profile_ndvi_residual_variance_p50": 0.007142943686337334, "profile_ndvi_trend_p50": 0.009278162128748173, "profile_slope_p50": 9, "profile_vh_iqr_p50": 1.913070716527018, "profile_vh_p10_p50": -18.18736326050109, "profile_vh_p50_p50": -17.095798910231085, "profile_vh_p90_p50": -15.939832783124876, "profile_vv_iqr_p50": 1.7827568678918795, "profile_vv_minus_vh_median_p50": 6.470504915976252, "profile_vv_p10_p50": -11.809996062022115, "profile_vv_p50_p50": -10.652499535179865, "profile_vv_p90_p50": -9.591104676317315, "unit_id": 84}}, {"type": "Feature", "geometry": {"type": "Polygon", "coordinates": [[[85.39510854979949, 21.57816194524979], [85.3952882128563, 21.57816194524979], [85.3952882128563, 21.578251776778202], [85.39537804438471, 21.578251776778202], [85.39537804438471, 21.578341608306616], [85.3952882128563, 21.578341608306616], [85.3952882128563, 21.57852127136344], [85.39537804438471, 21.57852127136344], [85.39537804438471, 21.57870093442026], [85.39555770744154, 21.57870093442026], [85.39555770744154, 21.578880597477088], [85.39564753896995, 21.578880597477088], [85.39564753896995, 21.57906026053391], [85.3951983813279, 21.57906026053391], [85.3951983813279, 21.579689081232793], [85.39510854979949, 21.579689081232793], [85.39510854979949, 21.579599249704383], [85.39501871827107, 21.579599249704383], [85.39501871827107, 21.579689081232793], [85.39483905521425, 21.579689081232793], [85.39483905521425, 21.579419586647557], [85.39492888674266, 21.579419586647557], [85.39492888674266, 21.579329755119147], [85.39483905521425, 21.579329755119147], [85.39483905521425, 21.579239923590734], [85.39474922368584, 21.579239923590734], [85.39474922368584, 21.579329755119147], [85.39456956062901, 21.579329755119147], [85.39456956062901, 21.579239923590734], [85.39438989757218, 21.579239923590734], [85.39438989757218, 21.57915009206232], [85.3944797291006, 21.57915009206232], [85.3944797291006, 21.57906026053391], [85.39465939215742, 21.57906026053391], [85.39465939215742, 21.578970429005498], [85.39483905521425, 21.578970429005498], [85.39483905521425, 21.57870093442026], [85.39492888674266, 21.57870093442026], [85.39492888674266, 21.578431439835025], [85.39501871827107, 21.578431439835025], [85.39501871827107, 21.578341608306616], [85.39510854979949, 21.578341608306616], [85.39510854979949, 21.57816194524979]]]}, "id": "+115+438", "properties": {"area_ha": 0.8814421259008792, "centroid_lat": 21.578958608243134, "centroid_lon": 85.39507592741121, "cluster_id": 0, "n_pixels": 88, "perim_m": 675.6754901811094, "profile_annual_rainfall_p50": 1389.0618859946728, "profile_aspect_cos_p50": 0.6018150231520486, "profile_aspect_sin_p50": -0.73135370161918, "profile_canopy_height_max_p50": 18.999999999999996, "profile_canopy_height_p50": 17.999999999999996, "profile_canopy_height_std_p50": 0.47896164760344956, "profile_distance_to_water_p50": 463409.50001051987, "profile_elevation_p50": 599, "profile_ndvi_amplitude_annual_p50": 0.1645757126173892, "profile_ndvi_mean_p50": 0.6933795973494945, "profile_ndvi_phase_annual_cos_p50": -0.9903360943202478, "profile_ndvi_phase_annual_sin_p50": -0.03529632286134516, "profile_ndvi_residual_variance_p50": 0.0076286319537535036, "profile_ndvi_trend_p50": -0.001469060378292216, "profile_slope_p50": 8.999999999999998, "profile_vh_iqr_p50": 1.785357141355483, "profile_vh_p10_p50": -15.442315949719163, "profile_vh_p50_p50": -14.436216371141972, "profile_vh_p90_p50": -13.31348556229533, "profile_vv_iqr_p50": 1.7795729887330036, "profile_vv_minus_vh_median_p50": 6.592325308990033, "profile_vv_p10_p50": -8.81773550051961, "profile_vv_p50_p50": -7.779687327061514, "profile_vv_p90_p50": -6.813910343653095, "unit_id": 85}}, {"type": "Feature", "geometry": {"type": "Polygon", "coordinates": [[[85.39034747879364, 21.578431439835025], [85.39043731032206, 21.578431439835025], [85.39043731032206, 21.57852127136344], [85.39052714185047, 21.57852127136344], [85.39052714185047, 21.578611102891852], [85.39061697337888, 21.578611102891852], [85.39061697337888, 21.578790765948675], [85.39079663643571, 21.578790765948675], [85.39079663643571, 21.578880597477088], [85.3907068049073, 21.578880597477088], [85.3907068049073, 21.579329755119147], [85.39043731032206, 21.579329755119147], [85.39043731032206, 21.579239923590734], [85.39034747879364, 21.579239923590734], [85.39034747879364, 21.578970429005498], [85.39025764726524, 21.578970429005498], [85.39025764726524, 21.578880597477088], [85.39016781573683, 21.578880597477088], [85.39016781573683, 21.57870093442026], [85.39025764726524, 21.57870093442026], [85.39025764726524, 21.57852127136344], [85.39034747879364, 21.57852127136344], [85.39034747879364, 21.578431439835025]]]}, "id": "+61+435", "properties": {"area_ha": 0.37113365658004843, "centroid_lat": 21.578903054809906, "centroid_lon": 85.39047773386528, "cluster_id": 3, "n_pixels": 37, "perim_m": 329.1777212140442, "profile_annual_rainfall_p50": 1382.1430009414753, "profile_aspect_cos_p50": 0.7547095802227726, "profile_aspect_sin_p50": 0.5068723628744278, "profile_canopy_height_max_p50": 16, "profile_canopy_height_p50": 15.000000000000002, "profile_canopy_height_std_p50": 0.479783893252404, "profile_distance_to_water_p50": 463409.50001051987, "profile_elevation_p50": 613, "profile_ndvi_amplitude_annual_p50": 0.21594181849089125, "profile_ndvi_mean_p50": 0.5607553809161441, "profile_ndvi_phase_annual_cos_p50": -0.9570353010203978, "profile_ndvi_phase_annual_sin_p50": -0.2702660748740832, "profile_ndvi_residual_variance_p50": 0.007142943686337334, "profile_ndvi_trend_p50": 0.009278162128748173, "profile_slope_p50": 9, "profile_vh_iqr_p50": 1.913070716527018, "profile_vh_p10_p50": -18.18736326050109, "profile_vh_p50_p50": -17.095798910231085, "profile_vh_p90_p50": -15.939832783124876, "profile_vv_iqr_p50": 1.7827568678918795, "profile_vv_minus_vh_median_p50": 6.470504915976252, "profile_vv_p10_p50": -11.809996062022115, "profile_vv_p50_p50": -10.652499535179865, "profile_vv_p90_p50": -9.591104676317315, "unit_id": 86}}, {"type": "Feature", "geometry": {"type": "Polygon", "coordinates": [[[85.386933880714, 21.578611102891852], [85.38729320682765, 21.578611102891852], [85.38729320682765, 21.57870093442026], [85.38711354377082, 21.57870093442026], [85.38711354377082, 21.578790765948675], [85.38702371224241, 21.578790765948675], [85.38702371224241, 21.57870093442026], [85.386933880714, 21.57870093442026], [85.386933880714, 21.578611102891852]]]}, "id": "+26+433", "properties": {"area_ha": 0.046391757107886004, "centroid_lat": 21.578673989287534, "centroid_lon": 85.38710456129823, "cluster_id": 3, "n_pixels": 5, "perim_m": 114.21301211805802, "profile_annual_rainfall_p50": 1382.1430009414753, "profile_aspect_cos_p50": 0.7547095802227726, "profile_aspect_sin_p50": 0.5068723628744278, "profile_canopy_height_max_p50": 16, "profile_canopy_height_p50": 15.000000000000002, "profile_canopy_height_std_p50": 0.479783893252404, "profile_distance_to_water_p50": 463409.50001051987, "profile_elevation_p50": 613, "profile_ndvi_amplitude_annual_p50": 0.21594181849089125, "profile_ndvi_mean_p50": 0.5607553809161441, "profile_ndvi_phase_annual_cos_p50": -0.9570353010203978, "profile_ndvi_phase_annual_sin_p50": -0.2702660748740832, "profile_ndvi_residual_variance_p50": 0.007142943686337334, "profile_ndvi_trend_p50": 0.009278162128748173, "profile_slope_p50": 9, "profile_vh_iqr_p50": 1.913070716527018, "profile_vh_p10_p50": -18.18736326050109, "profile_vh_p50_p50": -17.095798910231085, "profile_vh_p90_p50": -15.939832783124876, "profile_vv_iqr_p50": 1.7827568678918795, "profile_vv_minus_vh_median_p50": 6.470504915976252, "profile_vv_p10_p50": -11.809996062022115, "profile_vv_p50_p50": -10.652499535179865, "profile_vv_p90_p50": -9.591104676317315, "unit_id": 87}}, {"type": "Feature", "geometry": {"type": "Polygon", "coordinates": [[[85.39025764726524, 21.576904303852025], [85.39097629949254, 21.576904303852025], [85.39097629949254, 21.576994135380435], [85.39106613102095, 21.576994135380435], [85.39106613102095, 21.577173798437258], [85.39115596254936, 21.577173798437258], [85.39115596254936, 21.57726362996567], [85.39124579407778, 21.57726362996567], [85.39124579407778, 21.577083966908848], [85.39133562560617, 21.577083966908848], [85.39133562560617, 21.577173798437258], [85.39142545713459, 21.577173798437258], [85.39142545713459, 21.57726362996567], [85.39133562560617, 21.57726362996567], [85.39133562560617, 21.577353461494084], [85.39124579407778, 21.577353461494084], [85.39124579407778, 21.577443293022494], [85.39115596254936, 21.577443293022494], [85.39115596254936, 21.57762295607932], [85.39106613102095, 21.57762295607932], [85.39106613102095, 21.57771278760773], [85.39097629949254, 21.57771278760773], [85.39097629949254, 21.57807211372138], [85.39052714185047, 21.57807211372138], [85.39052714185047, 21.578251776778202], [85.39043731032206, 21.578251776778202], [85.39043731032206, 21.57816194524979], [85.39034747879364, 21.57816194524979], [85.39034747879364, 21.578251776778202], [85.39007798420842, 21.578251776778202], [85.39007798420842, 21.57816194524979], [85.38998815268, 21.57816194524979], [85.38998815268, 21.57807211372138], [85.38980848962318, 21.57807211372138], [85.38980848962318, 21.577892450664557], [85.38944916350952, 21.577892450664557], [85.38944916350952, 21.577982282192966], [85.38926950045271, 21.577982282192966], [85.38926950045271, 21.57807211372138], [85.38944916350952, 21.57807211372138], [85.38944916350952, 21.57852127136344], [85.38926950045271, 21.57852127136344], [85.38926950045271, 21.578431439835025], [85.3891796689243, 21.578431439835025], [85.3891796689243, 21.578611102891852], [85.38908983739589, 21.578611102891852], [85.38908983739589, 21.578790765948675], [85.388461016697, 21.578790765948675], [85.388461016697, 21.57870093442026], [85.38828135364018, 21.57870093442026], [85.38828135364018, 21.578790765948675], [85.38801185905494, 21.578790765948675], [85.38801185905494, 21.578431439835025], [85.38792202752653, 21.578431439835025], [85.38792202752653, 21.57852127136344], [85.38783219599812, 21.57852127136344], [85.38783219599812, 21.577892450664557], [85.38810169058335, 21.577892450664557], [85.38810169058335, 21.577982282192966], [85.38819152211177, 21.577982282192966], [85.38819152211177, 21.57807211372138], [85.38837118516858, 21.57807211372138], [85.38837118516858, 21.577892450664557], [85.38873051128223, 21.577892450664557], [85.38873051128223, 21.577802619136143], [85.38882034281065, 21.577802619136143], [85.38882034281065, 21.577892450664557], [85.38891017433906, 21.577892450664557], [85.38891017433906, 21.577802619136143], [85.38900000586747, 21.577802619136143], [85.38900000586747, 21.577892450664557], [85.3891796689243, 21.577892450664557], [85.3891796689243, 21.577802619136143], [85.38908983739589, 21.577802619136143], [85.38908983739589, 21.57771278760773], [85.3891796689243, 21.57771278760773], [85.3891796689243, 21.57762295607932], [85.38935933198111, 21.57762295607932], [85.38935933198111, 21.57771278760773], [85.38944916350952, 21.57771278760773], [85.38944916350952, 21.577083966908848], [85.38953899503794, 21.577083966908848], [85.38953899503794, 21.577173798437258], [85.38989832115159, 21.577173798437258], [85.38989832115159, 21.57726362996567], [85.38998815268, 21.57726362996567], [85.38998815268, 21.577173798437258], [85.39007798420842, 21.577173798437258], [85.39007798420842, 21.577083966908848], [85.39025764726524, 21.577083966908848], [85.39025764726524, 21.576904303852025]], [[85.38935933198111, 21.57771278760773], [85.3891796689243, 21.57771278760773], [85.3891796689243, 21.577802619136143], [85.38935933198111, 21.577802619136143], [85.38935933198111, 21.57771278760773]], [[85.39043731032206, 21.577353461494084], [85.39034747879364, 21.577353461494084], [85.39034747879364, 21.577443293022494], [85.39025764726524, 21.577443293022494], [85.39025764726524, 21.577533124550907], [85.39016781573683, 21.577533124550907], [85.39016781573683, 21.57762295607932], [85.39025764726524, 21.57762295607932], [85.39025764726524, 21.57771278760773], [85.39052714185047, 21.57771278760773], [85.39052714185047, 21.57762295607932], [85.39061697337888, 21.57762295607932], [85.39061697337888, 21.577443293022494], [85.39043731032206, 21.577443293022494], [85.39043731032206, 21.577353461494084]]]}, "id": "+67+452", "properties": {"area_ha": 3.3866187002179156, "centroid_lat": 21.57786796358516, "centroid_lon": 85.38960852682355, "cluster_id": 3, "n_pixels": 339, "perim_m": 1785.7437126499374, "profile_annual_rainfall_p50": 1382.1430009414753, "profile_aspect_cos_p50": 0.7547095802227726, "profile_aspect_sin_p50": 0.5068723628744278, "profile_canopy_height_max_p50": 16, "profile_canopy_height_p50": 15.000000000000002, "profile_canopy_height_std_p50": 0.479783893252404, "profile_distance_to_water_p50": 463409.50001051987, "profile_elevation_p50": 613, "profile_ndvi_amplitude_annual_p50": 0.21594181849089125, "profile_ndvi_mean_p50": 0.5607553809161441, "profile_ndvi_phase_annual_cos_p50": -0.9570353010203978, "profile_ndvi_phase_annual_sin_p50": -0.2702660748740832, "profile_ndvi_residual_variance_p50": 0.007142943686337334, "profile_ndvi_trend_p50": 0.009278162128748173, "profile_slope_p50": 9, "profile_vh_iqr_p50": 1.913070716527018, "profile_vh_p10_p50": -18.18736326050109, "profile_vh_p50_p50": -17.095798910231085, "profile_vh_p90_p50": -15.939832783124876, "profile_vv_iqr_p50": 1.7827568678918795, "profile_vv_minus_vh_median_p50": 6.470504915976252, "profile_vv_p10_p50": -11.809996062022115, "profile_vv_p50_p50": -10.652499535179865, "profile_vv_p90_p50": -9.591104676317315, "unit_id": 88}}, {"type": "Feature", "geometry": {"type": "Polygon", "coordinates": [[[85.38558640778781, 21.5767246407952], [85.38594573390147, 21.5767246407952], [85.38594573390147, 21.57726362996567], [85.3862152284867, 21.57726362996567], [85.3862152284867, 21.577173798437258], [85.38648472307193, 21.577173798437258], [85.38648472307193, 21.57726362996567], [85.38630506001512, 21.57726362996567], [85.38630506001512, 21.577353461494084], [85.38675421765717, 21.577353461494084], [85.38675421765717, 21.577173798437258], [85.38684404918558, 21.577173798437258], [85.38684404918558, 21.577353461494084], [85.386933880714, 21.577353461494084], [85.386933880714, 21.57726362996567], [85.38711354377082, 21.57726362996567], [85.38711354377082, 21.577353461494084], [85.38720337529924, 21.577353461494084], [85.38720337529924, 21.57726362996567], [85.38729320682765, 21.57726362996567], [85.38729320682765, 21.577353461494084], [85.38738303835605, 21.577353461494084], [85.38738303835605, 21.577443293022494], [85.38747286988446, 21.577443293022494], [85.38747286988446, 21.577533124550907], [85.38729320682765, 21.577533124550907], [85.38729320682765, 21.57771278760773], [85.38720337529924, 21.57771278760773], [85.38720337529924, 21.57762295607932], [85.38711354377082, 21.57762295607932], [85.38711354377082, 21.57771278760773], [85.386933880714, 21.57771278760773], [85.386933880714, 21.577802619136143], [85.38702371224241, 21.577802619136143], [85.38702371224241, 21.577982282192966], [85.386933880714, 21.577982282192966], [85.386933880714, 21.57816194524979], [85.38702371224241, 21.57816194524979], [85.38702371224241, 21.57807211372138], [85.38711354377082, 21.57807211372138], [85.38711354377082, 21.578251776778202], [85.38720337529924, 21.578251776778202], [85.38720337529924, 21.57807211372138], [85.38729320682765, 21.57807211372138], [85.38729320682765, 21.578341608306616], [85.38720337529924, 21.578341608306616], [85.38720337529924, 21.578431439835025], [85.38729320682765, 21.578431439835025], [85.38729320682765, 21.578611102891852], [85.38675421765717, 21.578611102891852], [85.38675421765717, 21.57852127136344], [85.38666438612876, 21.57852127136344], [85.38666438612876, 21.578611102891852], [85.38657455460034, 21.578611102891852], [85.38657455460034, 21.57870093442026], [85.38648472307193, 21.57870093442026], [85.38648472307193, 21.578790765948675], [85.38630506001512, 21.578790765948675], [85.38630506001512, 21.578880597477088], [85.3862152284867, 21.578880597477088], [85.3862152284867, 21.578790765948675], [85.38612539695829, 21.578790765948675], [85.38612539695829, 21.578611102891852], [85.38603556542988, 21.578611102891852], [85.38603556542988, 21.578431439835025], [85.38594573390147, 21.578431439835025], [85.38594573390147, 21.578251776778202], [85.38585590237305, 21.578251776778202], [85.38585590237305, 21.57807211372138], [85.38594573390147, 21.57807211372138], [85.38594573390147, 21.577892450664557], [85.38585590237305, 21.577892450664557], [85.38585590237305, 21.57771278760773], [85.38576607084464, 21.57771278760773], [85.38576607084464, 21.577802619136143], [85.38567623931623, 21.577802619136143], [85.38567623931623, 21.57771278760773], [85.38558640778781, 21.57771278760773], [85.38558640778781, 21.577533124550907], [85.3854965762594, 21.577533124550907], [85.3854965762594, 21.577353461494084], [85.38540674473099, 21.577353461494084], [85.38540674473099, 21.577173798437258], [85.3854965762594, 21.577173798437258], [85.3854965762594, 21.57726362996567], [85.38558640778781, 21.57726362996567], [85.38558640778781, 21.577173798437258], [85.38585590237305, 21.577173798437258], [85.38585590237305, 21.577083966908848], [85.38576607084464, 21.577083966908848], [85.38576607084464, 21.576904303852025], [85.38567623931623, 21.576904303852025], [85.38567623931623, 21.576814472323612], [85.38558640778781, 21.576814472323612], [85.38558640778781, 21.5767246407952]]]}, "id": "+11+454", "properties": {"area_ha": 2.403107761647098, "centroid_lat": 21.577854470784736, "centroid_lon": 85.38642732035056, "cluster_id": 2, "n_pixels": 240, "perim_m": 1367.3903571015462, "profile_annual_rainfall_p50": 1382.1430009414212, "profile_aspect_cos_p50": 0.9306392844948703, "profile_aspect_sin_p50": 0.19080899537654517, "profile_canopy_height_max_p50": 18, "profile_canopy_height_p50": 17, "profile_canopy_height_std_p50": 0.4794236577393559, "profile_distance_to_water_p50": 463409.50001051987, "profile_elevation_p50": 674, "profile_ndvi_amplitude_annual_p50": 0.13717737733685914, "profile_ndvi_mean_p50": 0.7245941191952479, "profile_ndvi_phase_annual_cos_p50": -0.9774692632437953, "profile_ndvi_phase_annual_sin_p50": 0.13663281218959694, "profile_ndvi_residual_variance_p50": 0.007267605532830428, "profile_ndvi_trend_p50": -0.0024415438777803606, "profile_slope_p50": 13.999999999999998, "profile_vh_iqr_p50": 1.784515099020379, "profile_vh_p10_p50": -16.938543775042092, "profile_vh_p50_p50": -15.906629159938069, "profile_vh_p90_p50": -14.841751142661245, "profile_vv_iqr_p50": 1.7775517247607724, "profile_vv_minus_vh_median_p50": 6.217328384905438, "profile_vv_p10_p50": -10.781638069820422, "profile_vv_p50_p50": -9.718235182430242, "profile_vv_p90_p50": -8.656536091100744, "unit_id": 89}}, {"type": "Feature", "geometry": {"type": "Polygon", "coordinates": [[[85.3921441093619, 21.574119526471254], [85.39277293006077, 21.574119526471254], [85.39277293006077, 21.574209357999663], [85.39286276158919, 21.574209357999663], [85.39286276158919, 21.574299189528077], [85.3929525931176, 21.574299189528077], [85.3929525931176, 21.57438902105649], [85.39313225617443, 21.57438902105649], [85.39313225617443, 21.574299189528077], [85.39322208770284, 21.574299189528077], [85.39322208770284, 21.5744788525849], [85.39304242464601, 21.5744788525849], [85.39304242464601, 21.574568684113313], [85.39331191923124, 21.574568684113313], [85.39331191923124, 21.57492801022696], [85.39322208770284, 21.57492801022696], [85.39322208770284, 21.575287336340608], [85.39331191923124, 21.575287336340608], [85.39331191923124, 21.57546699939743], [85.39322208770284, 21.57546699939743], [85.39322208770284, 21.575556830925844], [85.39331191923124, 21.575556830925844], [85.39331191923124, 21.575646662454258], [85.39340175075965, 21.575646662454258], [85.39340175075965, 21.575736493982667], [85.39331191923124, 21.575736493982667], [85.39331191923124, 21.576095820096317], [85.39322208770284, 21.576095820096317], [85.39322208770284, 21.576455146209963], [85.39331191923124, 21.576455146209963], [85.39331191923124, 21.5767246407952], [85.39340175075965, 21.5767246407952], [85.39340175075965, 21.576814472323612], [85.39358141381648, 21.576814472323612], [85.39358141381648, 21.577083966908848], [85.39349158228806, 21.577083966908848], [85.39349158228806, 21.577173798437258], [85.39340175075965, 21.577173798437258], [85.39340175075965, 21.577353461494084], [85.39331191923124, 21.577353461494084], [85.39331191923124, 21.577533124550907], [85.39340175075965, 21.577533124550907], [85.39340175075965, 21.57762295607932], [85.39349158228806, 21.57762295607932], [85.39349158228806, 21.57771278760773], [85.39367124534489, 21.57771278760773], [85.39367124534489, 21.577802619136143], [85.3937610768733, 21.577802619136143], [85.3937610768733, 21.577982282192966], [85.39385090840172, 21.577982282192966], [85.39385090840172, 21.57807211372138], [85.39394073993013, 21.57807211372138], [85.39394073993013, 21.57816194524979], [85.39385090840172, 21.57816194524979], [85.39385090840172, 21.57807211372138], [85.3937610768733, 21.57807211372138], [85.3937610768733, 21.57816194524979], [85.39367124534489, 21.57816194524979], [85.39367124534489, 21.578251776778202], [85.39358141381648, 21.578251776778202], [85.39358141381648, 21.57852127136344], [85.39412040298696, 21.57852127136344], [85.39412040298696, 21.578611102891852], [85.39367124534489, 21.578611102891852], [85.39367124534489, 21.57870093442026], [85.39358141381648, 21.57870093442026], [85.39358141381648, 21.578790765948675], [85.39367124534489, 21.578790765948675], [85.39367124534489, 21.578880597477088], [85.3937610768733, 21.578880597477088], [85.3937610768733, 21.578970429005498], [85.39367124534489, 21.578970429005498], [85.39367124534489, 21.57906026053391], [85.39340175075965, 21.57906026053391], [85.39340175075965, 21.578970429005498], [85.39277293006077, 21.578970429005498], [85.39277293006077, 21.57906026053391], [85.39268309853236, 21.57906026053391], [85.39268309853236, 21.579239923590734], [85.39259326700395, 21.579239923590734], [85.39259326700395, 21.579329755119147], [85.39250343547553, 21.579329755119147], [85.39250343547553, 21.579419586647557], [85.39259326700395, 21.579419586647557], [85.39259326700395, 21.579599249704383], [85.39241360394712, 21.579599249704383], [85.39241360394712, 21.579689081232793], [85.3923237724187, 21.579689081232793], [85.3923237724187, 21.57950941817597], [85.3921441093619, 21.57950941817597], [85.3921441093619, 21.579419586647557], [85.39205427783348, 21.579419586647557], [85.39205427783348, 21.579329755119147], [85.39196444630507, 21.579329755119147], [85.39196444630507, 21.579419586647557], [85.39187461477665, 21.579419586647557], [85.39187461477665, 21.579599249704383], [85.39205427783348, 21.579599249704383], [85.39205427783348, 21.579778912761206], [85.3923237724187, 21.579778912761206], [85.3923237724187, 21.57995857581803], [85.39187461477665, 21.57995857581803], [85.39187461477665, 21.579778912761206], [85.39178478324824, 21.579778912761206], [85.39178478324824, 21.57986874428962], [85.39142545713459, 21.57986874428962], [85.39142545713459, 21.579778912761206], [85.39124579407778, 21.579778912761206], [85.39124579407778, 21.57950941817597], [85.39133562560617, 21.57950941817597], [85.39133562560617, 21.579419586647557], [85.39142545713459, 21.579419586647557], [85.39142545713459, 21.579329755119147], [85.391515288663, 21.579329755119147], [85.391515288663, 21.57915009206232], [85.39178478324824, 21.57915009206232], [85.39178478324824, 21.57906026053391], [85.39187461477665, 21.57906026053391], [85.39187461477665, 21.578970429005498], [85.3921441093619, 21.578970429005498], [85.3921441093619, 21.578880597477088], [85.39187461477665, 21.578880597477088], [85.39187461477665, 21.578790765948675], [85.39169495171983, 21.578790765948675], [85.39169495171983, 21.57852127136344], [85.39160512019141, 21.57852127136344], [85.39160512019141, 21.578431439835025], [85.391515288663, 21.578431439835025], [85.391515288663, 21.578251776778202], [85.39160512019141, 21.578251776778202], [85.39160512019141, 21.57807211372138], [85.391515288663, 21.57807211372138], [85.391515288663, 21.577892450664557], [85.39142545713459, 21.577892450664557], [85.39142545713459, 21.57771278760773], [85.39133562560617, 21.57771278760773], [85.39133562560617, 21.57762295607932], [85.39115596254936, 21.57762295607932], [85.39115596254936, 21.577443293022494], [85.39124579407778, 21.577443293022494], [85.39124579407778, 21.577353461494084], [85.39133562560617, 21.577353461494084], [85.39133562560617, 21.57726362996567], [85.39142545713459, 21.57726362996567], [85.39142545713459, 21.577173798437258], [85.39133562560617, 21.577173798437258], [85.39133562560617, 21.577083966908848], [85.39124579407778, 21.577083966908848], [85.39124579407778, 21.57726362996567], [85.39115596254936, 21.57726362996567], [85.39115596254936, 21.577173798437258], [85.39106613102095, 21.577173798437258], [85.39106613102095, 21.576994135380435], [85.39097629949254, 21.576994135380435], [85.39097629949254, 21.576904303852025], [85.39124579407778, 21.576904303852025], [85.39124579407778, 21.57663480926679], [85.391515288663, 21.57663480926679], [85.391515288663, 21.576544977738376], [85.39142545713459, 21.576544977738376], [85.39142545713459, 21.576455146209963], [85.39124579407778, 21.576455146209963], [85.39124579407778, 21.576365314681553], [85.39133562560617, 21.576365314681553], [85.39133562560617, 21.57627548315314], [85.39205427783348, 21.57627548315314], [85.39205427783348, 21.576185651624726], [85.3923237724187, 21.576185651624726], [85.3923237724187, 21.576095820096317], [85.39286276158919, 21.576095820096317], [85.39286276158919, 21.576005988567903], [85.39304242464601, 21.576005988567903], [85.39304242464601, 21.57591615703949], [85.3929525931176, 21.57591615703949], [85.3929525931176, 21.575556830925844], [85.39277293006077, 21.575556830925844], [85.39277293006077, 21.57546699939743], [85.39268309853236, 21.57546699939743], [85.39268309853236, 21.57537716786902], [85.39259326700395, 21.57537716786902], [85.39259326700395, 21.575197504812195], [85.39250343547553, 21.575197504812195], [85.39250343547553, 21.575107673283785], [85.39241360394712, 21.575107673283785], [85.39241360394712, 21.57492801022696], [85.3921441093619, 21.57492801022696], [85.3921441093619, 21.57483817869855], [85.39196444630507, 21.57483817869855], [85.39196444630507, 21.57492801022696], [85.39187461477665, 21.57492801022696], [85.39187461477665, 21.574568684113313], [85.39178478324824, 21.574568684113313], [85.39178478324824, 21.5744788525849], [85.39187461477665, 21.5744788525849], [85.39187461477665, 21.574209357999663], [85.3921441093619, 21.574209357999663], [85.3921441093619, 21.574119526471254]]]}, "id": "+87+483", "properties": {"area_ha": 9.686698185652988, "centroid_lat": 21.577253377085587, "centroid_lon": 85.39248175358593, "cluster_id": 0, "n_pixels": 969, "perim_m": 3130.6731161494968, "profile_annual_rainfall_p50": 1389.0618859946728, "profile_aspect_cos_p50": 0.6018150231520486, "profile_aspect_sin_p50": -0.73135370161918, "profile_canopy_height_max_p50": 18.999999999999996, "profile_canopy_height_p50": 17.999999999999996, "profile_canopy_height_std_p50": 0.47896164760344956, "profile_distance_to_water_p50": 463409.50001051987, "profile_elevation_p50": 599, "profile_ndvi_amplitude_annual_p50": 0.1645757126173892, "profile_ndvi_mean_p50": 0.6933795973494945, "profile_ndvi_phase_annual_cos_p50": -0.9903360943202478, "profile_ndvi_phase_annual_sin_p50": -0.03529632286134516, "profile_ndvi_residual_variance_p50": 0.0076286319537535036, "profile_ndvi_trend_p50": -0.001469060378292216, "profile_slope_p50": 8.999999999999998, "profile_vh_iqr_p50": 1.785357141355483, "profile_vh_p10_p50": -15.442315949719163, "profile_vh_p50_p50": -14.436216371141972, "profile_vh_p90_p50": -13.31348556229533, "profile_vv_iqr_p50": 1.7795729887330036, "profile_vv_minus_vh_median_p50": 6.592325308990033, "profile_vv_p10_p50": -8.81773550051961, "profile_vv_p50_p50": -7.779687327061514, "profile_vv_p90_p50": -6.813910343653095, "unit_id": 90}}, {"type": "Feature", "geometry": {"type": "Polygon", "coordinates": [[[85.39286276158919, 21.573850031886018], [85.3929525931176, 21.573850031886018], [85.3929525931176, 21.573939863414427], [85.39313225617443, 21.573939863414427], [85.39313225617443, 21.57402969494284], [85.39331191923124, 21.57402969494284], [85.39331191923124, 21.574119526471254], [85.39340175075965, 21.574119526471254], [85.39340175075965, 21.574209357999663], [85.39349158228806, 21.574209357999663], [85.39349158228806, 21.57438902105649], [85.39358141381648, 21.57438902105649], [85.39358141381648, 21.5744788525849], [85.39340175075965, 21.5744788525849], [85.39340175075965, 21.574658515641726], [85.39358141381648, 21.574658515641726], [85.39358141381648, 21.574748347170136], [85.39367124534489, 21.574748347170136], [85.39367124534489, 21.57483817869855], [85.3937610768733, 21.57483817869855], [85.3937610768733, 21.575017841755372], [85.39358141381648, 21.575017841755372], [85.39358141381648, 21.575287336340608], [85.39349158228806, 21.575287336340608], [85.39349158228806, 21.57537716786902], [85.39367124534489, 21.57537716786902], [85.39367124534489, 21.57546699939743], [85.3937610768733, 21.57546699939743], [85.3937610768733, 21.575556830925844], [85.39358141381648, 21.575556830925844], [85.39358141381648, 21.57582632551108], [85.39349158228806, 21.57582632551108], [85.39349158228806, 21.576005988567903], [85.39340175075965, 21.576005988567903], [85.39340175075965, 21.576185651624726], [85.39358141381648, 21.576185651624726], [85.39358141381648, 21.576365314681553], [85.3937610768733, 21.576365314681553], [85.3937610768733, 21.57627548315314], [85.39385090840172, 21.57627548315314], [85.39385090840172, 21.576365314681553], [85.3937610768733, 21.576365314681553], [85.3937610768733, 21.57663480926679], [85.39385090840172, 21.57663480926679], [85.39385090840172, 21.5767246407952], [85.39394073993013, 21.5767246407952], [85.39394073993013, 21.576814472323612], [85.39421023451537, 21.576814472323612], [85.39421023451537, 21.576904303852025], [85.39438989757218, 21.576904303852025], [85.39438989757218, 21.576994135380435], [85.3944797291006, 21.576994135380435], [85.3944797291006, 21.5767246407952], [85.39474922368584, 21.5767246407952], [85.39474922368584, 21.576904303852025], [85.39483905521425, 21.576904303852025], [85.39483905521425, 21.577173798437258], [85.39492888674266, 21.577173798437258], [85.39492888674266, 21.577353461494084], [85.39501871827107, 21.577353461494084], [85.39501871827107, 21.57762295607932], [85.39510854979949, 21.57762295607932], [85.39510854979949, 21.577802619136143], [85.3951983813279, 21.577802619136143], [85.3951983813279, 21.577982282192966], [85.3952882128563, 21.577982282192966], [85.3952882128563, 21.57816194524979], [85.39510854979949, 21.57816194524979], [85.39510854979949, 21.578341608306616], [85.39501871827107, 21.578341608306616], [85.39501871827107, 21.578431439835025], [85.39492888674266, 21.578431439835025], [85.39492888674266, 21.57870093442026], [85.39474922368584, 21.57870093442026], [85.39474922368584, 21.578611102891852], [85.39412040298696, 21.578611102891852], [85.39412040298696, 21.57852127136344], [85.39358141381648, 21.57852127136344], [85.39358141381648, 21.578251776778202], [85.39367124534489, 21.578251776778202], [85.39367124534489, 21.57816194524979], [85.3937610768733, 21.57816194524979], [85.3937610768733, 21.57807211372138], [85.39385090840172, 21.57807211372138], [85.39385090840172, 21.577982282192966], [85.3937610768733, 21.577982282192966], [85.3937610768733, 21.577802619136143], [85.39367124534489, 21.577802619136143], [85.39367124534489, 21.57771278760773], [85.39349158228806, 21.57771278760773], [85.39349158228806, 21.57762295607932], [85.39340175075965, 21.57762295607932], [85.39340175075965, 21.577533124550907], [85.39331191923124, 21.577533124550907], [85.39331191923124, 21.577353461494084], [85.39340175075965, 21.577353461494084], [85.39340175075965, 21.577173798437258], [85.39349158228806, 21.577173798437258], [85.39349158228806, 21.577083966908848], [85.39358141381648, 21.577083966908848], [85.39358141381648, 21.576814472323612], [85.39340175075965, 21.576814472323612], [85.39340175075965, 21.5767246407952], [85.39331191923124, 21.5767246407952], [85.39331191923124, 21.576455146209963], [85.39322208770284, 21.576455146209963], [85.39322208770284, 21.576095820096317], [85.39331191923124, 21.576095820096317], [85.39331191923124, 21.575736493982667], [85.39340175075965, 21.575736493982667], [85.39340175075965, 21.575646662454258], [85.39331191923124, 21.575646662454258], [85.39331191923124, 21.575556830925844], [85.39322208770284, 21.575556830925844], [85.39322208770284, 21.57546699939743], [85.39331191923124, 21.57546699939743], [85.39331191923124, 21.575287336340608], [85.39322208770284, 21.575287336340608], [85.39322208770284, 21.57492801022696], [85.39331191923124, 21.57492801022696], [85.39331191923124, 21.574568684113313], [85.39304242464601, 21.574568684113313], [85.39304242464601, 21.5744788525849], [85.39322208770284, 21.5744788525849], [85.39322208770284, 21.574299189528077], [85.39313225617443, 21.574299189528077], [85.39313225617443, 21.57438902105649], [85.3929525931176, 21.57438902105649], [85.3929525931176, 21.574299189528077], [85.39286276158919, 21.574299189528077], [85.39286276158919, 21.574209357999663], [85.39277293006077, 21.574209357999663], [85.39277293006077, 21.57402969494284], [85.39286276158919, 21.57402969494284], [85.39286276158919, 21.573850031886018]], [[85.39394073993013, 21.57807211372138], [85.39385090840172, 21.57807211372138], [85.39385090840172, 21.57816194524979], [85.39394073993013, 21.57816194524979], [85.39394073993013, 21.57807211372138]]]}, "id": "+89+486", "properties": {"area_ha": 4.175308172912391, "centroid_lat": 21.577015285837458, "centroid_lon": 85.39404094470805, "cluster_id": 2, "n_pixels": 418, "perim_m": 2142.541956505238, "profile_annual_rainfall_p50": 1382.1430009414212, "profile_aspect_cos_p50": 0.9306392844948703, "profile_aspect_sin_p50": 0.19080899537654517, "profile_canopy_height_max_p50": 18, "profile_canopy_height_p50": 17, "profile_canopy_height_std_p50": 0.4794236577393559, "profile_distance_to_water_p50": 463409.50001051987, "profile_elevation_p50": 674, "profile_ndvi_amplitude_annual_p50": 0.13717737733685914, "profile_ndvi_mean_p50": 0.7245941191952479, "profile_ndvi_phase_annual_cos_p50": -0.9774692632437953, "profile_ndvi_phase_annual_sin_p50": 0.13663281218959694, "profile_ndvi_residual_variance_p50": 0.007267605532830428, "profile_ndvi_trend_p50": -0.0024415438777803606, "profile_slope_p50": 13.999999999999998, "profile_vh_iqr_p50": 1.784515099020379, "profile_vh_p10_p50": -16.938543775042092, "profile_vh_p50_p50": -15.906629159938069, "profile_vh_p90_p50": -14.841751142661245, "profile_vv_iqr_p50": 1.7775517247607724, "profile_vv_minus_vh_median_p50": 6.217328384905438, "profile_vv_p10_p50": -10.781638069820422, "profile_vv_p50_p50": -9.718235182430242, "profile_vv_p90_p50": -8.656536091100744, "unit_id": 91}}, {"type": "Feature", "geometry": {"type": "Polygon", "coordinates": [[[85.38585590237305, 21.574119526471254], [85.38612539695829, 21.574119526471254], [85.38612539695829, 21.574568684113313], [85.38603556542988, 21.574568684113313], [85.38603556542988, 21.574658515641726], [85.3862152284867, 21.574658515641726], [85.3862152284867, 21.574748347170136], [85.38639489154352, 21.574748347170136], [85.38639489154352, 21.57483817869855], [85.38648472307193, 21.57483817869855], [85.38648472307193, 21.57492801022696], [85.38666438612876, 21.57492801022696], [85.38666438612876, 21.575107673283785], [85.38675421765717, 21.575107673283785], [85.38675421765717, 21.575197504812195], [85.38684404918558, 21.575197504812195], [85.38684404918558, 21.57537716786902], [85.38702371224241, 21.57537716786902], [85.38702371224241, 21.575107673283785], [85.38711354377082, 21.575107673283785], [85.38711354377082, 21.57483817869855], [85.38738303835605, 21.57483817869855], [85.38738303835605, 21.574748347170136], [85.38729320682765, 21.574748347170136], [85.38729320682765, 21.574658515641726], [85.38747286988446, 21.574658515641726], [85.38747286988446, 21.574748347170136], [85.38765253294129, 21.574748347170136], [85.38765253294129, 21.57492801022696], [85.38783219599812, 21.57492801022696], [85.38783219599812, 21.575107673283785], [85.38801185905494, 21.575107673283785], [85.38801185905494, 21.57483817869855], [85.38792202752653, 21.57483817869855], [85.38792202752653, 21.574748347170136], [85.38801185905494, 21.574748347170136], [85.38801185905494, 21.574658515641726], [85.38810169058335, 21.574658515641726], [85.38810169058335, 21.5744788525849], [85.38828135364018, 21.5744788525849], [85.38828135364018, 21.574748347170136], [85.38837118516858, 21.574748347170136], [85.38837118516858, 21.57483817869855], [85.388461016697, 21.57483817869855], [85.388461016697, 21.575107673283785], [85.3885508482254, 21.575107673283785], [85.3885508482254, 21.57546699939743], [85.38828135364018, 21.57546699939743], [85.38828135364018, 21.575736493982667], [85.388461016697, 21.575736493982667], [85.388461016697, 21.576005988567903], [85.38864067975382, 21.576005988567903], [85.38864067975382, 21.57591615703949], [85.38873051128223, 21.57591615703949], [85.38873051128223, 21.576185651624726], [85.38882034281065, 21.576185651624726], [85.38882034281065, 21.576365314681553], [85.38891017433906, 21.576365314681553], [85.38891017433906, 21.576455146209963], [85.38900000586747, 21.576455146209963], [85.38900000586747, 21.576365314681553], [85.3891796689243, 21.576365314681553], [85.3891796689243, 21.57627548315314], [85.38900000586747, 21.57627548315314], [85.38900000586747, 21.576005988567903], [85.38908983739589, 21.576005988567903], [85.38908983739589, 21.57591615703949], [85.3891796689243, 21.57591615703949], [85.3891796689243, 21.576185651624726], [85.38935933198111, 21.576185651624726], [85.38935933198111, 21.576095820096317], [85.38953899503794, 21.576095820096317], [85.38953899503794, 21.57591615703949], [85.38989832115159, 21.57591615703949], [85.38989832115159, 21.576005988567903], [85.39007798420842, 21.576005988567903], [85.39007798420842, 21.576185651624726], [85.39025764726524, 21.576185651624726], [85.39025764726524, 21.576095820096317], [85.39043731032206, 21.576095820096317], [85.39043731032206, 21.576005988567903], [85.39088646796412, 21.576005988567903], [85.39088646796412, 21.57582632551108], [85.39115596254936, 21.57582632551108], [85.39115596254936, 21.575646662454258], [85.39124579407778, 21.575646662454258], [85.39124579407778, 21.575736493982667], [85.39142545713459, 21.575736493982667], [85.39142545713459, 21.576095820096317], [85.391515288663, 21.576095820096317], [85.391515288663, 21.576185651624726], [85.39142545713459, 21.576185651624726], [85.39142545713459, 21.57627548315314], [85.39133562560617, 21.57627548315314], [85.39133562560617, 21.576365314681553], [85.39124579407778, 21.576365314681553], [85.39124579407778, 21.576455146209963], [85.39142545713459, 21.576455146209963], [85.39142545713459, 21.576544977738376], [85.391515288663, 21.576544977738376], [85.391515288663, 21.57663480926679], [85.39124579407778, 21.57663480926679], [85.39124579407778, 21.576904303852025], [85.39025764726524, 21.576904303852025], [85.39025764726524, 21.577083966908848], [85.39007798420842, 21.577083966908848], [85.39007798420842, 21.577173798437258], [85.38998815268, 21.577173798437258], [85.38998815268, 21.57726362996567], [85.38989832115159, 21.57726362996567], [85.38989832115159, 21.577173798437258], [85.38953899503794, 21.577173798437258], [85.38953899503794, 21.577083966908848], [85.38944916350952, 21.577083966908848], [85.38944916350952, 21.57771278760773], [85.38935933198111, 21.57771278760773], [85.38935933198111, 21.577802619136143], [85.3891796689243, 21.577802619136143], [85.3891796689243, 21.577892450664557], [85.38900000586747, 21.577892450664557], [85.38900000586747, 21.577802619136143], [85.38891017433906, 21.577802619136143], [85.38891017433906, 21.577892450664557], [85.38882034281065, 21.577892450664557], [85.38882034281065, 21.577802619136143], [85.38873051128223, 21.577802619136143], [85.38873051128223, 21.577892450664557], [85.388461016697, 21.577892450664557], [85.388461016697, 21.577802619136143], [85.38864067975382, 21.577802619136143], [85.38864067975382, 21.577353461494084], [85.388461016697, 21.577353461494084], [85.388461016697, 21.57726362996567], [85.38828135364018, 21.57726362996567], [85.38828135364018, 21.57771278760773], [85.38837118516858, 21.57771278760773], [85.38837118516858, 21.57807211372138], [85.38819152211177, 21.57807211372138], [85.38819152211177, 21.577982282192966], [85.38810169058335, 21.577982282192966], [85.38810169058335, 21.577892450664557], [85.38783219599812, 21.577892450664557], [85.38783219599812, 21.577533124550907], [85.38747286988446, 21.577533124550907], [85.38747286988446, 21.577443293022494], [85.38738303835605, 21.577443293022494], [85.38738303835605, 21.577353461494084], [85.38729320682765, 21.577353461494084], [85.38729320682765, 21.57726362996567], [85.38720337529924, 21.57726362996567], [85.38720337529924, 21.577353461494084], [85.38711354377082, 21.577353461494084], [85.38711354377082, 21.57726362996567], [85.38684404918558, 21.57726362996567], [85.38684404918558, 21.577173798437258], [85.386933880714, 21.577173798437258], [85.386933880714, 21.577083966908848], [85.38648472307193, 21.577083966908848], [85.38648472307193, 21.576994135380435], [85.38639489154352, 21.576994135380435], [85.38639489154352, 21.576904303852025], [85.38630506001512, 21.576904303852025], [85.38630506001512, 21.576994135380435], [85.3862152284867, 21.576994135380435], [85.3862152284867, 21.576904303852025], [85.38612539695829, 21.576904303852025], [85.38612539695829, 21.576814472323612], [85.38603556542988, 21.576814472323612], [85.38603556542988, 21.576904303852025], [85.38594573390147, 21.576904303852025], [85.38594573390147, 21.5767246407952], [85.38558640778781, 21.5767246407952], [85.38558640778781, 21.576814472323612], [85.38567623931623, 21.576814472323612], [85.38567623931623, 21.576904303852025], [85.38576607084464, 21.576904303852025], [85.38576607084464, 21.577083966908848], [85.38585590237305, 21.577083966908848], [85.38585590237305, 21.577173798437258], [85.38558640778781, 21.577173798437258], [85.38558640778781, 21.57726362996567], [85.3854965762594, 21.57726362996567], [85.3854965762594, 21.577173798437258], [85.38531691320259, 21.577173798437258], [85.38531691320259, 21.576994135380435], [85.38522708167417, 21.576994135380435], [85.38522708167417, 21.576814472323612], [85.38513725014576, 21.576814472323612], [85.38513725014576, 21.576544977738376], [85.38504741861735, 21.576544977738376], [85.38504741861735, 21.57627548315314], [85.38495758708893, 21.57627548315314], [85.38495758708893, 21.575736493982667], [85.38522708167417, 21.575736493982667], [85.38522708167417, 21.575556830925844], [85.38576607084464, 21.575556830925844], [85.38576607084464, 21.575197504812195], [85.38585590237305, 21.575197504812195], [85.38585590237305, 21.575287336340608], [85.38594573390147, 21.575287336340608], [85.38594573390147, 21.575107673283785], [85.38603556542988, 21.575107673283785], [85.38603556542988, 21.575017841755372], [85.38576607084464, 21.575017841755372], [85.38576607084464, 21.574299189528077], [85.38594573390147, 21.574299189528077], [85.38594573390147, 21.574209357999663], [85.38585590237305, 21.574209357999663], [85.38585590237305, 21.574119526471254]], [[85.3891796689243, 21.57771278760773], [85.38908983739589, 21.57771278760773], [85.38908983739589, 21.577802619136143], [85.3891796689243, 21.577802619136143], [85.3891796689243, 21.57771278760773]], [[85.38935933198111, 21.57762295607932], [85.3891796689243, 21.57762295607932], [85.3891796689243, 21.57771278760773], [85.38935933198111, 21.57771278760773], [85.38935933198111, 21.57762295607932]], [[85.38819152211177, 21.57726362996567], [85.38810169058335, 21.57726362996567], [85.38810169058335, 21.577353461494084], [85.38819152211177, 21.577353461494084], [85.38819152211177, 21.57726362996567]], [[85.38873051128223, 21.57726362996567], [85.38864067975382, 21.57726362996567], [85.38864067975382, 21.577353461494084], [85.38873051128223, 21.577353461494084], [85.38873051128223, 21.57726362996567]], [[85.38908983739589, 21.577173798437258], [85.38900000586747, 21.577173798437258], [85.38900000586747, 21.57726362996567], [85.38908983739589, 21.57726362996567], [85.38908983739589, 21.577173798437258]], [[85.3877423644697, 21.576994135380435], [85.38765253294129, 21.576994135380435], [85.38765253294129, 21.577083966908848], [85.3877423644697, 21.577083966908848], [85.3877423644697, 21.576994135380435]], [[85.38900000586747, 21.576904303852025], [85.38873051128223, 21.576904303852025], [85.38873051128223, 21.576994135380435], [85.38882034281065, 21.576994135380435], [85.38882034281065, 21.577083966908848], [85.38873051128223, 21.577083966908848], [85.38873051128223, 21.57726362996567], [85.38882034281065, 21.57726362996567], [85.38882034281065, 21.577173798437258], [85.38900000586747, 21.577173798437258], [85.38900000586747, 21.576904303852025]], [[85.38801185905494, 21.576814472323612], [85.38783219599812, 21.576814472323612], [85.38783219599812, 21.577083966908848], [85.3877423644697, 21.577083966908848], [85.3877423644697, 21.577173798437258], [85.38801185905494, 21.577173798437258], [85.38801185905494, 21.576814472323612]], [[85.38882034281065, 21.57663480926679], [85.38864067975382, 21.57663480926679], [85.38864067975382, 21.576814472323612], [85.38882034281065, 21.576814472323612], [85.38882034281065, 21.57663480926679]], [[85.38531691320259, 21.575736493982667], [85.38522708167417, 21.575736493982667], [85.38522708167417, 21.57591615703949], [85.38531691320259, 21.57591615703949], [85.38531691320259, 21.575736493982667]], [[85.38540674473099, 21.575646662454258], [85.38531691320259, 21.575646662454258], [85.38531691320259, 21.575736493982667], [85.38540674473099, 21.575736493982667], [85.38540674473099, 21.575646662454258]], [[85.38801185905494, 21.575287336340608], [85.38783219599812, 21.575287336340608], [85.38783219599812, 21.57537716786902], [85.38801185905494, 21.57537716786902], [85.38801185905494, 21.575287336340608]], [[85.38810169058335, 21.575197504812195], [85.38801185905494, 21.575197504812195], [85.38801185905494, 21.575287336340608], [85.38810169058335, 21.575287336340608], [85.38810169058335, 21.575197504812195]], [[85.38639489154352, 21.575017841755372], [85.38612539695829, 21.575017841755372], [85.38612539695829, 21.575197504812195], [85.38639489154352, 21.575197504812195], [85.38639489154352, 21.575017841755372]], [[85.38828135364018, 21.57492801022696], [85.38819152211177, 21.57492801022696], [85.38819152211177, 21.575017841755372], [85.38828135364018, 21.575017841755372], [85.38828135364018, 21.57492801022696]]]}, "id": "+13+483", "properties": {"area_ha": 12.73939399788781, "centroid_lat": 21.57627617418537, "centroid_lon": 85.38784687969601, "cluster_id": 1, "n_pixels": 1274, "perim_m": 4620.011466620088, "profile_annual_rainfall_p50": 1382.1430009414753, "profile_aspect_cos_p50": 0.9510565162951535, "profile_aspect_sin_p50": 0.29237170472273655, "profile_canopy_height_max_p50": 14.000000000000004, "profile_canopy_height_p50": 12.999999999999998, "profile_canopy_height_std_p50": 1.0540925533894596, "profile_distance_to_water_p50": 463409.50001051987, "profile_elevation_p50": 654, "profile_ndvi_amplitude_annual_p50": 0.19087542981197853, "profile_ndvi_mean_p50": 0.6776885934934699, "profile_ndvi_phase_annual_cos_p50": -0.9754904404509729, "profile_ndvi_phase_annual_sin_p50": 0.19909238532885842, "profile_ndvi_residual_variance_p50": 0.014097758967368035, "profile_ndvi_trend_p50": -0.03276679883955797, "profile_slope_p50": 14, "profile_vh_iqr_p50": 2.1916231913998367, "profile_vh_p10_p50": -19.185615262722852, "profile_vh_p50_p50": -17.964881368014726, "profile_vh_p90_p50": -16.66312526412858, "profile_vv_iqr_p50": 2.0318802611501665, "profile_vv_minus_vh_median_p50": 6.778529266395774, "profile_vv_p10_p50": -12.349465565535327, "profile_vv_p50_p50": -11.221741520454179, "profile_vv_p90_p50": -10.030574253057617, "unit_id": 92}}, {"type": "Feature", "geometry": {"type": "Polygon", "coordinates": [[[85.3937610768733, 21.57483817869855], [85.39385090840172, 21.57483817869855], [85.39385090840172, 21.57492801022696], [85.39394073993013, 21.57492801022696], [85.39394073993013, 21.575017841755372], [85.39403057145854, 21.575017841755372], [85.39403057145854, 21.575197504812195], [85.39412040298696, 21.575197504812195], [85.39412040298696, 21.57537716786902], [85.39421023451537, 21.57537716786902], [85.39421023451537, 21.575646662454258], [85.39430006604377, 21.575646662454258], [85.39430006604377, 21.57582632551108], [85.39438989757218, 21.57582632551108], [85.39438989757218, 21.576005988567903], [85.3944797291006, 21.576005988567903], [85.3944797291006, 21.57627548315314], [85.39456956062901, 21.57627548315314], [85.39456956062901, 21.576455146209963], [85.39465939215742, 21.576455146209963], [85.39465939215742, 21.5767246407952], [85.3944797291006, 21.5767246407952], [85.3944797291006, 21.576994135380435], [85.39438989757218, 21.576994135380435], [85.39438989757218, 21.576904303852025], [85.39421023451537, 21.576904303852025], [85.39421023451537, 21.576814472323612], [85.39394073993013, 21.576814472323612], [85.39394073993013, 21.5767246407952], [85.39385090840172, 21.5767246407952], [85.39385090840172, 21.57663480926679], [85.3937610768733, 21.57663480926679], [85.3937610768733, 21.576365314681553], [85.39358141381648, 21.576365314681553], [85.39358141381648, 21.576185651624726], [85.39340175075965, 21.576185651624726], [85.39340175075965, 21.576005988567903], [85.39349158228806, 21.576005988567903], [85.39349158228806, 21.57582632551108], [85.39358141381648, 21.57582632551108], [85.39358141381648, 21.575556830925844], [85.3937610768733, 21.575556830925844], [85.3937610768733, 21.57546699939743], [85.39367124534489, 21.57546699939743], [85.39367124534489, 21.57537716786902], [85.39349158228806, 21.57537716786902], [85.39349158228806, 21.575287336340608], [85.39358141381648, 21.575287336340608], [85.39358141381648, 21.575017841755372], [85.3937610768733, 21.575017841755372], [85.3937610768733, 21.57483817869855]], [[85.39385090840172, 21.57627548315314], [85.3937610768733, 21.57627548315314], [85.3937610768733, 21.576365314681553], [85.39385090840172, 21.576365314681553], [85.39385090840172, 21.57627548315314]]]}, "id": "+99+475", "properties": {"area_ha": 1.5959066589110285, "centroid_lat": 21.576004420043116, "centroid_lon": 85.39401542451223, "cluster_id": 3, "n_pixels": 160, "perim_m": 832.2540942147082, "profile_annual_rainfall_p50": 1382.1430009414753, "profile_aspect_cos_p50": 0.7547095802227726, "profile_aspect_sin_p50": 0.5068723628744278, "profile_canopy_height_max_p50": 16, "profile_canopy_height_p50": 15.000000000000002, "profile_canopy_height_std_p50": 0.479783893252404, "profile_distance_to_water_p50": 463409.50001051987, "profile_elevation_p50": 613, "profile_ndvi_amplitude_annual_p50": 0.21594181849089125, "profile_ndvi_mean_p50": 0.5607553809161441, "profile_ndvi_phase_annual_cos_p50": -0.9570353010203978, "profile_ndvi_phase_annual_sin_p50": -0.2702660748740832, "profile_ndvi_residual_variance_p50": 0.007142943686337334, "profile_ndvi_trend_p50": 0.009278162128748173, "profile_slope_p50": 9, "profile_vh_iqr_p50": 1.913070716527018, "profile_vh_p10_p50": -18.18736326050109, "profile_vh_p50_p50": -17.095798910231085, "profile_vh_p90_p50": -15.939832783124876, "profile_vv_iqr_p50": 1.7827568678918795, "profile_vv_minus_vh_median_p50": 6.470504915976252, "profile_vv_p10_p50": -11.809996062022115, "profile_vv_p50_p50": -10.652499535179865, "profile_vv_p90_p50": -9.591104676317315, "unit_id": 93}}, {"type": "Feature", "geometry": {"type": "Polygon", "coordinates": [[[85.39178478324824, 21.574299189528077], [85.39187461477665, 21.574299189528077], [85.39187461477665, 21.5744788525849], [85.39178478324824, 21.5744788525849], [85.39178478324824, 21.574568684113313], [85.39187461477665, 21.574568684113313], [85.39187461477665, 21.57492801022696], [85.39196444630507, 21.57492801022696], [85.39196444630507, 21.57483817869855], [85.3921441093619, 21.57483817869855], [85.3921441093619, 21.57492801022696], [85.39241360394712, 21.57492801022696], [85.39241360394712, 21.575107673283785], [85.39250343547553, 21.575107673283785], [85.39250343547553, 21.575197504812195], [85.39259326700395, 21.575197504812195], [85.39259326700395, 21.57537716786902], [85.39268309853236, 21.57537716786902], [85.39268309853236, 21.57546699939743], [85.39277293006077, 21.57546699939743], [85.39277293006077, 21.575556830925844], [85.3929525931176, 21.575556830925844], [85.3929525931176, 21.57591615703949], [85.39304242464601, 21.57591615703949], [85.39304242464601, 21.576005988567903], [85.39286276158919, 21.576005988567903], [85.39286276158919, 21.576095820096317], [85.3923237724187, 21.576095820096317], [85.3923237724187, 21.576185651624726], [85.39205427783348, 21.576185651624726], [85.39205427783348, 21.57627548315314], [85.39142545713459, 21.57627548315314], [85.39142545713459, 21.576185651624726], [85.391515288663, 21.576185651624726], [85.391515288663, 21.576095820096317], [85.39142545713459, 21.576095820096317], [85.39142545713459, 21.575736493982667], [85.39124579407778, 21.575736493982667], [85.39124579407778, 21.575646662454258], [85.39115596254936, 21.575646662454258], [85.39115596254936, 21.57582632551108], [85.39088646796412, 21.57582632551108], [85.39088646796412, 21.576005988567903], [85.39043731032206, 21.576005988567903], [85.39043731032206, 21.576095820096317], [85.39025764726524, 21.576095820096317], [85.39025764726524, 21.576185651624726], [85.39007798420842, 21.576185651624726], [85.39007798420842, 21.576005988567903], [85.38989832115159, 21.576005988567903], [85.38989832115159, 21.57591615703949], [85.38953899503794, 21.57591615703949], [85.38953899503794, 21.576095820096317], [85.38935933198111, 21.576095820096317], [85.38935933198111, 21.576185651624726], [85.3891796689243, 21.576185651624726], [85.3891796689243, 21.57591615703949], [85.38908983739589, 21.57591615703949], [85.38908983739589, 21.576005988567903], [85.38891017433906, 21.576005988567903], [85.38891017433906, 21.57591615703949], [85.38908983739589, 21.57591615703949], [85.38908983739589, 21.57582632551108], [85.38891017433906, 21.57582632551108], [85.38891017433906, 21.57546699939743], [85.38908983739589, 21.57546699939743], [85.38908983739589, 21.57537716786902], [85.38926950045271, 21.57537716786902], [85.38926950045271, 21.575017841755372], [85.38953899503794, 21.575017841755372], [85.38953899503794, 21.574658515641726], [85.38989832115159, 21.574658515641726], [85.38989832115159, 21.574748347170136], [85.39034747879364, 21.574748347170136], [85.39034747879364, 21.57492801022696], [85.39052714185047, 21.57492801022696], [85.39052714185047, 21.575017841755372], [85.39061697337888, 21.575017841755372], [85.39061697337888, 21.57483817869855], [85.3907068049073, 21.57483817869855], [85.3907068049073, 21.574748347170136], [85.39079663643571, 21.574748347170136], [85.39079663643571, 21.574658515641726], [85.39088646796412, 21.574658515641726], [85.39088646796412, 21.574568684113313], [85.39115596254936, 21.574568684113313], [85.39115596254936, 21.574748347170136], [85.39133562560617, 21.574748347170136], [85.39133562560617, 21.574658515641726], [85.391515288663, 21.574658515641726], [85.391515288663, 21.574568684113313], [85.39160512019141, 21.574568684113313], [85.39160512019141, 21.57438902105649], [85.39178478324824, 21.57438902105649], [85.39178478324824, 21.574299189528077]], [[85.39088646796412, 21.575736493982667], [85.39079663643571, 21.575736493982667], [85.39079663643571, 21.57582632551108], [85.39088646796412, 21.57582632551108], [85.39088646796412, 21.575736493982667]], [[85.39079663643571, 21.575556830925844], [85.39061697337888, 21.575556830925844], [85.39061697337888, 21.575646662454258], [85.39052714185047, 21.575646662454258], [85.39052714185047, 21.575556830925844], [85.39043731032206, 21.575556830925844], [85.39043731032206, 21.575736493982667], [85.39034747879364, 21.575736493982667], [85.39034747879364, 21.57582632551108], [85.39025764726524, 21.57582632551108], [85.39025764726524, 21.57591615703949], [85.39061697337888, 21.57591615703949], [85.39061697337888, 21.57582632551108], [85.3907068049073, 21.57582632551108], [85.3907068049073, 21.575646662454258], [85.39079663643571, 21.575646662454258], [85.39079663643571, 21.575556830925844]]]}, "id": "+77+481", "properties": {"area_ha": 5.242388654151548, "centroid_lat": 21.575430035609237, "centroid_lon": 85.39097876345167, "cluster_id": 2, "n_pixels": 524, "perim_m": 1955.7940560000213, "profile_annual_rainfall_p50": 1382.1430009414212, "profile_aspect_cos_p50": 0.9306392844948703, "profile_aspect_sin_p50": 0.19080899537654517, "profile_canopy_height_max_p50": 18, "profile_canopy_height_p50": 17, "profile_canopy_height_std_p50": 0.4794236577393559, "profile_distance_to_water_p50": 463409.50001051987, "profile_elevation_p50": 674, "profile_ndvi_amplitude_annual_p50": 0.13717737733685914, "profile_ndvi_mean_p50": 0.7245941191952479, "profile_ndvi_phase_annual_cos_p50": -0.9774692632437953, "profile_ndvi_phase_annual_sin_p50": 0.13663281218959694, "profile_ndvi_residual_variance_p50": 0.007267605532830428, "profile_ndvi_trend_p50": -0.0024415438777803606, "profile_slope_p50": 13.999999999999998, "profile_vh_iqr_p50": 1.784515099020379, "profile_vh_p10_p50": -16.938543775042092, "profile_vh_p50_p50": -15.906629159938069, "profile_vh_p90_p50": -14.841751142661245, "profile_vv_iqr_p50": 1.7775517247607724, "profile_vv_minus_vh_median_p50": 6.217328384905438, "profile_vv_p10_p50": -10.781638069820422, "profile_vv_p50_p50": -9.718235182430242, "profile_vv_p90_p50": -8.656536091100744, "unit_id": 94}}, {"type": "Feature", "geometry": {"type": "Polygon", "coordinates": [[[85.39340175075965, 21.5744788525849], [85.39367124534489, 21.5744788525849], [85.39367124534489, 21.574658515641726], [85.39340175075965, 21.574658515641726], [85.39340175075965, 21.5744788525849]]]}, "id": "+97+479", "properties": {"area_ha": 0.05567171282465197, "centroid_lat": 21.574568685578363, "centroid_lon": 85.39353649696862, "cluster_id": 3, "n_pixels": 6, "perim_m": 95.60785812467789, "profile_annual_rainfall_p50": 1382.1430009414753, "profile_aspect_cos_p50": 0.7547095802227726, "profile_aspect_sin_p50": 0.5068723628744278, "profile_canopy_height_max_p50": 16, "profile_canopy_height_p50": 15.000000000000002, "profile_canopy_height_std_p50": 0.479783893252404, "profile_distance_to_water_p50": 463409.50001051987, "profile_elevation_p50": 613, "profile_ndvi_amplitude_annual_p50": 0.21594181849089125, "profile_ndvi_mean_p50": 0.5607553809161441, "profile_ndvi_phase_annual_cos_p50": -0.9570353010203978, "profile_ndvi_phase_annual_sin_p50": -0.2702660748740832, "profile_ndvi_residual_variance_p50": 0.007142943686337334, "profile_ndvi_trend_p50": 0.009278162128748173, "profile_slope_p50": 9, "profile_vh_iqr_p50": 1.913070716527018, "profile_vh_p10_p50": -18.18736326050109, "profile_vh_p50_p50": -17.095798910231085, "profile_vh_p90_p50": -15.939832783124876, "profile_vv_iqr_p50": 1.7827568678918795, "profile_vv_minus_vh_median_p50": 6.470504915976252, "profile_vv_p10_p50": -11.809996062022115, "profile_vv_p50_p50": -10.652499535179865, "profile_vv_p90_p50": -9.591104676317315, "unit_id": 95}}, {"type": "Feature", "geometry": {"type": "Polygon", "coordinates": [[[85.38953899503794, 21.57304154813031], [85.38962882656635, 21.57304154813031], [85.38962882656635, 21.573221211187132], [85.38953899503794, 21.573221211187132], [85.38953899503794, 21.57340087424396], [85.38944916350952, 21.57340087424396], [85.38944916350952, 21.573490705772368], [85.38971865809476, 21.573490705772368], [85.38971865809476, 21.57358053730078], [85.38944916350952, 21.57358053730078], [85.38944916350952, 21.573670368829195], [85.38935933198111, 21.573670368829195], [85.38935933198111, 21.573850031886018], [85.38926950045271, 21.573850031886018], [85.38926950045271, 21.573939863414427], [85.38935933198111, 21.573939863414427], [85.38935933198111, 21.574119526471254], [85.38944916350952, 21.574119526471254], [85.38944916350952, 21.57402969494284], [85.38953899503794, 21.57402969494284], [85.38953899503794, 21.573939863414427], [85.38944916350952, 21.573939863414427], [85.38944916350952, 21.573850031886018], [85.38953899503794, 21.573850031886018], [85.38953899503794, 21.573760200357604], [85.38962882656635, 21.573760200357604], [85.38962882656635, 21.573670368829195], [85.38971865809476, 21.573670368829195], [85.38971865809476, 21.573850031886018], [85.38980848962318, 21.573850031886018], [85.38980848962318, 21.573939863414427], [85.38989832115159, 21.573939863414427], [85.38989832115159, 21.57402969494284], [85.38998815268, 21.57402969494284], [85.38998815268, 21.574119526471254], [85.39025764726524, 21.574119526471254], [85.39025764726524, 21.57402969494284], [85.39034747879364, 21.57402969494284], [85.39034747879364, 21.573939863414427], [85.39043731032206, 21.573939863414427], [85.39043731032206, 21.573760200357604], [85.39052714185047, 21.573760200357604], [85.39052714185047, 21.574119526471254], [85.39061697337888, 21.574119526471254], [85.39061697337888, 21.574209357999663], [85.39079663643571, 21.574209357999663], [85.39079663643571, 21.574119526471254], [85.39088646796412, 21.574119526471254], [85.39088646796412, 21.57402969494284], [85.39097629949254, 21.57402969494284], [85.39097629949254, 21.574209357999663], [85.39115596254936, 21.574209357999663], [85.39115596254936, 21.574299189528077], [85.39124579407778, 21.574299189528077], [85.39124579407778, 21.57438902105649], [85.39133562560617, 21.57438902105649], [85.39133562560617, 21.5744788525849], [85.39124579407778, 21.5744788525849], [85.39124579407778, 21.574568684113313], [85.39088646796412, 21.574568684113313], [85.39088646796412, 21.574658515641726], [85.39079663643571, 21.574658515641726], [85.39079663643571, 21.574748347170136], [85.3907068049073, 21.574748347170136], [85.3907068049073, 21.57483817869855], [85.39061697337888, 21.57483817869855], [85.39061697337888, 21.575017841755372], [85.39052714185047, 21.575017841755372], [85.39052714185047, 21.57492801022696], [85.39034747879364, 21.57492801022696], [85.39034747879364, 21.574748347170136], [85.38989832115159, 21.574748347170136], [85.38989832115159, 21.574658515641726], [85.38953899503794, 21.574658515641726], [85.38953899503794, 21.575017841755372], [85.38926950045271, 21.575017841755372], [85.38926950045271, 21.57537716786902], [85.38908983739589, 21.57537716786902], [85.38908983739589, 21.57546699939743], [85.38891017433906, 21.57546699939743], [85.38891017433906, 21.57582632551108], [85.38908983739589, 21.57582632551108], [85.38908983739589, 21.57591615703949], [85.38891017433906, 21.57591615703949], [85.38891017433906, 21.576005988567903], [85.38900000586747, 21.576005988567903], [85.38900000586747, 21.57627548315314], [85.3891796689243, 21.57627548315314], [85.3891796689243, 21.576365314681553], [85.38900000586747, 21.576365314681553], [85.38900000586747, 21.576455146209963], [85.38891017433906, 21.576455146209963], [85.38891017433906, 21.576365314681553], [85.38882034281065, 21.576365314681553], [85.38882034281065, 21.576185651624726], [85.38873051128223, 21.576185651624726], [85.38873051128223, 21.57591615703949], [85.38864067975382, 21.57591615703949], [85.38864067975382, 21.576005988567903], [85.388461016697, 21.576005988567903], [85.388461016697, 21.575736493982667], [85.38828135364018, 21.575736493982667], [85.38828135364018, 21.57546699939743], [85.3885508482254, 21.57546699939743], [85.3885508482254, 21.575107673283785], [85.388461016697, 21.575107673283785], [85.388461016697, 21.57483817869855], [85.38837118516858, 21.57483817869855], [85.38837118516858, 21.574748347170136], [85.38828135364018, 21.574748347170136], [85.38828135364018, 21.5744788525849], [85.38810169058335, 21.5744788525849], [85.38810169058335, 21.574209357999663], [85.38819152211177, 21.574209357999663], [85.38819152211177, 21.574119526471254], [85.38837118516858, 21.574119526471254], [85.38837118516858, 21.57402969494284], [85.38828135364018, 21.57402969494284], [85.38828135364018, 21.573939863414427], [85.38837118516858, 21.573939863414427], [85.38837118516858, 21.573490705772368], [85.3885508482254, 21.573490705772368], [85.3885508482254, 21.57340087424396], [85.38873051128223, 21.57340087424396], [85.38873051128223, 21.573311042715545], [85.38891017433906, 21.573311042715545], [85.38891017433906, 21.57340087424396], [85.38908983739589, 21.57340087424396], [85.38908983739589, 21.573311042715545], [85.38935933198111, 21.573311042715545], [85.38935933198111, 21.573221211187132], [85.38944916350952, 21.573221211187132], [85.38944916350952, 21.573131379658722], [85.38953899503794, 21.573131379658722], [85.38953899503794, 21.57304154813031]], [[85.38998815268, 21.57438902105649], [85.38971865809476, 21.57438902105649], [85.38971865809476, 21.5744788525849], [85.38998815268, 21.5744788525849], [85.38998815268, 21.57438902105649]], [[85.39061697337888, 21.57438902105649], [85.39043731032206, 21.57438902105649], [85.39043731032206, 21.5744788525849], [85.39061697337888, 21.5744788525849], [85.39061697337888, 21.57438902105649]], [[85.38953899503794, 21.574299189528077], [85.38944916350952, 21.574299189528077], [85.38944916350952, 21.57438902105649], [85.38953899503794, 21.57438902105649], [85.38953899503794, 21.574299189528077]], [[85.38998815268, 21.574209357999663], [85.38989832115159, 21.574209357999663], [85.38989832115159, 21.574299189528077], [85.38998815268, 21.574299189528077], [85.38998815268, 21.574209357999663]], [[85.39061697337888, 21.574209357999663], [85.39052714185047, 21.574209357999663], [85.39052714185047, 21.574299189528077], [85.39061697337888, 21.574299189528077], [85.39061697337888, 21.574209357999663]], [[85.38953899503794, 21.574119526471254], [85.38944916350952, 21.574119526471254], [85.38944916350952, 21.574209357999663], [85.38953899503794, 21.574209357999663], [85.38953899503794, 21.574119526471254]], [[85.38989832115159, 21.57402969494284], [85.38980848962318, 21.57402969494284], [85.38980848962318, 21.574119526471254], [85.38989832115159, 21.574119526471254], [85.38989832115159, 21.57402969494284]], [[85.38971865809476, 21.573939863414427], [85.38962882656635, 21.573939863414427], [85.38962882656635, 21.57402969494284], [85.38971865809476, 21.57402969494284], [85.38971865809476, 21.573939863414427]]]}, "id": "+52+495", "properties": {"area_ha": 4.379510142389199, "centroid_lat": 21.574502831738627, "centroid_lon": 85.38929862060405, "cluster_id": 3, "n_pixels": 438, "perim_m": 2444.12790667277, "profile_annual_rainfall_p50": 1382.1430009414753, "profile_aspect_cos_p50": 0.7547095802227726, "profile_aspect_sin_p50": 0.5068723628744278, "profile_canopy_height_max_p50": 16, "profile_canopy_height_p50": 15.000000000000002, "profile_canopy_height_std_p50": 0.479783893252404, "profile_distance_to_water_p50": 463409.50001051987, "profile_elevation_p50": 613, "profile_ndvi_amplitude_annual_p50": 0.21594181849089125, "profile_ndvi_mean_p50": 0.5607553809161441, "profile_ndvi_phase_annual_cos_p50": -0.9570353010203978, "profile_ndvi_phase_annual_sin_p50": -0.2702660748740832, "profile_ndvi_residual_variance_p50": 0.007142943686337334, "profile_ndvi_trend_p50": 0.009278162128748173, "profile_slope_p50": 9, "profile_vh_iqr_p50": 1.913070716527018, "profile_vh_p10_p50": -18.18736326050109, "profile_vh_p50_p50": -17.095798910231085, "profile_vh_p90_p50": -15.939832783124876, "profile_vv_iqr_p50": 1.7827568678918795, "profile_vv_minus_vh_median_p50": 6.470504915976252, "profile_vv_p10_p50": -11.809996062022115, "profile_vv_p50_p50": -10.652499535179865, "profile_vv_p90_p50": -9.591104676317315, "unit_id": 96}}, {"type": "Feature", "geometry": {"type": "Polygon", "coordinates": [[[85.39061697337888, 21.57340087424396], [85.39079663643571, 21.57340087424396], [85.39079663643571, 21.573490705772368], [85.39097629949254, 21.573490705772368], [85.39097629949254, 21.57358053730078], [85.39106613102095, 21.57358053730078], [85.39106613102095, 21.573670368829195], [85.391515288663, 21.573670368829195], [85.391515288663, 21.573760200357604], [85.39160512019141, 21.573760200357604], [85.39160512019141, 21.573850031886018], [85.39178478324824, 21.573850031886018], [85.39178478324824, 21.57402969494284], [85.39187461477665, 21.57402969494284], [85.39187461477665, 21.574299189528077], [85.39178478324824, 21.574299189528077], [85.39178478324824, 21.57438902105649], [85.39160512019141, 21.57438902105649], [85.39160512019141, 21.574568684113313], [85.391515288663, 21.574568684113313], [85.391515288663, 21.574658515641726], [85.39133562560617, 21.574658515641726], [85.39133562560617, 21.574748347170136], [85.39115596254936, 21.574748347170136], [85.39115596254936, 21.574568684113313], [85.39124579407778, 21.574568684113313], [85.39124579407778, 21.5744788525849], [85.39133562560617, 21.5744788525849], [85.39133562560617, 21.57438902105649], [85.39124579407778, 21.57438902105649], [85.39124579407778, 21.574299189528077], [85.39115596254936, 21.574299189528077], [85.39115596254936, 21.574209357999663], [85.39097629949254, 21.574209357999663], [85.39097629949254, 21.57402969494284], [85.39088646796412, 21.57402969494284], [85.39088646796412, 21.574119526471254], [85.39079663643571, 21.574119526471254], [85.39079663643571, 21.574209357999663], [85.39061697337888, 21.574209357999663], [85.39061697337888, 21.573939863414427], [85.39052714185047, 21.573939863414427], [85.39052714185047, 21.573850031886018], [85.39061697337888, 21.573850031886018], [85.39061697337888, 21.573760200357604], [85.39052714185047, 21.573760200357604], [85.39052714185047, 21.57358053730078], [85.39034747879364, 21.57358053730078], [85.39034747879364, 21.573490705772368], [85.39043731032206, 21.573490705772368], [85.39043731032206, 21.57340087424396], [85.39052714185047, 21.57340087424396], [85.39052714185047, 21.573490705772368], [85.39061697337888, 21.573490705772368], [85.39061697337888, 21.57340087424396]], [[85.39079663643571, 21.573670368829195], [85.3907068049073, 21.573670368829195], [85.3907068049073, 21.573760200357604], [85.39079663643571, 21.573760200357604], [85.39079663643571, 21.573670368829195]]]}, "id": "+65+491", "properties": {"area_ha": 1.076323932290391, "centroid_lat": 21.574004139289, "centroid_lon": 85.39118229164845, "cluster_id": 4, "n_pixels": 108, "perim_m": 768.7220162090712, "profile_annual_rainfall_p50": 1382.1430009415274, "profile_aspect_cos_p50": -0.7547095802227728, "profile_aspect_sin_p50": -0.29237170472273655, "profile_canopy_height_max_p50": 16, "profile_canopy_height_p50": 16, "profile_canopy_height_std_p50": 0.47865878082434865, "profile_distance_to_water_p50": 463409.50001051987, "profile_elevation_p50": 645.0000000000001, "profile_ndvi_amplitude_annual_p50": 0.21974508673567725, "profile_ndvi_mean_p50": 0.5762829482348351, "profile_ndvi_phase_annual_cos_p50": -0.9589817035719913, "profile_ndvi_phase_annual_sin_p50": -0.26933023801529, "profile_ndvi_residual_variance_p50": 0.0066510108857493495, "profile_ndvi_trend_p50": 0.008367576303882292, "profile_slope_p50": 10.000000000000002, "profile_vh_iqr_p50": 2.0312881285205338, "profile_vh_p10_p50": -16.688066525314273, "profile_vh_p50_p50": -15.535105046711498, "profile_vh_p90_p50": -14.345117032323246, "profile_vv_iqr_p50": 1.844514097339528, "profile_vv_minus_vh_median_p50": 6.716867667079219, "profile_vv_p10_p50": -9.935853228483905, "profile_vv_p50_p50": -8.904413001076481, "profile_vv_p90_p50": -7.780878145619661, "unit_id": 97}}, {"type": "Feature", "geometry": {"type": "Polygon", "coordinates": [[[85.38585590237305, 21.573490705772368], [85.38612539695829, 21.573490705772368], [85.38612539695829, 21.57358053730078], [85.3862152284867, 21.57358053730078], [85.3862152284867, 21.573939863414427], [85.38594573390147, 21.573939863414427], [85.38594573390147, 21.573760200357604], [85.38576607084464, 21.573760200357604], [85.38576607084464, 21.573850031886018], [85.38567623931623, 21.573850031886018], [85.38567623931623, 21.573760200357604], [85.38576607084464, 21.573760200357604], [85.38576607084464, 21.573670368829195], [85.38585590237305, 21.573670368829195], [85.38585590237305, 21.573490705772368]]]}, "id": "+13+490", "properties": {"area_ha": 0.17629479802790285, "centroid_lat": 21.573715284881374, "centroid_lon": 85.38601428994191, "cluster_id": 1, "n_pixels": 18, "perim_m": 231.0025281096169, "profile_annual_rainfall_p50": 1382.1430009414753, "profile_aspect_cos_p50": 0.9510565162951535, "profile_aspect_sin_p50": 0.29237170472273655, "profile_canopy_height_max_p50": 14.000000000000004, "profile_canopy_height_p50": 12.999999999999998, "profile_canopy_height_std_p50": 1.0540925533894596, "profile_distance_to_water_p50": 463409.50001051987, "profile_elevation_p50": 654, "profile_ndvi_amplitude_annual_p50": 0.19087542981197853, "profile_ndvi_mean_p50": 0.6776885934934699, "profile_ndvi_phase_annual_cos_p50": -0.9754904404509729, "profile_ndvi_phase_annual_sin_p50": 0.19909238532885842, "profile_ndvi_residual_variance_p50": 0.014097758967368035, "profile_ndvi_trend_p50": -0.03276679883955797, "profile_slope_p50": 14, "profile_vh_iqr_p50": 2.1916231913998367, "profile_vh_p10_p50": -19.185615262722852, "profile_vh_p50_p50": -17.964881368014726, "profile_vh_p90_p50": -16.66312526412858, "profile_vv_iqr_p50": 2.0318802611501665, "profile_vv_minus_vh_median_p50": 6.778529266395774, "profile_vv_p10_p50": -12.349465565535327, "profile_vv_p50_p50": -11.221741520454179, "profile_vv_p90_p50": -10.030574253057617, "unit_id": 98}}, {"type": "Feature", "geometry": {"type": "Polygon", "coordinates": [[[85.39133562560617, 21.572502558959837], [85.39142545713459, 21.572502558959837], [85.39142545713459, 21.572682222016663], [85.39160512019141, 21.572682222016663], [85.39160512019141, 21.572772053545073], [85.39169495171983, 21.572772053545073], [85.39169495171983, 21.572682222016663], [85.39178478324824, 21.572682222016663], [85.39178478324824, 21.572861885073486], [85.39196444630507, 21.572861885073486], [85.39196444630507, 21.572951716601896], [85.39187461477665, 21.572951716601896], [85.39187461477665, 21.57304154813031], [85.39196444630507, 21.57304154813031], [85.39196444630507, 21.573221211187132], [85.39277293006077, 21.573221211187132], [85.39277293006077, 21.573311042715545], [85.39286276158919, 21.573311042715545], [85.39286276158919, 21.57340087424396], [85.39313225617443, 21.57340087424396], [85.39313225617443, 21.57358053730078], [85.39331191923124, 21.57358053730078], [85.39331191923124, 21.573760200357604], [85.39340175075965, 21.573760200357604], [85.39340175075965, 21.573850031886018], [85.39331191923124, 21.573850031886018], [85.39331191923124, 21.573939863414427], [85.39349158228806, 21.573939863414427], [85.39349158228806, 21.574209357999663], [85.39367124534489, 21.574209357999663], [85.39367124534489, 21.574299189528077], [85.39349158228806, 21.574299189528077], [85.39349158228806, 21.574209357999663], [85.39340175075965, 21.574209357999663], [85.39340175075965, 21.574119526471254], [85.39331191923124, 21.574119526471254], [85.39331191923124, 21.57402969494284], [85.39313225617443, 21.57402969494284], [85.39313225617443, 21.573939863414427], [85.3929525931176, 21.573939863414427], [85.3929525931176, 21.573850031886018], [85.39286276158919, 21.573850031886018], [85.39286276158919, 21.57402969494284], [85.39277293006077, 21.57402969494284], [85.39277293006077, 21.574119526471254], [85.3921441093619, 21.574119526471254], [85.3921441093619, 21.573850031886018], [85.39205427783348, 21.573850031886018], [85.39205427783348, 21.57358053730078], [85.39187461477665, 21.57358053730078], [85.39187461477665, 21.57304154813031], [85.39178478324824, 21.57304154813031], [85.39178478324824, 21.572951716601896], [85.39160512019141, 21.572951716601896], [85.39160512019141, 21.572861885073486], [85.391515288663, 21.572861885073486], [85.391515288663, 21.572772053545073], [85.39142545713459, 21.572772053545073], [85.39142545713459, 21.572682222016663], [85.39133562560617, 21.572682222016663], [85.39133562560617, 21.572502558959837]]]}, "id": "+72+501", "properties": {"area_ha": 1.326851255769799, "centroid_lat": 21.573592787409048, "centroid_lon": 85.39252573442855, "cluster_id": 3, "n_pixels": 133, "perim_m": 998.4402039982357, "profile_annual_rainfall_p50": 1382.1430009414753, "profile_aspect_cos_p50": 0.7547095802227726, "profile_aspect_sin_p50": 0.5068723628744278, "profile_canopy_height_max_p50": 16, "profile_canopy_height_p50": 15.000000000000002, "profile_canopy_height_std_p50": 0.479783893252404, "profile_distance_to_water_p50": 463409.50001051987, "profile_elevation_p50": 613, "profile_ndvi_amplitude_annual_p50": 0.21594181849089125, "profile_ndvi_mean_p50": 0.5607553809161441, "profile_ndvi_phase_annual_cos_p50": -0.9570353010203978, "profile_ndvi_phase_annual_sin_p50": -0.2702660748740832, "profile_ndvi_residual_variance_p50": 0.007142943686337334, "profile_ndvi_trend_p50": 0.009278162128748173, "profile_slope_p50": 9, "profile_vh_iqr_p50": 1.913070716527018, "profile_vh_p10_p50": -18.18736326050109, "profile_vh_p50_p50": -17.095798910231085, "profile_vh_p90_p50": -15.939832783124876, "profile_vv_iqr_p50": 1.7827568678918795, "profile_vv_minus_vh_median_p50": 6.470504915976252, "profile_vv_p10_p50": -11.809996062022115, "profile_vv_p50_p50": -10.652499535179865, "profile_vv_p90_p50": -9.591104676317315, "unit_id": 99}}, {"type": "Feature", "geometry": {"type": "Polygon", "coordinates": [[[85.39007798420842, 21.573221211187132], [85.39016781573683, 21.573221211187132], [85.39016781573683, 21.57340087424396], [85.39043731032206, 21.57340087424396], [85.39043731032206, 21.573490705772368], [85.39034747879364, 21.573490705772368], [85.39034747879364, 21.57358053730078], [85.38989832115159, 21.57358053730078], [85.38989832115159, 21.57340087424396], [85.38998815268, 21.57340087424396], [85.38998815268, 21.573311042715545], [85.39007798420842, 21.573311042715545], [85.39007798420842, 21.573221211187132]]]}, "id": "+58+493", "properties": {"area_ha": 0.1299017039230925, "centroid_lat": 21.573452209140985, "centroid_lon": 85.39013573302596, "cluster_id": 3, "n_pixels": 13, "perim_m": 191.21655369227952, "profile_annual_rainfall_p50": 1382.1430009414753, "profile_aspect_cos_p50": 0.7547095802227726, "profile_aspect_sin_p50": 0.5068723628744278, "profile_canopy_height_max_p50": 16, "profile_canopy_height_p50": 15.000000000000002, "profile_canopy_height_std_p50": 0.479783893252404, "profile_distance_to_water_p50": 463409.50001051987, "profile_elevation_p50": 613, "profile_ndvi_amplitude_annual_p50": 0.21594181849089125, "profile_ndvi_mean_p50": 0.5607553809161441, "profile_ndvi_phase_annual_cos_p50": -0.9570353010203978, "profile_ndvi_phase_annual_sin_p50": -0.2702660748740832, "profile_ndvi_residual_variance_p50": 0.007142943686337334, "profile_ndvi_trend_p50": 0.009278162128748173, "profile_slope_p50": 9, "profile_vh_iqr_p50": 1.913070716527018, "profile_vh_p10_p50": -18.18736326050109, "profile_vh_p50_p50": -17.095798910231085, "profile_vh_p90_p50": -15.939832783124876, "profile_vv_iqr_p50": 1.7827568678918795, "profile_vv_minus_vh_median_p50": 6.470504915976252, "profile_vv_p10_p50": -11.809996062022115, "profile_vv_p50_p50": -10.652499535179865, "profile_vv_p90_p50": -9.591104676317315, "unit_id": 100}}, {"type": "Feature", "geometry": {"type": "Polygon", "coordinates": [[[85.38900000586747, 21.57160424367572], [85.38989832115159, 21.57160424367572], [85.38989832115159, 21.57178390673254], [85.38998815268, 21.57178390673254], [85.38998815268, 21.572053401317778], [85.39016781573683, 21.572053401317778], [85.39016781573683, 21.57214323284619], [85.39007798420842, 21.57214323284619], [85.39007798420842, 21.572322895903014], [85.39025764726524, 21.572322895903014], [85.39025764726524, 21.5722330643746], [85.39043731032206, 21.5722330643746], [85.39043731032206, 21.572322895903014], [85.39061697337888, 21.572322895903014], [85.39061697337888, 21.572412727431427], [85.39124579407778, 21.572412727431427], [85.39124579407778, 21.572502558959837], [85.39133562560617, 21.572502558959837], [85.39133562560617, 21.572682222016663], [85.39142545713459, 21.572682222016663], [85.39142545713459, 21.572772053545073], [85.391515288663, 21.572772053545073], [85.391515288663, 21.572861885073486], [85.39160512019141, 21.572861885073486], [85.39160512019141, 21.572951716601896], [85.39178478324824, 21.572951716601896], [85.39178478324824, 21.57304154813031], [85.39187461477665, 21.57304154813031], [85.39187461477665, 21.57358053730078], [85.39205427783348, 21.57358053730078], [85.39205427783348, 21.573850031886018], [85.3921441093619, 21.573850031886018], [85.3921441093619, 21.574209357999663], [85.39187461477665, 21.574209357999663], [85.39187461477665, 21.57402969494284], [85.39178478324824, 21.57402969494284], [85.39178478324824, 21.573850031886018], [85.39160512019141, 21.573850031886018], [85.39160512019141, 21.573760200357604], [85.391515288663, 21.573760200357604], [85.391515288663, 21.573670368829195], [85.39106613102095, 21.573670368829195], [85.39106613102095, 21.57358053730078], [85.39097629949254, 21.57358053730078], [85.39097629949254, 21.573490705772368], [85.39079663643571, 21.573490705772368], [85.39079663643571, 21.57340087424396], [85.39061697337888, 21.57340087424396], [85.39061697337888, 21.573490705772368], [85.39052714185047, 21.573490705772368], [85.39052714185047, 21.57340087424396], [85.39016781573683, 21.57340087424396], [85.39016781573683, 21.573221211187132], [85.39007798420842, 21.573221211187132], [85.39007798420842, 21.573311042715545], [85.38998815268, 21.573311042715545], [85.38998815268, 21.57340087424396], [85.38989832115159, 21.57340087424396], [85.38989832115159, 21.57358053730078], [85.38971865809476, 21.57358053730078], [85.38971865809476, 21.573490705772368], [85.38944916350952, 21.573490705772368], [85.38944916350952, 21.57340087424396], [85.38953899503794, 21.57340087424396], [85.38953899503794, 21.573221211187132], [85.38962882656635, 21.573221211187132], [85.38962882656635, 21.57304154813031], [85.38953899503794, 21.57304154813031], [85.38953899503794, 21.573131379658722], [85.38944916350952, 21.573131379658722], [85.38944916350952, 21.573221211187132], [85.38935933198111, 21.573221211187132], [85.38935933198111, 21.573311042715545], [85.38908983739589, 21.573311042715545], [85.38908983739589, 21.57340087424396], [85.38891017433906, 21.57340087424396], [85.38891017433906, 21.573311042715545], [85.38873051128223, 21.573311042715545], [85.38873051128223, 21.57340087424396], [85.3885508482254, 21.57340087424396], [85.3885508482254, 21.573490705772368], [85.38837118516858, 21.573490705772368], [85.38837118516858, 21.573939863414427], [85.38828135364018, 21.573939863414427], [85.38828135364018, 21.57402969494284], [85.38837118516858, 21.57402969494284], [85.38837118516858, 21.574119526471254], [85.38819152211177, 21.574119526471254], [85.38819152211177, 21.574209357999663], [85.38810169058335, 21.574209357999663], [85.38810169058335, 21.574658515641726], [85.38801185905494, 21.574658515641726], [85.38801185905494, 21.574748347170136], [85.38792202752653, 21.574748347170136], [85.38792202752653, 21.57483817869855], [85.38801185905494, 21.57483817869855], [85.38801185905494, 21.575107673283785], [85.38792202752653, 21.575107673283785], [85.38792202752653, 21.575017841755372], [85.38783219599812, 21.575017841755372], [85.38783219599812, 21.57492801022696], [85.38765253294129, 21.57492801022696], [85.38765253294129, 21.574748347170136], [85.38747286988446, 21.574748347170136], [85.38747286988446, 21.574658515641726], [85.38729320682765, 21.574658515641726], [85.38729320682765, 21.574748347170136], [85.38738303835605, 21.574748347170136], [85.38738303835605, 21.57483817869855], [85.38711354377082, 21.57483817869855], [85.38711354377082, 21.575107673283785], [85.38702371224241, 21.575107673283785], [85.38702371224241, 21.57537716786902], [85.38684404918558, 21.57537716786902], [85.38684404918558, 21.575197504812195], [85.38675421765717, 21.575197504812195], [85.38675421765717, 21.575107673283785], [85.38666438612876, 21.575107673283785], [85.38666438612876, 21.57492801022696], [85.38648472307193, 21.57492801022696], [85.38648472307193, 21.57483817869855], [85.38639489154352, 21.57483817869855], [85.38639489154352, 21.574748347170136], [85.3862152284867, 21.574748347170136], [85.3862152284867, 21.574658515641726], [85.38603556542988, 21.574658515641726], [85.38603556542988, 21.574568684113313], [85.38612539695829, 21.574568684113313], [85.38612539695829, 21.57402969494284], [85.3862152284867, 21.57402969494284], [85.3862152284867, 21.57358053730078], [85.38612539695829, 21.57358053730078], [85.38612539695829, 21.573490705772368], [85.38594573390147, 21.573490705772368], [85.38594573390147, 21.57340087424396], [85.38603556542988, 21.57340087424396], [85.38603556542988, 21.573221211187132], [85.38612539695829, 21.573221211187132], [85.38612539695829, 21.573131379658722], [85.3862152284867, 21.573131379658722], [85.3862152284867, 21.57304154813031], [85.38630506001512, 21.57304154813031], [85.38630506001512, 21.573221211187132], [85.38648472307193, 21.573221211187132], [85.38648472307193, 21.573311042715545], [85.38657455460034, 21.573311042715545], [85.38657455460034, 21.57340087424396], [85.38684404918558, 21.57340087424396], [85.38684404918558, 21.573311042715545], [85.38702371224241, 21.573311042715545], [85.38702371224241, 21.573490705772368], [85.38720337529924, 21.573490705772368], [85.38720337529924, 21.57340087424396], [85.38747286988446, 21.57340087424396], [85.38747286988446, 21.573311042715545], [85.38756270141288, 21.573311042715545], [85.38756270141288, 21.573221211187132], [85.38765253294129, 21.573221211187132], [85.38765253294129, 21.573311042715545], [85.38783219599812, 21.573311042715545], [85.38783219599812, 21.573221211187132], [85.38792202752653, 21.573221211187132], [85.38792202752653, 21.57304154813031], [85.38801185905494, 21.57304154813031], [85.38801185905494, 21.572951716601896], [85.38792202752653, 21.572951716601896], [85.38792202752653, 21.572861885073486], [85.3877423644697, 21.572861885073486], [85.3877423644697, 21.572682222016663], [85.38783219599812, 21.572682222016663], [85.38783219599812, 21.572772053545073], [85.38792202752653, 21.572772053545073], [85.38792202752653, 21.572861885073486], [85.38801185905494, 21.572861885073486], [85.38801185905494, 21.572772053545073], [85.38810169058335, 21.572772053545073], [85.38810169058335, 21.57259239048825], [85.3877423644697, 21.57259239048825], [85.3877423644697, 21.572322895903014], [85.38783219599812, 21.572322895903014], [85.38783219599812, 21.572053401317778], [85.38801185905494, 21.572053401317778], [85.38801185905494, 21.571963569789364], [85.38828135364018, 21.571963569789364], [85.38828135364018, 21.571873738260955], [85.3885508482254, 21.571873738260955], [85.3885508482254, 21.57178390673254], [85.38873051128223, 21.57178390673254], [85.38873051128223, 21.57169407520413], [85.38900000586747, 21.57169407520413], [85.38900000586747, 21.57160424367572]], [[85.38953899503794, 21.57169407520413], [85.38944916350952, 21.57169407520413], [85.38944916350952, 21.57178390673254], [85.38953899503794, 21.57178390673254], [85.38953899503794, 21.57169407520413]]]}, "id": "+55+511", "properties": {"area_ha": 10.290080614841713, "centroid_lat": 21.57326175568417, "centroid_lon": 85.3887825640725, "cluster_id": 2, "n_pixels": 1029, "perim_m": 3113.3960662258582, "profile_annual_rainfall_p50": 1382.1430009414212, "profile_aspect_cos_p50": 0.9306392844948703, "profile_aspect_sin_p50": 0.19080899537654517, "profile_canopy_height_max_p50": 18, "profile_canopy_height_p50": 17, "profile_canopy_height_std_p50": 0.4794236577393559, "profile_distance_to_water_p50": 463409.50001051987, "profile_elevation_p50": 674, "profile_ndvi_amplitude_annual_p50": 0.13717737733685914, "profile_ndvi_mean_p50": 0.7245941191952479, "profile_ndvi_phase_annual_cos_p50": -0.9774692632437953, "profile_ndvi_phase_annual_sin_p50": 0.13663281218959694, "profile_ndvi_residual_variance_p50": 0.007267605532830428, "profile_ndvi_trend_p50": -0.0024415438777803606, "profile_slope_p50": 13.999999999999998, "profile_vh_iqr_p50": 1.784515099020379, "profile_vh_p10_p50": -16.938543775042092, "profile_vh_p50_p50": -15.906629159938069, "profile_vh_p90_p50": -14.841751142661245, "profile_vv_iqr_p50": 1.7775517247607724, "profile_vv_minus_vh_median_p50": 6.217328384905438, "profile_vv_p10_p50": -10.781638069820422, "profile_vv_p50_p50": -9.718235182430242, "profile_vv_p90_p50": -8.656536091100744, "unit_id": 101}}, {"type": "Feature", "geometry": {"type": "Polygon", "coordinates": [[[85.38756270141288, 21.57214323284619], [85.38783219599812, 21.57214323284619], [85.38783219599812, 21.572322895903014], [85.3877423644697, 21.572322895903014], [85.3877423644697, 21.57259239048825], [85.38810169058335, 21.57259239048825], [85.38810169058335, 21.572772053545073], [85.38801185905494, 21.572772053545073], [85.38801185905494, 21.572861885073486], [85.38792202752653, 21.572861885073486], [85.38792202752653, 21.572951716601896], [85.38801185905494, 21.572951716601896], [85.38801185905494, 21.57304154813031], [85.38792202752653, 21.57304154813031], [85.38792202752653, 21.573221211187132], [85.38783219599812, 21.573221211187132], [85.38783219599812, 21.573311042715545], [85.38765253294129, 21.573311042715545], [85.38765253294129, 21.573221211187132], [85.38756270141288, 21.573221211187132], [85.38756270141288, 21.573311042715545], [85.38747286988446, 21.573311042715545], [85.38747286988446, 21.57340087424396], [85.38720337529924, 21.57340087424396], [85.38720337529924, 21.573490705772368], [85.38702371224241, 21.573490705772368], [85.38702371224241, 21.573311042715545], [85.38684404918558, 21.573311042715545], [85.38684404918558, 21.57340087424396], [85.38657455460034, 21.57340087424396], [85.38657455460034, 21.573311042715545], [85.38648472307193, 21.573311042715545], [85.38648472307193, 21.573221211187132], [85.38630506001512, 21.573221211187132], [85.38630506001512, 21.572951716601896], [85.38639489154352, 21.572951716601896], [85.38639489154352, 21.572861885073486], [85.38648472307193, 21.572861885073486], [85.38648472307193, 21.572772053545073], [85.38657455460034, 21.572772053545073], [85.38657455460034, 21.572682222016663], [85.38666438612876, 21.572682222016663], [85.38666438612876, 21.57259239048825], [85.38684404918558, 21.57259239048825], [85.38684404918558, 21.572502558959837], [85.386933880714, 21.572502558959837], [85.386933880714, 21.572412727431427], [85.38711354377082, 21.572412727431427], [85.38711354377082, 21.572322895903014], [85.38738303835605, 21.572322895903014], [85.38738303835605, 21.5722330643746], [85.38756270141288, 21.5722330643746], [85.38756270141288, 21.57214323284619]], [[85.38783219599812, 21.572682222016663], [85.3877423644697, 21.572682222016663], [85.3877423644697, 21.572861885073486], [85.38792202752653, 21.572861885073486], [85.38792202752653, 21.572772053545073], [85.38783219599812, 21.572772053545073], [85.38783219599812, 21.572682222016663]]]}, "id": "+32+505", "properties": {"area_ha": 1.6423347067034677, "centroid_lat": 21.57287431917964, "centroid_lon": 85.38722545294011, "cluster_id": 0, "n_pixels": 164, "perim_m": 824.547286448261, "profile_annual_rainfall_p50": 1389.0618859946728, "profile_aspect_cos_p50": 0.6018150231520486, "profile_aspect_sin_p50": -0.73135370161918, "profile_canopy_height_max_p50": 18.999999999999996, "profile_canopy_height_p50": 17.999999999999996, "profile_canopy_height_std_p50": 0.47896164760344956, "profile_distance_to_water_p50": 463409.50001051987, "profile_elevation_p50": 599, "profile_ndvi_amplitude_annual_p50": 0.1645757126173892, "profile_ndvi_mean_p50": 0.6933795973494945, "profile_ndvi_phase_annual_cos_p50": -0.9903360943202478, "profile_ndvi_phase_annual_sin_p50": -0.03529632286134516, "profile_ndvi_residual_variance_p50": 0.0076286319537535036, "profile_ndvi_trend_p50": -0.001469060378292216, "profile_slope_p50": 8.999999999999998, "profile_vh_iqr_p50": 1.785357141355483, "profile_vh_p10_p50": -15.442315949719163, "profile_vh_p50_p50": -14.436216371141972, "profile_vh_p90_p50": -13.31348556229533, "profile_vv_iqr_p50": 1.7795729887330036, "profile_vv_minus_vh_median_p50": 6.592325308990033, "profile_vv_p10_p50": -8.81773550051961, "profile_vv_p50_p50": -7.779687327061514, "profile_vv_p90_p50": -6.813910343653095, "unit_id": 102}}, {"type": "Feature", "geometry": {"type": "Polygon", "coordinates": [[[85.39061697337888, 21.57178390673254], [85.39079663643571, 21.57178390673254], [85.39079663643571, 21.571963569789364], [85.39097629949254, 21.571963569789364], [85.39097629949254, 21.572053401317778], [85.39079663643571, 21.572053401317778], [85.39079663643571, 21.572322895903014], [85.39133562560617, 21.572322895903014], [85.39133562560617, 21.572412727431427], [85.39061697337888, 21.572412727431427], [85.39061697337888, 21.572322895903014], [85.39043731032206, 21.572322895903014], [85.39043731032206, 21.5722330643746], [85.39025764726524, 21.5722330643746], [85.39025764726524, 21.572322895903014], [85.39007798420842, 21.572322895903014], [85.39007798420842, 21.57214323284619], [85.39016781573683, 21.57214323284619], [85.39016781573683, 21.572053401317778], [85.38998815268, 21.572053401317778], [85.38998815268, 21.57178390673254], [85.39007798420842, 21.57178390673254], [85.39007798420842, 21.571963569789364], [85.39043731032206, 21.571963569789364], [85.39043731032206, 21.572053401317778], [85.39025764726524, 21.572053401317778], [85.39025764726524, 21.57214323284619], [85.3907068049073, 21.57214323284619], [85.3907068049073, 21.571963569789364], [85.39061697337888, 21.571963569789364], [85.39061697337888, 21.57178390673254]]]}, "id": "+65+509", "properties": {"area_ha": 0.35259346183168777, "centroid_lat": 21.572147960249488, "centroid_lon": 85.39056733011901, "cluster_id": 3, "n_pixels": 35, "perim_m": 629.4751810016697, "profile_annual_rainfall_p50": 1382.1430009414753, "profile_aspect_cos_p50": 0.7547095802227726, "profile_aspect_sin_p50": 0.5068723628744278, "profile_canopy_height_max_p50": 16, "profile_canopy_height_p50": 15.000000000000002, "profile_canopy_height_std_p50": 0.479783893252404, "profile_distance_to_water_p50": 463409.50001051987, "profile_elevation_p50": 613, "profile_ndvi_amplitude_annual_p50": 0.21594181849089125, "profile_ndvi_mean_p50": 0.5607553809161441, "profile_ndvi_phase_annual_cos_p50": -0.9570353010203978, "profile_ndvi_phase_annual_sin_p50": -0.2702660748740832, "profile_ndvi_residual_variance_p50": 0.007142943686337334, "profile_ndvi_trend_p50": 0.009278162128748173, "profile_slope_p50": 9, "profile_vh_iqr_p50": 1.913070716527018, "profile_vh_p10_p50": -18.18736326050109, "profile_vh_p50_p50": -17.095798910231085, "profile_vh_p90_p50": -15.939832783124876, "profile_vv_iqr_p50": 1.7827568678918795, "profile_vv_minus_vh_median_p50": 6.470504915976252, "profile_vv_p10_p50": -11.809996062022115, "profile_vv_p50_p50": -10.652499535179865, "profile_vv_p90_p50": -9.591104676317315, "unit_id": 103}}, {"type": "Feature", "geometry": {"type": "Polygon", "coordinates": [[[85.39169495171983, 21.571963569789364], [85.39178478324824, 21.571963569789364], [85.39178478324824, 21.572053401317778], [85.39187461477665, 21.572053401317778], [85.39187461477665, 21.57214323284619], [85.39196444630507, 21.57214323284619], [85.39196444630507, 21.5722330643746], [85.39205427783348, 21.5722330643746], [85.39205427783348, 21.572322895903014], [85.39196444630507, 21.572322895903014], [85.39196444630507, 21.5722330643746], [85.39187461477665, 21.5722330643746], [85.39187461477665, 21.57214323284619], [85.39178478324824, 21.57214323284619], [85.39178478324824, 21.572053401317778], [85.39169495171983, 21.572053401317778], [85.39169495171983, 21.571963569789364]]]}, "id": "+76+507", "properties": {"area_ha": 0.03711509643076958, "centroid_lat": 21.572143232146832, "centroid_lon": 85.39187461449126, "cluster_id": 3, "n_pixels": 4, "perim_m": 154.00247674114874, "profile_annual_rainfall_p50": 1382.1430009414753, "profile_aspect_cos_p50": 0.7547095802227726, "profile_aspect_sin_p50": 0.5068723628744278, "profile_canopy_height_max_p50": 16, "profile_canopy_height_p50": 15.000000000000002, "profile_canopy_height_std_p50": 0.479783893252404, "profile_distance_to_water_p50": 463409.50001051987, "profile_elevation_p50": 613, "profile_ndvi_amplitude_annual_p50": 0.21594181849089125, "profile_ndvi_mean_p50": 0.5607553809161441, "profile_ndvi_phase_annual_cos_p50": -0.9570353010203978, "profile_ndvi_phase_annual_sin_p50": -0.2702660748740832, "profile_ndvi_residual_variance_p50": 0.007142943686337334, "profile_ndvi_trend_p50": 0.009278162128748173, "profile_slope_p50": 9, "profile_vh_iqr_p50": 1.913070716527018, "profile_vh_p10_p50": -18.18736326050109, "profile_vh_p50_p50": -17.095798910231085, "profile_vh_p90_p50": -15.939832783124876, "profile_vv_iqr_p50": 1.7827568678918795, "profile_vv_minus_vh_median_p50": 6.470504915976252, "profile_vv_p10_p50": -11.809996062022115, "profile_vv_p50_p50": -10.652499535179865, "profile_vv_p90_p50": -9.591104676317315, "unit_id": 104}}]}