plot_key,lat6,lon6,district,block,habitation,site_polygon,n_records,n_trees,loreys_h_m,loreys_h_tree_m,h_top5_m,crown_cover_pct,sal_ba_frac,n_species,dbh_mean_cm,no_tree_record,sp_ba_json,v120_3ha_merged_id,v120_3ha_merged_cluster,v120_3ha_merged_area_ha,v120_3ha_merged_bdist_m,v120_3ha_snic_id,v120_3ha_snic_cluster,v120_3ha_snic_area_ha,v120_3ha_snic_bdist_m,v120_3ha_dissolved_id,v120_3ha_dissolved_cluster,v120_3ha_dissolved_area_ha,v120_3ha_dissolved_bdist_m
18.55814_82.928984,18.55814,82.928984,KORAPUT,POTTANGI,CHAMPAKENDA,,12,5,12.848675350827513,12.939010466222646,8.4,33.0,0.0,3,21.645072260497766,False,"{""bixa orellana"": 5.889, ""mangifera indica"": 1696.273, ""other"": 402.264, ""psidium guajava"": 0.318, ""terminalia bellirica"": 417.623, ""ziziphus oenoplia"": 6.764}",,,,,,,,,,,,
18.575806_82.837232,18.575806,82.837232,KORAPUT,SEMILIGUDA,HANDAPUR,,13,8,5.276425712718289,5.3344591425086785,5.4,28.0,0.0,6,11.180634752205648,False,"{""albizia lebbeck"": 114.91, ""buchanania lanzan"": 3.899, ""emblica officinal"": 31.831, ""holarrhena antidysenterica"": 47.988, ""mangifera indica"": 97.482, ""pitamari"": 3.899, ""pterocarpus marsupium"": 5.093, ""shrub bhandari"": 1.273, ""terminalia bellirica"": 315.525, ""tree tangiachina"": 242.632}",235.0,0.0,1.705092983042098,9.843234160471189,,,,,,,,
18.576485_82.834653,18.576485,82.834653,KORAPUT,SEMILIGUDA,HANDAPUR,,13,7,4.678354368337214,4.829299526187731,5.2,28.0,0.0,5,10.2313891987647,False,"{""albizia lebbeck"": 276.054, ""bauhinia vahlii"": 7.958, ""cassia fistula"": 103.928, ""cipadessa baccifera"": 1.989, ""climber2 nihali"": 1.273, ""emblica officinal"": 6.446, ""eucalyptus spp"": 32.627, ""mangifera indica"": 42.096, ""syzygium cumini"": 177.06}",222.0,1.0,2.90869715564652,4.766769015568314,898861773.0,1.0,0.6920693850366557,4.766769015568314,315.0,1.0,26.92614072671071,36.6960798279944
18.576947_82.837561,18.576947,82.837561,KORAPUT,SEMILIGUDA,HANDAPUR,,18,10,5.865490278697405,5.947261413344833,6.4,33.0,0.0,8,12.191268640839183,False,"{""acacia concinna"": 38.515, ""albizia lebbeck"": 344.491, ""anacardium semecarpus"": 38.277, ""cassia fistula"": 5.093, ""cipadessa baccifera"": 5.093, ""emblica officinal"": 0.716, ""holarrhena antidysenterica"": 68.914, ""lantana camara"": 3.899, ""mangifera indica"": 177.299, ""pitamari"": 0.716, ""pterocarpus marsupium"": 215.177, ""schleichera oleosa"": 277.009, ""syzygium cumini"": 146.82}",240.0,1.0,2.988925408960374,16.719231432526485,-1295705327.0,1.0,0.9729049899919162,3.28076861465864,315.0,1.0,26.92614072671071,14.12076994427334
18.577371_82.836942,18.577371,82.836942,KORAPUT,SEMILIGUDA,HANDAPUR,,9,6,4.989821882951655,5.035647976234682,5.2,23.0,0.0,6,9.23098669932993,False,"{""albizia lebbeck"": 97.482, ""cassia fistula"": 58.887, ""diospyros melanoxylon"": 38.515, ""gmelina arborea"": 1.273, ""morinda tinctoria"": 2.865, ""psidium guajava"": 25.783, ""pterocarpus marsupium"": 121.037, ""schleichera oleosa"": 91.992}",232.0,1.0,2.9287497534225184,33.04595600720989,923345304.0,1.0,0.8224566075497276,4.229699338697172,315.0,1.0,26.92614072671071,73.1559550578068
18.577439_82.833436,18.577439,82.833436,KORAPUT,SEMILIGUDA,HANDAPUR,,36,19,4.511334734629531,4.717514124293785,5.0,38.0,0.0,9,8.041512914116817,False,"{""albizia lebbeck"": 118.57, ""anacardium occidentale"": 42.096, ""anacardium semecarpus"": 183.108, ""bauhinia vahlii"": 0.716, ""buchanania lanzan"": 383.245, ""cipadessa baccifera"": 26.579, ""holarrhena antidysenterica"": 42.096, ""lantana camara"": 9.231, ""mangifera indica"": 35.73, ""psidium guajava"": 35.094, ""shrub4 badari"": 1.989, ""syzygium cumini"": 105.44, ""termanalia chebula"": 73.609, ""ziziphus oenoplia"": 2.546}",220.0,1.0,2.688037665658578,17.31161242809305,1519423964.0,1.0,0.36107981586486687,12.695060743156876,315.0,1.0,26.92614072671071,78.70687662759961
18.577547_82.836866,18.577547,82.836866,KORAPUT,SEMILIGUDA,HANDAPUR,,34,16,7.759958082656842,7.809803602178061,8.0,28.0,0.0,9,18.26302971979499,False,"{""albizia lebbeck"": 133.77, ""buchanania lanzan"": 269.29, ""cassia fistula"": 81.487, ""cipadessa baccifera"": 17.189, ""emblica officinal"": 87.933, ""ficus benghalensis"": 5351.665, ""lantana camara"": 1.989, ""mangifera indica"": 576.937, ""mimosa rubicaulis"": 4.854, ""psidium guajava"": 42.096, ""shrub4 badari"": 11.937, ""syzygium cumini"": 116.899, ""termanalia chebula"": 194.965, ""ziziphus oenoplia"": 0.318}",232.0,1.0,2.9287497534225184,41.0448269707201,1321189060.0,1.0,0.1705093476522296,10.42683831271074,315.0,1.0,26.92614072671071,93.27655549865169
18.577639_82.837776,18.577639,82.837776,KORAPUT,SEMILIGUDA,HANDAPUR,,34,17,6.069422355975924,6.087089738263398,12.2,33.0,0.0,6,17.338526741540598,False,"{""anacardium semecarpus"": 726.144, ""buchanania lanzan"": 6.366, ""cipadessa baccifera"": 6.844, ""emblica officinal"": 49.736, ""lantana camara"": 5.491, ""mangifera indica"": 3006.039, ""mimosa rubicaulis"": 1.273, ""santalum album"": 45.837, ""syzygium cumini"": 550.278, ""termanalia chebula"": 228.069, ""ziziphus oenoplia"": 1.353}",232.0,1.0,2.9287497534225184,4.8075525611307635,923345304.0,1.0,0.8224566075497276,4.807552429718376,315.0,1.0,26.92614072671071,56.61670426903534
18.577673_82.838437,18.577673,82.838437,KORAPUT,SEMILIGUDA,HANDAPUR,,10,5,5.2146975291110484,5.3116673986239205,5.4,38.0,0.0,3,11.522817879853223,False,"{""bixa orellana"": 253.136, ""buchanania lanzan"": 42.096, ""holarrhena antidysenterica"": 5.093, ""pitamari"": 8.435, ""schleichera oleosa"": 248.361, ""shrub bhandari"": 1.989, ""tree tendka"": 1.273}",240.0,1.0,2.988925408960374,9.188704794110905,-1295705327.0,1.0,0.9729049899919162,9.188704794110905,315.0,1.0,26.92614072671071,7.058612299337014
18.577748_82.835758,18.577748,82.835758,KORAPUT,SEMILIGUDA,HANDAPUR,,37,18,7.230954330762174,7.319768845954806,7.6,23.0,0.0,7,16.02159760458413,False,"{""albizia lebbeck"": 66.925, ""buchanania lanzan"": 168.147, ""cipadessa baccifera"": 19.337, ""emblica officinal"": 107.589, ""holarrhena antidysenterica"": 17.985, ""lantana camara"": 1.989, ""mangifera indica"": 3001.583, ""pandaka"": 25.385, ""shrub4 badari"": 3.263, ""syzygium cumini"": 161.144, ""termanalia chebula"": 900.737, ""terminalia bellirica"": 206.981, ""ziziphus oenoplia"": 2.706}",232.0,1.0,2.9287497534225184,12.634700465695792,-41161782.0,1.0,0.571708657097292,6.2232482008404615,315.0,1.0,26.92614072671071,95.38275113944015
18.577832_82.83856,18.577832,82.83856,KORAPUT,SEMILIGUDA,HANDAPUR,,35,18,4.3921811906816215,4.538355342136855,5.0,23.0,0.0,8,9.584664350645252,False,"{""acacia catechu"": 5.093, ""albizia lebbeck"": 151.038, ""anacardium semecarpus"": 212.074, ""buchanania lanzan"": 303.588, ""cassia fistula"": 49.736, ""cipadessa baccifera"": 26.42, ""emblica officinal"": 53.794, ""lantana camara"": 9.708, ""mangifera indica"": 99.631, ""shrub4 badari"": 3.979, ""syzygium cumini"": 353.165, ""termanalia chebula"": 114.91, ""ziziphus oenoplia"": 0.318}",240.0,1.0,2.988925408960374,7.730014862081557,-1295705327.0,1.0,0.9729049899919162,7.730014862081557,315.0,1.0,26.92614072671071,5.990494388949236
18.578127_82.840014,18.578127,82.840014,KORAPUT,SEMILIGUDA,HANDAPUR,,29,14,4.917462063113924,4.979239901837237,5.2,18.0,0.0,5,11.91388431145045,False,"{""albizia lebbeck"": 184.62, ""anacardium semecarpus"": 290.458, ""bixa orellana"": 5.093, ""cipadessa baccifera"": 10.265, ""holarrhena antidysenterica"": 118.57, ""lantana camara"": 7.082, ""mangifera indica"": 1520.407, ""shrub4 badari"": 1.989, ""syzygium cumini"": 7.082, ""termanalia chebula"": 290.617, ""ziziphus oenoplia"": 2.308}",256.0,0.0,2.7482003853242922,2.766904498532389,343470872.0,0.0,0.511526098650403,2.766904498532389,318.0,0.0,6.847410417486216,24.071072299568538
18.578158_82.833453,18.578158,82.833453,KORAPUT,SEMILIGUDA,HANDAPUR,,34,20,8.106822705771053,8.180962222987718,9.0,48.0,0.0,7,14.164789935178685,False,"{""anacardium semecarpus"": 80.612, ""bauhinia vahlii"": 0.318, ""cassia fistula"": 35.094, ""cipadessa baccifera"": 11.937, ""emblica officinal"": 42.096, ""lantana camara"": 1.989, ""mangifera indica"": 3697.965, ""pandaka"": 22.998, ""shrub4 badari"": 3.899, ""syzygium cumini"": 154.221, ""termanalia chebula"": 71.62, ""terminalia bellirica"": 81.487, ""ziziphus oenoplia"": 1.432}",219.0,1.0,1.3640789039453736,8.33407363211733,-1103715730.0,1.0,0.481439865566275,8.33407363211733,315.0,1.0,26.92614072671071,7.404682274952305
18.57816_82.833364,18.57816,82.833364,KORAPUT,SEMILIGUDA,HANDAPUR,,15,10,5.72679429872649,5.757739011458868,6.0,23.0,0.0,6,10.313240312354818,False,"{""acacia auriculiformis"": 204.037, ""albizia lebbeck"": 95.573, ""bixa orellana"": 58.012, ""diospyros melanoxylon"": 80.612, ""mangifera indica"": 369.399, ""pterocarpus marsupium"": 0.716, ""schleichera oleosa"": 1.989, ""syzygium cumini"": 133.213}",219.0,1.0,1.3640789039453736,0.7518884704633888,-1103715730.0,1.0,0.481439865566275,0.7518884704633888,314.0,2.0,0.4539696463443567,1.3037085409514508
18.578309_82.834858,18.578309,82.834858,KORAPUT,SEMILIGUDA,HANDAPUR,,34,17,9.87677640153211,9.93207626524604,10.4,38.0,0.0,6,20.259488050050678,False,"{""albizia lebbeck"": 208.811, ""bauhinia vahlii"": 0.716, ""cipadessa baccifera"": 27.375, ""emblica officinal"": 116.183, ""lantana camara"": 2.865, ""mangifera indica"": 7096.958, ""mimosa rubicaulis"": 1.989, ""shrub4 badari"": 9.947, ""syzygium cumini"": 81.487, ""termanalia chebula"": 182.551, ""terminalia bellirica"": 260.775, ""ziziphus oenoplia"": 9.072}",225.0,5.0,2.9989636042098704,3.577127730367472,1472960741.0,5.0,0.8124284802783008,3.577127730367472,312.0,5.0,2.931871705308008,5.488127980406741
18.578415_82.837159,18.578415,82.837159,KORAPUT,SEMILIGUDA,HANDAPUR,,10,5,5.6859709202219255,5.735658914728683,5.8,28.0,0.0,4,9.803944494460755,False,"{""aegle marmelos"": 0.716, ""anacardium semecarpus"": 42.096, ""diospyros montana"": 86.66, ""emblica officinal"": 28.727, ""grewia eriocarpa"": 2.308, ""hadjam"": 253.136, ""pitamari"": 1.989, ""tree tendka"": 0.318}",240.0,1.0,2.988925408960374,19.186540829442787,2070763712.0,1.0,1.374103328406374,1.5630994222583192,315.0,1.0,26.92614072671071,66.73931282861423
18.57855_82.839376,18.57855,82.839376,KORAPUT,SEMILIGUDA,HANDAPUR,,17,9,5.490962228678859,5.605573136427568,6.2,38.0,0.0,6,10.751800599985819,False,"{""albizia lebbeck"": 223.533, ""bauhinia vahlii"": 5.093, ""bixa orellana"": 221.623, ""buchanania lanzan"": 5.093, ""cassia florid"": 35.094, ""cipadessa baccifera"": 5.093, ""other"": 1.273, ""pterocarpus marsupium"": 88.251, ""schleichera oleosa"": 86.58, ""syzygium cumini"": 3.581, ""terminalia bellirica"": 255.285, ""tree tendka"": 0.716}",256.0,0.0,2.7482003853242922,38.072524508889316,1949445677.0,0.0,0.6017958024444097,11.100993841406677,318.0,0.0,6.847410417486216,46.639013285320125
18.578663_82.834354,18.578663,82.834354,KORAPUT,SEMILIGUDA,HANDAPUR,,35,19,4.539495791174219,4.729217438396967,5.0,18.0,0.0,10,7.6561904203153865,False,"{""anacardium semecarpus"": 103.53, ""bauhinia vahlii"": 1.989, ""buchanania lanzan"": 163.293, ""cassia fistula"": 49.736, ""cipadessa baccifera"": 27.056, ""emblica officinal"": 80.612, ""holarrhena antidysenterica"": 35.094, ""lantana camara"": 11.539, ""mangifera indica"": 168.545, ""pandaka"": 4.854, ""psidium guajava"": 38.515, ""shrub4 badari"": 6.844, ""syzygium cumini"": 135.998, ""termanalia chebula"": 53.794, ""terminalia bellirica"": 53.794, ""ziziphus oenoplia"": 0.716}",225.0,5.0,2.9989636042098704,14.15323741614433,1472960741.0,5.0,0.8124284802783008,14.009673446322237,312.0,5.0,2.931871705308008,18.643951891570794
18.578716_82.835005,18.578716,82.835005,KORAPUT,SEMILIGUDA,HANDAPUR,,34,18,4.703702819764872,4.883820120537784,5.4,23.0,0.0,6,7.727856681239808,False,"{""anacardium semecarpus"": 90.718, ""buchanania lanzan"": 360.963, ""cipadessa baccifera"": 9.47, ""emblica officinal"": 42.096, ""lantana camara"": 5.889, ""mangifera indica"": 95.891, ""mimosa rubicaulis"": 1.273, ""pandaka"": 8.992, ""shrub4 badari"": 5.173, ""syzygium cumini"": 156.768, ""termanalia chebula"": 122.708, ""ziziphus oenoplia"": 0.318}",229.0,1.0,2.8284510386919774,1.479699978532821,175810572.0,1.0,0.30089921485976706,1.479699978532821,315.0,1.0,26.92614072671071,0.5466377524436442
18.578741_82.834651,18.578741,82.834651,KORAPUT,SEMILIGUDA,HANDAPUR,,17,9,5.431949559647719,5.546181818181817,5.8,38.0,0.0,6,9.867606471697512,False,"{""albizia lebbeck"": 147.218, ""bauhinia variegata"": 183.426, ""bixa orellana"": 62.389, ""holarrhena antidysenterica"": 52.601, ""lantana camara"": 2.865, ""mangifera indica"": 256.637, ""other"": 1.989, ""pongamia pinnata"": 2.865, ""santalum album"": 6.446, ""shrub bhandari"": 5.093, ""syzygium cumini"": 73.609}",225.0,5.0,2.9989636042098704,26.382509029592445,1472960741.0,5.0,0.8124284802783008,15.056065683041103,312.0,5.0,2.931871705308008,27.980051504139087
18.579554_82.833869,18.579554,82.833869,KORAPUT,SEMILIGUDA,HANDAPUR,,13,6,5.234595984571259,5.338807918207527,5.2,23.0,0.0,5,11.671362493405658,False,"{""albizia lebbeck"": 45.837, ""bauhinia vahlii"": 53.794, ""buchanania lanzan"": 5.093, ""emblica officinal"": 45.837, ""gardenia gummifera"": 1.273, ""holarrhena antidysenterica"": 60.877, ""mangifera indica"": 467.04, ""psidium guajava"": 0.716, ""shrub bhandari"": 1.273, ""syzygium cumini"": 114.91, ""termanalia chebula"": 7.958}",218.0,1.0,2.2567479719257695,0.6225872729822006,2119865976.0,1.0,0.20059973004553436,0.6225872729822006,315.0,1.0,26.92614072671071,29.517256102104678
18.586698_82.830332,18.586698,82.830332,KORAPUT,SEMILIGUDA,HATIMUNDA,,5,2,11.420129998030333,11.609756097560975,6.6,43.0,0.0,2,15.756339366097638,False,"{""anacardium semecarpus"": 2.865, ""mangifera indica"": 245.815, ""other"": 1.273, ""syzygium cumini"": 154.062}",203.0,2.0,2.5877410823082276,11.04247274645209,-14877386.0,2.0,0.5115307123521367,11.04247274645209,301.0,2.0,10.535280187081566,11.69081729088126
18.587339_82.828831,18.587339,82.828831,KORAPUT,SEMILIGUDA,HATIMUNDA,,8,6,6.852838263058526,6.877470856563608,7.0,43.0,0.0,5,11.246949311827272,False,"{""albizia lebbeck"": 97.482, ""holarrhena antidysenterica"": 62.389, ""mangifera indica"": 137.669, ""syzygium cumini"": 292.288, ""tree4 nadan"": 42.096, ""xylia xylocarpa"": 0.318}",190.0,3.0,2.1865448793711066,0.386824189816395,587706269.0,3.0,0.7723120543859552,0.386824189816395,303.0,3.0,2.137330190969085,4.394528672858836
18.587424_82.827393,18.587424,82.827393,KORAPUT,SEMILIGUDA,HATIMUNDA,,11,7,4.481149986438838,4.491511154763575,5.0,78.0,0.0,6,9.685715108163917,False,"{""albizia lebbeck"": 276.054, ""bixa orellana"": 2.865, ""buchanania lanzan"": 22.998, ""hadjam"": 22.998, ""holarrhena antidysenterica"": 91.992, ""mangifera indica"": 84.511, ""pterocarpus marsupium"": 81.487, ""santalum album"": 3.899}",174.0,4.0,2.9087135471341106,1.806468035087048,1184514546.0,4.0,0.6820429380368982,1.8064682762422106,289.0,4.0,47.38891859310937,63.380831007080324
18.587441_82.81896,18.587441,82.81896,KORAPUT,SEMILIGUDA,BILAPUT,,58,39,5.595708156672724,5.645561873677231,6.6,28.0,0.0,9,9.85128288779065,False,"{""anacardium semecarpus"": 242.632, ""bauhinia vahlii"": 0.637, ""bixa orellana"": 5.093, ""buchanania lanzan"": 636.859, ""cassia fistula"": 123.584, ""cipadessa baccifera"": 15.995, ""emblica officinal"": 84.193, ""holarrhena antidysenterica"": 100.745, ""lantana camara"": 1.432, ""mangifera indica"": 1004.506, ""syzygium cumini"": 487.81, ""termanalia chebula"": 216.769, ""terminalia bellirica"": 230.536, ""ziziphus oenoplia"": 2.387}",94.0,1.0,2.948858251279505,11.923875058698947,1230023628.0,1.0,0.24072307309112945,11.923875058698947,300.0,1.0,18.43200672736853,117.50852373306357
18.588535_82.82654,18.588535,82.82654,KORAPUT,SEMILIGUDA,HATIMUNDA,,9,4,11.557300678823372,11.593879460109582,9.2,53.0,0.0,3,13.448592691265157,False,"{""bixa orellana"": 0.318, ""grewia eriocarpa"": 0.318, ""hadjam"": 86.66, ""mangifera indica"": 294.357, ""shrub bhandari"": 0.318, ""syzygium cumini"": 215.177, ""ziziphus oenoplia"": 0.716}",158.0,4.0,2.9989882397781207,10.303797993801883,957818897.0,4.0,0.2808413144871287,6.909641798344349,289.0,4.0,47.38891859310937,125.07478097622649
18.58884_82.818969,18.58884,82.818969,KORAPUT,SEMILIGUDA,BILAPUT,,36,18,4.572623109330754,4.71515020531662,5.0,38.0,0.0,7,8.753521870054243,False,"{""albizia lebbeck"": 91.832, ""bauhinia vahlii"": 0.716, ""bixa orellana"": 63.98, ""buchanania lanzan"": 414.917, ""cassia fistula"": 95.891, ""cipadessa baccifera"": 5.57, ""holarrhena antidysenterica"": 5.093, ""lantana camara"": 4.854, ""mangifera indica"": 237.3, ""mimosa rubicaulis"": 5.093, ""syzygium cumini"": 1.989, ""termanalia chebula"": 168.147, ""terminalia bellirica"": 53.794, ""ziziphus oenoplia"": 3.024}",100.0,1.0,2.908735598820819,5.956954551846943,-499987359.0,1.0,0.6018077559162138,5.956954551846943,300.0,1.0,18.43200672736853,100.46837378327794
18.589041_82.818128,18.589041,82.818128,KORAPUT,SEMILIGUDA,BILAPUT,,37,18,4.755907459310616,4.877620425359119,5.2,43.0,0.0,10,10.274335770710131,False,"{""albizia lebbeck"": 86.66, ""anacardium semecarpus"": 97.482, ""bauhinia vahlii"": 1.035, ""bixa orellana"": 60.877, ""buchanania lanzan"": 192.657, ""cassia fistula"": 86.66, ""cipadessa baccifera"": 21.565, ""holarrhena antidysenterica"": 52.044, ""lantana camara"": 10.982, ""mangifera indica"": 211.756, ""syzygium cumini"": 194.965, ""termanalia chebula"": 466.404, ""tree sonda"": 135.282}",100.0,1.0,2.908735598820819,7.306743187589165,-499987359.0,1.0,0.6018077559162138,7.306743187589165,300.0,1.0,18.43200672736853,11.224282985798682
18.589244_82.825077,18.589244,82.825077,KORAPUT,SEMILIGUDA,HATIMUNDA,,8,5,9.460052951253699,9.517376946060699,7.4,68.0,0.0,5,10.631550198538608,False,"{""bixa orellana"": 127.324, ""cassia fistula"": 76.474, ""diospyros melanoxylon"": 35.094, ""emblica officinal"": 0.318, ""mangifera indica"": 232.048, ""psidium guajava"": 0.716, ""syzygium cumini"": 38.993}",161.0,4.0,2.6880556988606084,21.694495483980273,-1204424128.0,4.0,0.742224607830562,21.69449540452942,289.0,4.0,47.38891859310937,24.08117146609834
18.589309_82.825484,18.589309,82.825484,KORAPUT,SEMILIGUDA,HATIMUNDA,,7,4,18.1124634108766,18.308424336973477,11.4,33.0,0.0,4,11.618310845708361,False,"{""albizia lebbeck"": 35.094, ""bombax ceiba"": 296.108, ""holarrhena antidysenterica"": 1.273, ""mangifera indica"": 1.273, ""pongamia pinnata"": 140.375, ""syzygium cumini"": 42.415}",161.0,4.0,2.6880556988606084,25.8777319981301,-1695656650.0,4.0,0.8224649195515243,4.579598314798122,289.0,4.0,47.38891859310937,67.04156509412792
18.589582_82.817618,18.589582,82.817618,KORAPUT,SEMILIGUDA,BILAPUT,,36,19,5.33138416859621,5.4284508400996865,6.0,38.0,0.0,10,11.191105472145905,False,"{""albizia lebbeck"": 153.266, ""anacardium semecarpus"": 97.482, ""bauhinia vahlii"": 3.263, ""buchanania lanzan"": 343.854, ""cassia fistula"": 53.794, ""cipadessa baccifera"": 11.22, ""emblica officinal"": 53.715, ""holarrhena antidysenterica"": 52.919, ""lantana camara"": 8.356, ""mangifera indica"": 734.898, ""shrub4 badari"": 1.273, ""syzygium cumini"": 262.128, ""termanalia chebula"": 148.412, ""terminalia bellirica"": 103.132}",77.0,5.0,2.577746006208779,5.245720268356947,-1310533586.0,5.0,0.1504520839331643,5.245720268356947,291.0,5.0,5.5039875227063355,14.161881045892995
18.589732_82.827324,18.589732,82.827324,KORAPUT,SEMILIGUDA,HATIMUNDA,,20,10,10.785652933684801,10.749123484668411,23.2,13.0,0.0,6,26.101410667070837,False,"{""artocarpus heterophyllus"": 447.623, ""bixa orellana"": 1083.288, ""cipadessa baccifera"": 4.536, ""diospyros ferrea"": 5.252, ""euphorbia nivulia"": 1.989, ""ficus benghalensis"": 1070.317, ""lantana camara"": 1.989, ""manilkara hexandra"": 1.989, ""phoenix acaulis"": 1.273, ""pongamia pinnata"": 1097.055, ""psidium guajava"": 574.947, ""syzygium cumini"": 1083.288}",183.0,2.0,2.5777174029368957,1.68750030898816,-1557660177.0,2.0,1.2136342566754152,1.68750030898816,289.0,4.0,47.38891859310937,0.4969691983108517
18.590069_82.822561,18.590069,82.822561,KORAPUT,SEMILIGUDA,HATIMUNDA,,5,2,20.82926829268293,21.54562326012991,8.2,58.0,0.0,2,11.93662073189215,False,"{""albizia lebbeck"": 5.093, ""emblica officinal"": 1.273, ""gmelina arborea"": 3.899, ""ougeinia oogeinsis"": 42.096, ""syzygium cumini"": 215.177}",128.0,4.0,2.778335703951799,43.574204809135615,2122797404.0,4.0,1.323971992303795,4.165725822133195,289.0,4.0,47.38891859310937,42.96932938008177
18.590157_82.829946,18.590157,82.829946,KORAPUT,SEMILIGUDA,HATIMUNDA,,8,5,5.900139470013946,5.966932725199544,6.0,13.0,0.0,4,8.276057040778557,False,"{""aegle marmelos"": 20.372, ""bixa orellana"": 62.389, ""holarrhena antidysenterica"": 2.865, ""mangifera indica"": 62.389, ""other"": 134.008, ""syzygium cumini"": 1.273, ""termanalia chebula"": 1.989}",183.0,2.0,2.5777174029368957,3.498022108693062,1346144763.0,2.0,0.36108060540560294,3.498022108693062,301.0,2.0,10.535280187081566,23.05870953957331
18.590763_82.817554,18.590763,82.817554,KORAPUT,SEMILIGUDA,BILAPUT,,37,18,5.7665899436628205,5.875073223369816,6.8,28.0,0.0,7,12.99765368583812,False,"{""albizia lebbeck"": 243.507, ""anacardium semecarpus"": 305.896, ""bixa orellana"": 10.345, ""cassia fistula"": 131.223, ""cipadessa baccifera"": 25.624, ""holarrhena antidysenterica"": 56.818, ""mangifera indica"": 982.861, ""mimosa rubicaulis"": 1.989, ""shrub4 badari"": 8.754, ""syzygium cumini"": 654.923, ""termanalia chebula"": 218.042, ""ziziphus oenoplia"": 1.432}",77.0,5.0,2.577746006208779,4.86509585322525,1732040305.0,5.0,0.5115370503213537,2.70215602518581,291.0,5.0,5.5039875227063355,6.022686472032587
18.590785_82.824487,18.590785,82.824487,KORAPUT,SEMILIGUDA,HATIMUNDA,,20,10,11.403761606491146,11.37714538434061,26.2,13.0,0.0,8,24.096058384112954,False,"{""anacardium occidentale"": 447.623, ""artocarpus heterophyllus"": 574.947, ""bombax ceiba"": 1022.571, ""cipadessa baccifera"": 2.865, ""emblica officinal"": 447.623, ""euphorbia nivulia"": 2.308, ""ficus benghalensis"": 895.247, ""indigofera cassioides"": 1.989, ""rauwolfia serpentina"": 1.273, ""santalum album"": 140.375, ""syzygium cumini"": 574.947, ""tamarindus indica"": 574.947, ""woodfordia fruticosa"": 1.273}",166.0,4.0,2.7883545906220126,22.849884691103753,-744819570.0,4.0,0.5917740238367619,22.84988517588562,289.0,4.0,47.38891859310937,92.61189935680457
18.590802_82.814215,18.590802,82.814215,KORAPUT,SEMILIGUDA,BILAPUT,,21,11,6.513483982065109,6.5185731164030924,7.0,28.0,0.0,1,27.345712949425657,False,"{""bixa orellana"": 1.592, ""grewia eriocarpa"": 0.716, ""mangifera indica"": 7341.579, ""pitamari"": 1.751, ""tree simarua"": 1.353, ""ziziphus oenoplia"": 0.716}",38.0,1.0,0.6218707666121258,1.9474200312996492,1411835979.0,1.0,0.6218707666121258,1.9474200312996492,290.0,1.0,15.43380882335731,106.5138549126338
18.590809_82.826211,18.590809,82.826211,KORAPUT,SEMILIGUDA,HATIMUNDA,,20,10,9.86834308966305,9.825872873769024,23.4,13.0,0.0,7,23.55493157760051,False,"{""anacardium occidentale"": 447.623, ""bridelia squamosa/retusa"": 574.947, ""cipadessa baccifera"": 1.273, ""diospyros ferrea"": 4.695, ""diospyros melanoxylon"": 447.623, ""emblica officinal"": 815.669, ""ficus benghalensis"": 447.623, ""holarrhena antidysenterica"": 447.623, ""indigofera cassioides"": 2.546, ""lantana camara"": 1.989, ""manilkara hexandra"": 1.273, ""rauwolfia serpentina"": 1.989, ""syzygium cumini"": 1263.292, ""woodfordia fruticosa"": 0.716}",171.0,2.0,2.698081917911047,15.116263639858342,732191527.0,2.0,0.4914724379958736,8.344591093844596,,,,
18.590818_82.825501,18.590818,82.825501,KORAPUT,SEMILIGUDA,HATIMUNDA,,20,10,8.97775323445882,8.8392382639504,23.8,13.0,0.0,9,23.55493157760051,False,"{""aegle marmelos"": 240.722, ""anacardium semecarpus"": 574.947, ""bridelia squamosa/retusa"": 447.623, ""cipadessa baccifera"": 2.706, ""diospyros ferrea"": 0.318, ""euphorbia nivulia"": 1.273, ""ficus benghalensis"": 574.947, ""holarrhena antidysenterica"": 240.722, ""lantana camara"": 39.232, ""mangifera indica"": 447.623, ""manilkara hexandra"": 0.716, ""mimosa rubicaulis"": 1.273, ""pongamia pinnata"": 574.947, ""psidium guajava"": 815.669, ""rauwolfia serpentina"": 1.273, ""tamarindus indica"": 574.947, ""woodfordia fruticosa"": 0.318}",171.0,2.0,2.698081917911047,1.8899992774711027,732191527.0,2.0,0.4914724379958736,1.8899992774711027,,,,
18.590826_82.820535,18.590826,82.820535,KORAPUT,SEMILIGUDA,HATIMUNDA,,18,9,6.9325598630242,7.015489951056962,7.8,13.0,0.0,9,19.947419534184217,False,"{""artocarpus heterophyllus"": 97.482, ""bixa orellana"": 215.177, ""cassia fistula"": 215.177, ""cipadessa baccifera"": 2.865, ""cycas circinalis"": 13.449, ""diospyros melanoxylon"": 277.009, ""emblica officinal"": 215.177, ""euphorbia nivulia"": 1.989, ""euphorbia royleana"": 6.446, ""ficus benghalensis"": 616.248, ""flacourtia indica"": 11.459, ""holarrhena antidysenterica"": 5.093, ""lantana camara"": 2.865, ""mangifera indica"": 574.947, ""mimosa pudica"": 5.093, ""rauwolfia serpentina"": 7.958, ""syzygium cumini"": 630.333, ""termanalia chebula"": 215.177}",122.0,3.0,2.647946898705823,10.519795323298315,468863208.0,3.0,1.394184458136879,10.519795323298315,293.0,3.0,9.334143273771481,9.276601032844944
18.590907_82.822339,18.590907,82.822339,KORAPUT,SEMILIGUDA,HATIMUNDA,,18,9,8.574280214261801,8.585702306079666,9.4,13.0,0.0,9,15.349610067085017,False,"{""artocarpus heterophyllus"": 215.177, ""bixa orellana"": 49.736, ""calotropis gigantea"": 0.318, ""cipadessa baccifera"": 0.318, ""cycas circinalis"": 0.318, ""diospyros melanoxylon"": 133.77, ""emblica officinal"": 103.132, ""euphorbia royleana"": 0.318, ""ficus benghalensis"": 249.555, ""gardenia gummifera"": 0.318, ""lantana camara"": 0.318, ""mangifera indica"": 644.578, ""murraya paniculata"": 0.318, ""psidium guajava"": 71.62, ""syzygium cumini"": 215.177, ""terminalia arjuna"": 215.177, ""woodfordia fruticosa"": 0.716, ""ziziphus oenoplia"": 0.716}",128.0,4.0,2.778335703951799,14.8199036945474,2122797404.0,4.0,1.323971992303795,14.8199036945474,289.0,4.0,47.38891859310937,38.500337458650066
18.591008_82.821617,18.591008,82.821617,KORAPUT,SEMILIGUDA,HATIMUNDA,,18,9,7.946635220125788,8.141344168387398,8.4,13.0,0.0,9,17.330204914450825,False,"{""anthocephalus chinensis"": 240.722, ""aphanamixis polystachya"": 574.947, ""azadirachta indica"": 241.438, ""bixa orellana"": 103.132, ""bombax ceiba"": 17.905, ""cassia fistula"": 13.449, ""diospyros melanoxylon"": 176.742, ""emblica officinal"": 121.037, ""ficus benghalensis"": 17.905, ""mangifera indica"": 656.037, ""soymida ferbrifuga"": 97.482, ""termanalia chebula"": 240.722, ""terminalia alata"": 13.449, ""wrightia arborea"": 15.597}",122.0,3.0,2.647946898705823,26.94591041139966,-64722011.0,3.0,0.5717155140315215,11.240349345499181,293.0,3.0,9.334143273771481,30.471534214624366
18.591102_82.824347,18.591102,82.824347,KORAPUT,SEMILIGUDA,HATIMUNDA,,20,10,12.194119777433908,12.177246496290191,23.2,8.0,0.0,8,24.509861236151885,False,"{""bixa orellana"": 574.947, ""bombax ceiba"": 240.722, ""bridelia squamosa/retusa"": 1022.571, ""cipadessa baccifera"": 0.318, ""diospyros ferrea"": 1.592, ""emblica officinal"": 240.722, ""euphorbia nivulia"": 1.273, ""ficus benghalensis"": 574.947, ""holarrhena antidysenterica"": 448.339, ""lantana camara"": 0.318, ""mimosa pudica"": 1.432, ""pongamia pinnata"": 1149.894, ""schefflera venulosa"": 1.273, ""tamarindus indica"": 574.947, ""ziziphus oenoplia"": 0.716}",150.0,4.0,2.226675486599213,12.08814035956184,-1289592151.0,4.0,0.18054128549216195,7.444128001539615,289.0,4.0,47.38891859310937,80.38976647315863
18.591333_82.817649,18.591333,82.817649,KORAPUT,SEMILIGUDA,BILAPUT,,33,17,5.240125965915105,5.3808247648217025,6.0,28.0,0.0,7,10.298261023593229,False,"{""bauhinia vahlii"": 0.318, ""buchanania lanzan"": 178.254, ""cipadessa baccifera"": 16.075, ""emblica officinal"": 42.096, ""holarrhena antidysenterica"": 5.093, ""lannea coromandelica"": 123.584, ""lantana camara"": 2.706, ""mangifera indica"": 572.003, ""psidium guajava"": 1.989, ""syzygium cumini"": 173.956, ""termanalia chebula"": 223.056, ""terminalia bellirica"": 164.407}",77.0,5.0,2.577746006208779,14.665258745148002,-2029800470.0,5.0,0.6018081800995118,14.665258745148002,291.0,5.0,5.5039875227063355,10.889619521789154
18.591473_82.819057,18.591473,82.819057,KORAPUT,SEMILIGUDA,HATIMUNDA,,18,9,6.449071800412534,6.596098290453045,6.8,8.0,0.0,9,17.365572679582357,False,"{""anacardium occidentale"": 240.722, ""anacardium semecarpus"": 764.262, ""bixa orellana"": 240.722, ""cassia florid"": 161.144, ""cipadessa baccifera"": 9.947, ""diospyros ferrea"": 6.446, ""diospyros melanoxylon"": 240.722, ""euphorbia nivulia"": 15.597, ""gardenia gummifera"": 2.865, ""leea asiatica"": 11.459, ""mangifera indica"": 240.722, ""mimosa rubicaulis"": 17.905, ""psidium guajava"": 97.482, ""syzygium cumini"": 240.722, ""termanalia chebula"": 114.91, ""vitex negundo"": 13.449, ""ziziphus oenoplia"": 11.459}",101.0,4.0,2.537620103269532,13.795949050849048,-829986129.0,4.0,0.25075311943847567,2.5083385481660168,289.0,4.0,47.38891859310937,66.07084198847564
18.591548_82.816364,18.591548,82.816364,KORAPUT,SEMILIGUDA,BILAPUT,,40,23,4.934326690569499,4.9679806580468835,5.4,48.0,0.0,8,12.884630610309092,False,"{""albizia lebbeck"": 248.52, ""anacardium semecarpus"": 161.144, ""bixa orellana"": 7.162, ""buchanania lanzan"": 766.013, ""cassia fistula"": 209.846, ""cipadessa baccifera"": 5.093, ""gardenia gummifera"": 1.273, ""holarrhena antidysenterica"": 100.745, ""mangifera indica"": 1960.073, ""mimosa rubicaulis"": 1.989, ""shrub4 badari"": 1.035, ""syzygium cumini"": 120.003, ""termanalia chebula"": 233.878, ""tree sonda"": 0.716}",64.0,1.0,2.4674166714645542,38.27397111392615,1139776390.0,1.0,0.8926835715809147,0.5251848083457885,290.0,1.0,15.43380882335731,43.030437454705876
18.591818_82.815917,18.591818,82.815917,KORAPUT,SEMILIGUDA,BILAPUT,,30,15,4.706310291249299,4.750978097308141,5.2,38.0,0.0,8,13.941973014850031,False,"{""albizia lebbeck"": 570.73, ""anacardium semecarpus"": 168.386, ""bixa orellana"": 3.263, ""buchanania lanzan"": 435.925, ""cassia fistula"": 71.62, ""cipadessa baccifera"": 6.446, ""holarrhena antidysenterica"": 3.263, ""mangifera indica"": 172.046, ""mimosa rubicaulis"": 1.989, ""pandaka"": 5.252, ""psidium guajava"": 1.273, ""syzygium cumini"": 352.13, ""termanalia chebula"": 140.375, ""tree sonda"": 473.725, ""ziziphus oenoplia"": 0.716}",55.0,1.0,1.464402722557561,1.9934180091937037,1329559466.0,1.0,0.36108553665027626,1.9934180091937037,290.0,1.0,15.43380882335731,57.68853507897675
18.592142_82.814825,18.592142,82.814825,KORAPUT,SEMILIGUDA,BILAPUT,,24,12,3.775982503364738,3.8159760516779584,4.4,33.0,0.0,8,12.069249851135396,False,"{""anacardium semecarpus"": 389.93, ""bixa orellana"": 7.082, ""buchanania lanzan"": 428.127, ""cassia fistula"": 103.132, ""cipadessa baccifera"": 5.65, ""holarrhena antidysenterica"": 53.635, ""mangifera indica"": 133.77, ""pandaka"": 1.989, ""santalum album"": 35.094, ""shrub4 badari"": 0.716, ""syzygium cumini"": 283.455, ""tree sonda"": 93.265, ""ziziphus oenoplia"": 1.432}",55.0,1.0,1.464402722557561,16.374507561132024,315223305.0,1.0,0.5015080908788726,16.374507561132024,290.0,1.0,15.43380882335731,22.78061575356363
18.59228_82.828686,18.59228,82.828686,KORAPUT,SEMILIGUDA,HATIMUNDA,,20,10,16.840235495395767,16.87881693837379,18.2,13.0,0.0,10,13.33718423110083,False,"{""anacardium occidentale"": 49.736, ""anacardium semecarpus"": 97.482, ""arbor tristis"": 0.716, ""bixa orellana"": 49.736, ""bombax ceiba"": 367.966, ""cipadessa baccifera"": 0.318, ""cycas circinalis"": 0.318, ""diospyros melanoxylon"": 240.722, ""emblica officinal"": 140.375, ""flacourtia indica"": 1.035, ""mangifera indica"": 286.479, ""manilkara hexandra"": 0.716, ""mimosa pudica"": 0.318, ""phoenix acaulis"": 0.318, ""rauwolfia serpentina"": 0.716, ""santalum album"": 42.096, ""syzygium cumini"": 198.944, ""termanalia chebula"": 103.132, ""vitex negundo"": 0.318}",191.0,1.0,2.91873425771765,25.732943090018352,1163480168.0,1.0,0.4513509226579793,7.134910188715187,269.0,1.0,41.07017364885817,40.09560309457679
18.592398_82.819353,18.592398,82.819353,KORAPUT,SEMILIGUDA,HATIMUNDA,,18,9,6.608937848156726,6.733275899203101,7.0,13.0,0.0,9,22.281692032865347,False,"{""artocarpus heterophyllus"": 574.947, ""butea monosperma"": 305.896, ""calotropis gigantea"": 5.093, ""cipadessa baccifera"": 1.989, ""diospyros melanoxylon"": 588.555, ""emblica officinal"": 447.623, ""gardenia gummifera"": 11.459, ""holarrhena antidysenterica"": 15.597, ""lantana camara"": 28.727, ""leea asiatica"": 6.446, ""mangifera indica"": 764.262, ""manilkara hexandra"": 6.446, ""psidium guajava"": 215.177, ""santalum album"": 215.177, ""schleichera oleosa"": 215.177, ""syzygium cumini"": 367.966, ""vitex negundo"": 17.905, ""ziziphus oenoplia"": 25.783}",93.0,4.0,2.136416234304465,14.000885259653414,-754399585.0,4.0,0.36108422835336385,0.19416479353538044,289.0,4.0,47.38891859310937,102.66402950099462
18.593711_82.815814,18.593711,82.815814,KORAPUT,SEMILIGUDA,HATIMUNDA,,8,5,5.259385665529011,5.329948039678792,5.4,13.0,0.0,5,9.040000767619656,False,"{""anacardium occidentale"": 6.446, ""butea monosperma"": 53.794, ""emblica officinal"": 38.515, ""mangifera indica"": 121.037, ""pongamia pinnata"": 47.189, ""psidium guajava"": 1.273, ""pterocarpus marsupium"": 81.487}",52.0,4.0,2.3269962705664855,0.9958214967465973,-2134992560.0,4.0,0.18054270752362597,0.9958214967465973,289.0,4.0,47.38891859310937,48.78687144772472
18.594241_82.828147,18.594241,82.828147,KORAPUT,SEMILIGUDA,HATIMUNDA,,20,10,9.214238680959783,9.138582135007018,24.2,13.0,0.0,9,19.13042415964582,False,"{""albizia lebbeck"": 447.623, ""anacardium semecarpus"": 240.722, ""arbor tristis"": 1.273, ""cipadessa baccifera"": 1.989, ""diospyros ferrea"": 1.989, ""diospyros melanoxylon"": 1022.571, ""euphorbia royleana"": 1.273, ""ficus benghalensis"": 161.144, ""holarrhena antidysenterica"": 243.587, ""manilkara hexandra"": 2.865, ""phoenix acaulis"": 0.716, ""pongamia pinnata"": 249.555, ""psidium guajava"": 240.722, ""rauwolfia serpentina"": 1.989, ""syzygium cumini"": 240.722, ""tamarindus indica"": 161.144, ""ziziphus oenoplia"": 1.432}",184.0,5.0,2.607805581196511,6.385399874257835,349146753.0,5.0,0.7221617044584102,6.385399874257835,276.0,5.0,9.645891074575259,6.777013662108215
18.594449_82.811828,18.594449,82.811828,KORAPUT,SEMILIGUDA,HATIMUNDA,,10,6,6.061852705061082,6.127745788014504,6.0,18.0,0.0,5,15.225822889124656,False,"{""anacardium occidentale"": 5.093, ""artocarpus heterophyllus"": 296.108, ""bixa orellana"": 276.054, ""bombax ceiba"": 154.062, ""mangifera indica"": 11.539, ""pterocarpus marsupium"": 161.144, ""santalum album"": 3.899, ""syzygium cumini"": 232.048}",17.0,5.0,2.938846721881156,2.6503909396407885,183063102.0,5.0,0.6419324845754052,2.5225893217836126,282.0,5.0,4.605498075571133,5.375316163178933
18.594997_82.814868,18.594997,82.814868,KORAPUT,SEMILIGUDA,HATIMUNDA,,9,5,6.436106045728713,6.547694524495677,6.4,8.0,0.0,4,11.58647985708998,False,"{""ailanthus excelsa"": 5.093, ""anacardium occidentale"": 2.865, ""bauhinia vahlii"": 5.093, ""ficus benghalensis"": 215.177, ""mangifera indica"": 173.956, ""other"": 1.989, ""terminalia bellirica"": 86.66, ""terminalia elliptica"": 76.474}",48.0,4.0,2.768323780035576,17.72023886309883,1275560890.0,4.0,0.31093487907141776,7.720238468481201,289.0,4.0,47.38891859310937,66.14881290619223
18.595014_82.827976,18.595014,82.827976,KORAPUT,SEMILIGUDA,HATIMUNDA,,20,10,11.288791619534747,11.279825448090532,18.0,23.0,0.0,8,19.7670439320134,False,"{""anacardium occidentale"": 240.722, ""anacardium semecarpus"": 688.345, ""bombax ceiba"": 249.555, ""cipadessa baccifera"": 2.308, ""diospyros melanoxylon"": 240.722, ""euphorbia nivulia"": 1.273, ""ficus benghalensis"": 249.555, ""gardenia gummifera"": 0.716, ""holarrhena antidysenterica"": 381.097, ""indigofera cassioides"": 0.318, ""mangifera indica"": 616.248, ""melastoma malabathricum"": 0.716, ""phoenix acaulis"": 1.273, ""psidium guajava"": 561.499, ""vitex negundo"": 0.716, ""woodfordia fruticosa"": 1.035}",181.0,5.0,1.4643836188207455,14.349011541244266,76980330.0,5.0,0.28084072950164357,11.069492391747465,276.0,5.0,9.645891074575259,10.706316117543171
18.595431_82.826381,18.595431,82.826381,KORAPUT,SEMILIGUDA,HATIMUNDA,,7,4,4.844187168355042,4.934710533027289,4.5200000000000005,38.0,0.0,3,9.310564170875878,False,"{""buchanania lanzan"": 9.629, ""diospyros melanoxylon"": 20.372, ""pitamari"": 0.318, ""schleichera oleosa"": 91.992, ""syzygium cumini"": 199.66, ""ziziphus oenoplia"": 7.958}",169.0,1.0,2.196578613902612,17.632799234835886,-689241775.0,1.0,0.35105152196618267,8.371389273233824,269.0,1.0,41.07017364885817,51.83186404966666
18.595601_82.827027,18.595601,82.827027,KORAPUT,SEMILIGUDA,HATIMUNDA,,20,10,10.06623711340206,10.081293103448276,13.2,13.0,0.0,10,10.440564266828336,False,"{""aegle marmelos"": 62.389, ""anacardium semecarpus"": 140.375, ""annona squamosa"": 0.318, ""bixa orellana"": 42.096, ""cipadessa baccifera"": 0.318, ""cycas circinalis"": 0.318, ""diospyros melanoxylon"": 140.375, ""emblica officinal"": 31.831, ""euphorbia nivulia"": 0.318, ""holarrhena antidysenterica"": 0.318, ""lantana camara"": 0.318, ""mangifera indica"": 161.144, ""manilkara hexandra"": 0.318, ""oroxylum indicum"": 62.389, ""rauwolfia serpentina"": 0.318, ""syzygium cumini"": 71.62, ""termanalia chebula"": 161.144, ""terminalia bellirica"": 49.736, ""woodfordia fruticosa"": 0.318, ""ziziphus oenoplia"": 0.318}",167.0,1.0,1.0230641967587093,7.051497371961038,-651724862.0,1.0,0.3711113983691162,7.051497371961038,269.0,1.0,41.07017364885817,7.125413541247962
18.595819_82.826677,18.595819,82.826677,KORAPUT,SEMILIGUDA,HATIMUNDA,,20,10,9.307566506759706,9.291279336818391,15.4,13.0,0.0,9,21.10394545398532,False,"{""anacardium semecarpus"": 267.699, ""artocarpus heterophyllus"": 249.555, ""bombax ceiba"": 240.722, ""cipadessa baccifera"": 1.989, ""diospyros ferrea"": 1.273, ""diospyros melanoxylon"": 616.248, ""euphorbia nivulia"": 0.318, ""euphorbia royleana"": 0.637, ""holarrhena antidysenterica"": 234.037, ""mangifera indica"": 240.722, ""mimosa pudica"": 1.989, ""mimosa rubicaulis"": 2.308, ""phoenix dactylifera"": 616.248, ""santalum album"": 907.263, ""syzygium cumini"": 267.699, ""ziziphus oenoplia"": 0.716}",167.0,1.0,1.0230641967587093,6.828359287037823,-651724862.0,1.0,0.3711113983691162,6.828359287037823,269.0,1.0,41.07017364885817,6.155771129735561
18.596046_82.825038,18.596046,82.825038,KORAPUT,SEMILIGUDA,HATIMUNDA,,10,1,1.8869068798558717,2.1,1.7399999999999998,0.0,0.0,1,5.092958178940651,False,"{""aegle marmelos"": 20.372, ""cipadessa baccifera"": 4.38, ""lantana camara"": 10.585}",149.0,1.0,2.928778434611351,10.070696417492904,-1049153432.0,1.0,0.46138239241921836,0.07044622209502031,269.0,1.0,41.07017364885817,81.45621855967323
18.596091_82.825235,18.596091,82.825235,KORAPUT,SEMILIGUDA,HATIMUNDA,,9,7,5.087125348865428,5.117184621053925,5.4,48.0,0.0,4,10.049497835231106,False,"{""aegle marmelos"": 7.958, ""buchanania lanzan"": 49.736, ""diospyros melanoxylon"": 65.094, ""syzygium cumini"": 274.463, ""tree tangiachina"": 258.547}",149.0,1.0,2.928778434611351,17.442027067544757,-1049153432.0,1.0,0.46138239241921836,17.442027067544757,269.0,1.0,41.07017364885817,94.49260879828313
18.596228_82.824514,18.596228,82.824514,KORAPUT,SEMILIGUDA,HATIMUNDA,,9,0,1.4542706964520367,,1.54,0.0,0.0,0,,True,"{""cipadessa baccifera"": 4.158, ""lantana camara"": 10.982}",140.0,0.0,2.9388121109149417,5.580700099287797,-1481676685.0,0.0,0.3911725306186472,5.580700099287797,,,,
18.596347_82.826101,18.596347,82.826101,KORAPUT,SEMILIGUDA,HATIMUNDA,,20,10,9.974495488889598,9.962460830082495,14.6,13.0,0.0,9,17.37971978563497,False,"{""anacardium occidentale"": 183.346, ""anacardium semecarpus"": 308.283, ""bombax ceiba"": 240.722, ""cipadessa baccifera"": 1.035, ""diospyros ferrea"": 1.432, ""diospyros melanoxylon"": 240.722, ""euphorbia royleana"": 1.273, ""ficus benghalensis"": 240.722, ""holarrhena antidysenterica"": 0.318, ""indigofera cassioides"": 0.318, ""lantana camara"": 0.318, ""madhuca indica"": 249.555, ""pongamia pinnata"": 168.386, ""pterocarpus marsupium"": 616.248, ""rauwolfia serpentina"": 0.716, ""syzygium cumini"": 240.722, ""ziziphus oenoplia"": 1.989}",167.0,1.0,1.0230641967587093,1.7838636878258882,-241247126.0,1.0,0.3410214826906576,1.7838636878258882,269.0,1.0,41.07017364885817,26.010872748861633
18.596368_82.824083,18.596368,82.824083,KORAPUT,SEMILIGUDA,HATIMUNDA,,10,1,3.1975740740740743,4.0,2.808,0.0,0.0,1,5.729577951308232,False,"{""aegle marmelos"": 25.783, ""cipadessa baccifera"": 6.127, ""lantana camara"": 11.061}",140.0,0.0,2.9388121109149417,4.688055267627729,-1525591920.0,0.0,0.3410221766760071,4.688055267627729,,,,
18.596488_82.814043,18.596488,82.814043,KORAPUT,SEMILIGUDA,HATIMUNDA,,9,5,4.983390075312082,5.028571428571428,4.8,18.0,0.0,5,13.560001151429484,False,"{""anacardium occidentale"": 5.093, ""artocarpus heterophyllus"": 245.815, ""bixa orellana"": 133.77, ""diospyros melanoxylon"": 58.012, ""holarrhena antidysenterica"": 1.273, ""magnolia champaca"": 161.144, ""mangifera indica"": 5.093, ""schleichera oleosa"": 161.144}",30.0,4.0,2.778358366496406,2.944321097677253,-1147530924.0,4.0,0.3610860499565746,2.944321097677253,289.0,4.0,47.38891859310937,74.00118595948852
18.596536_82.825133,18.596536,82.825133,KORAPUT,SEMILIGUDA,HATIMUNDA,,19,10,7.8976691581431915,7.888987435328899,12.6,23.0,0.0,8,14.292113889652203,False,"{""artocarpus heterophyllus"": 147.139, ""bixa orellana"": 240.722, ""bridelia squamosa/retusa"": 168.386, ""cipadessa baccifera"": 0.318, ""diospyros ferrea"": 1.353, ""ficus benghalensis"": 140.375, ""gardenia gummifera"": 0.318, ""holarrhena antidysenterica"": 280.908, ""indigofera cassioides"": 0.318, ""mangifera indica"": 315.206, ""manilkara hexandra"": 0.318, ""mimosa pudica"": 0.318, ""pongamia pinnata"": 161.144, ""syzygium cumini"": 161.144, ""woodfordia fruticosa"": 0.318}",162.0,1.0,2.688053042008575,24.169676064789915,-491522930.0,1.0,0.16048087223936833,5.622135033999614,269.0,1.0,41.07017364885817,67.98663995756651
18.596726_82.822897,18.596726,82.822897,KORAPUT,SEMILIGUDA,HATIMUNDA,,10,0,1.3018717993996116,,1.4200000000000002,0.0,0.0,0,,True,"{""cipadessa baccifera"": 3.051, ""lantana camara"": 1.455}",140.0,0.0,2.9388121109149417,13.429110199592621,-814667831.0,0.0,0.42126304612305293,6.956532129925357,,,,
18.596943_82.824312,18.596943,82.824312,KORAPUT,SEMILIGUDA,HATIMUNDA,,19,10,14.1649067852271,14.16815415821501,24.4,8.0,0.0,9,13.496339174192723,False,"{""albizia lebbeck"": 240.722, ""anacardium semecarpus"": 97.482, ""bridelia squamosa/retusa"": 249.555, ""cipadessa baccifera"": 1.592, ""diospyros melanoxylon"": 49.736, ""ficus benghalensis"": 240.722, ""gardenia gummifera"": 0.716, ""lantana camara"": 1.035, ""madhuca indica"": 240.722, ""mangifera indica"": 49.736, ""syzygium cumini"": 303.111, ""termanalia chebula"": 97.482, ""vitex negundo"": 0.318, ""woodfordia fruticosa"": 1.432, ""ziziphus oenoplia"": 0.716}",149.0,1.0,2.928778434611351,2.295521042396281,-420427907.0,1.0,0.5817434139479841,2.295521042396281,269.0,1.0,41.07017364885817,2.223959435787456
18.59697_82.823822,18.59697,82.823822,KORAPUT,SEMILIGUDA,HATIMUNDA,,7,5,5.240778237520909,5.260682996602897,5.2,28.0,0.0,3,14.64225476445437,False,"{""climber2 nihali"": 0.318, ""diospyros melanoxylon"": 13.449, ""holarrhena antidysenterica"": 161.144, ""mangifera indica"": 232.048, ""schleichera oleosa"": 496.961}",149.0,1.0,2.928778434611351,1.0424756269552726,992111672.0,1.0,0.1805411608001794,0.5488082508163212,269.0,1.0,41.07017364885817,6.614303786112726
18.597175_82.821483,18.597175,82.821483,KORAPUT,SEMILIGUDA,HATIMUNDA,,4,0,5.875969267139479,,3.3825,8.0,0.0,0,,True,"{""mangifera indica"": 1.989, ""schleichera oleosa"": 6.446, ""syzygium cumini"": 53.794, ""woodfordia fruticosa"": 5.093}",117.0,1.0,2.6680058573961705,28.978195361574052,1274975925.0,1.0,0.42126367088294076,3.452392868045735,269.0,1.0,41.07017364885817,29.49632754516053
18.59731_82.823396,18.59731,82.823396,KORAPUT,SEMILIGUDA,HATIMUNDA,,11,2,2.9003229093189127,3.2499999999999996,2.2399999999999998,0.0,0.0,2,5.092958178940651,False,"{""bixa orellana"": 20.372, ""cipadessa baccifera"": 4.492, ""lantana camara"": 5.531, ""syzygium cumini"": 20.372}",149.0,1.0,2.928778434611351,12.718573923857779,-1794463913.0,1.0,0.5817440760769368,12.718573923857779,269.0,1.0,41.07017364885817,24.251732903889515
18.59736_82.822354,18.59736,82.822354,KORAPUT,SEMILIGUDA,HATIMUNDA,,7,4,5.924412217095144,5.962394303515798,4.2,23.0,0.0,4,9.54929658551372,False,"{""aegle marmelos"": 0.318, ""buchanania lanzan"": 3.899, ""diospyros melanoxylon"": 58.012, ""magnolia champaca"": 240.722, ""other"": 38.515, ""pitamari"": 0.318, ""santalum album"": 20.372}",149.0,1.0,2.928778434611351,5.806700871096736,172788332.0,1.0,0.32096247082367374,5.806700871096736,269.0,1.0,41.07017364885817,2.15571799669374
18.597398_82.824837,18.597398,82.824837,KORAPUT,SEMILIGUDA,HATIMUNDA,,6,3,6.402404809619238,6.822350845948353,5.0,48.0,0.0,3,8.700470222356946,False,"{""buchanania lanzan"": 71.461, ""holarrhena antidysenterica"": 5.093, ""morinda tinctoria"": 53.794, ""syzygium cumini"": 66.925, ""tree tendka"": 1.273}",162.0,1.0,2.688053042008575,11.920734463239228,-2097381611.0,1.0,0.7923741257040838,10.494876511316118,269.0,1.0,41.07017364885817,26.431144629247832
18.597412_82.823824,18.597412,82.823824,KORAPUT,SEMILIGUDA,HATIMUNDA,,18,9,7.002101471029719,6.954455087655882,25.0,13.0,0.0,8,13.54585404537687,False,"{""anacardium occidentale"": 147.139, ""anacardium semecarpus"": 210.244, ""bridelia squamosa/retusa"": 147.139, ""cipadessa baccifera"": 0.716, ""diospyros ferrea"": 1.035, ""emblica officinal"": 133.77, ""euphorbia royleana"": 0.318, ""gardenia gummifera"": 0.716, ""gmelina arborea"": 140.375, ""mangifera indica"": 240.722, ""phoenix acaulis"": 0.716, ""rauwolfia serpentina"": 0.318, ""syzygium cumini"": 140.375, ""terminalia bellirica"": 161.144, ""vitex negundo"": 0.318, ""woodfordia fruticosa"": 0.318}",149.0,1.0,2.928778434611351,20.03301464508393,-215115358.0,1.0,0.30090190721339244,0.26492407862913697,269.0,1.0,41.07017364885817,35.36615353192659
18.59743_82.823241,18.59743,82.823241,KORAPUT,SEMILIGUDA,HATIMUNDA,,18,9,6.694858342077649,6.491753013322055,36.8,8.0,0.0,9,9.761503176302915,False,"{""anacardium semecarpus"": 49.736, ""cipadessa baccifera"": 2.626, ""diospyros ferrea"": 0.318, ""emblica officinal"": 49.736, ""ficus benghalensis"": 161.144, ""holarrhena antidysenterica"": 35.094, ""indigofera cassioides"": 0.318, ""jasminum arborescens"": 0.318, ""lantana camara"": 0.716, ""mangifera indica"": 62.389, ""mimosa pudica"": 0.716, ""santalum album"": 232.048, ""syzygium cumini"": 49.736, ""termanalia chebula"": 66.925, ""terminalia bellirica"": 45.837, ""ziziphus oenoplia"": 0.716}",149.0,1.0,2.928778434611351,18.708119503168398,-1794463913.0,1.0,0.5817440760769368,18.708119503168398,269.0,1.0,41.07017364885817,25.7712540813618
18.597682_82.819763,18.597682,82.819763,KORAPUT,SEMILIGUDA,HATIMUNDA,,27,10,4.13753034986337,4.21120629775411,5.014,28.0,0.0,3,14.164789935178684,False,"{""aegle marmelos"": 305.1, ""anacardium occidentale"": 1003.313, ""buchanania lanzan"": 438.711, ""cipadessa baccifera"": 13.926, ""cycas circinalis"": 0.716, ""holarrhena antidysenterica"": 13.687, ""jasminum arborescens"": 0.318, ""ziziphus oenoplia"": 0.637}",111.0,1.0,2.537615696349315,15.50665793778233,2078727103.0,1.0,0.6619864852024105,4.493342362238864,269.0,1.0,41.07017364885817,61.45014086475549
18.598169_82.819834,18.598169,82.819834,KORAPUT,SEMILIGUDA,HATIMUNDA,,9,4,23.75418163160595,25.942695035460993,12.26,18.0,0.0,4,8.992254284692088,False,"{""aegle marmelos"": 1.273, ""anacardium occidentale"": 45.837, ""buchanania lanzan"": 41.38, ""cipadessa baccifera"": 7.958, ""emblica officinal"": 1.989, ""syzygium cumini"": 169.659, ""termanalia chebula"": 42.096}",111.0,1.0,2.537615696349315,27.486850359082254,772221672.0,1.0,0.48144487804171815,8.312431689529298,269.0,1.0,41.07017364885817,29.55852126074655
18.598548_82.821378,18.598548,82.821378,KORAPUT,SEMILIGUDA,HATIMUNDA,,7,4,6.203328232593728,6.34748717948718,5.8,28.0,0.0,2,10.90211360179483,False,"{""mangifera indica"": 366.295, ""morinda tinctoria"": 49.736}",130.0,1.0,2.557670133479829,0.8290547354927588,-462115259.0,1.0,0.4112334628493083,0.8290547354927588,269.0,1.0,41.07017364885817,70.39339776481941
18.598995_82.819166,18.598995,82.819166,KORAPUT,SEMILIGUDA,HATIMUNDA,,9,5,4.671417747892793,4.718774672351176,4.6,23.0,0.0,3,11.140846016432674,False,"{""aegle marmelos"": 1.989, ""bixa orellana"": 52.143, ""cipadessa baccifera"": 2.585, ""mangifera indica"": 175.09, ""pterocarpus marsupium"": 280.749}",97.0,5.0,1.4744266377011943,25.121761888475344,1845562515.0,5.0,0.48144539786271395,19.7986371444946,261.0,5.0,17.305230625224038,53.7652524786386
18.602419_82.818844,18.602419,82.818844,KORAPUT,SEMILIGUDA,HATIMUNDA,,15,5,4.9410596026490055,5.051547710411871,4.8,18.0,0.0,3,12.350423583931079,False,"{""aegle marmelos"": 0.716, ""anacardium occidentale"": 24.908, ""cipadessa baccifera"": 1.989, ""madhuca indica"": 140.375, ""mangifera indica"": 241.04, ""mimosa pudica"": 0.716, ""pongamia pinnata"": 3.979, ""syzygium cumini"": 244.621, ""ziziphus oenoplia"": 2.546}",87.0,1.0,2.2868669803623827,8.852106429445291,-264068891.0,1.0,0.2507526733965389,1.1478934271001122,269.0,1.0,41.07017364885817,11.74416452300782
18.604711_82.818115,18.604711,82.818115,KORAPUT,SEMILIGUDA,HATIMUNDA,,15,6,4.728705067128627,4.877546401086464,5.0,18.0,0.0,2,8.169953745383962,False,"{""acacia auriculiformis"": 231.491, ""anacardium occidentale"": 120.082, ""bixa orellana"": 1.989, ""buchanania lanzan"": 2.865, ""climber2 nihali"": 2.865, ""grewia eriocarpa"": 0.318, ""pandaka"": 0.716, ""shrub bhandari"": 2.865, ""termanalia chebula"": 1.989, ""ziziphus oenoplia"": 2.308}",82.0,2.0,2.0260836920088696,8.230736265053334,1141196633.0,2.0,0.3811444148379189,8.230736265053334,255.0,2.0,0.8983456156550587,30.92552479886323
18.614284_82.839737,18.614284,82.839737,KORAPUT,SEMILIGUDA,BARIGUDA,,17,12,8.783990871053632,8.925670972232965,10.0,48.0,0.0,5,10.000235590940758,False,"{""hadjam"": 38.515, ""other"": 66.925, ""pterocarpus marsupium"": 296.665, ""syzygium cumini"": 402.503, ""terminalia bellirica"": 241.438}",260.0,1.0,1.8354675227703416,0.6404191450786191,481755197.0,1.0,0.5014939418288858,0.6404191450786191,243.0,1.0,22.38148224853241,86.14494474277902
18.614533_82.839458,18.614533,82.839458,KORAPUT,SEMILIGUDA,BARIGUDA,,15,10,7.578799169313462,7.860804466438269,9.4,58.0,0.0,4,8.88084582452776,False,"{""hadjam"": 132.735, ""other"": 162.577, ""syzygium cumini"": 289.185, ""terminalia bellirica"": 66.925}",260.0,1.0,1.8354675227703416,11.901274479463746,1105554846.0,1.0,0.4413148064064584,9.282796724228907,243.0,1.0,22.38148224853241,104.48118309678843
18.615426_82.839528,18.615426,82.839528,KORAPUT,SEMILIGUDA,BARIGUDA,,13,6,10.696006364359587,11.172695772695771,10.6,58.0,0.0,5,10.769484482551585,False,"{""bixa orellana"": 2.546, ""hadjam"": 7.958, ""ichnocarpus frutescens"": 62.389, ""mangifera indica"": 198.944, ""other"": 85.546, ""pterocarpus marsupium"": 159.871, ""shrub bhandari"": 6.446, ""syzygium cumini"": 76.474}",252.0,1.0,2.69803949264817,27.300363428316146,78756928.0,1.0,0.45134457248819754,7.287978384282059,243.0,1.0,22.38148224853241,158.19754898626888
18.615788_82.855314,18.615788,82.855314,KORAPUT,SEMILIGUDA,KONDASRIMUNDA,,12,0,1.2032085561497323,,1.4,0.0,0.0,0,,True,"{""cassia fistula"": 3.263, ""cipadessa baccifera"": 4.854, ""lantana camara"": 10.425, ""shrub22 indirabuta"": 11.22}",294.0,1.0,2.8283805500605803,11.955049774095032,505113236.0,1.0,0.7421993156625661,3.4332077123116984,242.0,1.0,15.743591233877671,180.32252133608986
18.615818_82.85548,18.615818,82.85548,KORAPUT,SEMILIGUDA,KONDASRIMUNDA,,9,0,1.517817109144543,,1.7,0.0,0.0,0,,True,"{""aegle marmelos"": 0.716, ""cipadessa baccifera"": 3.263, ""lantana camara"": 4.854, ""shrub22 indirabuta"": 18.144}",294.0,1.0,2.8283805500605803,8.453198971552153,505113236.0,1.0,0.7421993156625661,8.453198971552153,242.0,1.0,15.743591233877671,168.00312634203775
18.615834_82.855468,18.615834,82.855468,KORAPUT,SEMILIGUDA,KONDASRIMUNDA,,7,0,1.3458937198067638,,1.6,0.0,0.0,0,,True,"{""albizia lebbeck"": 1.273, ""cassia fistula"": 5.093, ""cipadessa baccifera"": 1.273, ""shrub22 indirabuta"": 8.833}",294.0,1.0,2.8283805500605803,6.695259059627588,505113236.0,1.0,0.7421993156625661,6.695259059627588,242.0,1.0,15.743591233877671,170.08972589280972
18.616194_82.856297,18.616194,82.856297,KORAPUT,SEMILIGUDA,KONDASRIMUNDA,,9,0,1.0003603603603604,,1.2,0.0,0.0,0,,True,"{""bixa orellana"": 5.093, ""cipadessa baccifera"": 11.698, ""lantana camara"": 6.446, ""shrub22 indirabuta"": 3.263}",294.0,1.0,2.8283805500605803,19.77198699504337,220301963.0,1.0,0.34101022064201386,3.903374665359824,242.0,1.0,15.743591233877671,133.47456856182737
18.616558_82.841079,18.616558,82.841079,KORAPUT,SEMILIGUDA,BARIGUDA,,17,9,8.107583242762573,8.71648,9.4,63.0,0.0,5,9.86760647169751,False,"{""albizia lebbeck"": 62.389, ""anacardium semecarpus"": 38.515, ""bauhinia vahlii"": 19.417, ""bixa orellana"": 5.093, ""hadjam"": 61.195, ""other"": 23.396, ""pterocarpus marsupium"": 62.389, ""syzygium cumini"": 533.01}",262.0,1.0,1.835466728859971,27.8010559066579,-1030683926.0,1.0,0.28083627611662043,0.31613673272865367,243.0,1.0,22.38148224853241,88.99800422410881
18.616631_82.839986,18.616631,82.839986,KORAPUT,SEMILIGUDA,BARIGUDA,,13,7,8.692373238509152,9.04871020856202,9.2,58.0,0.0,6,10.004024994347706,False,"{""albizia lebbeck"": 161.144, ""bauhinia vahlii"": 1.273, ""bixa orellana"": 7.958, ""hadjam"": 71.62, ""ichnocarpus frutescens"": 120.401, ""other"": 64.776, ""pterocarpus marsupium"": 49.736, ""syzygium cumini"": 127.324}",262.0,1.0,1.835466728859971,14.25423156196075,1739985589.0,1.0,0.6820314674765746,14.254231597647692,243.0,1.0,22.38148224853241,26.409388454764155
18.616679_82.843587,18.616679,82.843587,KORAPUT,SEMILIGUDA,BARIGUDA,,13,6,6.534508920526222,7.080769994046437,7.2,68.0,0.0,4,8.965728460843438,False,"{""anacardium semecarpus"": 49.736, ""bauhinia vahlii"": 3.899, ""bixa orellana"": 5.093, ""hadjam"": 13.449, ""ichnocarpus frutescens"": 76.474, ""mangifera indica"": 140.375, ""other"": 142.364, ""pitamari"": 5.093, ""ziziphus oenoplia"": 5.093}",279.0,4.0,2.5977289269320885,28.648927392537015,-447129479.0,4.0,0.45134287186642724,6.978415498161387,239.0,4.0,10.911712818543934,31.981474377879916
18.616705_82.856253,18.616705,82.856253,KORAPUT,SEMILIGUDA,KONDASRIMUNDA,,11,0,1.1312968299711816,,1.346,0.0,0.0,0,,True,"{""cipadessa baccifera"": 7.958, ""dhudur nai"": 0.318, ""lantana camara"": 9.947, ""shrub22 indirabuta"": 9.39}",297.0,1.0,2.828378433286805,10.608029142405782,1294985055.0,1.0,0.2808319509499649,10.608029142405782,242.0,1.0,15.743591233877671,118.90856086594444
18.616708_82.839955,18.616708,82.839955,KORAPUT,SEMILIGUDA,BARIGUDA,,17,9,7.521226294585831,8.017945219855179,9.0,53.0,0.0,3,10.00907753222364,False,"{""bixa orellana"": 11.459, ""hadjam"": 11.459, ""mangifera indica"": 488.685, ""other"": 248.52, ""syzygium cumini"": 49.736}",262.0,1.0,1.835466728859971,10.895327597911676,1739985589.0,1.0,0.6820314674765746,10.895327613799514,243.0,1.0,22.38148224853241,17.513209960780486
18.616768_82.842999,18.616768,82.842999,KORAPUT,SEMILIGUDA,BARIGUDA,,18,10,10.17824655369216,10.814908342686119,12.4,58.0,0.0,4,10.185916357881302,False,"{""bixa orellana"": 11.459, ""buchanania lanzan"": 31.831, ""holarrhena antidysenterica"": 21.645, ""other"": 343.536, ""syzygium cumini"": 448.101, ""termanalia chebula"": 49.736}",272.0,1.0,2.8585092370144403,3.747729002333507,820032597.0,1.0,0.39116400929519757,3.747729002333507,243.0,1.0,22.38148224853241,9.040279250621943
18.616998_82.84222,18.616998,82.84222,KORAPUT,SEMILIGUDA,BARIGUDA,,14,8,6.6649926241599715,7.453469010175763,8.4,63.0,0.0,5,8.236268305005584,False,"{""anacardium semecarpus"": 53.794, ""bixa orellana"": 19.417, ""ichnocarpus frutescens"": 62.389, ""mangifera indica"": 175.946, ""other"": 119.127, ""syzygium cumini"": 49.736, ""ziziphus oenoplia"": 5.093}",273.0,1.0,2.1764792636105743,2.2597428314351693,-327387948.0,1.0,0.5817314850187539,2.259742845482885,243.0,1.0,22.38148224853241,76.2032753325456
18.617277_82.841366,18.617277,82.841366,KORAPUT,SEMILIGUDA,BARIGUDA,,17,12,9.111511072928598,9.709102028335542,11.4,58.0,0.0,6,8.939202636994787,False,"{""ailanthus excelsa"": 97.482, ""albizia lebbeck"": 202.763, ""grewia eriocarpa"": 5.093, ""other"": 228.387, ""syzygium cumini"": 116.183, ""termanalia chebula"": 134.008, ""terminalia bellirica"": 49.736}",272.0,1.0,2.8585092370144403,12.302680510827484,1829471948.0,1.0,1.0130154009569199,2.302680868420897,243.0,1.0,22.38148224853241,14.124715746818083
18.624624_82.933586,18.624624,82.933586,KORAPUT,SEMILIGUDA,KHASUGUDA,,3,2,4.550139240275932,4.5772477064220185,3.433333333333333,48.0,0.0,2,5.252113122032546,False,"{""arbor tristis"": 0.351, ""artocarpus heterophyllus"": 22.998, ""mangifera indica"": 20.372}",604.0,4.0,2.0458951901759166,3.35556305355391,-1553653457.0,4.0,0.351011272713103,3.35556305355391,,,,
18.637046_82.971078,18.637046,82.971078,KORAPUT,SEMILIGUDA,KHASUGUDA,,35,15,4.42978942208515,4.888239457243264,6.4,33.0,0.0,12,22.366574669181027,False,"{""aganosma caryophyllata"": 1.989, ""albizia lebbeck"": 236.982, ""arbor tristis"": 2.865, ""artocarpus heterophyllus"": 147.139, ""bauhinia vahlii"": 548.209, ""bauhinia variegata"": 1010.395, ""bixa orellana"": 338.204, ""bombax ceiba"": 548.209, ""calotropis gigantea"": 1.989, ""cipadessa baccifera"": 1.989, ""combretum roxburghii"": 1.989, ""diospyros melanoxylon"": 1.989, ""emblica officinal"": 13.449, ""euphorbia nivulia"": 26.897, ""gardenia gummifera"": 13.449, ""gmelina arborea"": 147.139, ""mangifera indica"": 1.989, ""other"": 161.144, ""pongamia pinnata"": 147.139, ""pterocarpus marsupium"": 1674.071, ""santalum album"": 496.643, ""syzygium cumini"": 580.836, ""termanalia chebula"": 755.827, ""terminalia bellirica"": 616.248, ""ziziphus oenoplia"": 315.525}",1037.0,3.0,2.366722038175779,5.93489479863195,2129765542.0,3.0,0.7922497073972481,5.93489479863195,188.0,3.0,35.340688371915725,6.668603398165679
18.637227_82.968882,18.637227,82.968882,KORAPUT,SEMILIGUDA,KHASUGUDA,,24,10,8.20760012658558,8.260449558557287,7.0,38.0,0.0,10,53.47606087887683,False,"{""aganosma caryophyllata"": 1.989, ""anacardium occidentale"": 548.209, ""arbor tristis"": 1.989, ""bauhinia vahlii"": 5.093, ""bixa orellana"": 548.209, ""bombax ceiba"": 19894.368, ""cassia fistula"": 1.989, ""diospyros melanoxylon"": 11.539, ""emblica officinal"": 461.629, ""euphorbia nivulia"": 296.108, ""gmelina arborea"": 3.899, ""indigofera cassioides"": 5.093, ""jasminum arborescens"": 6.446, ""mangifera indica"": 24600.261, ""pongamia pinnata"": 223.533, ""psidium guajava"": 1.989, ""syzygium cumini"": 429.161, ""tamarindus indica"": 616.248, ""termanalia chebula"": 548.209, ""terminalia arjuna"": 574.947, ""woodfordia fruticosa"": 1.989}",1031.0,3.0,1.8151562097415264,2.301181988644739,863598047.0,3.0,0.7320798814322066,1.017085229657843,188.0,3.0,35.340688371915725,76.8089492452891
18.637924_82.967885,18.637924,82.967885,KORAPUT,SEMILIGUDA,KHASUGUDA,,24,10,5.751251227543181,5.616152149944874,13.8,33.0,0.0,8,22.600001919049138,False,"{""albizia lebbeck"": 242.711, ""bauhinia vahlii"": 6.446, ""cipadessa baccifera"": 387.861, ""diospyros ferrea"": 1.273, ""diospyros melanoxylon"": 191.066, ""emblica officinal"": 254.648, ""euphorbia nivulia"": 223.533, ""ficus religiosa"": 616.248, ""haldina cordifolia"": 168.386, ""indigofera cassioides"": 147.139, ""jasminum arborescens"": 1.273, ""mangifera indica"": 1.989, ""pongamia pinnata"": 561.499, ""psidium guajava"": 1.273, ""smilax zeylanica"": 5.093, ""syzygium cumini"": 2035.433, ""termanalia chebula"": 267.699, ""ziziphus oenoplia"": 396.694}",1018.0,3.0,2.4970972772715427,5.017659477180033,1068809818.0,3.0,0.34096912232029075,5.017659477180033,188.0,3.0,35.340688371915725,59.44988886181488
18.6389_82.971745,18.6389,82.971745,KORAPUT,SEMILIGUDA,KHASUGUDA,,26,13,4.463643396500879,5.063444432536706,6.8,58.0,0.0,11,21.620586884637476,False,"{""albizia lebbeck"": 1232.655, ""anacardium occidentale"": 779.939, ""artocarpus heterophyllus"": 223.533, ""bauhinia vahlii"": 240.722, ""bombax ceiba"": 401.15, ""cipadessa baccifera"": 13.449, ""diospyros melanoxylon"": 424.068, ""emblica officinal"": 173.479, ""euphorbia nivulia"": 20.372, ""gardenia gummifera"": 91.992, ""gmelina arborea"": 147.139, ""saraca asoca"": 1.273, ""smilax zeylanica"": 133.77, ""syzygium cumini"": 417.066, ""termanalia chebula"": 705.136, ""terminalia bellirica"": 563.488, ""wrightia arborea"": 147.139, ""ziziphus oenoplia"": 301.201}",1055.0,5.0,2.3065469457208323,27.602035636969305,-254885868.0,5.0,0.2908253552542385,7.868743046502125,180.0,5.0,44.97387563408495,155.8495346093262
18.639738_82.971846,18.639738,82.971846,KORAPUT,SEMILIGUDA,KHASUGUDA,,29,11,7.939191120585781,8.701042264295276,8.0,63.0,0.0,10,32.872730064071476,False,"{""albizia lebbeck"": 907.581, ""bauhinia vahlii"": 629.697, ""bombax ceiba"": 9750.23, ""calotropis gigantea"": 42.096, ""cipadessa baccifera"": 133.77, ""climber11 mardhamal"": 548.209, ""emblica officinal"": 11.459, ""euphorbia nivulia"": 147.139, ""ficus religiosa"": 224.806, ""gmelina arborea"": 548.209, ""mangifera indica"": 1.273, ""mimosa pudica"": 17.905, ""pitamari"": 161.144, ""pongamia pinnata"": 240.722, ""saraca asoca"": 424.068, ""syzygium cumini"": 915.061, ""tamarindus indica"": 713.173, ""termanalia chebula"": 688.266, ""terminalia bellirica"": 825.696, ""ziziphus oenoplia"": 240.722}",1068.0,5.0,2.1160032498005883,0.3794266832610047,-440498090.0,5.0,0.13036999046835804,0.3794266832610047,180.0,5.0,44.97387563408495,168.02489417778173
18.639916_82.968455,18.639916,82.968455,KORAPUT,SEMILIGUDA,KHASUGUDA,,15,6,5.826089461450969,6.237853439521085,6.2,28.0,0.0,6,24.085448054573494,False,"{""bauhinia vahlii"": 2.865, ""cassia fistula"": 616.248, ""cipadessa baccifera"": 1.273, ""euphorbia nivulia"": 223.533, ""ficus religiosa"": 147.139, ""jasminum arborescens"": 2.865, ""mangifera indica"": 894.132, ""mimosa pudica"": 1.989, ""morinda tinctoria"": 588.555, ""syzygium cumini"": 3.263, ""termanalia chebula"": 186.211, ""terminalia bellirica"": 550.199}",1023.0,5.0,2.62746559658274,28.904149416509004,-1345670189.0,5.0,0.5916812221704437,6.149052713054565,180.0,5.0,44.97387563408495,26.56451734420508
18.640693_82.972283,18.640693,82.972283,KORAPUT,SEMILIGUDA,KHASUGUDA,,26,9,5.568594503213712,6.197808103939804,7.0,43.0,0.0,8,21.008452488130185,False,"{""artocarpus heterophyllus"": 1737.972, ""bauhinia vahlii"": 713.81, ""cassia florid"": 0.716, ""cipadessa baccifera"": 147.855, ""climber11 mardhamal"": 42.096, ""emblica officinal"": 161.144, ""euphorbia nivulia"": 92.946, ""gmelina arborea"": 561.499, ""jasminum arborescens"": 0.716, ""lagerstroemia parviflora"": 0.716, ""mangifera indica"": 0.318, ""pongamia pinnata"": 240.722, ""saraca asoca"": 223.533, ""syzygium cumini"": 208.254, ""termanalia chebula"": 232.048, ""terminalia bellirica"": 249.555, ""ziziphus oenoplia"": 140.375}",1065.0,5.0,2.747796444907405,13.398335456174342,1240301300.0,5.0,0.4813657445531108,6.9719314885604815,180.0,5.0,44.97387563408495,158.55205501576373
18.641832_82.972375,18.641832,82.972375,KORAPUT,SEMILIGUDA,KHASUGUDA,,26,11,5.91779884160368,5.939787850651358,6.8,38.0,0.0,9,17.796416363911934,False,"{""aganosma caryophyllata"": 13.449, ""albizia lebbeck"": 588.873, ""bauhinia vahlii"": 1019.069, ""cipadessa baccifera"": 0.637, ""emblica officinal"": 526.246, ""euphorbia nivulia"": 2.865, ""gmelina arborea"": 215.177, ""jasminum arborescens"": 0.318, ""mangifera indica"": 249.555, ""mimosa pudica"": 0.716, ""pterocarpus marsupium"": 223.533, ""santalum album"": 0.318, ""saraca asoca"": 147.139, ""syzygium cumini"": 212.79, ""tamarindus indica"": 232.048, ""terminalia bellirica"": 439.745, ""ziziphus oenoplia"": 1.989}",1083.0,5.0,2.9383310265212783,2.7913568275903087,374203633.0,5.0,0.8624463506106055,2.7913568275903087,180.0,5.0,44.97387563408495,116.16396666126978
18.641893_82.969522,18.641893,82.969522,KORAPUT,SEMILIGUDA,KHASUGUDA,,21,9,6.315400737702093,7.329091680300551,8.2,28.0,0.0,7,22.52926638878607,False,"{""acacia auriculiformis"": 168.386, ""aganosma caryophyllata"": 0.318, ""albizia lebbeck"": 459.639, ""artocarpus heterophyllus"": 5.093, ""bombax ceiba"": 240.722, ""cassia florid"": 1.273, ""cipadessa baccifera"": 20.372, ""diospyros melanoxylon"": 3.899, ""emblica officinal"": 2.865, ""euphorbia nivulia"": 66.925, ""ocimum sanctum"": 223.533, ""pongamia pinnata"": 168.386, ""pterocarpus marsupium"": 183.346, ""saraca asoca"": 496.643, ""smilax zeylanica"": 13.449, ""syzygium cumini"": 2214.959, ""termanalia chebula"": 193.055, ""ziziphus oenoplia"": 154.062}",1015.0,2.0,2.1661555078146795,6.23209886872335,-1839822162.0,2.0,0.5014243525681673,6.23209886872335,176.0,2.0,3.6965844469523583,16.6208155155838
18.644529_82.974055,18.644529,82.974055,KORAPUT,SEMILIGUDA,KHASUGUDA,,23,10,10.048558120168467,10.269672343604679,9.0,48.0,0.0,7,21.294931385695598,False,"{""bauhinia vahlii"": 134.088, ""cipadessa baccifera"": 5.285, ""diospyros melanoxylon"": 206.981, ""holoptelea integrifolia"": 0.716, ""jasminum arborescens"": 0.716, ""mangifera indica"": 3151.347, ""other"": 624.047, ""pitamari"": 11.459, ""santalum album"": 806.199, ""syzygium cumini"": 147.457, ""termanalia chebula"": 140.375, ""terminalia bellirica"": 147.139, ""ziziphus oenoplia"": 0.351}",1093.0,3.0,2.075882642950235,9.281598787264377,-1543495673.0,3.0,0.37105175877756286,0.7184007492290626,171.0,3.0,11.288084734133253,9.054714258465301
18.652406_82.811505,18.652406,82.811505,KORAPUT,SEMILIGUDA,SAKIAGUDA,,14,8,6.57339947089947,7.388440607993997,8.2,68.0,0.0,5,8.156690833459637,False,"{""aegle marmelos"": 9.629, ""bixa orellana"": 7.958, ""bridelia squamosa/retusa"": 62.389, ""emblica officinal"": 38.515, ""holarrhena antidysenterica"": 50.373, ""other"": 124.618, ""pterocarpus marsupium"": 187.803}",13.0,1.0,1.6048190359289187,18.03408042336924,1215649893.0,1.0,1.0030121589428975,4.210173404406248,163.0,1.0,9.566964477836766,56.02123399615131
18.652437_82.811106,18.652437,82.811106,KORAPUT,SEMILIGUDA,SAKIAGUDA,,16,10,6.660500525486073,6.85917592843589,7.8,58.0,0.0,6,8.594366926962348,False,"{""bauhinia vahlii"": 1.273, ""bixa orellana"": 49.736, ""bridelia squamosa/retusa"": 66.925, ""holarrhena antidysenterica"": 201.729, ""other"": 133.133, ""pterocarpus marsupium"": 76.474, ""streblus asper"": 76.474}",13.0,1.0,1.6048190359289187,40.47211093936967,1215649893.0,1.0,1.0030121589428975,33.67596219839294,163.0,1.0,9.566964477836766,57.91202051000178
18.65244_82.811768,18.65244,82.811768,KORAPUT,SEMILIGUDA,SAKIAGUDA,,17,10,6.683410285714285,7.38390014010954,8.8,68.0,0.0,9,8.817183847291002,False,"{""albizia lebbeck"": 76.474, ""bixa orellana"": 116.183, ""cassia fistula"": 50.373, ""emblica officinal"": 62.389, ""holarrhena antidysenterica"": 67.641, ""mangifera indica"": 103.132, ""other"": 35.094, ""pterocarpus marsupium"": 49.736, ""schleichera oleosa"": 53.794, ""streblus asper"": 81.487}",13.0,1.0,1.6048190359289187,1.9877971050874697,182730381.0,1.0,0.12036139764836032,1.9877971050874697,163.0,1.0,9.566964477836766,60.95609202012302
18.652644_82.812857,18.652644,82.812857,KORAPUT,SEMILIGUDA,SAKIAGUDA,,13,7,6.11568361581921,6.536737989503433,7.2,78.0,0.0,3,8.457948404312152,False,"{""bixa orellana"": 165.919, ""other"": 82.124, ""pterocarpus marsupium"": 174.513}",25.0,5.0,1.6950878220057133,19.1066532790173,-1514587572.0,5.0,0.42126433820059295,19.1066532790173,165.0,5.0,4.774070152723954,23.764821717598487
18.652647_82.812143,18.652647,82.812143,KORAPUT,SEMILIGUDA,SAKIAGUDA,,16,12,9.54607604964352,10.042982334121577,10.6,58.0,0.0,7,7.400704853773134,False,"{""bixa orellana"": 78.463, ""cassia fistula"": 25.783, ""haldina cordifolia"": 81.487, ""other"": 36.287, ""schleichera oleosa"": 259.98, ""shrub4 badari"": 35.094, ""unidentified tree"": 85.625}",18.0,1.0,1.825480569815905,16.77898861158372,1865483022.0,1.0,0.8324992784028409,4.559140681953086,163.0,1.0,9.566964477836766,15.255420368138065
18.652919_82.810902,18.652919,82.810902,KORAPUT,SEMILIGUDA,SAKIAGUDA,,22,14,8.093434569004021,8.347792647285033,10.0,58.0,0.0,9,9.458350903746922,False,"{""aegle marmelos"": 56.42, ""bixa orellana"": 179.049, ""emblica officinal"": 49.736, ""holarrhena antidysenterica"": 3.899, ""other"": 233.48, ""pitamari"": 3.899, ""psidium guajava"": 31.831, ""pterocarpus marsupium"": 216.849, ""schleichera oleosa"": 62.389, ""syzygium cumini"": 169.102, ""terminalia bellirica"": 62.389}",13.0,1.0,1.6048190359289187,9.89242448664899,1215649893.0,1.0,1.0030121589428975,9.89242448664899,163.0,1.0,9.566964477836766,23.331107422432197
18.653207_82.811814,18.653207,82.811814,KORAPUT,SEMILIGUDA,KHARAGUDA,,13,7,7.510416925948974,8.46235045742435,8.6,78.0,0.0,4,6.275252041909016,False,"{""albizia lebbeck"": 66.925, ""bixa orellana"": 52.203, ""grewia eriocarpa"": 7.958, ""holarrhena antidysenterica"": 5.093, ""indigofera cassioides"": 5.093, ""other"": 81.567, ""pitamari"": 5.093, ""pterocarpus marsupium"": 31.831}",18.0,1.0,1.825480569815905,37.041006614329824,1865483022.0,1.0,0.8324992784028409,0.29817441516735843,163.0,1.0,9.566964477836766,34.31516483619713
18.653365_82.811206,18.653365,82.811206,KORAPUT,SEMILIGUDA,KHARAGUDA,,15,10,14.622281768864054,15.30783807062877,16.2,63.0,0.0,8,7.289296393608806,False,"{""albizia lebbeck"": 49.736, ""anacardium semecarpus"": 46.155, ""buchanania lanzan"": 46.155, ""holarrhena antidysenterica"": 7.958, ""other"": 12.175, ""pterocarpus marsupium"": 133.77, ""schleichera oleosa"": 76.474, ""termanalia chebula"": 28.727, ""terminalia elliptica"": 45.837, ""unidentified tree"": 37.083}",18.0,1.0,1.825480569815905,0.20122165543817663,107897758.0,1.0,0.21063251539286668,0.20122165543817663,162.0,5.0,5.293957987587994,3.075979942118132
18.653369_82.81268,18.653369,82.81268,KORAPUT,SEMILIGUDA,SAKIAGUDA,,15,9,9.581158737635421,10.233702956989248,10.2,63.0,0.0,3,7.710172798674042,False,"{""holarrhena antidysenterica"": 57.694, ""other"": 109.339, ""pterocarpus marsupium"": 339.796}",25.0,5.0,1.6950878220057133,18.18489236755924,-293704174.0,5.0,0.6820470930092096,18.18489236755924,165.0,5.0,4.774070152723954,24.30180760357768
18.676799_82.963237,18.676799,82.963237,KORAPUT,SEMILIGUDA,BARAKANTI,,13,11,7.098069379278516,7.1516237053189,7.8,48.0,0.0,3,10.61997529358647,False,"{""bixa orellana"": 76.474, ""other"": 557.201, ""syzygium cumini"": 399.638, ""tree pitipordo"": 1.273}",963.0,3.0,2.296525432027221,7.0996577717610245,204160835.0,3.0,0.391111490080158,7.0996577717610245,131.0,3.0,92.91354560052227,18.623901944565684
18.677433_82.964683,18.677433,82.964683,KORAPUT,SEMILIGUDA,BARAKANTI,,16,13,9.623017165185841,9.65870753703098,10.4,38.0,0.0,4,12.120261050844338,False,"{""bixa orellana"": 236.186, ""gardenia gummifera"": 194.249, ""other"": 889.04, ""shrub1 orli"": 1.273, ""tree pitipordo"": 389.93}",976.0,3.0,2.5271781469011523,42.97065665911114,-239594912.0,3.0,0.2306552034141101,4.770241954771901,131.0,3.0,92.91354560052227,89.5420478625932
18.678063_82.960975,18.678063,82.960975,KORAPUT,SEMILIGUDA,BARAKANTI,,12,8,9.337366936584479,9.381743119266055,9.8,38.0,0.0,3,11.697888317254307,False,"{""bauhinia vahlii"": 1.989, ""cassia fistula"": 97.482, ""ficus spp"": 1.989, ""leda"": 129.313, ""mimosa pudica"": 1.273, ""other"": 642.588}",919.0,4.0,1.8452497022397336,10.327060999050065,588643624.0,4.0,0.601711797625438,10.327060999050065,111.0,4.0,141.7973503234376,12.393092222832925
18.678762_82.958297,18.678762,82.958297,KORAPUT,SEMILIGUDA,BARAKANTI,,13,8,9.257100288667473,9.096160397099615,11.4,43.0,0.0,4,15.398240744140875,False,"{""gardenia gummifera"": 845.511, ""lagerstroemia parviflora"": 65.333, ""other"": 416.349, ""syzygium cumini"": 127.324, ""tree pitipordo"": 254.648}",893.0,4.0,2.2263378620240357,26.00684118379119,-1470202430.0,4.0,0.8624556101850496,25.02016454731963,111.0,4.0,141.7973503234376,65.12005179779483
18.678843_82.963663,18.678843,82.963663,KORAPUT,SEMILIGUDA,BARAKANTI,,15,10,9.21894829427656,9.26871243277444,9.4,38.0,0.0,4,12.000282709128909,False,"{""albizia lebbeck"": 285.126, ""kunuwa"": 0.716, ""mimosa pudica"": 2.865, ""other"": 362.475, ""shrub golimonji"": 0.716, ""syzygium cumini"": 487.412, ""terminalia bellirica"": 127.324}",964.0,3.0,2.2564109628305427,10.343650895002527,-1715817133.0,3.0,0.30085503092431043,8.973717605543111,131.0,3.0,92.91354560052227,126.7718427113709
18.679113_82.96907,18.679113,82.96907,KORAPUT,SEMILIGUDA,BARAKANTI,,11,6,8.26830318690784,8.35526124290496,8.4,38.0,0.0,2,10.345071300973197,False,"{""bixa orellana"": 1.989, ""gardenia gummifera"": 215.177, ""kunuwa"": 0.716, ""tree pitipordo"": 336.454}",1029.0,3.0,2.7177060609771058,19.735065990978946,-2129968992.0,3.0,0.3610239190362847,4.336272049538341,131.0,3.0,92.91354560052227,43.91643930624446
18.679282_82.97123,18.679282,82.97123,KORAPUT,SEMILIGUDA,BARAKANTI,,11,7,9.893631572595245,9.920592628476847,9.0,43.0,0.0,4,16.233804195373324,False,"{""bixa orellana"": 2.865, ""cipadessa baccifera"": 0.716, ""kunuwa"": 3.263, ""other"": 241.04, ""syzygium cumini"": 114.91, ""tree5 meluanduni"": 411.336, ""ziziphus mauritiana"": 1203.928}",1057.0,3.0,1.9555402248661478,28.81518381244593,853993953.0,3.0,0.35099441473628806,8.815183905930297,131.0,3.0,92.91354560052227,124.98322511135285
18.679754_82.975404,18.679754,82.975404,KORAPUT,SEMILIGUDA,BARAKANTI,,19,14,7.525267074780938,7.545153322489306,8.4,38.0,0.0,4,10.663381187156988,False,"{""mangifera indica"": 473.486, ""mimosa pudica"": 1.751, ""other"": 121.356, ""shrub1 orli"": 1.273, ""syzygium cumini"": 537.785, ""tree pitipordo"": 190.27}",1088.0,3.0,2.898201491860456,12.134350281137745,640566858.0,3.0,0.4312200213712237,12.134350281137745,131.0,3.0,92.91354560052227,68.9130908557855
18.680077_82.962886,18.680077,82.962886,KORAPUT,SEMILIGUDA,BARAKANTI,,18,14,6.794553538347538,6.830195712954336,7.6,38.0,0.0,7,8.094165677244963,False,"{""albizia lebbeck"": 317.116, ""bixa orellana"": 70.346, ""bridelia retusa"": 28.727, ""diospyros melanoxylon"": 20.372, ""flacourtia indica"": 1.273, ""grewia eriocarpa"": 3.263, ""leea asiatica"": 0.716, ""other"": 213.586, ""syzygium cumini"": 183.346, ""ziziphus mauritiana"": 20.372}",955.0,3.0,1.5143032773111915,7.560196203943178,1301681219.0,3.0,0.41116875275741177,5.355240713313501,131.0,3.0,92.91354560052227,5.899168643065575
18.680447_82.973233,18.680447,82.973233,KORAPUT,SEMILIGUDA,BARAKANTI,,18,14,8.41040859371168,8.434609132555046,9.0,33.0,0.0,4,11.845675050125353,False,"{""albizia lebbeck"": 360.088, ""bixa orellana"": 55.545, ""mimosa pudica"": 1.035, ""other"": 326.268, ""tree pitipordo"": 879.411}",1078.0,3.0,2.617409292393955,8.867693791837725,-1122189487.0,3.0,0.40113581432048334,1.6730465953999012,131.0,3.0,92.91354560052227,133.84710600622842
18.681063_82.964409,18.681063,82.964409,KORAPUT,SEMILIGUDA,BARAKANTI,,13,7,5.304843071375891,5.377777777777777,5.6,53.0,0.0,2,12.914286810885221,False,"{""albizia lebbeck"": 388.656, ""cipadessa baccifera"": 2.865, ""euphorbia nivulia"": 16.393, ""mimosa pudica"": 6.446, ""syzygium cumini"": 556.724}",970.0,3.0,2.4369211687872423,16.26595515257064,-848378180.0,3.0,0.36102545586972157,6.265955227817544,131.0,3.0,92.91354560052227,29.37517654650502
18.681071_82.975365,18.681071,82.975365,KORAPUT,SEMILIGUDA,BARAKANTI,,7,0,3.309597523219815,,2.8,43.0,0.0,0,,True,"{""cipadessa baccifera"": 13.449, ""holoptelea integrifolia"": 6.366, ""mimosa pudica"": 0.318, ""other"": 2.706, ""syzygium cumini"": 2.865}",1098.0,5.0,2.8179704218854535,10.293209770294688,1634957411.0,5.0,0.6719004635646585,10.293209770294688,121.0,5.0,9.111682363948825,8.880608251995422
18.681102_82.975437,18.681102,82.975437,KORAPUT,SEMILIGUDA,BARAKANTI,,13,10,8.224823985444186,8.250696378830083,9.0,43.0,0.0,3,11.045353050577535,False,"{""holoptelea integrifolia"": 100.347, ""mimosa pudica"": 0.318, ""other"": 453.035, ""syzygium cumini"": 452.239}",1098.0,5.0,2.8179704218854535,16.97984489635239,1634957411.0,5.0,0.6719004635646585,16.46818381027654,121.0,5.0,9.111682363948825,16.604874662417195
18.681326_82.957064,18.681326,82.957064,KORAPUT,SEMILIGUDA,BARAKANTI,,14,10,8.539359020525746,8.585936933671622,9.6,38.0,0.0,6,11.490986891234844,False,"{""bixa orellana"": 66.925, ""cassia fistula"": 49.736, ""cipadessa baccifera"": 5.73, ""emblica officinal"": 138.863, ""other"": 191.145, ""syzygium cumini"": 326.268, ""tree pitipordo"": 326.268}",868.0,4.0,2.547255837813469,28.339012481045287,-1243155053.0,4.0,0.8925423713814962,3.6169206162588825,111.0,4.0,141.7973503234376,207.90993015411644
18.681329_82.960893,18.681329,82.960893,KORAPUT,SEMILIGUDA,BARAKANTI,,14,7,7.583365244696333,7.749683343888535,7.6,33.0,0.0,5,12.459558402051234,False,"{""bixa orellana"": 45.996, ""leda"": 1.273, ""other"": 201.649, ""syzygium cumini"": 569.934, ""tree3 narji"": 62.389, ""tree6 modei"": 157.802}",916.0,3.0,2.4068469302744755,16.494612461031952,-1277823941.0,3.0,0.6117398905354362,11.639653933715394,123.0,3.0,11.93782814871613,57.65790924045088
18.681538_82.974712,18.681538,82.974712,KORAPUT,SEMILIGUDA,BARAKANTI,,16,12,11.634516765286,11.641233125444069,10.2,48.0,0.0,2,12.626292151957031,False,"{""other"": 1800.838, ""syzygium cumini"": 216.451}",1092.0,3.0,2.1962135871043595,18.962415532563718,-1443733274.0,3.0,0.5615887152312719,16.249936337550732,131.0,3.0,92.91354560052227,19.55705628625962
18.681742_82.961581,18.681742,82.961581,KORAPUT,SEMILIGUDA,BARAKANTI,,24,18,7.1942797755144445,7.284369833396922,8.2,63.0,0.0,7,10.451174596367794,False,"{""albizia lebbeck"": 693.597, ""bixa orellana"": 220.987, ""cipadessa baccifera"": 9.231, ""mangifera indica"": 42.096, ""other"": 286.479, ""shrub golimonji"": 11.459, ""syzygium cumini"": 238.175, ""tree7 mayutera"": 342.342, ""ziziphus mauritiana"": 69.869}",930.0,3.0,2.0759031723889336,24.99216660321808,540027953.0,3.0,0.7822245842389643,8.153184467422863,123.0,3.0,11.93782814871613,77.63721831933351
18.681765_82.962915,18.681765,82.962915,KORAPUT,SEMILIGUDA,BARAKANTI,,21,16,4.852769679300291,4.894254085397996,5.6,68.0,0.0,5,7.460387957432594,False,"{""bixa orellana"": 49.736, ""grewia eriocarpa"": 2.706, ""leda"": 28.727, ""other"": 420.249, ""pitamari"": 93.981, ""tree12 grawi"": 168.863}",939.0,3.0,2.978466806588136,13.814526674168171,1788662142.0,3.0,1.1633068252414844,8.857337877608261,123.0,3.0,11.93782814871613,11.363176795385021
18.681858_82.963077,18.681858,82.963077,KORAPUT,SEMILIGUDA,BARAKANTI,,8,4,6.860245358090186,7.032129901537399,5.6,53.0,0.0,3,11.697888317254307,False,"{""albizia lebbeck"": 339.318, ""bixa orellana"": 56.182, ""cipadessa baccifera"": 9.629, ""mimosa pudica"": 3.263, ""terminalia bellirica"": 71.62}",954.0,4.0,2.446953497520932,2.7260054785193573,-1118445128.0,4.0,0.1303704948490469,2.7260054785193573,111.0,4.0,141.7973503234376,4.892372341269312
18.681878_82.962774,18.681878,82.962774,KORAPUT,SEMILIGUDA,BARAKANTI,,12,7,4.913637202435874,4.98811108997527,5.0,53.0,0.0,4,11.91388431145045,False,"{""albizia lebbeck"": 127.324, ""bixa orellana"": 88.013, ""cipadessa baccifera"": 16.075, ""mangifera indica"": 161.144, ""mimosa pudica"": 1.273, ""syzygium cumini"": 466.642, ""woodfordia fruticosa"": 1.989}",939.0,3.0,2.978466806588136,17.311437467953482,1788662142.0,3.0,1.1633068252414844,14.589000144561046,123.0,3.0,11.93782814871613,15.654393126898986
18.682446_82.965478,18.682446,82.965478,KORAPUT,SEMILIGUDA,BARAKANTI,,11,7,7.813887384948565,7.839972807613868,8.2,38.0,0.0,4,9.958552153464309,False,"{""anogeissus latifolia"": 136.396, ""bixa orellana"": 66.925, ""dillenia pentagyna"": 1.273, ""kunuwa"": 1.353, ""other"": 127.324, ""syzygium cumini"": 254.648}",991.0,3.0,2.075892619012267,0.5980157237449214,1733776496.0,3.0,0.5716226671358617,0.5980157237449214,131.0,3.0,92.91354560052227,113.86269210470954
18.68257_82.965576,18.68257,82.965576,KORAPUT,SEMILIGUDA,BARAKANTI,,7,3,5.58161782513926,5.792207792207792,4.6,58.0,0.0,3,15.915494309189533,False,"{""artocarpus heterophyllus"": 286.479, ""bixa orellana"": 127.324, ""cipadessa baccifera"": 44.404, ""terminalia arjuna"": 198.944}",991.0,3.0,2.075892619012267,8.318923117188561,1733776496.0,3.0,0.5716226671358617,8.318923117188561,131.0,3.0,92.91354560052227,108.92358357879326
18.682588_82.96899,18.682588,82.96899,KORAPUT,SEMILIGUDA,BARAKANTI,,8,5,4.909628506444276,4.999999999999999,5.0,48.0,0.0,3,11.140846016432674,False,"{""albizia lebbeck"": 169.102, ""bixa orellana"": 94.618, ""cipadessa baccifera"": 6.446, ""syzygium cumini"": 254.648}",1024.0,2.0,1.9254601027829943,0.3934375982928104,806694517.0,2.0,0.39110905013433234,0.3934375982928104,110.0,2.0,2.7788547702243895,6.148616340783568
18.68293_82.957086,18.68293,82.957086,KORAPUT,SEMILIGUDA,BARAKANTI,,9,6,8.955891686058813,9.04012411726942,9.2,43.0,0.0,2,12.520188856562434,False,"{""cipadessa baccifera"": 2.865, ""emblica officinal"": 97.482, ""kunuwa"": 2.865, ""mimosa pudica"": 2.865, ""other"": 646.249}",864.0,4.0,2.1862270591653834,4.980683928377316,2089850477.0,4.0,0.3209140011881071,4.980683928377316,111.0,4.0,141.7973503234376,162.27937083134526
18.682982_82.96547,18.682982,82.96547,KORAPUT,SEMILIGUDA,BARAKANTI,,11,8,5.156901041666667,5.1836580291280505,5.4,48.0,0.0,4,11.30000095952457,False,"{""albizia lebbeck"": 196.158, ""bauhinia variegata"": 81.487, ""bixa orellana"": 31.831, ""cipadessa baccifera"": 1.989, ""diospyros melanoxylon"": 11.459, ""mimosa pudica"": 0.716, ""syzygium cumini"": 531.975}",970.0,3.0,2.4369211687872423,0.0781310777922721,1650816003.0,3.0,0.25071186633075454,0.0781310777922721,131.0,3.0,92.91354560052227,64.78566461801657
18.683549_82.961884,18.683549,82.961884,KORAPUT,SEMILIGUDA,BARAKANTI,,9,5,5.804797648654758,5.836613949254749,5.6,48.0,0.0,4,12.923381379061903,False,"{""bixa orellana"": 127.324, ""cipadessa baccifera"": 2.546, ""pongamia pinnata"": 256.637, ""syzygium cumini"": 49.736, ""terminalia arjuna"": 267.699}",924.0,3.0,2.507130258938604,2.3667587793928964,-694252841.0,3.0,0.4211975907091346,2.3667587793928964,123.0,3.0,11.93782814871613,16.745799144449304
18.683884_82.961298,18.683884,82.961298,KORAPUT,SEMILIGUDA,BARAKANTI,,13,7,5.571485823063821,5.671212444065628,5.6,53.0,0.0,4,10.54969908494849,False,"{""bauhinia variegata"": 28.727, ""ficus benghalensis"": 286.479, ""mimosa pudica"": 1.273, ""psidium guajava"": 17.905, ""syzygium cumini"": 94.697, ""terminalia arjuna"": 358.099, ""woodfordia fruticosa"": 7.082}",924.0,3.0,2.507130258938604,6.837503960712838,-694252841.0,3.0,0.4211975907091346,6.837503960712838,123.0,3.0,11.93782814871613,8.966505918922143
18.684793_82.959743,18.684793,82.959743,KORAPUT,SEMILIGUDA,BARAKANTI,,10,7,6.840462905559001,6.969555035128806,6.4,48.0,0.0,4,7.412073063993982,False,"{""diospyros melanoxylon"": 83.397, ""mimosa pudica"": 2.865, ""pongamia pinnata"": 57.614, ""psidium guajava"": 213.427, ""terminalia arjuna"": 25.783, ""woodfordia fruticosa"": 1.989}",899.0,4.0,2.5572769556732187,32.77314614138954,-134824953.0,4.0,0.7822256249263525,20.255372728439934,111.0,4.0,141.7973503234376,108.04926117363274
18.686431_82.9618,18.686431,82.9618,KORAPUT,SEMILIGUDA,BARAKANTI,,4,2,6.859096945551129,7.104972375690608,3.7824999999999998,63.0,0.0,2,12.095775674984047,False,"{""emblica officinal"": 1.273, ""mangifera indica"": 127.324, ""terminalia bellirica"": 103.132, ""woodfordia fruticosa"": 7.958}",934.0,0.0,2.988494840439762,37.82898919925675,-362737722.0,0.0,0.24068425790762885,2.5399857617866513,,,,
18.686566_82.958633,18.686566,82.958633,KORAPUT,SEMILIGUDA,BARAKANTI,,10,8,9.565734152652004,9.587319604345712,8.4,58.0,0.0,6,10.26549382942725,False,"{""albizia lebbeck"": 509.296, ""bauhinia variegata"": 286.479, ""bixa orellana"": 28.727, ""cassia fistula"": 25.783, ""cipadessa baccifera"": 0.716, ""diospyros melanoxylon"": 25.783, ""mimosa pudica"": 1.989, ""pongamia pinnata"": 105.44}",890.0,3.0,1.3939673135734956,1.6112613161319822,1528006374.0,3.0,0.37105598616536123,1.0046885202279878,65.0,3.0,1.2854333717014923,2.8141943315300253
18.69107_82.868956,18.69107,82.868956,KORAPUT,SEMILIGUDA,BARAKANTI,,5,2,4.412639894667545,4.86454033771107,2.33,53.0,0.0,2,10.663381187156988,False,"{""calotropis gigantea"": 17.905, ""mangifera indica"": 183.346, ""other"": 11.459, ""psidium guajava"": 29.046}",307.0,4.0,2.397047662629139,26.014464507541366,,,,,,,,
20.621695_85.564537,20.621695,85.564537,DHENKANAL,SADAR,MANGALPUR,,40,12,4.071563966274772,4.201002632610765,7.8,18.0,0.0,5,9.814554824000213,False,"{""aegle marmelos"": 20.372, ""albizia saman"": 25.783, ""boswellia serrata"": 2578.31, ""cipadessa baccifera"": 0.318, ""climber7 guluma"": 0.637, ""combretum roxburghii"": 34.318, ""diospyros melanoxylon"": 31.831, ""flacourtia indica"": 32.149, ""ichnocarpus frutescens"": 0.318, ""ixora pavetta"": 1.035, ""jasminum arborescens"": 1.989, ""other"": 7.958, ""syzygium cumini"": 4.648, ""tectona grandis"": 196.556, ""unidentified climber"": 0.318, ""xylia xylocarpa"": 18.223}",,,,,,,,,,,,
20.741885_84.698598,20.741885,84.698598,ANGUL,ATHAMALLIK,KANSAB,,60,21,12.230659685863873,12.285713547319999,15.460000000000003,53.0,0.000297710707319577,10,18.173978739731666,False,"{""alangium salvifolium"": 0.716, ""albizia procera"": 49.736, ""anogeissus latifolia"": 0.318, ""bridelia squamosa/retusa"": 1559.718, ""buchanania lanzan"": 209.527, ""casearia elliptica"": 0.637, ""cassia fistula"": 0.716, ""celastrus paniculata"": 0.318, ""chloroxylon swietenia"": 873.204, ""combretum roxburghii"": 33.502, ""diospyros melanoxylon"": 36.367, ""diospyros montana"": 3609.475, ""helicteres isora"": 0.716, ""holarrhena antidysenterica"": 202.206, ""lagerstroemia parviflora"": 450.568, ""lannea coromandelica"": 86.66, ""other"": 0.637, ""pterocarpus marsupium"": 0.318, ""pueraria tuberosa"": 0.637, ""shorea robusta"": 2.308, ""terminalia alata"": 629.856, ""unidentified climber"": 1.273, ""ziziphus oenoplia"": 2.228}",100.0,0.0,2.605673365573464,6.909037276838446,-1549299622.0,0.0,0.48104781307513894,6.909037276838446,95.0,0.0,50.274640521761356,122.10167801006031
20.742247_84.697628,20.742247,84.697628,ANGUL,ATHAMALLIK,KANSAB,,63,16,14.13150279171004,14.182900256587788,14.280000000000001,43.0,0.0,8,26.061621931297864,False,"{""aegle marmelos"": 1566.323, ""anacardium occidentale"": 0.318, ""anogeissus latifolia"": 2758.871, ""antidesma acidum"": 4.775, ""bauhinia vahlii"": 0.318, ""buchanania lanzan"": 5.411, ""butea superba"": 5.093, ""casearia elliptica"": 35.332, ""celastrus paniculata"": 0.318, ""combretum roxburghii"": 2.626, ""dalbergia paniculata"": 2753.062, ""diospyros melanoxylon"": 2.706, ""diospyros montana"": 1070.556, ""grewia helicterifolia"": 1.353, ""haldina cordifolia"": 154.062, ""helicteres isora"": 0.318, ""holarrhena antidysenterica"": 5.093, ""lagerstroemia parviflora"": 2639.744, ""madhuca indica"": 764.262, ""pterocarpus marsupium"": 0.318, ""schleichera oleosa"": 0.716, ""shrub12 ghatak"": 0.318, ""terminalia alata"": 0.637}",100.0,0.0,2.605673365573464,9.8375054723237,551499648.0,0.0,0.8418329917118723,8.435834290307813,95.0,0.0,50.274640521761356,67.8165692199571
20.742487_84.696332,20.742487,84.696332,ANGUL,ATHAMALLIK,KANSAB,,66,21,11.249319287063265,11.348264348489726,14.5,38.0,4.721435316336166e-05,8,17.77988078540888,False,"{""aegle marmelos"": 86.342, ""anacardium occidentale"": 850.285, ""anogeissus latifolia"": 3.899, ""antidesma acidum"": 2.546, ""bauhinia vahlii"": 1.353, ""bridelia squamosa/retusa"": 1.273, ""casearia elliptica"": 67.8, ""cassia fistula"": 13.528, ""dalbergia paniculata"": 1559.718, ""diospyros melanoxylon"": 1.432, ""diospyros montana"": 240.722, ""grewia helicterifolia"": 1.432, ""holarrhena antidysenterica"": 1611.523, ""lagerstroemia parviflora"": 1957.049, ""lannea coromandelica"": 1.273, ""naringi crenulata"": 316.161, ""pterocarpus marsupium"": 0.318, ""pueraria tuberosa"": 0.637, ""schleichera oleosa"": 4.297, ""shorea robusta"": 0.318, ""terminalia alata"": 0.716, ""unidentified climber"": 0.716, ""ventilago denticulata"": 0.318, ""ziziphus oenoplia"": 18.144}",87.0,0.0,2.4753811094494687,13.065940934116036,1704143262.0,0.0,0.5010897238222356,13.065940934116036,95.0,0.0,50.274640521761356,14.772192019516423
20.743825_84.696419,20.743825,84.696419,ANGUL,ATHAMALLIK,KANSAB,,57,17,6.27323369221026,8.077318330469486,8.419999999999998,48.0,5.6294419815635794e-05,7,15.110357538254064,False,"{""alangium salvifolium"": 0.318, ""anacardium occidentale"": 561.499, ""anogeissus latifolia"": 0.318, ""bauhinia vahlii"": 1.671, ""bridelia squamosa/retusa"": 1108.037, ""buchanania lanzan"": 1.035, ""butea superba"": 1.989, ""casearia elliptica"": 18.223, ""cassia fistula"": 201.251, ""cipadessa baccifera"": 553.859, ""dalbergia paniculata"": 688.266, ""haldina cordifolia"": 962.887, ""helicteres isora"": 1.592, ""holarrhena antidysenterica"": 499.826, ""lagerstroemia parviflora"": 980.474, ""other"": 0.637, ""pterocarpus marsupium"": 0.955, ""pueraria tuberosa"": 0.318, ""schleichera oleosa"": 69.232, ""shorea robusta"": 0.318, ""smilax zeylanica"": 1.035, ""strychnos potatorum"": 0.637}",97.0,0.0,2.365147708766711,14.970923491683582,2131066762.0,0.0,0.2806104977697735,13.288950244509605,95.0,0.0,50.274640521761356,69.25203127490065
20.744313_84.694294,20.744313,84.694294,ANGUL,ATHAMALLIK,KANSAB,,50,16,26.6538651018829,26.880522315126502,21.8,38.0,0.0,7,17.10915638237875,False,"{""anacardium occidentale"": 497.598, ""antidesma acidum"": 2.546, ""bauhinia vahlii"": 5.252, ""cassia fistula"": 0.716, ""climber1 nudurunai"": 1.989, ""combretum roxburghii"": 53.794, ""dalbergia paniculata"": 0.318, ""dioscorea bulbifera"": 0.318, ""grewia helicterifolia"": 1.353, ""grewia tiliifolia"": 1.273, ""haldina cordifolia"": 3183.099, ""helicteres isora"": 1.273, ""holarrhena antidysenterica"": 471.497, ""lagerstroemia parviflora"": 388.179, ""lannea coromandelica"": 2628.046, ""other"": 0.318, ""pterocarpus marsupium"": 0.318, ""pueraria tuberosa"": 0.716, ""schleichera oleosa"": 68.596, ""tree1 phapandi"": 96.607, ""wendlandia tinctoria"": 0.716}",82.0,0.0,1.76383172347909,7.834018968511382,-434276170.0,0.0,0.6714588080085706,7.834018968511382,95.0,0.0,50.274640521761356,65.26098976070372
20.744556_84.693554,20.744556,84.693554,ANGUL,ATHAMALLIK,KANSAB,,53,9,24.092436314244402,24.205641355263623,20.72,38.0,0.0,7,27.445385742069064,False,"{""albizia procera"": 0.716, ""anogeissus latifolia"": 3184.85, ""bauhinia vahlii"": 3.342, ""buchanania lanzan"": 51.009, ""butea superba"": 1.989, ""casearia elliptica"": 23.714, ""cassia fistula"": 1.592, ""cipadessa baccifera"": 8.992, ""dalbergia sissoo"": 0.637, ""dillenia pentagyna"": 1.989, ""dioscorea bulbifera"": 0.318, ""diospyros melanoxylon"": 1.035, ""gardenia gummifera"": 1.273, ""helicteres isora"": 1.989, ""holarrhena antidysenterica"": 69.551, ""lagerstroemia parviflora"": 1344.859, ""lannea coromandelica"": 4321.136, ""ougeinia oogeinsis"": 2.626, ""pterocarpus marsupium"": 1.989, ""pueraria tuberosa"": 1.989, ""schleichera oleosa"": 55.068, ""unidentified climber"": 0.318}",78.0,0.0,2.705875413334316,9.422624256106896,-672174814.0,0.0,0.711545637067789,9.422624256106896,95.0,0.0,50.274640521761356,42.66661703119847
20.745076_84.695402,20.745076,84.695402,ANGUL,ATHAMALLIK,KANSAB,,74,32,7.633591722692743,7.738355701715403,8.6,53.0,6.985069414127303e-05,11,10.653434003213745,False,"{""alangium salvifolium"": 0.318, ""anacardium occidentale"": 962.887, ""anogeissus latifolia"": 0.318, ""antidesma acidum"": 2.546, ""buchanania lanzan"": 1089.654, ""casearia elliptica"": 99.79, ""cassia fistula"": 5.73, ""cipadessa baccifera"": 174.116, ""cleistanthus collinus"": 25.783, ""diospyros melanoxylon"": 1.353, ""diospyros montana"": 261.969, ""gardenia turgida"": 1356.159, ""grewia tiliifolia"": 49.736, ""holarrhena antidysenterica"": 323.244, ""lagerstroemia parviflora"": 70.665, ""other"": 0.318, ""pueraria tuberosa"": 0.716, ""schleichera oleosa"": 131.382, ""shorea robusta"": 0.318}",83.0,0.0,2.916336720480593,7.253698795893509,-115303652.0,0.0,0.5010889349143806,2.7463018389149205,95.0,0.0,50.274640521761356,76.77693392655367
20.745582_84.692273,20.745582,84.692273,ANGUL,ATHAMALLIK,KANSAB,,42,22,16.790449749899384,17.235605264474803,22.18,53.0,0.043480135686770525,8,14.483099821362476,False,"{""alangium salvifolium"": 88.49, ""bauhinia vahlii"": 251.306, ""cipadessa baccifera"": 296.108, ""diospyros melanoxylon"": 0.955, ""diospyros montana"": 1224.618, ""gardenia turgida"": 1880.814, ""helicteres isora"": 1.035, ""holarrhena antidysenterica"": 432.344, ""lagerstroemia parviflora"": 86.66, ""leea asiatica"": 0.637, ""other"": 0.318, ""ougeinia oogeinsis"": 183.346, ""pueraria tuberosa"": 325.949, ""schleichera oleosa"": 0.955, ""shorea robusta"": 240.722, ""termanalia chebula"": 522.108}",72.0,0.0,2.655760930726995,13.640899448851549,449889969.0,0.0,0.120260921863882,4.926277664194232,95.0,0.0,50.274640521761356,38.166493686196304
20.746348_84.694433,20.746348,84.694433,ANGUL,ATHAMALLIK,KANSAB,,44,14,20.662030304879117,22.51162014361121,13.920000000000002,58.0,0.0,5,15.756339366097638,False,"{""casearia elliptica"": 175.866, ""cassia fistula"": 54.431, ""cipadessa baccifera"": 0.716, ""diospyros melanoxylon"": 107.748, ""gardenia turgida"": 967.582, ""helicteres isora"": 2.308, ""holarrhena antidysenterica"": 245.815, ""mimosa rubicaulis"": 0.318, ""ougeinia oogeinsis"": 412.53, ""pueraria tuberosa"": 0.318, ""schleichera oleosa"": 7161.972, ""smilax zeylanica"": 0.637}",86.0,0.0,2.8361630141887257,8.245791297373053,228262653.0,0.0,0.11023947579776486,8.245791297373053,95.0,0.0,50.274640521761356,74.1246772132795
20.747267_84.691992,20.747267,84.691992,ANGUL,ATHAMALLIK,KANSAB,,67,13,21.111193400977815,21.284998202263907,22.080000000000002,43.0,4.913642729037172e-05,5,21.27779162259339,False,"{""aegle marmelos"": 0.955, ""anogeissus latifolia"": 0.318, ""antidesma acidum"": 3.183, ""asparagus racemosus"": 0.955, ""bauhinia vahlii"": 2.308, ""buchanania lanzan"": 0.318, ""butea superba"": 3.899, ""casearia elliptica"": 84.511, ""cassia fistula"": 1.592, ""chloroxylon swietenia"": 0.716, ""dalbergia sissoo"": 0.318, ""diospyros melanoxylon"": 1.273, ""diospyros montana"": 2245.756, ""gardenia turgida"": 688.425, ""glochidion lanceolarium"": 0.318, ""holarrhena antidysenterica"": 325.551, ""krusnha chhuda"": 0.318, ""lagerstroemia parviflora"": 3113.787, ""lannea coromandelica"": 1.035, ""pueraria tuberosa"": 1.273, ""shorea robusta"": 0.318, ""shrub12 ghatak"": 0.637, ""ventilago denticulata"": 0.318}",69.0,0.0,2.976452737694677,2.705224843045774,-1792556774.0,0.0,0.17036953231644725,2.705224843045774,95.0,0.0,50.274640521761356,36.89423654786362
20.759342_84.70982,20.759342,84.70982,ANGUL,ATHAMALLIK,GHANAJODI,,72,25,13.615325304581994,13.803333367229683,16.2,38.0,0.0,12,17.023212713109125,False,"{""anacardium occidentale"": 357.223, ""anogeissus latifolia"": 1472.82, ""antidesma acidum"": 1.273, ""bauhinia vahlii"": 0.637, ""buchanania lanzan"": 344.491, ""butea superba"": 8.435, ""careya arborea"": 1256.051, ""casearia elliptica"": 144.672, ""celastrus paniculata"": 0.318, ""cipadessa baccifera"": 0.637, ""climber1 nudurunai"": 1.989, ""diospyros melanoxylon"": 0.955, ""diospyros montana"": 1100.079, ""gardenia turgida"": 210.403, ""haldina cordifolia"": 184.142, ""holarrhena antidysenterica"": 104.724, ""lagerstroemia parviflora"": 1117.109, ""lannea coromandelica"": 1515.473, ""naringi crenulata"": 11.459, ""pueraria tuberosa"": 0.318, ""schleichera oleosa"": 111.329, ""smilax zeylanica"": 0.955, ""terminalia alata"": 2.626, ""terminalia bellirica"": 0.318, ""ziziphus oenoplia"": 0.637}",128.0,0.0,2.886317882785166,17.360686146729254,1370912733.0,0.0,0.47103132350305904,7.812568194538272,80.0,0.0,9.712399335734641,17.620578400989956
20.760064_84.721146,20.760064,84.721146,ANGUL,ATHAMALLIK,GHANAJODI,,38,18,12.10929704759992,12.198726278215762,15.66,38.0,0.0,10,13.13912474636425,False,"{""alangium salvifolium"": 196.158, ""anogeissus latifolia"": 811.77, ""butea superba"": 61.991, ""chloroxylon swietenia"": 630.97, ""diospyros montana"": 67.243, ""gardenia turgida"": 25.783, ""haldina cordifolia"": 240.722, ""holarrhena antidysenterica"": 135.998, ""lagerstroemia parviflora"": 464.573, ""lannea coromandelica"": 329.849, ""schleichera oleosa"": 5.093, ""semecarpus anacardium"": 198.944, ""strychnos potatorum"": 0.318, ""terminalia alata"": 0.318}",182.0,3.0,2.916424339917005,15.42901427167615,792077695.0,3.0,1.4331573200268937,3.2966161910545866,73.0,3.0,64.74864481015408,11.151772110195331
20.760492_84.717751,20.760492,84.717751,ANGUL,ATHAMALLIK,GHANAJODI,,43,18,33.57311264949205,33.83539444246296,27.0,43.0,0.0,8,17.913773039121107,False,"{""anogeissus latifolia"": 2354.22, ""butea superba"": 43.927, ""cassia fistula"": 3.263, ""dendrocalamus strictus"": 20.372, ""dhudur nai"": 1.989, ""diospyros melanoxylon"": 1.035, ""diospyros montana"": 455.263, ""gardenia turgida"": 62.15, ""holarrhena antidysenterica"": 886.97, ""lagerstroemia parviflora"": 434.493, ""lannea coromandelica"": 616.248, ""madhuca indica"": 2540.511, ""schleichera oleosa"": 5.411}",165.0,3.0,2.736015680215119,31.330329367715574,1795531542.0,3.0,0.5411901052144028,10.910109646843608,73.0,3.0,64.74864481015408,32.563503363113796
20.761327_84.711584,20.761327,84.711584,ANGUL,ATHAMALLIK,GHANAJODI,,54,21,7.437466440696206,8.616996148908855,11.8,48.0,0.0,6,10.761905675737685,False,"{""anogeissus latifolia"": 0.637, ""antidesma acidum"": 2.546, ""butea superba"": 54.113, ""combretum roxburghii"": 0.318, ""dioscorea bulbifera"": 0.318, ""diospyros melanoxylon"": 0.637, ""diospyros montana"": 434.254, ""gardenia turgida"": 243.03, ""haldina cordifolia"": 837.951, ""helicteres isora"": 1.91, ""holarrhena antidysenterica"": 4.218, ""lagerstroemia parviflora"": 476.828, ""terminalia alata"": 206.981, ""terminalia bellirica"": 694.393}",133.0,5.0,1.7638642618099598,6.168710465711416,-58471452.0,5.0,0.23050509478908435,6.168710465711416,67.0,5.0,27.690452403870108,8.994365673224001
20.76148_84.72302,20.76148,84.72302,ANGUL,ATHAMALLIK,GHANAJODI,,63,30,9.615795493997476,10.910118548927612,14.86,43.0,0.011420322692638001,12,11.162066675511593,False,"{""albizia procera"": 376.64, ""buchanania lanzan"": 101.859, ""butea superba"": 30.796, ""careya arborea"": 31.831, ""cassia fistula"": 232.048, ""diospyros melanoxylon"": 0.955, ""diospyros montana"": 2.308, ""gardenia turgida"": 198.466, ""holarrhena antidysenterica"": 44.404, ""lagerstroemia parviflora"": 277.487, ""lannea coromandelica"": 183.665, ""semecarpus anacardium"": 0.318, ""shorea robusta"": 49.736, ""tectona grandis"": 1094.19, ""termanalia chebula"": 140.375, ""terminalia alata"": 1589.958}",192.0,5.0,2.856299109230386,10.752829606307756,726123180.0,5.0,0.481060997795013,10.752829606307756,70.0,5.0,8.555351688891776,7.343720570746364
20.761498_84.715991,20.761498,84.715991,ANGUL,ATHAMALLIK,GHANAJODI,,188,76,3.92646384094385,6.381133562625393,11.76,38.0,0.0,10,7.974500306499178,False,"{""anacardium occidentale"": 286.479, ""anogeissus latifolia"": 1658.076, ""antidesma acidum"": 1.273, ""buchanania lanzan"": 103.132, ""butea superba"": 28.648, ""cassia fistula"": 5.093, ""cleistanthus collinus"": 71.62, ""dioscorea bulbifera"": 1.273, ""diospyros melanoxylon"": 81.487, ""diospyros montana"": 4217.924, ""gardenia turgida"": 254.011, ""helicteres isora"": 2.546, ""holarrhena antidysenterica"": 195.124, ""lagerstroemia parviflora"": 660.811, ""lannea coromandelica"": 507.386, ""smilax zeylanica"": 23.555, ""stachytarpheta jamaicensis"": 81.487, ""terminalia alata"": 561.499}",167.0,5.0,3.006611170594561,3.1462145156338908,-1216677497.0,5.0,1.0823788709515036,3.1462145156338908,67.0,5.0,27.690452403870108,1.1022686488909927
20.76178_84.706629,20.76178,84.706629,ANGUL,ATHAMALLIK,GHANAJODI,,53,16,5.341069086968302,7.999367888748418,8.2,38.0,0.0,5,7.360916118000159,False,"{""anacardium occidentale"": 0.318, ""anogeissus latifolia"": 0.318, ""antidesma acidum"": 3.183, ""butea superba"": 67.004, ""casearia elliptica"": 43.37, ""climber1 nudurunai"": 1.989, ""dioscorea bulbifera"": 0.318, ""diospyros melanoxylon"": 4.854, ""diospyros montana"": 373.935, ""gardenia turgida"": 25.783, ""haldina cordifolia"": 357.223, ""holarrhena antidysenterica"": 8.117, ""lagerstroemia parviflora"": 425.978, ""manilkara hexandra"": 0.318, ""schleichera oleosa"": 0.318, ""terminalia alata"": 155.256, ""unidentified climber"": 0.318}",116.0,5.0,2.675847229777838,1.515534296115911,379935697.0,5.0,0.7315988520653398,1.515534296115911,67.0,5.0,27.690452403870108,1.3580948870347243
20.763036_84.72282,20.763036,84.72282,ANGUL,ATHAMALLIK,GHANAJODI,,27,13,12.374889517547212,13.467069131765395,12.8,68.0,0.0,6,10.798050754388592,False,"{""anogeissus latifolia"": 260.935, ""diospyros melanoxylon"": 0.955, ""haldina cordifolia"": 103.132, ""holarrhena antidysenterica"": 1.592, ""lagerstroemia parviflora"": 81.567, ""lannea coromandelica"": 1145.916, ""schleichera oleosa"": 0.318, ""tectona grandis"": 460.117, ""wrightia tinctoria"": 27.056}",191.0,3.0,2.685921717866176,28.77981230072336,-228211292.0,3.0,0.4209283010732978,9.526813457770956,73.0,3.0,64.74864481015408,28.506275098902908
20.76408_84.715482,20.76408,84.715482,ANGUL,ATHAMALLIK,GHANAJODI,,12,2,2.5771074457180143,2.592795497185741,1.1320000000000001,98.0,0.0,2,18.780283284843648,False,"{""butea superba"": 2.706, ""diospyros melanoxylon"": 1.989, ""hyptis suaveolens"": 0.955, ""lagerstroemia parviflora"": 20.372, ""phoenix dactylifera"": 827.924}",152.0,4.0,2.9564885787691386,0.24907805190107,356352953.0,4.0,0.17037409193652225,0.24907805190107,,,,
20.764457_84.718917,20.764457,84.718917,ANGUL,ATHAMALLIK,GHANAJODI,,49,22,17.595640751205867,18.021488924074053,21.2,43.0,0.0,7,14.106915410417997,False,"{""aegle marmelos"": 0.318, ""butea superba"": 141.25, ""casearia elliptica"": 215.973, ""chloroxylon swietenia"": 928.192, ""cleistanthus collinus"": 1064.03, ""diospyros montana"": 894.928, ""helicteres isora"": 5.173, ""holarrhena antidysenterica"": 0.318, ""lagerstroemia parviflora"": 169.102, ""schleichera oleosa"": 2037.502, ""wrightia tinctoria"": 119.525}",175.0,3.0,1.7638817744553708,16.442162451262952,-1730204953.0,3.0,0.42092601778737765,16.442162451262952,73.0,3.0,64.74864481015408,18.683204463418715
20.767532_84.743722,20.767532,84.743722,ANGUL,ATHAMALLIK,KANTAPADA,,18,5,11.776556953547336,12.354258031616524,8.6,48.0,0.0007654403674113762,4,12.66873347011487,False,"{""anacardium occidentale"": 0.318, ""anogeissus latifolia"": 258.547, ""bauhinia roxburghiana"": 49.736, ""casearia elliptica"": 431.867, ""combretum roxburghii"": 13.449, ""diospyros melanoxylon"": 1.313, ""diospyros montana"": 7.958, ""holarrhena antidysenterica"": 0.637, ""lantana camara"": 7.958, ""miliusa tomentosa"": 58.012, ""shorea robusta"": 0.637, ""woodfordia fruticosa"": 1.273}",,,,,,,,,,,,
20.802758_84.651615,20.802758,84.651615,ANGUL,ATHAMALLIK,JOGI BANDHA,,20,10,17.060260489251302,17.094262142777513,28.4,58.0,0.0,7,20.562818647472877,False,"{""anogeissus latifolia"": 1795.586, ""azadirachta indica"": 735.296, ""butea superba"": 2.865, ""chloroxylon swietenia"": 0.318, ""cleistanthus collinus"": 0.716, ""diospyros melanoxylon"": 0.318, ""diospyros montana"": 103.132, ""ficus lutescens"": 412.53, ""holarrhena antidysenterica"": 1.035, ""lagerstroemia parviflora"": 867.394, ""miliusa tomentosa"": 58.012, ""smilax zeylanica"": 0.637, ""ventilago denticulata"": 0.318, ""wrightia tinctoria"": 315.843}",47.0,5.0,2.83598333213662,15.588910606418697,-1070479864.0,5.0,0.891882799423142,14.411089472733613,35.0,5.0,18.03858416287736,55.80610483771088
20.803186_84.650445,20.803186,84.650445,ANGUL,ATHAMALLIK,JOGI BANDHA,,19,6,18.863593635294215,18.88339472938509,16.4,78.0,0.0,4,27.586856802595193,False,"{""anogeissus latifolia"": 1790.99, ""antidesma acidum"": 0.318, ""azadirachta indica"": 676.409, ""bridelia squamosa/retusa"": 1.035, ""dioscorea bulbifera"": 0.716, ""diospyros melanoxylon"": 0.318, ""diospyros montana"": 168.386, ""grewia helicterifolia"": 0.318, ""holarrhena antidysenterica"": 0.318, ""lannea coromandelica"": 1857.975, ""morinda pubescens"": 0.497, ""olax scandens"": 0.318, ""smilax zeylanica"": 0.318, ""stachytarpheta jamaicensis"": 0.318, ""terminalia alata"": 0.318}",47.0,5.0,2.83598333213662,12.477469981239347,497253978.0,5.0,0.2505286663550379,2.4774701654294744,35.0,5.0,18.03858416287736,32.82470963626242
20.803305_84.650996,20.803305,84.650996,ANGUL,ATHAMALLIK,JOGI BANDHA,,20,6,11.216738157552173,11.362459726697033,11.4,68.0,0.0,3,16.870423967740905,False,"{""anogeissus latifolia"": 511.285, ""butea superba"": 1.273, ""casearia elliptica"": 0.497, ""cleistanthus collinus"": 353.801, ""combretum roxburghii"": 0.716, ""dalbergia sissoo"": 0.318, ""dioscorea bulbifera"": 0.318, ""holarrhena antidysenterica"": 1.214, ""lagerstroemia parviflora"": 580.995, ""smilax zeylanica"": 0.318, ""stachytarpheta jamaicensis"": 0.318, ""terminalia alata"": 0.318, ""wrightia tinctoria"": 0.497}",47.0,5.0,2.83598333213662,10.837615360194185,-1070479864.0,5.0,0.891882799423142,0.8367700084475906,35.0,5.0,18.03858416287736,63.227451115217384
20.803378_84.649662,20.803378,84.649662,ANGUL,ATHAMALLIK,JOGI BANDHA,,18,5,8.101128621491275,12.866558460379107,10.8,93.0,0.0,5,17.50704374010849,False,"{""anacardium occidentale"": 471.815, ""cleistanthus collinus"": 3.581, ""dioscorea bulbifera"": 0.318, ""diospyros melanoxylon"": 21.088, ""diospyros montana"": 1169.63, ""eupatorium odoratum"": 0.716, ""holarrhena antidysenterica"": 1.989, ""lagerstroemia parviflora"": 325.949, ""madhuca indica"": 0.716, ""semecarpus anacardium"": 0.318, ""smilax zeylanica"": 0.637, ""terminalia alata"": 296.426, ""terminalia arjuna"": 0.318}",44.0,5.0,2.1946288631213213,7.955157390292076,-554994240.0,5.0,0.4709935476738777,2.045021099847886,35.0,5.0,18.03858416287736,71.08601490790149
20.80382_84.649267,20.80382,84.649267,ANGUL,ATHAMALLIK,JOGI BANDHA,,17,6,14.119777442428473,14.180881450976955,13.8,63.0,0.0,6,28.170424927265476,False,"{""anogeissus latifolia"": 1.989, ""cleistanthus collinus"": 214.7, ""climber7 akandabindhu"": 0.318, ""dalbergia paniculata"": 1184.749, ""dioscorea bulbifera"": 1.035, ""diospyros melanoxylon"": 1696.273, ""holarrhena antidysenterica"": 8.276, ""lagerstroemia parviflora"": 114.91, ""madhuca indica"": 1070.794, ""smilax zeylanica"": 0.318, ""terminalia alata"": 268.017}",44.0,5.0,2.1946288631213213,12.67812710723418,833058192.0,5.0,0.7816482203045898,9.519899531403102,35.0,5.0,18.03858416287736,98.84468340606657
20.804067_84.651992,20.804067,84.651992,ANGUL,ATHAMALLIK,JOGI BANDHA,,19,6,16.35755048052083,16.684735991000498,15.8,28.0,0.0,4,20.90234919273559,False,"{""anogeissus latifolia"": 20.69, ""buchanania lanzan"": 13.449, ""cleistanthus collinus"": 240.722, ""diospyros melanoxylon"": 0.318, ""holarrhena antidysenterica"": 8.276, ""lagerstroemia parviflora"": 1054.004, ""lannea coromandelica"": 860.71, ""manilkara hexandra"": 0.318, ""shrub golimonji"": 1.035, ""smilax zeylanica"": 0.318, ""terminalia alata"": 109.658, ""unidentified climber"": 0.716}",54.0,5.0,2.615523440559061,35.779347930611976,-1456574579.0,5.0,0.3306982702179561,4.220651871616015,35.0,5.0,18.03858416287736,49.132238908726436
20.805056_84.651723,20.805056,84.651723,ANGUL,ATHAMALLIK,JOGI BANDHA,,14,4,12.194148149749262,14.625798680213679,11.6,58.0,0.0,4,21.008452488130185,False,"{""anogeissus latifolia"": 727.577, ""azadirachta indica"": 561.499, ""buchanania lanzan"": 114.91, ""butea superba"": 1.273, ""diospyros melanoxylon"": 0.716, ""grewia tiliifolia"": 0.716, ""holarrhena antidysenterica"": 1.273, ""lagerstroemia parviflora"": 191.066, ""schleichera oleosa"": 0.318, ""smilax zeylanica"": 0.716, ""terminalia alata"": 240.722}",56.0,5.0,2.956244860826025,15.75298124737737,-1052889306.0,5.0,0.38080406277978684,2.667965077025471,35.0,5.0,18.03858416287736,141.10757053017338
20.805103_84.650732,20.805103,84.650732,ANGUL,ATHAMALLIK,JOGI BANDHA,,11,2,11.677670366663635,12.575300761109746,4.198,88.0,0.0,2,30.716904016735803,False,"{""anogeissus latifolia"": 9.629, ""buchanania lanzan"": 89.525, ""butea monosperma"": 357.223, ""diospyros melanoxylon"": 0.716, ""holarrhena antidysenterica"": 7.958, ""madhuca indica"": 1263.372, ""pterocarpus marsupium"": 17.587, ""terminalia alata"": 3.263}",46.0,5.0,2.6556015798943857,29.376145539798564,196497365.0,5.0,0.6213106774914562,0.6238541630528677,35.0,5.0,18.03858416287736,102.9607557606741
20.805368_84.649812,20.805368,84.649812,ANGUL,ATHAMALLIK,JOGI BANDHA,,6,0,0.21713966480446928,,0.5919999999999999,8.0,0.0,0,,True,"{""anogeissus latifolia"": 0.716, ""cassia fistula"": 0.716, ""diospyros melanoxylon"": 0.318, ""holarrhena antidysenterica"": 0.318, ""miliusa tomentosa"": 0.716, ""schleichera oleosa"": 11.459}",48.0,5.0,1.9441013746207059,0.8768029906383404,-702685265.0,5.0,0.7716276443390264,0.8768028264971528,35.0,5.0,18.03858416287736,3.7116964163463995
20.806103_84.651004,20.806103,84.651004,ANGUL,ATHAMALLIK,JOGI BANDHA,,16,5,10.674902801077728,10.872617749389832,9.2,43.0,0.24955518275634184,5,18.652959330370134,False,"{""anogeissus latifolia"": 108.225, ""bridelia retusa"": 1.273, ""buchanania lanzan"": 0.318, ""cassia fistula"": 15.597, ""cleistanthus collinus"": 136.635, ""climber samnai"": 0.318, ""dalbergia paniculata"": 232.048, ""dioscorea bulbifera"": 0.318, ""holarrhena antidysenterica"": 1.273, ""miliusa tomentosa"": 3.899, ""shorea robusta"": 390.646, ""smilax zeylanica"": 1.273, ""terminalia alata"": 673.544}",46.0,5.0,2.6556015798943857,6.191440355561016,1207998857.0,5.0,0.28059211813421253,6.191440355561016,35.0,5.0,18.03858416287736,99.78082236671774
20.825695_84.645693,20.825695,84.645693,ANGUL,ATHAMALLIK,ANANDA PUR,,5,1,10.366624233851956,12.0,3.0300000000000002,68.0,0.0,1,19.09859317102744,False,"{""bridelia squamosa/retusa"": 336.215, ""diospyros melanoxylon"": 0.318, ""ixora pavetta"": 0.716, ""stachytarpheta jamaicensis"": 0.318}",20.0,4.0,2.6856400366577797,5.1424370554064245,29032413.0,4.0,0.6714102450291775,5.1424370554064245,12.0,4.0,14.268234359353729,60.53276243710493
20.825723_84.645635,20.825723,84.645635,ANGUL,ATHAMALLIK,ANANDA PUR,,12,3,6.733686916138077,10.32578313253012,6.9,33.0,0.0,3,12.520188856562433,False,"{""buchanania lanzan"": 53.794, ""cassine glauca"": 127.324, ""diospyros melanoxylon"": 0.716, ""holarrhena antidysenterica"": 46.473, ""ixora pavetta"": 9.629, ""madhuca indica"": 215.177, ""terminalia alata"": 200.761}",20.0,4.0,2.6856400366577797,10.6523754230468,29032413.0,4.0,0.6714102450291775,10.6523754230468,12.0,4.0,14.268234359353729,66.434456649946
20.825966_84.644815,20.825966,84.644815,ANGUL,ATHAMALLIK,ANANDA PUR,,16,7,11.961087088125916,13.344788841534289,12.84,63.0,0.0,5,11.277264539082868,False,"{""anogeissus latifolia"": 49.736, ""buchanania lanzan"": 71.938, ""cleistanthus collinus"": 0.716, ""diospyros melanoxylon"": 0.318, ""holarrhena antidysenterica"": 26.101, ""ixora pavetta"": 46.553, ""lannea coromandelica"": 49.736, ""smilax zeylanica"": 0.318, ""stachytarpheta jamaicensis"": 0.318, ""terminalia alata"": 674.419}",20.0,4.0,2.6856400366577797,13.883319171627553,1528596017.0,4.0,0.21044182502046746,6.116680989571008,12.0,4.0,14.268234359353729,35.79425432273399
20.826051_84.646594,20.826051,84.646594,ANGUL,ATHAMALLIK,ANANDA PUR,,8,3,13.974001978835068,14.314078784667018,7.433999999999999,88.0,0.0,3,23.130518396022122,False,"{""azadirachta indica"": 1.273, ""cleistanthus collinus"": 169.42, ""diospyros melanoxylon"": 0.318, ""madhuca indica"": 1559.718, ""tectona grandis"": 3.899, ""terminalia alata"": 115.228}",30.0,4.0,1.1724652096350918,19.241288684849923,1927412230.0,4.0,0.5712008130669494,0.7587112650017446,12.0,4.0,14.268234359353729,14.724236660106511
20.827024_84.643543,20.827024,84.643543,ANGUL,ATHAMALLIK,ANANDA PUR,,8,2,9.782364998586374,11.549493957381388,7.359999999999999,78.0,0.0,2,32.30845344765475,False,"{""cassia fistula"": 325.949, ""cleistanthus collinus"": 1.273, ""diospyros melanoxylon"": 49.736, ""holarrhena antidysenterica"": 0.716, ""madhuca indica"": 1537.516, ""phoenix acaulis"": 49.736, ""terminalia alata"": 286.797}",8.0,1.0,2.946178315506407,15.326678666101676,990105188.0,1.0,0.15031537652651505,3.1632628589199707,17.0,1.0,1.3335748098555638,12.996379512325765
20.827087_84.646448,20.827087,84.646448,ANGUL,ATHAMALLIK,ANANDA PUR,,3,0,1.07,,1.0699999999999998,98.0,0.0,0,,True,"{""ixora pavetta"": 0.318, ""tectona grandis"": 0.318, ""terminalia alata"": 0.318}",26.0,4.0,2.405054491342233,42.85515349264349,401368986.0,4.0,0.0701474294087517,5.717034677672878,12.0,4.0,14.268234359353729,110.1556987871801
20.827346_84.642134,20.827346,84.642134,ANGUL,ATHAMALLIK,ANANDA PUR,,10,5,13.446413233749567,13.49016393442623,12.6,48.0,0.0,5,18.08000153523931,False,"{""anogeissus latifolia"": 240.722, ""buchanania lanzan"": 240.722, ""cleistanthus collinus"": 0.318, ""diospyros melanoxylon"": 0.716, ""holarrhena antidysenterica"": 97.801, ""ixora pavetta"": 1.989, ""lannea coromandelica"": 484.149, ""stachytarpheta jamaicensis"": 1.273, ""terminalia alata"": 296.108}",10.0,4.0,2.7858426955442104,36.34516116730067,1890143181.0,4.0,0.5210923634525824,13.717625809211697,13.0,4.0,2.5365755653613475,34.09970232954637
20.828018_84.64283,20.828018,84.64283,ANGUL,ATHAMALLIK,ANANDA PUR,,10,5,18.64528892826874,19.84977170828021,12.440000000000001,58.0,0.32606518221742814,5,18.398311421423102,False,"{""albizia saman"": 1016.125, ""cleistanthus collinus"": 129.313, ""diospyros melanoxylon"": 0.716, ""holarrhena antidysenterica"": 22.998, ""lagerstroemia parviflora"": 22.998, ""shorea robusta"": 673.544, ""syzygium cumini"": 0.716, ""terminalia alata"": 199.262}",10.0,4.0,2.7858426955442104,23.484781287830238,28085575.0,4.0,0.4910297520034863,19.45916107730442,13.0,4.0,2.5365755653613475,29.93094889985431
20.828198_84.64423,20.828198,84.64423,ANGUL,ATHAMALLIK,ANANDA PUR,,10,4,11.355777023929589,11.432040627885504,5.34,88.0,0.0,4,13.846480048994895,False,"{""azadirachta indica"": 1.989, ""cleistanthus collinus"": 2.865, ""diospyros melanoxylon"": 0.318, ""holarrhena antidysenterica"": 20.69, ""lannea coromandelica"": 574.947, ""syzygium cumini"": 240.722, ""terminalia alata"": 26.42}",10.0,4.0,2.7858426955442104,3.1857139977335303,571050076.0,4.0,0.3306939380937526,3.1857139977335303,,,,
20.926499_85.652478,20.926499,85.652478,DHENKANAL,KAMAKHYANAGAR,TULASIPASI,,13,4,42.53505008281411,43.77544059124502,33.839999999999996,23.0,0.6092751794305546,2,17.10915638237875,False,"{""diospyros melanoxylon"": 13.449, ""holarrhena antidysenterica"": 5.73, ""madhuca indica"": 369.956, ""shorea robusta"": 614.736, ""syzygium cumini"": 5.093}",236.0,4.0,2.79862221597494,1.726768556578967,-1682745018.0,4.0,0.2808654159627927,1.726768556578967,83.0,4.0,23.07480620518353,42.54861212914265
20.926894_85.66691,20.926894,85.66691,DHENKANAL,KAMAKHYANAGAR,TULASIPASI,,6,4,9.302095238095239,9.315246465418419,7.6,8.0,0.0,3,7.241549910681238,False,"{""cassia fistula"": 167.511, ""madhuca indica"": 20.372, ""miliusa tomentosa"": 0.637, ""phoenix acaulis"": 20.372}",316.0,4.0,2.628123074118988,12.90802442550145,-1770203072.0,4.0,0.28086828533778707,12.90802442550145,,,,
20.927937_85.652632,20.927937,85.652632,DHENKANAL,KAMAKHYANAGAR,TULASIPASI,,15,6,4.259697956766362,8.166666666666666,8.4,23.0,0.6416938110749187,2,5.092958178940651,False,"{""casearia elliptica"": 25.783, ""diospyros melanoxylon"": 1.989, ""gardenia gummifera"": 1.989, ""madhuca indica"": 66.527, ""shorea robusta"": 172.444}",242.0,4.0,2.5077276494393232,29.869666554615705,1564373758.0,4.0,0.7924415923112322,2.959486294126151,83.0,4.0,23.07480620518353,76.85914362118973
20.931564_85.663294,20.931564,85.663294,DHENKANAL,KAMAKHYANAGAR,TULASIPASI,,8,5,12.089761939535562,12.204181013280866,10.6,23.0,0.9429433815296236,2,17.952677580765794,False,"{""buchanania lanzan"": 76.474, ""casearia elliptica"": 0.716, ""diospyros melanoxylon"": 6.446, ""shorea robusta"": 1541.336, ""syzygium cumini"": 9.629}",294.0,4.0,2.5578979680022234,19.79774464190248,1250360483.0,4.0,0.5617347799216929,19.79774464190248,78.0,4.0,136.25663089294642,96.2126872661542
20.931593_85.663369,20.931593,85.663369,DHENKANAL,KAMAKHYANAGAR,TULASIPASI,,15,10,14.844234659474036,14.92927575654539,19.6,33.0,0.1362103843560351,7,5.443099053742821,False,"{""buchanania lanzan"": 22.998, ""cassia fistula"": 20.372, ""diospyros melanoxylon"": 0.716, ""emblica officinal"": 20.372, ""jasminum scandens"": 0.318, ""madhuca indica"": 0.318, ""other"": 20.372, ""pogostemon benghalense"": 0.318, ""shorea robusta"": 32.149, ""spondias pinnata"": 97.721, ""termanalia chebula"": 20.372}",294.0,4.0,2.5578979680022234,17.12151197915273,1250360483.0,4.0,0.5617347799216929,17.12151197915273,78.0,4.0,136.25663089294642,102.24100370584924
20.934691_85.665477,20.934691,85.665477,DHENKANAL,KAMAKHYANAGAR,TULASIPASI,,19,9,9.927050427050427,11.56941566514712,14.0,18.0,0.796887796887797,3,8.735837987488477,False,"{""azadirachta indica"": 2.865, ""buchanania lanzan"": 31.831, ""diospyros melanoxylon"": 3.263, ""holarrhena antidysenterica"": 19.894, ""jasminum scandens"": 5.093, ""madhuca indica"": 70.108, ""shorea robusta"": 542.002, ""syzygium cumini"": 5.093}",313.0,4.0,2.688305992159917,27.243067437368556,674906794.0,4.0,0.29089862502035463,5.040969363016884,78.0,4.0,136.25663089294642,120.21038558498277
20.935038_85.668127,20.935038,85.668127,DHENKANAL,KAMAKHYANAGAR,TULASIPASI,,16,8,5.730907282886638,6.652797783933518,7.2,8.0,0.1432427313192537,5,14.960564650638162,False,"{""buchanania lanzan"": 323.721, ""diospyros melanoxylon"": 1.989, ""madhuca indica"": 483.592, ""other"": 0.318, ""shorea robusta"": 240.722, ""syzygium cumini"": 133.77, ""tectona grandis"": 496.404}",338.0,4.0,2.798652400403641,12.73826065586418,-616233218.0,4.0,0.33102324546350953,12.73826065586418,78.0,4.0,136.25663089294642,234.57006709360348
20.967839_85.697164,20.967839,85.697164,DHENKANAL,KANKADAHAD,KANKANA,,17,8,8.05804017625866,8.083795404002966,13.62,28.0,0.6825394011381566,2,14.920775914865189,False,"{""casearia elliptica"": 0.669, ""diospyros melanoxylon"": 1.273, ""holarrhena antidysenterica"": 1.02, ""lagerstroemia parviflora"": 2.308, ""madhuca indica"": 507.727, ""shorea robusta"": 1102.944}",449.0,4.0,1.6852348831760722,19.397801432220962,41292793.0,4.0,0.29090377961585356,0.0753683360245959,58.0,4.0,27.689440380030103,19.053427115096003
20.968462_85.697621,20.968462,85.697621,DHENKANAL,KANKADAHAD,KANKANA,,16,8,2.699959726137737,2.782986847687739,3.02,2.5,0.0,3,5.451056800897415,False,"{""buchanania lanzan"": 20.372, ""combretum roxburghii"": 0.716, ""diospyros melanoxylon"": 49.02, ""gardenia gummifera"": 5.093, ""holarrhena antidysenterica"": 0.318, ""madhuca indica"": 122.072}",449.0,4.0,1.6852348831760722,2.7431854236386974,-451021392.0,4.0,0.2608102477900338,2.7431854236386974,,,,
20.96877_85.697427,20.96877,85.697427,DHENKANAL,KANKADAHAD,KANKANA,,20,14,9.760009268004517,10.37489462794084,10.0,2.5,0.792562956988677,2,16.9841060699494,False,"{""combretum roxburghii"": 389.93, ""diospyros melanoxylon"": 5.59, ""gardenia gummifera"": 0.716, ""madhuca indica"": 770.39, ""shorea robusta"": 4457.373}",450.0,4.0,2.8087252077780627,22.299289156522626,-2140876354.0,4.0,0.6119010107651626,18.258344318895023,58.0,4.0,27.689440380030103,122.16806258336325
20.969023_85.695805,20.969023,85.695805,DHENKANAL,KANKADAHAD,KANKANA,,16,8,5.929800611846925,5.977969949194682,6.26,53.0,0.0,2,26.14119940284381,False,"{""diospyros melanoxylon"": 19.178, ""eucalyptus spp"": 1802.509, ""madhuca indica"": 3362.148, ""phoneix spp"": 15.597, ""syzygium cumini"": 0.669}",442.0,4.0,2.1065412314633583,29.34036842658308,2051287793.0,4.0,0.7523360804074534,0.15374175831989487,,,,
20.970158_85.69672,20.970158,85.69672,DHENKANAL,KANKADAHAD,KANKANA,,11,8,7.018225126199166,7.019014315375369,7.0,23.0,0.0,4,28.170424927265476,False,"{""cassia fistula"": 103.132, ""chloroxylon swietenia"": 241.04, ""combretum roxburghii"": 0.318, ""diospyros melanoxylon"": 0.318, ""madhuca indica"": 4359.97, ""terminalia alata"": 2578.31}",447.0,4.0,1.936012675815778,13.997913625066683,1728809795.0,4.0,0.4514019759694137,3.5275543607627613,58.0,4.0,27.689440380030103,236.7105345688496
20.970671_85.695629,20.970671,85.695629,DHENKANAL,KANKADAHAD,KANKANA,,11,6,4.093387002886751,4.104862495017936,4.4,28.0,0.0,4,8.806573517751543,False,"{""azadirachta indica"": 25.783, ""cassia florid"": 127.324, ""combretum roxburghii"": 1.214, ""diospyros melanoxylon"": 30.113, ""madhuca indica"": 217.485}",444.0,4.0,2.03632311881382,13.688550288670358,1308700749.0,4.0,0.5416820430752021,13.688550288670358,58.0,4.0,27.689440380030103,203.9087500736675
20.971334_85.696502,20.971334,85.696502,DHENKANAL,KANKADAHAD,KANKANA,,15,6,4.335539262362724,6.024001912502988,5.8,28.0,0.0,3,17.98450856938417,False,"{""casearia elliptica"": 161.861, ""combretum roxburghii"": 368.046, ""diospyros melanoxylon"": 338.204, ""holarrhena antidysenterica"": 1.273, ""madhuca indica"": 989.944, ""nux vomica"": 580.916, ""terminalia arjuna"": 66.925}",447.0,4.0,1.936012675815778,3.1670725467793055,-89851000.0,4.0,0.38118389916033935,3.1670725467793055,58.0,4.0,27.689440380030103,251.36354023729848
20.972437_85.695593,20.972437,85.695593,DHENKANAL,KANKADAHAD,KANKANA,,10,4,7.582366589327148,8.400000000000002,5.7,18.0,0.0,3,15.517606951459795,False,"{""buchanania lanzan"": 31.831, ""diospyros melanoxylon"": 69.471, ""gardenia gummifera"": 11.459, ""holarrhena antidysenterica"": 17.905, ""madhuca indica"": 823.627, ""syzygium cumini"": 11.459, ""terminalia bellirica"": 97.482}",441.0,4.0,2.0764465292178214,20.886382490137276,-258146279.0,4.0,0.7824294737389005,10.339704758904759,58.0,4.0,27.689440380030103,154.70095822464864
21.018825_85.612578,21.018825,85.612578,DHENKANAL,KANKADAHAD,BALIKUMA,Balikurma,36,25,15.20670179388992,15.236155816993465,17.3,73.0,0.20951093198941995,11,15.979156286426292,False,"{""anacardium occidentale"": 267.699, ""buchanania lanzan"": 245.656, ""careya arborea"": 6.303, ""casearia elliptica"": 5.266, ""diospyros melanoxylon"": 2037.183, ""erythrina suberosa"": 0.497, ""holarrhena antidysenterica"": 1.989, ""lagerstroemia parviflora"": 149.765, ""lannea coromandelica"": 975.381, ""madhuca indica"": 45.837, ""pterocarpus marsupium"": 286.479, ""schleichera oleosa"": 76.474, ""shorea robusta"": 1598.134, ""terminalia alata"": 413.803, ""xylia xylocarpa"": 1517.463}",177.0,3.0,1.7051796679824882,2.70986825025544,-876377263.0,3.0,0.4012189794550637,2.70986825025544,47.0,3.0,123.97354941059328,90.91980932357423
21.018991_85.615656,21.018991,85.615656,DHENKANAL,KANKADAHAD,BALIKUMA,Balikurma,51,40,17.215504436487706,17.252651546636585,24.0,48.0,0.1607829157939128,13,17.984508569384175,False,"{""anacardium semecarpus"": 249.555, ""anogeissus latifolia"": 2006.944, ""bridelia squamosa/retusa"": 1099.124, ""buchanania lanzan"": 58.012, ""careya arborea"": 297.083, ""casearia elliptica"": 33.442, ""cleistanthus collinus"": 13.242, ""diospyros melanoxylon"": 899.688, ""lannea coromandelica"": 1283.505, ""madhuca indica"": 58.012, ""nux vomica"": 1353.533, ""pterocarpus marsupium"": 1865.376, ""shorea robusta"": 2161.089, ""terminalia alata"": 2061.454, ""terminalia bellirica"": 0.975}",199.0,3.0,1.103354772972596,27.692905723123054,-58047339.0,3.0,0.5717383192899261,15.489771325986522,47.0,3.0,123.97354941059328,203.47806391171252
21.019655_85.619941,21.019655,85.619941,DHENKANAL,KANKADAHAD,BALIKUMA,Balikurma,41,28,15.29434327063709,15.43099250848318,19.0,83.0,0.4644180038738509,9,16.81358291663666,False,"{""buchanania lanzan"": 111.249, ""combretum roxburghii"": 2.407, ""diospyros melanoxylon"": 26.101, ""erythrina suberosa"": 18.402, ""lannea coromandelica"": 206.981, ""madhuca indica"": 412.53, ""nux vomica"": 485.582, ""pterocarpus marsupium"": 347.674, ""shorea robusta"": 3973.482, ""terminalia alata"": 1138.356, ""terminalia bellirica"": 18.621, ""xylia xylocarpa"": 1814.446}",222.0,3.0,3.009158593948608,22.538093394568516,1120538878.0,3.0,0.22067164109214277,7.4619059784691055,47.0,3.0,123.97354941059328,466.7116130912145
21.019794_85.61085,21.019794,85.61085,DHENKANAL,KANKADAHAD,BALIKUMA,Balikurma,30,11,14.378499350558322,14.825926709162863,16.5,73.0,0.5330773181694178,7,15.423560848723675,False,"{""bridelia squamosa/retusa"": 11.459, ""buchanania lanzan"": 21.516, ""casearia elliptica"": 1.035, ""combretum roxburghii"": 3.939, ""diospyros melanoxylon"": 36.964, ""lagerstroemia parviflora"": 305.737, ""lannea coromandelica"": 249.555, ""madhuca indica"": 22.998, ""pterocarpus marsupium"": 585.77, ""shorea robusta"": 1458.575, ""termanalia chebula"": 15.597, ""terminalia alata"": 22.998}",170.0,3.0,2.90883284899446,14.517348565102521,-705799014.0,3.0,0.75228439343395,7.445506166669707,47.0,3.0,123.97354941059328,130.10050863198765
21.019849_85.61665,21.019849,85.61665,DHENKANAL,KANKADAHAD,BALIKUMA,Balikurma,55,41,16.414673371920223,16.47737176345117,21.5,78.0,0.18952273128238378,14,18.687119415716687,False,"{""anacardium occidentale"": 688.266, ""anogeissus latifolia"": 1971.074, ""antidesma acidum"": 46.155, ""bombax ceiba"": 305.896, ""bridelia squamosa/retusa"": 1246.581, ""buchanania lanzan"": 114.91, ""careya arborea"": 836.598, ""casearia elliptica"": 44.961, ""combretum roxburghii"": 6.829, ""diospyros melanoxylon"": 0.716, ""erythrina suberosa"": 405.527, ""lagerstroemia parviflora"": 163.373, ""lannea coromandelica"": 658.981, ""other"": 0.318, ""pterocarpus marsupium"": 3467.986, ""shorea robusta"": 2813.322, ""terminalia alata"": 2018.96, ""terminalia bellirica"": 53.794}",204.0,3.0,2.487564596850873,31.352390912328765,-1301813966.0,3.0,1.3541177900556094,1.3523907647580207,47.0,3.0,123.97354941059328,321.5652987351944
21.021416_85.610006,21.021416,85.610006,DHENKANAL,KANKADAHAD,BALIKUMA,Balikurma,21,8,13.280222455055304,13.324270601806264,15.62,58.0,0.0,5,29.76197435818443,False,"{""anacardium occidentale"": 588.555, ""anacardium semecarpus"": 6.446, ""buchanania lanzan"": 1.989, ""cassia fistula"": 588.555, ""combretum roxburghii"": 5.718, ""diospyros melanoxylon"": 2086.561, ""gmelina arborea"": 6.446, ""termanalia chebula"": 733.704, ""terminalia bellirica"": 1662.393}",173.0,3.0,1.5145989145791545,9.594482395354937,704204893.0,3.0,0.6519795156012247,9.594482333568696,47.0,3.0,123.97354941059328,122.93073573821584
21.02179_85.618937,21.02179,85.618937,DHENKANAL,KANKADAHAD,BALIKUMA,Balikurma,18,7,13.593771435989966,13.83617014587525,11.78,63.0,0.8813711790419819,3,19.280484534561033,False,"{""anacardium occidentale"": 15.597, ""arbor tristis"": 121.037, ""combretum roxburghii"": 2.586, ""diospyros melanoxylon"": 152.507, ""schefflera venulosa"": 0.497, ""shorea robusta"": 2285.246, ""terminalia bellirica"": 15.359}",215.0,3.0,2.748361023462276,21.789903007276454,1065294824.0,3.0,0.2307019093264075,1.7887759686344205,47.0,3.0,123.97354941059328,599.7697530327803
21.021861_85.613366,21.021861,85.613366,DHENKANAL,KANKADAHAD,BALIKUMA,Balikurma,33,13,16.491767795073297,17.11456893487619,19.4,43.0,0.4574958440380838,5,17.727412122851113,False,"{""anacardium occidentale"": 267.699, ""anacardium semecarpus"": 15.597, ""buchanania lanzan"": 197.75, ""casearia elliptica"": 11.618, ""cassia fistula"": 17.905, ""combretum roxburghii"": 17.905, ""diospyros melanoxylon"": 1007.132, ""holarrhena antidysenterica"": 1.273, ""lagerstroemia parviflora"": 11.459, ""lannea coromandelica"": 658.981, ""shorea robusta"": 1927.207, ""termanalia chebula"": 31.194, ""terminalia alata"": 15.597, ""terminalia bellirica"": 31.194}",192.0,3.0,2.9790530693295074,19.249850152061526,2051282329.0,3.0,0.7221944991549408,19.249850174333115,47.0,3.0,123.97354941059328,383.3882011940775
21.022286_85.61525,21.022286,85.61525,DHENKANAL,KANKADAHAD,BALIKUMA,Balikurma,26,9,15.42478356110267,15.757771499972835,18.119999999999997,48.0,0.02721952307053167,8,19.3815352920797,False,"{""anacardium occidentale"": 738.321, ""anogeissus latifolia"": 103.132, ""casearia elliptica"": 13.767, ""cassia fistula"": 249.555, ""combretum roxburghii"": 6.446, ""diospyros melanoxylon"": 490.913, ""holarrhena antidysenterica"": 0.318, ""ixora sp"": 5.093, ""lagerstroemia parviflora"": 15.597, ""lannea coromandelica"": 6.446, ""shorea robusta"": 81.806, ""syzygium cumini"": 6.446, ""termanalia chebula"": 338.204, ""terminalia alata"": 367.966, ""terminalia bellirica"": 581.393}",207.0,3.0,2.1966794758603654,1.9972039089062446,-492067278.0,3.0,0.3811587082771094,1.9972039089062446,47.0,3.0,123.97354941059328,480.88611043510974
21.023003_85.611504,21.023003,85.611504,DHENKANAL,KANKADAHAD,BALIKUMA,Balikurma,20,8,14.373930771645071,14.498657718120807,17.0,48.0,0.11960722772721162,6,25.544368366249202,False,"{""anacardium occidentale"": 733.386, ""anacardium semecarpus"": 595.001, ""bridelia squamosa/retusa"": 5.749, ""buchanania lanzan"": 21.088, ""combretum roxburghii"": 5.093, ""diospyros melanoxylon"": 419.632, ""shorea robusta"": 530.702, ""terminalia alata"": 336.215, ""terminalia bellirica"": 1790.175}",176.0,3.0,2.9589855614386544,3.18062357830337,-636722847.0,3.0,0.5717362236095628,3.18062357830337,47.0,3.0,123.97354941059328,152.25828626831648
21.023941_85.616045,21.023941,85.616045,DHENKANAL,KANKADAHAD,BALIKUMA,Balikurma,29,10,15.43706660981443,15.884228998849252,17.0,53.0,0.18683376281492742,7,20.81746655641991,False,"{""anacardium occidentale"": 6.446, ""anogeissus latifolia"": 216.451, ""bridelia squamosa/retusa"": 5.173, ""buchanania lanzan"": 843.601, ""combretum roxburghii"": 33.98, ""diospyros melanoxylon"": 484.866, ""holarrhena antidysenterica"": 22.52, ""lagerstroemia parviflora"": 15.597, ""madhuca indica"": 1145.756, ""shorea robusta"": 801.982, ""termanalia chebula"": 35.094, ""terminalia alata"": 15.597, ""terminalia bellirica"": 665.427}",208.0,3.0,2.908844524993889,0.4903086385210866,373264006.0,3.0,0.3610978048833506,0.49030863407197306,47.0,3.0,123.97354941059328,293.9520930947583
21.040585_85.690666,21.040585,85.690666,DHENKANAL,KANKADAHAD,NUA SAHI,Kampulei,16,5,19.89096746109479,20.630161783007125,18.0,28.0,0.38056371748830126,4,12.923381379061903,False,"{""buchanania lanzan"": 50.452, ""diospyros melanoxylon"": 0.637, ""holarrhena antidysenterica"": 6.127, ""madhuca indica"": 0.716, ""shorea robusta"": 278.282, ""terminalia alata"": 267.699, ""terminalia bellirica"": 127.324}",407.0,1.0,2.3472556682723256,29.559286431466052,-183524747.0,1.0,1.0331938683758137,10.440713636654355,36.0,1.0,16.25929596863886,26.788906426339206
21.041399_85.688028,21.041399,85.688028,DHENKANAL,KANKADAHAD,NUA SAHI,Kampulei,17,6,15.862085668811845,16.01619282750897,14.7,38.0,0.0012581702430155828,5,23.289673339114017,False,"{""anacardium occidentale"": 53.794, ""arbor tristis"": 6.446, ""casearia elliptica"": 11.22, ""combretum roxburghii"": 11.957, ""diospyros melanoxylon"": 45.837, ""holarrhena antidysenterica"": 1.989, ""shorea robusta"": 3.979, ""syzygium cumini"": 1577.623, ""termanalia chebula"": 861.028, ""terminalia bellirica"": 588.555}",386.0,5.0,2.5077476011866815,23.96444511411596,-1294339126.0,5.0,1.354184042193799,0.15642088558524847,29.0,5.0,85.39127225306812,32.543412501844784
21.043315_85.689977,21.043315,85.689977,DHENKANAL,KANKADAHAD,NUA SAHI,Kampulei,13,5,28.15037894318758,28.250037896013335,28.0,38.0,0.3973606495608003,4,15.024226627874919,False,"{""anogeissus latifolia"": 1.273, ""buchanania lanzan"": 103.132, ""chakunda"": 0.318, ""diospyros melanoxylon"": 0.637, ""holarrhena antidysenterica"": 0.318, ""madhuca indica"": 81.806, ""pterocarpus marsupium"": 447.623, ""shorea robusta"": 418.769}",395.0,2.0,2.8588338600691148,0.27079266408763886,2140419367.0,2.0,0.36111582594124464,0.27079266408763886,37.0,2.0,15.123216750931675,1.1042090134772495
21.043929_85.684979,21.043929,85.684979,DHENKANAL,KANKADAHAD,HADI SAHI,Kampulei,11,4,36.505743966523944,36.5699835476205,27.6,28.0,0.6304130984818997,2,19.973945358032864,False,"{""diospyros melanoxylon"": 0.637, ""holarrhena antidysenterica"": 0.844, ""madhuca indica"": 0.637, ""shorea robusta"": 824.82, ""terminalia alata"": 481.444}",367.0,5.0,1.4845831078303868,2.492675694839139,-1419332591.0,5.0,0.35108370209516565,2.492675694839139,29.0,5.0,85.39127225306812,140.16415728915155
21.044343_85.521868,21.044343,85.521868,DHENKANAL,KANKADAHAD,ADHAPALLI,Adhapalli,19,11,5.878453167682247,5.888571428571428,7.8,13.0,0.24762739396160166,7,8.739053238864072,False,"{""artocarpus heterophyllus"": 42.096, ""bombax ceiba"": 116.852, ""bridelia squamosa/retusa"": 0.399, ""diospyros melanoxylon"": 108.625, ""ficus benghalensis"": 62.389, ""holarrhena antidysenterica"": 0.788, ""shorea robusta"": 166.323, ""syzygium cumini"": 58.012, ""terminalia arjuna"": 116.183}",97.0,1.0,2.988863585279961,19.047013821710582,-602118557.0,1.0,0.5516356636796185,6.733988520397532,28.0,1.0,91.62097966992187,494.3075497358246
21.044772_85.519605,21.044772,85.519605,DHENKANAL,KANKADAHAD,ADHAPALLI,Adhapalli,25,17,6.351678543423419,6.372428838562227,8.2,8.0,0.12175495783507358,9,7.52709260269905,False,"{""acacia auriculiformis"": 31.831, ""aegle marmelos"": 0.396, ""anacardium occidentale"": 107.748, ""dalbergia sissoo"": 31.831, ""diospyros melanoxylon"": 130.666, ""ficus benghalensis"": 84.582, ""holarrhena antidysenterica"": 1.835, ""madhuca indica"": 35.094, ""mangifera indica"": 0.428, ""pongamia pinnata"": 80.93, ""shorea robusta"": 93.88, ""terminalia arjuna"": 171.838}",93.0,1.0,2.547551596124084,4.410658104693003,-1188665897.0,1.0,0.8324674703940833,4.410658104693003,28.0,1.0,91.62097966992187,731.9670360993305
21.045566_85.52362,21.045566,85.52362,DHENKANAL,KANKADAHAD,ADHAPALLI,Adhapalli,22,12,6.907993653417443,6.939235633764092,8.4,8.0,0.10109376421805312,7,7.798592211502871,False,"{""anacardium occidentale"": 42.096, ""anogeissus latifolia"": 0.425, ""azadirachta indica"": 0.396, ""diospyros melanoxylon"": 147.218, ""ficus benghalensis"": 146.934, ""lannea coromandelica"": 0.841, ""madhuca indica"": 95.127, ""pongamia pinnata"": 58.012, ""shorea robusta"": 59.26, ""tamarindus indica"": 0.399, ""terminalia alata"": 35.094, ""terminalia arjuna"": 0.389}",102.0,1.0,2.527496368369692,0.43494280860108325,-737409778.0,1.0,0.912707109076524,0.43494280860108325,28.0,1.0,91.62097966992187,346.5394195675026
21.046197_85.525567,21.046197,85.525567,DHENKANAL,KANKADAHAD,ADHAPALLI,Adhapalli,20,14,6.370278505348436,6.379749822987962,8.4,2.5,0.15402052842675196,11,7.821328631944572,False,"{""anacardium occidentale"": 42.096, ""anogeissus latifolia"": 45.837, ""azadirachta indica"": 49.736, ""bombax ceiba"": 92.272, ""bridelia squamosa/retusa"": 45.837, ""diospyros melanoxylon"": 0.403, ""holarrhena antidysenterica"": 0.425, ""madhuca indica"": 103.849, ""mangifera indica"": 42.096, ""psidium guajava"": 0.41, ""schleichera oleosa"": 49.736, ""shorea robusta"": 104.248, ""syzygium cumini"": 0.428, ""tamarindus indica"": 49.736, ""terminalia arjuna"": 49.736}",116.0,1.0,2.457293908688641,23.195767335164817,-206403310.0,1.0,0.351041915366488,1.5844110694995925,28.0,1.0,91.62097966992187,246.43872756060728
21.046237_85.520861,21.046237,85.520861,DHENKANAL,KANKADAHAD,ADHAPALLI,Adhapalli,11,6,9.38093060016091,9.415838773772352,10.6,8.0,0.1637610410321159,5,7.692488916108275,False,"{""anacardium occidentale"": 62.389, ""diospyros melanoxylon"": 88.718, ""psidium guajava"": 0.396, ""shorea robusta"": 46.232, ""syzygium cumini"": 42.096, ""terminalia arjuna"": 42.485}",92.0,1.0,2.557580732638666,30.52413035737508,1114222101.0,1.0,0.4513378856880515,2.6284968501001664,28.0,1.0,91.62097966992187,639.6482645559202
21.046252_85.683699,21.046252,85.683699,DHENKANAL,KANKADAHAD,NUA SAHI,Kampulei,17,8,26.597204171116207,26.640714976735616,29.2,53.0,0.24862236718295128,4,15.000353386411136,False,"{""anogeissus latifolia"": 718.187, ""casearia elliptica"": 0.318, ""diospyros melanoxylon"": 215.847, ""holarrhena antidysenterica"": 0.669, ""madhuca indica"": 0.318, ""phoneix spp"": 0.318, ""shorea robusta"": 430.196, ""terminalia alata"": 364.465}",358.0,5.0,2.236902839754283,12.494196521272395,-1830585765.0,5.0,0.601857010693203,11.622746465239738,29.0,5.0,85.39127225306812,70.73430792211977
21.047075_85.526962,21.047075,85.526962,DHENKANAL,KANKADAHAD,ADHAPALLI,Adhapalli,9,5,7.79939911347057,7.815947712418301,7.6,2.5,0.0,4,8.721690881435865,False,"{""anacardium occidentale"": 45.837, ""artocarpus heterophyllus"": 45.837, ""diospyros melanoxylon"": 131.223, ""emblica officinal"": 0.428, ""mangifera indica"": 81.88, ""psidium guajava"": 0.439, ""terminalia bellirica"": 0.399}",119.0,1.0,1.9056565317982168,4.271360947562202,1338733888.0,1.0,0.17050620258679383,4.271360947562202,28.0,1.0,91.62097966992187,317.99285032758183
21.047435_85.691744,21.047435,85.691744,DHENKANAL,KANKADAHAD,NUA SAHI,Kampulei,14,6,18.974618693032824,19.016199260264994,20.8,38.0,0.46857107625391986,3,18.83333493254095,False,"{""diospyros melanoxylon"": 0.318, ""holarrhena antidysenterica"": 1.472, ""pterocarpus marsupium"": 336.215, ""shorea robusta"": 798.302, ""terminalia alata"": 566.671, ""terminalia bellirica"": 0.716}",414.0,2.0,1.2739377163994092,8.685662817733547,1260236645.0,2.0,0.1705270859895959,5.173060346549705,26.0,2.0,36.56769963403175,60.506986742608284
21.047558_85.52488,21.047558,85.52488,DHENKANAL,KANKADAHAD,ADHAPALLI,Adhapalli,12,7,7.476053034161575,7.494470046082949,8.2,8.0,0.0,5,7.912274313711369,False,"{""anacardium occidentale"": 49.736, ""bridelia squamosa/retusa"": 1.259, ""butea monosperma"": 49.736, ""cassia fistula"": 0.439, ""diospyros melanoxylon"": 138.037, ""mangifera indica"": 45.837, ""terminalia arjuna"": 62.389, ""terminalia bellirica"": 0.358}",115.0,1.0,2.206547873686721,37.17968165431439,2026281647.0,1.0,0.4613690857850753,0.2605810159012283,28.0,1.0,91.62097966992187,413.1522969412054
21.047646_85.527402,21.047646,85.527402,DHENKANAL,KANKADAHAD,ADHAPALLI,Adhapalli,11,7,6.719976114086072,6.731429897864438,7.4,2.5,0.0,6,7.821328631944572,False,"{""anacardium occidentale"": 45.837, ""anacardium semecarpus"": 35.094, ""artocarpus heterophyllus"": 45.837, ""diospyros melanoxylon"": 50.125, ""gmelina arborea"": 0.522, ""mangifera indica"": 117.009, ""psidium guajava"": 49.736, ""terminalia bellirica"": 0.392}",125.0,1.0,2.878548799657004,11.070907883025981,69220607.0,1.0,0.8023824928526083,0.6731822654664571,28.0,1.0,91.62097966992187,384.7974390517016
21.047655_85.526258,21.047655,85.526258,DHENKANAL,KANKADAHAD,ADHAPALLI,Adhapalli,13,8,8.182087863447416,8.203141361256545,8.6,8.0,0.0,5,7.758803475729898,False,"{""anacardium occidentale"": 49.736, ""bridelia squamosa/retusa"": 0.368, ""diospyros melanoxylon"": 141.568, ""emblica officinal"": 0.368, ""mangifera indica"": 45.837, ""psidium guajava"": 0.399, ""tamarindus indica"": 58.012, ""termanalia chebula"": 0.775, ""terminalia arjuna"": 84.83, ""terminalia bellirica"": 0.364}",120.0,1.0,1.5746741490015048,22.4946977909965,1811962514.0,1.0,0.18053588029913042,0.8464074340831778,28.0,1.0,91.62097966992187,383.98444266824237
21.048412_85.523557,21.048412,85.523557,DHENKANAL,KANKADAHAD,ADHAPALLI,Adhapalli,13,7,6.837801610454561,6.857779980178395,7.4,2.5,0.002642289698366657,7,7.639437268410977,False,"{""bombax ceiba"": 0.841, ""diospyros melanoxylon"": 50.6, ""ficus benghalensis"": 45.837, ""mangifera indica"": 49.736, ""pongamia pinnata"": 42.096, ""shorea robusta"": 0.857, ""syzygium cumini"": 42.096, ""tamarindus indica"": 45.837, ""terminalia arjuna"": 46.303}",107.0,1.0,2.7782412395747214,1.8799576497741752,1205339263.0,1.0,0.35104113256206254,1.8799576497741752,28.0,1.0,91.62097966992187,564.3952557413785
21.048834_85.524919,21.048834,85.524919,DHENKANAL,KANKADAHAD,ADHAPALLI,Adhapalli,11,7,8.312693681278077,8.331584948688711,8.6,2.5,0.2506852270832697,5,7.957747154594766,False,"{""anacardium semecarpus"": 0.368, ""bombax ceiba"": 49.736, ""cassia fistula"": 0.439, ""diospyros melanoxylon"": 49.736, ""gmelina arborea"": 0.55, ""mangifera indica"": 49.736, ""psidium guajava"": 0.466, ""shorea robusta"": 87.933, ""terminalia arjuna"": 111.806}",113.0,1.0,2.9988982951807035,26.248342672358557,-573669619.0,1.0,2.0159813811016436,24.968238667082314,28.0,1.0,91.62097966992187,542.3283783388929
21.049949_85.690852,21.049949,85.690852,DHENKANAL,KANKADAHAD,NUA SAHI,Kampulei,18,10,18.076680005649457,18.52395117051688,21.4,63.0,0.16847606044913138,6,15.469860468532227,False,"{""anogeissus acuminata"": 17.905, ""diospyros melanoxylon"": 749.62, ""holarrhena antidysenterica"": 3.183, ""lagerstroemia parviflora"": 305.896, ""pterocarpus marsupium"": 367.966, ""shorea robusta"": 355.97, ""terminalia alata"": 240.722, ""terminalia bellirica"": 71.62}",405.0,2.0,2.7685536462402,11.723427664842921,180124112.0,2.0,0.32099178336984335,11.723427664842921,26.0,2.0,36.56769963403175,75.57662024961098
21.050477_85.686889,21.050477,85.686889,DHENKANAL,KANKADAHAD,NUA SAHI,Kampulei,13,7,17.990523570005614,19.41039801942487,21.6,58.0,0.3199753458731854,3,16.00643999095633,False,"{""diospyros melanoxylon"": 50.054, ""holarrhena antidysenterica"": 0.497, ""pterocarpus marsupium"": 574.947, ""shorea robusta"": 578.369, ""terminalia alata"": 585.77, ""terminalia bellirica"": 17.905}",363.0,5.0,2.8287298359097583,5.707037230652144,-317228429.0,5.0,0.40123860394024435,5.707037230652144,29.0,5.0,85.39127225306812,156.3895858202197
21.052047_85.690007,21.052047,85.690007,DHENKANAL,KANKADAHAD,NUA SAHI,Kampulei,15,5,18.60928541882768,21.980716671727908,18.8,83.0,0.6660629625622849,3,10.822536130248883,False,"{""anogeissus latifolia"": 103.132, ""casearia elliptica"": 0.458, ""diospyros melanoxylon"": 1.035, ""holarrhena antidysenterica"": 0.637, ""pterocarpus marsupium"": 49.736, ""shorea robusta"": 416.452, ""terminalia alata"": 53.794}",399.0,2.0,1.8156083149534734,6.833720464179632,-647017183.0,2.0,0.4814874792804351,6.833720464179632,26.0,2.0,36.56769963403175,3.134602941839828
21.074972_85.389524,21.074972,85.389524,DHENKANAL,KANKADAHAD,MAHABIR ROAD,Mahabirod,28,21,11.029249143101973,12.946456692913385,17.0,23.0,0.903598971722365,3,8.715627835984744,False,"{""buchanania lanzan"": 71.62, ""diospyros melanoxylon"": 71.62, ""shorea robusta"": 1342.631}",62.0,5.0,1.985662562651955,0.7063581115984348,-707328341.0,5.0,0.6719162168173944,0.7063578681442985,21.0,5.0,54.091689119999124,500.00711241046804
21.075714_85.392354,21.075714,85.392354,DHENKANAL,KANKADAHAD,KANKADAHAD,Mahabirod,19,13,15.5566237464657,17.971142019112506,22.0,58.0,0.6525497853989951,4,8.741279182124098,False,"{""buchanania lanzan"": 75.519, ""diospyros melanoxylon"": 216.212, ""madhuca indica"": 46.553, ""other"": 1.532, ""shorea robusta"": 638.211}",75.0,5.0,1.1934062521768645,20.299703462806935,1553378209.0,5.0,0.7020037227180034,20.299703462806935,21.0,5.0,54.091689119999124,370.85957004823865
21.076582_85.388847,21.076582,85.388847,DHENKANAL,KANKADAHAD,BURUGI BHUIN,Mahabirod,38,25,15.411150644604605,16.023778071334213,22.0,13.0,0.9682773322505329,1,8.721690881435864,False,"{""chloroxylon swietenia"": 49.736, ""shorea robusta"": 1518.099}",59.0,5.0,2.4570049141276966,16.903611752290995,1866471034.0,5.0,0.8524300840453656,10.344999368420297,21.0,5.0,54.091689119999124,360.6799684754277
21.077312_85.39015,21.077312,85.39015,DHENKANAL,KANKADAHAD,BURUGI BHUIN,Mahabirod,36,32,13.567694507276684,13.585470085470083,21.0,8.0,0.9178438820366182,3,8.554578191189375,False,"{""buchanania lanzan"": 121.356, ""diospyros melanoxylon"": 31.831, ""shorea robusta"": 1711.393}",71.0,5.0,2.3466952636798157,10.081682339895321,-428700153.0,5.0,0.47134440660144145,10.081682339895321,21.0,5.0,54.091689119999124,233.0336962291691
21.077442_85.388795,21.077442,85.388795,DHENKANAL,KANKADAHAD,BURUGI BHUIN,Mahabirod,30,29,22.77771015322927,22.923365967653933,21.0,48.0,0.467840265133692,4,12.89703849192945,False,"{""diospyros melanoxylon"": 1275.229, ""gardenia gummifera"": 286.479, ""madhuca indica"": 2578.31, ""shorea robusta"": 3639.635}",58.0,5.0,2.7879466917943705,4.94953924942727,-192976436.0,5.0,0.5916869343571161,4.94953924942727,21.0,5.0,54.091689119999124,273.694853572174
21.077809_85.392112,21.077809,85.392112,DHENKANAL,KANKADAHAD,BURUGI BHUIN,Mahabirod,21,18,29.722572451099364,29.74150256341486,36.0,73.0,0.1031078384993521,8,17.736934213463446,False,"{""anogeissus latifolia"": 813.361, ""bauhinia vahlii"": 20.372, ""buchanania lanzan"": 169.023, ""cleistanthus collinus"": 38.515, ""combretum roxburghii"": 58.012, ""diospyros melanoxylon"": 5372.514, ""gardenia turgida"": 20.372, ""schleichera oleosa"": 447.942, ""shorea robusta"": 797.844}",80.0,5.0,1.7349537863824036,2.0635072121524227,576096629.0,5.0,0.4713454034544989,2.0635072121524227,21.0,5.0,54.091689119999124,138.2762638056756
21.078879_85.387094,21.078879,85.387094,DHENKANAL,KANKADAHAD,BURUGI BHUIN,Mahabirod,26,25,20.21003336780071,20.230789747758273,25.4,78.0,0.9003216249992071,4,11.420958716274408,False,"{""anogeissus latifolia"": 20.372, ""buchanania lanzan"": 212.392, ""diospyros melanoxylon"": 76.474, ""gardenia gummifera"": 3.362, ""shorea robusta"": 2823.488}",52.0,5.0,2.7077134072550324,4.208750971686123,2101322326.0,5.0,0.431228580772043,4.208750971686123,21.0,5.0,54.091689119999124,211.6873972689661
21.078934_85.390421,21.078934,85.390421,DHENKANAL,KANKADAHAD,BURUGI BHUIN,Mahabirod,11,9,45.516453831041254,46.21150296802514,47.2,78.0,0.07902750491159137,5,14.041002757218322,False,"{""anogeissus latifolia"": 1000.289, ""casearia elliptica"": 200.217, ""cleistanthus collinus"": 42.096, ""schleichera oleosa"": 249.555, ""shorea robusta"": 128.04}",64.0,5.0,2.5773481488854926,10.054826932878063,1612415660.0,5.0,0.7320877368180104,10.054826932878063,21.0,5.0,54.091689119999124,58.490493805509516
21.079134_85.389512,21.079134,85.389512,DHENKANAL,KANKADAHAD,BURUGI BHUIN,Mahabirod,12,10,23.860268829727467,24.052092689060533,26.8,78.0,0.20186892838058176,5,23.65042454345565,False,"{""anogeissus latifolia"": 642.986, ""cleistanthus collinus"": 45.837, ""dendrocalamus strictus"": 2.865, ""diospyros melanoxylon"": 2812.586, ""gmelina arborea"": 707.046, ""schleichera oleosa"": 424.068, ""shorea robusta"": 1172.415}",65.0,5.0,2.0658905679294017,18.98484231060325,-1225564013.0,5.0,0.4412581460571805,8.521068166580644,21.0,5.0,54.091689119999124,73.19139372907159
21.106127_85.565469,21.106127,85.565469,DHENKANAL,KANKADAHAD,BALI SAHI,Kerijoli,22,7,13.213614305911122,13.462439024390246,13.6,23.0,0.9063467196515226,2,18.87122896661045,False,"{""diospyros melanoxylon"": 181.277, ""phoenix acaulis"": 1.989, ""schleichera oleosa"": 11.777, ""shorea robusta"": 1887.578}",151.0,1.0,2.647917375898263,34.9277061317518,1545859948.0,1.0,1.2136288272622657,21.280840425215224,15.0,1.0,11.123269547469132,32.138173491586464
21.106491_85.565027,21.106491,85.565027,DHENKANAL,KANKADAHAD,BALI SAHI,Kerijoli,30,9,14.197396698417005,14.498266897746966,17.6,23.0,0.9194942544320532,2,17.68388256576615,False,"{""diospyros melanoxylon"": 187.723, ""holarrhena antidysenterica"": 1.273, ""shorea robusta"": 2158.618}",151.0,1.0,2.647917375898263,15.541920643074645,-590524323.0,1.0,0.16047973663792958,0.6235301468204195,15.0,1.0,11.123269547469132,13.754146797602683
21.107106_85.56567,21.107106,85.56567,DHENKANAL,KANKADAHAD,BALI SAHI,Kerijoli,25,9,21.40606226972159,21.836887206058194,25.0,33.0,0.8606983383354072,2,20.44256824602567,False,"{""diospyros melanoxylon"": 426.694, ""holarrhena antidysenterica"": 7.082, ""shorea robusta"": 2807.016, ""syzygium cumini"": 1.989, ""terminalia arjuna"": 18.542}",149.0,1.0,2.8184256962098284,4.41122835637844,159962814.0,1.0,0.49146942352939377,4.41122835637844,15.0,1.0,11.123269547469132,102.88321699584893
21.10777_85.564995,21.10777,85.564995,DHENKANAL,KANKADAHAD,BALI SAHI,Kerijoli,28,15,22.34550114644602,22.397973054011914,32.2,33.0,0.9744990529358989,2,17.65558835366092,False,"{""diospyros melanoxylon"": 101.78, ""shorea robusta"": 3889.428}",149.0,1.0,2.8184256962098284,2.670403397671725,1748362071.0,1.0,0.26077951594006765,2.670403397671725,15.0,1.0,11.123269547469132,73.647943474327
21.108009_85.565539,21.108009,85.565539,DHENKANAL,KANKADAHAD,BALI SAHI,Kerijoli,24,9,30.635896252538302,31.149714393173646,36.0,33.0,0.6398606239616023,3,20.90234919273559,False,"{""butea monosperma"": 0.318, ""diospyros melanoxylon"": 12.812, ""ficus benghalensis"": 733.704, ""madhuca indica"": 1.273, ""mangifera indica"": 7.958, ""psidium guajava"": 15.597, ""schleichera oleosa"": 447.623, ""shorea robusta"": 2206.604, ""syzygium cumini"": 22.68}",149.0,1.0,2.8184256962098284,4.077991897103874,-1180146132.0,1.0,0.3309896006994234,4.077991897103874,15.0,1.0,11.123269547469132,44.42095486448666
21.108207_85.564337,21.108207,85.564337,DHENKANAL,KANKADAHAD,BALI SAHI,Kerijoli,30,13,17.410669184468315,17.4739336492891,20.6,33.0,0.8257287855541131,3,17.629470619409947,False,"{""anacardium occidentale"": 97.482, ""diospyros melanoxylon"": 488.765, ""madhuca indica"": 1.273, ""shorea robusta"": 2783.779}",146.0,1.0,2.928753746327257,28.211286418041926,-1324580155.0,1.0,0.2306895022643555,9.414276687145671,15.0,1.0,11.123269547469132,65.28154442038938
21.108502_85.564922,21.108502,85.564922,DHENKANAL,KANKADAHAD,BALI SAHI,Kerijoli,18,7,18.128130870381963,18.31179530511473,19.6,28.0,0.9959820496764766,1,23.14567600964992,False,"{""diospyros melanoxylon"": 6.446, ""holarrhena antidysenterica"": 5.809, ""shorea robusta"": 3037.79}",146.0,1.0,2.928753746327257,19.600004208282737,369831529.0,1.0,0.9327882035111524,0.4775549815359206,15.0,1.0,11.123269547469132,99.34085629104659
21.109137_85.564208,21.109137,85.564208,DHENKANAL,KANKADAHAD,BALI SAHI,Kerijoli,16,6,17.083709057154223,17.272930648769577,14.8,28.0,0.9037704990496397,2,18.568076694054458,False,"{""diospyros melanoxylon"": 173.24, ""shorea robusta"": 1627.041}",146.0,1.0,2.928753746327257,19.29042640959666,1077811284.0,1.0,0.2808392984519983,6.943320026468171,15.0,1.0,11.123269547469132,94.1198200590496
21.109653_85.563835,21.109653,85.563835,DHENKANAL,KANKADAHAD,BALI SAHI,Kerijoli,18,8,12.563548839581742,12.777597402597403,14.8,23.0,0.7887018617699568,3,19.098593171027442,False,"{""diospyros melanoxylon"": 176.185, ""holarrhena antidysenterica"": 7.082, ""shorea robusta"": 1968.747, ""terminalia bellirica"": 344.173}",140.0,1.0,1.8053942991501921,11.76166131109077,529253128.0,1.0,0.2306893182818266,10.986789953281747,15.0,1.0,11.123269547469132,81.6300385347106
21.110522_85.56385,21.110522,85.56385,DHENKANAL,KANKADAHAD,BALI SAHI,Kerijoli,22,8,14.249313122996856,14.567771084337346,15.0,23.0,0.8859125525596165,3,19.49648052875718,False,"{""diospyros melanoxylon"": 54.988, ""holarrhena antidysenterica"": 13.051, ""mangifera indica"": 240.722, ""shorea robusta"": 2397.59}",142.0,2.0,2.03608395629244,11.139602016457994,-2010122160.0,2.0,0.9327870659949158,11.139602016457994,14.0,2.0,28.780815142981016,12.490042541370507
21.154502_85.365229,21.154502,85.365229,DHENKANAL,KANKADAHAD,RAIJHARANA,Pangatira,24,18,12.067473539536556,12.249859688050641,12.4,83.0,0.04896470225556184,5,11.936620731892152,False,"{""buchanania lanzan"": 182.153, ""diospyros melanoxylon"": 26.181, ""lannea coromandelica"": 663.517, ""madhuca indica"": 46.473, ""shorea robusta"": 303.349, ""syzygium cumini"": 4973.592}",24.0,2.0,1.8050900773517118,26.50530928597222,847060564.0,2.0,1.213421843306589,1.0147545201341812,5.0,2.0,60.138391232169596,68.87581524889713
21.155752_85.365857,21.155752,85.365857,DHENKANAL,KANKADAHAD,RAIJHARANA,Pangatira,27,20,8.44576833063423,9.56060004669624,14.0,68.0,0.14330461622812585,8,15.78817035471602,False,"{""buchanania lanzan"": 169.023, ""cassia florid"": 1184.431, ""chloroxylon swietenia"": 534.204, ""diospyros melanoxylon"": 459.898, ""ficus benghalensis"": 2933.544, ""lannea coromandelica"": 1412.102, ""madhuca indica"": 0.816, ""shorea robusta"": 1123.156, ""terminalia bellirica"": 20.372}",19.0,2.0,2.4769822252804223,1.271498046641311,-196250896.0,2.0,0.5615834139158974,1.271498046641311,5.0,2.0,60.138391232169596,178.91618255319386
21.156085_85.364999,21.156085,85.364999,DHENKANAL,KANKADAHAD,RAIJHARANA,Pangatira,26,22,16.19180733221304,16.479229211757318,17.4,8.0,0.8553791282279914,6,8.883739550765794,False,"{""buchanania lanzan"": 79.577, ""chloroxylon swietenia"": 84.352, ""diospyros melanoxylon"": 57.614, ""shorea robusta"": 1984.821, ""terminalia alata"": 64.299, ""terminalia bellirica"": 49.736}",20.0,2.0,2.8079150307666754,44.06891287900037,-746812811.0,2.0,0.7120071434751644,23.759968506679424,5.0,2.0,60.138391232169596,97.88787508921264
21.156_85.367028,21.156,85.367028,DHENKANAL,KANKADAHAD,RAIJHARANA,Pangatira,21,16,9.774115702829539,9.776047130127042,11.4,88.0,0.7420256999692788,4,19.914262254373405,False,"{""anacardium occidentale"": 0.637, ""buchanania lanzan"": 23.635, ""diospyros melanoxylon"": 297.779, ""shorea robusta"": 5574.004, ""syzygium cumini"": 0.318, ""terminalia alata"": 1615.502}",31.0,2.0,2.1460530794642545,5.067539307952137,816858291.0,2.0,0.4312164448411927,5.067539307952137,5.0,2.0,60.138391232169596,169.74274962689557
21.157913_85.365213,21.157913,85.365213,DHENKANAL,KANKADAHAD,RAIJHARANA,Pangatira,20,16,9.246429792429794,9.250970318040935,10.2,68.0,0.02871794871794872,5,12.752289815238115,False,"{""buchanania lanzan"": 0.497, ""diospyros melanoxylon"": 1046.682, ""lannea coromandelica"": 412.609, ""madhuca indica"": 52.044, ""shorea robusta"": 81.885, ""terminalia alata"": 1257.642}",22.0,2.0,1.2134204728772386,10.723825447699392,-1789416403.0,2.0,0.5014133708589651,8.65796461742522,5.0,2.0,60.138391232169596,179.1672100243768
21.158187_85.36696,21.158187,85.36696,DHENKANAL,KANKADAHAD,RAIJHARANA,Pangatira,19,14,10.0648118202772,10.244733493567082,10.8,78.0,0.9335678010057332,4,26.169619928395935,False,"{""anogeissus latifolia"": 57.614, ""buchanania lanzan"": 76.335, ""diospyros melanoxylon"": 568.661, ""madhuca indica"": 0.816, ""shorea robusta"": 13392.172, ""terminalia alata"": 249.555}",34.0,2.0,2.657495905138245,3.786367696350959,-1050389365.0,2.0,0.7721779793074468,3.786367696350959,5.0,2.0,60.138391232169596,342.1827582200841
21.158748_85.364022,21.158748,85.364022,DHENKANAL,KANKADAHAD,RAIJHARANA,Pangatira,24,14,14.024296478648514,14.111191241067328,11.8,58.0,0.5791766797569506,5,14.846882548429665,False,"{""buchanania lanzan"": 8.773, ""diospyros melanoxylon"": 58.907, ""lannea coromandelica"": 2392.735, ""madhuca indica"": 49.736, ""shorea robusta"": 3538.492, ""terminalia alata"": 60.877}",16.0,2.0,2.737715078912621,2.0092574943998187,127548378.0,2.0,0.6618652749272099,2.0092574943998187,5.0,2.0,60.138391232169596,80.30938396851995
21.15983_85.365755,21.15983,85.365755,DHENKANAL,KANKADAHAD,RAIJHARANA,Pangatira,10,8,12.655900229426674,12.65781253754295,12.2,88.0,0.6486048215637049,3,27.533805154897895,False,"{""buchanania lanzan"": 0.318, ""diospyros melanoxylon"": 1042.226, ""lannea coromandelica"": 1285.415, ""shorea robusta"": 4296.945}",17.0,2.0,2.637432383844354,9.693892025866907,-1185879640.0,2.0,0.16045230279078648,9.693892025866907,5.0,2.0,60.138391232169596,246.7806168704561
21.160104_85.363229,21.160104,85.363229,DHENKANAL,KANKADAHAD,RAIJHARANA,Pangatira,23,15,15.977987902450012,16.086428854987805,11.0,68.0,0.05291387651864608,6,10.292019653275897,False,"{""anacardium occidentale"": 22.998, ""diospyros melanoxylon"": 44.404, ""lannea coromandelica"": 3807.623, ""madhuca indica"": 70.287, ""shorea robusta"": 224.329, ""syzygium cumini"": 1.035, ""terminalia alata"": 68.835}",5.0,2.0,1.3337559623021198,4.370357835720196,1774670537.0,2.0,0.6418076167875434,4.370357835720196,5.0,2.0,60.138391232169596,47.75241533972755
21.161816_85.365742,21.161816,85.365742,DHENKANAL,KANKADAHAD,RAIJHARANA,Pangatira,6,4,13.664723668214831,13.669452413621054,10.8,68.0,0.9747825815903495,2,23.077466748324827,False,"{""diospyros melanoxylon"": 63.662, ""emblica officinal"": 0.716, ""shorea robusta"": 2488.547}",23.0,2.0,2.9382823988170967,28.231356917003293,392362189.0,2.0,0.9025436606957473,0.21723556098546393,5.0,2.0,60.138391232169596,120.29252200379021
21.574184_85.390018,21.574184,85.390018,KENDUJHAR,BANSPAL,BHANRADI SAHI,,23,0,0.16069242310577642,,0.19,2.5,0.06001500375093774,0,,True,"{""dioscorea bulbifera"": 0.318, ""diospyros melanoxylon"": 0.637, ""holarrhena antidysenterica"": 6.151, ""indigofera cassioides"": 0.318, ""jasminum arborescens"": 0.318, ""pongamia pinnata"": 1.592, ""shorea robusta"": 0.637, ""tamarindus indica"": 0.637}",25.0,3.0,2.2061294447031696,23.985991296708004,-1323585065.0,3.0,0.501393120540169,7.624889857984723,96.0,3.0,7.580680491302742,53.9797220844789
21.574526_85.389458,21.574526,85.389458,KENDUJHAR,BANSPAL,BHANRADI SAHI,,15,2,2.4402926829268283,2.5,2.68,63.0,0.48390243902439,2,7.002817496043395,False,"{""acacia catechu"": 0.318, ""haldina cordifolia"": 0.318, ""shorea robusta"": 39.47, ""termanalia chebula"": 41.46}",15.0,3.0,2.898048610991735,6.087986716792636,476273567.0,3.0,0.4813369773150357,6.087986716792636,96.0,3.0,7.580680491302742,16.900381166925932
21.574774_85.38847,21.574774,85.38847,KENDUJHAR,BANSPAL,BHANRADI SAHI,,12,0,2.729964722340491,,3.1399999999999997,2.5,0.006082355087890032,0,,True,"{""casearia elliptica"": 21.088, ""cleistanthus collinus"": 24.908, ""dhudur nai"": 1.273, ""diospyros melanoxylon"": 0.318, ""gardenia turgida"": 1.404, ""holarrhena antidysenterica"": 0.716, ""jasminum arborescens"": 0.318, ""shorea robusta"": 0.318, ""termanalia chebula"": 1.273, ""woodfordia fruticosa"": 0.716}",15.0,3.0,2.898048610991735,5.397197422009035,-168129062.0,3.0,1.0328682922227117,5.397197422009035,96.0,3.0,7.580680491302742,7.166404145364999
21.574844_85.390232,21.574844,85.390232,KENDUJHAR,BANSPAL,JAKARBANDHA SAHI,,12,1,7.951991295987043,8.0,3.2399999999999998,63.0,0.006528009716107482,1,44.563384065730695,False,"{""azadirachta indica"": 0.318, ""haldina cordifolia"": 0.318, ""oroxylum indicum"": 0.318, ""other"": 0.637, ""shorea robusta"": 10.265, ""sterculia urens"": 0.318, ""termanalia chebula"": 0.637, ""terminalia bellirica"": 1559.718}",23.0,1.0,2.727577616881046,8.441990288702073,1375269580.0,1.0,0.3509750870813843,1.5580094966411513,88.0,1.0,15.309556270311242,10.590505626714165
21.575176_85.390956,21.575176,85.390956,KENDUJHAR,BANSPAL,BHANRADI SAHI,,30,11,4.02185476815398,4.719880904046555,4.96,8.0,0.10684601924759406,5,7.899872629834078,False,"{""cipadessa baccifera"": 0.318, ""diospyros melanoxylon"": 0.637, ""holarrhena antidysenterica"": 156.131, ""mimosa pudica"": 0.318, ""other"": 153.425, ""pogostemon benghalense"": 0.637, ""schleichera oleosa"": 0.318, ""shorea robusta"": 77.747, ""tamarindus indica"": 0.637, ""termanalia chebula"": 22.998, ""terminalia bellirica"": 313.535, ""unidentified climber"": 0.637, ""woodfordia fruticosa"": 0.318}",42.0,2.0,2.657386701258771,6.447932247013349,-425194348.0,2.0,0.5415050732242203,4.706686576015113,90.0,2.0,2.6722263792229515,7.20080475498236
21.57564_85.38927,21.57564,85.38927,KENDUJHAR,BANSPAL,BHANRADI SAHI,,20,6,7.020603324440797,7.026626124830504,8.0,73.0,0.0,1,16.233804195373324,False,"{""pogostemon benghalense"": 2.228, ""termanalia chebula"": 3875.582}",23.0,1.0,2.727577616881046,29.759580319378166,-1744143076.0,1.0,0.5916432866890395,26.061988496313898,88.0,1.0,15.309556270311242,26.739513024676082
21.575764_85.387851,21.575764,85.387851,KENDUJHAR,BANSPAL,BHANRADI SAHI,,13,4,18.09823608213183,19.861677602411778,17.72,38.0,0.619754926654388,2,11.538733374162412,False,"{""euphorbia royleana"": 186.927, ""holarrhena antidysenterica"": 2.054, ""other"": 0.716, ""ougeinia oogeinsis"": 0.716, ""shorea robusta"": 310.352}",10.0,1.0,2.8077950267995337,3.9540737325780357,1793653335.0,1.0,0.22061242568653916,3.9540737325780357,88.0,1.0,15.309556270311242,44.6716476165522
21.614841_85.407242,21.614841,85.407242,KENDUJHAR,BANSPAL,BHANRADI SAHI,,18,2,9.500829762368522,9.557692307692307,5.0600000000000005,83.0,0.0024931827035449927,2,35.65070725258456,False,"{""bridelia squamosa/retusa"": 1.91, ""mangifera indica"": 1263.372, ""other"": 764.262, ""pogostemon benghalense"": 2.228, ""shorea robusta"": 5.093, ""termanalia chebula"": 5.889}",173.0,3.0,2.015616242379211,13.420687848784594,-648409763.0,3.0,0.5615650208504847,13.420687848784594,,,,
21.6178_85.381345,21.6178,85.381345,KENDUJHAR,BANSPAL,TUNKULSAHI,,17,0,0.7566037735849059,,1.0239999999999998,18.0,0.0,0,,True,"{""azadirachta indica"": 0.318, ""diospyros melanoxylon"": 5.252, ""paederia foetida"": 1.91, ""pogostemon benghalense"": 0.637, ""syzygium cumini"": 0.318}",,,,,,,,,,,,
21.618997_85.379154,21.618997,85.379154,KENDUJHAR,BANSPAL,TUNKULSAHI,,21,1,14.97533550561439,15.0,4.072000000000001,63.0,0.0,1,79.57747154594767,False,"{""aegle marmelos"": 0.637, ""azadirachta indica"": 0.637, ""cipadessa baccifera"": 0.318, ""diospyros melanoxylon"": 0.318, ""other"": 0.318, ""pogostemon benghalense"": 0.637, ""psidium guajava"": 1.035, ""schleichera oleosa"": 4973.592, ""stereospermum colais"": 3.979, ""woodfordia fruticosa"": 0.637}",,,,,,,,,,,,
21.621938_85.383944,21.621938,85.383944,KENDUJHAR,BANSPAL,TUNKULSAHI,,8,0,0.8264711359404098,,0.5960000000000001,2.5,0.0,0,,True,"{""azadirachta indica"": 0.497, ""diospyros melanoxylon"": 0.318, ""mangifera indica"": 0.716, ""psidium guajava"": 0.955, ""vitex negundo"": 18.88}",,,,,,,,,,,,
21.62195_85.383933,21.62195,85.383933,KENDUJHAR,BANSPAL,TUNKULSAHI,,19,4,12.528477257839086,12.654850902861355,11.499999999999998,23.0,0.0,2,15.032184375029516,False,"{""diospyros melanoxylon"": 6.525, ""holarrhena antidysenterica"": 4.934, ""mangifera indica"": 1604.6, ""other"": 64.494, ""pogostemon benghalense"": 0.318, ""tamarindus indica"": 0.637, ""woodfordia fruticosa"": 0.955}",,,,,,,,,,,,
